reaction	linear_coefficient
MAR03905	[np.float64(7.456973094148011e-05)]
MAR03907	[np.float64(7.456973094148011e-05)]
MAR04097	[np.float64(7.456973094148011e-05)]
MAR04099	[np.float64(7.456973094148011e-05)]
MAR04108	[np.float64(7.456973094148011e-05)]
MAR04133	[np.float64(7.456973094148011e-05)]
MAR04281	[2.8841287887561833e-05]
MAR04388	[2.8841287887561833e-05]
MAR04283	[2.9412127499088146e-05]
MAR08357	[np.float64(7.456973094148011e-05)]
MAR04379	[3.0767266659768484e-05]
MAR04301	[3.0767266659768484e-05]
MAR04355	[np.float64(7.456973094148011e-05)]
MAR04358	[2.8841287887561833e-05]
MAR04360	[np.float64(7.456973094148011e-05)]
MAR04363	[2.8841287887561833e-05]
MAR04365	[2.8841287887561833e-05]
MAR04368	[2.9129095096648e-05]
MAR04370	[np.float64(7.456973094148011e-05)]
MAR04371	[2.8841287887561833e-05]
MAR04372	[np.float64(7.456973094148011e-05)]
MAR04373	[2.8841287887561833e-05]
MAR04375	[np.float64(7.456973094148011e-05)]
MAR04377	[np.float64(7.456973094148011e-05)]
MAR04381	[np.float64(7.456973094148011e-05)]
MAR04391	[2.8841287887561833e-05]
MAR04394	[np.float64(7.456973094148011e-05)]
MAR04396	[np.float64(7.456973094148011e-05)]
MAR04521	[np.float64(7.456973094148011e-05)]
MAR06412	[np.float64(7.456973094148011e-05)]
MAR07745	[np.float64(7.456973094148011e-05)]
MAR07747	[np.float64(7.456973094148011e-05)]
MAR08360	[np.float64(7.456973094148011e-05)]
MAR08652	[np.float64(7.456973094148011e-05)]
MAR08757	[0.003944770803593795]
MAR03989	[np.float64(7.456973094148011e-05)]
MAR04122	[np.float64(7.456973094148011e-05)]
MAR04837	[0.00013277844040396965]
MAR05395	[np.float64(7.456973094148011e-05)]
MAR05396	[np.float64(7.456973094148011e-05)]
MAR09727	[np.float64(7.456973094148011e-05)]
MAR05397	[np.float64(7.456973094148011e-05)]
MAR05398	[2.9076274719741422e-05]
MAR05399	[np.float64(7.456973094148011e-05)]
MAR05400	[np.float64(7.456973094148011e-05)]
MAR05401	[2.9076274719741422e-05]
MAR08568	[0.005472296504682771]
MAR08569	[0.005472296504682771]
MAR08570	[0.005472296504682771]
MAR08571	[0.005472296504682771]
MAR08572	[0.005472296504682771]
MAR08573	[0.005472296504682771]
MAR08574	[0.005472296504682771]
MAR08575	[0.005472296504682771]
MAR08576	[0.005472296504682771]
MAR08577	[0.005472296504682771]
MAR08578	[0.005472296504682771]
MAR08579	[0.005472296504682771]
MAR08581	[0.005472296504682771]
MAR08591	[np.float64(7.456973094148011e-05)]
MAR08592	[np.float64(7.456973094148011e-05)]
MAR08580	[0.005472296504682771]
MAR08582	[0.005472296504682771]
MAR08587	[np.float64(7.456973094148011e-05)]
MAR08589	[np.float64(7.456973094148011e-05)]
MAR08583	[0.005852844278902521]
MAR08584	[0.015956857496100273]
MAR08585	[np.float64(7.456973094148011e-05)]
MAR03944	[np.float64(7.456973094148011e-05)]
MAR04128	[np.float64(7.456973094148011e-05)]
MAR04130	[np.float64(7.456973094148011e-05)]
MAR04131	[np.float64(7.456973094148011e-05)]
MAR04132	[np.float64(7.456973094148011e-05)]
MAR04303	[np.float64(7.456973094148011e-05)]
MAR04414	[np.float64(7.456973094148011e-05)]
MAR04415	[np.float64(7.456973094148011e-05)]
MAR04416	[np.float64(7.456973094148011e-05)]
MAR04831	[0.00013277844040396965]
MAR04832	[np.float64(7.456973094148011e-05)]
MAR07674	[np.float64(7.456973094148011e-05)]
MAR08761	[np.float64(7.456973094148011e-05)]
MAR08762	[np.float64(7.456973094148011e-05)]
MAR08764	[0.009013348366665145]
MAR08766	[6.854031611335766e-05]
MAR08767	[np.float64(7.456973094148011e-05)]
MAR00454	[0.00013277844040396965]
MAR04297	[np.float64(7.456973094148011e-05)]
MAR04310	[np.float64(7.456973094148011e-05)]
MAR04315	[np.float64(7.456973094148011e-05)]
MAR04316	[6.854031611335766e-05]
MAR04317	[np.float64(7.456973094148011e-05)]
MAR04318	[np.float64(7.456973094148011e-05)]
MAR04319	[np.float64(7.456973094148011e-05)]
MAR04320	[np.float64(7.456973094148011e-05)]
MAR04356	[np.float64(7.456973094148011e-05)]
MAR04383	[np.float64(7.456973094148011e-05)]
MAR04385	[np.float64(7.456973094148011e-05)]
MAR04386	[np.float64(7.456973094148011e-05)]
MAR04387	[np.float64(7.456973094148011e-05)]
MAR04399	[np.float64(7.456973094148011e-05)]
MAR04400	[np.float64(7.456973094148011e-05)]
MAR04401	[np.float64(7.456973094148011e-05)]
MAR04402	[np.float64(7.456973094148011e-05)]
MAR04403	[0.00013277844040396965]
MAR04490	[np.float64(7.456973094148011e-05)]
MAR04706	[np.float64(7.456973094148011e-05)]
MAR08768	[np.float64(7.456973094148011e-05)]
MAR04590	[np.float64(7.456973094148011e-05)]
MAR04591	[np.float64(7.456973094148011e-05)]
MAR04592	[6.854031611335766e-05]
MAR04593	[np.float64(7.456973094148011e-05)]
MAR04594	[0.00011122499709339157]
MAR04595	[np.float64(7.456973094148011e-05)]
MAR08341	[6.5951717807219e-05]
MAR08342	[0.00013277844040396965]
MAR08344	[np.float64(7.456973094148011e-05)]
MAR08352	[np.float64(7.456973094148011e-05)]
MAR08353	[0.00013277844040396965]
MAR08726	[0.00011087029077755572]
MAR08727	[np.float64(7.456973094148011e-05)]
MAR08728	[0.00013277844040396965]
MAR08729	[np.float64(7.456973094148011e-05)]
MAR06537	[np.float64(7.456973094148011e-05)]
MAR01568	[2.9412127499088146e-05]
MAR03853	[3.092859332491893e-05]
MAR03854	[6.854031611335766e-05]
MAR03855	[6.854031611335766e-05]
MAR03857	[np.float64(7.456973094148011e-05)]
MAR03859	[0.004693905754638758]
MAR04087	[np.float64(7.456973094148011e-05)]
MAR04089	[np.float64(7.456973094148011e-05)]
MAR04091	[np.float64(7.456973094148011e-05)]
MAR04093	[0.015956857496100273]
MAR04095	[0.015956857496100273]
MAR04101	[0.015956857496100273]
MAR04103	[np.float64(7.456973094148011e-05)]
MAR04143	[np.float64(7.456973094148011e-05)]
MAR04193	[2.8841287887561833e-05]
MAR08497	[6.5951717807219e-05]
MAR08498	[0.003944770803593795]
MAR08499	[0.003944770803593795]
MAR08500	[6.5951717807219e-05]
MAR08501	[np.float64(7.456973094148011e-05)]
MAR08502	[np.float64(7.456973094148011e-05)]
MAR08503	[2.9412127499088146e-05]
MAR08504	[np.float64(7.456973094148011e-05)]
MAR08506	[np.float64(7.456973094148011e-05)]
MAR08507	[np.float64(7.456973094148011e-05)]
MAR08508	[np.float64(7.456973094148011e-05)]
MAR08509	[6.5951717807219e-05]
MAR08511	[np.float64(7.456973094148011e-05)]
MAR08512	[0.004693905754638758]
MAR08514	[0.004693905754638758]
MAR08516	[np.float64(7.456973094148011e-05)]
MAR08517	[0.00013277844040396965]
MAR04280	[np.float64(7.456973094148011e-05)]
MAR00153	[np.float64(7.456973094148011e-05)]
MAR03212	[np.float64(7.456973094148011e-05)]
MAR03797	[np.float64(7.456973094148011e-05)]
MAR03800	[np.float64(7.456973094148011e-05)]
MAR04105	[9.620059724197572e-05]
MAR04106	[9.620059724197572e-05]
MAR04107	[9.620059724197572e-05]
MAR04282	[np.float64(7.456973094148011e-05)]
MAR04331	[np.float64(7.456973094148011e-05)]
MAR04459	[np.float64(7.456973094148011e-05)]
MAR04460	[np.float64(7.456973094148011e-05)]
MAR04464	[0.00013277844040396965]
MAR04497	[3.262101882673672e-05]
MAR04741	[np.float64(7.456973094148011e-05)]
MAR08078	[0.00013277844040396965]
MAR09803	[0.00013277844040396965]
MAR09804	[np.float64(7.456973094148011e-05)]
MAR00718	[np.float64(7.456973094148011e-05)]
MAR00719	[5.9480174330393227e-05]
MAR01434	[np.float64(7.456973094148011e-05)]
MAR01436	[np.float64(7.456973094148011e-05)]
MAR03163	[np.float64(7.456973094148011e-05)]
MAR04461	[np.float64(7.456973094148011e-05)]
MAR04604	[np.float64(7.456973094148011e-05)]
MAR05351	[np.float64(7.456973094148011e-05)]
MAR07709	[np.float64(7.456973094148011e-05)]
MAR04052	[np.float64(7.456973094148011e-05)]
MAR04304	[3.403269217263376e-05]
MAR04350	[0.00011087029077755572]
MAR04351	[np.float64(7.456973094148011e-05)]
MAR04352	[np.float64(7.456973094148011e-05)]
MAR04354	[np.float64(7.456973094148011e-05)]
MAR04398	[np.float64(7.456973094148011e-05)]
MAR04404	[3.092859332491893e-05]
MAR04473	[3.0451499156558264e-05]
MAR04474	[3.0451499156558264e-05]
MAR04476	[np.float64(7.456973094148011e-05)]
MAR04477	[np.float64(7.456973094148011e-05)]
MAR04501	[3.092859332491893e-05]
MAR04565	[2.9148311735601487e-05]
MAR04567	[3.0767266659768484e-05]
MAR09799	[7.478461831564201e-05]
MAR09800	[np.float64(7.456973094148011e-05)]
MAR04623	[np.float64(7.456973094148011e-05)]
MAR04625	[np.float64(7.456973094148011e-05)]
MAR04710	[np.float64(7.456973094148011e-05)]
MAR04841	[2.9412127499088146e-05]
MAR08074	[0.00011087029077755572]
MAR08653	[np.float64(7.456973094148011e-05)]
MAR03998	[np.float64(7.456973094148011e-05)]
MAR04000	[np.float64(7.456973094148011e-05)]
MAR04002	[np.float64(7.456973094148011e-05)]
MAR04004	[np.float64(7.456973094148011e-05)]
MAR04010	[np.float64(7.456973094148011e-05)]
MAR04081	[np.float64(7.456973094148011e-05)]
MAR04082	[np.float64(7.456973094148011e-05)]
MAR04012	[4.067851433658209e-05]
MAR04014	[np.float64(7.456973094148011e-05)]
MAR04020	[6.448008502800297e-05]
MAR04022	[np.float64(7.456973094148011e-05)]
MAR04038	[7.43681259301101e-05]
MAR04040	[3.0244349662584257e-05]
MAR04042	[np.float64(7.456973094148011e-05)]
MAR04046	[np.float64(7.456973094148011e-05)]
MAR04048	[np.float64(7.456973094148011e-05)]
MAR04080	[np.float64(7.456973094148011e-05)]
MAR04085	[4.067851433658209e-05]
MAR04086	[4.067851433658209e-05]
MAR04134	[np.float64(7.456973094148011e-05)]
MAR04135	[6.448008502800297e-05]
MAR04168	[5.306890242565636e-05]
MAR04171	[2.8841287887561833e-05]
MAR04290	[np.float64(7.456973094148011e-05)]
MAR04406	[np.float64(7.456973094148011e-05)]
MAR04412	[np.float64(7.456973094148011e-05)]
MAR04417	[np.float64(7.456973094148011e-05)]
MAR04418	[5.68739449512074e-05]
MAR04419	[np.float64(7.456973094148011e-05)]
MAR04421	[2.8841287887561833e-05]
MAR04449	[np.float64(7.456973094148011e-05)]
MAR04450	[np.float64(7.456973094148011e-05)]
MAR04451	[0.00013277844040396965]
MAR04452	[5.68739449512074e-05]
MAR04453	[np.float64(7.456973094148011e-05)]
MAR04480	[3.2172946689975885e-05]
MAR04481	[np.float64(7.456973094148011e-05)]
MAR04482	[np.float64(7.456973094148011e-05)]
MAR04486	[np.float64(7.456973094148011e-05)]
MAR04487	[np.float64(7.456973094148011e-05)]
MAR04488	[np.float64(7.456973094148011e-05)]
MAR04489	[np.float64(7.456973094148011e-05)]
MAR04492	[np.float64(7.456973094148011e-05)]
MAR04493	[np.float64(7.456973094148011e-05)]
MAR04495	[np.float64(7.456973094148011e-05)]
MAR04496	[np.float64(7.456973094148011e-05)]
MAR04518	[0.004728631486967794]
MAR04519	[np.float64(7.456973094148011e-05)]
MAR04520	[np.float64(7.456973094148011e-05)]
MAR04573	[2.8841287887561833e-05]
MAR04574	[np.float64(7.456973094148011e-05)]
MAR04600	[np.float64(7.456973094148011e-05)]
MAR04602	[np.float64(7.456973094148011e-05)]
MAR04603	[np.float64(7.456973094148011e-05)]
MAR04611	[2.8841287887561833e-05]
MAR04612	[2.8841287887561833e-05]
MAR04614	[2.8841287887561833e-05]
MAR04615	[2.8841287887561833e-05]
MAR04617	[2.8841287887561833e-05]
MAR04618	[2.8841287887561833e-05]
MAR04619	[2.8841287887561833e-05]
MAR04621	[2.8841287887561833e-05]
MAR04632	[np.float64(7.456973094148011e-05)]
MAR04646	[np.float64(7.456973094148011e-05)]
MAR04648	[np.float64(7.456973094148011e-05)]
MAR04649	[np.float64(7.456973094148011e-05)]
MAR04650	[np.float64(7.456973094148011e-05)]
MAR04651	[np.float64(7.456973094148011e-05)]
MAR04663	[np.float64(7.456973094148011e-05)]
MAR04664	[5.68739449512074e-05]
MAR04694	[np.float64(7.456973094148011e-05)]
MAR04695	[np.float64(7.456973094148011e-05)]
MAR04705	[np.float64(7.456973094148011e-05)]
MAR04709	[np.float64(7.456973094148011e-05)]
MAR04799	[np.float64(7.456973094148011e-05)]
MAR04802	[np.float64(7.456973094148011e-05)]
MAR04804	[np.float64(7.456973094148011e-05)]
MAR04808	[np.float64(7.456973094148011e-05)]
MAR04810	[np.float64(7.456973094148011e-05)]
MAR04812	[np.float64(7.456973094148011e-05)]
MAR04814	[7.43681259301101e-05]
MAR05301	[np.float64(7.456973094148011e-05)]
MAR05353	[6.448008502800297e-05]
MAR06601	[0.015956857496100273]
MAR06602	[2.9148311735601487e-05]
MAR06603	[2.9148311735601487e-05]
MAR06605	[0.00013277844040396965]
MAR06606	[0.00013277844040396965]
MAR06607	[0.00013277844040396965]
MAR06609	[0.00013277844040396965]
MAR06610	[0.00013277844040396965]
MAR06611	[0.00013277844040396965]
MAR07144	[np.float64(7.456973094148011e-05)]
MAR08755	[np.float64(7.456973094148011e-05)]
MAR09797	[0.00013277844040396965]
MAR04016	[np.float64(7.456973094148011e-05)]
MAR04018	[np.float64(7.456973094148011e-05)]
MAR04044	[np.float64(7.456973094148011e-05)]
MAR04291	[np.float64(7.456973094148011e-05)]
MAR04420	[np.float64(7.456973094148011e-05)]
MAR04570	[np.float64(7.456973094148011e-05)]
MAR04572	[np.float64(7.456973094148011e-05)]
MAR04006	[np.float64(7.456973094148011e-05)]
MAR04028	[np.float64(7.456973094148011e-05)]
MAR04030	[np.float64(7.456973094148011e-05)]
MAR04670	[np.float64(7.456973094148011e-05)]
MAR04673	[np.float64(7.456973094148011e-05)]
MAR04675	[np.float64(7.456973094148011e-05)]
MAR06614	[np.float64(7.456973094148011e-05)]
MAR06615	[np.float64(7.456973094148011e-05)]
MAR06616	[np.float64(7.456973094148011e-05)]
MAR04635	[np.float64(7.456973094148011e-05)]
MAR03793	[0.015956857496100273]
MAR03931	[np.float64(7.456973094148011e-05)]
MAR03969	[np.float64(7.456973094148011e-05)]
MAR03970	[np.float64(7.456973094148011e-05)]
MAR04008	[np.float64(7.456973094148011e-05)]
MAR04032	[np.float64(7.456973094148011e-05)]
MAR04034	[np.float64(7.456973094148011e-05)]
MAR04036	[np.float64(7.456973094148011e-05)]
MAR04050	[np.float64(7.456973094148011e-05)]
MAR04056	[np.float64(7.456973094148011e-05)]
MAR04059	[np.float64(7.456973094148011e-05)]
MAR04060	[np.float64(7.456973094148011e-05)]
MAR04127	[np.float64(7.456973094148011e-05)]
MAR04177	[np.float64(7.456973094148011e-05)]
MAR04179	[np.float64(7.456973094148011e-05)]
MAR04182	[np.float64(7.456973094148011e-05)]
MAR04183	[np.float64(7.456973094148011e-05)]
MAR04192	[np.float64(7.456973094148011e-05)]
MAR04194	[np.float64(7.456973094148011e-05)]
MAR04210	[2.8841287887561833e-05]
MAR04211	[5.306890242565636e-05]
MAR04343	[np.float64(7.456973094148011e-05)]
MAR04345	[np.float64(7.456973094148011e-05)]
MAR04346	[np.float64(7.456973094148011e-05)]
MAR04470	[np.float64(7.456973094148011e-05)]
MAR04471	[np.float64(7.456973094148011e-05)]
MAR04472	[np.float64(7.456973094148011e-05)]
MAR04484	[np.float64(7.456973094148011e-05)]
MAR04485	[np.float64(7.456973094148011e-05)]
MAR04510	[np.float64(7.456973094148011e-05)]
MAR04512	[np.float64(7.456973094148011e-05)]
MAR04513	[np.float64(7.456973094148011e-05)]
MAR04514	[3.0005641039383883e-05]
MAR04577	[np.float64(7.456973094148011e-05)]
MAR04579	[np.float64(7.456973094148011e-05)]
MAR04580	[3.0005641039383883e-05]
MAR04608	[np.float64(7.456973094148011e-05)]
MAR04575	[np.float64(7.456973094148011e-05)]
MAR04637	[6.448008502800297e-05]
MAR04642	[np.float64(7.456973094148011e-05)]
MAR04643	[5.306890242565636e-05]
MAR04644	[np.float64(7.456973094148011e-05)]
MAR04672	[0.00013277844040396965]
MAR04676	[np.float64(7.456973094148011e-05)]
MAR04736	[0.015956857496100273]
MAR04819	[0.012613840959470973]
MAR05299	[np.float64(7.456973094148011e-05)]
MAR05352	[np.float64(7.456973094148011e-05)]
MAR05415	[2.8841287887561833e-05]
MAR05416	[2.8841287887561833e-05]
MAR05417	[np.float64(7.456973094148011e-05)]
MAR06612	[6.448008502800297e-05]
MAR06613	[6.448008502800297e-05]
MAR06621	[2.8841287887561833e-05]
MAR06622	[2.8841287887561833e-05]
MAR06623	[2.9100737330055287e-05]
MAR06624	[np.float64(7.456973094148011e-05)]
MAR06627	[2.8841287887561833e-05]
MAR07744	[np.float64(7.456973094148011e-05)]
MAR08072	[0.00013277844040396965]
MAR08637	[0.00013277844040396965]
MAR03965	[5.525383120354183e-05]
MAR03966	[5.306890242565636e-05]
MAR03967	[np.float64(7.456973094148011e-05)]
MAR03968	[6.448008502800297e-05]
MAR03999	[np.float64(7.456973094148011e-05)]
MAR04024	[np.float64(7.456973094148011e-05)]
MAR04026	[0.0038528909361722403]
MAR04054	[2.9100737330055287e-05]
MAR04061	[np.float64(7.456973094148011e-05)]
MAR04083	[4.067851433658209e-05]
MAR04136	[2.8841287887561833e-05]
MAR04180	[np.float64(7.456973094148011e-05)]
MAR04185	[np.float64(7.456973094148011e-05)]
MAR04186	[np.float64(7.456973094148011e-05)]
MAR04342	[np.float64(7.456973094148011e-05)]
MAR04344	[0.00013277844040396965]
MAR04483	[np.float64(7.456973094148011e-05)]
MAR04507	[np.float64(7.456973094148011e-05)]
MAR04516	[5.9480174330393227e-05]
MAR04601	[np.float64(7.456973094148011e-05)]
MAR04633	[np.float64(7.456973094148011e-05)]
MAR04640	[6.448008502800297e-05]
MAR04641	[2.9100737330055287e-05]
MAR04680	[np.float64(7.456973094148011e-05)]
MAR04806	[np.float64(7.456973094148011e-05)]
MAR05394	[0.00013277844040396965]
MAR06625	[np.float64(7.456973094148011e-05)]
MAR06626	[np.float64(7.456973094148011e-05)]
MAR07160	[3.064539280511385e-05]
MAR07161	[3.092859332491893e-05]
MAR07162	[3.092859332491893e-05]
MAR07163	[np.float64(7.456973094148011e-05)]
MAR07164	[np.float64(7.456973094148011e-05)]
MAR07713	[np.float64(7.456973094148011e-05)]
MAR07716	[np.float64(7.456973094148011e-05)]
MAR07717	[np.float64(7.456973094148011e-05)]
MAR07721	[np.float64(7.456973094148011e-05)]
MAR07725	[np.float64(7.456973094148011e-05)]
MAR07728	[np.float64(7.456973094148011e-05)]
MAR07800	[0.012613840959470973]
MAR07801	[np.float64(7.456973094148011e-05)]
MAR07802	[0.012613840959470973]
MAR07863	[np.float64(7.456973094148011e-05)]
MAR07864	[np.float64(7.456973094148011e-05)]
MAR07865	[np.float64(7.456973094148011e-05)]
MAR07866	[np.float64(7.456973094148011e-05)]
MAR07867	[np.float64(7.456973094148011e-05)]
MAR07868	[np.float64(7.456973094148011e-05)]
MAR07869	[np.float64(7.456973094148011e-05)]
MAR07870	[np.float64(7.456973094148011e-05)]
MAR07871	[np.float64(7.456973094148011e-05)]
MAR07872	[np.float64(7.456973094148011e-05)]
MAR07873	[np.float64(7.456973094148011e-05)]
MAR07874	[np.float64(7.456973094148011e-05)]
MAR07875	[0.0038528909361722403]
MAR07876	[np.float64(7.456973094148011e-05)]
MAR07878	[np.float64(7.456973094148011e-05)]
MAR07879	[5.306890242565636e-05]
MAR07880	[np.float64(7.456973094148011e-05)]
MAR07881	[np.float64(7.456973094148011e-05)]
MAR07882	[np.float64(7.456973094148011e-05)]
MAR07883	[np.float64(7.456973094148011e-05)]
MAR07884	[np.float64(7.456973094148011e-05)]
MAR07885	[np.float64(7.456973094148011e-05)]
MAR07886	[np.float64(7.456973094148011e-05)]
MAR07887	[np.float64(7.456973094148011e-05)]
MAR07888	[np.float64(7.456973094148011e-05)]
MAR07889	[np.float64(7.456973094148011e-05)]
MAR07890	[np.float64(7.456973094148011e-05)]
MAR07891	[np.float64(7.456973094148011e-05)]
MAR07892	[np.float64(7.456973094148011e-05)]
MAR07893	[np.float64(7.456973094148011e-05)]
MAR07894	[np.float64(7.456973094148011e-05)]
MAR07895	[np.float64(7.456973094148011e-05)]
MAR08083	[np.float64(7.456973094148011e-05)]
MAR08085	[np.float64(7.456973094148011e-05)]
MAR08087	[np.float64(7.456973094148011e-05)]
MAR08443	[np.float64(7.456973094148011e-05)]
MAR08444	[np.float64(7.456973094148011e-05)]
MAR08445	[np.float64(7.456973094148011e-05)]
MAR08446	[0.015956857496100273]
MAR08448	[np.float64(7.456973094148011e-05)]
MAR08449	[np.float64(7.456973094148011e-05)]
MAR08450	[np.float64(7.456973094148011e-05)]
MAR08451	[np.float64(7.456973094148011e-05)]
MAR08452	[np.float64(7.456973094148011e-05)]
MAR08453	[np.float64(7.456973094148011e-05)]
MAR08454	[np.float64(7.456973094148011e-05)]
MAR08455	[np.float64(7.456973094148011e-05)]
MAR08456	[np.float64(7.456973094148011e-05)]
MAR08457	[np.float64(7.456973094148011e-05)]
MAR08458	[np.float64(7.456973094148011e-05)]
MAR08459	[np.float64(7.456973094148011e-05)]
MAR08460	[np.float64(7.456973094148011e-05)]
MAR08461	[0.012613840959470973]
MAR08462	[np.float64(7.456973094148011e-05)]
MAR08463	[np.float64(7.456973094148011e-05)]
MAR08464	[np.float64(7.456973094148011e-05)]
MAR08465	[np.float64(7.456973094148011e-05)]
MAR08466	[np.float64(7.456973094148011e-05)]
MAR08467	[np.float64(7.456973094148011e-05)]
MAR08468	[np.float64(7.456973094148011e-05)]
MAR08469	[np.float64(7.456973094148011e-05)]
MAR08470	[np.float64(7.456973094148011e-05)]
MAR08471	[np.float64(7.456973094148011e-05)]
MAR08472	[np.float64(7.456973094148011e-05)]
MAR08473	[np.float64(7.456973094148011e-05)]
MAR08474	[np.float64(7.456973094148011e-05)]
MAR08477	[np.float64(7.456973094148011e-05)]
MAR08478	[np.float64(7.456973094148011e-05)]
MAR08479	[np.float64(7.456973094148011e-05)]
MAR08480	[0.015956857496100273]
MAR08481	[0.00013277844040396965]
MAR08482	[np.float64(7.456973094148011e-05)]
MAR08483	[5.525383120354183e-05]
MAR08484	[0.00013277844040396965]
MAR08485	[np.float64(7.456973094148011e-05)]
MAR08486	[np.float64(7.456973094148011e-05)]
MAR08487	[np.float64(7.456973094148011e-05)]
MAR08488	[5.306890242565636e-05]
MAR08489	[5.306890242565636e-05]
MAR08493	[np.float64(7.456973094148011e-05)]
MAR08494	[np.float64(7.456973094148011e-05)]
MAR08495	[np.float64(7.456973094148011e-05)]
MAR03802	[2.9457860559373696e-05]
MAR03804	[2.9457860559373696e-05]
MAR03811	[np.float64(7.456973094148011e-05)]
MAR03813	[np.float64(7.456973094148011e-05)]
MAR03822	[np.float64(7.456973094148011e-05)]
MAR03827	[3.0451499156558264e-05]
MAR03829	[np.float64(7.456973094148011e-05)]
MAR03862	[0.00582803469415637]
MAR03865	[3.0451499156558264e-05]
MAR03870	[np.float64(7.456973094148011e-05)]
MAR03873	[0.0038528909361722403]
MAR08654	[0.0038528909361722403]
MAR03890	[np.float64(7.456973094148011e-05)]
MAR03892	[np.float64(7.456973094148011e-05)]
MAR09802	[0.00639132310635336]
MAR03899	[np.float64(7.456973094148011e-05)]
MAR03903	[0.00012307392989194986]
MAR04109	[np.float64(7.456973094148011e-05)]
MAR04114	[np.float64(7.456973094148011e-05)]
MAR04115	[np.float64(7.456973094148011e-05)]
MAR04118	[np.float64(7.456973094148011e-05)]
MAR04172	[0.00582803469415637]
MAR04196	[np.float64(7.456973094148011e-05)]
MAR04197	[np.float64(7.456973094148011e-05)]
MAR04287	[2.8841287887561833e-05]
MAR04690	[np.float64(7.456973094148011e-05)]
MAR04693	[np.float64(7.456973094148011e-05)]
MAR06780	[3.0451499156558264e-05]
MAR06968	[np.float64(7.456973094148011e-05)]
MAR06969	[0.015956857496100273]
MAR06970	[np.float64(7.456973094148011e-05)]
MAR06971	[3.610771761399455e-05]
MAR06972	[3.610771761399455e-05]
MAR07641	[0.005472296504682771]
MAR07642	[0.00013277844040396965]
MAR08626	[0.005472296504682771]
MAR08628	[0.015956857496100273]
MAR03806	[np.float64(7.456973094148011e-05)]
MAR03807	[3.0443152899942364e-05]
MAR03809	[0.015956857496100273]
MAR03816	[0.005472296504682771]
MAR03819	[np.float64(7.456973094148011e-05)]
MAR03820	[np.float64(7.456973094148011e-05)]
MAR03832	[0.00013277844040396965]
MAR03833	[np.float64(7.456973094148011e-05)]
MAR03835	[np.float64(7.456973094148011e-05)]
MAR03837	[np.float64(7.456973094148011e-05)]
MAR03895	[np.float64(7.456973094148011e-05)]
MAR03897	[np.float64(7.456973094148011e-05)]
MAR03956	[7.478461831564201e-05]
MAR03993	[np.float64(7.456973094148011e-05)]
MAR04073	[np.float64(7.456973094148011e-05)]
MAR04075	[3.403269217263376e-05]
MAR04077	[3.092859332491893e-05]
MAR04190	[np.float64(7.456973094148011e-05)]
MAR04191	[np.float64(7.456973094148011e-05)]
MAR04212	[np.float64(7.456973094148011e-05)]
MAR04422	[np.float64(7.456973094148011e-05)]
MAR04423	[np.float64(7.456973094148011e-05)]
MAR04424	[0.0061040911240064985]
MAR04583	[np.float64(7.456973094148011e-05)]
MAR04605	[np.float64(7.456973094148011e-05)]
MAR04606	[0.004952921735942963]
MAR04607	[np.float64(7.456973094148011e-05)]
MAR04776	[np.float64(7.456973094148011e-05)]
MAR04777	[np.float64(7.456973094148011e-05)]
MAR04778	[np.float64(7.456973094148011e-05)]
MAR04779	[np.float64(7.456973094148011e-05)]
MAR04780	[np.float64(7.456973094148011e-05)]
MAR04781	[np.float64(7.456973094148011e-05)]
MAR04784	[np.float64(7.456973094148011e-05)]
MAR04785	[np.float64(7.456973094148011e-05)]
MAR04786	[3.0451499156558264e-05]
MAR04787	[0.00011122499709339157]
MAR05384	[np.float64(7.456973094148011e-05)]
MAR06929	[np.float64(7.456973094148011e-05)]
MAR06930	[np.float64(7.456973094148011e-05)]
MAR06931	[np.float64(7.456973094148011e-05)]
MAR06932	[np.float64(7.456973094148011e-05)]
MAR06933	[np.float64(7.456973094148011e-05)]
MAR06934	[np.float64(7.456973094148011e-05)]
MAR06935	[np.float64(7.456973094148011e-05)]
MAR06936	[np.float64(7.456973094148011e-05)]
MAR06938	[np.float64(7.456973094148011e-05)]
MAR06939	[np.float64(7.456973094148011e-05)]
MAR06940	[0.00013277844040396965]
MAR06941	[np.float64(7.456973094148011e-05)]
MAR06942	[np.float64(7.456973094148011e-05)]
MAR06943	[np.float64(7.456973094148011e-05)]
MAR06944	[np.float64(7.456973094148011e-05)]
MAR06945	[np.float64(7.456973094148011e-05)]
MAR06946	[np.float64(7.456973094148011e-05)]
MAR06947	[np.float64(7.456973094148011e-05)]
MAR06948	[np.float64(7.456973094148011e-05)]
MAR06949	[np.float64(7.456973094148011e-05)]
MAR06950	[np.float64(7.456973094148011e-05)]
MAR06951	[np.float64(7.456973094148011e-05)]
MAR06952	[np.float64(7.456973094148011e-05)]
MAR06953	[np.float64(7.456973094148011e-05)]
MAR06954	[np.float64(7.456973094148011e-05)]
MAR06955	[0.00013277844040396965]
MAR06956	[0.00013277844040396965]
MAR06957	[0.00013277844040396965]
MAR06958	[np.float64(7.456973094148011e-05)]
MAR06959	[np.float64(7.456973094148011e-05)]
MAR06960	[0.00013277844040396965]
MAR06961	[np.float64(7.456973094148011e-05)]
MAR06962	[np.float64(7.456973094148011e-05)]
MAR06963	[np.float64(7.456973094148011e-05)]
MAR06964	[np.float64(7.456973094148011e-05)]
MAR06965	[0.00011122499709339157]
MAR06966	[0.00011122499709339157]
MAR06967	[0.00011122499709339157]
MAR06973	[np.float64(7.456973094148011e-05)]
MAR08096	[np.float64(7.456973094148011e-05)]
MAR08097	[np.float64(7.456973094148011e-05)]
MAR08098	[3.0451499156558264e-05]
MAR08416	[np.float64(7.456973094148011e-05)]
MAR08425	[0.004952921735942963]
MAR08426	[0.00012515305733788398]
MAR08427	[np.float64(7.456973094148011e-05)]
MAR08431	[0.00013277844040396965]
MAR08432	[0.011256183989019192]
MAR08603	[np.float64(7.456973094148011e-05)]
MAR08604	[np.float64(7.456973094148011e-05)]
MAR08605	[np.float64(7.456973094148011e-05)]
MAR08606	[np.float64(7.456973094148011e-05)]
MAR08607	[0.00013277844040396965]
MAR08608	[0.015956857496100273]
MAR08609	[np.float64(7.456973094148011e-05)]
MAR08610	[0.015956857496100273]
MAR08611	[0.00012860882859094003]
MAR04285	[0.015956857496100273]
MAR00457	[0.00011122499709339157]
MAR00460	[0.00011122499709339157]
MAR03750	[0.005976041523592712]
MAR03752	[np.float64(7.456973094148011e-05)]
MAR03770	[np.float64(7.456973094148011e-05)]
MAR03771	[0.005976041523592712]
MAR03772	[0.005976041523592712]
MAR03782	[0.005976041523592712]
MAR03784	[np.float64(7.456973094148011e-05)]
MAR03794	[np.float64(7.456973094148011e-05)]
MAR03839	[5.9480174330393227e-05]
MAR03841	[2.8841287887561833e-05]
MAR03843	[np.float64(7.456973094148011e-05)]
MAR03845	[np.float64(7.456973094148011e-05)]
MAR03847	[np.float64(7.456973094148011e-05)]
MAR03849	[0.005060066926191334]
MAR03852	[0.007198130461850395]
MAR03856	[np.float64(7.456973094148011e-05)]
MAR03860	[0.00013277844040396965]
MAR03883	[np.float64(7.456973094148011e-05)]
MAR03901	[0.004952921735942963]
MAR03939	[np.float64(7.456973094148011e-05)]
MAR03974	[np.float64(7.456973094148011e-05)]
MAR04198	[0.011830625462425606]
MAR04199	[0.004952921735942963]
MAR04200	[np.float64(7.456973094148011e-05)]
MAR04284	[0.00013277844040396965]
MAR04348	[np.float64(7.456973094148011e-05)]
MAR04466	[0.015956857496100273]
MAR04467	[0.011830625462425606]
MAR04582	[0.004952921735942963]
MAR04584	[np.float64(7.456973094148011e-05)]
MAR04696	[0.015956857496100273]
MAR04697	[np.float64(7.456973094148011e-05)]
MAR04698	[np.float64(7.456973094148011e-05)]
MAR04699	[0.015956857496100273]
MAR04700	[np.float64(7.456973094148011e-05)]
MAR04742	[np.float64(7.456973094148011e-05)]
MAR04788	[0.011830625462425606]
MAR04789	[0.015956857496100273]
MAR04791	[0.011830625462425606]
MAR04792	[5.739849101267972e-05]
MAR04937	[np.float64(7.456973094148011e-05)]
MAR05392	[np.float64(7.456973094148011e-05)]
MAR05393	[np.float64(7.456973094148011e-05)]
MAR06409	[np.float64(7.456973094148011e-05)]
MAR07702	[np.float64(7.456973094148011e-05)]
MAR07703	[0.015956857496100273]
MAR08433	[np.float64(7.456973094148011e-05)]
MAR08434	[np.float64(7.456973094148011e-05)]
MAR08439	[0.00639132310635336]
MAR08440	[np.float64(7.456973094148011e-05)]
MAR08441	[0.015956857496100273]
MAR08442	[0.00013277844040396965]
MAR09718	[0.00013277844040396965]
MAR09486	[np.float64(7.456973094148011e-05)]
MAR04426	[5.581737188270044e-05]
MAR04428	[0.009947721923987943]
MAR04429	[0.015956857496100273]
MAR04430	[np.float64(7.456973094148011e-05)]
MAR04431	[2.9412127499088146e-05]
MAR04437	[0.005472296504682771]
MAR04658	[0.005852844278902521]
MAR04660	[0.00012860882859094003]
MAR04712	[0.010443919289222548]
MAR05336	[np.float64(7.456973094148011e-05)]
MAR05337	[np.float64(7.456973094148011e-05)]
MAR05338	[4.067851433658209e-05]
MAR05339	[np.float64(7.456973094148011e-05)]
MAR05340	[np.float64(7.456973094148011e-05)]
MAR08783	[np.float64(7.456973094148011e-05)]
MAR08784	[np.float64(7.456973094148011e-05)]
MAR08786	[np.float64(7.456973094148011e-05)]
MAR04241	[np.float64(7.456973094148011e-05)]
MAR04288	[0.00012307392989194986]
MAR04596	[np.float64(7.456973094148011e-05)]
MAR04597	[np.float64(7.456973094148011e-05)]
MAR04599	[3.3055988230904573e-05]
MAR04667	[np.float64(7.456973094148011e-05)]
MAR04668	[0.00012307392989194986]
MAR04737	[np.float64(7.456973094148011e-05)]
MAR04739	[np.float64(7.456973094148011e-05)]
MAR04740	[0.00013277844040396965]
MAR06415	[6.738052001757399e-05]
MAR06974	[0.00013277844040396965]
MAR06975	[np.float64(7.456973094148011e-05)]
MAR06976	[np.float64(7.456973094148011e-05)]
MAR06977	[np.float64(7.456973094148011e-05)]
MAR06978	[np.float64(7.456973094148011e-05)]
MAR06979	[np.float64(7.456973094148011e-05)]
MAR06980	[5.739849101267972e-05]
MAR06981	[np.float64(7.456973094148011e-05)]
MAR06982	[0.003916009851720319]
MAR06983	[np.float64(7.456973094148011e-05)]
MAR06984	[6.854031611335766e-05]
MAR06985	[np.float64(7.456973094148011e-05)]
MAR08017	[0.00013277844040396965]
MAR08018	[0.00013277844040396965]
MAR08019	[0.00013277844040396965]
MAR08021	[0.005060066926191334]
MAR08025	[np.float64(7.456973094148011e-05)]
MAR08026	[np.float64(7.456973094148011e-05)]
MAR08027	[np.float64(7.456973094148011e-05)]
MAR08029	[np.float64(7.456973094148011e-05)]
MAR03164	[2.9457920097090758e-05]
MAR03166	[3.012129769288026e-05]
MAR03885	[np.float64(7.456973094148011e-05)]
MAR04250	[0.00013277844040396965]
MAR08091	[0.009947721923987943]
MAR08092	[np.float64(7.456973094148011e-05)]
MAR08563	[np.float64(7.456973094148011e-05)]
MAR08566	[np.float64(7.456973094148011e-05)]
MAR03935	[np.float64(7.456973094148011e-05)]
MAR04681	[0.009947721923987943]
MAR04682	[np.float64(7.456973094148011e-05)]
MAR04683	[2.9412127499088146e-05]
MAR04685	[2.9412127499088146e-05]
MAR04686	[2.9412127499088146e-05]
MAR04687	[2.9412127499088146e-05]
MAR04702	[0.00013277844040396965]
MAR04703	[0.00012515305733788398]
MAR04704	[0.00012515305733788398]
MAR06988	[0.013104963511162023]
MAR07689	[0.00473315991131433]
MAR07701	[np.float64(7.456973094148011e-05)]
MAR08094	[0.00473315991131433]
MAR08529	[np.float64(7.456973094148011e-05)]
MAR08530	[np.float64(7.456973094148011e-05)]
MAR08533	[0.015956857496100273]
MAR08534	[0.00473315991131433]
MAR08535	[0.00473315991131433]
MAR08537	[0.005472296504682771]
MAR08541	[0.015956857496100273]
MAR08542	[0.015956857496100273]
MAR08543	[0.013104963511162023]
MAR08544	[0.013104963511162023]
MAR08630	[0.015956857496100273]
MAR08540	[0.00013277844040396965]
MAR03206	[3.262101882673672e-05]
MAR03208	[np.float64(7.456973094148011e-05)]
MAR03213	[np.float64(7.456973094148011e-05)]
MAR03215	[np.float64(7.456973094148011e-05)]
MAR03747	[np.float64(7.456973094148011e-05)]
MAR03744	[np.float64(7.456973094148011e-05)]
MAR03757	[3.012129769288026e-05]
MAR03761	[np.float64(7.456973094148011e-05)]
MAR03777	[np.float64(7.456973094148011e-05)]
MAR03778	[np.float64(7.456973094148011e-05)]
MAR03795	[np.float64(7.456973094148011e-05)]
MAR04797	[np.float64(7.456973094148011e-05)]
MAR06417	[np.float64(7.456973094148011e-05)]
MAR06419	[np.float64(7.456973094148011e-05)]
MAR06420	[np.float64(7.456973094148011e-05)]
MAR06421	[np.float64(7.456973094148011e-05)]
MAR06422	[np.float64(7.456973094148011e-05)]
MAR06923	[np.float64(7.456973094148011e-05)]
MAR03765	[np.float64(7.456973094148011e-05)]
MAR06924	[0.0001179695298726268]
MAR06925	[np.float64(7.456973094148011e-05)]
MAR06926	[np.float64(7.456973094148011e-05)]
MAR06927	[np.float64(7.456973094148011e-05)]
MAR08088	[np.float64(7.456973094148011e-05)]
MAR08787	[9.620059724197572e-05]
MAR03743	[0.005976041523592712]
MAR04214	[0.005852844278902521]
MAR04216	[np.float64(7.456973094148011e-05)]
MAR04218	[0.009947721923987943]
MAR04219	[np.float64(7.456973094148011e-05)]
MAR04220	[0.004952921735942963]
MAR04222	[np.float64(7.456973094148011e-05)]
MAR04224	[0.009947721923987943]
MAR04225	[0.009947721923987943]
MAR04227	[np.float64(7.456973094148011e-05)]
MAR04231	[0.00639132310635336]
MAR04232	[0.00013277844040396965]
MAR04233	[0.00013277844040396965]
MAR04235	[0.00013277844040396965]
MAR04243	[np.float64(7.456973094148011e-05)]
MAR04244	[np.float64(7.456973094148011e-05)]
MAR04245	[0.00013277844040396965]
MAR04246	[np.float64(7.456973094148011e-05)]
MAR04248	[0.00013277844040396965]
MAR06707	[0.009947721923987943]
MAR06708	[0.00013277844040396965]
MAR06709	[0.00013277844040396965]
MAR06711	[0.015956857496100273]
MAR06712	[0.00013277844040396965]
MAR06713	[np.float64(7.456973094148011e-05)]
MAR06714	[np.float64(7.456973094148011e-05)]
MAR06715	[np.float64(7.456973094148011e-05)]
MAR06716	[0.015956857496100273]
MAR06717	[np.float64(7.456973094148011e-05)]
MAR06718	[0.009947721923987943]
MAR06719	[np.float64(7.456973094148011e-05)]
MAR06720	[0.00013277844040396965]
MAR06721	[0.00013277844040396965]
MAR06722	[0.015956857496100273]
MAR06723	[2.8841287887561833e-05]
MAR06725	[3.0451499156558264e-05]
MAR06726	[0.004952921735942963]
MAR06727	[np.float64(7.456973094148011e-05)]
MAR06728	[0.005472296504682771]
MAR06729	[0.015956857496100273]
MAR06730	[np.float64(7.456973094148011e-05)]
MAR06731	[0.009947721923987943]
MAR06734	[0.00013277844040396965]
MAR06735	[np.float64(7.456973094148011e-05)]
MAR06736	[np.float64(7.456973094148011e-05)]
MAR06738	[0.00013277844040396965]
MAR06739	[np.float64(7.456973094148011e-05)]
MAR06740	[0.009947721923987943]
MAR06741	[0.015956857496100273]
MAR06742	[0.00013277844040396965]
MAR06743	[0.008998160734830764]
MAR06744	[0.00013277844040396965]
MAR06745	[np.float64(7.456973094148011e-05)]
MAR06746	[np.float64(7.456973094148011e-05)]
MAR06747	[np.float64(7.456973094148011e-05)]
MAR06748	[2.9412127499088146e-05]
MAR06749	[2.9412127499088146e-05]
MAR06750	[np.float64(7.456973094148011e-05)]
MAR06751	[np.float64(7.456973094148011e-05)]
MAR06752	[np.float64(7.456973094148011e-05)]
MAR06753	[2.9412127499088146e-05]
MAR06754	[2.9412127499088146e-05]
MAR06755	[np.float64(7.456973094148011e-05)]
MAR06756	[np.float64(7.456973094148011e-05)]
MAR06757	[np.float64(7.456973094148011e-05)]
MAR06758	[np.float64(7.456973094148011e-05)]
MAR06759	[0.00013277844040396965]
MAR06760	[2.9412127499088146e-05]
MAR06761	[2.9412127499088146e-05]
MAR06762	[np.float64(7.456973094148011e-05)]
MAR06763	[np.float64(7.456973094148011e-05)]
MAR06764	[np.float64(7.456973094148011e-05)]
MAR06765	[0.00013277844040396965]
MAR06766	[2.9412127499088146e-05]
MAR06767	[2.9412127499088146e-05]
MAR06768	[3.0451499156558264e-05]
MAR06770	[0.015956857496100273]
MAR06771	[np.float64(7.456973094148011e-05)]
MAR06772	[0.004952921735942963]
MAR06774	[0.008998160734830764]
MAR06776	[np.float64(7.456973094148011e-05)]
MAR06778	[np.float64(7.456973094148011e-05)]
MAR06782	[0.00013277844040396965]
MAR06783	[0.00013277844040396965]
MAR06784	[0.00013277844040396965]
MAR06785	[0.00013277844040396965]
MAR06786	[0.00013277844040396965]
MAR06787	[0.009947721923987943]
MAR06788	[np.float64(7.456973094148011e-05)]
MAR06789	[np.float64(7.456973094148011e-05)]
MAR06790	[2.9412127499088146e-05]
MAR06791	[2.9412127499088146e-05]
MAR06792	[0.00013277844040396965]
MAR06798	[np.float64(7.456973094148011e-05)]
MAR06799	[np.float64(7.456973094148011e-05)]
MAR06800	[np.float64(7.456973094148011e-05)]
MAR06801	[np.float64(7.456973094148011e-05)]
MAR06802	[0.00013277844040396965]
MAR06803	[0.015956857496100273]
MAR06806	[0.00013277844040396965]
MAR06807	[0.00013277844040396965]
MAR06808	[2.9148311735601487e-05]
MAR06811	[2.8841287887561833e-05]
MAR06813	[2.9148311735601487e-05]
MAR06814	[np.float64(7.456973094148011e-05)]
MAR06815	[2.8841287887561833e-05]
MAR06817	[np.float64(7.456973094148011e-05)]
MAR06818	[0.00013277844040396965]
MAR06819	[np.float64(7.456973094148011e-05)]
MAR06820	[2.8841287887561833e-05]
MAR06822	[0.00013277844040396965]
MAR06823	[np.float64(7.456973094148011e-05)]
MAR06824	[2.8841287887561833e-05]
MAR06826	[0.004952921735942963]
MAR06827	[0.004952921735942963]
MAR06828	[np.float64(7.456973094148011e-05)]
MAR06829	[np.float64(7.456973094148011e-05)]
MAR06830	[np.float64(7.456973094148011e-05)]
MAR06831	[np.float64(7.456973094148011e-05)]
MAR06834	[0.004952921735942963]
MAR06835	[0.004952921735942963]
MAR06836	[np.float64(7.456973094148011e-05)]
MAR06837	[np.float64(7.456973094148011e-05)]
MAR06838	[0.015956857496100273]
MAR06839	[np.float64(7.456973094148011e-05)]
MAR06840	[0.004952921735942963]
MAR06841	[0.004952921735942963]
MAR06842	[np.float64(7.456973094148011e-05)]
MAR06843	[np.float64(7.456973094148011e-05)]
MAR06844	[0.015956857496100273]
MAR06845	[np.float64(7.456973094148011e-05)]
MAR06848	[0.004952921735942963]
MAR06849	[0.004952921735942963]
MAR06850	[0.015956857496100273]
MAR06851	[np.float64(7.456973094148011e-05)]
MAR06854	[0.004952921735942963]
MAR06855	[0.004952921735942963]
MAR06874	[0.015956857496100273]
MAR06875	[0.00013277844040396965]
MAR06876	[0.00013277844040396965]
MAR06877	[0.00013277844040396965]
MAR06878	[0.00013277844040396965]
MAR06879	[0.00013277844040396965]
MAR06880	[0.00013277844040396965]
MAR06881	[0.00013277844040396965]
MAR06882	[0.00013277844040396965]
MAR06883	[2.8841287887561833e-05]
MAR06885	[np.float64(7.456973094148011e-05)]
MAR06886	[2.8841287887561833e-05]
MAR06888	[0.014595015279142264]
MAR06889	[0.015956857496100273]
MAR07628	[2.9148311735601487e-05]
MAR07756	[0.004203453652338184]
MAR08539	[0.015956857496100273]
MAR08794	[0.00013277844040396965]
MAR08795	[0.00013277844040396965]
MAR08796	[0.008998160734830764]
MAR03875	[3.570135976009606e-05]
MAR03877	[2.911814037845049e-05]
MAR03879	[0.00011122499709339157]
MAR03881	[np.float64(7.456973094148011e-05)]
MAR03912	[3.0451499156558264e-05]
MAR03917	[np.float64(7.456973094148011e-05)]
MAR03919	[0.004952921735942963]
MAR03920	[np.float64(7.456973094148011e-05)]
MAR03922	[np.float64(7.456973094148011e-05)]
MAR03928	[np.float64(7.456973094148011e-05)]
MAR03995	[np.float64(7.456973094148011e-05)]
MAR03996	[0.00013277844040396965]
MAR04072	[np.float64(7.456973094148011e-05)]
MAR04189	[np.float64(7.456973094148011e-05)]
MAR04302	[np.float64(7.456973094148011e-05)]
MAR04323	[0.00011122499709339157]
MAR05381	[0.00473315991131433]
MAR05385	[np.float64(7.456973094148011e-05)]
MAR05386	[np.float64(7.456973094148011e-05)]
MAR05387	[np.float64(7.456973094148011e-05)]
MAR05388	[np.float64(7.456973094148011e-05)]
MAR05389	[np.float64(7.456973094148011e-05)]
MAR05390	[0.015956857496100273]
MAR05391	[0.012613840959470973]
MAR05418	[np.float64(7.456973094148011e-05)]
MAR05419	[np.float64(7.456973094148011e-05)]
MAR06515	[np.float64(7.456973094148011e-05)]
MAR06518	[np.float64(7.456973094148011e-05)]
MAR06519	[np.float64(7.456973094148011e-05)]
MAR06520	[np.float64(7.456973094148011e-05)]
MAR06523	[0.005060066926191334]
MAR08062	[0.00473315991131433]
MAR08066	[3.0451499156558264e-05]
MAR08067	[3.0451499156558264e-05]
MAR08068	[np.float64(7.456973094148011e-05)]
MAR08069	[3.0597171430433636e-05]
MAR08641	[np.float64(7.456973094148011e-05)]
MAR08682	[0.00013277844040396965]
MAR08683	[np.float64(7.456973094148011e-05)]
MAR08684	[3.0451499156558264e-05]
MAR08685	[0.00013277844040396965]
MAR03868	[np.float64(7.456973094148011e-05)]
MAR03869	[np.float64(7.456973094148011e-05)]
MAR03889	[np.float64(7.456973094148011e-05)]
MAR03933	[np.float64(7.456973094148011e-05)]
MAR03937	[np.float64(7.456973094148011e-05)]
MAR04116	[2.8841287887561833e-05]
MAR04120	[2.8841287887561833e-05]
MAR04121	[2.8841287887561833e-05]
MAR04175	[np.float64(7.456973094148011e-05)]
MAR04176	[np.float64(7.456973094148011e-05)]
MAR04324	[np.float64(7.456973094148011e-05)]
MAR04326	[np.float64(7.456973094148011e-05)]
MAR04328	[np.float64(7.456973094148011e-05)]
MAR04329	[np.float64(7.456973094148011e-05)]
MAR04708	[3.610771761399455e-05]
MAR08769	[np.float64(7.456973094148011e-05)]
MAR08770	[3.610771761399455e-05]
MAR08771	[5.9480174330393227e-05]
MAR04078	[np.float64(7.456973094148011e-05)]
MAR04079	[np.float64(7.456973094148011e-05)]
MAR04174	[np.float64(7.456973094148011e-05)]
MAR04330	[np.float64(7.456973094148011e-05)]
MAR04347	[0.012613840959470973]
MAR04425	[0.004952921735942963]
MAR04427	[np.float64(7.456973094148011e-05)]
MAR04688	[np.float64(7.456973094148011e-05)]
MAR04689	[np.float64(7.456973094148011e-05)]
MAR04735	[2.9457920097090758e-05]
MAR07991	[0.00013277844040396965]
MAR07992	[np.float64(7.456973094148011e-05)]
MAR07993	[np.float64(7.456973094148011e-05)]
MAR07128	[np.float64(7.456973094148011e-05)]
MAR07129	[np.float64(7.456973094148011e-05)]
MAR07130	[0.00013277844040396965]
MAR07131	[np.float64(7.456973094148011e-05)]
MAR07132	[np.float64(7.456973094148011e-05)]
MAR07133	[0.004680437087566948]
MAR07134	[np.float64(7.456973094148011e-05)]
MAR07135	[0.00011122499709339157]
MAR07136	[2.911814037845049e-05]
MAR07137	[np.float64(7.456973094148011e-05)]
MAR07138	[0.004203453652338184]
MAR07139	[3.570135976009606e-05]
MAR07140	[0.00013277844040396965]
MAR07141	[0.004680437087566948]
MAR07620	[np.float64(7.456973094148011e-05)]
MAR07647	[0.015956857496100273]
MAR08640	[np.float64(7.456973094148011e-05)]
MAR08689	[0.015956857496100273]
MAR08690	[0.015956857496100273]
MAR03753	[2.9457920097090758e-05]
MAR03755	[np.float64(7.456973094148011e-05)]
MAR03759	[np.float64(7.456973094148011e-05)]
MAR03763	[np.float64(7.456973094148011e-05)]
MAR03773	[np.float64(7.456973094148011e-05)]
MAR03775	[np.float64(7.456973094148011e-05)]
MAR03785	[2.9457920097090758e-05]
MAR03790	[0.00012515305733788398]
MAR03792	[np.float64(7.456973094148011e-05)]
MAR03796	[np.float64(7.456973094148011e-05)]
MAR03823	[3.012129769288026e-05]
MAR06416	[np.float64(7.456973094148011e-05)]
MAR03986	[0.0145715274132364]
MAR03988	[np.float64(7.456973094148011e-05)]
MAR04124	[np.float64(7.456973094148011e-05)]
MAR04158	[np.float64(7.456973094148011e-05)]
MAR04159	[np.float64(7.456973094148011e-05)]
MAR04299	[np.float64(7.456973094148011e-05)]
MAR04300	[np.float64(7.456973094148011e-05)]
MAR04494	[np.float64(7.456973094148011e-05)]
MAR04524	[np.float64(7.456973094148011e-05)]
MAR04525	[np.float64(7.456973094148011e-05)]
MAR04526	[np.float64(7.456973094148011e-05)]
MAR04527	[0.005042270916298142]
MAR04528	[np.float64(7.456973094148011e-05)]
MAR04529	[np.float64(7.456973094148011e-05)]
MAR04530	[np.float64(7.456973094148011e-05)]
MAR04531	[0.00013277844040396965]
MAR04532	[np.float64(7.456973094148011e-05)]
MAR04533	[0.00013277844040396965]
MAR04534	[0.00013277844040396965]
MAR04536	[np.float64(7.456973094148011e-05)]
MAR04628	[np.float64(7.456973094148011e-05)]
MAR04629	[np.float64(7.456973094148011e-05)]
MAR04631	[np.float64(7.456973094148011e-05)]
MAR07696	[0.00013277844040396965]
MAR07697	[np.float64(7.456973094148011e-05)]
MAR07698	[np.float64(7.456973094148011e-05)]
MAR08366	[0.00013277844040396965]
MAR08367	[0.00013277844040396965]
MAR08368	[0.00013277844040396965]
MAR08371	[np.float64(7.456973094148011e-05)]
MAR08372	[0.00013277844040396965]
MAR08373	[np.float64(7.456973094148011e-05)]
MAR08375	[0.003916009851720319]
MAR08376	[0.015956857496100273]
MAR08377	[np.float64(7.456973094148011e-05)]
MAR08672	[np.float64(7.456973094148011e-05)]
MAR08674	[0.00013277844040396965]
MAR08675	[0.00013277844040396965]
MAR05130	[np.float64(7.456973094148011e-05)]
MAR05131	[2.911814037845049e-05]
MAR05132	[np.float64(7.456973094148011e-05)]
MAR05133	[3.0005641039383883e-05]
MAR05134	[np.float64(7.456973094148011e-05)]
MAR05135	[np.float64(7.456973094148011e-05)]
MAR05136	[np.float64(7.456973094148011e-05)]
MAR05137	[3.610771761399455e-05]
MAR05138	[3.0244349662584257e-05]
MAR05139	[np.float64(7.456973094148011e-05)]
MAR05140	[3.092859332491893e-05]
MAR05141	[np.float64(7.456973094148011e-05)]
MAR05142	[3.0244349662584257e-05]
MAR05143	[np.float64(7.456973094148011e-05)]
MAR05144	[np.float64(7.456973094148011e-05)]
MAR05145	[5.306890242565636e-05]
MAR05146	[3.610771761399455e-05]
MAR05147	[3.092859332491893e-05]
MAR05148	[4.067851433658209e-05]
MAR05149	[5.9480174330393227e-05]
MAR05150	[np.float64(7.456973094148011e-05)]
MAR07171	[np.float64(7.456973094148011e-05)]
MAR07172	[np.float64(7.456973094148011e-05)]
MAR07174	[0.015956857496100273]
MAR07175	[0.00639132310635336]
MAR07180	[np.float64(7.456973094148011e-05)]
MAR07181	[np.float64(7.456973094148011e-05)]
MAR07183	[np.float64(7.456973094148011e-05)]
MAR07197	[0.00013277844040396965]
MAR07436	[np.float64(7.456973094148011e-05)]
MAR07438	[np.float64(7.456973094148011e-05)]
MAR07440	[np.float64(7.456973094148011e-05)]
MAR08254	[0.008998160734830764]
MAR08255	[0.008998160734830764]
MAR08256	[0.00013277844040396965]
MAR08257	[np.float64(7.456973094148011e-05)]
MAR08258	[0.00013277844040396965]
MAR08260	[0.00013277844040396965]
MAR08261	[0.00013277844040396965]
MAR01532	[np.float64(7.456973094148011e-05)]
MAR07254	[np.float64(7.456973094148011e-05)]
MAR07256	[np.float64(7.456973094148011e-05)]
MAR07258	[0.00013277844040396965]
MAR07259	[0.00013277844040396965]
MAR07260	[0.00013277844040396965]
MAR07261	[np.float64(7.456973094148011e-05)]
MAR07263	[np.float64(7.456973094148011e-05)]
MAR07264	[np.float64(7.456973094148011e-05)]
MAR07265	[np.float64(7.456973094148011e-05)]
MAR07266	[np.float64(7.456973094148011e-05)]
MAR07267	[np.float64(7.456973094148011e-05)]
MAR07268	[np.float64(7.456973094148011e-05)]
MAR07269	[0.00011087029077755572]
MAR07270	[0.00011087029077755572]
MAR07271	[3.0244349662584257e-05]
MAR07274	[np.float64(7.456973094148011e-05)]
MAR07275	[3.0244349662584257e-05]
MAR07276	[np.float64(7.456973094148011e-05)]
MAR07277	[np.float64(7.456973094148011e-05)]
MAR07278	[np.float64(7.456973094148011e-05)]
MAR07279	[np.float64(7.456973094148011e-05)]
MAR07280	[np.float64(7.456973094148011e-05)]
MAR07281	[np.float64(7.456973094148011e-05)]
MAR07285	[2.911814037845049e-05]
MAR07286	[np.float64(7.456973094148011e-05)]
MAR07287	[2.9457860559373696e-05]
MAR07288	[0.00013277844040396965]
MAR07289	[np.float64(7.456973094148011e-05)]
MAR07290	[0.00013277844040396965]
MAR07291	[np.float64(7.456973094148011e-05)]
MAR07292	[0.00013277844040396965]
MAR07293	[np.float64(7.456973094148011e-05)]
MAR07294	[0.00013277844040396965]
MAR07295	[0.00013277844040396965]
MAR07296	[0.00013277844040396965]
MAR07297	[0.00013277844040396965]
MAR07298	[0.00013277844040396965]
MAR07299	[0.00013277844040396965]
MAR07300	[0.00013277844040396965]
MAR07301	[0.00013277844040396965]
MAR07302	[0.00013277844040396965]
MAR07303	[0.00013277844040396965]
MAR07304	[0.00013277844040396965]
MAR07305	[0.00013277844040396965]
MAR07306	[0.00013277844040396965]
MAR07308	[np.float64(7.456973094148011e-05)]
MAR07309	[np.float64(7.456973094148011e-05)]
MAR07310	[np.float64(7.456973094148011e-05)]
MAR07311	[np.float64(7.456973094148011e-05)]
MAR07312	[np.float64(7.456973094148011e-05)]
MAR07313	[np.float64(7.456973094148011e-05)]
MAR07314	[np.float64(7.456973094148011e-05)]
MAR07315	[np.float64(7.456973094148011e-05)]
MAR07316	[np.float64(7.456973094148011e-05)]
MAR07317	[np.float64(7.456973094148011e-05)]
MAR07318	[np.float64(7.456973094148011e-05)]
MAR07319	[np.float64(7.456973094148011e-05)]
MAR07320	[np.float64(7.456973094148011e-05)]
MAR07321	[np.float64(7.456973094148011e-05)]
MAR07322	[np.float64(7.456973094148011e-05)]
MAR07323	[np.float64(7.456973094148011e-05)]
MAR07324	[np.float64(7.456973094148011e-05)]
MAR07325	[9.308697768133802e-05]
MAR07326	[0.005060066926191334]
MAR07327	[5.739849101267972e-05]
MAR07328	[np.float64(7.456973094148011e-05)]
MAR07329	[0.015035447514614596]
MAR07332	[np.float64(7.456973094148011e-05)]
MAR07333	[np.float64(7.456973094148011e-05)]
MAR07334	[np.float64(7.456973094148011e-05)]
MAR07428	[np.float64(7.456973094148011e-05)]
MAR07429	[np.float64(7.456973094148011e-05)]
MAR07574	[np.float64(7.456973094148011e-05)]
MAR07575	[np.float64(7.456973094148011e-05)]
MAR07576	[3.6371271056739e-05]
MAR07577	[3.6371271056739e-05]
MAR07578	[np.float64(7.456973094148011e-05)]
MAR07580	[np.float64(7.456973094148011e-05)]
MAR07582	[np.float64(7.456973094148011e-05)]
MAR07585	[np.float64(7.456973094148011e-05)]
MAR07586	[np.float64(7.456973094148011e-05)]
MAR07587	[np.float64(7.456973094148011e-05)]
MAR08691	[np.float64(7.456973094148011e-05)]
MAR08692	[0.00013277844040396965]
MAR08693	[5.739849101267972e-05]
MAR08694	[np.float64(7.456973094148011e-05)]
MAR08695	[0.00013277844040396965]
MAR05151	[0.015956857496100273]
MAR05152	[0.015956857496100273]
MAR05153	[0.012613840959470973]
MAR05154	[0.015956857496100273]
MAR05155	[0.00013277844040396965]
MAR05156	[0.00013277844040396965]
MAR05157	[0.005472296504682771]
MAR05158	[0.015956857496100273]
MAR05159	[0.015956857496100273]
MAR05160	[0.015956857496100273]
MAR05161	[0.00013277844040396965]
MAR05162	[0.015956857496100273]
MAR05163	[0.0076398639120532665]
MAR05164	[2.9412127499088146e-05]
MAR05165	[0.00011087029077755572]
MAR05166	[np.float64(7.456973094148011e-05)]
MAR05167	[0.00013277844040396965]
MAR05168	[0.00013277844040396965]
MAR05169	[0.00013277844040396965]
MAR05170	[0.00013277844040396965]
MAR05171	[0.00013277844040396965]
MAR05172	[0.00013277844040396965]
MAR05174	[0.00013277844040396965]
MAR07282	[0.00013277844040396965]
MAR07616	[0.00013277844040396965]
MAR07619	[np.float64(7.456973094148011e-05)]
MAR09735	[0.00013277844040396965]
MAR07621	[0.00013277844040396965]
MAR07622	[np.float64(7.456973094148011e-05)]
MAR07624	[0.005472296504682771]
MAR07626	[0.005472296504682771]
MAR05258	[0.015956857496100273]
MAR05259	[2.8925581173028165e-05]
MAR05260	[0.00013277844040396965]
MAR05261	[2.8925581173028165e-05]
MAR05262	[0.00013277844040396965]
MAR05263	[2.8925581173028165e-05]
MAR05264	[0.00013277844040396965]
MAR05265	[2.8925581173028165e-05]
MAR05266	[0.00013277844040396965]
MAR05267	[0.00013277844040396965]
MAR05268	[0.00013277844040396965]
MAR05269	[0.00013277844040396965]
MAR05270	[0.00013277844040396965]
MAR05271	[0.00013277844040396965]
MAR05272	[2.8925581173028165e-05]
MAR05273	[0.00013277844040396965]
MAR05274	[2.8925581173028165e-05]
MAR05275	[0.00013277844040396965]
MAR05276	[2.8925581173028165e-05]
MAR05277	[0.00013277844040396965]
MAR05278	[2.8925581173028165e-05]
MAR05279	[0.00013277844040396965]
MAR05280	[2.8925581173028165e-05]
MAR05281	[0.00013277844040396965]
MAR05282	[2.8925581173028165e-05]
MAR05283	[0.00013277844040396965]
MAR05284	[2.8925581173028165e-05]
MAR05285	[2.8925581173028165e-05]
MAR05286	[2.8925581173028165e-05]
MAR05287	[2.8925581173028165e-05]
MAR05288	[5.581737188270044e-05]
MAR05290	[2.8925581173028165e-05]
MAR05291	[0.00013277844040396965]
MAR09817	[0.00013277844040396965]
MAR09818	[0.00013277844040396965]
MAR05407	[2.8841287887561833e-05]
MAR03851	[0.00013277844040396965]
MAR03861	[np.float64(7.456973094148011e-05)]
MAR03866	[0.00013277844040396965]
MAR03915	[0.015956857496100273]
MAR04084	[np.float64(7.456973094148011e-05)]
MAR04187	[np.float64(7.456973094148011e-05)]
MAR04188	[0.00013277844040396965]
MAR04701	[0.00639132310635336]
MAR04840	[0.00013277844040396965]
MAR04842	[2.9412127499088146e-05]
MAR08662	[np.float64(7.456973094148011e-05)]
MAR08663	[np.float64(7.456973094148011e-05)]
MAR08664	[np.float64(7.456973094148011e-05)]
MAR08665	[0.00013277844040396965]
MAR08666	[0.003934153209311432]
MAR08667	[np.float64(7.456973094148011e-05)]
MAR08668	[np.float64(7.456973094148011e-05)]
MAR08669	[0.00013277844040396965]
MAR00710	[6.448008502800297e-05]
MAR03787	[np.float64(7.456973094148011e-05)]
MAR03957	[3.0597171430433636e-05]
MAR03958	[np.float64(7.456973094148011e-05)]
MAR04139	[np.float64(7.456973094148011e-05)]
MAR04141	[3.0597171430433636e-05]
MAR04145	[np.float64(7.456973094148011e-05)]
MAR04147	[np.float64(7.456973094148011e-05)]
MAR04149	[3.092859332491893e-05]
MAR04152	[np.float64(7.456973094148011e-05)]
MAR04209	[3.3055988230904573e-05]
MAR04408	[2.9457860559373696e-05]
MAR04410	[2.9457860559373696e-05]
MAR04454	[np.float64(7.456973094148011e-05)]
MAR04458	[np.float64(7.456973094148011e-05)]
MAR04465	[np.float64(7.456973094148011e-05)]
MAR04589	[np.float64(7.456973094148011e-05)]
MAR04652	[3.403269217263376e-05]
MAR06413	[3.3055988230904573e-05]
MAR06414	[6.738052001757399e-05]
MAR07704	[0.015956857496100273]
MAR07706	[0.015956857496100273]
MAR08772	[np.float64(7.456973094148011e-05)]
MAR08773	[np.float64(7.456973094148011e-05)]
MAR08774	[0.00013277844040396965]
MAR08775	[2.9412127499088146e-05]
MAR08777	[0.00013277844040396965]
MAR08778	[np.float64(7.456973094148011e-05)]
MAR08779	[np.float64(7.456973094148011e-05)]
MAR08780	[np.float64(7.456973094148011e-05)]
MAR08781	[0.00013277844040396965]
MAR08782	[np.float64(7.456973094148011e-05)]
MAR03975	[3.3867144279647894e-05]
MAR03977	[3.3867144279647894e-05]
MAR03979	[3.3867144279647894e-05]
MAR06911	[3.366031671804715e-05]
MAR06912	[3.3867144279647894e-05]
MAR06914	[2.8841287887561833e-05]
MAR06916	[2.8841287887561833e-05]
MAR06918	[2.8841287887561833e-05]
MAR06921	[2.8841287887561833e-05]
MAR03960	[7.06289065084333e-05]
MAR03980	[np.float64(7.456973094148011e-05)]
MAR03982	[np.float64(7.456973094148011e-05)]
MAR04767	[0.00013277844040396965]
MAR06608	[0.00013277844040396965]
MAR08409	[0.015956857496100273]
MAR08410	[np.float64(7.456973094148011e-05)]
MAR08413	[7.06289065084333e-05]
MAR08415	[7.06289065084333e-05]
MAR00156	[0.005060066926191334]
MAR00165	[0.005060066926191334]
MAR00168	[0.005060066926191334]
MAR00171	[0.005060066926191334]
MAR00174	[0.005060066926191334]
MAR00177	[0.005060066926191334]
MAR00180	[0.005060066926191334]
MAR00184	[0.005060066926191334]
MAR00188	[np.float64(7.456973094148011e-05)]
MAR00192	[np.float64(7.456973094148011e-05)]
MAR00196	[np.float64(7.456973094148011e-05)]
MAR00200	[np.float64(7.456973094148011e-05)]
MAR00204	[np.float64(7.456973094148011e-05)]
MAR00209	[np.float64(7.456973094148011e-05)]
MAR00213	[np.float64(7.456973094148011e-05)]
MAR00217	[np.float64(7.456973094148011e-05)]
MAR00226	[np.float64(7.456973094148011e-05)]
MAR00233	[np.float64(7.456973094148011e-05)]
MAR00237	[np.float64(7.456973094148011e-05)]
MAR00241	[np.float64(7.456973094148011e-05)]
MAR00245	[np.float64(7.456973094148011e-05)]
MAR00249	[np.float64(7.456973094148011e-05)]
MAR00255	[np.float64(7.456973094148011e-05)]
MAR00259	[np.float64(7.456973094148011e-05)]
MAR00263	[np.float64(7.456973094148011e-05)]
MAR00267	[np.float64(7.456973094148011e-05)]
MAR00271	[np.float64(7.456973094148011e-05)]
MAR00275	[np.float64(7.456973094148011e-05)]
MAR00279	[np.float64(7.456973094148011e-05)]
MAR00283	[np.float64(7.456973094148011e-05)]
MAR00289	[np.float64(7.456973094148011e-05)]
MAR00293	[np.float64(7.456973094148011e-05)]
MAR00297	[np.float64(7.456973094148011e-05)]
MAR00301	[np.float64(7.456973094148011e-05)]
MAR00305	[np.float64(7.456973094148011e-05)]
MAR00309	[np.float64(7.456973094148011e-05)]
MAR00313	[np.float64(7.456973094148011e-05)]
MAR00319	[np.float64(7.456973094148011e-05)]
MAR00323	[np.float64(7.456973094148011e-05)]
MAR00327	[np.float64(7.456973094148011e-05)]
MAR00331	[np.float64(7.456973094148011e-05)]
MAR00337	[np.float64(7.456973094148011e-05)]
MAR00341	[np.float64(7.456973094148011e-05)]
MAR00345	[np.float64(7.456973094148011e-05)]
MAR00349	[np.float64(7.456973094148011e-05)]
MAR00353	[np.float64(7.456973094148011e-05)]
MAR00357	[np.float64(7.456973094148011e-05)]
MAR00361	[np.float64(7.456973094148011e-05)]
MAR00365	[np.float64(7.456973094148011e-05)]
MAR00369	[np.float64(7.456973094148011e-05)]
MAR00373	[np.float64(7.456973094148011e-05)]
MAR00377	[np.float64(7.456973094148011e-05)]
MAR00381	[np.float64(7.456973094148011e-05)]
MAR00385	[np.float64(7.456973094148011e-05)]
MAR00389	[np.float64(7.456973094148011e-05)]
MAR00393	[np.float64(7.456973094148011e-05)]
MAR00397	[np.float64(7.456973094148011e-05)]
MAR00401	[np.float64(7.456973094148011e-05)]
MAR00405	[np.float64(7.456973094148011e-05)]
MAR00409	[np.float64(7.456973094148011e-05)]
MAR00413	[np.float64(7.456973094148011e-05)]
MAR00417	[np.float64(7.456973094148011e-05)]
MAR00421	[np.float64(7.456973094148011e-05)]
MAR00425	[np.float64(7.456973094148011e-05)]
MAR00429	[np.float64(7.456973094148011e-05)]
MAR00433	[np.float64(7.456973094148011e-05)]
MAR00437	[np.float64(7.456973094148011e-05)]
MAR02942	[np.float64(7.456973094148011e-05)]
MAR02943	[np.float64(7.456973094148011e-05)]
MAR02944	[np.float64(7.456973094148011e-05)]
MAR02945	[np.float64(7.456973094148011e-05)]
MAR02946	[np.float64(7.456973094148011e-05)]
MAR02947	[np.float64(7.456973094148011e-05)]
MAR02948	[np.float64(7.456973094148011e-05)]
MAR02949	[np.float64(7.456973094148011e-05)]
MAR02951	[np.float64(7.456973094148011e-05)]
MAR02952	[np.float64(7.456973094148011e-05)]
MAR02954	[np.float64(7.456973094148011e-05)]
MAR02955	[np.float64(7.456973094148011e-05)]
MAR02956	[np.float64(7.456973094148011e-05)]
MAR02957	[np.float64(7.456973094148011e-05)]
MAR02959	[np.float64(7.456973094148011e-05)]
MAR02961	[np.float64(7.456973094148011e-05)]
MAR02962	[np.float64(7.456973094148011e-05)]
MAR02963	[np.float64(7.456973094148011e-05)]
MAR02964	[np.float64(7.456973094148011e-05)]
MAR02965	[np.float64(7.456973094148011e-05)]
MAR02966	[np.float64(7.456973094148011e-05)]
MAR02967	[np.float64(7.456973094148011e-05)]
MAR02968	[np.float64(7.456973094148011e-05)]
MAR02969	[np.float64(7.456973094148011e-05)]
MAR02970	[np.float64(7.456973094148011e-05)]
MAR02971	[np.float64(7.456973094148011e-05)]
MAR02972	[np.float64(7.456973094148011e-05)]
MAR02973	[np.float64(7.456973094148011e-05)]
MAR02974	[np.float64(7.456973094148011e-05)]
MAR02975	[np.float64(7.456973094148011e-05)]
MAR02976	[np.float64(7.456973094148011e-05)]
MAR02977	[np.float64(7.456973094148011e-05)]
MAR02978	[np.float64(7.456973094148011e-05)]
MAR02979	[np.float64(7.456973094148011e-05)]
MAR02980	[np.float64(7.456973094148011e-05)]
MAR02981	[np.float64(7.456973094148011e-05)]
MAR02982	[np.float64(7.456973094148011e-05)]
MAR02983	[np.float64(7.456973094148011e-05)]
MAR02984	[np.float64(7.456973094148011e-05)]
MAR02985	[np.float64(7.456973094148011e-05)]
MAR02986	[np.float64(7.456973094148011e-05)]
MAR02987	[np.float64(7.456973094148011e-05)]
MAR02988	[np.float64(7.456973094148011e-05)]
MAR02989	[np.float64(7.456973094148011e-05)]
MAR02990	[np.float64(7.456973094148011e-05)]
MAR02991	[np.float64(7.456973094148011e-05)]
MAR02992	[np.float64(7.456973094148011e-05)]
MAR02994	[np.float64(7.456973094148011e-05)]
MAR02996	[np.float64(7.456973094148011e-05)]
MAR02998	[np.float64(7.456973094148011e-05)]
MAR02999	[np.float64(7.456973094148011e-05)]
MAR03000	[np.float64(7.456973094148011e-05)]
MAR03001	[np.float64(7.456973094148011e-05)]
MAR03002	[np.float64(7.456973094148011e-05)]
MAR03003	[np.float64(7.456973094148011e-05)]
MAR02152	[np.float64(7.456973094148011e-05)]
MAR02153	[np.float64(7.456973094148011e-05)]
MAR02154	[np.float64(7.456973094148011e-05)]
MAR02155	[np.float64(7.456973094148011e-05)]
MAR02156	[np.float64(7.456973094148011e-05)]
MAR02157	[np.float64(7.456973094148011e-05)]
MAR02158	[np.float64(7.456973094148011e-05)]
MAR02159	[np.float64(7.456973094148011e-05)]
MAR02160	[np.float64(7.456973094148011e-05)]
MAR02161	[np.float64(7.456973094148011e-05)]
MAR02162	[np.float64(7.456973094148011e-05)]
MAR02163	[np.float64(7.456973094148011e-05)]
MAR02164	[np.float64(7.456973094148011e-05)]
MAR02165	[np.float64(7.456973094148011e-05)]
MAR02166	[np.float64(7.456973094148011e-05)]
MAR02167	[np.float64(7.456973094148011e-05)]
MAR02168	[np.float64(7.456973094148011e-05)]
MAR02169	[np.float64(7.456973094148011e-05)]
MAR02170	[np.float64(7.456973094148011e-05)]
MAR02171	[np.float64(7.456973094148011e-05)]
MAR02173	[np.float64(7.456973094148011e-05)]
MAR02174	[np.float64(7.456973094148011e-05)]
MAR02175	[np.float64(7.456973094148011e-05)]
MAR02176	[np.float64(7.456973094148011e-05)]
MAR02178	[np.float64(7.456973094148011e-05)]
MAR02179	[np.float64(7.456973094148011e-05)]
MAR02180	[np.float64(7.456973094148011e-05)]
MAR02181	[np.float64(7.456973094148011e-05)]
MAR04295	[8.576115130268839e-05]
MAR02227	[np.float64(7.456973094148011e-05)]
MAR02228	[np.float64(7.456973094148011e-05)]
MAR02229	[np.float64(7.456973094148011e-05)]
MAR02230	[np.float64(7.456973094148011e-05)]
MAR02231	[np.float64(7.456973094148011e-05)]
MAR02232	[np.float64(7.456973094148011e-05)]
MAR02233	[np.float64(7.456973094148011e-05)]
MAR02234	[np.float64(7.456973094148011e-05)]
MAR02235	[np.float64(7.456973094148011e-05)]
MAR02236	[np.float64(7.456973094148011e-05)]
MAR02237	[np.float64(7.456973094148011e-05)]
MAR02238	[np.float64(7.456973094148011e-05)]
MAR02239	[np.float64(7.456973094148011e-05)]
MAR02240	[np.float64(7.456973094148011e-05)]
MAR02241	[np.float64(7.456973094148011e-05)]
MAR02242	[np.float64(7.456973094148011e-05)]
MAR02243	[np.float64(7.456973094148011e-05)]
MAR02244	[np.float64(7.456973094148011e-05)]
MAR02245	[np.float64(7.456973094148011e-05)]
MAR02246	[np.float64(7.456973094148011e-05)]
MAR02247	[np.float64(7.456973094148011e-05)]
MAR02249	[np.float64(7.456973094148011e-05)]
MAR02250	[np.float64(7.456973094148011e-05)]
MAR02251	[np.float64(7.456973094148011e-05)]
MAR02252	[np.float64(7.456973094148011e-05)]
MAR02254	[np.float64(7.456973094148011e-05)]
MAR02255	[np.float64(7.456973094148011e-05)]
MAR02256	[np.float64(7.456973094148011e-05)]
MAR02257	[np.float64(7.456973094148011e-05)]
MAR02305	[4.067851433658209e-05]
MAR02307	[np.float64(7.456973094148011e-05)]
MAR02309	[3.317093128180705e-05]
MAR02311	[np.float64(7.456973094148011e-05)]
MAR02315	[4.067851433658209e-05]
MAR02317	[np.float64(7.456973094148011e-05)]
MAR02319	[3.317093128180705e-05]
MAR02321	[np.float64(7.456973094148011e-05)]
MAR02324	[4.067851433658209e-05]
MAR02326	[np.float64(7.456973094148011e-05)]
MAR02328	[3.317093128180705e-05]
MAR02330	[np.float64(7.456973094148011e-05)]
MAR02332	[4.067851433658209e-05]
MAR02334	[np.float64(7.456973094148011e-05)]
MAR02336	[3.317093128180705e-05]
MAR02338	[np.float64(7.456973094148011e-05)]
MAR02342	[4.067851433658209e-05]
MAR02343	[np.float64(7.456973094148011e-05)]
MAR02344	[3.317093128180705e-05]
MAR02345	[np.float64(7.456973094148011e-05)]
MAR02347	[4.067851433658209e-05]
MAR02348	[np.float64(7.456973094148011e-05)]
MAR02349	[3.317093128180705e-05]
MAR02350	[np.float64(7.456973094148011e-05)]
MAR02353	[4.067851433658209e-05]
MAR02354	[np.float64(7.456973094148011e-05)]
MAR02355	[3.317093128180705e-05]
MAR02356	[np.float64(7.456973094148011e-05)]
MAR02361	[4.067851433658209e-05]
MAR02362	[np.float64(7.456973094148011e-05)]
MAR02363	[3.317093128180705e-05]
MAR02364	[np.float64(7.456973094148011e-05)]
MAR02190	[4.067851433658209e-05]
MAR02191	[np.float64(7.456973094148011e-05)]
MAR02193	[3.317093128180705e-05]
MAR02194	[np.float64(7.456973094148011e-05)]
MAR02201	[4.067851433658209e-05]
MAR02202	[np.float64(7.456973094148011e-05)]
MAR02203	[3.317093128180705e-05]
MAR02204	[np.float64(7.456973094148011e-05)]
MAR02205	[4.067851433658209e-05]
MAR02208	[np.float64(7.456973094148011e-05)]
MAR02209	[3.317093128180705e-05]
MAR02210	[np.float64(7.456973094148011e-05)]
MAR02211	[4.067851433658209e-05]
MAR02212	[np.float64(7.456973094148011e-05)]
MAR02213	[3.317093128180705e-05]
MAR02214	[np.float64(7.456973094148011e-05)]
MAR02215	[4.067851433658209e-05]
MAR02217	[np.float64(7.456973094148011e-05)]
MAR02218	[3.317093128180705e-05]
MAR02219	[np.float64(7.456973094148011e-05)]
MAR02259	[4.067851433658209e-05]
MAR02260	[np.float64(7.456973094148011e-05)]
MAR02261	[3.317093128180705e-05]
MAR02262	[np.float64(7.456973094148011e-05)]
MAR02263	[4.067851433658209e-05]
MAR02264	[np.float64(7.456973094148011e-05)]
MAR02265	[3.317093128180705e-05]
MAR02266	[np.float64(7.456973094148011e-05)]
MAR02267	[4.067851433658209e-05]
MAR02268	[np.float64(7.456973094148011e-05)]
MAR02269	[3.317093128180705e-05]
MAR02270	[np.float64(7.456973094148011e-05)]
MAR02281	[2.8841287887561833e-05]
MAR02282	[2.8841287887561833e-05]
MAR02284	[2.8841287887561833e-05]
MAR02286	[2.8841287887561833e-05]
MAR02287	[2.8841287887561833e-05]
MAR02292	[2.8841287887561833e-05]
MAR02293	[2.8841287887561833e-05]
MAR02294	[2.8841287887561833e-05]
MAR02295	[2.8841287887561833e-05]
MAR02296	[2.8841287887561833e-05]
MAR02359	[np.float64(7.456973094148011e-05)]
MAR02365	[np.float64(7.456973094148011e-05)]
MAR02288	[2.8841287887561833e-05]
MAR02289	[2.8841287887561833e-05]
MAR00709	[5.306890242565636e-05]
MAR02150	[np.float64(7.456973094148011e-05)]
MAR02151	[np.float64(7.456973094148011e-05)]
MAR02172	[np.float64(7.456973094148011e-05)]
MAR02177	[np.float64(7.456973094148011e-05)]
MAR02182	[np.float64(7.456973094148011e-05)]
MAR02248	[np.float64(7.456973094148011e-05)]
MAR02253	[np.float64(7.456973094148011e-05)]
MAR02258	[np.float64(7.456973094148011e-05)]
MAR02437	[0.00013277844040396965]
MAR02438	[np.float64(7.456973094148011e-05)]
MAR02439	[0.00013277844040396965]
MAR02440	[0.005852844278902521]
MAR02441	[2.8841287887561833e-05]
MAR02442	[0.00013277844040396965]
MAR02443	[0.00013277844040396965]
MAR02444	[0.00013277844040396965]
MAR02445	[0.00013277844040396965]
MAR02446	[0.00013277844040396965]
MAR02447	[0.00013277844040396965]
MAR02448	[0.00013277844040396965]
MAR02449	[0.00013277844040396965]
MAR02450	[0.00013277844040396965]
MAR02451	[0.00013277844040396965]
MAR02452	[0.00013277844040396965]
MAR02453	[0.00013277844040396965]
MAR02454	[0.00013277844040396965]
MAR02455	[np.float64(7.456973094148011e-05)]
MAR02456	[np.float64(7.456973094148011e-05)]
MAR02457	[np.float64(7.456973094148011e-05)]
MAR02458	[np.float64(7.456973094148011e-05)]
MAR02459	[np.float64(7.456973094148011e-05)]
MAR02460	[np.float64(7.456973094148011e-05)]
MAR02461	[np.float64(7.456973094148011e-05)]
MAR02462	[np.float64(7.456973094148011e-05)]
MAR02463	[np.float64(7.456973094148011e-05)]
MAR02464	[np.float64(7.456973094148011e-05)]
MAR02465	[np.float64(7.456973094148011e-05)]
MAR02466	[np.float64(7.456973094148011e-05)]
MAR02467	[np.float64(7.456973094148011e-05)]
MAR02468	[np.float64(7.456973094148011e-05)]
MAR02469	[np.float64(7.456973094148011e-05)]
MAR02470	[np.float64(7.456973094148011e-05)]
MAR06397	[np.float64(7.456973094148011e-05)]
MAR06402	[np.float64(7.456973094148011e-05)]
MAR06403	[9.620059724197572e-05]
MAR06404	[np.float64(7.456973094148011e-05)]
MAR02472	[np.float64(7.456973094148011e-05)]
MAR02475	[4.067851433658209e-05]
MAR02478	[np.float64(7.456973094148011e-05)]
MAR02480	[3.317093128180705e-05]
MAR02482	[np.float64(7.456973094148011e-05)]
MAR02484	[np.float64(7.456973094148011e-05)]
MAR02486	[4.067851433658209e-05]
MAR02489	[np.float64(7.456973094148011e-05)]
MAR02491	[3.317093128180705e-05]
MAR02493	[np.float64(7.456973094148011e-05)]
MAR02495	[0.00013277844040396965]
MAR02497	[4.067851433658209e-05]
MAR02499	[np.float64(7.456973094148011e-05)]
MAR02501	[3.317093128180705e-05]
MAR02503	[np.float64(7.456973094148011e-05)]
MAR02505	[np.float64(7.456973094148011e-05)]
MAR02510	[np.float64(7.456973094148011e-05)]
MAR02511	[3.262101882673672e-05]
MAR02512	[np.float64(7.456973094148011e-05)]
MAR02513	[np.float64(7.456973094148011e-05)]
MAR02514	[0.00013277844040396965]
MAR02515	[4.067851433658209e-05]
MAR02516	[np.float64(7.456973094148011e-05)]
MAR02518	[3.317093128180705e-05]
MAR02520	[np.float64(7.456973094148011e-05)]
MAR02522	[4.067851433658209e-05]
MAR02524	[np.float64(7.456973094148011e-05)]
MAR02526	[3.317093128180705e-05]
MAR02528	[np.float64(7.456973094148011e-05)]
MAR02530	[4.067851433658209e-05]
MAR02533	[np.float64(7.456973094148011e-05)]
MAR02535	[3.317093128180705e-05]
MAR02537	[np.float64(7.456973094148011e-05)]
MAR02540	[4.067851433658209e-05]
MAR02541	[np.float64(7.456973094148011e-05)]
MAR02542	[3.317093128180705e-05]
MAR02543	[np.float64(7.456973094148011e-05)]
MAR02544	[0.0063255333240134545]
MAR02545	[0.00013277844040396965]
MAR02546	[np.float64(7.456973094148011e-05)]
MAR02548	[np.float64(7.456973094148011e-05)]
MAR02549	[0.00013277844040396965]
MAR02550	[0.00013277844040396965]
MAR02551	[np.float64(7.456973094148011e-05)]
MAR02552	[np.float64(7.456973094148011e-05)]
MAR02553	[np.float64(7.456973094148011e-05)]
MAR02555	[np.float64(7.456973094148011e-05)]
MAR02556	[np.float64(7.456973094148011e-05)]
MAR02557	[np.float64(7.456973094148011e-05)]
MAR02558	[0.00013277844040396965]
MAR02559	[0.00013277844040396965]
MAR02560	[0.00013277844040396965]
MAR02561	[0.0063255333240134545]
MAR02562	[np.float64(7.456973094148011e-05)]
MAR02563	[np.float64(7.456973094148011e-05)]
MAR02565	[0.0063255333240134545]
MAR02566	[np.float64(7.456973094148011e-05)]
MAR02567	[0.00013277844040396965]
MAR02568	[0.0063255333240134545]
MAR02570	[np.float64(7.456973094148011e-05)]
MAR02571	[0.00013277844040396965]
MAR02572	[0.0063255333240134545]
MAR02573	[np.float64(7.456973094148011e-05)]
MAR02574	[np.float64(7.456973094148011e-05)]
MAR02576	[np.float64(7.456973094148011e-05)]
MAR02577	[0.00013277844040396965]
MAR02578	[0.0063255333240134545]
MAR02579	[np.float64(7.456973094148011e-05)]
MAR02580	[np.float64(7.456973094148011e-05)]
MAR02581	[np.float64(7.456973094148011e-05)]
MAR02582	[np.float64(7.456973094148011e-05)]
MAR02583	[2.9282009943475488e-05]
MAR02584	[2.9282009943475488e-05]
MAR02586	[0.0063255333240134545]
MAR02587	[0.00013277844040396965]
MAR02368	[np.float64(7.456973094148011e-05)]
MAR02371	[4.067851433658209e-05]
MAR02374	[0.00013277844040396965]
MAR02376	[0.00013277844040396965]
MAR02378	[np.float64(7.456973094148011e-05)]
MAR02380	[np.float64(7.456973094148011e-05)]
MAR02383	[4.067851433658209e-05]
MAR02387	[np.float64(7.456973094148011e-05)]
MAR02389	[3.317093128180705e-05]
MAR02391	[0.00013277844040396965]
MAR02393	[0.00013277844040396965]
MAR02395	[4.067851433658209e-05]
MAR02397	[np.float64(7.456973094148011e-05)]
MAR02399	[3.317093128180705e-05]
MAR02401	[np.float64(7.456973094148011e-05)]
MAR02403	[0.00013277844040396965]
MAR02408	[np.float64(7.456973094148011e-05)]
MAR02409	[3.262101882673672e-05]
MAR02410	[np.float64(7.456973094148011e-05)]
MAR02411	[np.float64(7.456973094148011e-05)]
MAR02412	[0.00013277844040396965]
MAR02415	[4.067851433658209e-05]
MAR02417	[np.float64(7.456973094148011e-05)]
MAR02419	[3.317093128180705e-05]
MAR02421	[np.float64(7.456973094148011e-05)]
MAR02423	[4.067851433658209e-05]
MAR02426	[np.float64(7.456973094148011e-05)]
MAR02428	[3.317093128180705e-05]
MAR02430	[np.float64(7.456973094148011e-05)]
MAR02433	[4.067851433658209e-05]
MAR02434	[np.float64(7.456973094148011e-05)]
MAR02435	[3.317093128180705e-05]
MAR02436	[np.float64(7.456973094148011e-05)]
MAR03444	[3.2172946689975885e-05]
MAR03445	[np.float64(7.456973094148011e-05)]
MAR03446	[np.float64(7.456973094148011e-05)]
MAR03447	[np.float64(7.456973094148011e-05)]
MAR03448	[3.2172946689975885e-05]
MAR03449	[3.262101882673672e-05]
MAR03450	[3.012129769288026e-05]
MAR03452	[3.2172946689975885e-05]
MAR03453	[3.262101882673672e-05]
MAR03454	[3.012129769288026e-05]
MAR03455	[3.262101882673672e-05]
MAR03456	[3.2172946689975885e-05]
MAR03457	[np.float64(7.456973094148011e-05)]
MAR03458	[np.float64(7.456973094148011e-05)]
MAR03459	[np.float64(7.456973094148011e-05)]
MAR03460	[3.262101882673672e-05]
MAR03461	[np.float64(7.456973094148011e-05)]
MAR03462	[3.262101882673672e-05]
MAR03463	[3.262101882673672e-05]
MAR03464	[np.float64(7.456973094148011e-05)]
MAR03466	[np.float64(7.456973094148011e-05)]
MAR03467	[3.262101882673672e-05]
MAR03468	[np.float64(7.456973094148011e-05)]
MAR03469	[np.float64(7.456973094148011e-05)]
MAR03470	[np.float64(7.456973094148011e-05)]
MAR03471	[np.float64(7.456973094148011e-05)]
MAR03472	[3.262101882673672e-05]
MAR00931	[np.float64(7.456973094148011e-05)]
MAR00932	[np.float64(7.456973094148011e-05)]
MAR00933	[np.float64(7.456973094148011e-05)]
MAR00934	[np.float64(7.456973094148011e-05)]
MAR00935	[np.float64(7.456973094148011e-05)]
MAR00936	[np.float64(7.456973094148011e-05)]
MAR00937	[np.float64(7.456973094148011e-05)]
MAR00938	[np.float64(7.456973094148011e-05)]
MAR00939	[np.float64(7.456973094148011e-05)]
MAR00940	[np.float64(7.456973094148011e-05)]
MAR00942	[np.float64(7.456973094148011e-05)]
MAR00943	[np.float64(7.456973094148011e-05)]
MAR00944	[np.float64(7.456973094148011e-05)]
MAR00945	[np.float64(7.456973094148011e-05)]
MAR00946	[np.float64(7.456973094148011e-05)]
MAR00947	[np.float64(7.456973094148011e-05)]
MAR00948	[np.float64(7.456973094148011e-05)]
MAR00949	[np.float64(7.456973094148011e-05)]
MAR00950	[np.float64(7.456973094148011e-05)]
MAR00951	[np.float64(7.456973094148011e-05)]
MAR00953	[np.float64(7.456973094148011e-05)]
MAR00954	[np.float64(7.456973094148011e-05)]
MAR00955	[np.float64(7.456973094148011e-05)]
MAR00956	[np.float64(7.456973094148011e-05)]
MAR00957	[np.float64(7.456973094148011e-05)]
MAR00958	[0.0063255333240134545]
MAR00959	[0.0063255333240134545]
MAR00960	[2.8841287887561833e-05]
MAR00961	[np.float64(7.456973094148011e-05)]
MAR00963	[2.8841287887561833e-05]
MAR00964	[np.float64(7.456973094148011e-05)]
MAR00967	[np.float64(7.456973094148011e-05)]
MAR00969	[np.float64(7.456973094148011e-05)]
MAR00971	[0.0063255333240134545]
MAR00973	[np.float64(7.456973094148011e-05)]
MAR00976	[np.float64(7.456973094148011e-05)]
MAR00979	[0.00013277844040396965]
MAR00980	[np.float64(7.456973094148011e-05)]
MAR00981	[np.float64(7.456973094148011e-05)]
MAR00983	[0.005852844278902521]
MAR00985	[0.005852844278902521]
MAR00986	[0.005852844278902521]
MAR00987	[0.005852844278902521]
MAR00988	[2.8841287887561833e-05]
MAR00989	[0.00013277844040396965]
MAR00990	[0.00013277844040396965]
MAR00991	[np.float64(7.456973094148011e-05)]
MAR00992	[np.float64(7.456973094148011e-05)]
MAR00993	[np.float64(7.456973094148011e-05)]
MAR00994	[np.float64(7.456973094148011e-05)]
MAR00995	[np.float64(7.456973094148011e-05)]
MAR00996	[np.float64(7.456973094148011e-05)]
MAR00997	[np.float64(7.456973094148011e-05)]
MAR00998	[0.0063255333240134545]
MAR00999	[0.0063255333240134545]
MAR01000	[0.0063255333240134545]
MAR01002	[np.float64(7.456973094148011e-05)]
MAR01003	[np.float64(7.456973094148011e-05)]
MAR01004	[np.float64(7.456973094148011e-05)]
MAR01006	[np.float64(7.456973094148011e-05)]
MAR01007	[np.float64(7.456973094148011e-05)]
MAR01008	[np.float64(7.456973094148011e-05)]
MAR01010	[np.float64(7.456973094148011e-05)]
MAR01011	[np.float64(7.456973094148011e-05)]
MAR01013	[0.0063255333240134545]
MAR01014	[0.0063255333240134545]
MAR01015	[0.0063255333240134545]
MAR01016	[0.0063255333240134545]
MAR01017	[0.0063255333240134545]
MAR01018	[0.0063255333240134545]
MAR01020	[np.float64(7.456973094148011e-05)]
MAR01021	[np.float64(7.456973094148011e-05)]
MAR01022	[np.float64(7.456973094148011e-05)]
MAR01023	[np.float64(7.456973094148011e-05)]
MAR01025	[np.float64(7.456973094148011e-05)]
MAR01026	[np.float64(7.456973094148011e-05)]
MAR01027	[np.float64(7.456973094148011e-05)]
MAR01028	[np.float64(7.456973094148011e-05)]
MAR01029	[np.float64(7.456973094148011e-05)]
MAR01030	[np.float64(7.456973094148011e-05)]
MAR01033	[np.float64(7.456973094148011e-05)]
MAR01034	[np.float64(7.456973094148011e-05)]
MAR01037	[np.float64(7.456973094148011e-05)]
MAR01039	[np.float64(7.456973094148011e-05)]
MAR01040	[0.00013277844040396965]
MAR01041	[0.00013277844040396965]
MAR01042	[0.00013277844040396965]
MAR01043	[2.8841287887561833e-05]
MAR01045	[2.8841287887561833e-05]
MAR01048	[2.8841287887561833e-05]
MAR01049	[2.8841287887561833e-05]
MAR01050	[2.8841287887561833e-05]
MAR01053	[2.8841287887561833e-05]
MAR01054	[2.8841287887561833e-05]
MAR01055	[np.float64(7.456973094148011e-05)]
MAR01057	[np.float64(7.456973094148011e-05)]
MAR01058	[np.float64(7.456973094148011e-05)]
MAR01059	[np.float64(7.456973094148011e-05)]
MAR01061	[np.float64(7.456973094148011e-05)]
MAR01062	[np.float64(7.456973094148011e-05)]
MAR01063	[np.float64(7.456973094148011e-05)]
MAR01064	[np.float64(7.456973094148011e-05)]
MAR01065	[2.9457920097090758e-05]
MAR01066	[2.9457920097090758e-05]
MAR01067	[2.9457920097090758e-05]
MAR01068	[2.9457920097090758e-05]
MAR01069	[2.9457920097090758e-05]
MAR01070	[2.9457920097090758e-05]
MAR01071	[np.float64(7.456973094148011e-05)]
MAR01072	[np.float64(7.456973094148011e-05)]
MAR01073	[np.float64(7.456973094148011e-05)]
MAR01074	[np.float64(7.456973094148011e-05)]
MAR01075	[0.0063255333240134545]
MAR01077	[0.0063255333240134545]
MAR01079	[np.float64(7.456973094148011e-05)]
MAR03015	[5.306890242565636e-05]
MAR01080	[5.70977037682201e-05]
MAR01081	[np.float64(7.456973094148011e-05)]
MAR01084	[np.float64(7.456973094148011e-05)]
MAR01085	[0.009947721923987943]
MAR01087	[0.00013277844040396965]
MAR01088	[3.569071352192605e-05]
MAR01091	[3.569071352192605e-05]
MAR01092	[0.00013277844040396965]
MAR01093	[np.float64(7.456973094148011e-05)]
MAR01096	[np.float64(7.456973094148011e-05)]
MAR01097	[np.float64(7.456973094148011e-05)]
MAR01098	[np.float64(7.456973094148011e-05)]
MAR01099	[np.float64(7.456973094148011e-05)]
MAR01100	[np.float64(7.456973094148011e-05)]
MAR01101	[np.float64(7.456973094148011e-05)]
MAR01102	[np.float64(7.456973094148011e-05)]
MAR01103	[np.float64(7.456973094148011e-05)]
MAR01105	[np.float64(7.456973094148011e-05)]
MAR01106	[np.float64(7.456973094148011e-05)]
MAR01107	[np.float64(7.456973094148011e-05)]
MAR01108	[np.float64(7.456973094148011e-05)]
MAR01109	[np.float64(7.456973094148011e-05)]
MAR01110	[np.float64(7.456973094148011e-05)]
MAR01111	[np.float64(7.456973094148011e-05)]
MAR01112	[np.float64(7.456973094148011e-05)]
MAR01113	[0.00013277844040396965]
MAR01114	[0.00013277844040396965]
MAR01115	[0.00013277844040396965]
MAR01116	[np.float64(7.456973094148011e-05)]
MAR01117	[np.float64(7.456973094148011e-05)]
MAR01119	[2.8841287887561833e-05]
MAR01120	[2.8841287887561833e-05]
MAR01121	[2.8841287887561833e-05]
MAR01122	[2.8841287887561833e-05]
MAR01123	[np.float64(7.456973094148011e-05)]
MAR01124	[np.float64(7.456973094148011e-05)]
MAR01125	[np.float64(7.456973094148011e-05)]
MAR01126	[np.float64(7.456973094148011e-05)]
MAR01127	[np.float64(7.456973094148011e-05)]
MAR01128	[np.float64(7.456973094148011e-05)]
MAR01129	[np.float64(7.456973094148011e-05)]
MAR01130	[np.float64(7.456973094148011e-05)]
MAR01131	[np.float64(7.456973094148011e-05)]
MAR01132	[np.float64(7.456973094148011e-05)]
MAR01133	[np.float64(7.456973094148011e-05)]
MAR01134	[np.float64(7.456973094148011e-05)]
MAR01136	[0.00013277844040396965]
MAR01137	[np.float64(7.456973094148011e-05)]
MAR01138	[np.float64(7.456973094148011e-05)]
MAR01139	[np.float64(7.456973094148011e-05)]
MAR01140	[np.float64(7.456973094148011e-05)]
MAR01142	[0.00013277844040396965]
MAR01146	[np.float64(7.456973094148011e-05)]
MAR01147	[np.float64(7.456973094148011e-05)]
MAR01148	[np.float64(7.456973094148011e-05)]
MAR01149	[np.float64(7.456973094148011e-05)]
MAR01150	[np.float64(7.456973094148011e-05)]
MAR01151	[np.float64(7.456973094148011e-05)]
MAR01152	[np.float64(7.456973094148011e-05)]
MAR01153	[np.float64(7.456973094148011e-05)]
MAR01154	[np.float64(7.456973094148011e-05)]
MAR01155	[np.float64(7.456973094148011e-05)]
MAR01156	[np.float64(7.456973094148011e-05)]
MAR01157	[np.float64(7.456973094148011e-05)]
MAR01158	[np.float64(7.456973094148011e-05)]
MAR01159	[np.float64(7.456973094148011e-05)]
MAR01160	[np.float64(7.456973094148011e-05)]
MAR01161	[np.float64(7.456973094148011e-05)]
MAR01162	[np.float64(7.456973094148011e-05)]
MAR01163	[3.262101882673672e-05]
MAR01164	[3.262101882673672e-05]
MAR01165	[3.012129769288026e-05]
MAR01166	[np.float64(7.456973094148011e-05)]
MAR01167	[3.262101882673672e-05]
MAR01168	[np.float64(7.456973094148011e-05)]
MAR01170	[7.43681259301101e-05]
MAR01171	[7.43681259301101e-05]
MAR01186	[0.00013277844040396965]
MAR01190	[np.float64(7.456973094148011e-05)]
MAR01191	[np.float64(7.456973094148011e-05)]
MAR01192	[np.float64(7.456973094148011e-05)]
MAR01193	[np.float64(7.456973094148011e-05)]
MAR01194	[np.float64(7.456973094148011e-05)]
MAR01195	[np.float64(7.456973094148011e-05)]
MAR01196	[np.float64(7.456973094148011e-05)]
MAR01197	[0.00013277844040396965]
MAR01198	[0.00013277844040396965]
MAR01199	[0.00013277844040396965]
MAR01200	[np.float64(7.456973094148011e-05)]
MAR01201	[np.float64(7.456973094148011e-05)]
MAR01202	[np.float64(7.456973094148011e-05)]
MAR01203	[np.float64(7.456973094148011e-05)]
MAR01204	[np.float64(7.456973094148011e-05)]
MAR01205	[np.float64(7.456973094148011e-05)]
MAR01206	[3.262101882673672e-05]
MAR01207	[3.262101882673672e-05]
MAR01208	[3.012129769288026e-05]
MAR01209	[np.float64(7.456973094148011e-05)]
MAR01210	[3.262101882673672e-05]
MAR01211	[np.float64(7.456973094148011e-05)]
MAR01212	[7.43681259301101e-05]
MAR01213	[7.43681259301101e-05]
MAR01228	[np.float64(7.456973094148011e-05)]
MAR01229	[np.float64(7.456973094148011e-05)]
MAR01230	[np.float64(7.456973094148011e-05)]
MAR01231	[np.float64(7.456973094148011e-05)]
MAR01232	[np.float64(7.456973094148011e-05)]
MAR01233	[np.float64(7.456973094148011e-05)]
MAR01234	[np.float64(7.456973094148011e-05)]
MAR01235	[np.float64(7.456973094148011e-05)]
MAR01236	[np.float64(7.456973094148011e-05)]
MAR01237	[np.float64(7.456973094148011e-05)]
MAR01238	[np.float64(7.456973094148011e-05)]
MAR01239	[np.float64(7.456973094148011e-05)]
MAR01241	[0.00013277844040396965]
MAR01244	[np.float64(7.456973094148011e-05)]
MAR01245	[np.float64(7.456973094148011e-05)]
MAR01246	[np.float64(7.456973094148011e-05)]
MAR01247	[0.00013277844040396965]
MAR01248	[np.float64(7.456973094148011e-05)]
MAR01249	[np.float64(7.456973094148011e-05)]
MAR01250	[np.float64(7.456973094148011e-05)]
MAR01251	[np.float64(7.456973094148011e-05)]
MAR01253	[np.float64(7.456973094148011e-05)]
MAR01254	[np.float64(7.456973094148011e-05)]
MAR01255	[3.262101882673672e-05]
MAR01256	[3.262101882673672e-05]
MAR01257	[3.012129769288026e-05]
MAR01258	[np.float64(7.456973094148011e-05)]
MAR01259	[3.262101882673672e-05]
MAR01260	[np.float64(7.456973094148011e-05)]
MAR01261	[7.43681259301101e-05]
MAR01262	[7.43681259301101e-05]
MAR01263	[np.float64(7.456973094148011e-05)]
MAR01264	[np.float64(7.456973094148011e-05)]
MAR01265	[np.float64(7.456973094148011e-05)]
MAR01266	[np.float64(7.456973094148011e-05)]
MAR01270	[np.float64(7.456973094148011e-05)]
MAR01271	[np.float64(7.456973094148011e-05)]
MAR01272	[3.262101882673672e-05]
MAR01273	[3.262101882673672e-05]
MAR01274	[3.012129769288026e-05]
MAR01275	[np.float64(7.456973094148011e-05)]
MAR01276	[3.262101882673672e-05]
MAR01277	[np.float64(7.456973094148011e-05)]
MAR01278	[7.43681259301101e-05]
MAR01279	[7.43681259301101e-05]
MAR01280	[np.float64(7.456973094148011e-05)]
MAR01281	[np.float64(7.456973094148011e-05)]
MAR01282	[np.float64(7.456973094148011e-05)]
MAR01285	[0.00013277844040396965]
MAR01287	[0.00013277844040396965]
MAR01288	[np.float64(7.456973094148011e-05)]
MAR01289	[np.float64(7.456973094148011e-05)]
MAR01290	[np.float64(7.456973094148011e-05)]
MAR01291	[np.float64(7.456973094148011e-05)]
MAR01292	[3.262101882673672e-05]
MAR01293	[np.float64(7.456973094148011e-05)]
MAR01294	[np.float64(7.456973094148011e-05)]
MAR01295	[7.43681259301101e-05]
MAR01296	[np.float64(7.456973094148011e-05)]
MAR01297	[np.float64(7.456973094148011e-05)]
MAR01298	[3.262101882673672e-05]
MAR01299	[3.262101882673672e-05]
MAR01300	[np.float64(7.456973094148011e-05)]
MAR01301	[np.float64(7.456973094148011e-05)]
MAR01302	[np.float64(7.456973094148011e-05)]
MAR01303	[np.float64(7.456973094148011e-05)]
MAR01304	[7.43681259301101e-05]
MAR04796	[np.float64(7.456973094148011e-05)]
MAR08545	[0.005060066926191334]
MAR08546	[np.float64(7.456973094148011e-05)]
MAR08547	[0.00013277844040396965]
MAR08548	[np.float64(7.456973094148011e-05)]
MAR08549	[0.00013277844040396965]
MAR08550	[np.float64(7.456973094148011e-05)]
MAR08552	[0.00013277844040396965]
MAR08554	[0.0076398639120532665]
MAR08555	[0.009947721923987943]
MAR08556	[np.float64(7.456973094148011e-05)]
MAR08557	[np.float64(7.456973094148011e-05)]
MAR08558	[np.float64(7.456973094148011e-05)]
MAR08559	[0.009892246080268865]
MAR08560	[2.9282009943475488e-05]
MAR08561	[0.00013277844040396965]
MAR00154	[7.43681259301101e-05]
MAR00189	[7.43681259301101e-05]
MAR00193	[7.43681259301101e-05]
MAR00197	[7.43681259301101e-05]
MAR00201	[7.43681259301101e-05]
MAR00206	[7.43681259301101e-05]
MAR00210	[7.43681259301101e-05]
MAR00214	[7.43681259301101e-05]
MAR00223	[7.43681259301101e-05]
MAR00230	[7.43681259301101e-05]
MAR00234	[7.43681259301101e-05]
MAR00238	[7.43681259301101e-05]
MAR00242	[7.43681259301101e-05]
MAR00246	[7.43681259301101e-05]
MAR00250	[7.43681259301101e-05]
MAR00256	[7.43681259301101e-05]
MAR00260	[7.43681259301101e-05]
MAR00264	[7.43681259301101e-05]
MAR00268	[7.43681259301101e-05]
MAR00272	[7.43681259301101e-05]
MAR00276	[7.43681259301101e-05]
MAR00280	[np.float64(7.456973094148011e-05)]
MAR00284	[np.float64(7.456973094148011e-05)]
MAR00290	[np.float64(7.456973094148011e-05)]
MAR00294	[np.float64(7.456973094148011e-05)]
MAR00298	[np.float64(7.456973094148011e-05)]
MAR00302	[np.float64(7.456973094148011e-05)]
MAR00306	[np.float64(7.456973094148011e-05)]
MAR00310	[0.00639132310635336]
MAR00314	[0.00639132310635336]
MAR00320	[0.00639132310635336]
MAR00324	[0.00639132310635336]
MAR00328	[0.00639132310635336]
MAR00332	[0.00639132310635336]
MAR00338	[0.00639132310635336]
MAR00342	[0.00639132310635336]
MAR00346	[0.00639132310635336]
MAR00350	[7.43681259301101e-05]
MAR00354	[7.43681259301101e-05]
MAR00358	[np.float64(7.456973094148011e-05)]
MAR00362	[np.float64(7.456973094148011e-05)]
MAR00366	[0.00639132310635336]
MAR00370	[0.00639132310635336]
MAR00374	[0.00639132310635336]
MAR00378	[0.00639132310635336]
MAR00382	[7.43681259301101e-05]
MAR00386	[0.00639132310635336]
MAR00390	[0.00639132310635336]
MAR00394	[0.00639132310635336]
MAR00398	[7.43681259301101e-05]
MAR00402	[7.43681259301101e-05]
MAR00406	[7.43681259301101e-05]
MAR00410	[7.43681259301101e-05]
MAR00414	[0.00639132310635336]
MAR00418	[0.00639132310635336]
MAR00422	[0.00639132310635336]
MAR00426	[0.00639132310635336]
MAR00430	[np.float64(7.456973094148011e-05)]
MAR00434	[0.00639132310635336]
MAR00438	[0.00639132310635336]
MAR03009	[np.float64(7.456973094148011e-05)]
MAR03475	[np.float64(7.456973094148011e-05)]
MAR03476	[0.00013277844040396965]
MAR03477	[0.00013277844040396965]
MAR00159	[np.float64(7.456973094148011e-05)]
MAR02591	[np.float64(7.456973094148011e-05)]
MAR02594	[np.float64(7.456973094148011e-05)]
MAR02599	[np.float64(7.456973094148011e-05)]
MAR02602	[np.float64(7.456973094148011e-05)]
MAR02605	[np.float64(7.456973094148011e-05)]
MAR02608	[np.float64(7.456973094148011e-05)]
MAR02611	[np.float64(7.456973094148011e-05)]
MAR02614	[np.float64(7.456973094148011e-05)]
MAR02620	[np.float64(7.456973094148011e-05)]
MAR02623	[np.float64(7.456973094148011e-05)]
MAR02626	[np.float64(7.456973094148011e-05)]
MAR02633	[np.float64(7.456973094148011e-05)]
MAR02636	[np.float64(7.456973094148011e-05)]
MAR02642	[np.float64(7.456973094148011e-05)]
MAR02648	[np.float64(7.456973094148011e-05)]
MAR02651	[np.float64(7.456973094148011e-05)]
MAR02654	[np.float64(7.456973094148011e-05)]
MAR02657	[np.float64(7.456973094148011e-05)]
MAR02660	[np.float64(7.456973094148011e-05)]
MAR02663	[np.float64(7.456973094148011e-05)]
MAR02666	[np.float64(7.456973094148011e-05)]
MAR02669	[np.float64(7.456973094148011e-05)]
MAR02672	[np.float64(7.456973094148011e-05)]
MAR02675	[np.float64(7.456973094148011e-05)]
MAR02678	[np.float64(7.456973094148011e-05)]
MAR02681	[np.float64(7.456973094148011e-05)]
MAR02684	[np.float64(7.456973094148011e-05)]
MAR02687	[np.float64(7.456973094148011e-05)]
MAR02690	[np.float64(7.456973094148011e-05)]
MAR02693	[np.float64(7.456973094148011e-05)]
MAR02699	[np.float64(7.456973094148011e-05)]
MAR02702	[np.float64(7.456973094148011e-05)]
MAR02705	[np.float64(7.456973094148011e-05)]
MAR02708	[np.float64(7.456973094148011e-05)]
MAR02711	[np.float64(7.456973094148011e-05)]
MAR02714	[np.float64(7.456973094148011e-05)]
MAR02717	[np.float64(7.456973094148011e-05)]
MAR02720	[np.float64(7.456973094148011e-05)]
MAR02726	[np.float64(7.456973094148011e-05)]
MAR02730	[np.float64(7.456973094148011e-05)]
MAR02733	[np.float64(7.456973094148011e-05)]
MAR02736	[np.float64(7.456973094148011e-05)]
MAR02739	[np.float64(7.456973094148011e-05)]
MAR02742	[np.float64(7.456973094148011e-05)]
MAR02746	[np.float64(7.456973094148011e-05)]
MAR02752	[np.float64(7.456973094148011e-05)]
MAR02755	[np.float64(7.456973094148011e-05)]
MAR02759	[np.float64(7.456973094148011e-05)]
MAR02762	[np.float64(7.456973094148011e-05)]
MAR02768	[np.float64(7.456973094148011e-05)]
MAR02771	[np.float64(7.456973094148011e-05)]
MAR02774	[np.float64(7.456973094148011e-05)]
MAR02877	[np.float64(7.456973094148011e-05)]
MAR03032	[np.float64(7.456973094148011e-05)]
MAR03521	[0.00013277844040396965]
MAR08419	[0.00013277844040396965]
MAR00160	[np.float64(7.456973094148011e-05)]
MAR00161	[np.float64(7.456973094148011e-05)]
MAR00162	[np.float64(7.456973094148011e-05)]
MAR00163	[np.float64(7.456973094148011e-05)]
MAR02592	[np.float64(7.456973094148011e-05)]
MAR02593	[np.float64(7.456973094148011e-05)]
MAR02596	[np.float64(7.456973094148011e-05)]
MAR02598	[np.float64(7.456973094148011e-05)]
MAR02600	[np.float64(7.456973094148011e-05)]
MAR02601	[np.float64(7.456973094148011e-05)]
MAR02603	[np.float64(7.456973094148011e-05)]
MAR02604	[np.float64(7.456973094148011e-05)]
MAR02606	[np.float64(7.456973094148011e-05)]
MAR02607	[np.float64(7.456973094148011e-05)]
MAR02609	[np.float64(7.456973094148011e-05)]
MAR02610	[np.float64(7.456973094148011e-05)]
MAR02612	[np.float64(7.456973094148011e-05)]
MAR02613	[np.float64(7.456973094148011e-05)]
MAR02616	[np.float64(7.456973094148011e-05)]
MAR02618	[np.float64(7.456973094148011e-05)]
MAR02621	[np.float64(7.456973094148011e-05)]
MAR02622	[np.float64(7.456973094148011e-05)]
MAR02624	[np.float64(7.456973094148011e-05)]
MAR02625	[np.float64(7.456973094148011e-05)]
MAR02629	[np.float64(7.456973094148011e-05)]
MAR02630	[np.float64(7.456973094148011e-05)]
MAR02634	[np.float64(7.456973094148011e-05)]
MAR02635	[np.float64(7.456973094148011e-05)]
MAR02638	[np.float64(7.456973094148011e-05)]
MAR02640	[np.float64(7.456973094148011e-05)]
MAR02644	[np.float64(7.456973094148011e-05)]
MAR02646	[np.float64(7.456973094148011e-05)]
MAR02649	[np.float64(7.456973094148011e-05)]
MAR02650	[np.float64(7.456973094148011e-05)]
MAR02652	[np.float64(7.456973094148011e-05)]
MAR02653	[np.float64(7.456973094148011e-05)]
MAR02655	[np.float64(7.456973094148011e-05)]
MAR02656	[np.float64(7.456973094148011e-05)]
MAR02658	[np.float64(7.456973094148011e-05)]
MAR02659	[np.float64(7.456973094148011e-05)]
MAR02661	[np.float64(7.456973094148011e-05)]
MAR02662	[np.float64(7.456973094148011e-05)]
MAR02664	[np.float64(7.456973094148011e-05)]
MAR02665	[np.float64(7.456973094148011e-05)]
MAR02667	[np.float64(7.456973094148011e-05)]
MAR02668	[np.float64(7.456973094148011e-05)]
MAR02670	[np.float64(7.456973094148011e-05)]
MAR02671	[np.float64(7.456973094148011e-05)]
MAR02673	[np.float64(7.456973094148011e-05)]
MAR02674	[np.float64(7.456973094148011e-05)]
MAR02676	[np.float64(7.456973094148011e-05)]
MAR02677	[np.float64(7.456973094148011e-05)]
MAR02679	[np.float64(7.456973094148011e-05)]
MAR02680	[np.float64(7.456973094148011e-05)]
MAR02682	[np.float64(7.456973094148011e-05)]
MAR02683	[np.float64(7.456973094148011e-05)]
MAR02685	[np.float64(7.456973094148011e-05)]
MAR02686	[np.float64(7.456973094148011e-05)]
MAR02688	[np.float64(7.456973094148011e-05)]
MAR02689	[np.float64(7.456973094148011e-05)]
MAR02691	[np.float64(7.456973094148011e-05)]
MAR02692	[np.float64(7.456973094148011e-05)]
MAR02695	[np.float64(7.456973094148011e-05)]
MAR02697	[np.float64(7.456973094148011e-05)]
MAR02700	[np.float64(7.456973094148011e-05)]
MAR02701	[np.float64(7.456973094148011e-05)]
MAR02703	[np.float64(7.456973094148011e-05)]
MAR02704	[np.float64(7.456973094148011e-05)]
MAR02706	[np.float64(7.456973094148011e-05)]
MAR02707	[np.float64(7.456973094148011e-05)]
MAR02709	[np.float64(7.456973094148011e-05)]
MAR02710	[np.float64(7.456973094148011e-05)]
MAR02712	[np.float64(7.456973094148011e-05)]
MAR02713	[np.float64(7.456973094148011e-05)]
MAR02715	[np.float64(7.456973094148011e-05)]
MAR02716	[np.float64(7.456973094148011e-05)]
MAR02718	[np.float64(7.456973094148011e-05)]
MAR02719	[np.float64(7.456973094148011e-05)]
MAR02722	[np.float64(7.456973094148011e-05)]
MAR02724	[np.float64(7.456973094148011e-05)]
MAR02727	[np.float64(7.456973094148011e-05)]
MAR02729	[np.float64(7.456973094148011e-05)]
MAR02731	[np.float64(7.456973094148011e-05)]
MAR02732	[np.float64(7.456973094148011e-05)]
MAR02734	[np.float64(7.456973094148011e-05)]
MAR02735	[np.float64(7.456973094148011e-05)]
MAR02737	[np.float64(7.456973094148011e-05)]
MAR02738	[np.float64(7.456973094148011e-05)]
MAR02740	[np.float64(7.456973094148011e-05)]
MAR02741	[np.float64(7.456973094148011e-05)]
MAR02744	[np.float64(7.456973094148011e-05)]
MAR02745	[np.float64(7.456973094148011e-05)]
MAR02748	[np.float64(7.456973094148011e-05)]
MAR02750	[np.float64(7.456973094148011e-05)]
MAR02753	[np.float64(7.456973094148011e-05)]
MAR02754	[np.float64(7.456973094148011e-05)]
MAR02757	[np.float64(7.456973094148011e-05)]
MAR02758	[np.float64(7.456973094148011e-05)]
MAR02760	[np.float64(7.456973094148011e-05)]
MAR02761	[np.float64(7.456973094148011e-05)]
MAR02764	[np.float64(7.456973094148011e-05)]
MAR02766	[np.float64(7.456973094148011e-05)]
MAR02769	[np.float64(7.456973094148011e-05)]
MAR02770	[np.float64(7.456973094148011e-05)]
MAR02772	[np.float64(7.456973094148011e-05)]
MAR02773	[np.float64(7.456973094148011e-05)]
MAR02775	[np.float64(7.456973094148011e-05)]
MAR02776	[np.float64(7.456973094148011e-05)]
MAR03519	[0.00013277844040396965]
MAR03520	[0.00013277844040396965]
MAR08417	[0.00013277844040396965]
MAR08418	[0.00013277844040396965]
MAR03027	[0.00013277844040396965]
MAR03028	[np.float64(7.456973094148011e-05)]
MAR03029	[np.float64(7.456973094148011e-05)]
MAR03030	[np.float64(7.456973094148011e-05)]
MAR03033	[np.float64(7.456973094148011e-05)]
MAR03034	[np.float64(7.456973094148011e-05)]
MAR03035	[np.float64(7.456973094148011e-05)]
MAR03037	[np.float64(7.456973094148011e-05)]
MAR02778	[np.float64(7.456973094148011e-05)]
MAR02780	[np.float64(7.456973094148011e-05)]
MAR02783	[np.float64(7.456973094148011e-05)]
MAR02785	[np.float64(7.456973094148011e-05)]
MAR02787	[np.float64(7.456973094148011e-05)]
MAR02788	[np.float64(7.456973094148011e-05)]
MAR02789	[np.float64(7.456973094148011e-05)]
MAR02790	[np.float64(7.456973094148011e-05)]
MAR02791	[np.float64(7.456973094148011e-05)]
MAR02792	[np.float64(7.456973094148011e-05)]
MAR02793	[np.float64(7.456973094148011e-05)]
MAR02794	[np.float64(7.456973094148011e-05)]
MAR02795	[np.float64(7.456973094148011e-05)]
MAR02796	[np.float64(7.456973094148011e-05)]
MAR02797	[np.float64(7.456973094148011e-05)]
MAR02798	[np.float64(7.456973094148011e-05)]
MAR02799	[np.float64(7.456973094148011e-05)]
MAR02800	[np.float64(7.456973094148011e-05)]
MAR02801	[np.float64(7.456973094148011e-05)]
MAR02803	[np.float64(7.456973094148011e-05)]
MAR02805	[np.float64(7.456973094148011e-05)]
MAR02806	[np.float64(7.456973094148011e-05)]
MAR02807	[np.float64(7.456973094148011e-05)]
MAR02809	[np.float64(7.456973094148011e-05)]
MAR02811	[np.float64(7.456973094148011e-05)]
MAR02812	[np.float64(7.456973094148011e-05)]
MAR02813	[np.float64(7.456973094148011e-05)]
MAR02814	[np.float64(7.456973094148011e-05)]
MAR02815	[np.float64(7.456973094148011e-05)]
MAR02816	[np.float64(7.456973094148011e-05)]
MAR02817	[np.float64(7.456973094148011e-05)]
MAR02819	[np.float64(7.456973094148011e-05)]
MAR02821	[np.float64(7.456973094148011e-05)]
MAR02822	[np.float64(7.456973094148011e-05)]
MAR02823	[np.float64(7.456973094148011e-05)]
MAR02824	[np.float64(7.456973094148011e-05)]
MAR02825	[np.float64(7.456973094148011e-05)]
MAR02827	[np.float64(7.456973094148011e-05)]
MAR02829	[np.float64(7.456973094148011e-05)]
MAR02830	[np.float64(7.456973094148011e-05)]
MAR02831	[np.float64(7.456973094148011e-05)]
MAR02832	[np.float64(7.456973094148011e-05)]
MAR02833	[np.float64(7.456973094148011e-05)]
MAR02834	[np.float64(7.456973094148011e-05)]
MAR02835	[np.float64(7.456973094148011e-05)]
MAR02836	[np.float64(7.456973094148011e-05)]
MAR02837	[np.float64(7.456973094148011e-05)]
MAR02838	[np.float64(7.456973094148011e-05)]
MAR02839	[np.float64(7.456973094148011e-05)]
MAR02840	[np.float64(7.456973094148011e-05)]
MAR02841	[np.float64(7.456973094148011e-05)]
MAR02842	[np.float64(7.456973094148011e-05)]
MAR02843	[np.float64(7.456973094148011e-05)]
MAR02844	[np.float64(7.456973094148011e-05)]
MAR02845	[np.float64(7.456973094148011e-05)]
MAR02846	[np.float64(7.456973094148011e-05)]
MAR02847	[np.float64(7.456973094148011e-05)]
MAR02848	[np.float64(7.456973094148011e-05)]
MAR02849	[np.float64(7.456973094148011e-05)]
MAR02850	[np.float64(7.456973094148011e-05)]
MAR02851	[np.float64(7.456973094148011e-05)]
MAR02852	[np.float64(7.456973094148011e-05)]
MAR02853	[np.float64(7.456973094148011e-05)]
MAR02854	[np.float64(7.456973094148011e-05)]
MAR02855	[np.float64(7.456973094148011e-05)]
MAR02856	[np.float64(7.456973094148011e-05)]
MAR02857	[np.float64(7.456973094148011e-05)]
MAR02859	[np.float64(7.456973094148011e-05)]
MAR02861	[np.float64(7.456973094148011e-05)]
MAR02862	[np.float64(7.456973094148011e-05)]
MAR02863	[np.float64(7.456973094148011e-05)]
MAR02864	[np.float64(7.456973094148011e-05)]
MAR02865	[np.float64(7.456973094148011e-05)]
MAR02866	[np.float64(7.456973094148011e-05)]
MAR02867	[np.float64(7.456973094148011e-05)]
MAR02868	[np.float64(7.456973094148011e-05)]
MAR02869	[np.float64(7.456973094148011e-05)]
MAR02870	[np.float64(7.456973094148011e-05)]
MAR02871	[np.float64(7.456973094148011e-05)]
MAR02872	[np.float64(7.456973094148011e-05)]
MAR02873	[np.float64(7.456973094148011e-05)]
MAR02874	[np.float64(7.456973094148011e-05)]
MAR02875	[np.float64(7.456973094148011e-05)]
MAR02876	[np.float64(7.456973094148011e-05)]
MAR02878	[np.float64(7.456973094148011e-05)]
MAR02879	[np.float64(7.456973094148011e-05)]
MAR02880	[np.float64(7.456973094148011e-05)]
MAR02882	[np.float64(7.456973094148011e-05)]
MAR02884	[np.float64(7.456973094148011e-05)]
MAR02886	[np.float64(7.456973094148011e-05)]
MAR02888	[np.float64(7.456973094148011e-05)]
MAR02890	[np.float64(7.456973094148011e-05)]
MAR02892	[np.float64(7.456973094148011e-05)]
MAR02894	[np.float64(7.456973094148011e-05)]
MAR02896	[np.float64(7.456973094148011e-05)]
MAR02897	[np.float64(7.456973094148011e-05)]
MAR02898	[np.float64(7.456973094148011e-05)]
MAR02899	[np.float64(7.456973094148011e-05)]
MAR02900	[np.float64(7.456973094148011e-05)]
MAR02901	[np.float64(7.456973094148011e-05)]
MAR02902	[np.float64(7.456973094148011e-05)]
MAR02903	[np.float64(7.456973094148011e-05)]
MAR02904	[np.float64(7.456973094148011e-05)]
MAR02905	[np.float64(7.456973094148011e-05)]
MAR02906	[np.float64(7.456973094148011e-05)]
MAR02907	[np.float64(7.456973094148011e-05)]
MAR02908	[np.float64(7.456973094148011e-05)]
MAR02909	[np.float64(7.456973094148011e-05)]
MAR02910	[np.float64(7.456973094148011e-05)]
MAR02911	[np.float64(7.456973094148011e-05)]
MAR02912	[np.float64(7.456973094148011e-05)]
MAR02913	[np.float64(7.456973094148011e-05)]
MAR02914	[np.float64(7.456973094148011e-05)]
MAR02915	[np.float64(7.456973094148011e-05)]
MAR02916	[np.float64(7.456973094148011e-05)]
MAR02917	[np.float64(7.456973094148011e-05)]
MAR02918	[np.float64(7.456973094148011e-05)]
MAR02919	[np.float64(7.456973094148011e-05)]
MAR02920	[np.float64(7.456973094148011e-05)]
MAR02921	[np.float64(7.456973094148011e-05)]
MAR02922	[np.float64(7.456973094148011e-05)]
MAR02923	[np.float64(7.456973094148011e-05)]
MAR02924	[np.float64(7.456973094148011e-05)]
MAR02925	[np.float64(7.456973094148011e-05)]
MAR02926	[np.float64(7.456973094148011e-05)]
MAR02927	[np.float64(7.456973094148011e-05)]
MAR02928	[np.float64(7.456973094148011e-05)]
MAR02929	[np.float64(7.456973094148011e-05)]
MAR02930	[np.float64(7.456973094148011e-05)]
MAR02931	[np.float64(7.456973094148011e-05)]
MAR02932	[np.float64(7.456973094148011e-05)]
MAR00001	[2.9457920097090758e-05]
MAR00002	[0.015956857496100273]
MAR00003	[np.float64(7.456973094148011e-05)]
MAR00005	[np.float64(7.456973094148011e-05)]
MAR00449	[np.float64(7.456973094148011e-05)]
MAR00604	[np.float64(7.456973094148011e-05)]
MAR00605	[np.float64(7.456973094148011e-05)]
MAR00665	[np.float64(7.456973094148011e-05)]
MAR00667	[np.float64(7.456973094148011e-05)]
MAR00668	[np.float64(7.456973094148011e-05)]
MAR00669	[np.float64(7.456973094148011e-05)]
MAR00670	[np.float64(7.456973094148011e-05)]
MAR00671	[np.float64(7.456973094148011e-05)]
MAR00672	[np.float64(7.456973094148011e-05)]
MAR00679	[np.float64(7.456973094148011e-05)]
MAR00680	[np.float64(7.456973094148011e-05)]
MAR00681	[np.float64(7.456973094148011e-05)]
MAR00682	[np.float64(7.456973094148011e-05)]
MAR00683	[np.float64(7.456973094148011e-05)]
MAR00684	[np.float64(7.456973094148011e-05)]
MAR07588	[np.float64(7.456973094148011e-05)]
MAR03053	[0.00013277844040396965]
MAR03054	[0.00013277844040396965]
MAR03055	[0.00013277844040396965]
MAR03057	[np.float64(7.456973094148011e-05)]
MAR03058	[3.262101882673672e-05]
MAR03059	[np.float64(7.456973094148011e-05)]
MAR03060	[np.float64(7.456973094148011e-05)]
MAR03062	[np.float64(7.456973094148011e-05)]
MAR03063	[3.262101882673672e-05]
MAR03064	[np.float64(7.456973094148011e-05)]
MAR03065	[np.float64(7.456973094148011e-05)]
MAR03066	[np.float64(7.456973094148011e-05)]
MAR03067	[3.262101882673672e-05]
MAR03068	[np.float64(7.456973094148011e-05)]
MAR03069	[np.float64(7.456973094148011e-05)]
MAR03070	[np.float64(7.456973094148011e-05)]
MAR03071	[3.262101882673672e-05]
MAR03072	[np.float64(7.456973094148011e-05)]
MAR03073	[np.float64(7.456973094148011e-05)]
MAR03074	[np.float64(7.456973094148011e-05)]
MAR03075	[3.262101882673672e-05]
MAR03076	[np.float64(7.456973094148011e-05)]
MAR03077	[np.float64(7.456973094148011e-05)]
MAR03078	[np.float64(7.456973094148011e-05)]
MAR03079	[3.262101882673672e-05]
MAR03080	[np.float64(7.456973094148011e-05)]
MAR03081	[np.float64(7.456973094148011e-05)]
MAR03082	[np.float64(7.456973094148011e-05)]
MAR03083	[3.262101882673672e-05]
MAR03084	[np.float64(7.456973094148011e-05)]
MAR03085	[np.float64(7.456973094148011e-05)]
MAR03086	[np.float64(7.456973094148011e-05)]
MAR03087	[3.262101882673672e-05]
MAR03088	[np.float64(7.456973094148011e-05)]
MAR03089	[np.float64(7.456973094148011e-05)]
MAR03090	[np.float64(7.456973094148011e-05)]
MAR03091	[3.262101882673672e-05]
MAR03092	[np.float64(7.456973094148011e-05)]
MAR03093	[np.float64(7.456973094148011e-05)]
MAR03094	[np.float64(7.456973094148011e-05)]
MAR03095	[3.262101882673672e-05]
MAR03096	[np.float64(7.456973094148011e-05)]
MAR03097	[np.float64(7.456973094148011e-05)]
MAR03098	[np.float64(7.456973094148011e-05)]
MAR03099	[3.262101882673672e-05]
MAR03100	[np.float64(7.456973094148011e-05)]
MAR03101	[np.float64(7.456973094148011e-05)]
MAR03102	[np.float64(7.456973094148011e-05)]
MAR03103	[3.262101882673672e-05]
MAR03104	[np.float64(7.456973094148011e-05)]
MAR03106	[0.00013277844040396965]
MAR03056	[0.00013277844040396965]
MAR03326	[np.float64(7.456973094148011e-05)]
MAR03327	[3.262101882673672e-05]
MAR03328	[np.float64(7.456973094148011e-05)]
MAR03329	[np.float64(7.456973094148011e-05)]
MAR03330	[np.float64(7.456973094148011e-05)]
MAR03331	[3.262101882673672e-05]
MAR03332	[np.float64(7.456973094148011e-05)]
MAR03333	[np.float64(7.456973094148011e-05)]
MAR03334	[np.float64(7.456973094148011e-05)]
MAR03335	[3.262101882673672e-05]
MAR03336	[np.float64(7.456973094148011e-05)]
MAR03337	[np.float64(7.456973094148011e-05)]
MAR03338	[np.float64(7.456973094148011e-05)]
MAR03339	[3.262101882673672e-05]
MAR03340	[np.float64(7.456973094148011e-05)]
MAR03341	[np.float64(7.456973094148011e-05)]
MAR03342	[np.float64(7.456973094148011e-05)]
MAR03343	[3.262101882673672e-05]
MAR03344	[np.float64(7.456973094148011e-05)]
MAR03345	[np.float64(7.456973094148011e-05)]
MAR03346	[np.float64(7.456973094148011e-05)]
MAR03347	[3.262101882673672e-05]
MAR03348	[np.float64(7.456973094148011e-05)]
MAR03349	[np.float64(7.456973094148011e-05)]
MAR03350	[np.float64(7.456973094148011e-05)]
MAR03351	[3.262101882673672e-05]
MAR03352	[np.float64(7.456973094148011e-05)]
MAR03353	[np.float64(7.456973094148011e-05)]
MAR03355	[3.262101882673672e-05]
MAR03365	[3.262101882673672e-05]
MAR03367	[np.float64(7.456973094148011e-05)]
MAR03368	[np.float64(7.456973094148011e-05)]
MAR03370	[3.262101882673672e-05]
MAR03372	[np.float64(7.456973094148011e-05)]
MAR03373	[np.float64(7.456973094148011e-05)]
MAR03375	[3.262101882673672e-05]
MAR03478	[0.00013277844040396965]
MAR03480	[np.float64(7.456973094148011e-05)]
MAR03481	[np.float64(7.456973094148011e-05)]
MAR03482	[np.float64(7.456973094148011e-05)]
MAR03484	[np.float64(7.456973094148011e-05)]
MAR03486	[np.float64(7.456973094148011e-05)]
MAR03488	[np.float64(7.456973094148011e-05)]
MAR03491	[0.0038598311336530897]
MAR03493	[np.float64(7.456973094148011e-05)]
MAR03498	[np.float64(7.456973094148011e-05)]
MAR03501	[3.262101882673672e-05]
MAR03503	[np.float64(7.456973094148011e-05)]
MAR03505	[np.float64(7.456973094148011e-05)]
MAR03506	[np.float64(7.456973094148011e-05)]
MAR03508	[3.262101882673672e-05]
MAR03509	[np.float64(7.456973094148011e-05)]
MAR03510	[np.float64(7.456973094148011e-05)]
MAR03511	[0.0038598311336530897]
MAR03512	[np.float64(7.456973094148011e-05)]
MAR03513	[3.262101882673672e-05]
MAR03514	[np.float64(7.456973094148011e-05)]
MAR03515	[np.float64(7.456973094148011e-05)]
MAR03517	[np.float64(7.456973094148011e-05)]
MAR03302	[3.262101882673672e-05]
MAR03304	[np.float64(7.456973094148011e-05)]
MAR03305	[np.float64(7.456973094148011e-05)]
MAR03307	[3.262101882673672e-05]
MAR03309	[np.float64(7.456973094148011e-05)]
MAR03310	[np.float64(7.456973094148011e-05)]
MAR03312	[3.262101882673672e-05]
MAR03314	[np.float64(7.456973094148011e-05)]
MAR03315	[np.float64(7.456973094148011e-05)]
MAR03316	[3.262101882673672e-05]
MAR03317	[3.262101882673672e-05]
MAR03319	[np.float64(7.456973094148011e-05)]
MAR03320	[np.float64(7.456973094148011e-05)]
MAR03321	[np.float64(7.456973094148011e-05)]
MAR03323	[3.262101882673672e-05]
MAR03107	[3.2172946689975885e-05]
MAR03108	[3.262101882673672e-05]
MAR03109	[3.012129769288026e-05]
MAR03110	[3.262101882673672e-05]
MAR03111	[3.2172946689975885e-05]
MAR03112	[3.262101882673672e-05]
MAR03113	[3.012129769288026e-05]
MAR03114	[3.262101882673672e-05]
MAR03115	[3.2172946689975885e-05]
MAR03116	[3.262101882673672e-05]
MAR03117	[3.012129769288026e-05]
MAR03118	[3.262101882673672e-05]
MAR03121	[3.2172946689975885e-05]
MAR03122	[3.262101882673672e-05]
MAR03123	[3.012129769288026e-05]
MAR03125	[3.262101882673672e-05]
MAR03128	[3.2172946689975885e-05]
MAR03129	[3.262101882673672e-05]
MAR03130	[3.012129769288026e-05]
MAR03132	[3.262101882673672e-05]
MAR03135	[3.2172946689975885e-05]
MAR03136	[2.9457920097090758e-05]
MAR03137	[3.012129769288026e-05]
MAR03139	[3.262101882673672e-05]
MAR03142	[np.float64(7.456973094148011e-05)]
MAR03143	[2.9457920097090758e-05]
MAR03144	[3.012129769288026e-05]
MAR03146	[3.262101882673672e-05]
MAR03149	[np.float64(7.456973094148011e-05)]
MAR03150	[2.9457920097090758e-05]
MAR03151	[3.012129769288026e-05]
MAR03153	[3.262101882673672e-05]
MAR03156	[np.float64(7.456973094148011e-05)]
MAR03157	[2.9457920097090758e-05]
MAR03158	[3.012129769288026e-05]
MAR03160	[3.262101882673672e-05]
MAR03398	[2.9457920097090758e-05]
MAR03406	[2.9457920097090758e-05]
MAR03407	[2.9457920097090758e-05]
MAR03408	[2.9457920097090758e-05]
MAR03409	[2.9457920097090758e-05]
MAR03411	[2.9457920097090758e-05]
MAR03413	[2.9457920097090758e-05]
MAR03414	[2.9457920097090758e-05]
MAR03416	[2.9457920097090758e-05]
MAR03421	[2.9457920097090758e-05]
MAR03423	[2.9457920097090758e-05]
MAR03424	[2.9457920097090758e-05]
MAR03425	[2.9457920097090758e-05]
MAR09719	[2.9457920097090758e-05]
MAR03427	[2.9457920097090758e-05]
MAR03428	[2.9457920097090758e-05]
MAR03429	[2.9457920097090758e-05]
MAR03430	[2.9457920097090758e-05]
MAR03431	[2.9457920097090758e-05]
MAR03432	[2.9457920097090758e-05]
MAR03433	[2.9457920097090758e-05]
MAR03170	[3.2172946689975885e-05]
MAR03171	[3.262101882673672e-05]
MAR03172	[3.012129769288026e-05]
MAR03173	[3.262101882673672e-05]
MAR03174	[3.2172946689975885e-05]
MAR03175	[3.262101882673672e-05]
MAR03176	[3.012129769288026e-05]
MAR03177	[3.262101882673672e-05]
MAR03178	[3.2172946689975885e-05]
MAR03179	[3.262101882673672e-05]
MAR03180	[3.012129769288026e-05]
MAR03181	[3.262101882673672e-05]
MAR03182	[3.2172946689975885e-05]
MAR03183	[3.262101882673672e-05]
MAR03184	[3.012129769288026e-05]
MAR03185	[3.262101882673672e-05]
MAR03186	[3.2172946689975885e-05]
MAR03187	[3.262101882673672e-05]
MAR03188	[3.012129769288026e-05]
MAR03189	[3.262101882673672e-05]
MAR03190	[np.float64(7.456973094148011e-05)]
MAR03191	[2.9457920097090758e-05]
MAR03192	[3.012129769288026e-05]
MAR03193	[3.262101882673672e-05]
MAR03194	[np.float64(7.456973094148011e-05)]
MAR03195	[2.9457920097090758e-05]
MAR03196	[3.012129769288026e-05]
MAR03197	[3.262101882673672e-05]
MAR03198	[np.float64(7.456973094148011e-05)]
MAR03199	[2.9457920097090758e-05]
MAR03200	[3.012129769288026e-05]
MAR03201	[3.262101882673672e-05]
MAR03202	[np.float64(7.456973094148011e-05)]
MAR03203	[2.9457920097090758e-05]
MAR03204	[3.012129769288026e-05]
MAR03205	[3.262101882673672e-05]
MAR03396	[0.00013277844040396965]
MAR03397	[0.00013277844040396965]
MAR03240	[3.2172946689975885e-05]
MAR03241	[3.262101882673672e-05]
MAR03242	[3.012129769288026e-05]
MAR03243	[3.262101882673672e-05]
MAR03244	[3.2172946689975885e-05]
MAR03245	[3.262101882673672e-05]
MAR03246	[3.012129769288026e-05]
MAR03247	[3.262101882673672e-05]
MAR03250	[3.2172946689975885e-05]
MAR03252	[3.262101882673672e-05]
MAR03254	[3.012129769288026e-05]
MAR03256	[3.262101882673672e-05]
MAR03258	[3.2172946689975885e-05]
MAR03260	[3.262101882673672e-05]
MAR03262	[3.012129769288026e-05]
MAR03264	[3.262101882673672e-05]
MAR03272	[np.float64(7.456973094148011e-05)]
MAR03356	[np.float64(7.456973094148011e-05)]
MAR03357	[3.262101882673672e-05]
MAR03358	[np.float64(7.456973094148011e-05)]
MAR03359	[np.float64(7.456973094148011e-05)]
MAR03360	[np.float64(7.456973094148011e-05)]
MAR03361	[3.262101882673672e-05]
MAR03362	[np.float64(7.456973094148011e-05)]
MAR03363	[np.float64(7.456973094148011e-05)]
MAR03218	[3.2172946689975885e-05]
MAR03219	[3.262101882673672e-05]
MAR03220	[3.012129769288026e-05]
MAR03221	[3.262101882673672e-05]
MAR03222	[3.2172946689975885e-05]
MAR03223	[3.262101882673672e-05]
MAR03224	[3.012129769288026e-05]
MAR03225	[3.262101882673672e-05]
MAR03226	[3.2172946689975885e-05]
MAR03227	[3.262101882673672e-05]
MAR03228	[3.012129769288026e-05]
MAR03229	[3.262101882673672e-05]
MAR03230	[3.2172946689975885e-05]
MAR03231	[3.262101882673672e-05]
MAR03232	[3.012129769288026e-05]
MAR03233	[3.262101882673672e-05]
MAR03234	[3.2172946689975885e-05]
MAR03235	[3.262101882673672e-05]
MAR03236	[3.012129769288026e-05]
MAR03237	[3.262101882673672e-05]
MAR03239	[np.float64(7.456973094148011e-05)]
MAR03275	[3.2172946689975885e-05]
MAR03277	[3.262101882673672e-05]
MAR03278	[3.012129769288026e-05]
MAR03279	[3.262101882673672e-05]
MAR03280	[3.2172946689975885e-05]
MAR03281	[3.262101882673672e-05]
MAR03282	[3.012129769288026e-05]
MAR03283	[3.262101882673672e-05]
MAR03284	[3.2172946689975885e-05]
MAR03285	[3.262101882673672e-05]
MAR03286	[3.012129769288026e-05]
MAR03287	[3.262101882673672e-05]
MAR03288	[np.float64(7.456973094148011e-05)]
MAR03290	[2.9457920097090758e-05]
MAR03292	[3.012129769288026e-05]
MAR03293	[3.262101882673672e-05]
MAR03294	[3.2172946689975885e-05]
MAR03298	[np.float64(7.456973094148011e-05)]
MAR01174	[3.262101882673672e-05]
MAR01175	[np.float64(7.456973094148011e-05)]
MAR01176	[np.float64(7.456973094148011e-05)]
MAR01177	[3.262101882673672e-05]
MAR01178	[3.012129769288026e-05]
MAR01179	[3.262101882673672e-05]
MAR01180	[np.float64(7.456973094148011e-05)]
MAR01181	[np.float64(7.456973094148011e-05)]
MAR01182	[3.262101882673672e-05]
MAR01183	[3.012129769288026e-05]
MAR01184	[3.262101882673672e-05]
MAR01216	[3.262101882673672e-05]
MAR01217	[np.float64(7.456973094148011e-05)]
MAR01218	[np.float64(7.456973094148011e-05)]
MAR01219	[3.262101882673672e-05]
MAR01220	[3.012129769288026e-05]
MAR01221	[3.262101882673672e-05]
MAR01222	[np.float64(7.456973094148011e-05)]
MAR01223	[np.float64(7.456973094148011e-05)]
MAR01224	[3.262101882673672e-05]
MAR01225	[3.012129769288026e-05]
MAR01226	[3.262101882673672e-05]
MAR03522	[np.float64(7.456973094148011e-05)]
MAR03523	[2.9457920097090758e-05]
MAR03524	[3.012129769288026e-05]
MAR03525	[3.262101882673672e-05]
MAR03526	[0.0038598311336530897]
MAR03527	[np.float64(7.456973094148011e-05)]
MAR03528	[2.9457920097090758e-05]
MAR03529	[3.012129769288026e-05]
MAR03530	[3.262101882673672e-05]
MAR03531	[np.float64(7.456973094148011e-05)]
MAR03532	[2.9457920097090758e-05]
MAR03533	[3.012129769288026e-05]
MAR03534	[3.262101882673672e-05]
MAR01573	[0.00735862956566862]
MAR06901	[np.float64(7.456973094148011e-05)]
MAR06903	[np.float64(7.456973094148011e-05)]
MAR06904	[np.float64(7.456973094148011e-05)]
MAR06905	[np.float64(7.456973094148011e-05)]
MAR06906	[0.00013277844040396965]
MAR06907	[np.float64(7.456973094148011e-05)]
MAR06908	[np.float64(7.456973094148011e-05)]
MAR06909	[np.float64(7.456973094148011e-05)]
MAR06910	[np.float64(7.456973094148011e-05)]
MAR07165	[0.00013277844040396965]
MAR07166	[np.float64(7.456973094148011e-05)]
MAR07167	[np.float64(7.456973094148011e-05)]
MAR07168	[4.067851433658209e-05]
MAR07169	[0.00013277844040396965]
MAR07170	[np.float64(7.456973094148011e-05)]
MAR09722	[2.9309710836459844e-05]
MAR01920	[np.float64(7.456973094148011e-05)]
MAR01924	[6.448008502800297e-05]
MAR01926	[0.00013277844040396965]
MAR01927	[np.float64(7.456973094148011e-05)]
MAR01928	[0.015956857496100273]
MAR01929	[0.015956857496100273]
MAR01931	[6.854031611335766e-05]
MAR01932	[0.015956857496100273]
MAR01933	[0.009947721923987943]
MAR01934	[0.015956857496100273]
MAR01935	[0.015956857496100273]
MAR01940	[0.015956857496100273]
MAR01941	[0.015956857496100273]
MAR01942	[0.015956857496100273]
MAR01943	[0.00473315991131433]
MAR01948	[0.015956857496100273]
MAR01949	[0.015956857496100273]
MAR01950	[0.015956857496100273]
MAR01951	[0.015956857496100273]
MAR01989	[0.015956857496100273]
MAR01990	[0.015956857496100273]
MAR01991	[0.009947721923987943]
MAR01992	[0.015956857496100273]
MAR01993	[0.015956857496100273]
MAR02002	[np.float64(7.456973094148011e-05)]
MAR02003	[np.float64(7.456973094148011e-05)]
MAR02004	[0.015956857496100273]
MAR02005	[0.015956857496100273]
MAR02007	[0.015956857496100273]
MAR02009	[0.015956857496100273]
MAR02010	[0.015956857496100273]
MAR02011	[0.015956857496100273]
MAR04766	[np.float64(7.456973094148011e-05)]
MAR06793	[0.013104963511162023]
MAR06794	[0.013104963511162023]
MAR06795	[0.013104963511162023]
MAR06796	[0.013104963511162023]
MAR07648	[np.float64(7.456973094148011e-05)]
MAR07928	[0.015956857496100273]
MAR07930	[0.015956857496100273]
MAR07931	[0.015956857496100273]
MAR07932	[0.015956857496100273]
MAR07934	[0.015956857496100273]
MAR07935	[0.015956857496100273]
MAR07936	[0.009947721923987943]
MAR07937	[0.009947721923987943]
MAR07938	[0.009947721923987943]
MAR07939	[0.015956857496100273]
MAR07940	[np.float64(7.456973094148011e-05)]
MAR07941	[np.float64(7.456973094148011e-05)]
MAR07942	[0.008998160734830764]
MAR07943	[np.float64(7.456973094148011e-05)]
MAR07945	[np.float64(7.456973094148011e-05)]
MAR07948	[np.float64(7.456973094148011e-05)]
MAR07950	[np.float64(7.456973094148011e-05)]
MAR07952	[np.float64(7.456973094148011e-05)]
MAR07954	[0.015956857496100273]
MAR07955	[np.float64(7.456973094148011e-05)]
MAR07957	[np.float64(7.456973094148011e-05)]
MAR07958	[0.00639132310635336]
MAR07959	[7.478461831564201e-05]
MAR07962	[7.478461831564201e-05]
MAR07965	[7.478461831564201e-05]
MAR07968	[np.float64(7.456973094148011e-05)]
MAR02041	[np.float64(7.456973094148011e-05)]
MAR07970	[np.float64(7.456973094148011e-05)]
MAR07971	[0.015956857496100273]
MAR07972	[0.015956857496100273]
MAR07973	[0.015956857496100273]
MAR07974	[0.015956857496100273]
MAR07976	[np.float64(7.456973094148011e-05)]
MAR07978	[0.015956857496100273]
MAR07980	[7.478461831564201e-05]
MAR07984	[7.478461831564201e-05]
MAR07987	[7.478461831564201e-05]
MAR01944	[0.009947721923987943]
MAR01945	[0.009947721923987943]
MAR01952	[0.00012860882859094003]
MAR01953	[np.float64(7.456973094148011e-05)]
MAR01958	[0.009947721923987943]
MAR01959	[0.004245836987986195]
MAR01960	[0.004245836987986195]
MAR01962	[0.00012860882859094003]
MAR01963	[np.float64(7.456973094148011e-05)]
MAR01967	[0.015956857496100273]
MAR01968	[0.015956857496100273]
MAR01969	[8.886660218506554e-05]
MAR01970	[0.015956857496100273]
MAR01971	[0.015956857496100273]
MAR01973	[np.float64(7.456973094148011e-05)]
MAR01974	[np.float64(7.456973094148011e-05)]
MAR01976	[np.float64(7.456973094148011e-05)]
MAR01977	[np.float64(7.456973094148011e-05)]
MAR01978	[0.015956857496100273]
MAR01982	[0.015956857496100273]
MAR01983	[0.015956857496100273]
MAR02014	[0.008998160734830764]
MAR02015	[np.float64(7.456973094148011e-05)]
MAR02016	[np.float64(7.456973094148011e-05)]
MAR02017	[np.float64(7.456973094148011e-05)]
MAR02018	[np.float64(7.456973094148011e-05)]
MAR02019	[np.float64(7.456973094148011e-05)]
MAR02020	[np.float64(7.456973094148011e-05)]
MAR02022	[0.015956857496100273]
MAR02024	[0.015956857496100273]
MAR02025	[np.float64(7.456973094148011e-05)]
MAR01440	[np.float64(7.456973094148011e-05)]
MAR01445	[np.float64(7.456973094148011e-05)]
MAR01448	[6.583680306537377e-05]
MAR01454	[np.float64(7.456973094148011e-05)]
MAR01465	[np.float64(7.456973094148011e-05)]
MAR01467	[np.float64(7.456973094148011e-05)]
MAR01470	[np.float64(7.456973094148011e-05)]
MAR01473	[np.float64(7.456973094148011e-05)]
MAR01477	[np.float64(7.456973094148011e-05)]
MAR01478	[np.float64(7.456973094148011e-05)]
MAR01479	[np.float64(7.456973094148011e-05)]
MAR01484	[np.float64(7.456973094148011e-05)]
MAR01490	[np.float64(7.456973094148011e-05)]
MAR01493	[np.float64(7.456973094148011e-05)]
MAR01494	[np.float64(7.456973094148011e-05)]
MAR01495	[np.float64(7.456973094148011e-05)]
MAR01496	[np.float64(7.456973094148011e-05)]
MAR01500	[np.float64(7.456973094148011e-05)]
MAR01502	[np.float64(7.456973094148011e-05)]
MAR01503	[np.float64(7.456973094148011e-05)]
MAR01504	[np.float64(7.456973094148011e-05)]
MAR01505	[np.float64(7.456973094148011e-05)]
MAR01509	[np.float64(7.456973094148011e-05)]
MAR01512	[3.610771761399455e-05]
MAR01516	[np.float64(7.456973094148011e-05)]
MAR01519	[np.float64(7.456973094148011e-05)]
MAR01526	[3.262101882673672e-05]
MAR01533	[3.262101882673672e-05]
MAR01557	[np.float64(7.456973094148011e-05)]
MAR01558	[np.float64(7.456973094148011e-05)]
MAR01565	[np.float64(7.456973094148011e-05)]
MAR01535	[3.262101882673672e-05]
MAR01536	[np.float64(7.456973094148011e-05)]
MAR01538	[np.float64(7.456973094148011e-05)]
MAR01539	[np.float64(7.456973094148011e-05)]
MAR01540	[np.float64(7.456973094148011e-05)]
MAR01543	[np.float64(7.456973094148011e-05)]
MAR01544	[np.float64(7.456973094148011e-05)]
MAR01545	[np.float64(7.456973094148011e-05)]
MAR01546	[np.float64(7.456973094148011e-05)]
MAR01547	[np.float64(7.456973094148011e-05)]
MAR01548	[np.float64(7.456973094148011e-05)]
MAR01549	[np.float64(7.456973094148011e-05)]
MAR01550	[np.float64(7.456973094148011e-05)]
MAR01551	[np.float64(7.456973094148011e-05)]
MAR01552	[np.float64(7.456973094148011e-05)]
MAR01553	[3.610771761399455e-05]
MAR01437	[np.float64(7.456973094148011e-05)]
MAR01451	[np.float64(7.456973094148011e-05)]
MAR01457	[np.float64(7.456973094148011e-05)]
MAR01460	[np.float64(7.456973094148011e-05)]
MAR01531	[0.00639132310635336]
MAR01570	[3.262101882673672e-05]
MAR01576	[np.float64(7.456973094148011e-05)]
MAR01577	[np.float64(7.456973094148011e-05)]
MAR03105	[np.float64(7.456973094148011e-05)]
MAR04630	[np.float64(7.456973094148011e-05)]
MAR02029	[np.float64(7.456973094148011e-05)]
MAR02030	[np.float64(7.456973094148011e-05)]
MAR02031	[np.float64(7.456973094148011e-05)]
MAR02032	[np.float64(7.456973094148011e-05)]
MAR02033	[np.float64(7.456973094148011e-05)]
MAR02034	[np.float64(7.456973094148011e-05)]
MAR02036	[np.float64(7.456973094148011e-05)]
MAR02037	[8.886660218506554e-05]
MAR02038	[np.float64(7.456973094148011e-05)]
MAR02042	[np.float64(7.456973094148011e-05)]
MAR02043	[np.float64(7.456973094148011e-05)]
MAR02044	[np.float64(7.456973094148011e-05)]
MAR02045	[np.float64(7.456973094148011e-05)]
MAR02046	[0.010042052540867787]
MAR02047	[0.010042052540867787]
MAR02048	[np.float64(7.456973094148011e-05)]
MAR02049	[0.010042052540867787]
MAR02050	[0.010042052540867787]
MAR02051	[0.010042052540867787]
MAR02052	[np.float64(7.456973094148011e-05)]
MAR02053	[np.float64(7.456973094148011e-05)]
MAR02054	[np.float64(7.456973094148011e-05)]
MAR02055	[0.010042052540867787]
MAR02056	[0.010042052540867787]
MAR02057	[0.010042052540867787]
MAR02058	[np.float64(7.456973094148011e-05)]
MAR02059	[np.float64(7.456973094148011e-05)]
MAR02060	[np.float64(7.456973094148011e-05)]
MAR02061	[2.9148311735601487e-05]
MAR02062	[2.9148311735601487e-05]
MAR02063	[2.9148311735601487e-05]
MAR02064	[0.00013277844040396965]
MAR02068	[2.8841287887561833e-05]
MAR02069	[2.8841287887561833e-05]
MAR02070	[2.8841287887561833e-05]
MAR02071	[2.8841287887561833e-05]
MAR02072	[2.8841287887561833e-05]
MAR02073	[2.8841287887561833e-05]
MAR02074	[2.8841287887561833e-05]
MAR02075	[2.8841287887561833e-05]
MAR02076	[2.9148311735601487e-05]
MAR02077	[2.9148311735601487e-05]
MAR02078	[2.9148311735601487e-05]
MAR02079	[0.00013277844040396965]
MAR02083	[2.8841287887561833e-05]
MAR02084	[2.8841287887561833e-05]
MAR02085	[2.8841287887561833e-05]
MAR02086	[2.8841287887561833e-05]
MAR02088	[2.9148311735601487e-05]
MAR02089	[2.9148311735601487e-05]
MAR02091	[0.00013277844040396965]
MAR02095	[2.8841287887561833e-05]
MAR02096	[2.8841287887561833e-05]
MAR02097	[2.8841287887561833e-05]
MAR02098	[2.8841287887561833e-05]
MAR02099	[2.9148311735601487e-05]
MAR02100	[2.9148311735601487e-05]
MAR02102	[0.00013277844040396965]
MAR02106	[2.8841287887561833e-05]
MAR02107	[2.8841287887561833e-05]
MAR02108	[2.8841287887561833e-05]
MAR02109	[2.8841287887561833e-05]
MAR02110	[2.8841287887561833e-05]
MAR02111	[2.8841287887561833e-05]
MAR02112	[2.8841287887561833e-05]
MAR02113	[2.8841287887561833e-05]
MAR03537	[0.00013277844040396965]
MAR03538	[3.092859332491893e-05]
MAR03539	[3.092859332491893e-05]
MAR03540	[3.092859332491893e-05]
MAR03541	[3.092859332491893e-05]
MAR03542	[3.092859332491893e-05]
MAR03543	[3.092859332491893e-05]
MAR03544	[3.092859332491893e-05]
MAR03545	[3.092859332491893e-05]
MAR03546	[3.092859332491893e-05]
MAR03547	[3.092859332491893e-05]
MAR03548	[3.092859332491893e-05]
MAR03549	[3.092859332491893e-05]
MAR03550	[3.092859332491893e-05]
MAR03551	[3.092859332491893e-05]
MAR03552	[3.092859332491893e-05]
MAR03553	[3.092859332491893e-05]
MAR03554	[3.092859332491893e-05]
MAR03555	[3.092859332491893e-05]
MAR03556	[3.092859332491893e-05]
MAR03557	[3.092859332491893e-05]
MAR03558	[3.092859332491893e-05]
MAR03559	[3.092859332491893e-05]
MAR03560	[3.092859332491893e-05]
MAR03561	[3.092859332491893e-05]
MAR03562	[3.092859332491893e-05]
MAR03563	[3.092859332491893e-05]
MAR03564	[3.092859332491893e-05]
MAR03565	[3.092859332491893e-05]
MAR03566	[3.092859332491893e-05]
MAR03567	[3.092859332491893e-05]
MAR03568	[3.092859332491893e-05]
MAR03569	[3.092859332491893e-05]
MAR03570	[3.092859332491893e-05]
MAR03571	[3.092859332491893e-05]
MAR03572	[3.092859332491893e-05]
MAR03573	[3.092859332491893e-05]
MAR03574	[3.092859332491893e-05]
MAR03575	[3.092859332491893e-05]
MAR03576	[3.092859332491893e-05]
MAR03577	[3.092859332491893e-05]
MAR03578	[3.092859332491893e-05]
MAR03579	[3.092859332491893e-05]
MAR03580	[3.092859332491893e-05]
MAR03581	[3.092859332491893e-05]
MAR03582	[3.092859332491893e-05]
MAR03583	[3.092859332491893e-05]
MAR03584	[3.092859332491893e-05]
MAR03585	[3.092859332491893e-05]
MAR03586	[3.092859332491893e-05]
MAR03587	[3.092859332491893e-05]
MAR03588	[3.092859332491893e-05]
MAR03589	[3.092859332491893e-05]
MAR03590	[3.092859332491893e-05]
MAR03591	[3.092859332491893e-05]
MAR03592	[3.092859332491893e-05]
MAR03593	[3.092859332491893e-05]
MAR03594	[3.092859332491893e-05]
MAR03595	[3.092859332491893e-05]
MAR03596	[3.092859332491893e-05]
MAR03622	[0.00013277844040396965]
MAR03625	[np.float64(7.456973094148011e-05)]
MAR03626	[np.float64(7.456973094148011e-05)]
MAR03627	[np.float64(7.456973094148011e-05)]
MAR03628	[np.float64(7.456973094148011e-05)]
MAR03629	[np.float64(7.456973094148011e-05)]
MAR03630	[np.float64(7.456973094148011e-05)]
MAR03631	[np.float64(7.456973094148011e-05)]
MAR03632	[np.float64(7.456973094148011e-05)]
MAR03633	[np.float64(7.456973094148011e-05)]
MAR03634	[np.float64(7.456973094148011e-05)]
MAR03635	[np.float64(7.456973094148011e-05)]
MAR03636	[np.float64(7.456973094148011e-05)]
MAR03637	[np.float64(7.456973094148011e-05)]
MAR03638	[np.float64(7.456973094148011e-05)]
MAR03639	[np.float64(7.456973094148011e-05)]
MAR03640	[np.float64(7.456973094148011e-05)]
MAR03641	[np.float64(7.456973094148011e-05)]
MAR03642	[np.float64(7.456973094148011e-05)]
MAR03643	[np.float64(7.456973094148011e-05)]
MAR03644	[np.float64(7.456973094148011e-05)]
MAR03645	[np.float64(7.456973094148011e-05)]
MAR03646	[np.float64(7.456973094148011e-05)]
MAR03647	[np.float64(7.456973094148011e-05)]
MAR03648	[np.float64(7.456973094148011e-05)]
MAR03649	[np.float64(7.456973094148011e-05)]
MAR03650	[np.float64(7.456973094148011e-05)]
MAR03651	[np.float64(7.456973094148011e-05)]
MAR03652	[np.float64(7.456973094148011e-05)]
MAR03653	[np.float64(7.456973094148011e-05)]
MAR03654	[np.float64(7.456973094148011e-05)]
MAR03655	[np.float64(7.456973094148011e-05)]
MAR03656	[np.float64(7.456973094148011e-05)]
MAR03657	[np.float64(7.456973094148011e-05)]
MAR03658	[np.float64(7.456973094148011e-05)]
MAR03659	[np.float64(7.456973094148011e-05)]
MAR03660	[np.float64(7.456973094148011e-05)]
MAR03661	[np.float64(7.456973094148011e-05)]
MAR03662	[np.float64(7.456973094148011e-05)]
MAR03663	[np.float64(7.456973094148011e-05)]
MAR03664	[np.float64(7.456973094148011e-05)]
MAR03665	[np.float64(7.456973094148011e-05)]
MAR03666	[np.float64(7.456973094148011e-05)]
MAR03667	[np.float64(7.456973094148011e-05)]
MAR03668	[np.float64(7.456973094148011e-05)]
MAR03669	[np.float64(7.456973094148011e-05)]
MAR03670	[np.float64(7.456973094148011e-05)]
MAR03671	[np.float64(7.456973094148011e-05)]
MAR03672	[np.float64(7.456973094148011e-05)]
MAR03673	[np.float64(7.456973094148011e-05)]
MAR03674	[np.float64(7.456973094148011e-05)]
MAR03675	[np.float64(7.456973094148011e-05)]
MAR03676	[np.float64(7.456973094148011e-05)]
MAR03677	[np.float64(7.456973094148011e-05)]
MAR03678	[np.float64(7.456973094148011e-05)]
MAR03679	[np.float64(7.456973094148011e-05)]
MAR03680	[np.float64(7.456973094148011e-05)]
MAR03681	[np.float64(7.456973094148011e-05)]
MAR03682	[np.float64(7.456973094148011e-05)]
MAR03683	[np.float64(7.456973094148011e-05)]
MAR03684	[3.092859332491893e-05]
MAR03685	[3.092859332491893e-05]
MAR03686	[3.092859332491893e-05]
MAR03687	[3.092859332491893e-05]
MAR03688	[3.092859332491893e-05]
MAR03689	[3.092859332491893e-05]
MAR03690	[3.092859332491893e-05]
MAR03691	[3.092859332491893e-05]
MAR03692	[3.092859332491893e-05]
MAR03693	[3.092859332491893e-05]
MAR03694	[3.092859332491893e-05]
MAR03695	[3.092859332491893e-05]
MAR03696	[3.092859332491893e-05]
MAR03697	[3.092859332491893e-05]
MAR03698	[3.092859332491893e-05]
MAR03699	[3.092859332491893e-05]
MAR03700	[3.092859332491893e-05]
MAR03701	[3.092859332491893e-05]
MAR03702	[3.092859332491893e-05]
MAR03703	[3.092859332491893e-05]
MAR03704	[3.092859332491893e-05]
MAR03705	[3.092859332491893e-05]
MAR03706	[3.092859332491893e-05]
MAR03707	[3.092859332491893e-05]
MAR03708	[3.092859332491893e-05]
MAR03709	[3.092859332491893e-05]
MAR03710	[3.092859332491893e-05]
MAR03711	[3.092859332491893e-05]
MAR03712	[3.092859332491893e-05]
MAR03713	[3.092859332491893e-05]
MAR03714	[3.092859332491893e-05]
MAR03715	[3.092859332491893e-05]
MAR03716	[3.092859332491893e-05]
MAR03717	[3.092859332491893e-05]
MAR03718	[3.092859332491893e-05]
MAR03719	[3.092859332491893e-05]
MAR03720	[3.092859332491893e-05]
MAR03721	[3.092859332491893e-05]
MAR03722	[3.092859332491893e-05]
MAR03723	[3.092859332491893e-05]
MAR03724	[3.092859332491893e-05]
MAR03725	[3.092859332491893e-05]
MAR03726	[3.092859332491893e-05]
MAR03727	[3.092859332491893e-05]
MAR03728	[3.092859332491893e-05]
MAR03729	[3.092859332491893e-05]
MAR03730	[3.092859332491893e-05]
MAR03731	[3.092859332491893e-05]
MAR03732	[3.092859332491893e-05]
MAR03733	[3.092859332491893e-05]
MAR03734	[3.092859332491893e-05]
MAR03735	[3.092859332491893e-05]
MAR03736	[3.092859332491893e-05]
MAR03737	[3.092859332491893e-05]
MAR03738	[3.092859332491893e-05]
MAR03739	[3.092859332491893e-05]
MAR03740	[3.092859332491893e-05]
MAR03741	[3.092859332491893e-05]
MAR03742	[3.092859332491893e-05]
MAR00715	[np.float64(7.456973094148011e-05)]
MAR00716	[np.float64(7.456973094148011e-05)]
MAR00733	[np.float64(7.456973094148011e-05)]
MAR00735	[np.float64(7.456973094148011e-05)]
MAR00736	[np.float64(7.456973094148011e-05)]
MAR00738	[np.float64(7.456973094148011e-05)]
MAR00741	[np.float64(7.456973094148011e-05)]
MAR00744	[np.float64(7.456973094148011e-05)]
MAR00746	[np.float64(7.456973094148011e-05)]
MAR00748	[np.float64(7.456973094148011e-05)]
MAR00750	[np.float64(7.456973094148011e-05)]
MAR00753	[np.float64(7.456973094148011e-05)]
MAR00754	[np.float64(7.456973094148011e-05)]
MAR00758	[np.float64(7.456973094148011e-05)]
MAR00760	[np.float64(7.456973094148011e-05)]
MAR00761	[np.float64(7.456973094148011e-05)]
MAR00762	[np.float64(7.456973094148011e-05)]
MAR00763	[0.00013277844040396965]
MAR00765	[6.854031611335766e-05]
MAR00766	[np.float64(7.456973094148011e-05)]
MAR00767	[np.float64(7.456973094148011e-05)]
MAR00773	[np.float64(7.456973094148011e-05)]
MAR00775	[np.float64(7.456973094148011e-05)]
MAR00779	[np.float64(7.456973094148011e-05)]
MAR00781	[0.00013277844040396965]
MAR00783	[np.float64(7.456973094148011e-05)]
MAR00795	[np.float64(7.456973094148011e-05)]
MAR08147	[np.float64(7.456973094148011e-05)]
MAR08148	[0.004952921735942963]
MAR08149	[9.308697768133802e-05]
MAR08150	[0.00639132310635336]
MAR08151	[np.float64(7.456973094148011e-05)]
MAR08152	[np.float64(7.456973094148011e-05)]
MAR08155	[np.float64(7.456973094148011e-05)]
MAR08156	[np.float64(7.456973094148011e-05)]
MAR08159	[np.float64(7.456973094148011e-05)]
MAR08162	[0.009013348366665145]
MAR08165	[0.00011122499709339157]
MAR08166	[np.float64(7.456973094148011e-05)]
MAR08167	[np.float64(7.456973094148011e-05)]
MAR08168	[np.float64(7.456973094148011e-05)]
MAR08169	[np.float64(7.456973094148011e-05)]
MAR08170	[np.float64(7.456973094148011e-05)]
MAR08171	[0.015035447514614596]
MAR08172	[np.float64(7.456973094148011e-05)]
MAR08173	[np.float64(7.456973094148011e-05)]
MAR08174	[np.float64(7.456973094148011e-05)]
MAR08175	[0.0061040911240064985]
MAR08176	[np.float64(7.456973094148011e-05)]
MAR08177	[0.015035447514614596]
MAR08178	[0.0061040911240064985]
MAR08179	[0.009013348366665145]
MAR08180	[0.015035447514614596]
MAR08181	[0.015035447514614596]
MAR08182	[0.015035447514614596]
MAR08183	[0.015035447514614596]
MAR08184	[0.004952921735942963]
MAR08185	[np.float64(7.456973094148011e-05)]
MAR08186	[np.float64(7.456973094148011e-05)]
MAR08187	[np.float64(7.456973094148011e-05)]
MAR08188	[np.float64(7.456973094148011e-05)]
MAR08189	[np.float64(7.456973094148011e-05)]
MAR08190	[0.00011122499709339157]
MAR08191	[0.00011122499709339157]
MAR08192	[0.00011122499709339157]
MAR08194	[np.float64(7.456973094148011e-05)]
MAR08197	[0.00013277844040396965]
MAR08198	[np.float64(7.456973094148011e-05)]
MAR08201	[np.float64(7.456973094148011e-05)]
MAR00786	[np.float64(7.456973094148011e-05)]
MAR08206	[0.009947721923987943]
MAR08209	[np.float64(7.456973094148011e-05)]
MAR08210	[0.0045845855939331895]
MAR08211	[np.float64(7.456973094148011e-05)]
MAR08212	[0.009947721923987943]
MAR08217	[np.float64(7.456973094148011e-05)]
MAR08219	[np.float64(7.456973094148011e-05)]
MAR08220	[np.float64(7.456973094148011e-05)]
MAR08221	[np.float64(7.456973094148011e-05)]
MAR08224	[np.float64(7.456973094148011e-05)]
MAR08226	[np.float64(7.456973094148011e-05)]
MAR08227	[np.float64(7.456973094148011e-05)]
MAR08228	[np.float64(7.456973094148011e-05)]
MAR08233	[np.float64(7.456973094148011e-05)]
MAR08235	[np.float64(7.456973094148011e-05)]
MAR08237	[np.float64(7.456973094148011e-05)]
MAR08238	[np.float64(7.456973094148011e-05)]
MAR08242	[0.004952921735942963]
MAR08245	[0.00013277844040396965]
MAR08246	[np.float64(7.456973094148011e-05)]
MAR08248	[np.float64(7.456973094148011e-05)]
MAR08249	[np.float64(7.456973094148011e-05)]
MAR08250	[np.float64(7.456973094148011e-05)]
MAR08251	[np.float64(7.456973094148011e-05)]
MAR00453	[6.854031611335766e-05]
MAR00456	[np.float64(7.456973094148011e-05)]
MAR00458	[6.854031611335766e-05]
MAR00459	[np.float64(7.456973094148011e-05)]
MAR00463	[np.float64(7.456973094148011e-05)]
MAR00486	[np.float64(7.456973094148011e-05)]
MAR00487	[np.float64(7.456973094148011e-05)]
MAR00488	[np.float64(7.456973094148011e-05)]
MAR00489	[np.float64(7.456973094148011e-05)]
MAR00490	[np.float64(7.456973094148011e-05)]
MAR00491	[np.float64(7.456973094148011e-05)]
MAR00492	[np.float64(7.456973094148011e-05)]
MAR00493	[np.float64(7.456973094148011e-05)]
MAR00494	[np.float64(7.456973094148011e-05)]
MAR00495	[np.float64(7.456973094148011e-05)]
MAR00496	[np.float64(7.456973094148011e-05)]
MAR00497	[np.float64(7.456973094148011e-05)]
MAR00498	[np.float64(7.456973094148011e-05)]
MAR00499	[np.float64(7.456973094148011e-05)]
MAR00500	[np.float64(7.456973094148011e-05)]
MAR00501	[np.float64(7.456973094148011e-05)]
MAR00502	[np.float64(7.456973094148011e-05)]
MAR00503	[np.float64(7.456973094148011e-05)]
MAR00504	[np.float64(7.456973094148011e-05)]
MAR00505	[np.float64(7.456973094148011e-05)]
MAR00506	[np.float64(7.456973094148011e-05)]
MAR00507	[np.float64(7.456973094148011e-05)]
MAR00508	[np.float64(7.456973094148011e-05)]
MAR00509	[np.float64(7.456973094148011e-05)]
MAR00510	[np.float64(7.456973094148011e-05)]
MAR00511	[np.float64(7.456973094148011e-05)]
MAR00512	[np.float64(7.456973094148011e-05)]
MAR00513	[np.float64(7.456973094148011e-05)]
MAR00514	[np.float64(7.456973094148011e-05)]
MAR00515	[np.float64(7.456973094148011e-05)]
MAR00516	[np.float64(7.456973094148011e-05)]
MAR00517	[np.float64(7.456973094148011e-05)]
MAR00518	[np.float64(7.456973094148011e-05)]
MAR00519	[np.float64(7.456973094148011e-05)]
MAR00520	[np.float64(7.456973094148011e-05)]
MAR00521	[np.float64(7.456973094148011e-05)]
MAR00522	[np.float64(7.456973094148011e-05)]
MAR00523	[np.float64(7.456973094148011e-05)]
MAR00524	[np.float64(7.456973094148011e-05)]
MAR00525	[np.float64(7.456973094148011e-05)]
MAR00526	[np.float64(7.456973094148011e-05)]
MAR00527	[np.float64(7.456973094148011e-05)]
MAR00528	[np.float64(7.456973094148011e-05)]
MAR00529	[np.float64(7.456973094148011e-05)]
MAR00530	[np.float64(7.456973094148011e-05)]
MAR00531	[np.float64(7.456973094148011e-05)]
MAR00532	[np.float64(7.456973094148011e-05)]
MAR00533	[np.float64(7.456973094148011e-05)]
MAR00534	[np.float64(7.456973094148011e-05)]
MAR00535	[np.float64(7.456973094148011e-05)]
MAR00536	[np.float64(7.456973094148011e-05)]
MAR00537	[np.float64(7.456973094148011e-05)]
MAR00538	[np.float64(7.456973094148011e-05)]
MAR00539	[np.float64(7.456973094148011e-05)]
MAR00540	[np.float64(7.456973094148011e-05)]
MAR00541	[np.float64(7.456973094148011e-05)]
MAR00542	[np.float64(7.456973094148011e-05)]
MAR00543	[np.float64(7.456973094148011e-05)]
MAR00544	[np.float64(7.456973094148011e-05)]
MAR00588	[3.0244349662584257e-05]
MAR00596	[np.float64(7.456973094148011e-05)]
MAR00673	[np.float64(7.456973094148011e-05)]
MAR00674	[np.float64(7.456973094148011e-05)]
MAR00675	[np.float64(7.456973094148011e-05)]
MAR00676	[np.float64(7.456973094148011e-05)]
MAR00677	[np.float64(7.456973094148011e-05)]
MAR00678	[np.float64(7.456973094148011e-05)]
MAR04296	[0.015956857496100273]
MAR04390	[3.092859332491893e-05]
MAR05254	[np.float64(7.456973094148011e-05)]
MAR07599	[np.float64(7.456973094148011e-05)]
MAR00448	[np.float64(7.456973094148011e-05)]
MAR00450	[np.float64(7.456973094148011e-05)]
MAR00468	[np.float64(7.456973094148011e-05)]
MAR00479	[np.float64(7.456973094148011e-05)]
MAR00481	[np.float64(7.456973094148011e-05)]
MAR00484	[np.float64(7.456973094148011e-05)]
MAR00579	[np.float64(7.456973094148011e-05)]
MAR00580	[3.0244349662584257e-05]
MAR00581	[np.float64(7.456973094148011e-05)]
MAR00582	[np.float64(7.456973094148011e-05)]
MAR00584	[0.00013277844040396965]
MAR00586	[np.float64(7.456973094148011e-05)]
MAR00589	[3.0244349662584257e-05]
MAR00590	[3.0244349662584257e-05]
MAR00591	[3.0244349662584257e-05]
MAR00592	[3.0244349662584257e-05]
MAR00593	[3.0244349662584257e-05]
MAR00594	[3.0244349662584257e-05]
MAR00597	[np.float64(7.456973094148011e-05)]
MAR00598	[np.float64(7.456973094148011e-05)]
MAR00599	[np.float64(7.456973094148011e-05)]
MAR00600	[np.float64(7.456973094148011e-05)]
MAR00601	[np.float64(7.456973094148011e-05)]
MAR00602	[np.float64(7.456973094148011e-05)]
MAR00610	[np.float64(7.456973094148011e-05)]
MAR00613	[np.float64(7.456973094148011e-05)]
MAR00614	[np.float64(7.456973094148011e-05)]
MAR00615	[np.float64(7.456973094148011e-05)]
MAR00616	[np.float64(7.456973094148011e-05)]
MAR00622	[np.float64(7.456973094148011e-05)]
MAR00623	[np.float64(7.456973094148011e-05)]
MAR00625	[np.float64(7.456973094148011e-05)]
MAR00627	[np.float64(7.456973094148011e-05)]
MAR00629	[np.float64(7.456973094148011e-05)]
MAR00630	[np.float64(7.456973094148011e-05)]
MAR00632	[np.float64(7.456973094148011e-05)]
MAR00633	[np.float64(7.456973094148011e-05)]
MAR00634	[np.float64(7.456973094148011e-05)]
MAR00635	[np.float64(7.456973094148011e-05)]
MAR00636	[np.float64(7.456973094148011e-05)]
MAR00638	[np.float64(7.456973094148011e-05)]
MAR00640	[0.015956857496100273]
MAR00641	[0.004952921735942963]
MAR00642	[np.float64(7.456973094148011e-05)]
MAR00643	[np.float64(7.456973094148011e-05)]
MAR00644	[np.float64(7.456973094148011e-05)]
MAR00645	[np.float64(7.456973094148011e-05)]
MAR00646	[np.float64(7.456973094148011e-05)]
MAR00647	[0.00013277844040396965]
MAR00648	[np.float64(7.456973094148011e-05)]
MAR00649	[0.015956857496100273]
MAR00651	[np.float64(7.456973094148011e-05)]
MAR00653	[np.float64(7.456973094148011e-05)]
MAR00654	[np.float64(7.456973094148011e-05)]
MAR00657	[np.float64(7.456973094148011e-05)]
MAR00659	[0.00013277844040396965]
MAR00660	[np.float64(7.456973094148011e-05)]
MAR04627	[0.00639132310635336]
MAR04838	[0.00639132310635336]
MAR04839	[0.00639132310635336]
MAR07591	[np.float64(7.456973094148011e-05)]
MAR07594	[np.float64(7.456973094148011e-05)]
MAR07597	[0.00013277844040396965]
MAR07601	[0.00013277844040396965]
MAR07611	[np.float64(7.456973094148011e-05)]
MAR07612	[0.005060066926191334]
MAR07613	[np.float64(7.456973094148011e-05)]
MAR07755	[np.float64(7.456973094148011e-05)]
MAR08362	[0.015956857496100273]
MAR08421	[0.004952921735942963]
MAR08424	[0.015956857496100273]
MAR08518	[np.float64(7.456973094148011e-05)]
MAR08519	[0.005060066926191334]
MAR08521	[np.float64(7.456973094148011e-05)]
MAR08522	[0.00013277844040396965]
MAR08523	[np.float64(7.456973094148011e-05)]
MAR08525	[np.float64(7.456973094148011e-05)]
MAR09805	[0.015956857496100273]
MAR00815	[0.00011122499709339157]
MAR00816	[np.float64(7.456973094148011e-05)]
MAR00817	[np.float64(7.456973094148011e-05)]
MAR00819	[np.float64(7.456973094148011e-05)]
MAR00820	[0.004952921735942963]
MAR00821	[np.float64(7.456973094148011e-05)]
MAR00822	[0.015035447514614596]
MAR00823	[np.float64(7.456973094148011e-05)]
MAR00824	[0.004952921735942963]
MAR00825	[np.float64(7.456973094148011e-05)]
MAR00827	[0.00011122499709339157]
MAR00828	[np.float64(7.456973094148011e-05)]
MAR00829	[np.float64(7.456973094148011e-05)]
MAR00830	[np.float64(7.456973094148011e-05)]
MAR00837	[np.float64(7.456973094148011e-05)]
MAR00838	[np.float64(7.456973094148011e-05)]
MAR00839	[0.015035447514614596]
MAR00840	[0.0061040911240064985]
MAR00841	[0.009013348366665145]
MAR00842	[0.00011122499709339157]
MAR00843	[np.float64(7.456973094148011e-05)]
MAR00844	[np.float64(7.456973094148011e-05)]
MAR00845	[np.float64(7.456973094148011e-05)]
MAR00846	[0.015035447514614596]
MAR00847	[np.float64(7.456973094148011e-05)]
MAR00848	[0.0061040911240064985]
MAR00849	[np.float64(7.456973094148011e-05)]
MAR00850	[np.float64(7.456973094148011e-05)]
MAR00851	[0.009013348366665145]
MAR00852	[0.009013348366665145]
MAR00853	[0.009013348366665145]
MAR00854	[0.009013348366665145]
MAR00855	[0.009013348366665145]
MAR00856	[0.00011122499709339157]
MAR00857	[np.float64(7.456973094148011e-05)]
MAR00858	[np.float64(7.456973094148011e-05)]
MAR00928	[0.009947721923987943]
MAR00801	[0.004952921735942963]
MAR00803	[np.float64(7.456973094148011e-05)]
MAR00805	[9.308697768133802e-05]
MAR00806	[9.308697768133802e-05]
MAR00807	[np.float64(7.456973094148011e-05)]
MAR00809	[0.00639132310635336]
MAR00810	[np.float64(7.456973094148011e-05)]
MAR00811	[np.float64(7.456973094148011e-05)]
MAR00812	[np.float64(7.456973094148011e-05)]
MAR00813	[np.float64(7.456973094148011e-05)]
MAR00814	[0.009013348366665145]
MAR00859	[np.float64(7.456973094148011e-05)]
MAR00860	[0.00639132310635336]
MAR00861	[np.float64(7.456973094148011e-05)]
MAR00862	[0.004203453652338184]
MAR00863	[0.004203453652338184]
MAR00864	[np.float64(7.456973094148011e-05)]
MAR00865	[np.float64(7.456973094148011e-05)]
MAR00866	[np.float64(7.456973094148011e-05)]
MAR00867	[np.float64(7.456973094148011e-05)]
MAR00868	[np.float64(7.456973094148011e-05)]
MAR00870	[0.004203453652338184]
MAR00871	[0.004203453652338184]
MAR00873	[0.004203453652338184]
MAR00875	[np.float64(7.456973094148011e-05)]
MAR00876	[0.00011087029077755572]
MAR00877	[0.009013348366665145]
MAR00878	[0.00012860882859094003]
MAR00879	[np.float64(7.456973094148011e-05)]
MAR00880	[np.float64(7.456973094148011e-05)]
MAR00881	[np.float64(7.456973094148011e-05)]
MAR00882	[0.00012860882859094003]
MAR00883	[np.float64(7.456973094148011e-05)]
MAR00884	[np.float64(7.456973094148011e-05)]
MAR00885	[0.00013277844040396965]
MAR00886	[np.float64(7.456973094148011e-05)]
MAR00887	[np.float64(7.456973094148011e-05)]
MAR00888	[0.00012860882859094003]
MAR00889	[np.float64(7.456973094148011e-05)]
MAR00890	[np.float64(7.456973094148011e-05)]
MAR00891	[np.float64(7.456973094148011e-05)]
MAR00892	[np.float64(7.456973094148011e-05)]
MAR00893	[0.00012860882859094003]
MAR00894	[0.00012860882859094003]
MAR00895	[0.00012860882859094003]
MAR00896	[0.00012860882859094003]
MAR00897	[0.00012860882859094003]
MAR00898	[np.float64(7.456973094148011e-05)]
MAR00899	[0.00012860882859094003]
MAR00900	[0.00012860882859094003]
MAR00901	[np.float64(7.456973094148011e-05)]
MAR00902	[np.float64(7.456973094148011e-05)]
MAR00903	[0.00013277844040396965]
MAR00904	[np.float64(7.456973094148011e-05)]
MAR00905	[np.float64(7.456973094148011e-05)]
MAR00906	[0.004952921735942963]
MAR00907	[0.00013277844040396965]
MAR00908	[np.float64(7.456973094148011e-05)]
MAR00909	[np.float64(7.456973094148011e-05)]
MAR00910	[0.00011087029077755572]
MAR00911	[0.00012860882859094003]
MAR00912	[0.00013277844040396965]
MAR00787	[np.float64(7.456973094148011e-05)]
MAR00790	[np.float64(7.456973094148011e-05)]
MAR00792	[0.009947721923987943]
MAR00793	[0.0045845855939331895]
MAR00794	[np.float64(7.456973094148011e-05)]
MAR00797	[np.float64(7.456973094148011e-05)]
MAR00804	[np.float64(7.456973094148011e-05)]
MAR00808	[np.float64(7.456973094148011e-05)]
MAR00826	[np.float64(7.456973094148011e-05)]
MAR00832	[np.float64(7.456973094148011e-05)]
MAR00834	[np.float64(7.456973094148011e-05)]
MAR00835	[np.float64(7.456973094148011e-05)]
MAR00836	[np.float64(7.456973094148011e-05)]
MAR00914	[0.0045845855939331895]
MAR00915	[0.009947721923987943]
MAR00919	[np.float64(7.456973094148011e-05)]
MAR00920	[np.float64(7.456973094148011e-05)]
MAR00921	[np.float64(7.456973094148011e-05)]
MAR00924	[6.854031611335766e-05]
MAR00925	[6.854031611335766e-05]
MAR00926	[6.854031611335766e-05]
MAR07188	[0.009013348366665145]
MAR08378	[np.float64(7.456973094148011e-05)]
MAR08379	[np.float64(7.456973094148011e-05)]
MAR07185	[np.float64(7.456973094148011e-05)]
MAR08380	[np.float64(7.456973094148011e-05)]
MAR07186	[np.float64(7.456973094148011e-05)]
MAR08381	[np.float64(7.456973094148011e-05)]
MAR07187	[np.float64(7.456973094148011e-05)]
MAR08383	[np.float64(7.456973094148011e-05)]
MAR08384	[np.float64(7.456973094148011e-05)]
MAR08385	[np.float64(7.456973094148011e-05)]
MAR08387	[np.float64(7.456973094148011e-05)]
MAR08388	[np.float64(7.456973094148011e-05)]
MAR08389	[np.float64(7.456973094148011e-05)]
MAR08390	[np.float64(7.456973094148011e-05)]
MAR08391	[np.float64(7.456973094148011e-05)]
MAR08392	[np.float64(7.456973094148011e-05)]
MAR08393	[np.float64(7.456973094148011e-05)]
MAR08394	[np.float64(7.456973094148011e-05)]
MAR08395	[np.float64(7.456973094148011e-05)]
MAR08396	[np.float64(7.456973094148011e-05)]
MAR08397	[np.float64(7.456973094148011e-05)]
MAR08398	[np.float64(7.456973094148011e-05)]
MAR08399	[np.float64(7.456973094148011e-05)]
MAR08401	[np.float64(7.456973094148011e-05)]
MAR08402	[7.13264168815426e-05]
MAR08403	[np.float64(7.456973094148011e-05)]
MAR08404	[7.13264168815426e-05]
MAR08405	[np.float64(7.456973094148011e-05)]
MAR08406	[7.13264168815426e-05]
MAR08407	[7.13264168815426e-05]
MAR01979	[0.015956857496100273]
MAR01980	[0.015956857496100273]
MAR01981	[0.009947721923987943]
MAR01985	[0.004245836987986195]
MAR01987	[0.004245836987986195]
MAR01988	[0.015956857496100273]
MAR01995	[0.015956857496100273]
MAR01996	[0.008998160734830764]
MAR01999	[0.004245836987986195]
MAR02000	[0.004245836987986195]
MAR02001	[0.004245836987986195]
MAR01305	[np.float64(7.456973094148011e-05)]
MAR01307	[np.float64(7.456973094148011e-05)]
MAR01308	[0.009013348366665145]
MAR01310	[0.00013277844040396965]
MAR01312	[2.9282009943475488e-05]
MAR01313	[0.009947721923987943]
MAR01315	[0.00013277844040396965]
MAR01317	[0.00013277844040396965]
MAR01318	[0.00013277844040396965]
MAR01319	[0.00013277844040396965]
MAR01320	[0.00013277844040396965]
MAR01321	[np.float64(7.456973094148011e-05)]
MAR01322	[0.00013277844040396965]
MAR01323	[0.00013277844040396965]
MAR01324	[0.00013277844040396965]
MAR01325	[np.float64(7.456973094148011e-05)]
MAR01326	[np.float64(7.456973094148011e-05)]
MAR01327	[np.float64(7.456973094148011e-05)]
MAR01328	[0.00013277844040396965]
MAR01329	[np.float64(7.456973094148011e-05)]
MAR01330	[0.009892246080268865]
MAR01332	[0.00013277844040396965]
MAR01333	[0.00013277844040396965]
MAR01334	[0.00013277844040396965]
MAR01335	[0.00013277844040396965]
MAR01336	[0.00013277844040396965]
MAR01337	[0.00013277844040396965]
MAR01338	[0.00013277844040396965]
MAR01339	[0.009947721923987943]
MAR01341	[0.00013277844040396965]
MAR01342	[0.00013277844040396965]
MAR01343	[0.00013277844040396965]
MAR01344	[np.float64(7.456973094148011e-05)]
MAR01345	[0.00013277844040396965]
MAR01346	[np.float64(7.456973094148011e-05)]
MAR01347	[np.float64(7.456973094148011e-05)]
MAR01350	[np.float64(7.456973094148011e-05)]
MAR01352	[np.float64(7.456973094148011e-05)]
MAR01355	[0.00013277844040396965]
MAR01356	[0.00013277844040396965]
MAR01357	[0.00013277844040396965]
MAR01358	[0.00013277844040396965]
MAR01359	[0.00013277844040396965]
MAR01360	[0.00013277844040396965]
MAR01361	[0.00013277844040396965]
MAR01362	[0.00013277844040396965]
MAR01363	[0.00013277844040396965]
MAR01364	[0.00013277844040396965]
MAR01365	[0.00013277844040396965]
MAR01366	[0.00013277844040396965]
MAR01367	[2.8841287887561833e-05]
MAR01370	[2.8841287887561833e-05]
MAR01373	[0.00013277844040396965]
MAR01374	[0.00013277844040396965]
MAR01375	[0.00013277844040396965]
MAR01376	[0.00013277844040396965]
MAR01379	[2.8841287887561833e-05]
MAR01382	[np.float64(7.456973094148011e-05)]
MAR01383	[0.00013277844040396965]
MAR01384	[2.8841287887561833e-05]
MAR01387	[np.float64(7.456973094148011e-05)]
MAR01388	[0.005852844278902521]
MAR01389	[0.00013277844040396965]
MAR01390	[np.float64(7.456973094148011e-05)]
MAR01391	[np.float64(7.456973094148011e-05)]
MAR01393	[np.float64(7.456973094148011e-05)]
MAR01394	[2.9282009943475488e-05]
MAR01395	[np.float64(7.456973094148011e-05)]
MAR01398	[2.8841287887561833e-05]
MAR01401	[0.00013277844040396965]
MAR01402	[0.00013277844040396965]
MAR00703	[np.float64(7.456973094148011e-05)]
MAR00705	[np.float64(7.456973094148011e-05)]
MAR00706	[np.float64(7.456973094148011e-05)]
MAR00708	[np.float64(7.456973094148011e-05)]
MAR07598	[np.float64(7.456973094148011e-05)]
MAR07600	[np.float64(7.456973094148011e-05)]
MAR07602	[np.float64(7.456973094148011e-05)]
MAR07603	[np.float64(7.456973094148011e-05)]
MAR07604	[np.float64(7.456973094148011e-05)]
MAR07605	[np.float64(7.456973094148011e-05)]
MAR07606	[0.015956857496100273]
MAR07607	[0.013104348694612643]
MAR07610	[np.float64(7.456973094148011e-05)]
MAR07614	[np.float64(7.456973094148011e-05)]
MAR07615	[np.float64(7.456973094148011e-05)]
MAR07200	[np.float64(7.456973094148011e-05)]
MAR07202	[np.float64(7.456973094148011e-05)]
MAR07203	[np.float64(7.456973094148011e-05)]
MAR07205	[np.float64(7.456973094148011e-05)]
MAR07206	[np.float64(7.456973094148011e-05)]
MAR07207	[np.float64(7.456973094148011e-05)]
MAR07208	[np.float64(7.456973094148011e-05)]
MAR07209	[np.float64(7.456973094148011e-05)]
MAR07210	[np.float64(7.456973094148011e-05)]
MAR07211	[np.float64(7.456973094148011e-05)]
MAR07212	[np.float64(7.456973094148011e-05)]
MAR07213	[np.float64(7.456973094148011e-05)]
MAR07214	[np.float64(7.456973094148011e-05)]
MAR07215	[np.float64(7.456973094148011e-05)]
MAR07216	[np.float64(7.456973094148011e-05)]
MAR07217	[np.float64(7.456973094148011e-05)]
MAR07218	[np.float64(7.456973094148011e-05)]
MAR07219	[np.float64(7.456973094148011e-05)]
MAR07220	[np.float64(7.456973094148011e-05)]
MAR07221	[np.float64(7.456973094148011e-05)]
MAR07222	[np.float64(7.456973094148011e-05)]
MAR07490	[0.00013277844040396965]
MAR07491	[np.float64(7.456973094148011e-05)]
MAR07492	[np.float64(7.456973094148011e-05)]
MAR07493	[7.43681259301101e-05]
MAR07494	[7.43681259301101e-05]
MAR07495	[7.43681259301101e-05]
MAR07496	[7.43681259301101e-05]
MAR07497	[0.00013277844040396965]
MAR07498	[np.float64(7.456973094148011e-05)]
MAR07509	[np.float64(7.456973094148011e-05)]
MAR07510	[np.float64(7.456973094148011e-05)]
MAR07519	[np.float64(7.456973094148011e-05)]
MAR07520	[7.43681259301101e-05]
MAR07521	[7.43681259301101e-05]
MAR07522	[np.float64(7.456973094148011e-05)]
MAR07534	[np.float64(7.456973094148011e-05)]
MAR07535	[7.43681259301101e-05]
MAR07536	[7.43681259301101e-05]
MAR07537	[np.float64(7.456973094148011e-05)]
MAR07538	[np.float64(7.456973094148011e-05)]
MAR07551	[np.float64(7.456973094148011e-05)]
MAR07552	[np.float64(7.456973094148011e-05)]
MAR07553	[np.float64(7.456973094148011e-05)]
MAR07554	[0.00013277844040396965]
MAR07501	[0.00013277844040396965]
MAR07502	[np.float64(7.456973094148011e-05)]
MAR07503	[np.float64(7.456973094148011e-05)]
MAR07504	[np.float64(7.456973094148011e-05)]
MAR07505	[np.float64(7.456973094148011e-05)]
MAR07506	[np.float64(7.456973094148011e-05)]
MAR07507	[np.float64(7.456973094148011e-05)]
MAR07508	[0.00013277844040396965]
MAR07513	[0.00013277844040396965]
MAR07514	[np.float64(7.456973094148011e-05)]
MAR07515	[np.float64(7.456973094148011e-05)]
MAR07516	[np.float64(7.456973094148011e-05)]
MAR07517	[np.float64(7.456973094148011e-05)]
MAR07518	[9.240427826699059e-05]
MAR07525	[0.00013277844040396965]
MAR07526	[3.6371271056739e-05]
MAR07527	[np.float64(7.456973094148011e-05)]
MAR07528	[np.float64(7.456973094148011e-05)]
MAR07529	[np.float64(7.456973094148011e-05)]
MAR07530	[3.6371271056739e-05]
MAR07531	[np.float64(7.456973094148011e-05)]
MAR07532	[np.float64(7.456973094148011e-05)]
MAR07533	[0.00013277844040396965]
MAR07541	[0.00013277844040396965]
MAR07542	[3.6371271056739e-05]
MAR07543	[np.float64(7.456973094148011e-05)]
MAR07544	[np.float64(7.456973094148011e-05)]
MAR07545	[0.00013277844040396965]
MAR07546	[np.float64(7.456973094148011e-05)]
MAR07547	[3.6371271056739e-05]
MAR07548	[np.float64(7.456973094148011e-05)]
MAR07549	[np.float64(7.456973094148011e-05)]
MAR07550	[0.00013277844040396965]
MAR07557	[0.00013277844040396965]
MAR07558	[np.float64(7.456973094148011e-05)]
MAR07559	[np.float64(7.456973094148011e-05)]
MAR07560	[3.6371271056739e-05]
MAR07561	[np.float64(7.456973094148011e-05)]
MAR07562	[np.float64(7.456973094148011e-05)]
MAR07563	[np.float64(7.456973094148011e-05)]
MAR07564	[np.float64(7.456973094148011e-05)]
MAR07565	[3.6371271056739e-05]
MAR07566	[np.float64(7.456973094148011e-05)]
MAR07567	[0.00013277844040396965]
MAR07225	[np.float64(7.456973094148011e-05)]
MAR07226	[np.float64(7.456973094148011e-05)]
MAR07227	[np.float64(7.456973094148011e-05)]
MAR07228	[np.float64(7.456973094148011e-05)]
MAR07229	[np.float64(7.456973094148011e-05)]
MAR07230	[9.240427826699059e-05]
MAR07231	[np.float64(7.456973094148011e-05)]
MAR07232	[np.float64(7.456973094148011e-05)]
MAR07233	[np.float64(7.456973094148011e-05)]
MAR07234	[np.float64(7.456973094148011e-05)]
MAR07235	[np.float64(7.456973094148011e-05)]
MAR07236	[0.00013277844040396965]
MAR07237	[np.float64(7.456973094148011e-05)]
MAR07238	[np.float64(7.456973094148011e-05)]
MAR07239	[np.float64(7.456973094148011e-05)]
MAR07240	[np.float64(7.456973094148011e-05)]
MAR07241	[np.float64(7.456973094148011e-05)]
MAR07242	[9.240427826699059e-05]
MAR07243	[0.00013277844040396965]
MAR07244	[np.float64(7.456973094148011e-05)]
MAR07245	[np.float64(7.456973094148011e-05)]
MAR07246	[np.float64(7.456973094148011e-05)]
MAR07247	[np.float64(7.456973094148011e-05)]
MAR07248	[9.240427826699059e-05]
MAR07249	[0.00013277844040396965]
MAR07250	[np.float64(7.456973094148011e-05)]
MAR07251	[0.00013277844040396965]
MAR07571	[np.float64(7.456973094148011e-05)]
MAR07572	[np.float64(7.456973094148011e-05)]
MAR07573	[np.float64(7.456973094148011e-05)]
MAR07335	[np.float64(7.456973094148011e-05)]
MAR07336	[np.float64(7.456973094148011e-05)]
MAR07337	[np.float64(7.456973094148011e-05)]
MAR07338	[np.float64(7.456973094148011e-05)]
MAR07339	[0.005285501227324215]
MAR07340	[np.float64(7.456973094148011e-05)]
MAR07341	[np.float64(7.456973094148011e-05)]
MAR07342	[0.005285501227324215]
MAR07343	[np.float64(7.456973094148011e-05)]
MAR07344	[np.float64(7.456973094148011e-05)]
MAR07345	[0.005285501227324215]
MAR07346	[np.float64(7.456973094148011e-05)]
MAR07347	[np.float64(7.456973094148011e-05)]
MAR07348	[0.005285501227324215]
MAR07349	[np.float64(7.456973094148011e-05)]
MAR07350	[np.float64(7.456973094148011e-05)]
MAR07351	[0.005285501227324215]
MAR07352	[np.float64(7.456973094148011e-05)]
MAR07353	[np.float64(7.456973094148011e-05)]
MAR07354	[0.005285501227324215]
MAR07355	[np.float64(7.456973094148011e-05)]
MAR07356	[np.float64(7.456973094148011e-05)]
MAR07357	[0.005285501227324215]
MAR07358	[np.float64(7.456973094148011e-05)]
MAR07359	[np.float64(7.456973094148011e-05)]
MAR07360	[0.005285501227324215]
MAR07361	[np.float64(7.456973094148011e-05)]
MAR07362	[np.float64(7.456973094148011e-05)]
MAR07363	[0.005285501227324215]
MAR07364	[np.float64(7.456973094148011e-05)]
MAR07365	[np.float64(7.456973094148011e-05)]
MAR07366	[0.005285501227324215]
MAR07367	[np.float64(7.456973094148011e-05)]
MAR07368	[np.float64(7.456973094148011e-05)]
MAR07369	[0.005285501227324215]
MAR07370	[np.float64(7.456973094148011e-05)]
MAR07371	[np.float64(7.456973094148011e-05)]
MAR07442	[np.float64(7.456973094148011e-05)]
MAR07443	[np.float64(7.456973094148011e-05)]
MAR07444	[np.float64(7.456973094148011e-05)]
MAR07445	[np.float64(7.456973094148011e-05)]
MAR07446	[np.float64(7.456973094148011e-05)]
MAR07447	[0.005285501227324215]
MAR07448	[np.float64(7.456973094148011e-05)]
MAR07449	[np.float64(7.456973094148011e-05)]
MAR07450	[0.005285501227324215]
MAR07451	[np.float64(7.456973094148011e-05)]
MAR07452	[np.float64(7.456973094148011e-05)]
MAR07471	[np.float64(7.456973094148011e-05)]
MAR07472	[np.float64(7.456973094148011e-05)]
MAR07473	[np.float64(7.456973094148011e-05)]
MAR07474	[np.float64(7.456973094148011e-05)]
MAR07475	[np.float64(7.456973094148011e-05)]
MAR07476	[0.005285501227324215]
MAR07477	[np.float64(7.456973094148011e-05)]
MAR07478	[np.float64(7.456973094148011e-05)]
MAR07479	[0.005285501227324215]
MAR07480	[np.float64(7.456973094148011e-05)]
MAR07481	[np.float64(7.456973094148011e-05)]
MAR07373	[np.float64(7.456973094148011e-05)]
MAR07375	[np.float64(7.456973094148011e-05)]
MAR07376	[np.float64(7.456973094148011e-05)]
MAR07377	[np.float64(7.456973094148011e-05)]
MAR07378	[3.6371271056739e-05]
MAR07379	[3.6371271056739e-05]
MAR07380	[3.6371271056739e-05]
MAR07381	[np.float64(7.456973094148011e-05)]
MAR07382	[np.float64(7.456973094148011e-05)]
MAR07383	[np.float64(7.456973094148011e-05)]
MAR07384	[3.6371271056739e-05]
MAR07385	[np.float64(7.456973094148011e-05)]
MAR07386	[np.float64(7.456973094148011e-05)]
MAR07387	[np.float64(7.456973094148011e-05)]
MAR07388	[3.6371271056739e-05]
MAR07389	[np.float64(7.456973094148011e-05)]
MAR07390	[np.float64(7.456973094148011e-05)]
MAR07391	[np.float64(7.456973094148011e-05)]
MAR07392	[3.6371271056739e-05]
MAR07393	[np.float64(7.456973094148011e-05)]
MAR07394	[np.float64(7.456973094148011e-05)]
MAR07395	[np.float64(7.456973094148011e-05)]
MAR07396	[3.6371271056739e-05]
MAR07397	[np.float64(7.456973094148011e-05)]
MAR07398	[np.float64(7.456973094148011e-05)]
MAR07399	[np.float64(7.456973094148011e-05)]
MAR07400	[3.6371271056739e-05]
MAR07401	[np.float64(7.456973094148011e-05)]
MAR07402	[np.float64(7.456973094148011e-05)]
MAR07403	[np.float64(7.456973094148011e-05)]
MAR07404	[3.6371271056739e-05]
MAR07405	[np.float64(7.456973094148011e-05)]
MAR07406	[np.float64(7.456973094148011e-05)]
MAR07407	[np.float64(7.456973094148011e-05)]
MAR07408	[3.6371271056739e-05]
MAR07409	[np.float64(7.456973094148011e-05)]
MAR07410	[np.float64(7.456973094148011e-05)]
MAR07411	[np.float64(7.456973094148011e-05)]
MAR07412	[3.6371271056739e-05]
MAR07413	[np.float64(7.456973094148011e-05)]
MAR07414	[np.float64(7.456973094148011e-05)]
MAR07415	[np.float64(7.456973094148011e-05)]
MAR07416	[3.6371271056739e-05]
MAR07417	[np.float64(7.456973094148011e-05)]
MAR07418	[np.float64(7.456973094148011e-05)]
MAR07419	[np.float64(7.456973094148011e-05)]
MAR07420	[3.6371271056739e-05]
MAR07421	[np.float64(7.456973094148011e-05)]
MAR07422	[np.float64(7.456973094148011e-05)]
MAR07423	[np.float64(7.456973094148011e-05)]
MAR07424	[3.6371271056739e-05]
MAR07425	[np.float64(7.456973094148011e-05)]
MAR07426	[3.6371271056739e-05]
MAR07427	[np.float64(7.456973094148011e-05)]
MAR07455	[3.6371271056739e-05]
MAR07456	[3.6371271056739e-05]
MAR07457	[3.6371271056739e-05]
MAR07458	[np.float64(7.456973094148011e-05)]
MAR07459	[np.float64(7.456973094148011e-05)]
MAR07460	[np.float64(7.456973094148011e-05)]
MAR07461	[3.6371271056739e-05]
MAR07462	[np.float64(7.456973094148011e-05)]
MAR07463	[np.float64(7.456973094148011e-05)]
MAR07464	[np.float64(7.456973094148011e-05)]
MAR07465	[3.6371271056739e-05]
MAR07466	[np.float64(7.456973094148011e-05)]
MAR07467	[3.6371271056739e-05]
MAR07468	[0.00013277844040396965]
MAR07469	[np.float64(7.456973094148011e-05)]
MAR07484	[3.6371271056739e-05]
MAR07485	[3.6371271056739e-05]
MAR07486	[3.6371271056739e-05]
MAR07487	[np.float64(7.456973094148011e-05)]
MAR07488	[np.float64(7.456973094148011e-05)]
MAR07489	[np.float64(7.456973094148011e-05)]
MAR08643	[np.float64(7.456973094148011e-05)]
MAR08645	[np.float64(7.456973094148011e-05)]
MAR08648	[0.005060066926191334]
MAR01581	[0.015956857496100273]
MAR01584	[np.float64(7.456973094148011e-05)]
MAR01585	[np.float64(7.456973094148011e-05)]
MAR01589	[0.015956857496100273]
MAR01590	[0.015956857496100273]
MAR01592	[0.00013277844040396965]
MAR01593	[0.00013277844040396965]
MAR01595	[0.008998160734830764]
MAR01598	[0.015956857496100273]
MAR01599	[np.float64(7.456973094148011e-05)]
MAR01604	[0.00639132310635336]
MAR01605	[0.00639132310635336]
MAR01608	[0.00639132310635336]
MAR01609	[0.00639132310635336]
MAR01610	[0.00639132310635336]
MAR01611	[0.00639132310635336]
MAR01613	[0.00639132310635336]
MAR01614	[0.00639132310635336]
MAR01617	[0.00013277844040396965]
MAR01619	[np.float64(7.456973094148011e-05)]
MAR01620	[np.float64(7.456973094148011e-05)]
MAR01622	[np.float64(7.456973094148011e-05)]
MAR01623	[0.00013277844040396965]
MAR01624	[np.float64(7.456973094148011e-05)]
MAR01625	[np.float64(7.456973094148011e-05)]
MAR01627	[np.float64(7.456973094148011e-05)]
MAR01629	[0.015956857496100273]
MAR01631	[0.015956857496100273]
MAR01632	[0.0038598311336530897]
MAR01638	[np.float64(7.456973094148011e-05)]
MAR01642	[np.float64(7.456973094148011e-05)]
MAR01646	[np.float64(7.456973094148011e-05)]
MAR01652	[np.float64(7.456973094148011e-05)]
MAR01659	[3.092859332491893e-05]
MAR01660	[np.float64(7.456973094148011e-05)]
MAR01663	[np.float64(7.456973094148011e-05)]
MAR01665	[np.float64(7.456973094148011e-05)]
MAR01667	[0.009892246080268865]
MAR01668	[0.009892246080268865]
MAR01670	[0.009892246080268865]
MAR01673	[0.008998160734830764]
MAR01676	[np.float64(7.456973094148011e-05)]
MAR01678	[0.015956857496100273]
MAR01679	[0.00013277844040396965]
MAR01681	[0.00639132310635336]
MAR01682	[0.00639132310635336]
MAR01684	[np.float64(7.456973094148011e-05)]
MAR01685	[0.00639132310635336]
MAR01687	[0.00639132310635336]
MAR01689	[0.00639132310635336]
MAR01691	[0.00639132310635336]
MAR01692	[np.float64(7.456973094148011e-05)]
MAR01693	[0.00639132310635336]
MAR01694	[np.float64(7.456973094148011e-05)]
MAR01695	[0.00013277844040396965]
MAR01696	[np.float64(7.456973094148011e-05)]
MAR01697	[np.float64(7.456973094148011e-05)]
MAR01699	[np.float64(7.456973094148011e-05)]
MAR01700	[np.float64(7.456973094148011e-05)]
MAR01701	[0.00013277844040396965]
MAR01702	[0.00013277844040396965]
MAR01703	[0.0038598311336530897]
MAR01704	[0.009892246080268865]
MAR01706	[np.float64(7.456973094148011e-05)]
MAR01708	[np.float64(7.456973094148011e-05)]
MAR01710	[np.float64(7.456973094148011e-05)]
MAR01716	[7.43681259301101e-05]
MAR01717	[0.00013277844040396965]
MAR01718	[7.43681259301101e-05]
MAR01720	[0.009892246080268865]
MAR01722	[0.009892246080268865]
MAR01723	[0.009892246080268865]
MAR01725	[0.00013277844040396965]
MAR01726	[np.float64(7.456973094148011e-05)]
MAR01727	[np.float64(7.456973094148011e-05)]
MAR01729	[0.015956857496100273]
MAR01730	[np.float64(7.456973094148011e-05)]
MAR01735	[0.015956857496100273]
MAR01737	[0.00012860882859094003]
MAR01738	[np.float64(7.456973094148011e-05)]
MAR01739	[0.015956857496100273]
MAR01740	[0.008998160734830764]
MAR01741	[0.008998160734830764]
MAR01742	[0.015956857496100273]
MAR01743	[0.015956857496100273]
MAR01744	[0.00013277844040396965]
MAR01745	[0.00013277844040396965]
MAR01746	[0.00639132310635336]
MAR01747	[0.00639132310635336]
MAR01748	[0.00639132310635336]
MAR01749	[0.00639132310635336]
MAR01750	[0.00639132310635336]
MAR01751	[0.00639132310635336]
MAR01752	[0.00013277844040396965]
MAR01753	[0.00013277844040396965]
MAR01754	[np.float64(7.456973094148011e-05)]
MAR01756	[np.float64(7.456973094148011e-05)]
MAR01758	[0.00013277844040396965]
MAR01759	[0.00013277844040396965]
MAR01760	[0.0038598311336530897]
MAR01761	[0.0038598311336530897]
MAR01762	[0.00639132310635336]
MAR01764	[0.00013277844040396965]
MAR01765	[0.00473315991131433]
MAR01766	[np.float64(7.456973094148011e-05)]
MAR01767	[0.015956857496100273]
MAR01768	[0.008998160734830764]
MAR01769	[0.008998160734830764]
MAR01770	[0.015956857496100273]
MAR01771	[0.015956857496100273]
MAR01772	[0.00013277844040396965]
MAR01774	[0.00013277844040396965]
MAR01776	[0.004952921735942963]
MAR01777	[0.00473315991131433]
MAR01778	[np.float64(7.456973094148011e-05)]
MAR01781	[0.004952921735942963]
MAR01783	[0.015956857496100273]
MAR01784	[0.004952921735942963]
MAR01785	[0.004952921735942963]
MAR01786	[0.004952921735942963]
MAR01787	[0.00013277844040396965]
MAR01790	[0.00639132310635336]
MAR01792	[0.00639132310635336]
MAR01794	[0.00639132310635336]
MAR01796	[0.00639132310635336]
MAR01797	[0.003944770803593795]
MAR01798	[0.003944770803593795]
MAR01800	[0.00639132310635336]
MAR01802	[0.003944770803593795]
MAR01803	[0.00639132310635336]
MAR01804	[0.003944770803593795]
MAR01805	[0.003944770803593795]
MAR01806	[0.00639132310635336]
MAR01807	[0.00639132310635336]
MAR01810	[0.010042052540867787]
MAR01811	[0.00639132310635336]
MAR01813	[np.float64(7.456973094148011e-05)]
MAR01815	[0.010042052540867787]
MAR01817	[0.010042052540867787]
MAR01819	[0.010042052540867787]
MAR01830	[0.015956857496100273]
MAR01831	[0.015956857496100273]
MAR01832	[np.float64(7.456973094148011e-05)]
MAR01833	[np.float64(7.456973094148011e-05)]
MAR01834	[0.00013277844040396965]
MAR01835	[0.009892246080268865]
MAR01836	[0.00013277844040396965]
MAR01837	[0.009892246080268865]
MAR01838	[0.010042052540867787]
MAR01839	[0.015956857496100273]
MAR01840	[0.015956857496100273]
MAR01841	[0.009892246080268865]
MAR01842	[0.009892246080268865]
MAR01843	[0.015956857496100273]
MAR01844	[0.009892246080268865]
MAR01845	[0.009892246080268865]
MAR01846	[0.015956857496100273]
MAR03799	[7.43681259301101e-05]
MAR03908	[0.015956857496100273]
MAR03910	[np.float64(7.456973094148011e-05)]
MAR03911	[0.00013277844040396965]
MAR04679	[np.float64(7.456973094148011e-05)]
MAR08063	[0.00013277844040396965]
MAR08064	[0.00013277844040396965]
MAR08065	[np.float64(7.456973094148011e-05)]
MAR08759	[0.00013277844040396965]
MAR01847	[np.float64(7.456973094148011e-05)]
MAR01848	[np.float64(7.456973094148011e-05)]
MAR01850	[0.00013277844040396965]
MAR01852	[0.00639132310635336]
MAR01853	[np.float64(7.456973094148011e-05)]
MAR01854	[0.00013277844040396965]
MAR01855	[0.00639132310635336]
MAR01857	[0.00013277844040396965]
MAR01859	[0.00013277844040396965]
MAR01861	[0.00013277844040396965]
MAR01862	[0.00639132310635336]
MAR01863	[0.00639132310635336]
MAR01864	[0.00639132310635336]
MAR01865	[0.00639132310635336]
MAR01866	[0.00639132310635336]
MAR01867	[0.00639132310635336]
MAR01868	[np.float64(7.456973094148011e-05)]
MAR01870	[np.float64(7.456973094148011e-05)]
MAR01872	[np.float64(7.456973094148011e-05)]
MAR01874	[np.float64(7.456973094148011e-05)]
MAR01875	[0.00010564810360795588]
MAR01876	[0.00010564810360795588]
MAR01877	[0.00010564810360795588]
MAR01878	[np.float64(7.456973094148011e-05)]
MAR01879	[0.00010564810360795588]
MAR01880	[0.00010564810360795588]
MAR01881	[0.00010564810360795588]
MAR01882	[0.00010564810360795588]
MAR01883	[0.00010564810360795588]
MAR01884	[0.00010564810360795588]
MAR01885	[0.00010564810360795588]
MAR01886	[0.00010564810360795588]
MAR01887	[0.00010564810360795588]
MAR01888	[0.00010564810360795588]
MAR01889	[0.00010564810360795588]
MAR01890	[0.00010564810360795588]
MAR01891	[0.00010564810360795588]
MAR01892	[0.00010564810360795588]
MAR01893	[0.00010564810360795588]
MAR01894	[0.00010564810360795588]
MAR01895	[np.float64(7.456973094148011e-05)]
MAR01896	[np.float64(7.456973094148011e-05)]
MAR01897	[np.float64(7.456973094148011e-05)]
MAR01403	[0.00013277844040396965]
MAR01404	[0.00013277844040396965]
MAR01405	[0.00013277844040396965]
MAR01406	[0.00013277844040396965]
MAR01407	[0.00013277844040396965]
MAR01408	[0.00013277844040396965]
MAR01409	[0.00013277844040396965]
MAR01410	[0.00013277844040396965]
MAR01411	[0.00013277844040396965]
MAR01412	[0.00013277844040396965]
MAR01413	[0.00013277844040396965]
MAR01414	[0.00013277844040396965]
MAR01415	[0.00013277844040396965]
MAR01416	[0.00013277844040396965]
MAR01417	[0.00013277844040396965]
MAR01418	[0.00013277844040396965]
MAR01419	[0.00013277844040396965]
MAR01420	[0.00013277844040396965]
MAR01421	[0.00013277844040396965]
MAR01422	[0.00013277844040396965]
MAR01423	[0.00013277844040396965]
MAR01424	[0.00013277844040396965]
MAR01425	[0.00013277844040396965]
MAR01426	[0.00013277844040396965]
MAR01427	[0.00013277844040396965]
MAR01428	[0.00013277844040396965]
MAR01429	[0.00013277844040396965]
MAR01430	[0.00013277844040396965]
MAR01431	[0.00013277844040396965]
MAR01432	[0.00013277844040396965]
MAR01433	[0.00013277844040396965]
MAR08262	[np.float64(7.456973094148011e-05)]
MAR08263	[np.float64(7.456973094148011e-05)]
MAR08264	[0.004203453652338184]
MAR08267	[np.float64(7.456973094148011e-05)]
MAR08268	[0.004203453652338184]
MAR08271	[0.004203453652338184]
MAR08275	[np.float64(7.456973094148011e-05)]
MAR08276	[0.00639132310635336]
MAR08277	[np.float64(7.456973094148011e-05)]
MAR08278	[np.float64(7.456973094148011e-05)]
MAR08279	[np.float64(7.456973094148011e-05)]
MAR08280	[np.float64(7.456973094148011e-05)]
MAR08281	[np.float64(7.456973094148011e-05)]
MAR08284	[np.float64(7.456973094148011e-05)]
MAR08285	[np.float64(7.456973094148011e-05)]
MAR08286	[np.float64(7.456973094148011e-05)]
MAR08287	[0.004952921735942963]
MAR08288	[np.float64(7.456973094148011e-05)]
MAR08291	[np.float64(7.456973094148011e-05)]
MAR08292	[np.float64(7.456973094148011e-05)]
MAR08293	[np.float64(7.456973094148011e-05)]
MAR08294	[np.float64(7.456973094148011e-05)]
MAR08295	[np.float64(7.456973094148011e-05)]
MAR08298	[np.float64(7.456973094148011e-05)]
MAR08302	[np.float64(7.456973094148011e-05)]
MAR08305	[np.float64(7.456973094148011e-05)]
MAR08306	[np.float64(7.456973094148011e-05)]
MAR08307	[0.004952921735942963]
MAR08308	[0.004952921735942963]
MAR08309	[0.004952921735942963]
MAR08316	[0.004952921735942963]
MAR08317	[np.float64(7.456973094148011e-05)]
MAR08318	[np.float64(7.456973094148011e-05)]
MAR08319	[0.004203453652338184]
MAR08322	[0.004952921735942963]
MAR08325	[0.00011087029077755572]
MAR08326	[0.004952921735942963]
MAR08327	[0.015035447514614596]
MAR08330	[0.004952921735942963]
MAR08331	[0.004952921735942963]
MAR08332	[0.004952921735942963]
MAR08333	[0.004952921735942963]
MAR08334	[0.004952921735942963]
MAR08337	[0.00011087029077755572]
MAR00712	[6.448008502800297e-05]
MAR03992	[np.float64(7.456973094148011e-05)]
MAR04228	[0.015956857496100273]
MAR04251	[0.015956857496100273]
MAR04252	[np.float64(7.456973094148011e-05)]
MAR04253	[np.float64(7.456973094148011e-05)]
MAR04254	[np.float64(7.456973094148011e-05)]
MAR04255	[np.float64(7.456973094148011e-05)]
MAR04257	[np.float64(7.456973094148011e-05)]
MAR04259	[0.00013277844040396965]
MAR04260	[np.float64(7.456973094148011e-05)]
MAR04261	[np.float64(7.456973094148011e-05)]
MAR04262	[np.float64(7.456973094148011e-05)]
MAR04263	[np.float64(7.456973094148011e-05)]
MAR04264	[np.float64(7.456973094148011e-05)]
MAR04265	[np.float64(7.456973094148011e-05)]
MAR04267	[np.float64(7.456973094148011e-05)]
MAR04268	[np.float64(7.456973094148011e-05)]
MAR04269	[np.float64(7.456973094148011e-05)]
MAR04270	[np.float64(7.456973094148011e-05)]
MAR04271	[np.float64(7.456973094148011e-05)]
MAR04276	[np.float64(7.456973094148011e-05)]
MAR04278	[np.float64(7.456973094148011e-05)]
MAR04662	[np.float64(7.456973094148011e-05)]
MAR07142	[0.00639132310635336]
MAR07143	[0.00639132310635336]
MAR07623	[np.float64(7.456973094148011e-05)]
MAR07625	[np.float64(7.456973094148011e-05)]
MAR07627	[0.00639132310635336]
MAR07676	[0.0038598311336530897]
MAR07677	[0.00012515305733788398]
MAR07678	[0.00012515305733788398]
MAR08788	[0.00639132310635336]
MAR08790	[np.float64(7.456973094148011e-05)]
MAR08791	[np.float64(7.456973094148011e-05)]
MAR03871	[5.70977037682201e-05]
MAR04058	[5.70977037682201e-05]
MAR04498	[0.00013277844040396965]
MAR04499	[0.00013277844040396965]
MAR04500	[np.float64(7.456973094148011e-05)]
MAR04714	[np.float64(7.456973094148011e-05)]
MAR04715	[np.float64(7.456973094148011e-05)]
MAR04716	[0.00013277844040396965]
MAR04717	[0.009947721923987943]
MAR04718	[np.float64(7.456973094148011e-05)]
MAR04723	[np.float64(7.456973094148011e-05)]
MAR04725	[np.float64(7.456973094148011e-05)]
MAR04727	[5.70977037682201e-05]
MAR04730	[np.float64(7.456973094148011e-05)]
MAR04731	[np.float64(7.456973094148011e-05)]
MAR04732	[0.014595015279142264]
MAR04733	[np.float64(7.456973094148011e-05)]
MAR04734	[5.70977037682201e-05]
MAR07731	[np.float64(7.456973094148011e-05)]
MAR08792	[np.float64(7.456973094148011e-05)]
MAR00663	[6.448008502800297e-05]
MAR04308	[np.float64(7.456973094148011e-05)]
MAR06539	[0.015956857496100273]
MAR06540	[np.float64(7.456973094148011e-05)]
MAR06542	[np.float64(7.456973094148011e-05)]
MAR06543	[np.float64(7.456973094148011e-05)]
MAR06544	[np.float64(7.456973094148011e-05)]
MAR06545	[3.610771761399455e-05]
MAR06546	[np.float64(7.456973094148011e-05)]
MAR06547	[3.610771761399455e-05]
MAR06548	[np.float64(7.456973094148011e-05)]
MAR06549	[np.float64(7.456973094148011e-05)]
MAR06550	[np.float64(7.456973094148011e-05)]
MAR06551	[np.float64(7.456973094148011e-05)]
MAR06552	[np.float64(7.456973094148011e-05)]
MAR06553	[np.float64(7.456973094148011e-05)]
MAR06554	[np.float64(7.456973094148011e-05)]
MAR06555	[np.float64(7.456973094148011e-05)]
MAR06556	[np.float64(7.456973094148011e-05)]
MAR06557	[3.610771761399455e-05]
MAR06558	[np.float64(7.456973094148011e-05)]
MAR06559	[6.448008502800297e-05]
MAR06560	[np.float64(7.456973094148011e-05)]
MAR06561	[np.float64(7.456973094148011e-05)]
MAR06562	[np.float64(7.456973094148011e-05)]
MAR06563	[np.float64(7.456973094148011e-05)]
MAR06564	[np.float64(7.456973094148011e-05)]
MAR06565	[np.float64(7.456973094148011e-05)]
MAR06566	[np.float64(7.456973094148011e-05)]
MAR06567	[np.float64(7.456973094148011e-05)]
MAR06568	[np.float64(7.456973094148011e-05)]
MAR06569	[np.float64(7.456973094148011e-05)]
MAR06570	[np.float64(7.456973094148011e-05)]
MAR06571	[np.float64(7.456973094148011e-05)]
MAR06572	[np.float64(7.456973094148011e-05)]
MAR06573	[np.float64(7.456973094148011e-05)]
MAR06574	[np.float64(7.456973094148011e-05)]
MAR06575	[np.float64(7.456973094148011e-05)]
MAR06576	[np.float64(7.456973094148011e-05)]
MAR06579	[np.float64(7.456973094148011e-05)]
MAR06580	[np.float64(7.456973094148011e-05)]
MAR06581	[np.float64(7.456973094148011e-05)]
MAR06583	[np.float64(7.456973094148011e-05)]
MAR06584	[np.float64(7.456973094148011e-05)]
MAR06585	[np.float64(7.456973094148011e-05)]
MAR06587	[np.float64(7.456973094148011e-05)]
MAR06588	[np.float64(7.456973094148011e-05)]
MAR06589	[np.float64(7.456973094148011e-05)]
MAR06591	[3.610771761399455e-05]
MAR06592	[np.float64(7.456973094148011e-05)]
MAR06595	[np.float64(7.456973094148011e-05)]
MAR07652	[np.float64(7.456973094148011e-05)]
MAR07654	[np.float64(7.456973094148011e-05)]
MAR07655	[np.float64(7.456973094148011e-05)]
MAR07656	[np.float64(7.456973094148011e-05)]
MAR08799	[np.float64(7.456973094148011e-05)]
MAR08800	[np.float64(7.456973094148011e-05)]
MAR08801	[0.00013277844040396965]
MAR08802	[np.float64(7.456973094148011e-05)]
MAR08803	[np.float64(7.456973094148011e-05)]
MAR08804	[np.float64(7.456973094148011e-05)]
MAR08805	[np.float64(7.456973094148011e-05)]
MAR08806	[0.00013277844040396965]
MAR08807	[np.float64(7.456973094148011e-05)]
MAR08808	[np.float64(7.456973094148011e-05)]
MAR08809	[np.float64(7.456973094148011e-05)]
MAR08810	[np.float64(7.456973094148011e-05)]
MAR08811	[np.float64(7.456973094148011e-05)]
MAR08812	[np.float64(7.456973094148011e-05)]
MAR08813	[np.float64(7.456973094148011e-05)]
MAR08814	[np.float64(7.456973094148011e-05)]
MAR08815	[np.float64(7.456973094148011e-05)]
MAR08816	[np.float64(7.456973094148011e-05)]
MAR08817	[np.float64(7.456973094148011e-05)]
MAR08818	[6.448008502800297e-05]
MAR08819	[np.float64(7.456973094148011e-05)]
MAR08820	[0.00013277844040396965]
MAR08821	[np.float64(7.456973094148011e-05)]
MAR08822	[6.448008502800297e-05]
MAR08823	[0.015956857496100273]
MAR08824	[np.float64(7.456973094148011e-05)]
MAR08825	[np.float64(7.456973094148011e-05)]
MAR08826	[np.float64(7.456973094148011e-05)]
MAR08827	[np.float64(7.456973094148011e-05)]
MAR08829	[np.float64(7.456973094148011e-05)]
MAR08830	[np.float64(7.456973094148011e-05)]
MAR08831	[np.float64(7.456973094148011e-05)]
MAR08833	[0.015956857496100273]
MAR08835	[np.float64(7.456973094148011e-05)]
MAR08836	[np.float64(7.456973094148011e-05)]
MAR03925	[np.float64(7.456973094148011e-05)]
MAR03929	[0.005852844278902521]
MAR03972	[0.00013277844040396965]
MAR04332	[np.float64(7.456973094148011e-05)]
MAR04333	[np.float64(7.456973094148011e-05)]
MAR04335	[np.float64(7.456973094148011e-05)]
MAR04336	[0.00639132310635336]
MAR04338	[np.float64(7.456973094148011e-05)]
MAR04340	[np.float64(7.456973094148011e-05)]
MAR04440	[np.float64(7.456973094148011e-05)]
MAR04442	[np.float64(7.456973094148011e-05)]
MAR04444	[np.float64(7.456973094148011e-05)]
MAR04446	[np.float64(7.456973094148011e-05)]
MAR04448	[np.float64(7.456973094148011e-05)]
MAR04503	[np.float64(7.456973094148011e-05)]
MAR04505	[np.float64(7.456973094148011e-05)]
MAR04654	[np.float64(7.456973094148011e-05)]
MAR04655	[np.float64(7.456973094148011e-05)]
MAR04656	[np.float64(7.456973094148011e-05)]
MAR04665	[5.739849101267972e-05]
MAR09726	[0.005852844278902521]
MAR04666	[np.float64(7.456973094148011e-05)]
MAR07145	[0.0038591200197431643]
MAR07146	[np.float64(7.456973094148011e-05)]
MAR07147	[np.float64(7.456973094148011e-05)]
MAR07908	[np.float64(7.456973094148011e-05)]
MAR07909	[np.float64(7.456973094148011e-05)]
MAR07910	[np.float64(7.456973094148011e-05)]
MAR07911	[np.float64(7.456973094148011e-05)]
MAR07912	[np.float64(7.456973094148011e-05)]
MAR07913	[np.float64(7.456973094148011e-05)]
MAR07916	[np.float64(7.456973094148011e-05)]
MAR07919	[np.float64(7.456973094148011e-05)]
MAR07920	[np.float64(7.456973094148011e-05)]
MAR07921	[np.float64(7.456973094148011e-05)]
MAR07922	[np.float64(7.456973094148011e-05)]
MAR07925	[np.float64(7.456973094148011e-05)]
MAR08105	[np.float64(7.456973094148011e-05)]
MAR08106	[np.float64(7.456973094148011e-05)]
MAR08107	[np.float64(7.456973094148011e-05)]
MAR08108	[np.float64(7.456973094148011e-05)]
MAR08109	[np.float64(7.456973094148011e-05)]
MAR08110	[np.float64(7.456973094148011e-05)]
MAR08112	[np.float64(7.456973094148011e-05)]
MAR08113	[np.float64(7.456973094148011e-05)]
MAR08114	[np.float64(7.456973094148011e-05)]
MAR08115	[np.float64(7.456973094148011e-05)]
MAR08116	[np.float64(7.456973094148011e-05)]
MAR08117	[np.float64(7.456973094148011e-05)]
MAR08129	[np.float64(7.456973094148011e-05)]
MAR08130	[np.float64(7.456973094148011e-05)]
MAR08132	[np.float64(7.456973094148011e-05)]
MAR08133	[np.float64(7.456973094148011e-05)]
MAR08135	[np.float64(7.456973094148011e-05)]
MAR08136	[np.float64(7.456973094148011e-05)]
MAR08137	[np.float64(7.456973094148011e-05)]
MAR08138	[np.float64(7.456973094148011e-05)]
MAR08139	[np.float64(7.456973094148011e-05)]
MAR08140	[np.float64(7.456973094148011e-05)]
MAR08141	[np.float64(7.456973094148011e-05)]
MAR08142	[np.float64(7.456973094148011e-05)]
MAR08143	[np.float64(7.456973094148011e-05)]
MAR08144	[np.float64(7.456973094148011e-05)]
MAR08758	[0.00639132310635336]
MAR07661	[np.float64(7.456973094148011e-05)]
MAR07662	[np.float64(7.456973094148011e-05)]
MAR07663	[np.float64(7.456973094148011e-05)]
MAR07668	[np.float64(7.456973094148011e-05)]
MAR07669	[0.00013277844040396965]
MAR07670	[np.float64(7.456973094148011e-05)]
MAR07671	[0.00013277844040396965]
MAR07672	[np.float64(7.456973094148011e-05)]
MAR07673	[np.float64(7.456973094148011e-05)]
MAR04160	[np.float64(7.456973094148011e-05)]
MAR04162	[np.float64(7.456973094148011e-05)]
MAR04163	[np.float64(7.456973094148011e-05)]
MAR04165	[np.float64(7.456973094148011e-05)]
MAR04166	[np.float64(7.456973094148011e-05)]
MAR04167	[np.float64(7.456973094148011e-05)]
MAR04169	[np.float64(7.456973094148011e-05)]
MAR04170	[np.float64(7.456973094148011e-05)]
MAR04523	[np.float64(7.456973094148011e-05)]
MAR04539	[np.float64(7.456973094148011e-05)]
MAR04540	[np.float64(7.456973094148011e-05)]
MAR04541	[np.float64(7.456973094148011e-05)]
MAR04542	[np.float64(7.456973094148011e-05)]
MAR04543	[np.float64(7.456973094148011e-05)]
MAR04544	[np.float64(7.456973094148011e-05)]
MAR04816	[3.092859332491893e-05]
MAR04817	[np.float64(7.456973094148011e-05)]
MAR04818	[np.float64(7.456973094148011e-05)]
MAR04833	[np.float64(7.456973094148011e-05)]
MAR04834	[np.float64(7.456973094148011e-05)]
MAR04835	[np.float64(7.456973094148011e-05)]
MAR04836	[np.float64(7.456973094148011e-05)]
MAR08538	[np.float64(7.456973094148011e-05)]
MAR08738	[np.float64(7.456973094148011e-05)]
MAR08739	[np.float64(7.456973094148011e-05)]
MAR08740	[0.00013277844040396965]
MAR06393	[0.00013277844040396965]
MAR06394	[0.00013277844040396965]
MAR06396	[np.float64(7.456973094148011e-05)]
MAR06405	[3.092859332491893e-05]
MAR08345	[0.00013277844040396965]
MAR08346	[0.015956857496100273]
MAR08348	[0.00013277844040396965]
MAR08349	[np.float64(7.456973094148011e-05)]
MAR08619	[0.00013277844040396965]
MAR08620	[0.00013277844040396965]
MAR08621	[0.00013277844040396965]
MAR08622	[0.00013277844040396965]
MAR08623	[0.00013277844040396965]
MAR08624	[0.00013277844040396965]
MAR08625	[0.00013277844040396965]
MAR03991	[2.8841287887561833e-05]
MAR04657	[np.float64(7.456973094148011e-05)]
MAR04744	[np.float64(7.456973094148011e-05)]
MAR04746	[np.float64(7.456973094148011e-05)]
MAR04748	[np.float64(7.456973094148011e-05)]
MAR04750	[np.float64(7.456973094148011e-05)]
MAR04752	[np.float64(7.456973094148011e-05)]
MAR04755	[np.float64(7.456973094148011e-05)]
MAR04757	[np.float64(7.456973094148011e-05)]
MAR04762	[np.float64(7.456973094148011e-05)]
MAR04763	[np.float64(7.456973094148011e-05)]
MAR04764	[np.float64(7.456973094148011e-05)]
MAR04768	[0.00013277844040396965]
MAR04769	[0.00013277844040396965]
MAR04770	[0.00013277844040396965]
MAR04771	[0.00013277844040396965]
MAR04772	[np.float64(7.456973094148011e-05)]
MAR04773	[0.00013277844040396965]
MAR06395	[np.float64(7.456973094148011e-05)]
MAR08634	[np.float64(7.456973094148011e-05)]
MAR09717	[0.00013277844040396965]
MAR06630	[np.float64(7.456973094148011e-05)]
MAR06631	[np.float64(7.456973094148011e-05)]
MAR06632	[np.float64(7.456973094148011e-05)]
MAR06633	[np.float64(7.456973094148011e-05)]
MAR06634	[np.float64(7.456973094148011e-05)]
MAR06635	[np.float64(7.456973094148011e-05)]
MAR06636	[np.float64(7.456973094148011e-05)]
MAR06637	[0.004952921735942963]
MAR06638	[np.float64(7.456973094148011e-05)]
MAR06639	[np.float64(7.456973094148011e-05)]
MAR06640	[np.float64(7.456973094148011e-05)]
MAR06641	[np.float64(7.456973094148011e-05)]
MAR06642	[np.float64(7.456973094148011e-05)]
MAR06643	[0.005060066926191334]
MAR06644	[np.float64(7.456973094148011e-05)]
MAR06645	[0.005060066926191334]
MAR06646	[2.9412127499088146e-05]
MAR06647	[np.float64(7.456973094148011e-05)]
MAR06648	[0.009947721923987943]
MAR06649	[0.009947721923987943]
MAR06650	[0.005060066926191334]
MAR06651	[0.005060066926191334]
MAR06652	[np.float64(7.456973094148011e-05)]
MAR06653	[0.009947721923987943]
MAR06654	[0.009947721923987943]
MAR06655	[0.009947721923987943]
MAR06656	[0.009947721923987943]
MAR06657	[np.float64(7.456973094148011e-05)]
MAR06658	[np.float64(7.456973094148011e-05)]
MAR06659	[0.00013277844040396965]
MAR06660	[0.00013277844040396965]
MAR06661	[0.015956857496100273]
MAR06662	[0.00013277844040396965]
MAR06663	[0.00013277844040396965]
MAR06664	[np.float64(7.456973094148011e-05)]
MAR06665	[np.float64(7.456973094148011e-05)]
MAR06666	[np.float64(7.456973094148011e-05)]
MAR06667	[np.float64(7.456973094148011e-05)]
MAR06668	[np.float64(7.456973094148011e-05)]
MAR06669	[np.float64(7.456973094148011e-05)]
MAR06670	[np.float64(7.456973094148011e-05)]
MAR06671	[np.float64(7.456973094148011e-05)]
MAR06672	[0.00013277844040396965]
MAR06673	[0.00013277844040396965]
MAR06674	[np.float64(7.456973094148011e-05)]
MAR06675	[np.float64(7.456973094148011e-05)]
MAR06676	[np.float64(7.456973094148011e-05)]
MAR06677	[np.float64(7.456973094148011e-05)]
MAR06678	[np.float64(7.456973094148011e-05)]
MAR06679	[np.float64(7.456973094148011e-05)]
MAR06680	[np.float64(7.456973094148011e-05)]
MAR06681	[np.float64(7.456973094148011e-05)]
MAR06682	[np.float64(7.456973094148011e-05)]
MAR06683	[np.float64(7.456973094148011e-05)]
MAR06684	[np.float64(7.456973094148011e-05)]
MAR06685	[np.float64(7.456973094148011e-05)]
MAR06686	[np.float64(7.456973094148011e-05)]
MAR06687	[np.float64(7.456973094148011e-05)]
MAR06690	[0.00013277844040396965]
MAR06691	[0.00013277844040396965]
MAR06692	[0.00013277844040396965]
MAR06693	[0.00013277844040396965]
MAR06694	[0.00013277844040396965]
MAR06695	[0.00013277844040396965]
MAR06697	[0.00013277844040396965]
MAR06699	[0.00013277844040396965]
MAR06700	[np.float64(7.456973094148011e-05)]
MAR06701	[np.float64(7.456973094148011e-05)]
MAR06702	[np.float64(7.456973094148011e-05)]
MAR06703	[np.float64(7.456973094148011e-05)]
MAR06704	[np.float64(7.456973094148011e-05)]
MAR06705	[np.float64(7.456973094148011e-05)]
MAR08697	[0.0076398639120532665]
MAR08698	[0.00013277844040396965]
MAR08699	[0.00013277844040396965]
MAR08700	[0.0063255333240134545]
MAR08702	[0.00013277844040396965]
MAR08703	[0.00013277844040396965]
MAR08704	[0.00013277844040396965]
MAR08706	[0.00013277844040396965]
MAR08709	[np.float64(7.456973094148011e-05)]
MAR08710	[0.004952921735942963]
MAR08711	[0.00013277844040396965]
MAR08712	[0.00013277844040396965]
MAR08713	[7.478461831564201e-05]
MAR08717	[7.478461831564201e-05]
MAR06506	[np.float64(7.456973094148011e-05)]
MAR06507	[np.float64(7.456973094148011e-05)]
MAR06508	[np.float64(7.456973094148011e-05)]
MAR06509	[0.014595015279142264]
MAR06510	[0.00013277844040396965]
MAR06511	[np.float64(7.456973094148011e-05)]
MAR04537	[0.005457331697651296]
MAR04545	[0.009947721923987943]
MAR04546	[0.004952921735942963]
MAR04547	[0.015956857496100273]
MAR04548	[np.float64(7.456973094148011e-05)]
MAR04549	[np.float64(7.456973094148011e-05)]
MAR04550	[0.015956857496100273]
MAR04551	[0.00013277844040396965]
MAR04552	[0.00013277844040396965]
MAR04553	[0.00013277844040396965]
MAR04554	[0.00013277844040396965]
MAR04555	[0.015956857496100273]
MAR04556	[0.015956857496100273]
MAR04557	[0.015956857496100273]
MAR04558	[np.float64(7.456973094148011e-05)]
MAR04559	[np.float64(7.456973094148011e-05)]
MAR04560	[0.00012515305733788398]
MAR04561	[np.float64(7.456973094148011e-05)]
MAR04563	[np.float64(7.456973094148011e-05)]
MAR04564	[0.015956857496100273]
MAR04204	[0.00639132310635336]
MAR04206	[0.00639132310635336]
MAR04207	[np.float64(7.456973094148011e-05)]
MAR04208	[np.float64(7.456973094148011e-05)]
MAR08744	[np.float64(7.456973094148011e-05)]
MAR08746	[np.float64(7.456973094148011e-05)]
MAR08748	[0.00013277844040396965]
MAR08613	[0.00013277844040396965]
MAR08615	[np.float64(7.456973094148011e-05)]
MAR08616	[np.float64(7.456973094148011e-05)]
MAR04064	[np.float64(7.456973094148011e-05)]
MAR04065	[np.float64(7.456973094148011e-05)]
MAR04066	[np.float64(7.456973094148011e-05)]
MAR04067	[np.float64(7.456973094148011e-05)]
MAR04068	[np.float64(7.456973094148011e-05)]
MAR04069	[np.float64(7.456973094148011e-05)]
MAR04070	[np.float64(7.456973094148011e-05)]
MAR04071	[np.float64(7.456973094148011e-05)]
MAR08102	[0.00012515305733788398]
MAR08724	[np.float64(7.456973094148011e-05)]
MAR08725	[np.float64(7.456973094148011e-05)]
MAR02114	[0.00013277844040396965]
MAR02115	[0.005472296504682771]
MAR02117	[0.003944770803593795]
MAR02118	[np.float64(7.456973094148011e-05)]
MAR02129	[np.float64(7.456973094148011e-05)]
MAR02130	[np.float64(7.456973094148011e-05)]
MAR02131	[np.float64(7.456973094148011e-05)]
MAR02132	[np.float64(7.456973094148011e-05)]
MAR02133	[np.float64(7.456973094148011e-05)]
MAR02134	[np.float64(7.456973094148011e-05)]
MAR02135	[np.float64(7.456973094148011e-05)]
MAR02136	[np.float64(7.456973094148011e-05)]
MAR02137	[np.float64(7.456973094148011e-05)]
MAR02138	[np.float64(7.456973094148011e-05)]
MAR02139	[np.float64(7.456973094148011e-05)]
MAR02140	[np.float64(7.456973094148011e-05)]
MAR02142	[np.float64(7.456973094148011e-05)]
MAR02143	[np.float64(7.456973094148011e-05)]
MAR02144	[np.float64(7.456973094148011e-05)]
MAR02145	[np.float64(7.456973094148011e-05)]
MAR07996	[0.00639132310635336]
MAR07999	[np.float64(7.456973094148011e-05)]
MAR08003	[0.00013277844040396965]
MAR08004	[np.float64(7.456973094148011e-05)]
MAR08005	[0.00013277844040396965]
MAR08006	[0.00013277844040396965]
MAR08008	[np.float64(7.456973094148011e-05)]
MAR08011	[0.00013277844040396965]
MAR08012	[0.00013277844040396965]
MAR08013	[0.00013277844040396965]
MAR08014	[0.00013277844040396965]
MAR06423	[0.00013277844040396965]
MAR06426	[np.float64(7.456973094148011e-05)]
MAR06427	[np.float64(7.456973094148011e-05)]
MAR06428	[np.float64(7.456973094148011e-05)]
MAR06429	[np.float64(7.456973094148011e-05)]
MAR06432	[2.9457920097090758e-05]
MAR06433	[2.9457920097090758e-05]
MAR06434	[0.00013277844040396965]
MAR06435	[2.9457920097090758e-05]
MAR06436	[2.9457920097090758e-05]
MAR06441	[np.float64(7.456973094148011e-05)]
MAR06442	[np.float64(7.456973094148011e-05)]
MAR06443	[np.float64(7.456973094148011e-05)]
MAR06444	[np.float64(7.456973094148011e-05)]
MAR06447	[0.00013277844040396965]
MAR06448	[2.9457920097090758e-05]
MAR06450	[2.9457920097090758e-05]
MAR06451	[2.9457920097090758e-05]
MAR06453	[2.9457920097090758e-05]
MAR06456	[0.00013277844040396965]
MAR06457	[0.00013277844040396965]
MAR06458	[0.00013277844040396965]
MAR06459	[0.00013277844040396965]
MAR06460	[0.00013277844040396965]
MAR06461	[0.00013277844040396965]
MAR06464	[np.float64(7.456973094148011e-05)]
MAR06465	[np.float64(7.456973094148011e-05)]
MAR06466	[np.float64(7.456973094148011e-05)]
MAR06467	[np.float64(7.456973094148011e-05)]
MAR06470	[0.00013277844040396965]
MAR06471	[2.9457920097090758e-05]
MAR06472	[2.9457920097090758e-05]
MAR06473	[2.9457920097090758e-05]
MAR06476	[np.float64(7.456973094148011e-05)]
MAR06500	[0.00013277844040396965]
MAR06477	[np.float64(7.456973094148011e-05)]
MAR06478	[np.float64(7.456973094148011e-05)]
MAR06479	[np.float64(7.456973094148011e-05)]
MAR06482	[0.00013277844040396965]
MAR06484	[2.9457920097090758e-05]
MAR06486	[2.9457920097090758e-05]
MAR06488	[0.00013277844040396965]
MAR06490	[np.float64(7.456973094148011e-05)]
MAR06492	[np.float64(7.456973094148011e-05)]
MAR06495	[np.float64(7.456973094148011e-05)]
MAR06496	[np.float64(7.456973094148011e-05)]
MAR06501	[0.00013277844040396965]
MAR06992	[np.float64(7.456973094148011e-05)]
MAR06993	[np.float64(7.456973094148011e-05)]
MAR06994	[np.float64(7.456973094148011e-05)]
MAR06995	[2.8841287887561833e-05]
MAR06996	[np.float64(7.456973094148011e-05)]
MAR06997	[0.00013277844040396965]
MAR06998	[2.8841287887561833e-05]
MAR06999	[np.float64(7.456973094148011e-05)]
MAR07000	[np.float64(7.456973094148011e-05)]
MAR07001	[np.float64(7.456973094148011e-05)]
MAR07002	[np.float64(7.456973094148011e-05)]
MAR07003	[2.8841287887561833e-05]
MAR07004	[np.float64(7.456973094148011e-05)]
MAR07005	[np.float64(7.456973094148011e-05)]
MAR07006	[0.00013277844040396965]
MAR07007	[0.00013277844040396965]
MAR07008	[0.00013277844040396965]
MAR07009	[0.00013277844040396965]
MAR07010	[0.00013277844040396965]
MAR07011	[0.00013277844040396965]
MAR07012	[0.00013277844040396965]
MAR07013	[2.8841287887561833e-05]
MAR07014	[np.float64(7.456973094148011e-05)]
MAR07015	[0.00013277844040396965]
MAR07016	[0.00013277844040396965]
MAR07017	[np.float64(7.456973094148011e-05)]
MAR07018	[0.009947721923987943]
MAR07019	[np.float64(7.456973094148011e-05)]
MAR07020	[0.009947721923987943]
MAR07021	[np.float64(7.456973094148011e-05)]
MAR07022	[2.8841287887561833e-05]
MAR07023	[np.float64(7.456973094148011e-05)]
MAR07024	[0.00013277844040396965]
MAR07025	[6.5951717807219e-05]
MAR07026	[6.5951717807219e-05]
MAR07027	[6.5951717807219e-05]
MAR07028	[6.5951717807219e-05]
MAR07029	[2.8841287887561833e-05]
MAR07030	[np.float64(7.456973094148011e-05)]
MAR07031	[0.00013277844040396965]
MAR07032	[0.00013277844040396965]
MAR07033	[np.float64(7.456973094148011e-05)]
MAR07034	[0.00013277844040396965]
MAR07035	[2.9412127499088146e-05]
MAR07036	[np.float64(7.456973094148011e-05)]
MAR07037	[0.00013277844040396965]
MAR07038	[np.float64(7.456973094148011e-05)]
MAR07039	[np.float64(7.456973094148011e-05)]
MAR07040	[np.float64(7.456973094148011e-05)]
MAR07041	[2.8841287887561833e-05]
MAR07042	[np.float64(7.456973094148011e-05)]
MAR07043	[0.00013277844040396965]
MAR07044	[0.003944770803593795]
MAR07045	[0.00013277844040396965]
MAR07046	[0.00013277844040396965]
MAR07047	[0.00013277844040396965]
MAR07048	[np.float64(7.456973094148011e-05)]
MAR07049	[0.00013277844040396965]
MAR07050	[2.8841287887561833e-05]
MAR07051	[np.float64(7.456973094148011e-05)]
MAR07052	[np.float64(7.456973094148011e-05)]
MAR07053	[np.float64(7.456973094148011e-05)]
MAR07054	[np.float64(7.456973094148011e-05)]
MAR07055	[np.float64(7.456973094148011e-05)]
MAR07056	[np.float64(7.456973094148011e-05)]
MAR07057	[0.015956857496100273]
MAR07058	[np.float64(7.456973094148011e-05)]
MAR07059	[np.float64(7.456973094148011e-05)]
MAR07060	[np.float64(7.456973094148011e-05)]
MAR07061	[0.003944770803593795]
MAR07062	[0.00013277844040396965]
MAR07063	[0.015956857496100273]
MAR07064	[0.015956857496100273]
MAR07065	[np.float64(7.456973094148011e-05)]
MAR07066	[np.float64(7.456973094148011e-05)]
MAR07067	[0.00013277844040396965]
MAR07068	[0.00013277844040396965]
MAR07069	[0.00013277844040396965]
MAR07070	[0.00013277844040396965]
MAR07071	[0.00013277844040396965]
MAR07072	[0.00013277844040396965]
MAR07073	[0.00013277844040396965]
MAR07074	[0.00013277844040396965]
MAR07075	[0.00013277844040396965]
MAR07076	[0.00013277844040396965]
MAR07077	[0.00013277844040396965]
MAR07078	[np.float64(7.456973094148011e-05)]
MAR07079	[2.8841287887561833e-05]
MAR07080	[2.8841287887561833e-05]
MAR07081	[np.float64(7.456973094148011e-05)]
MAR07082	[np.float64(7.456973094148011e-05)]
MAR07083	[2.8841287887561833e-05]
MAR07084	[2.8841287887561833e-05]
MAR07085	[0.00013277844040396965]
MAR07086	[0.00013277844040396965]
MAR07087	[0.00013277844040396965]
MAR07088	[np.float64(7.456973094148011e-05)]
MAR07089	[2.8841287887561833e-05]
MAR07090	[0.00013277844040396965]
MAR07091	[np.float64(7.456973094148011e-05)]
MAR07092	[2.8841287887561833e-05]
MAR07093	[2.8841287887561833e-05]
MAR07094	[0.00013277844040396965]
MAR07095	[0.00013277844040396965]
MAR07096	[np.float64(7.456973094148011e-05)]
MAR07097	[2.8841287887561833e-05]
MAR07098	[0.00013277844040396965]
MAR07099	[0.003944770803593795]
MAR07100	[2.8841287887561833e-05]
MAR07103	[2.8841287887561833e-05]
MAR07104	[0.00013277844040396965]
MAR07106	[0.00013277844040396965]
MAR07688	[0.00473315991131433]
MAR08032	[0.010443919289222548]
MAR08034	[0.003944770803593795]
MAR08036	[0.015956857496100273]
MAR08037	[0.015956857496100273]
MAR08038	[0.015956857496100273]
MAR08040	[0.005060066926191334]
MAR08043	[0.007432467625926711]
MAR08046	[0.015956857496100273]
MAR08049	[0.009892246080268865]
MAR08052	[0.010443919289222548]
MAR08055	[0.010042052540867787]
MAR08059	[np.float64(7.456973094148011e-05)]
MAR08596	[0.010443919289222548]
MAR08598	[0.010443919289222548]
MAR08601	[0.010443919289222548]
MAR06535	[2.9148311735601487e-05]
MAR06536	[2.9148311735601487e-05]
MAR09569	[2.9412127499088146e-05]
MAR03955	[2.8841287887561833e-05]
MAR03984	[np.float64(7.456973094148011e-05)]
MAR04201	[2.9148311735601487e-05]
MAR04202	[np.float64(7.456973094148011e-05)]
MAR05127	[0.00013277844040396965]
MAR05128	[0.00013277844040396965]
MAR05363	[0.00013277844040396965]
MAR07794	[3.3867144279647894e-05]
MAR08617	[0.00013277844040396965]
MAR08752	[2.9148311735601487e-05]
MAR07741	[np.float64(7.456973094148011e-05)]
MAR09464	[np.float64(7.456973094148011e-05)]
MAR09465	[0.015956857496100273]
MAR09466	[np.float64(7.456973094148011e-05)]
MAR09467	[np.float64(7.456973094148011e-05)]
MAR09468	[np.float64(7.456973094148011e-05)]
MAR09469	[np.float64(7.456973094148011e-05)]
MAR09470	[np.float64(7.456973094148011e-05)]
MAR09471	[np.float64(7.456973094148011e-05)]
MAR09472	[np.float64(7.456973094148011e-05)]
MAR09473	[0.005060066926191334]
MAR09474	[np.float64(7.456973094148011e-05)]
MAR09475	[0.00011122499709339157]
MAR09476	[0.004952921735942963]
MAR09477	[0.015035447514614596]
MAR09478	[0.005060066926191334]
MAR09479	[0.005060066926191334]
MAR09480	[0.005060066926191334]
MAR09481	[0.015956857496100273]
MAR09482	[0.005060066926191334]
MAR09483	[0.015956857496100273]
MAR09484	[np.float64(7.456973094148011e-05)]
MAR09485	[0.003916009851720319]
MAR09487	[5.739849101267972e-05]
MAR09488	[2.927561279871426e-05]
MAR09489	[0.00013277844040396965]
MAR09490	[5.9480174330393227e-05]
MAR09491	[2.911814037845049e-05]
MAR09492	[2.8841287887561833e-05]
MAR09493	[np.float64(7.456973094148011e-05)]
MAR09494	[0.00013277844040396965]
MAR09495	[np.float64(7.456973094148011e-05)]
MAR09496	[np.float64(7.456973094148011e-05)]
MAR09497	[0.0063255333240134545]
MAR09498	[np.float64(7.456973094148011e-05)]
MAR09499	[5.306890242565636e-05]
MAR09500	[6.738052001757399e-05]
MAR09501	[np.float64(7.456973094148011e-05)]
MAR09502	[np.float64(7.456973094148011e-05)]
MAR09503	[0.011222218824231805]
MAR09504	[np.float64(7.456973094148011e-05)]
MAR09505	[np.float64(7.456973094148011e-05)]
MAR09506	[np.float64(7.456973094148011e-05)]
MAR09507	[np.float64(7.456973094148011e-05)]
MAR09508	[np.float64(7.456973094148011e-05)]
MAR09509	[np.float64(7.456973094148011e-05)]
MAR09510	[np.float64(7.456973094148011e-05)]
MAR09511	[np.float64(7.456973094148011e-05)]
MAR09512	[np.float64(7.456973094148011e-05)]
MAR09513	[np.float64(7.456973094148011e-05)]
MAR09514	[0.004203453652338184]
MAR09515	[np.float64(7.456973094148011e-05)]
MAR09516	[np.float64(7.456973094148011e-05)]
MAR09517	[np.float64(7.456973094148011e-05)]
MAR09518	[np.float64(7.456973094148011e-05)]
MAR09519	[np.float64(7.456973094148011e-05)]
MAR09520	[np.float64(7.456973094148011e-05)]
MAR09521	[np.float64(7.456973094148011e-05)]
MAR09522	[np.float64(7.456973094148011e-05)]
MAR09523	[np.float64(7.456973094148011e-05)]
MAR09524	[np.float64(7.456973094148011e-05)]
MAR09525	[0.009892246080268865]
MAR09527	[np.float64(7.456973094148011e-05)]
MAR09528	[np.float64(7.456973094148011e-05)]
MAR09529	[np.float64(7.456973094148011e-05)]
MAR09530	[np.float64(7.456973094148011e-05)]
MAR09531	[np.float64(7.456973094148011e-05)]
MAR09532	[np.float64(7.456973094148011e-05)]
MAR09534	[0.004203453652338184]
MAR09535	[np.float64(7.456973094148011e-05)]
MAR09536	[np.float64(7.456973094148011e-05)]
MAR09537	[np.float64(7.456973094148011e-05)]
MAR09538	[2.9309710836459844e-05]
MAR09539	[np.float64(7.456973094148011e-05)]
MAR09540	[0.004680437087566948]
MAR09541	[np.float64(7.456973094148011e-05)]
MAR09542	[np.float64(7.456973094148011e-05)]
MAR09543	[0.015956857496100273]
MAR09544	[np.float64(7.456973094148011e-05)]
MAR09545	[np.float64(7.456973094148011e-05)]
MAR09546	[np.float64(7.456973094148011e-05)]
MAR09547	[np.float64(7.456973094148011e-05)]
MAR09548	[np.float64(7.456973094148011e-05)]
MAR09549	[np.float64(7.456973094148011e-05)]
MAR09550	[np.float64(7.456973094148011e-05)]
MAR09551	[np.float64(7.456973094148011e-05)]
MAR09552	[np.float64(7.456973094148011e-05)]
MAR09553	[np.float64(7.456973094148011e-05)]
MAR09801	[np.float64(7.456973094148011e-05)]
MAR09807	[np.float64(7.456973094148011e-05)]
MAR09554	[0.004952921735942963]
MAR09555	[0.015956857496100273]
MAR09556	[np.float64(7.456973094148011e-05)]
MAR09557	[np.float64(7.456973094148011e-05)]
MAR09558	[np.float64(7.456973094148011e-05)]
MAR09559	[np.float64(7.456973094148011e-05)]
MAR09560	[np.float64(7.456973094148011e-05)]
MAR09561	[0.015956857496100273]
MAR09562	[np.float64(7.456973094148011e-05)]
MAR09563	[np.float64(7.456973094148011e-05)]
MAR09564	[np.float64(7.456973094148011e-05)]
MAR09565	[np.float64(7.456973094148011e-05)]
MAR09566	[np.float64(7.456973094148011e-05)]
MAR09567	[np.float64(7.456973094148011e-05)]
MAR09568	[np.float64(7.456973094148011e-05)]
MAR09570	[np.float64(7.456973094148011e-05)]
MAR09571	[np.float64(7.456973094148011e-05)]
MAR09572	[np.float64(7.456973094148011e-05)]
MAR09573	[np.float64(7.456973094148011e-05)]
MAR09574	[np.float64(7.456973094148011e-05)]
MAR09575	[np.float64(7.456973094148011e-05)]
MAR09580	[np.float64(7.456973094148011e-05)]
MAR09581	[np.float64(7.456973094148011e-05)]
MAR09582	[0.00011122499709339157]
MAR09583	[0.0038591200197431643]
MAR09584	[0.00011122499709339157]
MAR09585	[np.float64(7.456973094148011e-05)]
MAR09586	[np.float64(7.456973094148011e-05)]
MAR09587	[np.float64(7.456973094148011e-05)]
MAR09588	[0.015956857496100273]
MAR09798	[0.00013277844040396965]
MAR09806	[2.927561279871426e-05]
MAR00010	[np.float64(7.456973094148011e-05)]
MAR00011	[0.00013277844040396965]
MAR00012	[0.00013277844040396965]
MAR00013	[0.015956857496100273]
MAR00014	[0.015956857496100273]
MAR00477	[0.00013277844040396965]
MAR00545	[0.00013277844040396965]
MAR00546	[0.00013277844040396965]
MAR00547	[0.00013277844040396965]
MAR00548	[0.00013277844040396965]
MAR00549	[0.00013277844040396965]
MAR00550	[0.00013277844040396965]
MAR00551	[0.00013277844040396965]
MAR00552	[0.00013277844040396965]
MAR00553	[0.00013277844040396965]
MAR00555	[0.00013277844040396965]
MAR00556	[0.00013277844040396965]
MAR00557	[0.00013277844040396965]
MAR00558	[0.00013277844040396965]
MAR00559	[0.00013277844040396965]
MAR00560	[0.00013277844040396965]
MAR00561	[0.00013277844040396965]
MAR00685	[0.00013277844040396965]
MAR00686	[0.00013277844040396965]
MAR00687	[0.00013277844040396965]
MAR00688	[0.00013277844040396965]
MAR00689	[0.00013277844040396965]
MAR00690	[0.00013277844040396965]
MAR00691	[0.00013277844040396965]
MAR00692	[0.00013277844040396965]
MAR01185	[0.00013277844040396965]
MAR01227	[0.00013277844040396965]
MAR05233	[0.00013277844040396965]
MAR05234	[0.00013277844040396965]
MAR05238	[0.00013277844040396965]
MAR05239	[0.00013277844040396965]
MAR05243	[0.00013277844040396965]
MAR05244	[0.00013277844040396965]
MAR05247	[0.00013277844040396965]
MAR05257	[0.00013277844040396965]
MAR09022	[0.00013277844040396965]
MAR00004	[0.00013277844040396965]
MAR00006	[2.9457920097090758e-05]
MAR00007	[0.015956857496100273]
MAR00008	[0.015956857496100273]
MAR00009	[0.00013277844040396965]
MAR00015	[0.00013277844040396965]
MAR00016	[0.00013277844040396965]
MAR00017	[0.00013277844040396965]
MAR00018	[0.00639132310635336]
MAR00019	[np.float64(7.456973094148011e-05)]
MAR00155	[np.float64(7.456973094148011e-05)]
MAR00164	[np.float64(7.456973094148011e-05)]
MAR00167	[np.float64(7.456973094148011e-05)]
MAR00170	[np.float64(7.456973094148011e-05)]
MAR00173	[np.float64(7.456973094148011e-05)]
MAR00176	[np.float64(7.456973094148011e-05)]
MAR00179	[np.float64(7.456973094148011e-05)]
MAR00183	[np.float64(7.456973094148011e-05)]
MAR00187	[np.float64(7.456973094148011e-05)]
MAR00190	[2.8841287887561833e-05]
MAR00191	[np.float64(7.456973094148011e-05)]
MAR00194	[0.0061040911240064985]
MAR00195	[np.float64(7.456973094148011e-05)]
MAR00198	[0.0061040911240064985]
MAR00199	[np.float64(7.456973094148011e-05)]
MAR00202	[0.0061040911240064985]
MAR00203	[np.float64(7.456973094148011e-05)]
MAR00207	[0.0061040911240064985]
MAR00208	[np.float64(7.456973094148011e-05)]
MAR00211	[0.0061040911240064985]
MAR00212	[np.float64(7.456973094148011e-05)]
MAR00215	[0.0061040911240064985]
MAR00216	[np.float64(7.456973094148011e-05)]
MAR00224	[0.0061040911240064985]
MAR00225	[np.float64(7.456973094148011e-05)]
MAR00231	[0.0061040911240064985]
MAR00232	[np.float64(7.456973094148011e-05)]
MAR00235	[0.0061040911240064985]
MAR00236	[np.float64(7.456973094148011e-05)]
MAR00239	[0.0061040911240064985]
MAR00240	[np.float64(7.456973094148011e-05)]
MAR00243	[0.0061040911240064985]
MAR00244	[np.float64(7.456973094148011e-05)]
MAR00247	[0.0061040911240064985]
MAR00248	[np.float64(7.456973094148011e-05)]
MAR00253	[0.0061040911240064985]
MAR00254	[np.float64(7.456973094148011e-05)]
MAR00257	[0.0061040911240064985]
MAR00258	[np.float64(7.456973094148011e-05)]
MAR00261	[0.0061040911240064985]
MAR00262	[np.float64(7.456973094148011e-05)]
MAR00265	[0.0061040911240064985]
MAR00266	[np.float64(7.456973094148011e-05)]
MAR00269	[0.0061040911240064985]
MAR00270	[np.float64(7.456973094148011e-05)]
MAR00273	[0.0061040911240064985]
MAR00274	[np.float64(7.456973094148011e-05)]
MAR00277	[0.0061040911240064985]
MAR00278	[np.float64(7.456973094148011e-05)]
MAR00281	[0.0061040911240064985]
MAR00282	[np.float64(7.456973094148011e-05)]
MAR00287	[0.0061040911240064985]
MAR00288	[np.float64(7.456973094148011e-05)]
MAR00291	[0.0061040911240064985]
MAR00292	[np.float64(7.456973094148011e-05)]
MAR00295	[0.0061040911240064985]
MAR00296	[np.float64(7.456973094148011e-05)]
MAR00299	[0.0061040911240064985]
MAR00300	[np.float64(7.456973094148011e-05)]
MAR00303	[0.0061040911240064985]
MAR00304	[np.float64(7.456973094148011e-05)]
MAR00307	[0.0061040911240064985]
MAR00308	[np.float64(7.456973094148011e-05)]
MAR00311	[0.0061040911240064985]
MAR00312	[np.float64(7.456973094148011e-05)]
MAR00317	[0.0061040911240064985]
MAR00318	[np.float64(7.456973094148011e-05)]
MAR00321	[0.0061040911240064985]
MAR00322	[np.float64(7.456973094148011e-05)]
MAR00325	[0.0061040911240064985]
MAR00326	[np.float64(7.456973094148011e-05)]
MAR00329	[0.0061040911240064985]
MAR00330	[np.float64(7.456973094148011e-05)]
MAR00335	[0.0061040911240064985]
MAR00336	[np.float64(7.456973094148011e-05)]
MAR00339	[0.0061040911240064985]
MAR00340	[np.float64(7.456973094148011e-05)]
MAR00343	[0.0061040911240064985]
MAR00344	[np.float64(7.456973094148011e-05)]
MAR00347	[0.0061040911240064985]
MAR00348	[np.float64(7.456973094148011e-05)]
MAR00351	[0.0061040911240064985]
MAR00352	[np.float64(7.456973094148011e-05)]
MAR00355	[0.0061040911240064985]
MAR00356	[np.float64(7.456973094148011e-05)]
MAR00359	[0.0061040911240064985]
MAR00360	[np.float64(7.456973094148011e-05)]
MAR00363	[0.0061040911240064985]
MAR00364	[np.float64(7.456973094148011e-05)]
MAR00367	[0.0061040911240064985]
MAR00368	[np.float64(7.456973094148011e-05)]
MAR00371	[0.0061040911240064985]
MAR00372	[np.float64(7.456973094148011e-05)]
MAR00375	[0.0061040911240064985]
MAR00376	[np.float64(7.456973094148011e-05)]
MAR00379	[0.0061040911240064985]
MAR00380	[np.float64(7.456973094148011e-05)]
MAR00383	[0.0061040911240064985]
MAR00384	[np.float64(7.456973094148011e-05)]
MAR00387	[0.0061040911240064985]
MAR00388	[np.float64(7.456973094148011e-05)]
MAR00391	[0.0061040911240064985]
MAR00392	[np.float64(7.456973094148011e-05)]
MAR00395	[0.0061040911240064985]
MAR00396	[np.float64(7.456973094148011e-05)]
MAR00399	[0.0061040911240064985]
MAR00400	[np.float64(7.456973094148011e-05)]
MAR00403	[0.0061040911240064985]
MAR00404	[np.float64(7.456973094148011e-05)]
MAR00407	[0.0061040911240064985]
MAR00408	[np.float64(7.456973094148011e-05)]
MAR00411	[0.0061040911240064985]
MAR00412	[np.float64(7.456973094148011e-05)]
MAR00415	[0.0061040911240064985]
MAR00416	[np.float64(7.456973094148011e-05)]
MAR00419	[0.0061040911240064985]
MAR00420	[np.float64(7.456973094148011e-05)]
MAR00423	[0.0061040911240064985]
MAR00424	[np.float64(7.456973094148011e-05)]
MAR00427	[0.0061040911240064985]
MAR00428	[np.float64(7.456973094148011e-05)]
MAR00431	[0.0061040911240064985]
MAR00432	[np.float64(7.456973094148011e-05)]
MAR00435	[0.0061040911240064985]
MAR00436	[np.float64(7.456973094148011e-05)]
MAR00439	[0.0061040911240064985]
MAR00440	[0.00013277844040396965]
MAR00444	[np.float64(7.456973094148011e-05)]
MAR00469	[0.00013277844040396965]
MAR00470	[0.008998160734830764]
MAR00476	[0.0061040911240064985]
MAR00770	[np.float64(7.456973094148011e-05)]
MAR00782	[0.00013277844040396965]
MAR01082	[np.float64(7.456973094148011e-05)]
MAR01086	[0.015956857496100273]
MAR01898	[0.00010564810360795588]
MAR01899	[0.00010564810360795588]
MAR01900	[0.00010564810360795588]
MAR01901	[0.00010564810360795588]
MAR01902	[0.00010564810360795588]
MAR01903	[0.00010564810360795588]
MAR01904	[0.00010564810360795588]
MAR01905	[0.00010564810360795588]
MAR01906	[0.00010564810360795588]
MAR01907	[0.00010564810360795588]
MAR01908	[0.00010564810360795588]
MAR01909	[0.00010564810360795588]
MAR01910	[0.00013277844040396965]
MAR01911	[0.004952921735942963]
MAR01913	[0.00013277844040396965]
MAR01914	[np.float64(7.456973094148011e-05)]
MAR01919	[0.00012860882859094003]
MAR02013	[0.00013277844040396965]
MAR03858	[np.float64(7.456973094148011e-05)]
MAR03916	[np.float64(7.456973094148011e-05)]
MAR03951	[0.00013277844040396965]
MAR03959	[0.00013277844040396965]
MAR03964	[0.00013277844040396965]
MAR04062	[0.00013277844040396965]
MAR04063	[0.00013277844040396965]
MAR04249	[0.00013277844040396965]
MAR04321	[np.float64(7.456973094148011e-05)]
MAR04432	[0.00013277844040396965]
MAR04433	[0.00010564810360795588]
MAR04434	[0.00010564810360795588]
MAR04435	[0.00010564810360795588]
MAR04436	[0.00010564810360795588]
MAR04691	[np.float64(7.456973094148011e-05)]
MAR04721	[np.float64(7.456973094148011e-05)]
MAR04844	[np.float64(7.456973094148011e-05)]
MAR04845	[0.009947721923987943]
MAR04847	[np.float64(7.456973094148011e-05)]
MAR04848	[np.float64(7.456973094148011e-05)]
MAR04849	[0.007211151859860921]
MAR04858	[6.955537276674729e-05]
MAR04861	[0.004952921735942963]
MAR04873	[0.015956857496100273]
MAR04875	[0.00013277844040396965]
MAR04882	[np.float64(7.456973094148011e-05)]
MAR04885	[np.float64(7.456973094148011e-05)]
MAR04896	[0.00013277844040396965]
MAR04910	[np.float64(7.456973094148011e-05)]
MAR04912	[np.float64(7.456973094148011e-05)]
MAR04919	[0.00013277844040396965]
MAR04928	[np.float64(7.456973094148011e-05)]
MAR04931	[2.8841287887561833e-05]
MAR04932	[np.float64(7.456973094148011e-05)]
MAR04933	[np.float64(7.456973094148011e-05)]
MAR04934	[0.00013277844040396965]
MAR04935	[np.float64(7.456973094148011e-05)]
MAR04938	[0.00546478201362671]
MAR04939	[0.005830634456431206]
MAR04946	[np.float64(7.456973094148011e-05)]
MAR04947	[0.00013277844040396965]
MAR04948	[0.00013277844040396965]
MAR04949	[0.009947721923987943]
MAR04952	[0.00013277844040396965]
MAR04954	[3.6371271056739e-05]
MAR04956	[np.float64(7.456973094148011e-05)]
MAR04958	[0.00013277844040396965]
MAR04969	[0.00013277844040396965]
MAR04973	[6.955537276674729e-05]
MAR04975	[0.011222218824231805]
MAR04976	[np.float64(7.456973094148011e-05)]
MAR04980	[np.float64(7.456973094148011e-05)]
MAR04982	[0.00013277844040396965]
MAR04983	[0.015956857496100273]
MAR04985	[np.float64(7.456973094148011e-05)]
MAR04989	[0.00013277844040396965]
MAR04990	[0.00013277844040396965]
MAR04992	[np.float64(7.456973094148011e-05)]
MAR04993	[0.00013277844040396965]
MAR04994	[0.0038591200197431643]
MAR04995	[0.00013277844040396965]
MAR04996	[6.955537276674729e-05]
MAR04999	[np.float64(7.456973094148011e-05)]
MAR05000	[0.00013277844040396965]
MAR05002	[0.00013277844040396965]
MAR05003	[np.float64(7.456973094148011e-05)]
MAR05005	[0.007198130461850395]
MAR05007	[np.float64(7.456973094148011e-05)]
MAR05008	[np.float64(7.456973094148011e-05)]
MAR05009	[0.00013277844040396965]
MAR05010	[0.00013277844040396965]
MAR05011	[0.00013277844040396965]
MAR05013	[0.0038591200197431643]
MAR05018	[np.float64(7.456973094148011e-05)]
MAR05020	[0.00013277844040396965]
MAR05021	[np.float64(7.456973094148011e-05)]
MAR05023	[0.015956857496100273]
MAR05029	[6.955537276674729e-05]
MAR05032	[np.float64(7.456973094148011e-05)]
MAR05034	[np.float64(7.456973094148011e-05)]
MAR05035	[np.float64(7.456973094148011e-05)]
MAR05037	[np.float64(7.456973094148011e-05)]
MAR05038	[0.015956857496100273]
MAR05039	[0.015956857496100273]
MAR05040	[0.015956857496100273]
MAR05041	[0.009947721923987943]
MAR05042	[np.float64(7.456973094148011e-05)]
MAR05068	[3.0005641039383883e-05]
MAR05070	[2.8841287887561833e-05]
MAR05071	[3.0005641039383883e-05]
MAR05073	[2.8841287887561833e-05]
MAR05074	[2.8841287887561833e-05]
MAR05076	[2.8841287887561833e-05]
MAR05077	[2.8841287887561833e-05]
MAR05078	[2.8841287887561833e-05]
MAR05079	[2.8841287887561833e-05]
MAR05080	[2.8841287887561833e-05]
MAR05082	[2.8841287887561833e-05]
MAR05084	[2.8841287887561833e-05]
MAR05085	[2.8841287887561833e-05]
MAR05087	[2.8841287887561833e-05]
MAR05088	[2.8841287887561833e-05]
MAR05089	[2.8841287887561833e-05]
MAR05091	[2.8841287887561833e-05]
MAR05092	[2.8841287887561833e-05]
MAR05094	[3.0005641039383883e-05]
MAR05129	[0.009947721923987943]
MAR05198	[0.00013277844040396965]
MAR05200	[0.00013277844040396965]
MAR05202	[0.00013277844040396965]
MAR05206	[0.00013277844040396965]
MAR05213	[0.00013277844040396965]
MAR05215	[0.00013277844040396965]
MAR05216	[0.00013277844040396965]
MAR05219	[0.00013277844040396965]
MAR05221	[0.00013277844040396965]
MAR05231	[0.00013277844040396965]
MAR05232	[0.00013277844040396965]
MAR05236	[0.00013277844040396965]
MAR05237	[0.00013277844040396965]
MAR05240	[0.00013277844040396965]
MAR05241	[np.float64(7.456973094148011e-05)]
MAR05246	[np.float64(7.456973094148011e-05)]
MAR05296	[0.00013277844040396965]
MAR05303	[0.00013277844040396965]
MAR05305	[2.9457860559373696e-05]
MAR05307	[6.448008502800297e-05]
MAR05308	[2.9457860559373696e-05]
MAR05311	[2.9457860559373696e-05]
MAR05313	[6.448008502800297e-05]
MAR05314	[0.00011087029077755572]
MAR05315	[2.8841287887561833e-05]
MAR05316	[0.00011087029077755572]
MAR05317	[0.015956857496100273]
MAR05318	[0.015956857496100273]
MAR05319	[2.9457860559373696e-05]
MAR05320	[2.9457860559373696e-05]
MAR05322	[2.9457860559373696e-05]
MAR05324	[2.9457860559373696e-05]
MAR05326	[2.9457860559373696e-05]
MAR05328	[np.float64(7.456973094148011e-05)]
MAR05330	[np.float64(7.456973094148011e-05)]
MAR05332	[0.00639132310635336]
MAR05333	[2.9457860559373696e-05]
MAR05335	[0.015956857496100273]
MAR05429	[2.8841287887561833e-05]
MAR05430	[np.float64(7.456973094148011e-05)]
MAR05432	[np.float64(7.456973094148011e-05)]
MAR05433	[0.005060066926191334]
MAR05435	[0.00639132310635336]
MAR05436	[0.00639132310635336]
MAR05437	[0.00639132310635336]
MAR05438	[0.00639132310635336]
MAR05439	[0.00639132310635336]
MAR05440	[0.00013277844040396965]
MAR05441	[0.004203453652338184]
MAR05442	[np.float64(7.456973094148011e-05)]
MAR05443	[np.float64(7.456973094148011e-05)]
MAR05444	[np.float64(7.456973094148011e-05)]
MAR05445	[np.float64(7.456973094148011e-05)]
MAR05446	[np.float64(7.456973094148011e-05)]
MAR05447	[np.float64(7.456973094148011e-05)]
MAR05448	[0.008998160734830764]
MAR05450	[0.005852844278902521]
MAR05451	[np.float64(7.456973094148011e-05)]
MAR05454	[np.float64(7.456973094148011e-05)]
MAR05455	[np.float64(7.456973094148011e-05)]
MAR05457	[0.010443919289222548]
MAR05458	[2.8841287887561833e-05]
MAR05459	[2.8841287887561833e-05]
MAR05460	[2.8841287887561833e-05]
MAR05461	[2.8841287887561833e-05]
MAR05462	[2.8841287887561833e-05]
MAR05463	[2.8841287887561833e-05]
MAR05464	[2.8841287887561833e-05]
MAR05465	[2.8841287887561833e-05]
MAR05466	[2.8841287887561833e-05]
MAR05467	[2.8841287887561833e-05]
MAR05468	[2.8841287887561833e-05]
MAR05469	[2.8841287887561833e-05]
MAR05470	[2.8841287887561833e-05]
MAR05471	[2.8841287887561833e-05]
MAR05472	[2.8841287887561833e-05]
MAR05473	[2.8841287887561833e-05]
MAR05474	[2.8841287887561833e-05]
MAR05475	[2.8841287887561833e-05]
MAR05476	[2.8841287887561833e-05]
MAR05477	[2.8841287887561833e-05]
MAR05478	[2.8841287887561833e-05]
MAR05479	[2.8841287887561833e-05]
MAR05480	[2.8841287887561833e-05]
MAR05481	[2.8841287887561833e-05]
MAR05482	[2.8841287887561833e-05]
MAR05483	[2.8841287887561833e-05]
MAR05484	[2.8841287887561833e-05]
MAR05485	[2.8841287887561833e-05]
MAR05486	[2.8841287887561833e-05]
MAR05487	[2.8841287887561833e-05]
MAR05488	[2.8841287887561833e-05]
MAR05489	[2.8841287887561833e-05]
MAR05490	[2.8841287887561833e-05]
MAR05491	[2.8841287887561833e-05]
MAR05492	[2.8841287887561833e-05]
MAR05493	[2.8841287887561833e-05]
MAR05494	[2.8841287887561833e-05]
MAR05495	[2.8841287887561833e-05]
MAR05496	[2.8841287887561833e-05]
MAR05497	[2.8841287887561833e-05]
MAR05498	[2.8841287887561833e-05]
MAR05499	[2.8841287887561833e-05]
MAR05500	[2.8841287887561833e-05]
MAR05501	[2.8841287887561833e-05]
MAR05502	[2.8841287887561833e-05]
MAR05503	[2.8841287887561833e-05]
MAR05504	[2.8841287887561833e-05]
MAR05505	[2.8841287887561833e-05]
MAR05506	[2.8841287887561833e-05]
MAR05507	[2.8841287887561833e-05]
MAR05508	[2.8841287887561833e-05]
MAR05509	[2.8841287887561833e-05]
MAR05510	[2.8841287887561833e-05]
MAR05511	[2.8841287887561833e-05]
MAR05512	[2.8841287887561833e-05]
MAR05513	[2.8841287887561833e-05]
MAR05514	[2.8841287887561833e-05]
MAR05515	[2.8841287887561833e-05]
MAR05516	[2.8841287887561833e-05]
MAR05517	[2.8841287887561833e-05]
MAR05518	[2.8841287887561833e-05]
MAR05519	[2.8841287887561833e-05]
MAR05520	[2.8841287887561833e-05]
MAR05521	[2.8841287887561833e-05]
MAR05522	[2.8841287887561833e-05]
MAR05523	[2.8841287887561833e-05]
MAR05524	[2.8841287887561833e-05]
MAR05525	[2.8841287887561833e-05]
MAR05526	[2.8841287887561833e-05]
MAR05527	[2.8841287887561833e-05]
MAR05528	[2.8841287887561833e-05]
MAR05529	[2.8841287887561833e-05]
MAR05530	[2.8841287887561833e-05]
MAR05531	[2.8841287887561833e-05]
MAR05532	[2.8841287887561833e-05]
MAR05533	[2.8841287887561833e-05]
MAR05534	[2.8841287887561833e-05]
MAR05535	[2.8841287887561833e-05]
MAR05536	[2.8841287887561833e-05]
MAR05537	[2.8841287887561833e-05]
MAR05538	[2.8841287887561833e-05]
MAR05539	[2.8841287887561833e-05]
MAR05540	[2.8841287887561833e-05]
MAR05541	[2.8841287887561833e-05]
MAR05542	[2.8841287887561833e-05]
MAR05543	[2.8841287887561833e-05]
MAR05544	[2.8841287887561833e-05]
MAR05545	[2.8841287887561833e-05]
MAR05546	[2.8841287887561833e-05]
MAR05547	[2.8841287887561833e-05]
MAR05548	[2.8841287887561833e-05]
MAR05549	[2.8841287887561833e-05]
MAR05550	[0.007211151859860921]
MAR05551	[2.8841287887561833e-05]
MAR05552	[2.8841287887561833e-05]
MAR05553	[2.8841287887561833e-05]
MAR05554	[2.8841287887561833e-05]
MAR05555	[2.8841287887561833e-05]
MAR05556	[2.8841287887561833e-05]
MAR05557	[2.8841287887561833e-05]
MAR05558	[2.8841287887561833e-05]
MAR05559	[2.8841287887561833e-05]
MAR05560	[2.8841287887561833e-05]
MAR05561	[2.8841287887561833e-05]
MAR05562	[2.8841287887561833e-05]
MAR05563	[2.8841287887561833e-05]
MAR05564	[2.8841287887561833e-05]
MAR05565	[2.8841287887561833e-05]
MAR05566	[2.8841287887561833e-05]
MAR05567	[2.8841287887561833e-05]
MAR05568	[2.8841287887561833e-05]
MAR05569	[2.8841287887561833e-05]
MAR05570	[2.8841287887561833e-05]
MAR05571	[2.8841287887561833e-05]
MAR05572	[2.8841287887561833e-05]
MAR05573	[2.8841287887561833e-05]
MAR05574	[2.8841287887561833e-05]
MAR05575	[2.8841287887561833e-05]
MAR05576	[2.8841287887561833e-05]
MAR05577	[2.8841287887561833e-05]
MAR05578	[2.8841287887561833e-05]
MAR05579	[2.8841287887561833e-05]
MAR05580	[2.8841287887561833e-05]
MAR05581	[2.8841287887561833e-05]
MAR05582	[2.8841287887561833e-05]
MAR05583	[2.8841287887561833e-05]
MAR05584	[2.8841287887561833e-05]
MAR05585	[2.8841287887561833e-05]
MAR05586	[2.8841287887561833e-05]
MAR05587	[2.8841287887561833e-05]
MAR05588	[2.8841287887561833e-05]
MAR05589	[2.8841287887561833e-05]
MAR05590	[2.8841287887561833e-05]
MAR05591	[2.8841287887561833e-05]
MAR05592	[2.8841287887561833e-05]
MAR05593	[2.8841287887561833e-05]
MAR05594	[2.8841287887561833e-05]
MAR05595	[2.8841287887561833e-05]
MAR05596	[2.8841287887561833e-05]
MAR05597	[2.8841287887561833e-05]
MAR05598	[2.8841287887561833e-05]
MAR05599	[2.8841287887561833e-05]
MAR05600	[2.8841287887561833e-05]
MAR05601	[2.8841287887561833e-05]
MAR05602	[2.8841287887561833e-05]
MAR05603	[2.9751530589004282e-05]
MAR05604	[2.9751530589004282e-05]
MAR05605	[2.8841287887561833e-05]
MAR05606	[2.8841287887561833e-05]
MAR05607	[2.8841287887561833e-05]
MAR05608	[2.8841287887561833e-05]
MAR05609	[2.9751530589004282e-05]
MAR05610	[2.8841287887561833e-05]
MAR05611	[2.8841287887561833e-05]
MAR05612	[2.9751530589004282e-05]
MAR05613	[2.8841287887561833e-05]
MAR05614	[2.9751530589004282e-05]
MAR05615	[2.8841287887561833e-05]
MAR05616	[2.8841287887561833e-05]
MAR05617	[2.8841287887561833e-05]
MAR05618	[2.9751530589004282e-05]
MAR05619	[2.9751530589004282e-05]
MAR05620	[2.8841287887561833e-05]
MAR05621	[2.8841287887561833e-05]
MAR05622	[2.8841287887561833e-05]
MAR05623	[2.8841287887561833e-05]
MAR05624	[2.9751530589004282e-05]
MAR05625	[2.8841287887561833e-05]
MAR05626	[2.8841287887561833e-05]
MAR05627	[2.9751530589004282e-05]
MAR05628	[2.8841287887561833e-05]
MAR05629	[2.9751530589004282e-05]
MAR05630	[2.8841287887561833e-05]
MAR05631	[2.8841287887561833e-05]
MAR05632	[2.8841287887561833e-05]
MAR05633	[2.9751530589004282e-05]
MAR05634	[2.9751530589004282e-05]
MAR05635	[2.8841287887561833e-05]
MAR05636	[2.8841287887561833e-05]
MAR05637	[2.8841287887561833e-05]
MAR05638	[2.8841287887561833e-05]
MAR05639	[2.9751530589004282e-05]
MAR05640	[2.8841287887561833e-05]
MAR05641	[2.8841287887561833e-05]
MAR05642	[2.9751530589004282e-05]
MAR05643	[2.8841287887561833e-05]
MAR05644	[2.9751530589004282e-05]
MAR05645	[2.8841287887561833e-05]
MAR05646	[2.8841287887561833e-05]
MAR05647	[2.8841287887561833e-05]
MAR05648	[2.8841287887561833e-05]
MAR05649	[2.8841287887561833e-05]
MAR05650	[2.8841287887561833e-05]
MAR05651	[2.8841287887561833e-05]
MAR05652	[2.8841287887561833e-05]
MAR05653	[2.8841287887561833e-05]
MAR05654	[2.8841287887561833e-05]
MAR05655	[2.8841287887561833e-05]
MAR05656	[2.8841287887561833e-05]
MAR05657	[2.8841287887561833e-05]
MAR05658	[2.8841287887561833e-05]
MAR05659	[2.8841287887561833e-05]
MAR05660	[2.8841287887561833e-05]
MAR05661	[2.8841287887561833e-05]
MAR05662	[2.8841287887561833e-05]
MAR05663	[2.8841287887561833e-05]
MAR05664	[2.8841287887561833e-05]
MAR05665	[2.8841287887561833e-05]
MAR05666	[2.8841287887561833e-05]
MAR05667	[2.8841287887561833e-05]
MAR05668	[2.8841287887561833e-05]
MAR05669	[2.8841287887561833e-05]
MAR05670	[2.8841287887561833e-05]
MAR05671	[2.8841287887561833e-05]
MAR05672	[2.8841287887561833e-05]
MAR05673	[2.8841287887561833e-05]
MAR05674	[2.8841287887561833e-05]
MAR05675	[2.8841287887561833e-05]
MAR05676	[2.8841287887561833e-05]
MAR05677	[np.float64(7.456973094148011e-05)]
MAR05678	[np.float64(7.456973094148011e-05)]
MAR05679	[np.float64(7.456973094148011e-05)]
MAR05680	[np.float64(7.456973094148011e-05)]
MAR05681	[np.float64(7.456973094148011e-05)]
MAR05682	[np.float64(7.456973094148011e-05)]
MAR05683	[np.float64(7.456973094148011e-05)]
MAR05684	[np.float64(7.456973094148011e-05)]
MAR05685	[np.float64(7.456973094148011e-05)]
MAR05686	[np.float64(7.456973094148011e-05)]
MAR05687	[np.float64(7.456973094148011e-05)]
MAR05688	[np.float64(7.456973094148011e-05)]
MAR05689	[np.float64(7.456973094148011e-05)]
MAR05690	[np.float64(7.456973094148011e-05)]
MAR05691	[np.float64(7.456973094148011e-05)]
MAR05692	[np.float64(7.456973094148011e-05)]
MAR05693	[np.float64(7.456973094148011e-05)]
MAR05694	[np.float64(7.456973094148011e-05)]
MAR05695	[np.float64(7.456973094148011e-05)]
MAR05696	[np.float64(7.456973094148011e-05)]
MAR05697	[np.float64(7.456973094148011e-05)]
MAR05698	[np.float64(7.456973094148011e-05)]
MAR05699	[np.float64(7.456973094148011e-05)]
MAR05700	[np.float64(7.456973094148011e-05)]
MAR05701	[np.float64(7.456973094148011e-05)]
MAR05702	[np.float64(7.456973094148011e-05)]
MAR05703	[np.float64(7.456973094148011e-05)]
MAR05704	[np.float64(7.456973094148011e-05)]
MAR05705	[np.float64(7.456973094148011e-05)]
MAR05706	[np.float64(7.456973094148011e-05)]
MAR05707	[np.float64(7.456973094148011e-05)]
MAR05708	[2.9751530589004282e-05]
MAR05709	[2.9751530589004282e-05]
MAR05710	[2.9751530589004282e-05]
MAR05711	[np.float64(7.456973094148011e-05)]
MAR05712	[np.float64(7.456973094148011e-05)]
MAR05713	[np.float64(7.456973094148011e-05)]
MAR05714	[np.float64(7.456973094148011e-05)]
MAR05715	[np.float64(7.456973094148011e-05)]
MAR05716	[np.float64(7.456973094148011e-05)]
MAR05717	[2.9751530589004282e-05]
MAR05718	[np.float64(7.456973094148011e-05)]
MAR05719	[2.9751530589004282e-05]
MAR05720	[np.float64(7.456973094148011e-05)]
MAR05721	[np.float64(7.456973094148011e-05)]
MAR05722	[np.float64(7.456973094148011e-05)]
MAR05723	[np.float64(7.456973094148011e-05)]
MAR05724	[np.float64(7.456973094148011e-05)]
MAR05725	[np.float64(7.456973094148011e-05)]
MAR05726	[np.float64(7.456973094148011e-05)]
MAR05727	[np.float64(7.456973094148011e-05)]
MAR05728	[np.float64(7.456973094148011e-05)]
MAR05729	[np.float64(7.456973094148011e-05)]
MAR05730	[np.float64(7.456973094148011e-05)]
MAR05731	[np.float64(7.456973094148011e-05)]
MAR05732	[np.float64(7.456973094148011e-05)]
MAR05733	[np.float64(7.456973094148011e-05)]
MAR05734	[np.float64(7.456973094148011e-05)]
MAR05735	[np.float64(7.456973094148011e-05)]
MAR05736	[np.float64(7.456973094148011e-05)]
MAR05737	[np.float64(7.456973094148011e-05)]
MAR05738	[np.float64(7.456973094148011e-05)]
MAR05739	[np.float64(7.456973094148011e-05)]
MAR05740	[np.float64(7.456973094148011e-05)]
MAR05741	[np.float64(7.456973094148011e-05)]
MAR05742	[np.float64(7.456973094148011e-05)]
MAR05743	[np.float64(7.456973094148011e-05)]
MAR05744	[np.float64(7.456973094148011e-05)]
MAR05745	[np.float64(7.456973094148011e-05)]
MAR05746	[np.float64(7.456973094148011e-05)]
MAR05747	[np.float64(7.456973094148011e-05)]
MAR05748	[np.float64(7.456973094148011e-05)]
MAR05749	[np.float64(7.456973094148011e-05)]
MAR05750	[np.float64(7.456973094148011e-05)]
MAR05751	[np.float64(7.456973094148011e-05)]
MAR05752	[np.float64(7.456973094148011e-05)]
MAR05753	[2.9751530589004282e-05]
MAR05754	[2.9751530589004282e-05]
MAR05755	[2.9751530589004282e-05]
MAR05756	[np.float64(7.456973094148011e-05)]
MAR05757	[np.float64(7.456973094148011e-05)]
MAR05758	[np.float64(7.456973094148011e-05)]
MAR05759	[np.float64(7.456973094148011e-05)]
MAR05760	[2.9751530589004282e-05]
MAR05761	[np.float64(7.456973094148011e-05)]
MAR05762	[np.float64(7.456973094148011e-05)]
MAR05763	[np.float64(7.456973094148011e-05)]
MAR05764	[2.9751530589004282e-05]
MAR05765	[np.float64(7.456973094148011e-05)]
MAR05766	[np.float64(7.456973094148011e-05)]
MAR05767	[np.float64(7.456973094148011e-05)]
MAR05768	[np.float64(7.456973094148011e-05)]
MAR05769	[np.float64(7.456973094148011e-05)]
MAR05770	[np.float64(7.456973094148011e-05)]
MAR05771	[np.float64(7.456973094148011e-05)]
MAR05772	[np.float64(7.456973094148011e-05)]
MAR05773	[np.float64(7.456973094148011e-05)]
MAR05774	[np.float64(7.456973094148011e-05)]
MAR05775	[np.float64(7.456973094148011e-05)]
MAR05776	[np.float64(7.456973094148011e-05)]
MAR05777	[np.float64(7.456973094148011e-05)]
MAR05778	[np.float64(7.456973094148011e-05)]
MAR05779	[np.float64(7.456973094148011e-05)]
MAR05780	[np.float64(7.456973094148011e-05)]
MAR05781	[np.float64(7.456973094148011e-05)]
MAR05782	[np.float64(7.456973094148011e-05)]
MAR05783	[2.9751530589004282e-05]
MAR05784	[2.9751530589004282e-05]
MAR05785	[2.9751530589004282e-05]
MAR05786	[np.float64(7.456973094148011e-05)]
MAR05787	[np.float64(7.456973094148011e-05)]
MAR05788	[np.float64(7.456973094148011e-05)]
MAR05789	[np.float64(7.456973094148011e-05)]
MAR05790	[2.9751530589004282e-05]
MAR05791	[np.float64(7.456973094148011e-05)]
MAR05792	[np.float64(7.456973094148011e-05)]
MAR05793	[2.9751530589004282e-05]
MAR05794	[np.float64(7.456973094148011e-05)]
MAR05795	[np.float64(7.456973094148011e-05)]
MAR05796	[np.float64(7.456973094148011e-05)]
MAR05797	[np.float64(7.456973094148011e-05)]
MAR05798	[np.float64(7.456973094148011e-05)]
MAR05799	[np.float64(7.456973094148011e-05)]
MAR05800	[np.float64(7.456973094148011e-05)]
MAR05801	[np.float64(7.456973094148011e-05)]
MAR05802	[np.float64(7.456973094148011e-05)]
MAR05803	[np.float64(7.456973094148011e-05)]
MAR05804	[np.float64(7.456973094148011e-05)]
MAR05805	[np.float64(7.456973094148011e-05)]
MAR05806	[np.float64(7.456973094148011e-05)]
MAR05807	[np.float64(7.456973094148011e-05)]
MAR05808	[np.float64(7.456973094148011e-05)]
MAR05809	[np.float64(7.456973094148011e-05)]
MAR05810	[np.float64(7.456973094148011e-05)]
MAR05811	[np.float64(7.456973094148011e-05)]
MAR05812	[np.float64(7.456973094148011e-05)]
MAR05813	[np.float64(7.456973094148011e-05)]
MAR05814	[np.float64(7.456973094148011e-05)]
MAR05815	[np.float64(7.456973094148011e-05)]
MAR05816	[np.float64(7.456973094148011e-05)]
MAR05817	[np.float64(7.456973094148011e-05)]
MAR05818	[np.float64(7.456973094148011e-05)]
MAR05819	[np.float64(7.456973094148011e-05)]
MAR05820	[np.float64(7.456973094148011e-05)]
MAR05821	[np.float64(7.456973094148011e-05)]
MAR05822	[np.float64(7.456973094148011e-05)]
MAR05823	[np.float64(7.456973094148011e-05)]
MAR05824	[np.float64(7.456973094148011e-05)]
MAR05825	[np.float64(7.456973094148011e-05)]
MAR05826	[np.float64(7.456973094148011e-05)]
MAR05827	[np.float64(7.456973094148011e-05)]
MAR05828	[np.float64(7.456973094148011e-05)]
MAR05829	[np.float64(7.456973094148011e-05)]
MAR05830	[np.float64(7.456973094148011e-05)]
MAR05831	[np.float64(7.456973094148011e-05)]
MAR05832	[np.float64(7.456973094148011e-05)]
MAR05833	[np.float64(7.456973094148011e-05)]
MAR05834	[np.float64(7.456973094148011e-05)]
MAR05835	[np.float64(7.456973094148011e-05)]
MAR05836	[np.float64(7.456973094148011e-05)]
MAR05837	[np.float64(7.456973094148011e-05)]
MAR05838	[np.float64(7.456973094148011e-05)]
MAR05839	[np.float64(7.456973094148011e-05)]
MAR05840	[np.float64(7.456973094148011e-05)]
MAR05841	[np.float64(7.456973094148011e-05)]
MAR05842	[np.float64(7.456973094148011e-05)]
MAR05843	[np.float64(7.456973094148011e-05)]
MAR05844	[np.float64(7.456973094148011e-05)]
MAR05845	[np.float64(7.456973094148011e-05)]
MAR05846	[np.float64(7.456973094148011e-05)]
MAR05847	[np.float64(7.456973094148011e-05)]
MAR05848	[np.float64(7.456973094148011e-05)]
MAR05849	[np.float64(7.456973094148011e-05)]
MAR05850	[np.float64(7.456973094148011e-05)]
MAR05851	[np.float64(7.456973094148011e-05)]
MAR05852	[np.float64(7.456973094148011e-05)]
MAR05853	[np.float64(7.456973094148011e-05)]
MAR05854	[np.float64(7.456973094148011e-05)]
MAR05855	[np.float64(7.456973094148011e-05)]
MAR05856	[np.float64(7.456973094148011e-05)]
MAR05857	[np.float64(7.456973094148011e-05)]
MAR05858	[np.float64(7.456973094148011e-05)]
MAR05859	[np.float64(7.456973094148011e-05)]
MAR05860	[np.float64(7.456973094148011e-05)]
MAR05861	[np.float64(7.456973094148011e-05)]
MAR05862	[np.float64(7.456973094148011e-05)]
MAR05863	[np.float64(7.456973094148011e-05)]
MAR05864	[np.float64(7.456973094148011e-05)]
MAR05865	[np.float64(7.456973094148011e-05)]
MAR05866	[np.float64(7.456973094148011e-05)]
MAR05867	[np.float64(7.456973094148011e-05)]
MAR05868	[np.float64(7.456973094148011e-05)]
MAR05869	[np.float64(7.456973094148011e-05)]
MAR05870	[np.float64(7.456973094148011e-05)]
MAR05871	[np.float64(7.456973094148011e-05)]
MAR05872	[np.float64(7.456973094148011e-05)]
MAR05873	[2.8841287887561833e-05]
MAR05874	[np.float64(7.456973094148011e-05)]
MAR05875	[np.float64(7.456973094148011e-05)]
MAR05876	[np.float64(7.456973094148011e-05)]
MAR05877	[np.float64(7.456973094148011e-05)]
MAR05878	[np.float64(7.456973094148011e-05)]
MAR05879	[np.float64(7.456973094148011e-05)]
MAR05880	[np.float64(7.456973094148011e-05)]
MAR05881	[np.float64(7.456973094148011e-05)]
MAR05882	[np.float64(7.456973094148011e-05)]
MAR05883	[np.float64(7.456973094148011e-05)]
MAR05884	[np.float64(7.456973094148011e-05)]
MAR05885	[np.float64(7.456973094148011e-05)]
MAR05886	[np.float64(7.456973094148011e-05)]
MAR05887	[np.float64(7.456973094148011e-05)]
MAR05888	[np.float64(7.456973094148011e-05)]
MAR05889	[np.float64(7.456973094148011e-05)]
MAR05890	[np.float64(7.456973094148011e-05)]
MAR05891	[np.float64(7.456973094148011e-05)]
MAR05892	[np.float64(7.456973094148011e-05)]
MAR05893	[np.float64(7.456973094148011e-05)]
MAR05894	[np.float64(7.456973094148011e-05)]
MAR05895	[np.float64(7.456973094148011e-05)]
MAR05896	[np.float64(7.456973094148011e-05)]
MAR05897	[np.float64(7.456973094148011e-05)]
MAR05898	[np.float64(7.456973094148011e-05)]
MAR05899	[np.float64(7.456973094148011e-05)]
MAR05900	[np.float64(7.456973094148011e-05)]
MAR05901	[np.float64(7.456973094148011e-05)]
MAR05902	[np.float64(7.456973094148011e-05)]
MAR05903	[np.float64(7.456973094148011e-05)]
MAR05904	[np.float64(7.456973094148011e-05)]
MAR05905	[np.float64(7.456973094148011e-05)]
MAR05906	[np.float64(7.456973094148011e-05)]
MAR05907	[np.float64(7.456973094148011e-05)]
MAR05908	[np.float64(7.456973094148011e-05)]
MAR05909	[np.float64(7.456973094148011e-05)]
MAR05910	[np.float64(7.456973094148011e-05)]
MAR05911	[np.float64(7.456973094148011e-05)]
MAR05912	[np.float64(7.456973094148011e-05)]
MAR05913	[np.float64(7.456973094148011e-05)]
MAR05914	[np.float64(7.456973094148011e-05)]
MAR05915	[np.float64(7.456973094148011e-05)]
MAR05916	[np.float64(7.456973094148011e-05)]
MAR05917	[np.float64(7.456973094148011e-05)]
MAR05918	[np.float64(7.456973094148011e-05)]
MAR05919	[np.float64(7.456973094148011e-05)]
MAR05920	[np.float64(7.456973094148011e-05)]
MAR05921	[np.float64(7.456973094148011e-05)]
MAR05922	[np.float64(7.456973094148011e-05)]
MAR05923	[np.float64(7.456973094148011e-05)]
MAR05924	[np.float64(7.456973094148011e-05)]
MAR05925	[np.float64(7.456973094148011e-05)]
MAR05926	[np.float64(7.456973094148011e-05)]
MAR05927	[np.float64(7.456973094148011e-05)]
MAR05928	[np.float64(7.456973094148011e-05)]
MAR05929	[np.float64(7.456973094148011e-05)]
MAR05930	[np.float64(7.456973094148011e-05)]
MAR05931	[np.float64(7.456973094148011e-05)]
MAR05932	[np.float64(7.456973094148011e-05)]
MAR05933	[np.float64(7.456973094148011e-05)]
MAR05934	[np.float64(7.456973094148011e-05)]
MAR05935	[np.float64(7.456973094148011e-05)]
MAR05936	[np.float64(7.456973094148011e-05)]
MAR05937	[np.float64(7.456973094148011e-05)]
MAR05938	[np.float64(7.456973094148011e-05)]
MAR05939	[np.float64(7.456973094148011e-05)]
MAR05940	[np.float64(7.456973094148011e-05)]
MAR05941	[np.float64(7.456973094148011e-05)]
MAR05942	[np.float64(7.456973094148011e-05)]
MAR05943	[np.float64(7.456973094148011e-05)]
MAR05944	[np.float64(7.456973094148011e-05)]
MAR05945	[np.float64(7.456973094148011e-05)]
MAR05946	[np.float64(7.456973094148011e-05)]
MAR05947	[np.float64(7.456973094148011e-05)]
MAR05948	[np.float64(7.456973094148011e-05)]
MAR05949	[np.float64(7.456973094148011e-05)]
MAR05950	[np.float64(7.456973094148011e-05)]
MAR05951	[np.float64(7.456973094148011e-05)]
MAR05952	[np.float64(7.456973094148011e-05)]
MAR05953	[np.float64(7.456973094148011e-05)]
MAR05954	[np.float64(7.456973094148011e-05)]
MAR05955	[np.float64(7.456973094148011e-05)]
MAR05956	[np.float64(7.456973094148011e-05)]
MAR05957	[np.float64(7.456973094148011e-05)]
MAR05958	[np.float64(7.456973094148011e-05)]
MAR05959	[np.float64(7.456973094148011e-05)]
MAR05960	[np.float64(7.456973094148011e-05)]
MAR05961	[np.float64(7.456973094148011e-05)]
MAR05962	[np.float64(7.456973094148011e-05)]
MAR05963	[np.float64(7.456973094148011e-05)]
MAR05964	[np.float64(7.456973094148011e-05)]
MAR05965	[np.float64(7.456973094148011e-05)]
MAR05966	[np.float64(7.456973094148011e-05)]
MAR05967	[np.float64(7.456973094148011e-05)]
MAR05968	[np.float64(7.456973094148011e-05)]
MAR05969	[np.float64(7.456973094148011e-05)]
MAR05970	[np.float64(7.456973094148011e-05)]
MAR05971	[np.float64(7.456973094148011e-05)]
MAR05972	[np.float64(7.456973094148011e-05)]
MAR05973	[np.float64(7.456973094148011e-05)]
MAR05974	[np.float64(7.456973094148011e-05)]
MAR05975	[np.float64(7.456973094148011e-05)]
MAR05976	[np.float64(7.456973094148011e-05)]
MAR05977	[np.float64(7.456973094148011e-05)]
MAR05978	[np.float64(7.456973094148011e-05)]
MAR05979	[np.float64(7.456973094148011e-05)]
MAR05980	[np.float64(7.456973094148011e-05)]
MAR05981	[np.float64(7.456973094148011e-05)]
MAR05982	[np.float64(7.456973094148011e-05)]
MAR05983	[np.float64(7.456973094148011e-05)]
MAR05984	[np.float64(7.456973094148011e-05)]
MAR05985	[np.float64(7.456973094148011e-05)]
MAR05986	[np.float64(7.456973094148011e-05)]
MAR05987	[np.float64(7.456973094148011e-05)]
MAR05989	[np.float64(7.456973094148011e-05)]
MAR05990	[np.float64(7.456973094148011e-05)]
MAR05992	[0.00546478201362671]
MAR05993	[0.00013277844040396965]
MAR05994	[0.005830634456431206]
MAR05995	[0.005830634456431206]
MAR05996	[np.float64(7.456973094148011e-05)]
MAR05997	[0.0145715274132364]
MAR05998	[np.float64(7.456973094148011e-05)]
MAR06000	[np.float64(7.456973094148011e-05)]
MAR06001	[np.float64(7.456973094148011e-05)]
MAR06002	[np.float64(7.456973094148011e-05)]
MAR06003	[np.float64(7.456973094148011e-05)]
MAR06004	[np.float64(7.456973094148011e-05)]
MAR06005	[np.float64(7.456973094148011e-05)]
MAR06006	[np.float64(7.456973094148011e-05)]
MAR06007	[np.float64(7.456973094148011e-05)]
MAR06008	[np.float64(7.456973094148011e-05)]
MAR06009	[np.float64(7.456973094148011e-05)]
MAR06010	[np.float64(7.456973094148011e-05)]
MAR06011	[np.float64(7.456973094148011e-05)]
MAR06012	[np.float64(7.456973094148011e-05)]
MAR06013	[np.float64(7.456973094148011e-05)]
MAR06014	[np.float64(7.456973094148011e-05)]
MAR06015	[np.float64(7.456973094148011e-05)]
MAR06016	[np.float64(7.456973094148011e-05)]
MAR06017	[np.float64(7.456973094148011e-05)]
MAR06018	[np.float64(7.456973094148011e-05)]
MAR06019	[np.float64(7.456973094148011e-05)]
MAR06020	[np.float64(7.456973094148011e-05)]
MAR06021	[np.float64(7.456973094148011e-05)]
MAR06022	[np.float64(7.456973094148011e-05)]
MAR06023	[np.float64(7.456973094148011e-05)]
MAR06024	[np.float64(7.456973094148011e-05)]
MAR06025	[np.float64(7.456973094148011e-05)]
MAR06026	[np.float64(7.456973094148011e-05)]
MAR06027	[np.float64(7.456973094148011e-05)]
MAR06028	[np.float64(7.456973094148011e-05)]
MAR06029	[np.float64(7.456973094148011e-05)]
MAR06030	[np.float64(7.456973094148011e-05)]
MAR06031	[np.float64(7.456973094148011e-05)]
MAR06032	[np.float64(7.456973094148011e-05)]
MAR06033	[np.float64(7.456973094148011e-05)]
MAR06034	[np.float64(7.456973094148011e-05)]
MAR06035	[np.float64(7.456973094148011e-05)]
MAR06036	[np.float64(7.456973094148011e-05)]
MAR06037	[np.float64(7.456973094148011e-05)]
MAR06038	[np.float64(7.456973094148011e-05)]
MAR06039	[np.float64(7.456973094148011e-05)]
MAR06040	[np.float64(7.456973094148011e-05)]
MAR06041	[np.float64(7.456973094148011e-05)]
MAR06042	[np.float64(7.456973094148011e-05)]
MAR06043	[np.float64(7.456973094148011e-05)]
MAR06044	[np.float64(7.456973094148011e-05)]
MAR06045	[np.float64(7.456973094148011e-05)]
MAR06046	[np.float64(7.456973094148011e-05)]
MAR06047	[np.float64(7.456973094148011e-05)]
MAR06048	[np.float64(7.456973094148011e-05)]
MAR06049	[np.float64(7.456973094148011e-05)]
MAR06050	[np.float64(7.456973094148011e-05)]
MAR06051	[np.float64(7.456973094148011e-05)]
MAR06052	[np.float64(7.456973094148011e-05)]
MAR06053	[np.float64(7.456973094148011e-05)]
MAR06054	[np.float64(7.456973094148011e-05)]
MAR06055	[np.float64(7.456973094148011e-05)]
MAR06056	[np.float64(7.456973094148011e-05)]
MAR06057	[0.015956857496100273]
MAR06058	[0.0061040911240064985]
MAR06059	[np.float64(7.456973094148011e-05)]
MAR06060	[0.00010564810360795588]
MAR06061	[0.00010564810360795588]
MAR06062	[0.00010564810360795588]
MAR06063	[0.00010564810360795588]
MAR06064	[0.00010564810360795588]
MAR06065	[0.00010564810360795588]
MAR06066	[0.00010564810360795588]
MAR06067	[0.00010564810360795588]
MAR06068	[0.00010564810360795588]
MAR06069	[0.00010564810360795588]
MAR06070	[0.00010564810360795588]
MAR06071	[0.00010564810360795588]
MAR06072	[0.00010564810360795588]
MAR06073	[0.00010564810360795588]
MAR06074	[0.00010564810360795588]
MAR06075	[0.00010564810360795588]
MAR06076	[0.00010564810360795588]
MAR06077	[0.00010564810360795588]
MAR06078	[0.00010564810360795588]
MAR06079	[0.00010564810360795588]
MAR06080	[0.00010564810360795588]
MAR06081	[0.00010564810360795588]
MAR06082	[0.00010564810360795588]
MAR06083	[0.00010564810360795588]
MAR06084	[0.00010564810360795588]
MAR06085	[0.00010564810360795588]
MAR06086	[0.00010564810360795588]
MAR06087	[0.00010564810360795588]
MAR06088	[0.00010564810360795588]
MAR06089	[0.00010564810360795588]
MAR06090	[0.00010564810360795588]
MAR06091	[0.00010564810360795588]
MAR06092	[0.00010564810360795588]
MAR06093	[0.00010564810360795588]
MAR06094	[0.00010564810360795588]
MAR06095	[0.00010564810360795588]
MAR06096	[np.float64(7.456973094148011e-05)]
MAR06097	[0.00010564810360795588]
MAR06098	[np.float64(7.456973094148011e-05)]
MAR06099	[0.00010564810360795588]
MAR06100	[0.00010564810360795588]
MAR06101	[np.float64(7.456973094148011e-05)]
MAR06102	[0.00010564810360795588]
MAR06103	[0.0061040911240064985]
MAR06104	[0.0061040911240064985]
MAR06105	[0.0061040911240064985]
MAR06106	[0.0061040911240064985]
MAR06107	[0.0061040911240064985]
MAR06108	[0.00010564810360795588]
MAR06109	[0.00010564810360795588]
MAR06110	[0.00010564810360795588]
MAR06111	[0.00010564810360795588]
MAR06112	[0.00010564810360795588]
MAR06113	[0.00010564810360795588]
MAR06114	[0.00010564810360795588]
MAR06115	[0.00010564810360795588]
MAR06116	[0.00010564810360795588]
MAR06117	[0.00010564810360795588]
MAR06118	[0.00010564810360795588]
MAR06119	[0.00010564810360795588]
MAR06120	[0.00010564810360795588]
MAR06121	[0.00010564810360795588]
MAR06122	[0.00010564810360795588]
MAR06123	[0.0061040911240064985]
MAR06124	[0.0061040911240064985]
MAR06125	[0.0061040911240064985]
MAR06126	[0.0061040911240064985]
MAR06127	[0.0061040911240064985]
MAR06128	[0.0061040911240064985]
MAR06129	[np.float64(7.456973094148011e-05)]
MAR06130	[0.0061040911240064985]
MAR06131	[0.0061040911240064985]
MAR06132	[0.0061040911240064985]
MAR06133	[0.0061040911240064985]
MAR06134	[0.0061040911240064985]
MAR06135	[0.0061040911240064985]
MAR06136	[0.0061040911240064985]
MAR06137	[0.0061040911240064985]
MAR06138	[0.0061040911240064985]
MAR06139	[0.0061040911240064985]
MAR06140	[0.0061040911240064985]
MAR06141	[0.0061040911240064985]
MAR06145	[0.0061040911240064985]
MAR06146	[0.0061040911240064985]
MAR06147	[0.0061040911240064985]
MAR06148	[0.0061040911240064985]
MAR06149	[0.0061040911240064985]
MAR06150	[0.0061040911240064985]
MAR06151	[0.0061040911240064985]
MAR06152	[0.0061040911240064985]
MAR06153	[0.0061040911240064985]
MAR06154	[0.0061040911240064985]
MAR06155	[0.0061040911240064985]
MAR06156	[0.0061040911240064985]
MAR06157	[0.0061040911240064985]
MAR06158	[0.0061040911240064985]
MAR06159	[0.0061040911240064985]
MAR06160	[0.0061040911240064985]
MAR06161	[0.0061040911240064985]
MAR06162	[0.0061040911240064985]
MAR06163	[0.0061040911240064985]
MAR06164	[0.0061040911240064985]
MAR06165	[0.0061040911240064985]
MAR06166	[0.0061040911240064985]
MAR06167	[0.0061040911240064985]
MAR06168	[0.0061040911240064985]
MAR06169	[0.0061040911240064985]
MAR06170	[0.0061040911240064985]
MAR06171	[0.0061040911240064985]
MAR06172	[0.0061040911240064985]
MAR06173	[0.0061040911240064985]
MAR06174	[0.0061040911240064985]
MAR06175	[0.0061040911240064985]
MAR06176	[0.0061040911240064985]
MAR06177	[0.0061040911240064985]
MAR06178	[0.0061040911240064985]
MAR06179	[0.0061040911240064985]
MAR06180	[0.0061040911240064985]
MAR06181	[0.0061040911240064985]
MAR06182	[0.0061040911240064985]
MAR06183	[0.0061040911240064985]
MAR06184	[0.0061040911240064985]
MAR06185	[0.0061040911240064985]
MAR06186	[0.0061040911240064985]
MAR06187	[0.0061040911240064985]
MAR06188	[0.0061040911240064985]
MAR06189	[0.0061040911240064985]
MAR06190	[0.0061040911240064985]
MAR06191	[0.0061040911240064985]
MAR06192	[0.0061040911240064985]
MAR06193	[0.0061040911240064985]
MAR06194	[0.0061040911240064985]
MAR06195	[0.0061040911240064985]
MAR06196	[0.0061040911240064985]
MAR06197	[0.0061040911240064985]
MAR06198	[0.0061040911240064985]
MAR06199	[0.0061040911240064985]
MAR06200	[0.0061040911240064985]
MAR06201	[0.0061040911240064985]
MAR06202	[0.0061040911240064985]
MAR06203	[0.0061040911240064985]
MAR06204	[0.0061040911240064985]
MAR06205	[0.0061040911240064985]
MAR06206	[0.0061040911240064985]
MAR06207	[0.0061040911240064985]
MAR06208	[0.0061040911240064985]
MAR06209	[0.0061040911240064985]
MAR06210	[0.0061040911240064985]
MAR06211	[0.0061040911240064985]
MAR06212	[0.0061040911240064985]
MAR06213	[0.0061040911240064985]
MAR06214	[0.00010564810360795588]
MAR06215	[0.00010564810360795588]
MAR06216	[0.00010564810360795588]
MAR06217	[0.00010564810360795588]
MAR06218	[0.003795437725128862]
MAR06219	[0.003795437725128862]
MAR06221	[0.003795437725128862]
MAR06222	[0.003795437725128862]
MAR06223	[0.003795437725128862]
MAR06224	[0.003795437725128862]
MAR06225	[0.003795437725128862]
MAR06226	[0.003795437725128862]
MAR06227	[0.003795437725128862]
MAR06228	[0.003795437725128862]
MAR06229	[0.003795437725128862]
MAR06230	[0.003795437725128862]
MAR06231	[0.003795437725128862]
MAR06232	[0.003795437725128862]
MAR06233	[0.003795437725128862]
MAR06234	[0.003795437725128862]
MAR06235	[0.003795437725128862]
MAR06236	[0.003795437725128862]
MAR06237	[0.003795437725128862]
MAR06238	[0.003795437725128862]
MAR06239	[0.003795437725128862]
MAR06240	[0.003795437725128862]
MAR06241	[np.float64(7.456973094148011e-05)]
MAR06242	[np.float64(7.456973094148011e-05)]
MAR06243	[np.float64(7.456973094148011e-05)]
MAR06244	[0.010443919289222548]
MAR06245	[np.float64(7.456973094148011e-05)]
MAR06246	[np.float64(7.456973094148011e-05)]
MAR06247	[np.float64(7.456973094148011e-05)]
MAR06248	[0.0076398639120532665]
MAR06249	[0.0063255333240134545]
MAR06250	[0.015956857496100273]
MAR06251	[0.00013277844040396965]
MAR06253	[0.015956857496100273]
MAR06254	[0.015956857496100273]
MAR06255	[0.015956857496100273]
MAR06256	[0.015956857496100273]
MAR06257	[np.float64(7.456973094148011e-05)]
MAR06258	[0.015956857496100273]
MAR06259	[0.015956857496100273]
MAR06260	[0.00013277844040396965]
MAR06261	[0.015956857496100273]
MAR06262	[0.015956857496100273]
MAR06263	[0.015956857496100273]
MAR06264	[0.015956857496100273]
MAR06265	[0.015956857496100273]
MAR06266	[0.003795437725128862]
MAR06267	[0.015956857496100273]
MAR06268	[np.float64(7.456973094148011e-05)]
MAR06269	[0.00013277844040396965]
MAR06270	[0.015956857496100273]
MAR06271	[0.015956857496100273]
MAR06272	[0.015956857496100273]
MAR06273	[0.015956857496100273]
MAR06274	[0.015956857496100273]
MAR06275	[np.float64(7.456973094148011e-05)]
MAR06351	[0.009947721923987943]
MAR06352	[0.009947721923987943]
MAR06353	[0.009947721923987943]
MAR06354	[0.009947721923987943]
MAR06355	[0.012613840959470973]
MAR06356	[0.012613840959470973]
MAR06357	[0.012613840959470973]
MAR06358	[0.012613840959470973]
MAR06359	[0.012613840959470973]
MAR06360	[0.012613840959470973]
MAR06361	[0.012613840959470973]
MAR06362	[0.012613840959470973]
MAR06363	[0.012613840959470973]
MAR06364	[0.012613840959470973]
MAR06365	[0.012613840959470973]
MAR06366	[np.float64(7.456973094148011e-05)]
MAR06367	[np.float64(7.456973094148011e-05)]
MAR06368	[np.float64(7.456973094148011e-05)]
MAR06369	[np.float64(7.456973094148011e-05)]
MAR06370	[np.float64(7.456973094148011e-05)]
MAR06371	[np.float64(7.456973094148011e-05)]
MAR06372	[np.float64(7.456973094148011e-05)]
MAR06373	[np.float64(7.456973094148011e-05)]
MAR06374	[np.float64(7.456973094148011e-05)]
MAR06375	[2.9457860559373696e-05]
MAR06377	[2.9751530589004282e-05]
MAR06379	[3.0005641039383883e-05]
MAR06380	[6.448008502800297e-05]
MAR06381	[2.9457860559373696e-05]
MAR06382	[2.9457860559373696e-05]
MAR06383	[3.0005641039383883e-05]
MAR06384	[2.9457860559373696e-05]
MAR06392	[np.float64(7.456973094148011e-05)]
MAR06424	[0.00013277844040396965]
MAR06439	[0.00013277844040396965]
MAR06462	[0.00013277844040396965]
MAR06474	[np.float64(7.456973094148011e-05)]
MAR06505	[0.00013277844040396965]
MAR06512	[3.610771761399455e-05]
MAR06514	[0.00013277844040396965]
MAR06516	[0.00013277844040396965]
MAR06524	[0.00639132310635336]
MAR06525	[np.float64(7.456973094148011e-05)]
MAR06526	[np.float64(7.456973094148011e-05)]
MAR06527	[np.float64(7.456973094148011e-05)]
MAR06529	[0.009892246080268865]
MAR06530	[np.float64(7.456973094148011e-05)]
MAR06531	[np.float64(7.456973094148011e-05)]
MAR06532	[np.float64(7.456973094148011e-05)]
MAR06533	[np.float64(7.456973094148011e-05)]
MAR06534	[np.float64(7.456973094148011e-05)]
MAR06628	[np.float64(7.456973094148011e-05)]
MAR06732	[np.float64(7.456973094148011e-05)]
MAR06733	[np.float64(7.456973094148011e-05)]
MAR06989	[0.015956857496100273]
MAR06991	[0.00013277844040396965]
MAR07109	[0.00013277844040396965]
MAR07111	[0.00013277844040396965]
MAR07113	[0.00013277844040396965]
MAR07115	[0.00013277844040396965]
MAR07117	[0.00013277844040396965]
MAR07119	[0.00013277844040396965]
MAR07121	[0.00013277844040396965]
MAR07123	[0.00013277844040396965]
MAR07125	[0.00013277844040396965]
MAR07127	[0.00013277844040396965]
MAR07173	[0.00013277844040396965]
MAR07184	[0.00013277844040396965]
MAR07223	[0.00013277844040396965]
MAR07253	[0.00013277844040396965]
MAR07372	[0.00013277844040396965]
MAR07453	[0.00013277844040396965]
MAR07482	[0.00013277844040396965]
MAR07499	[np.float64(7.456973094148011e-05)]
MAR07511	[0.00013277844040396965]
MAR07523	[0.00013277844040396965]
MAR07539	[0.00013277844040396965]
MAR07555	[0.00013277844040396965]
MAR07568	[np.float64(7.456973094148011e-05)]
MAR07569	[np.float64(7.456973094148011e-05)]
MAR07579	[0.00013277844040396965]
MAR07583	[0.00013277844040396965]
MAR07608	[0.00013277844040396965]
MAR07609	[0.00013277844040396965]
MAR07629	[np.float64(7.456973094148011e-05)]
MAR07630	[0.005060066926191334]
MAR07631	[np.float64(7.456973094148011e-05)]
MAR07632	[np.float64(7.456973094148011e-05)]
MAR07633	[0.004952921735942963]
MAR07634	[0.004952921735942963]
MAR07635	[0.004952921735942963]
MAR07636	[0.004952921735942963]
MAR07637	[0.004952921735942963]
MAR07639	[np.float64(7.456973094148011e-05)]
MAR07643	[2.8841287887561833e-05]
MAR07644	[2.8841287887561833e-05]
MAR07645	[np.float64(7.456973094148011e-05)]
MAR07650	[np.float64(7.456973094148011e-05)]
MAR07651	[np.float64(7.456973094148011e-05)]
MAR07660	[0.00013277844040396965]
MAR07666	[np.float64(7.456973094148011e-05)]
MAR07667	[np.float64(7.456973094148011e-05)]
MAR07679	[0.00013277844040396965]
MAR07680	[np.float64(7.456973094148011e-05)]
MAR07681	[0.015956857496100273]
MAR07682	[np.float64(7.456973094148011e-05)]
MAR07683	[np.float64(7.456973094148011e-05)]
MAR07684	[np.float64(7.456973094148011e-05)]
MAR07685	[np.float64(7.456973094148011e-05)]
MAR07686	[np.float64(7.456973094148011e-05)]
MAR07687	[np.float64(7.456973094148011e-05)]
MAR07690	[0.00013277844040396965]
MAR07691	[np.float64(7.456973094148011e-05)]
MAR07692	[np.float64(7.456973094148011e-05)]
MAR07699	[0.004952921735942963]
MAR07700	[0.015956857496100273]
MAR07734	[0.015956857496100273]
MAR07735	[np.float64(7.456973094148011e-05)]
MAR07736	[0.015956857496100273]
MAR07737	[0.015956857496100273]
MAR07738	[0.015956857496100273]
MAR07739	[0.015956857496100273]
MAR07774	[0.00013277844040396965]
MAR07781	[0.00013277844040396965]
MAR07787	[0.00013277844040396965]
MAR07798	[0.00013277844040396965]
MAR07896	[0.00013277844040396965]
MAR07898	[0.00013277844040396965]
MAR07900	[0.00013277844040396965]
MAR07901	[0.00013277844040396965]
MAR07902	[np.float64(7.456973094148011e-05)]
MAR07903	[0.00013277844040396965]
MAR07904	[0.015956857496100273]
MAR07905	[0.015956857496100273]
MAR07906	[0.00013277844040396965]
MAR07946	[0.00639132310635336]
MAR07951	[0.00013277844040396965]
MAR07961	[0.00013277844040396965]
MAR07964	[np.float64(7.456973094148011e-05)]
MAR07967	[np.float64(7.456973094148011e-05)]
MAR07975	[0.00013277844040396965]
MAR07977	[0.00013277844040396965]
MAR07979	[0.00013277844040396965]
MAR07982	[np.float64(7.456973094148011e-05)]
MAR07986	[np.float64(7.456973094148011e-05)]
MAR07990	[np.float64(7.456973094148011e-05)]
MAR07994	[0.00013277844040396965]
MAR07997	[0.00013277844040396965]
MAR08002	[0.00013277844040396965]
MAR08007	[0.00013277844040396965]
MAR08010	[0.00013277844040396965]
MAR08015	[0.00013277844040396965]
MAR08023	[0.00013277844040396965]
MAR08031	[0.009947721923987943]
MAR08033	[0.00013277844040396965]
MAR08035	[0.00013277844040396965]
MAR08039	[0.00013277844040396965]
MAR08041	[0.00013277844040396965]
MAR08042	[0.00013277844040396965]
MAR08044	[0.00013277844040396965]
MAR08045	[0.00013277844040396965]
MAR08047	[0.00013277844040396965]
MAR08048	[0.00013277844040396965]
MAR08050	[0.00013277844040396965]
MAR08051	[0.00013277844040396965]
MAR08053	[0.00013277844040396965]
MAR08054	[0.00013277844040396965]
MAR08056	[0.00013277844040396965]
MAR08057	[0.00013277844040396965]
MAR08061	[0.00013277844040396965]
MAR08073	[0.00013277844040396965]
MAR08075	[np.float64(7.456973094148011e-05)]
MAR08076	[np.float64(7.456973094148011e-05)]
MAR08077	[np.float64(7.456973094148011e-05)]
MAR08079	[0.00013277844040396965]
MAR08080	[0.00013277844040396965]
MAR08081	[0.012613840959470973]
MAR08090	[0.00013277844040396965]
MAR08095	[0.00013277844040396965]
MAR08100	[0.00013277844040396965]
MAR08101	[0.00013277844040396965]
MAR08103	[0.00013277844040396965]
MAR08104	[0.00013277844040396965]
MAR08154	[0.00013277844040396965]
MAR08158	[0.00013277844040396965]
MAR08161	[0.00013277844040396965]
MAR08164	[0.00013277844040396965]
MAR08214	[0.00013277844040396965]
MAR08223	[0.00013277844040396965]
MAR08225	[np.float64(7.456973094148011e-05)]
MAR08229	[0.00013277844040396965]
MAR08231	[0.00013277844040396965]
MAR08240	[0.00013277844040396965]
MAR08247	[0.00013277844040396965]
MAR08253	[0.00013277844040396965]
MAR08266	[0.00013277844040396965]
MAR08270	[0.00013277844040396965]
MAR08273	[0.00013277844040396965]
MAR08283	[0.00013277844040396965]
MAR08290	[0.00013277844040396965]
MAR08297	[0.00013277844040396965]
MAR08300	[0.00013277844040396965]
MAR08304	[0.00013277844040396965]
MAR08311	[0.00013277844040396965]
MAR08313	[0.00013277844040396965]
MAR08315	[0.00013277844040396965]
MAR08321	[0.00013277844040396965]
MAR08324	[0.00013277844040396965]
MAR08329	[0.00013277844040396965]
MAR08336	[0.00013277844040396965]
MAR08339	[0.00013277844040396965]
MAR08340	[0.00013277844040396965]
MAR08343	[0.00013277844040396965]
MAR08354	[np.float64(7.456973094148011e-05)]
MAR08364	[np.float64(7.456973094148011e-05)]
MAR08374	[0.00013277844040396965]
MAR08408	[0.00013277844040396965]
MAR08420	[0.00013277844040396965]
MAR08429	[np.float64(7.456973094148011e-05)]
MAR08515	[0.015956857496100273]
MAR08520	[0.00013277844040396965]
MAR08536	[0.00013277844040396965]
MAR08551	[0.00010564810360795588]
MAR08567	[0.00013277844040396965]
MAR08586	[np.float64(7.456973094148011e-05)]
MAR08593	[0.00013277844040396965]
MAR08595	[0.00013277844040396965]
MAR08597	[0.00013277844040396965]
MAR08599	[0.00013277844040396965]
MAR08600	[0.00013277844040396965]
MAR08602	[0.00013277844040396965]
MAR08612	[0.00013277844040396965]
MAR08618	[0.00013277844040396965]
MAR08629	[0.00013277844040396965]
MAR08631	[0.0061040911240064985]
MAR08632	[0.00010564810360795588]
MAR08633	[np.float64(7.456973094148011e-05)]
MAR08635	[0.0061040911240064985]
MAR08636	[np.float64(7.456973094148011e-05)]
MAR08656	[0.00013277844040396965]
MAR08658	[np.float64(7.456973094148011e-05)]
MAR08659	[0.00010564810360795588]
MAR08660	[0.00639132310635336]
MAR08670	[np.float64(7.456973094148011e-05)]
MAR08671	[0.009892246080268865]
MAR08676	[np.float64(7.456973094148011e-05)]
MAR08677	[np.float64(7.456973094148011e-05)]
MAR08678	[0.00013277844040396965]
MAR08679	[0.00013277844040396965]
MAR08686	[0.00013277844040396965]
MAR08687	[np.float64(7.456973094148011e-05)]
MAR08696	[0.00013277844040396965]
MAR08714	[0.00013277844040396965]
MAR08718	[0.00013277844040396965]
MAR08720	[0.00013277844040396965]
MAR08721	[0.00013277844040396965]
MAR08723	[0.00013277844040396965]
MAR08730	[np.float64(7.456973094148011e-05)]
MAR08732	[0.015956857496100273]
MAR08733	[2.8841287887561833e-05]
MAR08734	[2.8841287887561833e-05]
MAR08735	[6.448008502800297e-05]
MAR08736	[np.float64(7.456973094148011e-05)]
MAR08760	[0.00013277844040396965]
MAR08797	[0.00013277844040396965]
MAR08798	[0.00013277844040396965]
MAR08846	[6.955537276674729e-05]
MAR08847	[0.00010564810360795588]
MAR08849	[0.00013277844040396965]
MAR08850	[np.float64(7.456973094148011e-05)]
MAR08852	[0.00013277844040396965]
MAR08853	[0.015956857496100273]
MAR08854	[0.00013277844040396965]
MAR08861	[0.009947721923987943]
MAR08863	[0.00013277844040396965]
MAR08864	[0.00013277844040396965]
MAR08865	[0.00013277844040396965]
MAR08866	[0.00013277844040396965]
MAR08867	[np.float64(7.456973094148011e-05)]
MAR08869	[0.00013277844040396965]
MAR08870	[0.00013277844040396965]
MAR08872	[0.011222218824231805]
MAR08873	[0.00013277844040396965]
MAR08876	[0.011222218824231805]
MAR08877	[0.011256183989019192]
MAR08878	[0.00013277844040396965]
MAR08879	[0.00010564810360795588]
MAR08881	[0.00013277844040396965]
MAR08883	[0.00013277844040396965]
MAR08884	[0.011256183989019192]
MAR08889	[0.015956857496100273]
MAR08892	[0.009892246080268865]
MAR08893	[0.00013277844040396965]
MAR08896	[0.00013277844040396965]
MAR08898	[0.00013277844040396965]
MAR08899	[0.00013277844040396965]
MAR08901	[0.00013277844040396965]
MAR08903	[0.00013277844040396965]
MAR08905	[0.00013277844040396965]
MAR08907	[0.00013277844040396965]
MAR08911	[np.float64(7.456973094148011e-05)]
MAR08912	[np.float64(7.456973094148011e-05)]
MAR08913	[0.00013277844040396965]
MAR08917	[np.float64(7.456973094148011e-05)]
MAR08922	[0.00013277844040396965]
MAR08923	[0.00013277844040396965]
MAR08924	[0.015956857496100273]
MAR08925	[np.float64(7.456973094148011e-05)]
MAR08927	[0.00013277844040396965]
MAR08929	[np.float64(7.456973094148011e-05)]
MAR08930	[np.float64(7.456973094148011e-05)]
MAR08931	[0.00013277844040396965]
MAR08932	[0.003795437725128862]
MAR08933	[0.003795437725128862]
MAR08934	[np.float64(7.456973094148011e-05)]
MAR08935	[np.float64(7.456973094148011e-05)]
MAR08936	[0.003795437725128862]
MAR08937	[0.00013277844040396965]
MAR08938	[0.008998160734830764]
MAR08939	[np.float64(7.456973094148011e-05)]
MAR08940	[np.float64(7.456973094148011e-05)]
MAR08941	[np.float64(7.456973094148011e-05)]
MAR08942	[np.float64(7.456973094148011e-05)]
MAR08943	[np.float64(7.456973094148011e-05)]
MAR08944	[np.float64(7.456973094148011e-05)]
MAR08945	[np.float64(7.456973094148011e-05)]
MAR08946	[np.float64(7.456973094148011e-05)]
MAR08947	[np.float64(7.456973094148011e-05)]
MAR09173	[0.00013277844040396965]
MAR09175	[0.00013277844040396965]
MAR09176	[0.00013277844040396965]
MAR09178	[0.00013277844040396965]
MAR09180	[0.00013277844040396965]
MAR09182	[0.00013277844040396965]
MAR09183	[0.00013277844040396965]
MAR09184	[0.00013277844040396965]
MAR09185	[0.00013277844040396965]
MAR09187	[0.00013277844040396965]
MAR09188	[0.00013277844040396965]
MAR09189	[0.00013277844040396965]
MAR09190	[2.8841287887561833e-05]
MAR09191	[2.8841287887561833e-05]
MAR09192	[0.0038591200197431643]
MAR09193	[0.009947721923987943]
MAR09195	[0.009947721923987943]
MAR09196	[0.015956857496100273]
MAR09197	[0.015956857496100273]
MAR09198	[8.576115130268839e-05]
MAR09590	[np.float64(7.456973094148011e-05)]
MAR09591	[np.float64(7.456973094148011e-05)]
MAR09592	[np.float64(7.456973094148011e-05)]
MAR09593	[np.float64(7.456973094148011e-05)]
MAR09594	[np.float64(7.456973094148011e-05)]
MAR09595	[np.float64(7.456973094148011e-05)]
MAR09596	[np.float64(7.456973094148011e-05)]
MAR09597	[np.float64(7.456973094148011e-05)]
MAR09598	[np.float64(7.456973094148011e-05)]
MAR09599	[np.float64(7.456973094148011e-05)]
MAR09600	[np.float64(7.456973094148011e-05)]
MAR09601	[np.float64(7.456973094148011e-05)]
MAR09602	[0.015956857496100273]
MAR09603	[0.015956857496100273]
MAR09604	[0.015956857496100273]
MAR09605	[6.448008502800297e-05]
MAR09606	[6.448008502800297e-05]
MAR09607	[np.float64(7.456973094148011e-05)]
MAR09608	[np.float64(7.456973094148011e-05)]
MAR09609	[np.float64(7.456973094148011e-05)]
MAR09610	[0.005830634456431206]
MAR09611	[0.004952921735942963]
MAR09612	[0.00013277844040396965]
MAR09613	[np.float64(7.456973094148011e-05)]
MAR09614	[0.015956857496100273]
MAR09615	[np.float64(7.456973094148011e-05)]
MAR09616	[np.float64(7.456973094148011e-05)]
MAR09617	[0.008998160734830764]
MAR09618	[0.0038591200197431643]
MAR09619	[0.00011122499709339157]
MAR09620	[0.015956857496100273]
MAR09621	[0.00012309827494206635]
MAR09622	[0.015956857496100273]
MAR09623	[0.015956857496100273]
MAR09624	[0.015956857496100273]
MAR09635	[0.00013277844040396965]
MAR09636	[0.00013277844040396965]
MAR09637	[0.00013277844040396965]
MAR09638	[0.00013277844040396965]
MAR09639	[0.00013277844040396965]
MAR09640	[0.00013277844040396965]
MAR09641	[0.00013277844040396965]
MAR09642	[0.00013277844040396965]
MAR09643	[0.00013277844040396965]
MAR09644	[0.00013277844040396965]
MAR09645	[0.00013277844040396965]
MAR09646	[0.00013277844040396965]
MAR09647	[0.00013277844040396965]
MAR09648	[0.00013277844040396965]
MAR09649	[0.00013277844040396965]
MAR09650	[0.00013277844040396965]
MAR09651	[0.00013277844040396965]
MAR09652	[0.00013277844040396965]
MAR09653	[0.00013277844040396965]
MAR09654	[0.00013277844040396965]
MAR09655	[0.00013277844040396965]
MAR09656	[0.00013277844040396965]
MAR09657	[0.00013277844040396965]
MAR09658	[0.00013277844040396965]
MAR09659	[0.00013277844040396965]
MAR09660	[0.00013277844040396965]
MAR09661	[0.00013277844040396965]
MAR09662	[0.00013277844040396965]
MAR09663	[0.00013277844040396965]
MAR09720	[0.00013277844040396965]
MAR09728	[0.00013277844040396965]
MAR09731	[0.00013277844040396965]
MAR09737	[0.00013277844040396965]
MAR08071	[0.00013277844040396965]
MAR04312	[3.092859332491893e-05]
MAR08428	[0.00013277844040396965]
MAR08430	[0.00013277844040396965]
MAR08022	[0.004952921735942963]
MAR08070	[0.00013277844040396965]
MAR09015	[np.float64(7.456973094148011e-05)]
MAR09020	[0.004952921735942963]
MAR00157	[0.00013277844040396965]
MAR00158	[3.262101882673672e-05]
MAR00166	[0.00013277844040396965]
MAR00169	[6.080691388916384e-05]
MAR00172	[0.00013277844040396965]
MAR00175	[0.00013277844040396965]
MAR00178	[0.00013277844040396965]
MAR00182	[0.00013277844040396965]
MAR00185	[0.00013277844040396965]
MAR00446	[0.00013277844040396965]
MAR00578	[0.00013277844040396965]
MAR00587	[0.00013277844040396965]
MAR00962	[0.00013277844040396965]
MAR01145	[0.00013277844040396965]
MAR01173	[0.00013277844040396965]
MAR01187	[0.00013277844040396965]
MAR01215	[0.00013277844040396965]
MAR01243	[0.00013277844040396965]
MAR01267	[0.00013277844040396965]
MAR01284	[0.00013277844040396965]
MAR01572	[0.00013277844040396965]
MAR01602	[0.00013277844040396965]
MAR01915	[0.00013277844040396965]
MAR01925	[0.00013277844040396965]
MAR01930	[0.00013277844040396965]
MAR01936	[0.00013277844040396965]
MAR01994	[0.00013277844040396965]
MAR01997	[0.00013277844040396965]
MAR02008	[0.00013277844040396965]
MAR02012	[0.00013277844040396965]
MAR02065	[0.00013277844040396965]
MAR02080	[0.00013277844040396965]
MAR02094	[0.00013277844040396965]
MAR02105	[0.00013277844040396965]
MAR02116	[np.float64(7.456973094148011e-05)]
MAR02127	[0.00013277844040396965]
MAR02141	[np.float64(7.456973094148011e-05)]
MAR02590	[np.float64(7.456973094148011e-05)]
MAR03746	[0.00013277844040396965]
MAR03762	[0.00013277844040396965]
MAR03789	[0.00013277844040396965]
MAR03818	[0.00013277844040396965]
MAR03825	[np.float64(7.456973094148011e-05)]
MAR03863	[np.float64(7.456973094148011e-05)]
MAR03864	[np.float64(7.456973094148011e-05)]
MAR03921	[0.00013277844040396965]
MAR03946	[0.00013277844040396965]
MAR03949	[0.00013277844040396965]
MAR03950	[0.00013277844040396965]
MAR03952	[0.00013277844040396965]
MAR03954	[0.00013277844040396965]
MAR03971	[np.float64(7.456973094148011e-05)]
MAR04184	[np.float64(7.456973094148011e-05)]
MAR04237	[0.004952921735942963]
MAR04266	[0.00013277844040396965]
MAR04367	[0.00013277844040396965]
MAR04684	[0.00013277844040396965]
MAR04692	[0.00013277844040396965]
MAR04720	[0.00013277844040396965]
MAR04729	[0.00013277844040396965]
MAR04738	[0.00013277844040396965]
MAR04743	[0.00013277844040396965]
MAR04754	[0.0038542479703766934]
MAR04756	[0.0038542479703766934]
MAR04760	[0.0038542479703766934]
MAR04850	[0.00013277844040396965]
MAR04851	[np.float64(7.456973094148011e-05)]
MAR04852	[4.066233829733909e-05]
MAR04854	[np.float64(7.456973094148011e-05)]
MAR04855	[4.066233829733909e-05]
MAR04862	[np.float64(7.456973094148011e-05)]
MAR04863	[np.float64(7.456973094148011e-05)]
MAR04864	[np.float64(7.456973094148011e-05)]
MAR04865	[np.float64(7.456973094148011e-05)]
MAR04867	[np.float64(7.456973094148011e-05)]
MAR04868	[np.float64(7.456973094148011e-05)]
MAR04870	[np.float64(7.456973094148011e-05)]
MAR04871	[np.float64(7.456973094148011e-05)]
MAR04872	[np.float64(7.456973094148011e-05)]
MAR04874	[0.00013277844040396965]
MAR04888	[0.015956857496100273]
MAR04898	[0.00013277844040396965]
MAR04905	[0.00013277844040396965]
MAR04914	[np.float64(7.456973094148011e-05)]
MAR04922	[0.00013277844040396965]
MAR04926	[np.float64(7.456973094148011e-05)]
MAR04944	[np.float64(7.456973094148011e-05)]
MAR04951	[0.015956857496100273]
MAR04953	[0.00013277844040396965]
MAR04959	[0.00013277844040396965]
MAR04963	[0.00013277844040396965]
MAR04964	[3.403269217263376e-05]
MAR04971	[3.403269217263376e-05]
MAR04972	[3.403269217263376e-05]
MAR04957	[0.00013277844040396965]
MAR04977	[np.float64(7.456973094148011e-05)]
MAR04979	[0.00013277844040396965]
MAR04997	[np.float64(7.456973094148011e-05)]
MAR04998	[0.00013277844040396965]
MAR05006	[0.00013277844040396965]
MAR05014	[0.00013277844040396965]
MAR05015	[0.00013277844040396965]
MAR05016	[np.float64(7.456973094148011e-05)]
MAR05022	[0.0076398639120532665]
MAR05031	[np.float64(7.456973094148011e-05)]
MAR05033	[np.float64(7.456973094148011e-05)]
MAR05036	[np.float64(7.456973094148011e-05)]
MAR05043	[3.092859332491893e-05]
MAR05046	[np.float64(7.456973094148011e-05)]
MAR05096	[0.00013277844040396965]
MAR05099	[0.00013277844040396965]
MAR05101	[0.00013277844040396965]
MAR05102	[0.00013277844040396965]
MAR05105	[np.float64(7.456973094148011e-05)]
MAR05107	[0.00013277844040396965]
MAR05109	[0.00013277844040396965]
MAR05112	[0.00013277844040396965]
MAR05113	[np.float64(7.456973094148011e-05)]
MAR05114	[np.float64(7.456973094148011e-05)]
MAR05115	[0.00013277844040396965]
MAR05116	[0.00013277844040396965]
MAR05117	[0.00013277844040396965]
MAR05118	[0.00013277844040396965]
MAR05121	[0.00013277844040396965]
MAR05122	[np.float64(7.456973094148011e-05)]
MAR05124	[np.float64(7.456973094148011e-05)]
MAR05125	[0.00013277844040396965]
MAR05126	[0.00013277844040396965]
MAR05222	[0.00013277844040396965]
MAR05223	[0.00013277844040396965]
MAR05225	[0.00013277844040396965]
MAR05227	[0.00013277844040396965]
MAR05292	[np.float64(7.456973094148011e-05)]
MAR05304	[0.00013277844040396965]
MAR05348	[np.float64(7.456973094148011e-05)]
MAR05349	[np.float64(7.456973094148011e-05)]
MAR05361	[0.00013277844040396965]
MAR05411	[np.float64(7.456973094148011e-05)]
MAR05420	[np.float64(7.456973094148011e-05)]
MAR05426	[0.00013277844040396965]
MAR06276	[3.403269217263376e-05]
MAR06277	[3.403269217263376e-05]
MAR06286	[3.403269217263376e-05]
MAR06287	[3.403269217263376e-05]
MAR06288	[3.403269217263376e-05]
MAR06289	[3.403269217263376e-05]
MAR06290	[3.403269217263376e-05]
MAR06291	[3.403269217263376e-05]
MAR06292	[3.403269217263376e-05]
MAR06293	[3.403269217263376e-05]
MAR06294	[3.403269217263376e-05]
MAR06295	[3.403269217263376e-05]
MAR06296	[3.403269217263376e-05]
MAR06297	[3.403269217263376e-05]
MAR06298	[3.403269217263376e-05]
MAR06299	[0.005852844278902521]
MAR06300	[0.005852844278902521]
MAR06301	[np.float64(7.456973094148011e-05)]
MAR06302	[np.float64(7.456973094148011e-05)]
MAR06303	[0.005852844278902521]
MAR06304	[0.005852844278902521]
MAR06305	[0.005852844278902521]
MAR06306	[0.005852844278902521]
MAR06307	[np.float64(7.456973094148011e-05)]
MAR06308	[np.float64(7.456973094148011e-05)]
MAR06309	[0.005852844278902521]
MAR06310	[0.005852844278902521]
MAR06311	[0.005852844278902521]
MAR06312	[0.005852844278902521]
MAR06313	[np.float64(7.456973094148011e-05)]
MAR06314	[np.float64(7.456973094148011e-05)]
MAR06315	[0.005852844278902521]
MAR06316	[0.005852844278902521]
MAR06317	[np.float64(7.456973094148011e-05)]
MAR06318	[np.float64(7.456973094148011e-05)]
MAR06321	[np.float64(7.456973094148011e-05)]
MAR06323	[np.float64(7.456973094148011e-05)]
MAR06325	[0.005852844278902521]
MAR06326	[0.005852844278902521]
MAR06327	[np.float64(7.456973094148011e-05)]
MAR06328	[2.8841287887561833e-05]
MAR06330	[np.float64(7.456973094148011e-05)]
MAR06331	[np.float64(7.456973094148011e-05)]
MAR06332	[np.float64(7.456973094148011e-05)]
MAR06333	[np.float64(7.456973094148011e-05)]
MAR06334	[np.float64(7.456973094148011e-05)]
MAR06335	[np.float64(7.456973094148011e-05)]
MAR06336	[np.float64(7.456973094148011e-05)]
MAR06337	[np.float64(7.456973094148011e-05)]
MAR06338	[np.float64(7.456973094148011e-05)]
MAR06339	[np.float64(7.456973094148011e-05)]
MAR06340	[np.float64(7.456973094148011e-05)]
MAR06341	[np.float64(7.456973094148011e-05)]
MAR06342	[np.float64(7.456973094148011e-05)]
MAR06343	[np.float64(7.456973094148011e-05)]
MAR06389	[np.float64(7.456973094148011e-05)]
MAR06431	[0.00013277844040396965]
MAR06438	[0.00013277844040396965]
MAR06446	[0.00013277844040396965]
MAR06454	[0.00013277844040396965]
MAR06455	[0.00013277844040396965]
MAR06469	[0.00013277844040396965]
MAR06481	[0.00013277844040396965]
MAR06513	[0.00013277844040396965]
MAR06517	[0.00013277844040396965]
MAR06521	[np.float64(7.456973094148011e-05)]
MAR06522	[np.float64(7.456973094148011e-05)]
MAR06618	[0.00013277844040396965]
MAR06620	[0.00013277844040396965]
MAR06781	[0.00013277844040396965]
MAR06890	[0.00013277844040396965]
MAR06902	[0.00013277844040396965]
MAR07638	[np.float64(7.456973094148011e-05)]
MAR07708	[0.00013277844040396965]
MAR07719	[np.float64(7.456973094148011e-05)]
MAR07723	[np.float64(7.456973094148011e-05)]
MAR07757	[6.080691388916384e-05]
MAR07760	[0.005472296504682771]
MAR07769	[np.float64(7.456973094148011e-05)]
MAR07804	[np.float64(7.456973094148011e-05)]
MAR07806	[np.float64(7.456973094148011e-05)]
MAR07808	[np.float64(7.456973094148011e-05)]
MAR07810	[np.float64(7.456973094148011e-05)]
MAR07812	[np.float64(7.456973094148011e-05)]
MAR07814	[np.float64(7.456973094148011e-05)]
MAR07815	[np.float64(7.456973094148011e-05)]
MAR07816	[np.float64(7.456973094148011e-05)]
MAR07818	[np.float64(7.456973094148011e-05)]
MAR07820	[np.float64(7.456973094148011e-05)]
MAR07822	[np.float64(7.456973094148011e-05)]
MAR07824	[np.float64(7.456973094148011e-05)]
MAR07825	[np.float64(7.456973094148011e-05)]
MAR07826	[np.float64(7.456973094148011e-05)]
MAR07827	[np.float64(7.456973094148011e-05)]
MAR07828	[np.float64(7.456973094148011e-05)]
MAR07829	[np.float64(7.456973094148011e-05)]
MAR07830	[np.float64(7.456973094148011e-05)]
MAR07831	[np.float64(7.456973094148011e-05)]
MAR07832	[np.float64(7.456973094148011e-05)]
MAR07833	[np.float64(7.456973094148011e-05)]
MAR07834	[np.float64(7.456973094148011e-05)]
MAR07835	[np.float64(7.456973094148011e-05)]
MAR07836	[np.float64(7.456973094148011e-05)]
MAR07837	[np.float64(7.456973094148011e-05)]
MAR07838	[np.float64(7.456973094148011e-05)]
MAR07839	[np.float64(7.456973094148011e-05)]
MAR07840	[np.float64(7.456973094148011e-05)]
MAR07841	[np.float64(7.456973094148011e-05)]
MAR07842	[np.float64(7.456973094148011e-05)]
MAR07843	[np.float64(7.456973094148011e-05)]
MAR07844	[np.float64(7.456973094148011e-05)]
MAR07845	[np.float64(7.456973094148011e-05)]
MAR07846	[np.float64(7.456973094148011e-05)]
MAR07847	[np.float64(7.456973094148011e-05)]
MAR07848	[np.float64(7.456973094148011e-05)]
MAR07849	[np.float64(7.456973094148011e-05)]
MAR07850	[np.float64(7.456973094148011e-05)]
MAR07851	[np.float64(7.456973094148011e-05)]
MAR07852	[np.float64(7.456973094148011e-05)]
MAR07853	[np.float64(7.456973094148011e-05)]
MAR07854	[np.float64(7.456973094148011e-05)]
MAR07897	[0.00013277844040396965]
MAR07899	[0.00013277844040396965]
MAR07914	[0.00013277844040396965]
MAR07917	[0.00013277844040396965]
MAR07923	[0.00013277844040396965]
MAR07995	[0.00013277844040396965]
MAR07998	[0.00013277844040396965]
MAR08000	[0.00013277844040396965]
MAR08001	[0.00013277844040396965]
MAR08009	[0.00013277844040396965]
MAR08089	[np.float64(7.456973094148011e-05)]
MAR08093	[0.00013277844040396965]
MAR08099	[0.00013277844040396965]
MAR08120	[0.00013277844040396965]
MAR08122	[0.00013277844040396965]
MAR08124	[0.00013277844040396965]
MAR08126	[0.00013277844040396965]
MAR08128	[0.00013277844040396965]
MAR08356	[0.00013277844040396965]
MAR08365	[np.float64(7.456973094148011e-05)]
MAR08411	[0.00013277844040396965]
MAR08438	[0.00013277844040396965]
MAR08475	[np.float64(7.456973094148011e-05)]
MAR08505	[0.00013277844040396965]
MAR08510	[0.00013277844040396965]
MAR08513	[np.float64(7.456973094148011e-05)]
MAR08528	[0.00013277844040396965]
MAR08532	[0.00013277844040396965]
MAR08562	[0.00013277844040396965]
MAR08614	[0.0038528909361722403]
MAR08627	[0.00013277844040396965]
MAR08655	[0.00013277844040396965]
MAR08657	[0.00013277844040396965]
MAR08680	[0.00013277844040396965]
MAR08731	[0.00013277844040396965]
MAR08741	[np.float64(7.456973094148011e-05)]
MAR08742	[np.float64(7.456973094148011e-05)]
MAR08776	[0.00013277844040396965]
MAR08785	[0.00013277844040396965]
MAR08848	[0.00013277844040396965]
MAR08890	[0.00013277844040396965]
MAR08891	[0.00013277844040396965]
MAR08910	[np.float64(7.456973094148011e-05)]
MAR09174	[0.00013277844040396965]
MAR09194	[0.00013277844040396965]
MAR09675	[0.00013277844040396965]
MAR09676	[0.00013277844040396965]
MAR09677	[0.00013277844040396965]
MAR09014	[0.00013277844040396965]
MAR00707	[0.00013277844040396965]
MAR00713	[np.float64(7.456973094148011e-05)]
MAR01104	[0.00013277844040396965]
MAR01135	[0.00013277844040396965]
MAR01144	[0.00013277844040396965]
MAR01172	[0.00013277844040396965]
MAR01188	[0.00013277844040396965]
MAR01214	[0.00013277844040396965]
MAR01242	[0.00013277844040396965]
MAR01268	[0.00013277844040396965]
MAR01283	[0.00013277844040396965]
MAR01286	[0.00013277844040396965]
MAR01443	[np.float64(7.456973094148011e-05)]
MAR02067	[0.00013277844040396965]
MAR02082	[0.00013277844040396965]
MAR02093	[0.00013277844040396965]
MAR02104	[0.00013277844040396965]
MAR02407	[9.620059724197572e-05]
MAR02509	[9.620059724197572e-05]
MAR02547	[0.00013277844040396965]
MAR02575	[0.00013277844040396965]
MAR03007	[np.float64(7.456973094148011e-05)]
MAR03008	[3.092859332491893e-05]
MAR03011	[3.092859332491893e-05]
MAR03013	[3.092859332491893e-05]
MAR03014	[3.092859332491893e-05]
MAR03017	[3.092859332491893e-05]
MAR03018	[9.620059724197572e-05]
MAR03019	[9.620059724197572e-05]
MAR03020	[9.620059724197572e-05]
MAR03021	[9.620059724197572e-05]
MAR03022	[9.620059724197572e-05]
MAR03023	[9.620059724197572e-05]
MAR03024	[9.620059724197572e-05]
MAR03025	[9.620059724197572e-05]
MAR03026	[np.float64(7.456973094148011e-05)]
MAR03473	[np.float64(7.456973094148011e-05)]
MAR03848	[0.00013277844040396965]
MAR03850	[0.00013277844040396965]
MAR03867	[0.00013277844040396965]
MAR03947	[0.00013277844040396965]
MAR03948	[0.00013277844040396965]
MAR04393	[0.00013277844040396965]
MAR04468	[0.00013277844040396965]
MAR04469	[0.00013277844040396965]
MAR04647	[0.00013277844040396965]
MAR04790	[0.00013277844040396965]
MAR04890	[0.00013277844040396965]
MAR04900	[0.00013277844040396965]
MAR04908	[np.float64(7.456973094148011e-05)]
MAR04924	[0.00013277844040396965]
MAR04930	[np.float64(7.456973094148011e-05)]
MAR04945	[0.00013277844040396965]
MAR04986	[np.float64(7.456973094148011e-05)]
MAR05344	[0.00013277844040396965]
MAR05346	[0.00013277844040396965]
MAR05362	[0.00013277844040396965]
MAR05414	[0.00013277844040396965]
MAR05452	[np.float64(7.456973094148011e-05)]
MAR05453	[0.00013277844040396965]
MAR06928	[0.00013277844040396965]
MAR06937	[0.00013277844040396965]
MAR06986	[0.00013277844040396965]
MAR06987	[0.00013277844040396965]
MAR07590	[0.00013277844040396965]
MAR07596	[0.00013277844040396965]
MAR07640	[0.00013277844040396965]
MAR07646	[np.float64(7.456973094148011e-05)]
MAR07705	[0.00013277844040396965]
MAR07707	[0.00013277844040396965]
MAR07777	[0.00013277844040396965]
MAR07779	[0.00013277844040396965]
MAR07797	[0.00013277844040396965]
MAR08016	[0.00013277844040396965]
MAR08020	[0.00013277844040396965]
MAR08359	[0.00013277844040396965]
MAR08414	[0.00013277844040396965]
MAR08754	[0.00013277844040396965]
MAR08756	[0.00013277844040396965]
MAR08860	[0.00013277844040396965]
MAR08926	[0.00013277844040396965]
MAR09179	[0.00013277844040396965]
MAR09181	[0.00013277844040396965]
MAR09678	[0.00013277844040396965]
MAR09679	[0.00013277844040396965]
MAR09680	[0.00013277844040396965]
MAR09017	[0.00013277844040396965]
MAR00984	[0.00013277844040396965]
MAR01089	[0.00013277844040396965]
MAR01090	[0.00013277844040396965]
MAR01094	[0.00013277844040396965]
MAR01095	[0.00013277844040396965]
MAR02564	[0.00013277844040396965]
MAR02585	[np.float64(7.456973094148011e-05)]
MAR04274	[0.00013277844040396965]
MAR04275	[0.00013277844040396965]
MAR04277	[0.00013277844040396965]
MAR04535	[np.float64(7.456973094148011e-05)]
MAR04538	[0.00013277844040396965]
MAR04893	[0.00013277844040396965]
MAR04904	[0.00013277844040396965]
MAR04916	[0.00013277844040396965]
MAR05422	[0.00013277844040396965]
MAR05423	[0.00013277844040396965]
MAR05424	[0.00013277844040396965]
MAR06617	[0.00013277844040396965]
MAR06619	[0.00013277844040396965]
MAR07653	[0.00013277844040396965]
MAR07664	[0.00013277844040396965]
MAR07665	[0.00013277844040396965]
MAR07712	[0.00013277844040396965]
MAR07763	[0.00013277844040396965]
MAR07764	[0.00013277844040396965]
MAR07765	[0.00013277844040396965]
MAR07767	[0.00013277844040396965]
MAR07773	[0.00013277844040396965]
MAR07786	[0.00013277844040396965]
MAR07792	[0.00013277844040396965]
MAR07795	[0.00013277844040396965]
MAR07796	[np.float64(7.456973094148011e-05)]
MAR07855	[0.00013277844040396965]
MAR07856	[0.00013277844040396965]
MAR07857	[0.00013277844040396965]
MAR07858	[0.00013277844040396965]
MAR07859	[0.00013277844040396965]
MAR07860	[0.00013277844040396965]
MAR07861	[0.00013277844040396965]
MAR07862	[0.00013277844040396965]
MAR07877	[0.00013277844040396965]
MAR08024	[0.00013277844040396965]
MAR08028	[0.00013277844040396965]
MAR08082	[0.00013277844040396965]
MAR08361	[0.00013277844040396965]
MAR08363	[0.00013277844040396965]
MAR08412	[0.00013277844040396965]
MAR08447	[0.00013277844040396965]
MAR08476	[np.float64(7.456973094148011e-05)]
MAR08789	[0.00013277844040396965]
MAR08828	[0.00013277844040396965]
MAR08837	[0.00013277844040396965]
MAR08838	[0.00013277844040396965]
MAR08839	[0.00013277844040396965]
MAR08840	[0.00013277844040396965]
MAR08841	[0.00013277844040396965]
MAR08842	[0.00013277844040396965]
MAR08843	[0.00013277844040396965]
MAR08844	[0.00013277844040396965]
MAR08845	[0.00013277844040396965]
MAR08862	[0.00013277844040396965]
MAR08868	[0.00013277844040396965]
MAR08871	[0.00013277844040396965]
MAR08894	[0.00013277844040396965]
MAR08909	[0.00013277844040396965]
MAR08918	[0.00013277844040396965]
MAR09673	[0.00013277844040396965]
MAR09674	[0.00013277844040396965]
MAR08638	[0.00013277844040396965]
MAR08642	[0.00013277844040396965]
MAR04314	[3.092859332491893e-05]
MAR09016	[0.00013277844040396965]
MAR09018	[0.00013277844040396965]
MAR00769	[0.00013277844040396965]
MAR00791	[0.00013277844040396965]
MAR00796	[0.00013277844040396965]
MAR00798	[0.00013277844040396965]
MAR00802	[0.00013277844040396965]
MAR00831	[0.00013277844040396965]
MAR00913	[0.00013277844040396965]
MAR00929	[0.00013277844040396965]
MAR01917	[3.3055988230904573e-05]
MAR02040	[0.00013277844040396965]
MAR02087	[0.00013277844040396965]
MAR02090	[0.00013277844040396965]
MAR02101	[0.00013277844040396965]
MAR03987	[0.00013277844040396965]
MAR04887	[0.00013277844040396965]
MAR04903	[0.00013277844040396965]
MAR04907	[np.float64(7.456973094148011e-05)]
MAR04962	[0.00013277844040396965]
MAR05047	[np.float64(7.456973094148011e-05)]
MAR05048	[np.float64(7.456973094148011e-05)]
MAR05049	[np.float64(7.456973094148011e-05)]
MAR05050	[np.float64(7.456973094148011e-05)]
MAR05051	[np.float64(7.456973094148011e-05)]
MAR05052	[np.float64(7.456973094148011e-05)]
MAR05053	[np.float64(7.456973094148011e-05)]
MAR05054	[np.float64(7.456973094148011e-05)]
MAR05055	[np.float64(7.456973094148011e-05)]
MAR05056	[np.float64(7.456973094148011e-05)]
MAR05057	[np.float64(7.456973094148011e-05)]
MAR05058	[np.float64(7.456973094148011e-05)]
MAR05059	[np.float64(7.456973094148011e-05)]
MAR05060	[np.float64(7.456973094148011e-05)]
MAR05061	[np.float64(7.456973094148011e-05)]
MAR05062	[np.float64(7.456973094148011e-05)]
MAR05063	[np.float64(7.456973094148011e-05)]
MAR05064	[np.float64(7.456973094148011e-05)]
MAR05065	[np.float64(7.456973094148011e-05)]
MAR05066	[np.float64(7.456973094148011e-05)]
MAR05067	[np.float64(7.456973094148011e-05)]
MAR05197	[0.00013277844040396965]
MAR05199	[0.00013277844040396965]
MAR05201	[0.00013277844040396965]
MAR05204	[0.00013277844040396965]
MAR05212	[0.00013277844040396965]
MAR05214	[0.00013277844040396965]
MAR05217	[0.00013277844040396965]
MAR05218	[0.00013277844040396965]
MAR05220	[0.00013277844040396965]
MAR05224	[0.00013277844040396965]
MAR05226	[0.00013277844040396965]
MAR05228	[0.00013277844040396965]
MAR05230	[0.00013277844040396965]
MAR07196	[np.float64(7.456973094148011e-05)]
MAR07199	[0.00013277844040396965]
MAR07224	[0.00013277844040396965]
MAR07252	[0.00013277844040396965]
MAR07283	[0.00013277844040396965]
MAR07374	[0.00013277844040396965]
MAR07430	[0.00013277844040396965]
MAR07454	[0.00013277844040396965]
MAR07470	[0.00013277844040396965]
MAR07483	[0.00013277844040396965]
MAR07500	[0.00013277844040396965]
MAR07512	[0.00013277844040396965]
MAR07524	[0.00013277844040396965]
MAR07540	[0.00013277844040396965]
MAR07556	[0.00013277844040396965]
MAR07570	[0.00013277844040396965]
MAR07581	[0.00013277844040396965]
MAR07584	[0.00013277844040396965]
MAR07710	[np.float64(7.456973094148011e-05)]
MAR07711	[0.00013277844040396965]
MAR07714	[np.float64(7.456973094148011e-05)]
MAR07715	[0.00013277844040396965]
MAR07718	[np.float64(7.456973094148011e-05)]
MAR07720	[0.00013277844040396965]
MAR07722	[np.float64(7.456973094148011e-05)]
MAR07724	[0.00013277844040396965]
MAR07726	[np.float64(7.456973094148011e-05)]
MAR07727	[0.00013277844040396965]
MAR07729	[np.float64(7.456973094148011e-05)]
MAR07730	[0.00013277844040396965]
MAR07732	[0.00013277844040396965]
MAR07762	[0.00013277844040396965]
MAR07770	[0.00013277844040396965]
MAR07799	[np.float64(7.456973094148011e-05)]
MAR07907	[0.00013277844040396965]
MAR07915	[0.00013277844040396965]
MAR07918	[0.00013277844040396965]
MAR07924	[0.00013277844040396965]
MAR07927	[0.00013277844040396965]
MAR08118	[0.00013277844040396965]
MAR08119	[0.00013277844040396965]
MAR08121	[0.00013277844040396965]
MAR08123	[0.00013277844040396965]
MAR08125	[0.00013277844040396965]
MAR08127	[0.00013277844040396965]
MAR08131	[0.00013277844040396965]
MAR08134	[0.00013277844040396965]
MAR08196	[0.00013277844040396965]
MAR08200	[0.00013277844040396965]
MAR08202	[0.00013277844040396965]
MAR08203	[0.00013277844040396965]
MAR08208	[0.00013277844040396965]
MAR08216	[0.00013277844040396965]
MAR08244	[0.00013277844040396965]
MAR08355	[np.float64(7.456973094148011e-05)]
MAR08370	[0.00013277844040396965]
MAR08490	[0.00013277844040396965]
MAR08491	[0.00013277844040396965]
MAR08492	[0.00013277844040396965]
MAR08531	[0.00013277844040396965]
MAR08588	[0.00013277844040396965]
MAR08590	[0.00013277844040396965]
MAR08688	[np.float64(7.456973094148011e-05)]
MAR08753	[0.00013277844040396965]
MAR08763	[0.00013277844040396965]
MAR08765	[0.00013277844040396965]
MAR08858	[0.00013277844040396965]
MAR08875	[0.00013277844040396965]
MAR08885	[0.00013277844040396965]
MAR08887	[np.float64(7.456973094148011e-05)]
MAR08908	[np.float64(7.456973094148011e-05)]
MAR08928	[np.float64(7.456973094148011e-05)]
MAR09672	[0.00013277844040396965]
MAR00612	[0.00013277844040396965]
MAR03597	[0.00013277844040396965]
MAR04961	[0.00013277844040396965]
MAR05045	[0.00013277844040396965]
MAR05248	[0.00013277844040396965]
MAR05249	[0.00013277844040396965]
MAR05250	[0.00013277844040396965]
MAR05251	[0.00013277844040396965]
MAR05252	[0.00013277844040396965]
MAR05253	[0.00013277844040396965]
MAR05255	[0.00013277844040396965]
MAR07198	[0.00013277844040396965]
MAR07284	[0.00013277844040396965]
MAR09738	[0.00013277844040396965]
MAR09739	[0.00013277844040396965]
MAR09740	[0.00013277844040396965]
MAR09741	[0.00013277844040396965]
MAR09742	[0.00013277844040396965]
MAR09743	[0.00013277844040396965]
MAR09744	[0.00013277844040396965]
MAR09745	[0.00013277844040396965]
MAR09746	[0.00013277844040396965]
MAR09747	[0.00013277844040396965]
MAR09748	[0.00013277844040396965]
MAR09749	[0.00013277844040396965]
MAR09750	[0.00013277844040396965]
MAR09751	[0.00013277844040396965]
MAR09752	[0.00013277844040396965]
MAR09753	[0.00013277844040396965]
MAR09754	[0.00013277844040396965]
MAR09755	[0.00013277844040396965]
MAR09756	[0.00013277844040396965]
MAR09757	[0.00013277844040396965]
MAR09758	[0.00013277844040396965]
MAR09759	[0.00013277844040396965]
MAR09760	[0.00013277844040396965]
MAR09761	[0.00013277844040396965]
MAR09762	[0.00013277844040396965]
MAR09763	[0.00013277844040396965]
MAR09764	[0.00013277844040396965]
MAR09765	[0.00013277844040396965]
MAR09766	[0.00013277844040396965]
MAR09767	[0.00013277844040396965]
MAR09768	[0.00013277844040396965]
MAR09769	[0.00013277844040396965]
MAR09770	[0.00013277844040396965]
MAR09771	[0.00013277844040396965]
MAR09772	[0.00013277844040396965]
MAR09773	[0.00013277844040396965]
MAR09774	[0.00013277844040396965]
MAR09775	[0.00013277844040396965]
MAR09776	[0.00013277844040396965]
MAR09777	[0.00013277844040396965]
MAR09778	[0.00013277844040396965]
MAR09779	[0.00013277844040396965]
MAR09780	[0.00013277844040396965]
MAR09781	[0.00013277844040396965]
MAR09782	[0.00013277844040396965]
MAR09783	[0.00013277844040396965]
MAR09784	[0.00013277844040396965]
MAR09785	[0.00013277844040396965]
MAR09786	[0.00013277844040396965]
MAR09787	[0.00013277844040396965]
MAR09788	[0.00013277844040396965]
MAR09789	[0.00013277844040396965]
MAR09790	[0.00013277844040396965]
MAR09791	[0.00013277844040396965]
MAR09792	[0.00013277844040396965]
MAR09793	[0.00011122499709339157]
MAR09794	[0.00013277844040396965]
MAR09795	[0.00013277844040396965]
MAR09796	[0.00013277844040396965]
MAR00652	[0.00013277844040396965]
MAR00717	[0.00013277844040396965]
MAR00731	[np.float64(7.456973094148011e-05)]
MAR00732	[0.00013277844040396965]
MAR00734	[0.00013277844040396965]
MAR00917	[0.00013277844040396965]
MAR00918	[np.float64(7.456973094148011e-05)]
MAR01916	[3.3055988230904573e-05]
MAR04125	[np.float64(7.456973094148011e-05)]
MAR04892	[0.00013277844040396965]
MAR04902	[0.00013277844040396965]
MAR04955	[0.00013277844040396965]
MAR06577	[0.00013277844040396965]
MAR06578	[3.092859332491893e-05]
MAR07201	[0.00013277844040396965]
MAR07204	[0.00013277844040396965]
MAR07331	[0.00013277844040396965]
MAR07431	[0.00013277844040396965]
MAR07433	[np.float64(7.456973094148011e-05)]
MAR07434	[np.float64(7.456973094148011e-05)]
MAR07435	[0.00013277844040396965]
MAR07437	[0.00013277844040396965]
MAR07675	[6.955537276674729e-05]
MAR07693	[np.float64(7.456973094148011e-05)]
MAR07694	[np.float64(7.456973094148011e-05)]
MAR07695	[np.float64(7.456973094148011e-05)]
MAR07733	[np.float64(7.456973094148011e-05)]
MAR07740	[6.448008502800297e-05]
MAR07743	[np.float64(7.456973094148011e-05)]
MAR07759	[np.float64(7.456973094148011e-05)]
MAR07761	[0.005472296504682771]
MAR07793	[0.00013277844040396965]
MAR08084	[0.00013277844040396965]
MAR08086	[0.00013277844040396965]
MAR08145	[0.00013277844040396965]
MAR08146	[np.float64(7.456973094148011e-05)]
MAR08153	[0.00013277844040396965]
MAR08157	[0.00013277844040396965]
MAR08160	[0.00013277844040396965]
MAR08163	[0.00013277844040396965]
MAR08193	[0.00013277844040396965]
MAR08195	[0.00013277844040396965]
MAR08199	[0.00013277844040396965]
MAR08205	[0.00013277844040396965]
MAR08207	[0.00013277844040396965]
MAR08213	[0.00013277844040396965]
MAR08215	[0.00013277844040396965]
MAR08222	[0.00013277844040396965]
MAR08230	[0.00013277844040396965]
MAR08232	[0.00013277844040396965]
MAR08241	[0.00013277844040396965]
MAR08243	[0.00013277844040396965]
MAR08252	[0.00013277844040396965]
MAR08259	[0.00013277844040396965]
MAR08265	[0.00013277844040396965]
MAR08269	[0.00013277844040396965]
MAR08272	[0.00013277844040396965]
MAR08282	[0.00013277844040396965]
MAR08289	[0.00013277844040396965]
MAR08296	[0.00013277844040396965]
MAR08299	[0.00013277844040396965]
MAR08303	[0.00013277844040396965]
MAR08310	[0.00013277844040396965]
MAR08312	[0.00013277844040396965]
MAR08314	[0.00013277844040396965]
MAR08320	[0.00013277844040396965]
MAR08323	[0.00013277844040396965]
MAR08328	[0.00013277844040396965]
MAR08335	[0.00013277844040396965]
MAR08338	[0.00013277844040396965]
MAR08496	[np.float64(7.456973094148011e-05)]
MAR08524	[0.00013277844040396965]
MAR08527	[0.00013277844040396965]
MAR08661	[0.0061040911240064985]
MAR08673	[0.00013277844040396965]
MAR08793	[0.00013277844040396965]
MAR08834	[0.00013277844040396965]
MAR08856	[0.00013277844040396965]
MAR08857	[np.float64(7.456973094148011e-05)]
MAR08874	[0.00013277844040396965]
MAR08880	[0.00013277844040396965]
MAR08882	[0.00013277844040396965]
MAR08895	[0.00013277844040396965]
MAR08897	[0.00013277844040396965]
MAR08900	[0.00013277844040396965]
MAR08902	[0.00013277844040396965]
MAR08904	[0.00013277844040396965]
MAR08920	[0.00013277844040396965]
MAR09199	[np.float64(7.456973094148011e-05)]
MAR09664	[0.00013277844040396965]
MAR09665	[0.00013277844040396965]
MAR09666	[0.00013277844040396965]
MAR09667	[0.00013277844040396965]
MAR09668	[0.00013277844040396965]
MAR09669	[0.00013277844040396965]
MAR09670	[0.00013277844040396965]
MAR09671	[0.00013277844040396965]
MAR07182	[0.00013277844040396965]
MAR07330	[0.00013277844040396965]
MAR07432	[0.00013277844040396965]
MAR04313	[3.092859332491893e-05]
MAR07307	[0.00013277844040396965]
MAR01809	[0.00013277844040396965]
MAR00020	[0.00013277844040396965]
MAR00461	[np.float64(7.456973094148011e-05)]
MAR00462	[0.00013277844040396965]
MAR00466	[0.00013277844040396965]
MAR00467	[0.00013277844040396965]
MAR00664	[np.float64(7.456973094148011e-05)]
MAR00730	[np.float64(7.456973094148011e-05)]
MAR00768	[np.float64(7.456973094148011e-05)]
MAR00771	[0.00013277844040396965]
MAR00966	[0.00013277844040396965]
MAR01035	[0.00013277844040396965]
MAR01143	[0.00013277844040396965]
MAR01189	[0.00013277844040396965]
MAR01240	[0.00013277844040396965]
MAR01252	[0.00013277844040396965]
MAR01269	[0.00013277844040396965]
MAR01306	[0.00013277844040396965]
MAR01309	[0.00013277844040396965]
MAR01311	[0.00013277844040396965]
MAR01316	[0.00013277844040396965]
MAR01331	[0.00013277844040396965]
MAR01392	[np.float64(7.456973094148011e-05)]
MAR01530	[0.00013277844040396965]
MAR01672	[0.00013277844040396965]
MAR01937	[0.00013277844040396965]
MAR01998	[0.00013277844040396965]
MAR02039	[0.00013277844040396965]
MAR02066	[0.00013277844040396965]
MAR02081	[0.00013277844040396965]
MAR02092	[0.00013277844040396965]
MAR02103	[0.00013277844040396965]
MAR02554	[0.00013277844040396965]
MAR02569	[0.00013277844040396965]
MAR02777	[np.float64(7.456973094148011e-05)]
MAR03953	[0.00013277844040396965]
MAR04123	[0.00013277844040396965]
MAR04126	[0.00013277844040396965]
MAR04765	[0.00013277844040396965]
MAR04846	[0.00013277844040396965]
MAR04856	[0.00013277844040396965]
MAR04860	[0.00013277844040396965]
MAR04876	[0.00013277844040396965]
MAR04877	[0.00013277844040396965]
MAR04878	[0.00013277844040396965]
MAR04879	[0.00013277844040396965]
MAR04880	[np.float64(7.456973094148011e-05)]
MAR04881	[np.float64(7.456973094148011e-05)]
MAR04883	[0.00013277844040396965]
MAR04894	[0.00013277844040396965]
MAR04906	[np.float64(7.456973094148011e-05)]
MAR04913	[0.00013277844040396965]
MAR04917	[0.00013277844040396965]
MAR04941	[0.00013277844040396965]
MAR04942	[np.float64(7.456973094148011e-05)]
MAR04960	[0.00013277844040396965]
MAR05004	[0.007198130461850395]
MAR05012	[0.00013277844040396965]
MAR05027	[6.955537276674729e-05]
MAR05203	[0.00013277844040396965]
MAR05205	[0.00013277844040396965]
MAR05207	[0.00013277844040396965]
MAR05209	[0.00013277844040396965]
MAR05210	[0.00013277844040396965]
MAR05211	[0.00013277844040396965]
MAR05245	[0.00013277844040396965]
MAR05342	[0.00639132310635336]
MAR05347	[0.00013277844040396965]
MAR05354	[0.00013277844040396965]
MAR06385	[np.float64(7.456973094148011e-05)]
MAR06386	[0.00013277844040396965]
MAR06387	[0.00013277844040396965]
MAR06388	[0.00013277844040396965]
MAR06425	[0.00013277844040396965]
MAR06430	[0.00013277844040396965]
MAR06440	[0.00013277844040396965]
MAR06445	[0.00013277844040396965]
MAR06463	[0.00013277844040396965]
MAR06468	[0.00013277844040396965]
MAR06475	[0.00013277844040396965]
MAR06480	[0.00013277844040396965]
MAR06629	[0.00013277844040396965]
MAR06797	[0.00013277844040396965]
MAR06990	[0.00013277844040396965]
MAR07257	[0.00013277844040396965]
MAR07272	[0.00013277844040396965]
MAR07273	[0.00013277844040396965]
MAR07649	[np.float64(7.456973094148011e-05)]
MAR07766	[0.00013277844040396965]
MAR07768	[0.00013277844040396965]
MAR07772	[0.00013277844040396965]
MAR07776	[0.00013277844040396965]
MAR07778	[0.00013277844040396965]
MAR07780	[0.00013277844040396965]
MAR07784	[0.00013277844040396965]
MAR07789	[0.00013277844040396965]
MAR07791	[0.00013277844040396965]
MAR07929	[0.00013277844040396965]
MAR07933	[0.00013277844040396965]
MAR07944	[0.00013277844040396965]
MAR07947	[0.00013277844040396965]
MAR07949	[0.00013277844040396965]
MAR07953	[0.00013277844040396965]
MAR07956	[0.00013277844040396965]
MAR07960	[0.00013277844040396965]
MAR07963	[0.00013277844040396965]
MAR07966	[0.00013277844040396965]
MAR07969	[0.00013277844040396965]
MAR07981	[0.00013277844040396965]
MAR07983	[0.00013277844040396965]
MAR07985	[0.00013277844040396965]
MAR07988	[0.00013277844040396965]
MAR07989	[0.00013277844040396965]
MAR08030	[0.00013277844040396965]
MAR08058	[0.00013277844040396965]
MAR08060	[0.00013277844040396965]
MAR08234	[0.00013277844040396965]
MAR08236	[0.00013277844040396965]
MAR08239	[0.00013277844040396965]
MAR08347	[0.00013277844040396965]
MAR08350	[0.00013277844040396965]
MAR08351	[0.00013277844040396965]
MAR08358	[0.00013277844040396965]
MAR08369	[np.float64(7.456973094148011e-05)]
MAR08382	[0.00013277844040396965]
MAR08526	[0.00013277844040396965]
MAR08553	[0.00013277844040396965]
MAR08594	[0.00013277844040396965]
MAR08651	[0.00013277844040396965]
MAR08681	[0.00013277844040396965]
MAR08715	[0.00013277844040396965]
MAR08716	[0.00013277844040396965]
MAR08719	[0.00013277844040396965]
MAR08722	[0.00013277844040396965]
MAR08737	[0.00013277844040396965]
MAR08851	[0.00013277844040396965]
MAR08855	[0.00013277844040396965]
MAR08859	[0.00013277844040396965]
MAR08886	[0.00013277844040396965]
MAR08888	[0.00013277844040396965]
MAR08906	[0.00013277844040396965]
MAR08914	[0.00013277844040396965]
MAR08915	[0.00013277844040396965]
MAR08919	[0.00013277844040396965]
MAR08921	[0.00013277844040396965]
MAR09177	[0.00013277844040396965]
MAR09200	[np.float64(7.456973094148011e-05)]
MAR09625	[0.00013277844040396965]
MAR09626	[0.00013277844040396965]
MAR09627	[0.00013277844040396965]
MAR09628	[0.00013277844040396965]
MAR09629	[0.00013277844040396965]
MAR09630	[0.00013277844040396965]
MAR09631	[0.00013277844040396965]
MAR09632	[0.00013277844040396965]
MAR09633	[0.00013277844040396965]
MAR09634	[0.00013277844040396965]
MAR09716	[0.00013277844040396965]
MAR09724	[0.00013277844040396965]
MAR09732	[0.00013277844040396965]
MAR07108	[0.00013277844040396965]
MAR07110	[0.00013277844040396965]
MAR07112	[0.00013277844040396965]
MAR07114	[0.00013277844040396965]
MAR07116	[0.00013277844040396965]
MAR07118	[0.00013277844040396965]
MAR07120	[0.00013277844040396965]
MAR07122	[0.00013277844040396965]
MAR07124	[0.00013277844040396965]
MAR07126	[0.00013277844040396965]
MAR09023	[0.00013277844040396965]
MAR09024	[0.00013277844040396965]
MAR09032	[0.00013277844040396965]
MAR09808	[0.00013277844040396965]
MAR09809	[0.00013277844040396965]
MAR09810	[0.00013277844040396965]
MAR09811	[0.00013277844040396965]
MAR09812	[0.00013277844040396965]
MAR09813	[0.00013277844040396965]
MAR09814	[0.00013277844040396965]
MAR09815	[0.00013277844040396965]
MAR09816	[0.00013277844040396965]
MAR09033	[0.00013277844040396965]
MAR09034	[0.00013277844040396965]
MAR09035	[0.00013277844040396965]
MAR09036	[0.00013277844040396965]
MAR09037	[0.00013277844040396965]
MAR09038	[0.00013277844040396965]
MAR09039	[0.00013277844040396965]
MAR09040	[0.00013277844040396965]
MAR09041	[0.00013277844040396965]
MAR09042	[0.00013277844040396965]
MAR09043	[0.00013277844040396965]
MAR09044	[0.00013277844040396965]
MAR09045	[0.00013277844040396965]
MAR09046	[0.00013277844040396965]
MAR09047	[0.00013277844040396965]
MAR09048	[0.00013277844040396965]
MAR09049	[0.00013277844040396965]
MAR09050	[0.00013277844040396965]
MAR09051	[0.00013277844040396965]
MAR09052	[0.00013277844040396965]
MAR09053	[0.00013277844040396965]
MAR09054	[0.00013277844040396965]
MAR09055	[0.00013277844040396965]
MAR09056	[0.00013277844040396965]
MAR09058	[0.00013277844040396965]
MAR09061	[0.00013277844040396965]
MAR09062	[0.00013277844040396965]
MAR09063	[0.00013277844040396965]
MAR09064	[0.00013277844040396965]
MAR09065	[0.00013277844040396965]
MAR09066	[0.00013277844040396965]
MAR09067	[0.00013277844040396965]
MAR09068	[0.00013277844040396965]
MAR09069	[0.00013277844040396965]
MAR09070	[0.00013277844040396965]
MAR09071	[0.00013277844040396965]
MAR09072	[0.00013277844040396965]
MAR09073	[0.00013277844040396965]
MAR09074	[0.00013277844040396965]
MAR09075	[0.00013277844040396965]
MAR09076	[0.00013277844040396965]
MAR09077	[0.00013277844040396965]
MAR09078	[0.00013277844040396965]
MAR09079	[0.00013277844040396965]
MAR09080	[0.00013277844040396965]
MAR09081	[0.00013277844040396965]
MAR09082	[0.00013277844040396965]
MAR09083	[0.00013277844040396965]
MAR09084	[0.00013277844040396965]
MAR09085	[0.00013277844040396965]
MAR09086	[0.00013277844040396965]
MAR09087	[0.00013277844040396965]
MAR09088	[0.00013277844040396965]
MAR09089	[0.00013277844040396965]
MAR09090	[0.00013277844040396965]
MAR09091	[0.00013277844040396965]
MAR09092	[0.00013277844040396965]
MAR09093	[0.00013277844040396965]
MAR09094	[0.00013277844040396965]
MAR09095	[0.00013277844040396965]
MAR09096	[0.00013277844040396965]
MAR09097	[0.00013277844040396965]
MAR09098	[0.00013277844040396965]
MAR09099	[0.00013277844040396965]
MAR09100	[0.00013277844040396965]
MAR09101	[0.00013277844040396965]
MAR09102	[0.00013277844040396965]
MAR09103	[0.00013277844040396965]
MAR09104	[0.00013277844040396965]
MAR09105	[0.00013277844040396965]
MAR09106	[0.00013277844040396965]
MAR09107	[0.00013277844040396965]
MAR09108	[0.00013277844040396965]
MAR09109	[0.00013277844040396965]
MAR09110	[0.00013277844040396965]
MAR09111	[0.00013277844040396965]
MAR09113	[0.00013277844040396965]
MAR09114	[0.00013277844040396965]
MAR09115	[0.00013277844040396965]
MAR09116	[0.00013277844040396965]
MAR09117	[0.00013277844040396965]
MAR09118	[0.00013277844040396965]
MAR09119	[0.00013277844040396965]
MAR09120	[0.00013277844040396965]
MAR09121	[0.00013277844040396965]
MAR09122	[0.00013277844040396965]
MAR09123	[0.00013277844040396965]
MAR09124	[0.00013277844040396965]
MAR09125	[0.00013277844040396965]
MAR09126	[0.00013277844040396965]
MAR09127	[0.00013277844040396965]
MAR09128	[0.00013277844040396965]
MAR09129	[0.00013277844040396965]
MAR09130	[0.00013277844040396965]
MAR09131	[0.00013277844040396965]
MAR09132	[0.00013277844040396965]
MAR09133	[0.00013277844040396965]
MAR09134	[0.00013277844040396965]
MAR09135	[0.00013277844040396965]
MAR09136	[0.00013277844040396965]
MAR09137	[0.00013277844040396965]
MAR09138	[0.00013277844040396965]
MAR09139	[0.00013277844040396965]
MAR09140	[0.00013277844040396965]
MAR09141	[0.00013277844040396965]
MAR09142	[0.00013277844040396965]
MAR09143	[0.00013277844040396965]
MAR09144	[0.00013277844040396965]
MAR09145	[0.00013277844040396965]
MAR09146	[0.00013277844040396965]
MAR09147	[0.00013277844040396965]
MAR09148	[0.00013277844040396965]
MAR09149	[0.00013277844040396965]
MAR09150	[0.00013277844040396965]
MAR09151	[0.00013277844040396965]
MAR09152	[0.00013277844040396965]
MAR09153	[0.00013277844040396965]
MAR09154	[0.00013277844040396965]
MAR09155	[0.00013277844040396965]
MAR09156	[0.00013277844040396965]
MAR09157	[0.00013277844040396965]
MAR09158	[0.00013277844040396965]
MAR09159	[0.00013277844040396965]
MAR09160	[0.00013277844040396965]
MAR09161	[0.00013277844040396965]
MAR09162	[0.00013277844040396965]
MAR09163	[0.00013277844040396965]
MAR09164	[0.00013277844040396965]
MAR09165	[0.00013277844040396965]
MAR09166	[0.00013277844040396965]
MAR09167	[0.00013277844040396965]
MAR09168	[0.00013277844040396965]
MAR09169	[0.00013277844040396965]
MAR09171	[0.00013277844040396965]
MAR09172	[0.00013277844040396965]
MAR09201	[0.00013277844040396965]
MAR09202	[0.00013277844040396965]
MAR09203	[0.00013277844040396965]
MAR09204	[0.00013277844040396965]
MAR09205	[0.00013277844040396965]
MAR09206	[0.00013277844040396965]
MAR09207	[0.00013277844040396965]
MAR09208	[0.00013277844040396965]
MAR09209	[0.00013277844040396965]
MAR09210	[0.00013277844040396965]
MAR09211	[0.00013277844040396965]
MAR09212	[0.00013277844040396965]
MAR09213	[0.00013277844040396965]
MAR09214	[0.00013277844040396965]
MAR09215	[0.00013277844040396965]
MAR09216	[0.00013277844040396965]
MAR09217	[0.00013277844040396965]
MAR09218	[0.00013277844040396965]
MAR09219	[0.00013277844040396965]
MAR09220	[0.00013277844040396965]
MAR09221	[0.00013277844040396965]
MAR09222	[0.00013277844040396965]
MAR09223	[0.00013277844040396965]
MAR09224	[0.00013277844040396965]
MAR09225	[0.00013277844040396965]
MAR09226	[0.00013277844040396965]
MAR09227	[0.00013277844040396965]
MAR09228	[0.00013277844040396965]
MAR09229	[0.00013277844040396965]
MAR09230	[0.00013277844040396965]
MAR09231	[0.00013277844040396965]
MAR09232	[0.00013277844040396965]
MAR09233	[0.00013277844040396965]
MAR09234	[0.00013277844040396965]
MAR09235	[0.00013277844040396965]
MAR09236	[0.00013277844040396965]
MAR09237	[0.00013277844040396965]
MAR09238	[0.00013277844040396965]
MAR09239	[0.00013277844040396965]
MAR09240	[0.00013277844040396965]
MAR09241	[0.00013277844040396965]
MAR09242	[0.00013277844040396965]
MAR09243	[0.00013277844040396965]
MAR09244	[0.00013277844040396965]
MAR09245	[0.00013277844040396965]
MAR09246	[0.00013277844040396965]
MAR09247	[0.00013277844040396965]
MAR09248	[0.00013277844040396965]
MAR09249	[0.00013277844040396965]
MAR09250	[0.00013277844040396965]
MAR09251	[0.00013277844040396965]
MAR09252	[0.00013277844040396965]
MAR09253	[0.00013277844040396965]
MAR09254	[0.00013277844040396965]
MAR09255	[0.00013277844040396965]
MAR09256	[0.00013277844040396965]
MAR09257	[0.00013277844040396965]
MAR09258	[0.00013277844040396965]
MAR09259	[0.00013277844040396965]
MAR09260	[0.00013277844040396965]
MAR09261	[0.00013277844040396965]
MAR09262	[0.00013277844040396965]
MAR09263	[0.00013277844040396965]
MAR09264	[0.00013277844040396965]
MAR09265	[0.00013277844040396965]
MAR09266	[0.00013277844040396965]
MAR09267	[0.00013277844040396965]
MAR09268	[0.00013277844040396965]
MAR09269	[0.00013277844040396965]
MAR09270	[0.00013277844040396965]
MAR09271	[0.00013277844040396965]
MAR09272	[0.00013277844040396965]
MAR09273	[0.00013277844040396965]
MAR09275	[0.00013277844040396965]
MAR09276	[0.00013277844040396965]
MAR09277	[0.00013277844040396965]
MAR09278	[0.00013277844040396965]
MAR09279	[0.00013277844040396965]
MAR09280	[0.00013277844040396965]
MAR09281	[0.00013277844040396965]
MAR09282	[0.00013277844040396965]
MAR09283	[0.00013277844040396965]
MAR09284	[0.00013277844040396965]
MAR09285	[0.00013277844040396965]
MAR09286	[0.00013277844040396965]
MAR09287	[0.00013277844040396965]
MAR09288	[0.00013277844040396965]
MAR09289	[0.00013277844040396965]
MAR09290	[0.00013277844040396965]
MAR09291	[0.00013277844040396965]
MAR09292	[0.00013277844040396965]
MAR09293	[0.00013277844040396965]
MAR09294	[0.00013277844040396965]
MAR09295	[0.00013277844040396965]
MAR09296	[0.00013277844040396965]
MAR09297	[0.00013277844040396965]
MAR09298	[0.00013277844040396965]
MAR09299	[0.00013277844040396965]
MAR09300	[0.00013277844040396965]
MAR09301	[0.00013277844040396965]
MAR09302	[0.00013277844040396965]
MAR09303	[0.00013277844040396965]
MAR09304	[0.00013277844040396965]
MAR09305	[0.00013277844040396965]
MAR09306	[0.00013277844040396965]
MAR09307	[0.00013277844040396965]
MAR09308	[0.00013277844040396965]
MAR09309	[0.00013277844040396965]
MAR09310	[0.00013277844040396965]
MAR09311	[0.00013277844040396965]
MAR09312	[0.00013277844040396965]
MAR09313	[0.00013277844040396965]
MAR09314	[0.00013277844040396965]
MAR09315	[0.00013277844040396965]
MAR09316	[0.00013277844040396965]
MAR09317	[0.00013277844040396965]
MAR09318	[0.00013277844040396965]
MAR09319	[0.00013277844040396965]
MAR09320	[0.00013277844040396965]
MAR09321	[0.00013277844040396965]
MAR09322	[0.00013277844040396965]
MAR09323	[0.00013277844040396965]
MAR09324	[0.00013277844040396965]
MAR09325	[0.00013277844040396965]
MAR09326	[0.00013277844040396965]
MAR09327	[0.00013277844040396965]
MAR09328	[0.00013277844040396965]
MAR09329	[0.00013277844040396965]
MAR09330	[0.00013277844040396965]
MAR09331	[0.00013277844040396965]
MAR09332	[0.00013277844040396965]
MAR09333	[0.00013277844040396965]
MAR09334	[0.00013277844040396965]
MAR09335	[0.00013277844040396965]
MAR09336	[0.00013277844040396965]
MAR09337	[0.00013277844040396965]
MAR09338	[0.00013277844040396965]
MAR09339	[0.00013277844040396965]
MAR09340	[0.00013277844040396965]
MAR09341	[0.00013277844040396965]
MAR09342	[0.00013277844040396965]
MAR09343	[0.00013277844040396965]
MAR09344	[0.00013277844040396965]
MAR09345	[0.00013277844040396965]
MAR09346	[0.00013277844040396965]
MAR09347	[0.00013277844040396965]
MAR09348	[0.00013277844040396965]
MAR09349	[0.00013277844040396965]
MAR09350	[0.00013277844040396965]
MAR09351	[0.00013277844040396965]
MAR09352	[0.00013277844040396965]
MAR09353	[0.00013277844040396965]
MAR09354	[0.00013277844040396965]
MAR09355	[0.00013277844040396965]
MAR09356	[0.00013277844040396965]
MAR09357	[0.00013277844040396965]
MAR09358	[0.00013277844040396965]
MAR09359	[0.00013277844040396965]
MAR09360	[0.00013277844040396965]
MAR09361	[0.00013277844040396965]
MAR09362	[0.00013277844040396965]
MAR09363	[0.00013277844040396965]
MAR09364	[0.00013277844040396965]
MAR09365	[0.00013277844040396965]
MAR09366	[0.00013277844040396965]
MAR09367	[0.00013277844040396965]
MAR09368	[0.00013277844040396965]
MAR09369	[0.00013277844040396965]
MAR09370	[0.00013277844040396965]
MAR09371	[0.00013277844040396965]
MAR09372	[0.00013277844040396965]
MAR09373	[0.00013277844040396965]
MAR09374	[0.00013277844040396965]
MAR09375	[0.00013277844040396965]
MAR09376	[0.00013277844040396965]
MAR09377	[0.00013277844040396965]
MAR09378	[0.00013277844040396965]
MAR09379	[0.00013277844040396965]
MAR09380	[0.00013277844040396965]
MAR09381	[0.00013277844040396965]
MAR09382	[0.00013277844040396965]
MAR09383	[0.00013277844040396965]
MAR09384	[0.00013277844040396965]
MAR09385	[0.00013277844040396965]
MAR09386	[0.00013277844040396965]
MAR09387	[0.00013277844040396965]
MAR09388	[0.00013277844040396965]
MAR09389	[0.00013277844040396965]
MAR09390	[0.00013277844040396965]
MAR09391	[0.00013277844040396965]
MAR09392	[0.00013277844040396965]
MAR09393	[0.00013277844040396965]
MAR09394	[0.00013277844040396965]
MAR09395	[0.00013277844040396965]
MAR09396	[0.00013277844040396965]
MAR09397	[0.00013277844040396965]
MAR09398	[0.00013277844040396965]
MAR09399	[0.00013277844040396965]
MAR09400	[0.00013277844040396965]
MAR09401	[0.00013277844040396965]
MAR09404	[0.00013277844040396965]
MAR09405	[0.00013277844040396965]
MAR09406	[0.00013277844040396965]
MAR09407	[0.00013277844040396965]
MAR09408	[0.00013277844040396965]
MAR09409	[0.00013277844040396965]
MAR09410	[0.00013277844040396965]
MAR09411	[0.00013277844040396965]
MAR09412	[0.00013277844040396965]
MAR09413	[0.00013277844040396965]
MAR09414	[0.00013277844040396965]
MAR09415	[0.00013277844040396965]
MAR09416	[0.00013277844040396965]
MAR09417	[0.00013277844040396965]
MAR09418	[0.00013277844040396965]
MAR09419	[0.00013277844040396965]
MAR09420	[0.00013277844040396965]
MAR09421	[0.00013277844040396965]
MAR09422	[0.00013277844040396965]
MAR09423	[0.00013277844040396965]
MAR09424	[0.00013277844040396965]
MAR09425	[0.00013277844040396965]
MAR09426	[0.00013277844040396965]
MAR09427	[0.00013277844040396965]
MAR09428	[0.00013277844040396965]
MAR09429	[0.00013277844040396965]
MAR09430	[0.00013277844040396965]
MAR09431	[0.00013277844040396965]
MAR09432	[0.00013277844040396965]
MAR09433	[0.00013277844040396965]
MAR09434	[0.00013277844040396965]
MAR09435	[0.00013277844040396965]
MAR09436	[0.00013277844040396965]
MAR09437	[0.00013277844040396965]
MAR09438	[0.00013277844040396965]
MAR09439	[0.00013277844040396965]
MAR09440	[0.00013277844040396965]
MAR09441	[0.00013277844040396965]
MAR09442	[0.00013277844040396965]
MAR09443	[0.00013277844040396965]
MAR09444	[0.00013277844040396965]
MAR09445	[0.00013277844040396965]
MAR09446	[0.00013277844040396965]
MAR09447	[0.00013277844040396965]
MAR09448	[0.00013277844040396965]
MAR09449	[0.00013277844040396965]
MAR09450	[0.00013277844040396965]
MAR09451	[0.00013277844040396965]
MAR09452	[0.00013277844040396965]
MAR09453	[0.00013277844040396965]
MAR09454	[0.00013277844040396965]
MAR09455	[0.00013277844040396965]
MAR09456	[0.00013277844040396965]
MAR09457	[0.00013277844040396965]
MAR09458	[0.00013277844040396965]
MAR09460	[0.00013277844040396965]
MAR09461	[0.00013277844040396965]
MAR09462	[0.00013277844040396965]
MAR09463	[0.00013277844040396965]
MAR09681	[0.00013277844040396965]
MAR09682	[0.00013277844040396965]
MAR09683	[0.00013277844040396965]
MAR09684	[0.00013277844040396965]
MAR09685	[0.00013277844040396965]
MAR09686	[0.00013277844040396965]
MAR09687	[0.00013277844040396965]
MAR09688	[0.00013277844040396965]
MAR09689	[0.00013277844040396965]
MAR09690	[0.00013277844040396965]
MAR09691	[0.00013277844040396965]
MAR09692	[0.00013277844040396965]
MAR09693	[0.00013277844040396965]
MAR09694	[0.00013277844040396965]
MAR09695	[0.00013277844040396965]
MAR09696	[0.00013277844040396965]
MAR09697	[0.00013277844040396965]
MAR09698	[0.00013277844040396965]
MAR09699	[0.00013277844040396965]
MAR09700	[0.00013277844040396965]
MAR09701	[0.00013277844040396965]
MAR09702	[0.00013277844040396965]
MAR09703	[0.00013277844040396965]
MAR09704	[0.00013277844040396965]
MAR09705	[0.00013277844040396965]
MAR09706	[0.00013277844040396965]
MAR09707	[0.00013277844040396965]
MAR09708	[0.00013277844040396965]
MAR09709	[0.00013277844040396965]
MAR09710	[0.00013277844040396965]
MAR09711	[0.00013277844040396965]
MAR09712	[0.00013277844040396965]
MAR09713	[0.00013277844040396965]
MAR09714	[0.00013277844040396965]
MAR09715	[0.00013277844040396965]
MAR09721	[0.00013277844040396965]
MAR09729	[0.00013277844040396965]
MAR09730	[0.00013277844040396965]
MAR09725	[0.00013277844040396965]
MAR00031	[7.06289065084333e-05]
MAR00021	[0.00013277844040396965]
MAR00022	[0.00013277844040396965]
MAR00023	[0.00013277844040396965]
MAR00033	[0.00013277844040396965]
MAR00034	[0.00013277844040396965]
MAR00035	[0.00013277844040396965]
MAR00036	[0.00013277844040396965]
MAR00037	[0.00013277844040396965]
MAR00038	[0.00013277844040396965]
MAR00040	[0.00013277844040396965]
MAR00041	[0.00013277844040396965]
MAR00043	[np.float64(7.456973094148011e-05)]
MAR00044	[0.00013277844040396965]
MAR00045	[0.00013277844040396965]
MAR00046	[np.float64(7.456973094148011e-05)]
MAR00047	[0.00013277844040396965]
MAR00048	[0.00013277844040396965]
MAR00049	[0.00013277844040396965]
MAR00050	[np.float64(7.456973094148011e-05)]
MAR00051	[np.float64(7.456973094148011e-05)]
MAR00052	[0.004952921735942963]
MAR00053	[np.float64(7.456973094148011e-05)]
MAR00054	[0.00013277844040396965]
MAR00055	[np.float64(7.456973094148011e-05)]
MAR00056	[0.00013277844040396965]
MAR00057	[np.float64(7.456973094148011e-05)]
MAR00058	[0.015956857496100273]
MAR00060	[np.float64(7.456973094148011e-05)]
MAR00061	[0.00013277844040396965]
MAR00062	[np.float64(7.456973094148011e-05)]
MAR00063	[0.00013277844040396965]
MAR00064	[np.float64(7.456973094148011e-05)]
MAR00065	[0.004952921735942963]
MAR00066	[np.float64(7.456973094148011e-05)]
MAR00067	[np.float64(7.456973094148011e-05)]
MAR00068	[3.092859332491893e-05]
MAR00069	[0.0038598311336530897]
MAR00070	[0.0038598311336530897]
MAR00071	[0.0038598311336530897]
MAR00072	[2.8841287887561833e-05]
MAR00073	[0.00013277844040396965]
MAR00074	[0.00013277844040396965]
MAR00075	[0.00013277844040396965]
MAR00076	[np.float64(7.456973094148011e-05)]
MAR00077	[0.00013277844040396965]
MAR00078	[0.00013277844040396965]
MAR00079	[np.float64(7.456973094148011e-05)]
MAR00080	[2.911814037845049e-05]
MAR00081	[np.float64(7.456973094148011e-05)]
MAR00082	[np.float64(7.456973094148011e-05)]
MAR00083	[0.009892246080268865]
MAR00084	[0.009892246080268865]
MAR00085	[0.009892246080268865]
MAR00086	[np.float64(7.456973094148011e-05)]
MAR00087	[0.015956857496100273]
MAR00088	[np.float64(7.456973094148011e-05)]
MAR00089	[0.00013277844040396965]
MAR00090	[0.00013277844040396965]
MAR00091	[np.float64(7.456973094148011e-05)]
MAR00092	[np.float64(7.456973094148011e-05)]
MAR00093	[np.float64(7.456973094148011e-05)]
MAR00094	[np.float64(7.456973094148011e-05)]
MAR00095	[0.00639132310635336]
MAR00097	[np.float64(7.456973094148011e-05)]
MAR00098	[0.00013277844040396965]
MAR00099	[0.00013277844040396965]
MAR00100	[0.00013277844040396965]
MAR00101	[np.float64(7.456973094148011e-05)]
MAR00102	[np.float64(7.456973094148011e-05)]
MAR00103	[np.float64(7.456973094148011e-05)]
MAR00104	[np.float64(7.456973094148011e-05)]
MAR00105	[np.float64(7.456973094148011e-05)]
MAR00106	[np.float64(7.456973094148011e-05)]
MAR00107	[np.float64(7.456973094148011e-05)]
MAR00108	[np.float64(7.456973094148011e-05)]
MAR00109	[np.float64(7.456973094148011e-05)]
MAR00110	[np.float64(7.456973094148011e-05)]
MAR00111	[np.float64(7.456973094148011e-05)]
MAR00112	[0.00013277844040396965]
MAR00113	[np.float64(7.456973094148011e-05)]
MAR00114	[np.float64(7.456973094148011e-05)]
MAR00115	[np.float64(7.456973094148011e-05)]
MAR00116	[np.float64(7.456973094148011e-05)]
MAR00117	[np.float64(7.456973094148011e-05)]
MAR00118	[np.float64(7.456973094148011e-05)]
MAR00119	[np.float64(7.456973094148011e-05)]
MAR00120	[0.00013277844040396965]
MAR00121	[np.float64(7.456973094148011e-05)]
MAR00122	[np.float64(7.456973094148011e-05)]
MAR00123	[0.00013277844040396965]
MAR00124	[np.float64(7.456973094148011e-05)]
MAR00125	[3.403269217263376e-05]
MAR00126	[np.float64(7.456973094148011e-05)]
MAR00127	[0.00013277844040396965]
MAR00128	[np.float64(7.456973094148011e-05)]
MAR00129	[np.float64(7.456973094148011e-05)]
MAR00130	[0.00013277844040396965]
MAR00131	[np.float64(7.456973094148011e-05)]
MAR00132	[0.00013277844040396965]
MAR00133	[np.float64(7.456973094148011e-05)]
MAR00134	[np.float64(7.456973094148011e-05)]
MAR00135	[0.00013277844040396965]
MAR00136	[0.00013277844040396965]
MAR00137	[np.float64(7.456973094148011e-05)]
MAR00138	[0.00013277844040396965]
MAR00139	[np.float64(7.456973094148011e-05)]
MAR00140	[0.00013277844040396965]
MAR00141	[np.float64(7.456973094148011e-05)]
MAR00142	[0.00013277844040396965]
MAR00143	[np.float64(7.456973094148011e-05)]
MAR00144	[2.8841287887561833e-05]
MAR00145	[np.float64(7.456973094148011e-05)]
MAR00146	[2.8841287887561833e-05]
MAR00147	[2.8841287887561833e-05]
MAR00148	[2.8841287887561833e-05]
MAR00149	[np.float64(7.456973094148011e-05)]
MAR00150	[np.float64(7.456973094148011e-05)]
MAR00151	[np.float64(7.456973094148011e-05)]
MAR00152	[np.float64(7.456973094148011e-05)]
MAR00181	[np.float64(7.456973094148011e-05)]
MAR00186	[np.float64(7.456973094148011e-05)]
MAR00205	[0.00013277844040396965]
MAR00218	[0.00013277844040396965]
MAR00219	[0.00013277844040396965]
MAR00220	[0.00013277844040396965]
MAR00221	[0.00013277844040396965]
MAR00222	[3.262101882673672e-05]
MAR00227	[np.float64(7.456973094148011e-05)]
MAR00228	[np.float64(7.456973094148011e-05)]
MAR00229	[0.00013277844040396965]
MAR00251	[0.00013277844040396965]
MAR00252	[np.float64(7.456973094148011e-05)]
MAR00285	[np.float64(7.456973094148011e-05)]
MAR00286	[0.00013277844040396965]
MAR00315	[0.00013277844040396965]
MAR00316	[0.00013277844040396965]
MAR00333	[0.00013277844040396965]
MAR00334	[0.004952921735942963]
MAR00441	[np.float64(7.456973094148011e-05)]
MAR00442	[0.015956857496100273]
MAR00443	[3.610771761399455e-05]
MAR00447	[0.00013277844040396965]
MAR00451	[np.float64(7.456973094148011e-05)]
MAR00452	[np.float64(7.456973094148011e-05)]
MAR00455	[np.float64(7.456973094148011e-05)]
MAR00465	[np.float64(7.456973094148011e-05)]
MAR00471	[np.float64(7.456973094148011e-05)]
MAR00472	[np.float64(7.456973094148011e-05)]
MAR00473	[0.00013277844040396965]
MAR00474	[0.00013277844040396965]
MAR00475	[0.00013277844040396965]
MAR00480	[0.00013277844040396965]
MAR00485	[0.00013277844040396965]
MAR00554	[0.00013277844040396965]
MAR00564	[0.00013277844040396965]
MAR00565	[0.00013277844040396965]
MAR00566	[0.00013277844040396965]
MAR00567	[0.00013277844040396965]
MAR00568	[0.00013277844040396965]
MAR00569	[0.00013277844040396965]
MAR00570	[0.00013277844040396965]
MAR00571	[0.00013277844040396965]
MAR00572	[0.00013277844040396965]
MAR00573	[0.00013277844040396965]
MAR00574	[0.00013277844040396965]
MAR00575	[0.00013277844040396965]
MAR00576	[0.00013277844040396965]
MAR00577	[0.00013277844040396965]
MAR00583	[0.00013277844040396965]
MAR00585	[0.00013277844040396965]
MAR00595	[0.00013277844040396965]
MAR00603	[0.00013277844040396965]
MAR00606	[0.00013277844040396965]
MAR00608	[0.00013277844040396965]
MAR00609	[0.00013277844040396965]
MAR00611	[0.00013277844040396965]
MAR00617	[0.00013277844040396965]
MAR00618	[0.00013277844040396965]
MAR00619	[0.00013277844040396965]
MAR00620	[0.00013277844040396965]
MAR00621	[0.00013277844040396965]
MAR00624	[0.00013277844040396965]
MAR00626	[0.00013277844040396965]
MAR00628	[0.00013277844040396965]
MAR00631	[0.00013277844040396965]
MAR00637	[0.00013277844040396965]
MAR00639	[0.00013277844040396965]
MAR00650	[0.00013277844040396965]
MAR00655	[0.00013277844040396965]
MAR00656	[0.00013277844040396965]
MAR00658	[0.00013277844040396965]
MAR00661	[0.00013277844040396965]
MAR00662	[0.00013277844040396965]
MAR00666	[0.00013277844040396965]
MAR00693	[0.00013277844040396965]
MAR00694	[0.00013277844040396965]
MAR00695	[0.00013277844040396965]
MAR00696	[0.00013277844040396965]
MAR00697	[0.00013277844040396965]
MAR00698	[0.00013277844040396965]
MAR00699	[0.00013277844040396965]
MAR00700	[0.00013277844040396965]
MAR00701	[0.00013277844040396965]
MAR00702	[0.00013277844040396965]
MAR00704	[0.00013277844040396965]
MAR00711	[0.00013277844040396965]
MAR00714	[0.00013277844040396965]
MAR00720	[0.00013277844040396965]
MAR00721	[0.00013277844040396965]
MAR00722	[0.00013277844040396965]
MAR00723	[0.015956857496100273]
MAR00724	[0.015956857496100273]
MAR00725	[0.015956857496100273]
MAR00726	[0.015956857496100273]
MAR00727	[0.00013277844040396965]
MAR00728	[0.00013277844040396965]
MAR00729	[0.015956857496100273]
MAR00737	[np.float64(7.456973094148011e-05)]
MAR00739	[np.float64(7.456973094148011e-05)]
MAR00742	[0.005472296504682771]
MAR00743	[np.float64(7.456973094148011e-05)]
MAR00745	[np.float64(7.456973094148011e-05)]
MAR00747	[np.float64(7.456973094148011e-05)]
MAR00749	[np.float64(7.456973094148011e-05)]
MAR00751	[np.float64(7.456973094148011e-05)]
MAR00752	[np.float64(7.456973094148011e-05)]
MAR00755	[np.float64(7.456973094148011e-05)]
MAR00756	[np.float64(7.456973094148011e-05)]
MAR00757	[np.float64(7.456973094148011e-05)]
MAR00759	[np.float64(7.456973094148011e-05)]
MAR00764	[np.float64(7.456973094148011e-05)]
MAR00772	[np.float64(7.456973094148011e-05)]
MAR00774	[np.float64(7.456973094148011e-05)]
MAR00776	[np.float64(7.456973094148011e-05)]
MAR00777	[np.float64(7.456973094148011e-05)]
MAR00778	[np.float64(7.456973094148011e-05)]
MAR00780	[np.float64(7.456973094148011e-05)]
MAR00784	[np.float64(7.456973094148011e-05)]
MAR00785	[np.float64(7.456973094148011e-05)]
MAR00788	[np.float64(7.456973094148011e-05)]
MAR00799	[np.float64(7.456973094148011e-05)]
MAR00800	[np.float64(7.456973094148011e-05)]
MAR00818	[np.float64(7.456973094148011e-05)]
MAR00833	[np.float64(7.456973094148011e-05)]
MAR00869	[np.float64(7.456973094148011e-05)]
MAR00872	[np.float64(7.456973094148011e-05)]
MAR00874	[np.float64(7.456973094148011e-05)]
MAR00916	[np.float64(7.456973094148011e-05)]
MAR00922	[np.float64(7.456973094148011e-05)]
MAR00923	[np.float64(7.456973094148011e-05)]
MAR00927	[np.float64(7.456973094148011e-05)]
MAR00930	[np.float64(7.456973094148011e-05)]
MAR00952	[np.float64(7.456973094148011e-05)]
MAR00968	[np.float64(7.456973094148011e-05)]
MAR00970	[3.262101882673672e-05]
MAR00972	[np.float64(7.456973094148011e-05)]
MAR00974	[np.float64(7.456973094148011e-05)]
MAR00975	[np.float64(7.456973094148011e-05)]
MAR00977	[np.float64(7.456973094148011e-05)]
MAR00978	[np.float64(7.456973094148011e-05)]
MAR00982	[np.float64(7.456973094148011e-05)]
MAR01001	[np.float64(7.456973094148011e-05)]
MAR01005	[np.float64(7.456973094148011e-05)]
MAR01012	[0.00013277844040396965]
MAR01019	[0.00013277844040396965]
MAR01024	[0.00013277844040396965]
MAR01031	[0.00013277844040396965]
MAR01032	[0.00013277844040396965]
MAR01036	[np.float64(7.456973094148011e-05)]
MAR01038	[0.011222218824231805]
MAR01044	[np.float64(7.456973094148011e-05)]
MAR01046	[0.00013277844040396965]
MAR01047	[np.float64(7.456973094148011e-05)]
MAR01051	[0.00013277844040396965]
MAR01052	[0.00013277844040396965]
MAR01056	[0.00013277844040396965]
MAR01060	[0.00013277844040396965]
MAR01076	[0.00013277844040396965]
MAR01078	[0.00013277844040396965]
MAR01083	[np.float64(7.456973094148011e-05)]
MAR01118	[0.004203453652338184]
MAR01141	[0.004952921735942963]
MAR01169	[np.float64(7.456973094148011e-05)]
MAR01314	[0.015956857496100273]
MAR01340	[0.00013277844040396965]
MAR01348	[0.00013277844040396965]
MAR01349	[0.00013277844040396965]
MAR01351	[0.00011122499709339157]
MAR01353	[np.float64(7.456973094148011e-05)]
MAR01354	[0.00013277844040396965]
MAR01368	[0.00013277844040396965]
MAR01369	[0.00013277844040396965]
MAR01371	[5.739849101267972e-05]
MAR01372	[np.float64(7.456973094148011e-05)]
MAR01377	[0.00013277844040396965]
MAR01378	[0.011256183989019192]
MAR01380	[np.float64(7.456973094148011e-05)]
MAR01381	[0.00013277844040396965]
MAR01385	[0.00013277844040396965]
MAR01386	[np.float64(7.456973094148011e-05)]
MAR01396	[0.015956857496100273]
MAR01397	[np.float64(7.456973094148011e-05)]
MAR01399	[np.float64(7.456973094148011e-05)]
MAR01400	[np.float64(7.456973094148011e-05)]
MAR01435	[0.00013277844040396965]
MAR01438	[0.00013277844040396965]
MAR01439	[np.float64(7.456973094148011e-05)]
MAR01441	[np.float64(7.456973094148011e-05)]
MAR01442	[0.004952921735942963]
MAR01444	[0.009892246080268865]
MAR01446	[np.float64(7.456973094148011e-05)]
MAR01447	[0.00013277844040396965]
MAR01449	[np.float64(7.456973094148011e-05)]
MAR01450	[np.float64(7.456973094148011e-05)]
MAR01452	[np.float64(7.456973094148011e-05)]
MAR01453	[2.8841287887561833e-05]
MAR01455	[0.00013277844040396965]
MAR01456	[np.float64(7.456973094148011e-05)]
MAR01461	[0.00013277844040396965]
MAR01462	[0.00013277844040396965]
MAR01463	[np.float64(7.456973094148011e-05)]
MAR01464	[0.00013277844040396965]
MAR01466	[np.float64(7.456973094148011e-05)]
MAR01468	[np.float64(7.456973094148011e-05)]
MAR01469	[0.00013277844040396965]
MAR01471	[0.00013277844040396965]
MAR01472	[np.float64(7.456973094148011e-05)]
MAR01474	[np.float64(7.456973094148011e-05)]
MAR01475	[np.float64(7.456973094148011e-05)]
MAR01476	[0.00013277844040396965]
MAR01480	[0.00013277844040396965]
MAR01481	[np.float64(7.456973094148011e-05)]
MAR01482	[np.float64(7.456973094148011e-05)]
MAR01485	[0.015956857496100273]
MAR01486	[np.float64(7.456973094148011e-05)]
MAR01487	[np.float64(7.456973094148011e-05)]
MAR01488	[np.float64(7.456973094148011e-05)]
MAR01489	[np.float64(7.456973094148011e-05)]
MAR01491	[np.float64(7.456973094148011e-05)]
MAR01492	[np.float64(7.456973094148011e-05)]
MAR01497	[0.009947721923987943]
MAR01498	[np.float64(7.456973094148011e-05)]
MAR01499	[0.00013277844040396965]
MAR01501	[0.00012860882859094003]
MAR01506	[0.00013277844040396965]
MAR01507	[0.00013277844040396965]
MAR01508	[np.float64(7.456973094148011e-05)]
MAR01510	[np.float64(7.456973094148011e-05)]
MAR01511	[7.13264168815426e-05]
MAR01513	[np.float64(7.456973094148011e-05)]
MAR01514	[0.00013277844040396965]
MAR01517	[np.float64(7.456973094148011e-05)]
MAR01518	[0.00013277844040396965]
MAR01520	[np.float64(7.456973094148011e-05)]
MAR01521	[9.620059724197572e-05]
MAR01522	[9.620059724197572e-05]
MAR01523	[np.float64(7.456973094148011e-05)]
MAR01524	[np.float64(7.456973094148011e-05)]
MAR01525	[0.0072018236267229]
MAR01527	[np.float64(7.456973094148011e-05)]
MAR01528	[np.float64(7.456973094148011e-05)]
MAR01529	[np.float64(7.456973094148011e-05)]
MAR01534	[0.015956857496100273]
MAR01537	[0.00013277844040396965]
MAR01541	[0.00013277844040396965]
MAR01542	[np.float64(7.456973094148011e-05)]
MAR01554	[0.005060066926191334]
MAR01555	[0.004952921735942963]
MAR01556	[np.float64(7.456973094148011e-05)]
MAR01559	[np.float64(7.456973094148011e-05)]
MAR01560	[0.015956857496100273]
MAR01561	[0.00013277844040396965]
MAR01562	[0.00013277844040396965]
MAR01563	[0.00013277844040396965]
MAR01564	[0.00013277844040396965]
MAR01566	[0.00013277844040396965]
MAR01567	[0.00639132310635336]
MAR01569	[0.00012860882859094003]
MAR01571	[0.015956857496100273]
MAR01574	[0.00473315991131433]
MAR01575	[0.00013277844040396965]
MAR01578	[0.00013277844040396965]
MAR01579	[0.00013277844040396965]
MAR01580	[0.00013277844040396965]
MAR01582	[0.00013277844040396965]
MAR01583	[0.015956857496100273]
MAR01586	[np.float64(7.456973094148011e-05)]
MAR01587	[0.00013277844040396965]
MAR01588	[np.float64(7.456973094148011e-05)]
MAR01591	[0.00013277844040396965]
MAR01594	[0.0001179695298726268]
MAR01596	[0.0001179695298726268]
MAR01597	[0.00013277844040396965]
MAR01600	[np.float64(7.456973094148011e-05)]
MAR01601	[0.00013277844040396965]
MAR01603	[np.float64(7.456973094148011e-05)]
MAR01606	[np.float64(7.456973094148011e-05)]
MAR01607	[0.00013277844040396965]
MAR01612	[np.float64(7.456973094148011e-05)]
MAR01615	[np.float64(7.456973094148011e-05)]
MAR01616	[3.0451499156558264e-05]
MAR01618	[np.float64(7.456973094148011e-05)]
MAR01621	[0.00013277844040396965]
MAR01626	[0.00013277844040396965]
MAR01628	[6.583680306537377e-05]
MAR01633	[0.00013277844040396965]
MAR01634	[np.float64(7.456973094148011e-05)]
MAR01636	[np.float64(7.456973094148011e-05)]
MAR01640	[0.00013277844040396965]
MAR01641	[0.00013277844040396965]
MAR01643	[np.float64(7.456973094148011e-05)]
MAR01645	[0.00013277844040396965]
MAR01647	[0.00013277844040396965]
MAR01648	[0.00013277844040396965]
MAR01649	[2.9457920097090758e-05]
MAR01650	[np.float64(7.456973094148011e-05)]
MAR01654	[0.00013277844040396965]
MAR01655	[np.float64(7.456973094148011e-05)]
MAR01657	[0.00013277844040396965]
MAR01658	[np.float64(7.456973094148011e-05)]
MAR01661	[0.0001179695298726268]
MAR01664	[0.0001179695298726268]
MAR01669	[0.00013277844040396965]
MAR01671	[np.float64(7.456973094148011e-05)]
MAR01674	[np.float64(7.456973094148011e-05)]
MAR01675	[np.float64(7.456973094148011e-05)]
MAR01677	[np.float64(7.456973094148011e-05)]
MAR01680	[0.00013277844040396965]
MAR01683	[0.00013277844040396965]
MAR01686	[0.00013277844040396965]
MAR01688	[0.00013277844040396965]
MAR01690	[np.float64(7.456973094148011e-05)]
MAR01698	[0.00013277844040396965]
MAR01705	[0.00013277844040396965]
MAR01707	[0.00013277844040396965]
MAR01711	[np.float64(7.456973094148011e-05)]
MAR01712	[0.00013277844040396965]
MAR01713	[0.015956857496100273]
MAR01714	[np.float64(7.456973094148011e-05)]
MAR01715	[np.float64(7.456973094148011e-05)]
MAR01719	[0.00013277844040396965]
MAR01721	[np.float64(7.456973094148011e-05)]
MAR01724	[0.00013277844040396965]
MAR01728	[0.00013277844040396965]
MAR01731	[0.00013277844040396965]
MAR01732	[0.00013277844040396965]
MAR01733	[0.00013277844040396965]
MAR01734	[0.00013277844040396965]
MAR01736	[np.float64(7.456973094148011e-05)]
MAR01755	[np.float64(7.456973094148011e-05)]
MAR01757	[np.float64(7.456973094148011e-05)]
MAR01763	[np.float64(7.456973094148011e-05)]
MAR01773	[np.float64(7.456973094148011e-05)]
MAR01775	[np.float64(7.456973094148011e-05)]
MAR01779	[0.00013277844040396965]
MAR01780	[np.float64(7.456973094148011e-05)]
MAR01782	[np.float64(7.456973094148011e-05)]
MAR01791	[0.00013277844040396965]
MAR01793	[np.float64(7.456973094148011e-05)]
MAR01795	[0.00013277844040396965]
MAR01799	[np.float64(7.456973094148011e-05)]
MAR01801	[np.float64(7.456973094148011e-05)]
MAR01808	[np.float64(7.456973094148011e-05)]
MAR01812	[0.00013277844040396965]
MAR01814	[np.float64(7.456973094148011e-05)]
MAR01816	[0.015956857496100273]
MAR01818	[np.float64(7.456973094148011e-05)]
MAR01820	[0.0063255333240134545]
MAR01821	[0.00013277844040396965]
MAR01822	[0.00013277844040396965]
MAR01824	[0.00013277844040396965]
MAR01825	[0.00013277844040396965]
MAR01826	[0.00013277844040396965]
MAR01827	[0.00013277844040396965]
MAR01828	[0.00013277844040396965]
MAR01829	[0.00013277844040396965]
MAR01849	[0.00013277844040396965]
MAR01851	[0.00013277844040396965]
MAR01856	[0.00013277844040396965]
MAR01858	[0.00013277844040396965]
MAR01860	[0.00013277844040396965]
MAR01869	[0.00013277844040396965]
MAR01871	[0.00013277844040396965]
MAR01873	[0.00013277844040396965]
MAR01912	[0.00013277844040396965]
MAR01918	[0.00013277844040396965]
MAR01921	[0.00013277844040396965]
MAR01922	[0.00013277844040396965]
MAR01923	[0.00013277844040396965]
MAR01938	[0.00013277844040396965]
MAR01939	[0.00013277844040396965]
MAR01946	[0.00013277844040396965]
MAR01947	[0.00013277844040396965]
MAR01954	[0.00013277844040396965]
MAR01955	[0.00013277844040396965]
MAR01956	[0.00013277844040396965]
MAR01957	[0.00013277844040396965]
MAR01961	[0.00013277844040396965]
MAR01964	[0.00013277844040396965]
MAR01965	[0.00013277844040396965]
MAR01966	[0.00013277844040396965]
MAR01972	[0.00013277844040396965]
MAR01975	[0.00013277844040396965]
MAR01984	[0.00013277844040396965]
MAR01986	[0.00013277844040396965]
MAR02021	[0.014595015279142264]
MAR02023	[np.float64(7.456973094148011e-05)]
MAR02026	[np.float64(7.456973094148011e-05)]
MAR02028	[np.float64(7.456973094148011e-05)]
MAR02119	[0.005457331697651296]
MAR02120	[5.306890242565636e-05]
MAR02121	[np.float64(7.456973094148011e-05)]
MAR02122	[np.float64(7.456973094148011e-05)]
MAR02123	[np.float64(7.456973094148011e-05)]
MAR02124	[np.float64(7.456973094148011e-05)]
MAR02125	[np.float64(7.456973094148011e-05)]
MAR02126	[2.8841287887561833e-05]
MAR02128	[2.8841287887561833e-05]
MAR02146	[0.00013277844040396965]
MAR02147	[np.float64(7.456973094148011e-05)]
MAR02148	[np.float64(7.456973094148011e-05)]
MAR02149	[np.float64(7.456973094148011e-05)]
MAR02183	[np.float64(7.456973094148011e-05)]
MAR02184	[np.float64(7.456973094148011e-05)]
MAR02186	[0.009947721923987943]
MAR02187	[np.float64(7.456973094148011e-05)]
MAR02188	[2.9412127499088146e-05]
MAR02189	[2.9412127499088146e-05]
MAR02192	[2.9412127499088146e-05]
MAR02195	[2.9412127499088146e-05]
MAR02196	[2.9412127499088146e-05]
MAR02197	[2.9412127499088146e-05]
MAR02198	[np.float64(7.456973094148011e-05)]
MAR02200	[np.float64(7.456973094148011e-05)]
MAR02206	[3.262101882673672e-05]
MAR02207	[np.float64(7.456973094148011e-05)]
MAR02216	[3.403269217263376e-05]
MAR02220	[3.403269217263376e-05]
MAR02221	[0.00735862956566862]
MAR02222	[0.00013277844040396965]
MAR02223	[0.00013277844040396965]
MAR02224	[0.00013277844040396965]
MAR02225	[0.00013277844040396965]
MAR02226	[0.015956857496100273]
MAR02271	[0.005852844278902521]
MAR02272	[0.00011122499709339157]
MAR02273	[0.00013277844040396965]
MAR02274	[0.00013277844040396965]
MAR02275	[0.00013277844040396965]
MAR02278	[0.00013277844040396965]
MAR02279	[0.00013277844040396965]
MAR02280	[0.00013277844040396965]
MAR02283	[0.00013277844040396965]
MAR02285	[0.00013277844040396965]
MAR02290	[0.00013277844040396965]
MAR02291	[0.00013277844040396965]
MAR02297	[0.00013277844040396965]
MAR02298	[0.00013277844040396965]
MAR02299	[0.00013277844040396965]
MAR02300	[0.00013277844040396965]
MAR02301	[np.float64(7.456973094148011e-05)]
MAR02302	[0.00013277844040396965]
MAR02303	[3.403269217263376e-05]
MAR02304	[0.00013277844040396965]
MAR02306	[np.float64(7.456973094148011e-05)]
MAR02308	[np.float64(7.456973094148011e-05)]
MAR02310	[np.float64(7.456973094148011e-05)]
MAR02312	[np.float64(7.456973094148011e-05)]
MAR02313	[np.float64(7.456973094148011e-05)]
MAR02314	[np.float64(7.456973094148011e-05)]
MAR02316	[0.00013277844040396965]
MAR02318	[0.00013277844040396965]
MAR02320	[0.00013277844040396965]
MAR02322	[np.float64(7.456973094148011e-05)]
MAR02323	[np.float64(7.456973094148011e-05)]
MAR02325	[np.float64(7.456973094148011e-05)]
MAR02327	[np.float64(7.456973094148011e-05)]
MAR02329	[0.015956857496100273]
MAR02331	[0.00013277844040396965]
MAR02333	[0.00013277844040396965]
MAR02335	[0.00013277844040396965]
MAR02337	[3.262101882673672e-05]
MAR02339	[3.610771761399455e-05]
MAR02340	[0.00013277844040396965]
MAR02341	[np.float64(7.456973094148011e-05)]
MAR02346	[0.00013277844040396965]
MAR02351	[np.float64(7.456973094148011e-05)]
MAR02352	[2.8841287887561833e-05]
MAR02357	[2.8841287887561833e-05]
MAR02360	[0.00013277844040396965]
MAR02375	[0.00013277844040396965]
MAR02377	[0.00013277844040396965]
MAR02379	[0.00013277844040396965]
MAR02381	[np.float64(7.456973094148011e-05)]
MAR02382	[0.00013277844040396965]
MAR02385	[0.0061040911240064985]
MAR02386	[0.0061040911240064985]
MAR02388	[np.float64(7.456973094148011e-05)]
MAR02396	[0.0061040911240064985]
MAR02398	[0.0061040911240064985]
MAR02400	[0.0061040911240064985]
MAR02402	[0.003795437725128862]
MAR02404	[0.015956857496100273]
MAR02405	[3.403269217263376e-05]
MAR02406	[3.403269217263376e-05]
MAR02413	[3.403269217263376e-05]
MAR02414	[3.403269217263376e-05]
MAR02416	[3.403269217263376e-05]
MAR02418	[3.403269217263376e-05]
MAR02420	[3.403269217263376e-05]
MAR02422	[3.403269217263376e-05]
MAR02424	[9.620059724197572e-05]
MAR02425	[9.620059724197572e-05]
MAR02427	[0.00013277844040396965]
MAR02429	[0.00013277844040396965]
MAR02431	[0.00013277844040396965]
MAR02432	[0.00013277844040396965]
MAR02471	[0.00013277844040396965]
MAR02473	[0.00013277844040396965]
MAR02474	[0.00013277844040396965]
MAR02476	[0.00013277844040396965]
MAR02477	[0.00013277844040396965]
MAR02479	[0.00013277844040396965]
MAR02481	[0.00013277844040396965]
MAR02483	[np.float64(7.456973094148011e-05)]
MAR02485	[np.float64(7.456973094148011e-05)]
MAR02487	[7.43681259301101e-05]
MAR02488	[np.float64(7.456973094148011e-05)]
MAR02492	[0.00013277844040396965]
MAR02494	[np.float64(7.456973094148011e-05)]
MAR02496	[np.float64(7.456973094148011e-05)]
MAR02498	[np.float64(7.456973094148011e-05)]
MAR02500	[7.43681259301101e-05]
MAR02502	[np.float64(7.456973094148011e-05)]
MAR02504	[7.43681259301101e-05]
MAR02506	[np.float64(7.456973094148011e-05)]
MAR02507	[7.43681259301101e-05]
MAR02508	[np.float64(7.456973094148011e-05)]
MAR02519	[4.067851433658209e-05]
MAR02521	[4.067851433658209e-05]
MAR02523	[np.float64(7.456973094148011e-05)]
MAR02525	[np.float64(7.456973094148011e-05)]
MAR02527	[0.00013277844040396965]
MAR02529	[0.015956857496100273]
MAR02531	[2.9148311735601487e-05]
MAR02536	[np.float64(7.456973094148011e-05)]
MAR02538	[np.float64(7.456973094148011e-05)]
MAR02539	[np.float64(7.456973094148011e-05)]
MAR02589	[np.float64(7.456973094148011e-05)]
MAR02595	[np.float64(7.456973094148011e-05)]
MAR02597	[np.float64(7.456973094148011e-05)]
MAR02615	[7.478461831564201e-05]
MAR02617	[np.float64(7.456973094148011e-05)]
MAR02619	[7.478461831564201e-05]
MAR02627	[np.float64(7.456973094148011e-05)]
MAR02628	[7.478461831564201e-05]
MAR02631	[np.float64(7.456973094148011e-05)]
MAR02632	[7.478461831564201e-05]
MAR02637	[np.float64(7.456973094148011e-05)]
MAR02639	[0.005060066926191334]
MAR02641	[0.005060066926191334]
MAR02643	[0.005060066926191334]
MAR02645	[2.9148311735601487e-05]
MAR02647	[0.015956857496100273]
MAR02694	[2.9148311735601487e-05]
MAR02696	[0.015956857496100273]
MAR02698	[np.float64(7.456973094148011e-05)]
MAR02721	[0.00013277844040396965]
MAR02723	[0.009947721923987943]
MAR02725	[np.float64(7.456973094148011e-05)]
MAR02728	[np.float64(7.456973094148011e-05)]
MAR02743	[np.float64(7.456973094148011e-05)]
MAR02747	[np.float64(7.456973094148011e-05)]
MAR02749	[np.float64(7.456973094148011e-05)]
MAR02751	[0.009947721923987943]
MAR02756	[np.float64(7.456973094148011e-05)]
MAR02763	[np.float64(7.456973094148011e-05)]
MAR02765	[np.float64(7.456973094148011e-05)]
MAR02767	[np.float64(7.456973094148011e-05)]
MAR02779	[0.00013277844040396965]
MAR02781	[np.float64(7.456973094148011e-05)]
MAR02782	[0.00013277844040396965]
MAR02784	[0.00013277844040396965]
MAR02786	[np.float64(7.456973094148011e-05)]
MAR02802	[np.float64(7.456973094148011e-05)]
MAR02804	[np.float64(7.456973094148011e-05)]
MAR02808	[np.float64(7.456973094148011e-05)]
MAR02810	[np.float64(7.456973094148011e-05)]
MAR02818	[np.float64(7.456973094148011e-05)]
MAR02820	[0.00013277844040396965]
MAR02826	[0.00013277844040396965]
MAR02828	[0.00013277844040396965]
MAR02858	[0.004952921735942963]
MAR02860	[0.00013277844040396965]
MAR02881	[0.015956857496100273]
MAR02883	[0.00013277844040396965]
MAR02885	[0.00639132310635336]
MAR02887	[0.00013277844040396965]
MAR02889	[0.00013277844040396965]
MAR02891	[0.00639132310635336]
MAR02893	[0.00013277844040396965]
MAR02895	[0.00013277844040396965]
MAR02933	[0.00013277844040396965]
MAR02934	[0.00013277844040396965]
MAR02935	[0.00013277844040396965]
MAR02936	[0.00013277844040396965]
MAR02937	[0.00013277844040396965]
MAR02938	[0.00013277844040396965]
MAR02939	[0.00013277844040396965]
MAR02940	[7.43681259301101e-05]
MAR02941	[0.00013277844040396965]
MAR02950	[np.float64(7.456973094148011e-05)]
MAR02953	[np.float64(7.456973094148011e-05)]
MAR02958	[np.float64(7.456973094148011e-05)]
MAR02960	[0.00013277844040396965]
MAR02993	[0.00013277844040396965]
MAR02995	[np.float64(7.456973094148011e-05)]
MAR02997	[np.float64(7.456973094148011e-05)]
MAR03004	[np.float64(7.456973094148011e-05)]
MAR03005	[0.0063255333240134545]
MAR03006	[np.float64(7.456973094148011e-05)]
MAR03010	[np.float64(7.456973094148011e-05)]
MAR03012	[np.float64(7.456973094148011e-05)]
MAR03016	[0.00013277844040396965]
MAR03031	[7.478461831564201e-05]
MAR03036	[0.00013277844040396965]
MAR03038	[0.015956857496100273]
MAR03039	[0.00013277844040396965]
MAR03040	[0.00639132310635336]
MAR03041	[0.00013277844040396965]
MAR03042	[0.015956857496100273]
MAR03043	[0.005060066926191334]
MAR03044	[np.float64(7.456973094148011e-05)]
MAR03045	[0.005060066926191334]
MAR03046	[np.float64(7.456973094148011e-05)]
MAR03047	[0.00013277844040396965]
MAR03048	[np.float64(7.456973094148011e-05)]
MAR03049	[0.00013277844040396965]
MAR03050	[0.00013277844040396965]
MAR03051	[np.float64(7.456973094148011e-05)]
MAR03052	[np.float64(7.456973094148011e-05)]
MAR03061	[np.float64(7.456973094148011e-05)]
MAR03119	[0.00013277844040396965]
MAR03120	[0.00013277844040396965]
MAR03124	[np.float64(7.456973094148011e-05)]
MAR03126	[0.00013277844040396965]
MAR03127	[0.005060066926191334]
MAR03131	[0.00013277844040396965]
MAR03133	[0.00013277844040396965]
MAR03134	[0.010042052540867787]
MAR03138	[0.00013277844040396965]
MAR03140	[0.015956857496100273]
MAR03141	[2.9148311735601487e-05]
MAR03145	[0.015956857496100273]
MAR03147	[0.015956857496100273]
MAR03148	[2.9148311735601487e-05]
MAR03152	[0.015956857496100273]
MAR03154	[np.float64(7.456973094148011e-05)]
MAR03155	[np.float64(7.456973094148011e-05)]
MAR03159	[np.float64(7.456973094148011e-05)]
MAR03161	[np.float64(7.456973094148011e-05)]
MAR03162	[0.015956857496100273]
MAR03165	[np.float64(7.456973094148011e-05)]
MAR03167	[0.00013277844040396965]
MAR03168	[0.00013277844040396965]
MAR03169	[7.478461831564201e-05]
MAR03207	[np.float64(7.456973094148011e-05)]
MAR03209	[0.00639132310635336]
MAR03210	[0.00013277844040396965]
MAR03214	[0.00639132310635336]
MAR03216	[0.00013277844040396965]
MAR03217	[0.00013277844040396965]
MAR03238	[0.00013277844040396965]
MAR03248	[0.00013277844040396965]
MAR03249	[0.00013277844040396965]
MAR03251	[0.009947721923987943]
MAR03253	[0.009947721923987943]
MAR03255	[0.00013277844040396965]
MAR03257	[0.009947721923987943]
MAR03259	[0.00013277844040396965]
MAR03261	[0.00013277844040396965]
MAR03263	[0.015956857496100273]
MAR03265	[0.00013277844040396965]
MAR03266	[0.00013277844040396965]
MAR03267	[0.00013277844040396965]
MAR03268	[0.00013277844040396965]
MAR03269	[3.012129769288026e-05]
MAR03270	[np.float64(7.456973094148011e-05)]
MAR03271	[np.float64(7.456973094148011e-05)]
MAR03273	[np.float64(7.456973094148011e-05)]
MAR03274	[np.float64(7.456973094148011e-05)]
MAR03276	[np.float64(7.456973094148011e-05)]
MAR03289	[np.float64(7.456973094148011e-05)]
MAR03291	[np.float64(7.456973094148011e-05)]
MAR03295	[np.float64(7.456973094148011e-05)]
MAR03297	[2.9457920097090758e-05]
MAR03299	[np.float64(7.456973094148011e-05)]
MAR03300	[np.float64(7.456973094148011e-05)]
MAR03303	[np.float64(7.456973094148011e-05)]
MAR03308	[np.float64(7.456973094148011e-05)]
MAR03313	[np.float64(7.456973094148011e-05)]
MAR03318	[np.float64(7.456973094148011e-05)]
MAR03324	[0.00013277844040396965]
MAR03325	[np.float64(7.456973094148011e-05)]
MAR03354	[np.float64(7.456973094148011e-05)]
MAR03366	[np.float64(7.456973094148011e-05)]
MAR03371	[np.float64(7.456973094148011e-05)]
MAR03374	[np.float64(7.456973094148011e-05)]
MAR03376	[np.float64(7.456973094148011e-05)]
MAR03377	[np.float64(7.456973094148011e-05)]
MAR03378	[np.float64(7.456973094148011e-05)]
MAR03379	[2.9457920097090758e-05]
MAR03380	[3.012129769288026e-05]
MAR03381	[3.262101882673672e-05]
MAR03382	[0.00013277844040396965]
MAR03383	[0.00013277844040396965]
MAR03384	[np.float64(7.456973094148011e-05)]
MAR03385	[np.float64(7.456973094148011e-05)]
MAR03386	[np.float64(7.456973094148011e-05)]
MAR03387	[np.float64(7.456973094148011e-05)]
MAR03388	[0.00013277844040396965]
MAR03389	[np.float64(7.456973094148011e-05)]
MAR03390	[0.00013277844040396965]
MAR03391	[2.9148311735601487e-05]
MAR03392	[0.00013277844040396965]
MAR03393	[4.067851433658209e-05]
MAR03394	[4.067851433658209e-05]
MAR03395	[4.067851433658209e-05]
MAR03399	[4.067851433658209e-05]
MAR03400	[0.015956857496100273]
MAR03401	[4.067851433658209e-05]
MAR03402	[4.067851433658209e-05]
MAR03403	[4.067851433658209e-05]
MAR03404	[4.067851433658209e-05]
MAR03405	[4.067851433658209e-05]
MAR03410	[4.067851433658209e-05]
MAR03412	[4.067851433658209e-05]
MAR03415	[4.067851433658209e-05]
MAR03417	[4.067851433658209e-05]
MAR03418	[4.067851433658209e-05]
MAR03419	[0.00013277844040396965]
MAR03420	[np.float64(7.456973094148011e-05)]
MAR03434	[np.float64(7.456973094148011e-05)]
MAR03435	[0.00013277844040396965]
MAR03436	[np.float64(7.456973094148011e-05)]
MAR03437	[0.00013277844040396965]
MAR03438	[4.067851433658209e-05]
MAR03439	[np.float64(7.456973094148011e-05)]
MAR03440	[4.067851433658209e-05]
MAR03442	[4.067851433658209e-05]
MAR03443	[4.067851433658209e-05]
MAR03451	[4.067851433658209e-05]
MAR03465	[4.067851433658209e-05]
MAR03474	[4.067851433658209e-05]
MAR03479	[4.067851433658209e-05]
MAR03483	[np.float64(7.456973094148011e-05)]
MAR03485	[4.067851433658209e-05]
MAR03487	[4.067851433658209e-05]
MAR03490	[4.067851433658209e-05]
MAR03492	[4.067851433658209e-05]
MAR03494	[4.067851433658209e-05]
MAR03495	[4.067851433658209e-05]
MAR03496	[4.067851433658209e-05]
MAR03497	[4.067851433658209e-05]
MAR03499	[4.067851433658209e-05]
MAR03500	[4.067851433658209e-05]
MAR03502	[4.067851433658209e-05]
MAR03504	[4.067851433658209e-05]
MAR03507	[4.067851433658209e-05]
MAR03516	[4.067851433658209e-05]
MAR03518	[4.067851433658209e-05]
MAR03535	[4.067851433658209e-05]
MAR03536	[0.00013277844040396965]
MAR03598	[0.00013277844040396965]
MAR03599	[0.00013277844040396965]
MAR03600	[np.float64(7.456973094148011e-05)]
MAR03601	[np.float64(7.456973094148011e-05)]
MAR03602	[np.float64(7.456973094148011e-05)]
MAR03603	[np.float64(7.456973094148011e-05)]
MAR03604	[4.067851433658209e-05]
MAR03605	[4.067851433658209e-05]
MAR03606	[4.067851433658209e-05]
MAR03607	[4.067851433658209e-05]
MAR03608	[4.067851433658209e-05]
MAR03609	[4.067851433658209e-05]
MAR03610	[4.067851433658209e-05]
MAR03611	[4.067851433658209e-05]
MAR03612	[4.067851433658209e-05]
MAR03613	[0.015956857496100273]
MAR03614	[0.015956857496100273]
MAR03615	[4.067851433658209e-05]
MAR03616	[4.067851433658209e-05]
MAR03617	[4.067851433658209e-05]
MAR03618	[np.float64(7.456973094148011e-05)]
MAR03619	[4.067851433658209e-05]
MAR03620	[0.00013277844040396965]
MAR03621	[4.067851433658209e-05]
MAR03623	[0.00013277844040396965]
MAR03624	[4.067851433658209e-05]
MAR03745	[0.00013277844040396965]
MAR03749	[4.067851433658209e-05]
MAR03756	[np.float64(7.456973094148011e-05)]
MAR03758	[0.00013277844040396965]
MAR03764	[np.float64(7.456973094148011e-05)]
MAR03766	[0.00013277844040396965]
MAR03768	[0.00639132310635336]
MAR03774	[0.00013277844040396965]
MAR03776	[0.015956857496100273]
MAR03779	[np.float64(7.456973094148011e-05)]
MAR03781	[np.float64(7.456973094148011e-05)]
MAR03786	[np.float64(7.456973094148011e-05)]
MAR03788	[np.float64(7.456973094148011e-05)]
MAR03791	[np.float64(7.456973094148011e-05)]
MAR03798	[np.float64(7.456973094148011e-05)]
MAR03801	[np.float64(7.456973094148011e-05)]
MAR03803	[np.float64(7.456973094148011e-05)]
MAR03805	[np.float64(7.456973094148011e-05)]
MAR03808	[3.012129769288026e-05]
MAR03810	[np.float64(7.456973094148011e-05)]
MAR03812	[3.012129769288026e-05]
MAR03814	[np.float64(7.456973094148011e-05)]
MAR03815	[np.float64(7.456973094148011e-05)]
MAR03817	[np.float64(7.456973094148011e-05)]
MAR03821	[np.float64(7.456973094148011e-05)]
MAR03824	[0.00013277844040396965]
MAR03826	[0.015956857496100273]
MAR03828	[np.float64(7.456973094148011e-05)]
MAR03830	[0.00013277844040396965]
MAR03834	[0.00013277844040396965]
MAR03836	[0.00013277844040396965]
MAR03840	[0.00013277844040396965]
MAR03842	[np.float64(7.456973094148011e-05)]
MAR03844	[np.float64(7.456973094148011e-05)]
MAR03846	[np.float64(7.456973094148011e-05)]
MAR03872	[np.float64(7.456973094148011e-05)]
MAR03874	[np.float64(7.456973094148011e-05)]
MAR03876	[3.012129769288026e-05]
MAR03878	[0.00013277844040396965]
MAR03880	[0.00013277844040396965]
MAR03882	[0.00013277844040396965]
MAR03884	[0.00013277844040396965]
MAR03886	[np.float64(7.456973094148011e-05)]
MAR03887	[np.float64(7.456973094148011e-05)]
MAR03888	[np.float64(7.456973094148011e-05)]
MAR03891	[np.float64(7.456973094148011e-05)]
MAR03893	[0.0063255333240134545]
MAR03894	[np.float64(7.456973094148011e-05)]
MAR03896	[np.float64(7.456973094148011e-05)]
MAR03898	[0.00013277844040396965]
MAR03900	[0.0063255333240134545]
MAR03902	[np.float64(7.456973094148011e-05)]
MAR03904	[np.float64(7.456973094148011e-05)]
MAR03906	[0.0063255333240134545]
MAR03909	[0.00013277844040396965]
MAR03913	[np.float64(7.456973094148011e-05)]
MAR03914	[0.00013277844040396965]
MAR03918	[2.8841287887561833e-05]
MAR03924	[2.9148311735601487e-05]
MAR03926	[np.float64(7.456973094148011e-05)]
MAR03927	[0.00013277844040396965]
MAR03930	[0.00013277844040396965]
MAR03932	[np.float64(7.456973094148011e-05)]
MAR03934	[0.00013277844040396965]
MAR03936	[0.00013277844040396965]
MAR03938	[np.float64(7.456973094148011e-05)]
MAR03941	[np.float64(7.456973094148011e-05)]
MAR03942	[np.float64(7.456973094148011e-05)]
MAR03943	[np.float64(7.456973094148011e-05)]
MAR03945	[np.float64(7.456973094148011e-05)]
MAR03961	[np.float64(7.456973094148011e-05)]
MAR03962	[0.00013277844040396965]
MAR03963	[np.float64(7.456973094148011e-05)]
MAR03973	[np.float64(7.456973094148011e-05)]
MAR03976	[np.float64(7.456973094148011e-05)]
MAR03978	[np.float64(7.456973094148011e-05)]
MAR03981	[np.float64(7.456973094148011e-05)]
MAR03983	[3.012129769288026e-05]
MAR03985	[2.9282009943475488e-05]
MAR03990	[np.float64(7.456973094148011e-05)]
MAR03994	[np.float64(7.456973094148011e-05)]
MAR03997	[np.float64(7.456973094148011e-05)]
MAR04001	[np.float64(7.456973094148011e-05)]
MAR04003	[np.float64(7.456973094148011e-05)]
MAR04007	[0.00013277844040396965]
MAR04009	[0.004203453652338184]
MAR04011	[0.00013277844040396965]
MAR04013	[0.00013277844040396965]
MAR04015	[0.00013277844040396965]
MAR04017	[0.00013277844040396965]
MAR04019	[np.float64(7.456973094148011e-05)]
MAR04021	[np.float64(7.456973094148011e-05)]
MAR04023	[np.float64(7.456973094148011e-05)]
MAR04025	[np.float64(7.456973094148011e-05)]
MAR04027	[np.float64(7.456973094148011e-05)]
MAR04029	[np.float64(7.456973094148011e-05)]
MAR04031	[np.float64(7.456973094148011e-05)]
MAR04033	[np.float64(7.456973094148011e-05)]
MAR04035	[np.float64(7.456973094148011e-05)]
MAR04037	[np.float64(7.456973094148011e-05)]
MAR04039	[0.00013277844040396965]
MAR04041	[np.float64(7.456973094148011e-05)]
MAR04043	[np.float64(7.456973094148011e-05)]
MAR04045	[np.float64(7.456973094148011e-05)]
MAR04047	[np.float64(7.456973094148011e-05)]
MAR04049	[0.00013277844040396965]
MAR04051	[np.float64(7.456973094148011e-05)]
MAR04053	[0.00013277844040396965]
MAR04055	[np.float64(7.456973094148011e-05)]
MAR04057	[np.float64(7.456973094148011e-05)]
MAR04074	[np.float64(7.456973094148011e-05)]
MAR04076	[np.float64(7.456973094148011e-05)]
MAR04088	[0.00013277844040396965]
MAR04090	[np.float64(7.456973094148011e-05)]
MAR04092	[0.00013277844040396965]
MAR04094	[0.00013277844040396965]
MAR04096	[0.00013277844040396965]
MAR04098	[0.00013277844040396965]
MAR04100	[0.00013277844040396965]
MAR04102	[0.00013277844040396965]
MAR04104	[0.00013277844040396965]
MAR04110	[0.00013277844040396965]
MAR04117	[0.00013277844040396965]
MAR04119	[0.00013277844040396965]
MAR04129	[0.00013277844040396965]
MAR04138	[0.00013277844040396965]
MAR04140	[0.00013277844040396965]
MAR04142	[0.00013277844040396965]
MAR04146	[0.00013277844040396965]
MAR04148	[0.00013277844040396965]
MAR04150	[0.00013277844040396965]
MAR04151	[0.00013277844040396965]
MAR04153	[0.00013277844040396965]
MAR04154	[0.00013277844040396965]
MAR04155	[0.00013277844040396965]
MAR04157	[0.00013277844040396965]
MAR04161	[0.00013277844040396965]
MAR04164	[0.00013277844040396965]
MAR04173	[0.00013277844040396965]
MAR04178	[0.00013277844040396965]
MAR04181	[0.00013277844040396965]
MAR04195	[0.00013277844040396965]
MAR04203	[0.00013277844040396965]
MAR04213	[0.00013277844040396965]
MAR04215	[0.00013277844040396965]
MAR04217	[0.00013277844040396965]
MAR04221	[0.00013277844040396965]
MAR04223	[0.00013277844040396965]
MAR04226	[0.00013277844040396965]
MAR04229	[0.00013277844040396965]
MAR04230	[0.00013277844040396965]
MAR04234	[0.00013277844040396965]
MAR04236	[0.00013277844040396965]
MAR04238	[0.00013277844040396965]
MAR04240	[0.00013277844040396965]
MAR04247	[0.00013277844040396965]
MAR04256	[0.00013277844040396965]
MAR04258	[0.00013277844040396965]
MAR04272	[0.00013277844040396965]
MAR04273	[0.00013277844040396965]
MAR04286	[0.00013277844040396965]
MAR04289	[0.00013277844040396965]
MAR04292	[0.00013277844040396965]
MAR04293	[0.00013277844040396965]
MAR04294	[0.00013277844040396965]
MAR04298	[0.00013277844040396965]
MAR04305	[0.00013277844040396965]
MAR04307	[0.00013277844040396965]
MAR04309	[0.00013277844040396965]
MAR04311	[0.00013277844040396965]
MAR04322	[0.00013277844040396965]
MAR04325	[0.00013277844040396965]
MAR04327	[0.00013277844040396965]
MAR04334	[0.00013277844040396965]
MAR04337	[0.00013277844040396965]
MAR04339	[0.00013277844040396965]
MAR04341	[0.00013277844040396965]
MAR04349	[0.00013277844040396965]
MAR04353	[0.00013277844040396965]
MAR04357	[0.00013277844040396965]
MAR04359	[0.00013277844040396965]
MAR04361	[0.00013277844040396965]
MAR04362	[0.00013277844040396965]
MAR04364	[0.00013277844040396965]
MAR04366	[0.00013277844040396965]
MAR04369	[0.00013277844040396965]
MAR04374	[0.00013277844040396965]
MAR04376	[0.00013277844040396965]
MAR04378	[0.00013277844040396965]
MAR04380	[0.00013277844040396965]
MAR04382	[0.00013277844040396965]
MAR04384	[0.00013277844040396965]
MAR04389	[0.00013277844040396965]
MAR04392	[0.00013277844040396965]
MAR04395	[0.00013277844040396965]
MAR04397	[0.00013277844040396965]
MAR04405	[0.00013277844040396965]
MAR04407	[0.00013277844040396965]
MAR04409	[0.00013277844040396965]
MAR04413	[0.00013277844040396965]
MAR04438	[6.080691388916384e-05]
MAR04439	[6.080691388916384e-05]
MAR04441	[0.00013277844040396965]
MAR04443	[0.00013277844040396965]
MAR04445	[np.float64(7.456973094148011e-05)]
MAR04447	[np.float64(7.456973094148011e-05)]
MAR04457	[np.float64(7.456973094148011e-05)]
MAR04462	[np.float64(7.456973094148011e-05)]
MAR04475	[np.float64(7.456973094148011e-05)]
MAR04479	[np.float64(7.456973094148011e-05)]
MAR04491	[np.float64(7.456973094148011e-05)]
MAR04504	[np.float64(7.456973094148011e-05)]
MAR04508	[np.float64(7.456973094148011e-05)]
MAR04509	[np.float64(7.456973094148011e-05)]
MAR04511	[0.00013277844040396965]
MAR04515	[0.00013277844040396965]
MAR04522	[np.float64(7.456973094148011e-05)]
MAR04566	[6.080691388916384e-05]
MAR04569	[np.float64(7.456973094148011e-05)]
MAR04571	[np.float64(7.456973094148011e-05)]
MAR04578	[6.080691388916384e-05]
MAR04581	[np.float64(7.456973094148011e-05)]
MAR04598	[np.float64(7.456973094148011e-05)]
MAR04610	[np.float64(7.456973094148011e-05)]
MAR04613	[np.float64(7.456973094148011e-05)]
MAR04616	[6.080691388916384e-05]
MAR04620	[np.float64(7.456973094148011e-05)]
MAR04624	[np.float64(7.456973094148011e-05)]
MAR04634	[np.float64(7.456973094148011e-05)]
MAR04636	[np.float64(7.456973094148011e-05)]
MAR04638	[np.float64(7.456973094148011e-05)]
MAR04639	[np.float64(7.456973094148011e-05)]
MAR04645	[np.float64(7.456973094148011e-05)]
MAR04661	[np.float64(7.456973094148011e-05)]
MAR04671	[np.float64(7.456973094148011e-05)]
MAR04674	[np.float64(7.456973094148011e-05)]
MAR04677	[np.float64(7.456973094148011e-05)]
MAR04678	[np.float64(7.456973094148011e-05)]
MAR04707	[np.float64(7.456973094148011e-05)]
MAR04711	[np.float64(7.456973094148011e-05)]
MAR04719	[np.float64(7.456973094148011e-05)]
MAR04722	[np.float64(7.456973094148011e-05)]
MAR04726	[np.float64(7.456973094148011e-05)]
MAR04728	[np.float64(7.456973094148011e-05)]
MAR04745	[np.float64(7.456973094148011e-05)]
MAR04749	[np.float64(7.456973094148011e-05)]
MAR04759	[np.float64(7.456973094148011e-05)]
MAR04782	[np.float64(7.456973094148011e-05)]
MAR04783	[0.00013277844040396965]
MAR04793	[9.620059724197572e-05]
MAR04803	[9.620059724197572e-05]
MAR04805	[np.float64(7.456973094148011e-05)]
MAR04807	[0.00013277844040396965]
MAR04809	[0.00013277844040396965]
MAR04811	[9.620059724197572e-05]
MAR04813	[0.00013277844040396965]
MAR04815	[0.00013277844040396965]
MAR04820	[0.00013277844040396965]
MAR04821	[0.00013277844040396965]
MAR04822	[0.00013277844040396965]
MAR04823	[0.00013277844040396965]
MAR04824	[0.00013277844040396965]
MAR04825	[0.00013277844040396965]
MAR04826	[0.00013277844040396965]
MAR04827	[0.00013277844040396965]
MAR04828	[0.00013277844040396965]
MAR04829	[0.00013277844040396965]
MAR04830	[0.00013277844040396965]
MAR04853	[0.00013277844040396965]
MAR04857	[0.00013277844040396965]
MAR04859	[0.00013277844040396965]
MAR04866	[0.00013277844040396965]
MAR04869	[0.00013277844040396965]
MAR04884	[0.00013277844040396965]
MAR04886	[0.00013277844040396965]
MAR04889	[0.00013277844040396965]
MAR04891	[0.00013277844040396965]
MAR04895	[0.00013277844040396965]
MAR04897	[0.00013277844040396965]
MAR04899	[0.00013277844040396965]
MAR04901	[0.00013277844040396965]
MAR04909	[0.00013277844040396965]
MAR04918	[0.00013277844040396965]
MAR04920	[0.00013277844040396965]
MAR04921	[0.00013277844040396965]
MAR04923	[0.00013277844040396965]
MAR04925	[0.00013277844040396965]
MAR04927	[0.00013277844040396965]
MAR04929	[0.00013277844040396965]
MAR04936	[0.00013277844040396965]
MAR04943	[0.00013277844040396965]
MAR04950	[0.00013277844040396965]
MAR04965	[0.00013277844040396965]
MAR04968	[np.float64(7.456973094148011e-05)]
MAR04970	[np.float64(7.456973094148011e-05)]
MAR04974	[np.float64(7.456973094148011e-05)]
MAR04978	[np.float64(7.456973094148011e-05)]
MAR04981	[np.float64(7.456973094148011e-05)]
MAR04984	[2.9457920097090758e-05]
MAR04987	[np.float64(7.456973094148011e-05)]
MAR04988	[np.float64(7.456973094148011e-05)]
MAR04991	[np.float64(7.456973094148011e-05)]
MAR05001	[np.float64(7.456973094148011e-05)]
MAR05017	[np.float64(7.456973094148011e-05)]
MAR05025	[np.float64(7.456973094148011e-05)]
MAR05026	[np.float64(7.456973094148011e-05)]
MAR05028	[np.float64(7.456973094148011e-05)]
MAR05030	[2.9457920097090758e-05]
MAR05044	[2.9457920097090758e-05]
MAR05069	[np.float64(7.456973094148011e-05)]
MAR05081	[np.float64(7.456973094148011e-05)]
MAR05083	[2.9457920097090758e-05]
MAR05086	[np.float64(7.456973094148011e-05)]
MAR05090	[np.float64(7.456973094148011e-05)]
MAR05093	[np.float64(7.456973094148011e-05)]
MAR05095	[2.9457920097090758e-05]
MAR05097	[np.float64(7.456973094148011e-05)]
MAR05098	[2.9457920097090758e-05]
MAR05100	[np.float64(7.456973094148011e-05)]
MAR05103	[np.float64(7.456973094148011e-05)]
MAR05104	[np.float64(7.456973094148011e-05)]
MAR05106	[np.float64(7.456973094148011e-05)]
MAR05108	[np.float64(7.456973094148011e-05)]
MAR05110	[3.2172946689975885e-05]
MAR05111	[3.2172946689975885e-05]
MAR05119	[np.float64(7.456973094148011e-05)]
MAR05120	[3.2172946689975885e-05]
MAR05175	[np.float64(7.456973094148011e-05)]
MAR05176	[3.2172946689975885e-05]
MAR05177	[3.2172946689975885e-05]
MAR05178	[np.float64(7.456973094148011e-05)]
MAR05179	[3.2172946689975885e-05]
MAR05180	[np.float64(7.456973094148011e-05)]
MAR05181	[3.2172946689975885e-05]
MAR05182	[np.float64(7.456973094148011e-05)]
MAR05183	[np.float64(7.456973094148011e-05)]
MAR05184	[np.float64(7.456973094148011e-05)]
MAR05185	[3.2172946689975885e-05]
MAR05188	[3.2172946689975885e-05]
MAR05189	[np.float64(7.456973094148011e-05)]
MAR05190	[3.2172946689975885e-05]
MAR05192	[3.2172946689975885e-05]
MAR05193	[np.float64(7.456973094148011e-05)]
MAR05194	[3.2172946689975885e-05]
MAR05196	[np.float64(7.456973094148011e-05)]
MAR05235	[np.float64(7.456973094148011e-05)]
MAR05242	[3.262101882673672e-05]
MAR05256	[np.float64(7.456973094148011e-05)]
MAR05293	[np.float64(7.456973094148011e-05)]
MAR05298	[3.2172946689975885e-05]
MAR05300	[np.float64(7.456973094148011e-05)]
MAR05306	[np.float64(7.456973094148011e-05)]
MAR05309	[np.float64(7.456973094148011e-05)]
MAR05312	[np.float64(7.456973094148011e-05)]
MAR05321	[np.float64(7.456973094148011e-05)]
MAR05325	[3.2172946689975885e-05]
MAR05327	[np.float64(7.456973094148011e-05)]
MAR05329	[3.2172946689975885e-05]
MAR05331	[np.float64(7.456973094148011e-05)]
MAR05334	[0.004952921735942963]
MAR05341	[np.float64(7.456973094148011e-05)]
MAR05343	[3.2172946689975885e-05]
MAR05345	[3.2172946689975885e-05]
MAR05350	[np.float64(7.456973094148011e-05)]
MAR05355	[3.2172946689975885e-05]
MAR05357	[3.2172946689975885e-05]
MAR05359	[3.2172946689975885e-05]
MAR05360	[3.262101882673672e-05]
MAR05364	[np.float64(7.456973094148011e-05)]
MAR05365	[3.2172946689975885e-05]
MAR05366	[np.float64(7.456973094148011e-05)]
MAR05367	[np.float64(7.456973094148011e-05)]
MAR05368	[np.float64(7.456973094148011e-05)]
MAR05369	[3.2172946689975885e-05]
MAR05370	[np.float64(7.456973094148011e-05)]
MAR05371	[3.2172946689975885e-05]
MAR05372	[np.float64(7.456973094148011e-05)]
MAR05373	[3.2172946689975885e-05]
MAR05374	[np.float64(7.456973094148011e-05)]
MAR05375	[np.float64(7.456973094148011e-05)]
MAR05376	[3.2172946689975885e-05]
MAR05377	[np.float64(7.456973094148011e-05)]
MAR05378	[3.262101882673672e-05]
MAR05379	[np.float64(7.456973094148011e-05)]
MAR05380	[3.2172946689975885e-05]
MAR05382	[np.float64(7.456973094148011e-05)]
MAR05383	[np.float64(7.456973094148011e-05)]
MAR05402	[np.float64(7.456973094148011e-05)]
MAR05403	[3.2172946689975885e-05]
MAR05404	[np.float64(7.456973094148011e-05)]
MAR05405	[np.float64(7.456973094148011e-05)]
MAR05408	[3.2172946689975885e-05]
MAR05410	[np.float64(7.456973094148011e-05)]
MAR05412	[np.float64(7.456973094148011e-05)]
MAR05421	[np.float64(7.456973094148011e-05)]
MAR05425	[np.float64(7.456973094148011e-05)]
MAR05427	[np.float64(7.456973094148011e-05)]
MAR05428	[np.float64(7.456973094148011e-05)]
MAR05431	[np.float64(7.456973094148011e-05)]
MAR05456	[np.float64(7.456973094148011e-05)]
MAR05988	[2.9457920097090758e-05]
MAR05991	[np.float64(7.456973094148011e-05)]
MAR05999	[np.float64(7.456973094148011e-05)]
MAR06278	[np.float64(7.456973094148011e-05)]
MAR06280	[np.float64(7.456973094148011e-05)]
MAR06281	[np.float64(7.456973094148011e-05)]
MAR06282	[np.float64(7.456973094148011e-05)]
MAR06284	[np.float64(7.456973094148011e-05)]
MAR06285	[np.float64(7.456973094148011e-05)]
MAR06319	[2.9457920097090758e-05]
MAR06320	[2.9457920097090758e-05]
MAR06322	[np.float64(7.456973094148011e-05)]
MAR06344	[np.float64(7.456973094148011e-05)]
MAR06345	[np.float64(7.456973094148011e-05)]
MAR06346	[0.00013277844040396965]
MAR06347	[2.9457920097090758e-05]
MAR06348	[np.float64(7.456973094148011e-05)]
MAR06349	[np.float64(7.456973094148011e-05)]
MAR06350	[np.float64(7.456973094148011e-05)]
MAR06376	[np.float64(7.456973094148011e-05)]
MAR06378	[np.float64(7.456973094148011e-05)]
MAR06390	[np.float64(7.456973094148011e-05)]
MAR06407	[2.9457920097090758e-05]
MAR06418	[np.float64(7.456973094148011e-05)]
MAR06437	[3.2172946689975885e-05]
MAR06449	[3.2172946689975885e-05]
MAR06452	[3.2172946689975885e-05]
MAR06483	[np.float64(7.456973094148011e-05)]
MAR06485	[6.080691388916384e-05]
MAR06487	[6.080691388916384e-05]
MAR06489	[6.080691388916384e-05]
MAR06491	[6.080691388916384e-05]
MAR06493	[6.080691388916384e-05]
MAR06498	[0.00013277844040396965]
MAR06499	[6.080691388916384e-05]
MAR06502	[6.080691388916384e-05]
MAR06503	[6.080691388916384e-05]
MAR06528	[6.080691388916384e-05]
MAR06538	[6.080691388916384e-05]
MAR06586	[6.080691388916384e-05]
MAR06593	[6.080691388916384e-05]
MAR06596	[9.620059724197572e-05]
MAR06597	[9.620059724197572e-05]
MAR06598	[np.float64(7.456973094148011e-05)]
MAR06599	[np.float64(7.456973094148011e-05)]
MAR06600	[np.float64(7.456973094148011e-05)]
MAR06604	[np.float64(7.456973094148011e-05)]
MAR06688	[6.080691388916384e-05]
MAR06689	[np.float64(7.456973094148011e-05)]
MAR06696	[np.float64(7.456973094148011e-05)]
MAR06698	[np.float64(7.456973094148011e-05)]
MAR06724	[0.00013277844040396965]
MAR06769	[0.00013277844040396965]
MAR06773	[0.00013277844040396965]
MAR06775	[np.float64(7.456973094148011e-05)]
MAR06777	[np.float64(7.456973094148011e-05)]
MAR06779	[np.float64(7.456973094148011e-05)]
MAR06804	[0.00013277844040396965]
MAR06805	[0.00013277844040396965]
MAR06809	[np.float64(7.456973094148011e-05)]
MAR06810	[np.float64(7.456973094148011e-05)]
MAR06812	[9.620059724197572e-05]
MAR06816	[9.620059724197572e-05]
MAR06821	[0.00013277844040396965]
MAR06825	[np.float64(7.456973094148011e-05)]
MAR06832	[np.float64(7.456973094148011e-05)]
MAR06833	[0.00013277844040396965]
MAR06846	[0.00013277844040396965]
MAR06847	[np.float64(7.456973094148011e-05)]
MAR06852	[np.float64(7.456973094148011e-05)]
MAR06859	[2.8841287887561833e-05]
MAR06860	[np.float64(7.456973094148011e-05)]
MAR06861	[np.float64(7.456973094148011e-05)]
MAR06862	[0.015956857496100273]
MAR06863	[2.8841287887561833e-05]
MAR06864	[np.float64(7.456973094148011e-05)]
MAR06865	[0.0063255333240134545]
MAR06866	[np.float64(7.456973094148011e-05)]
MAR06867	[0.00013277844040396965]
MAR06868	[0.00013277844040396965]
MAR06869	[0.00013277844040396965]
MAR06870	[0.00013277844040396965]
MAR06871	[0.015956857496100273]
MAR06872	[np.float64(7.456973094148011e-05)]
MAR06873	[0.00013277844040396965]
MAR06884	[np.float64(7.456973094148011e-05)]
MAR06887	[6.448008502800297e-05]
MAR06891	[0.007211151859860921]
MAR06892	[0.007211151859860921]
MAR06893	[np.float64(7.456973094148011e-05)]
MAR06896	[0.0063255333240134545]
MAR06897	[2.8841287887561833e-05]
MAR06898	[np.float64(7.456973094148011e-05)]
MAR06899	[0.015956857496100273]
MAR06900	[0.015956857496100273]
MAR06913	[0.015956857496100273]
MAR06915	[np.float64(7.456973094148011e-05)]
MAR06917	[0.015956857496100273]
MAR06919	[0.00013277844040396965]
MAR06920	[0.00013277844040396965]
MAR06922	[0.00013277844040396965]
MAR07101	[np.float64(7.456973094148011e-05)]
MAR07102	[2.8841287887561833e-05]
MAR07105	[2.8841287887561833e-05]
MAR07107	[0.015956857496100273]
MAR07148	[0.015956857496100273]
MAR07149	[np.float64(7.456973094148011e-05)]
MAR07150	[0.015956857496100273]
MAR07151	[2.8841287887561833e-05]
MAR07152	[np.float64(7.456973094148011e-05)]
MAR07153	[2.8841287887561833e-05]
MAR07154	[0.005472296504682771]
MAR07155	[0.015956857496100273]
MAR07156	[np.float64(7.456973094148011e-05)]
MAR07157	[np.float64(7.456973094148011e-05)]
MAR07158	[0.00013277844040396965]
MAR07159	[0.00013277844040396965]
MAR07176	[0.00013277844040396965]
MAR07177	[0.00013277844040396965]
MAR07178	[0.015956857496100273]
MAR07179	[0.0063255333240134545]
MAR07189	[2.8841287887561833e-05]
MAR07190	[0.015956857496100273]
MAR07192	[0.015956857496100273]
MAR07193	[np.float64(7.456973094148011e-05)]
MAR07194	[np.float64(7.456973094148011e-05)]
MAR07195	[0.00013277844040396965]
MAR07255	[0.00013277844040396965]
MAR07439	[0.00013277844040396965]
MAR07589	[np.float64(7.456973094148011e-05)]
MAR07592	[0.00013277844040396965]
MAR07593	[0.0063255333240134545]
MAR07595	[0.0063255333240134545]
MAR07657	[0.0063255333240134545]
MAR07658	[0.0061040911240064985]
MAR07659	[0.00013277844040396965]
MAR07750	[0.00013277844040396965]
MAR07751	[0.00013277844040396965]
MAR07752	[0.00013277844040396965]
MAR07753	[np.float64(7.456973094148011e-05)]
MAR07754	[0.00013277844040396965]
MAR07803	[0.00013277844040396965]
MAR07805	[0.00013277844040396965]
MAR07807	[0.00013277844040396965]
MAR07809	[0.00013277844040396965]
MAR07811	[np.float64(7.456973094148011e-05)]
MAR07813	[0.0063255333240134545]
MAR07817	[0.00013277844040396965]
MAR07819	[0.00013277844040396965]
MAR07821	[0.00013277844040396965]
MAR08111	[0.00013277844040396965]
MAR08204	[0.00013277844040396965]
MAR08218	[3.262101882673672e-05]
MAR08274	[6.448008502800297e-05]
MAR08301	[np.float64(7.456973094148011e-05)]
MAR08386	[0.00013277844040396965]
MAR08400	[0.00013277844040396965]
MAR08422	[0.00013277844040396965]
MAR08423	[0.00013277844040396965]
MAR08644	[0.00013277844040396965]
MAR08646	[0.00013277844040396965]
MAR08647	[0.00013277844040396965]
MAR08649	[0.00013277844040396965]
MAR08650	[0.00013277844040396965]
MAR08701	[0.00013277844040396965]
MAR08705	[0.00013277844040396965]
MAR08707	[0.00013277844040396965]
MAR08708	[0.00013277844040396965]
MAR08832	[0.00013277844040396965]
MAR08916	[0.00013277844040396965]
MAR08948	[0.00013277844040396965]
MAR08949	[0.00013277844040396965]
MAR08950	[0.00013277844040396965]
MAR08951	[0.00013277844040396965]
MAR08952	[0.00013277844040396965]
MAR08953	[0.00013277844040396965]
MAR08954	[0.00013277844040396965]
MAR08955	[0.00013277844040396965]
MAR08956	[0.00013277844040396965]
MAR08957	[0.00013277844040396965]
MAR08958	[0.00013277844040396965]
MAR08959	[0.00013277844040396965]
MAR08960	[0.00013277844040396965]
MAR08961	[0.00013277844040396965]
MAR08962	[0.00013277844040396965]
MAR08963	[0.00013277844040396965]
MAR08964	[0.00013277844040396965]
MAR08965	[0.00013277844040396965]
MAR08966	[0.00013277844040396965]
MAR08967	[0.00013277844040396965]
MAR08968	[0.014595015279142264]
MAR08969	[0.015956857496100273]
MAR08970	[0.00013277844040396965]
MAR08971	[3.403269217263376e-05]
MAR08972	[np.float64(7.456973094148011e-05)]
MAR08974	[0.00013277844040396965]
MAR08975	[0.00013277844040396965]
MAR08976	[0.00013277844040396965]
MAR08977	[0.00013277844040396965]
MAR08978	[0.00013277844040396965]
MAR08979	[0.00013277844040396965]
MAR08980	[0.00013277844040396965]
MAR08981	[0.00013277844040396965]
MAR08982	[0.00013277844040396965]
MAR08983	[0.00013277844040396965]
MAR08984	[0.00013277844040396965]
MAR08986	[0.00013277844040396965]
MAR08987	[0.00013277844040396965]
MAR08988	[0.00013277844040396965]
MAR08989	[0.00013277844040396965]
MAR08991	[0.00013277844040396965]
MAR08993	[0.00013277844040396965]
MAR08994	[0.00013277844040396965]
MAR08995	[0.00013277844040396965]
MAR08996	[0.00013277844040396965]
MAR08997	[0.00013277844040396965]
MAR08998	[0.00013277844040396965]
MAR08999	[0.00013277844040396965]
MAR09000	[0.00013277844040396965]
MAR09001	[0.00013277844040396965]
MAR09002	[0.00013277844040396965]
MAR09003	[0.00013277844040396965]
MAR09004	[0.00013277844040396965]
MAR09005	[0.00013277844040396965]
MAR09006	[0.00013277844040396965]
MAR09007	[0.00013277844040396965]
MAR09008	[0.00013277844040396965]
MAR09009	[0.00013277844040396965]
MAR09010	[0.00013277844040396965]
MAR09011	[0.00013277844040396965]
MAR09012	[0.00013277844040396965]
MAR09013	[0.00013277844040396965]
MAR09021	[0.00013277844040396965]
MAR09025	[0.00013277844040396965]
MAR09026	[0.00013277844040396965]
MAR09027	[0.00013277844040396965]
MAR09028	[0.00013277844040396965]
MAR09029	[0.00013277844040396965]
MAR09030	[0.00013277844040396965]
MAR09031	[0.015956857496100273]
MAR09057	[0.00013277844040396965]
MAR09059	[0.015956857496100273]
MAR09060	[0.00013277844040396965]
MAR09112	[0.00013277844040396965]
MAR09170	[0.00013277844040396965]
MAR09186	[0.00013277844040396965]
MAR09274	[np.float64(7.456973094148011e-05)]
MAR09402	[np.float64(7.456973094148011e-05)]
MAR09403	[0.004203453652338184]
MAR09459	[0.00013277844040396965]
MAR09526	[0.00013277844040396965]
MAR09533	[0.00013277844040396965]
MAR09576	[0.015956857496100273]
MAR09589	[0.00013277844040396965]
MAR09723	[0.00013277844040396965]
MAR09736	[2.8841287887561833e-05]
MAR09819	[0.015956857496100273]
MAR09820	[0.00013277844040396965]
MAR09821	[0.00013277844040396965]
MAR09822	[0.00013277844040396965]
MAR09823	[0.00013277844040396965]
MAR09824	[0.00013277844040396965]
MAR09825	[0.00013277844040396965]
MAR09826	[0.00013277844040396965]
MAR09827	[0.00013277844040396965]
MAR09828	[0.00013277844040396965]
MAR09829	[0.00013277844040396965]
MAR09830	[0.00013277844040396965]
MAR09831	[0.00013277844040396965]
MAR09832	[0.00013277844040396965]
MAR09833	[0.00013277844040396965]
MAR09834	[0.00013277844040396965]
MAR09835	[0.00013277844040396965]
MAR09836	[0.00013277844040396965]
MAR09837	[0.00013277844040396965]
MAR09838	[0.00013277844040396965]
MAR09839	[0.00013277844040396965]
MAR09840	[0.00013277844040396965]
MAR09841	[0.00013277844040396965]
MAR09842	[0.00013277844040396965]
MAR09843	[0.00013277844040396965]
MAR09844	[0.00013277844040396965]
MAR09845	[0.00013277844040396965]
MAR09846	[0.00013277844040396965]
MAR09847	[0.00013277844040396965]
MAR09848	[0.00013277844040396965]
MAR09849	[0.00013277844040396965]
MAR09850	[0.00013277844040396965]
MAR09851	[0.00013277844040396965]
MAR09852	[0.00013277844040396965]
MAR09853	[0.00013277844040396965]
MAR09854	[0.00013277844040396965]
MAR09855	[0.00013277844040396965]
MAR09856	[0.00013277844040396965]
MAR09857	[0.00013277844040396965]
MAR09858	[0.00013277844040396965]
MAR09859	[0.00013277844040396965]
MAR09860	[0.00013277844040396965]
MAR09861	[0.00013277844040396965]
MAR09862	[0.00013277844040396965]
MAR09863	[0.00013277844040396965]
MAR09864	[0.00013277844040396965]
MAR09865	[0.00013277844040396965]
MAR09866	[0.00013277844040396965]
MAR09867	[0.00013277844040396965]
MAR09868	[0.00013277844040396965]
MAR09869	[np.float64(7.456973094148011e-05)]
MAR09870	[np.float64(7.456973094148011e-05)]
MAR09871	[np.float64(7.456973094148011e-05)]
MAR09872	[np.float64(7.456973094148011e-05)]
MAR09873	[0.015956857496100273]
MAR09874	[0.015956857496100273]
MAR09875	[0.0063255333240134545]
MAR09876	[np.float64(7.456973094148011e-05)]
MAR09877	[0.0063255333240134545]
MAR09878	[0.005472296504682771]
MAR09879	[0.015956857496100273]
MAR09880	[0.0063255333240134545]
MAR09881	[0.015956857496100273]
MAR09882	[np.float64(7.456973094148011e-05)]
MAR09883	[0.015956857496100273]
MAR09884	[0.015956857496100273]
MAR09885	[0.0061040911240064985]
MAR09886	[0.015956857496100273]
MAR09888	[np.float64(7.456973094148011e-05)]
MAR09889	[0.012613840959470973]
MAR09890	[np.float64(7.456973094148011e-05)]
MAR09891	[np.float64(7.456973094148011e-05)]
MAR09892	[np.float64(7.456973094148011e-05)]
MAR09893	[0.015956857496100273]
MAR09894	[np.float64(7.456973094148011e-05)]
MAR09895	[np.float64(7.456973094148011e-05)]
MAR09896	[0.015956857496100273]
MAR09897	[0.004952921735942963]
MAR09898	[np.float64(7.456973094148011e-05)]
MAR09899	[np.float64(7.456973094148011e-05)]
MAR09900	[0.015956857496100273]
MAR09901	[0.0061040911240064985]
MAR09902	[0.015956857496100273]
MAR09903	[0.00011122499709339157]
MAR09904	[np.float64(7.456973094148011e-05)]
MAR09905	[0.005472296504682771]
MAR09906	[0.015956857496100273]
MAR09907	[np.float64(7.456973094148011e-05)]
MAR09908	[np.float64(7.456973094148011e-05)]
MAR09909	[np.float64(7.456973094148011e-05)]
MAR09910	[np.float64(7.456973094148011e-05)]
MAR09911	[0.00013277844040396965]
MAR09912	[np.float64(7.456973094148011e-05)]
MAR09913	[np.float64(7.456973094148011e-05)]
MAR09914	[np.float64(7.456973094148011e-05)]
MAR09915	[np.float64(7.456973094148011e-05)]
MAR09916	[np.float64(7.456973094148011e-05)]
MAR09917	[np.float64(7.456973094148011e-05)]
MAR09918	[np.float64(7.456973094148011e-05)]
MAR09919	[0.00013277844040396965]
MAR09920	[0.00013277844040396965]
MAR09921	[0.00013277844040396965]
MAR09922	[0.00013277844040396965]
MAR09923	[0.00013277844040396965]
MAR09924	[0.00013277844040396965]
MAR09925	[0.00013277844040396965]
MAR09926	[0.00013277844040396965]
MAR09927	[0.00013277844040396965]
MAR09928	[0.00013277844040396965]
MAR09929	[0.00013277844040396965]
MAR09930	[0.00013277844040396965]
MAR09931	[0.00013277844040396965]
MAR09932	[0.00013277844040396965]
MAR09933	[0.00013277844040396965]
MAR09934	[np.float64(7.456973094148011e-05)]
MAR09935	[0.00013277844040396965]
MAR09936	[0.00013277844040396965]
MAR09937	[0.0045076629093152845]
MAR09938	[np.float64(7.456973094148011e-05)]
MAR09939	[0.00013277844040396965]
MAR09940	[0.00013277844040396965]
MAR09941	[0.00013277844040396965]
MAR09942	[3.092859332491893e-05]
MAR09943	[3.092859332491893e-05]
MAR09944	[3.092859332491893e-05]
MAR09945	[3.092859332491893e-05]
MAR09946	[3.092859332491893e-05]
MAR09947	[3.092859332491893e-05]
MAR09948	[0.00013277844040396965]
MAR09950	[0.00013277844040396965]
MAR09951	[np.float64(7.456973094148011e-05)]
MAR09952	[0.00013277844040396965]
MAR09953	[0.00013277844040396965]
MAR09954	[0.00013277844040396965]
MAR09955	[0.00013277844040396965]
MAR09956	[0.00013277844040396965]
MAR09957	[0.00013277844040396965]
MAR09958	[0.00013277844040396965]
MAR09959	[0.00013277844040396965]
MAR09960	[0.00013277844040396965]
MAR09961	[0.00013277844040396965]
MAR09962	[0.00013277844040396965]
MAR09963	[0.00013277844040396965]
MAR09964	[0.00013277844040396965]
MAR09965	[0.00013277844040396965]
MAR09966	[0.00013277844040396965]
MAR09967	[0.00013277844040396965]
MAR09968	[0.00013277844040396965]
MAR09969	[0.00013277844040396965]
MAR09970	[0.00013277844040396965]
MAR09971	[0.00013277844040396965]
MAR09972	[0.00013277844040396965]
MAR09973	[0.00013277844040396965]
MAR09974	[0.00013277844040396965]
MAR09975	[0.00013277844040396965]
MAR09976	[0.00013277844040396965]
MAR09977	[0.00013277844040396965]
MAR09978	[0.00013277844040396965]
MAR09979	[0.00013277844040396965]
MAR09980	[0.00013277844040396965]
MAR09981	[0.00013277844040396965]
MAR09982	[0.00013277844040396965]
MAR09983	[0.00013277844040396965]
MAR09984	[0.00013277844040396965]
MAR09985	[0.015956857496100273]
MAR09986	[0.00013277844040396965]
MAR09987	[0.00013277844040396965]
MAR09988	[0.00013277844040396965]
MAR09989	[0.00013277844040396965]
MAR09990	[0.00013277844040396965]
MAR09991	[0.00013277844040396965]
MAR09992	[0.00013277844040396965]
MAR09993	[0.00013277844040396965]
MAR09994	[0.00013277844040396965]
MAR09995	[0.00013277844040396965]
MAR09996	[0.00013277844040396965]
MAR09997	[0.00013277844040396965]
MAR09998	[0.00013277844040396965]
MAR09999	[0.00013277844040396965]
MAR10000	[0.00013277844040396965]
MAR10001	[0.00013277844040396965]
MAR10002	[0.00013277844040396965]
MAR10003	[0.00013277844040396965]
MAR10004	[0.00013277844040396965]
MAR10005	[0.00013277844040396965]
MAR10006	[0.00013277844040396965]
MAR10007	[0.00013277844040396965]
MAR10008	[0.00546478201362671]
MAR10009	[0.00013277844040396965]
MAR10010	[np.float64(7.456973094148011e-05)]
MAR10011	[0.00639132310635336]
MAR10012	[0.00013277844040396965]
MAR10013	[0.00013277844040396965]
MAR10014	[np.float64(7.456973094148011e-05)]
MAR10015	[0.00013277844040396965]
MAR10016	[0.00013277844040396965]
MAR10017	[0.00013277844040396965]
MAR10018	[0.00013277844040396965]
MAR10019	[0.00013277844040396965]
MAR10020	[np.float64(7.456973094148011e-05)]
MAR10021	[0.00013277844040396965]
MAR10022	[0.00013277844040396965]
MAR10032	[0.00013277844040396965]
MAR10133	[0.00013277844040396965]
MAR10134	[0.00013277844040396965]
MAR10135	[0.00013277844040396965]
MAR10136	[0.00013277844040396965]
MAR10137	[0.00013277844040396965]
MAR10138	[0.00013277844040396965]
MAR10139	[0.00013277844040396965]
MAR10140	[0.00013277844040396965]
MAR10141	[0.00013277844040396965]
MAR10142	[0.00013277844040396965]
MAR10143	[0.00013277844040396965]
MAR10144	[0.00013277844040396965]
MAR10145	[0.00013277844040396965]
MAR10146	[0.00013277844040396965]
MAR10147	[0.00013277844040396965]
MAR10148	[0.00013277844040396965]
MAR10149	[0.00013277844040396965]
MAR10150	[0.00013277844040396965]
MAR10151	[0.00013277844040396965]
MAR10152	[0.00013277844040396965]
MAR10153	[0.00013277844040396965]
MAR10154	[0.00013277844040396965]
MAR10155	[np.float64(7.456973094148011e-05)]
MAR10156	[0.00013277844040396965]
MAR10157	[0.00013277844040396965]
MAR10158	[0.00013277844040396965]
MAR10159	[0.00013277844040396965]
MAR10160	[0.00013277844040396965]
MAR10161	[0.00013277844040396965]
MAR10162	[0.00013277844040396965]
MAR10163	[0.00013277844040396965]
MAR10165	[0.00013277844040396965]
MAR10166	[0.00013277844040396965]
MAR10167	[0.00013277844040396965]
MAR10168	[0.00013277844040396965]
MAR10169	[0.00013277844040396965]
MAR10170	[0.00013277844040396965]
MAR10171	[0.00013277844040396965]
MAR10172	[0.00013277844040396965]
MAR10173	[0.00013277844040396965]
MAR10174	[0.00013277844040396965]
MAR10175	[0.00013277844040396965]
MAR10176	[0.00013277844040396965]
MAR10177	[0.00013277844040396965]
MAR10178	[0.00013277844040396965]
MAR10179	[0.00013277844040396965]
MAR10180	[0.00013277844040396965]
MAR10181	[0.00013277844040396965]
MAR10182	[0.00013277844040396965]
MAR10183	[0.00013277844040396965]
MAR10184	[0.00013277844040396965]
MAR10185	[0.00013277844040396965]
MAR10186	[0.00013277844040396965]
MAR10187	[0.00013277844040396965]
MAR10188	[0.00013277844040396965]
MAR10189	[0.00013277844040396965]
MAR10190	[0.00013277844040396965]
MAR10191	[0.00013277844040396965]
MAR10192	[0.00013277844040396965]
MAR10193	[0.00013277844040396965]
MAR10194	[0.00013277844040396965]
MAR10195	[0.00013277844040396965]
MAR10196	[0.00013277844040396965]
MAR10197	[0.00013277844040396965]
MAR10198	[0.00013277844040396965]
MAR10199	[0.00013277844040396965]
MAR10200	[0.00013277844040396965]
MAR10201	[0.00013277844040396965]
MAR10202	[0.00013277844040396965]
MAR10203	[0.00013277844040396965]
MAR10204	[0.00013277844040396965]
MAR10205	[0.00013277844040396965]
MAR10206	[0.00013277844040396965]
MAR10207	[0.00013277844040396965]
MAR10208	[0.00013277844040396965]
MAR10209	[0.00013277844040396965]
MAR10210	[0.00013277844040396965]
MAR10211	[0.00013277844040396965]
MAR10212	[0.00013277844040396965]
MAR10213	[0.00013277844040396965]
MAR10214	[0.00013277844040396965]
MAR10215	[0.00013277844040396965]
MAR10216	[0.00013277844040396965]
MAR10217	[0.00013277844040396965]
MAR10218	[0.00013277844040396965]
MAR10219	[0.00013277844040396965]
MAR10220	[0.00013277844040396965]
MAR10221	[0.00013277844040396965]
MAR10222	[0.00013277844040396965]
MAR10223	[0.00013277844040396965]
MAR10224	[0.00013277844040396965]
MAR10225	[0.00013277844040396965]
MAR10226	[0.00013277844040396965]
MAR10227	[0.00013277844040396965]
MAR10228	[0.00013277844040396965]
MAR10229	[0.00013277844040396965]
MAR10230	[0.00013277844040396965]
MAR10231	[0.00013277844040396965]
MAR10232	[0.00013277844040396965]
MAR10233	[0.00013277844040396965]
MAR10234	[0.00013277844040396965]
MAR10235	[0.00013277844040396965]
MAR10236	[0.00013277844040396965]
MAR10237	[0.00013277844040396965]
MAR10238	[0.00013277844040396965]
MAR10239	[0.00013277844040396965]
MAR10240	[0.00013277844040396965]
MAR10241	[0.00013277844040396965]
MAR10242	[0.00013277844040396965]
MAR10243	[0.00013277844040396965]
MAR10244	[0.00013277844040396965]
MAR10245	[0.00013277844040396965]
MAR10246	[0.00013277844040396965]
MAR10247	[0.00013277844040396965]
MAR10248	[0.00013277844040396965]
MAR10249	[0.00013277844040396965]
MAR10250	[0.00013277844040396965]
MAR10251	[0.00013277844040396965]
MAR10252	[0.00013277844040396965]
MAR10253	[0.00013277844040396965]
MAR10254	[0.00013277844040396965]
MAR10255	[0.00013277844040396965]
MAR10256	[0.00013277844040396965]
MAR10257	[0.00013277844040396965]
MAR10258	[0.00013277844040396965]
MAR10259	[0.00013277844040396965]
MAR10260	[0.00013277844040396965]
MAR10261	[0.00013277844040396965]
MAR10262	[0.00013277844040396965]
MAR10263	[0.00013277844040396965]
MAR10264	[0.00013277844040396965]
MAR10265	[0.00013277844040396965]
MAR10266	[0.00013277844040396965]
MAR10267	[0.00013277844040396965]
MAR10268	[0.00013277844040396965]
MAR10269	[0.00013277844040396965]
MAR10270	[0.00013277844040396965]
MAR10271	[0.00013277844040396965]
MAR10272	[0.00013277844040396965]
MAR10273	[0.00013277844040396965]
MAR10274	[0.00013277844040396965]
MAR10275	[0.00013277844040396965]
MAR10276	[0.00013277844040396965]
MAR10277	[0.00013277844040396965]
MAR10278	[0.00013277844040396965]
MAR10279	[0.00013277844040396965]
MAR10280	[0.00013277844040396965]
MAR10281	[0.00013277844040396965]
MAR10282	[0.00013277844040396965]
MAR10283	[0.00013277844040396965]
MAR10284	[0.00013277844040396965]
MAR10285	[0.00013277844040396965]
MAR10286	[0.00013277844040396965]
MAR10287	[0.00013277844040396965]
MAR10288	[0.00013277844040396965]
MAR10289	[0.00013277844040396965]
MAR10290	[0.00013277844040396965]
MAR10291	[0.00013277844040396965]
MAR10292	[0.00013277844040396965]
MAR10293	[0.00013277844040396965]
MAR10294	[0.00013277844040396965]
MAR10295	[0.00013277844040396965]
MAR10296	[0.00013277844040396965]
MAR10297	[0.00013277844040396965]
MAR10298	[0.00013277844040396965]
MAR10299	[0.00013277844040396965]
MAR10300	[0.00013277844040396965]
MAR10301	[0.00013277844040396965]
MAR10302	[0.00013277844040396965]
MAR10303	[0.00013277844040396965]
MAR10304	[0.00013277844040396965]
MAR10305	[0.00013277844040396965]
MAR10306	[0.00013277844040396965]
MAR10307	[0.00013277844040396965]
MAR10308	[0.00013277844040396965]
MAR10309	[0.00013277844040396965]
MAR10310	[0.00013277844040396965]
MAR10311	[0.00013277844040396965]
MAR10312	[0.00013277844040396965]
MAR10313	[0.00013277844040396965]
MAR10314	[0.00013277844040396965]
MAR10315	[0.00013277844040396965]
MAR10316	[0.00013277844040396965]
MAR10317	[0.00013277844040396965]
MAR10318	[0.00013277844040396965]
MAR10319	[0.00013277844040396965]
MAR10320	[0.00013277844040396965]
MAR10321	[0.00013277844040396965]
MAR10322	[0.00013277844040396965]
MAR10323	[0.00013277844040396965]
MAR10324	[0.00013277844040396965]
MAR10325	[0.00013277844040396965]
MAR10326	[0.00013277844040396965]
MAR10327	[0.00013277844040396965]
MAR10328	[0.00013277844040396965]
MAR10329	[0.00013277844040396965]
MAR10330	[0.00013277844040396965]
MAR10331	[0.00013277844040396965]
MAR10332	[0.00013277844040396965]
MAR10333	[0.00013277844040396965]
MAR10334	[0.00013277844040396965]
MAR10335	[0.00013277844040396965]
MAR10336	[0.00013277844040396965]
MAR10337	[0.00013277844040396965]
MAR10338	[0.00013277844040396965]
MAR10339	[0.00013277844040396965]
MAR10340	[0.00013277844040396965]
MAR10341	[0.00013277844040396965]
MAR10342	[0.00013277844040396965]
MAR10343	[0.00013277844040396965]
MAR10344	[0.00013277844040396965]
MAR10345	[0.00013277844040396965]
MAR10346	[0.00013277844040396965]
MAR10347	[0.00013277844040396965]
MAR10348	[0.00013277844040396965]
MAR10349	[0.00013277844040396965]
MAR10350	[0.00013277844040396965]
MAR10351	[0.00013277844040396965]
MAR10352	[0.00013277844040396965]
MAR10353	[0.00013277844040396965]
MAR10354	[0.00013277844040396965]
MAR10355	[0.00013277844040396965]
MAR10356	[0.00013277844040396965]
MAR10357	[0.00013277844040396965]
MAR10358	[0.00013277844040396965]
MAR10359	[0.00013277844040396965]
MAR10360	[0.00013277844040396965]
MAR10361	[0.00013277844040396965]
MAR10362	[0.00013277844040396965]
MAR10363	[0.00013277844040396965]
MAR10364	[0.00013277844040396965]
MAR10365	[0.00013277844040396965]
MAR10366	[0.00013277844040396965]
MAR10367	[0.00013277844040396965]
MAR10368	[0.00013277844040396965]
MAR10369	[0.00013277844040396965]
MAR10370	[0.00013277844040396965]
MAR10371	[0.00013277844040396965]
MAR10372	[0.00013277844040396965]
MAR10373	[0.00013277844040396965]
MAR10374	[np.float64(7.456973094148011e-05)]
MAR10375	[0.00013277844040396965]
MAR10376	[0.00013277844040396965]
MAR10377	[np.float64(7.456973094148011e-05)]
MAR10378	[0.00013277844040396965]
MAR10379	[0.00013277844040396965]
MAR10380	[0.00013277844040396965]
MAR10381	[0.00013277844040396965]
MAR10382	[0.00013277844040396965]
MAR10383	[0.00013277844040396965]
MAR10384	[0.00013277844040396965]
MAR10385	[0.00013277844040396965]
MAR10386	[0.00013277844040396965]
MAR10387	[0.00013277844040396965]
MAR10388	[0.00013277844040396965]
MAR10389	[0.00013277844040396965]
MAR10390	[0.00013277844040396965]
MAR10391	[0.00013277844040396965]
MAR10392	[0.00013277844040396965]
MAR10393	[0.00013277844040396965]
MAR10394	[0.00013277844040396965]
MAR10395	[0.00013277844040396965]
MAR10396	[0.00013277844040396965]
MAR10397	[0.00013277844040396965]
MAR10398	[0.00013277844040396965]
MAR10399	[0.00013277844040396965]
MAR10400	[0.00013277844040396965]
MAR10401	[0.00013277844040396965]
MAR10402	[0.00013277844040396965]
MAR10403	[0.00013277844040396965]
MAR10404	[0.00013277844040396965]
MAR10405	[0.00013277844040396965]
MAR10406	[0.00013277844040396965]
MAR10407	[0.00013277844040396965]
MAR10408	[0.00013277844040396965]
MAR10409	[0.00013277844040396965]
MAR10411	[0.00013277844040396965]
MAR10412	[0.00013277844040396965]
MAR10413	[0.00013277844040396965]
MAR10414	[0.00013277844040396965]
MAR10415	[0.00013277844040396965]
MAR10416	[0.00013277844040396965]
MAR10417	[0.00013277844040396965]
MAR10418	[0.00013277844040396965]
MAR10419	[0.00013277844040396965]
MAR10420	[0.00013277844040396965]
MAR10421	[0.00013277844040396965]
MAR10422	[0.00013277844040396965]
MAR10423	[0.00013277844040396965]
MAR10424	[0.00013277844040396965]
MAR10425	[0.00013277844040396965]
MAR10426	[0.00013277844040396965]
MAR10427	[0.00013277844040396965]
MAR10428	[0.00013277844040396965]
MAR10429	[0.00013277844040396965]
MAR10430	[0.00013277844040396965]
MAR10431	[0.00013277844040396965]
MAR10432	[0.00013277844040396965]
MAR10434	[0.00013277844040396965]
MAR10435	[0.00013277844040396965]
MAR10436	[0.00013277844040396965]
MAR10437	[0.00013277844040396965]
MAR10438	[0.00013277844040396965]
MAR10439	[0.00013277844040396965]
MAR10440	[0.00013277844040396965]
MAR10441	[0.00013277844040396965]
MAR10442	[0.00013277844040396965]
MAR10443	[0.00013277844040396965]
MAR10444	[0.00013277844040396965]
MAR10445	[0.009892246080268865]
MAR10446	[0.009892246080268865]
MAR10448	[0.00013277844040396965]
MAR10449	[0.00013277844040396965]
MAR10450	[0.00013277844040396965]
MAR10451	[np.float64(7.456973094148011e-05)]
MAR10452	[np.float64(7.456973094148011e-05)]
MAR10453	[np.float64(7.456973094148011e-05)]
MAR10454	[np.float64(7.456973094148011e-05)]
MAR10455	[0.00013277844040396965]
MAR10456	[0.00013277844040396965]
MAR10457	[0.00013277844040396965]
MAR10458	[0.00013277844040396965]
MAR10459	[0.008998160734830764]
MAR10460	[0.0061040911240064985]
MAR10461	[0.003944770803593795]
MAR10462	[0.0061040911240064985]
MAR10463	[0.00013277844040396965]
MAR10464	[0.015956857496100273]
MAR10465	[0.00013277844040396965]
MAR10466	[0.00013277844040396965]
MAR10468	[0.00013277844040396965]
MAR10470	[0.00013277844040396965]
MAR10472	[0.00013277844040396965]
MAR10473	[0.00013277844040396965]
MAR10474	[0.00013277844040396965]
MAR10475	[0.00013277844040396965]
MAR10476	[0.00013277844040396965]
MAR10477	[0.00013277844040396965]
MAR10478	[0.00013277844040396965]
MAR10479	[0.00013277844040396965]
MAR10480	[0.00013277844040396965]
MAR10481	[0.00013277844040396965]
MAR10482	[0.00013277844040396965]
MAR10483	[0.00013277844040396965]
MAR10484	[0.00013277844040396965]
MAR10485	[0.00013277844040396965]
MAR10486	[0.00013277844040396965]
MAR10487	[0.00013277844040396965]
MAR10488	[0.00013277844040396965]
MAR10489	[0.00013277844040396965]
MAR10490	[0.00013277844040396965]
MAR10491	[0.00013277844040396965]
MAR10492	[0.00013277844040396965]
MAR10493	[0.00013277844040396965]
MAR10494	[0.00013277844040396965]
MAR10495	[0.00013277844040396965]
MAR10496	[0.00013277844040396965]
MAR10497	[0.00013277844040396965]
MAR10498	[0.00013277844040396965]
MAR10499	[0.00013277844040396965]
MAR10500	[0.00013277844040396965]
MAR10501	[0.00013277844040396965]
MAR10502	[0.00013277844040396965]
MAR10503	[0.00013277844040396965]
MAR10504	[0.00013277844040396965]
MAR10505	[0.00013277844040396965]
MAR10506	[0.00013277844040396965]
MAR10507	[0.00013277844040396965]
MAR10508	[0.00013277844040396965]
MAR10509	[0.00013277844040396965]
MAR10510	[0.00013277844040396965]
MAR10511	[0.00013277844040396965]
MAR10512	[0.00013277844040396965]
MAR10513	[0.00013277844040396965]
MAR10514	[0.00013277844040396965]
MAR10515	[0.00013277844040396965]
MAR10516	[0.00013277844040396965]
MAR10517	[0.00013277844040396965]
MAR10518	[0.00013277844040396965]
MAR10519	[0.00013277844040396965]
MAR10520	[0.00013277844040396965]
MAR10521	[0.00013277844040396965]
MAR10522	[0.00013277844040396965]
MAR10523	[0.00013277844040396965]
MAR10524	[0.00013277844040396965]
MAR10525	[0.00013277844040396965]
MAR10526	[0.00013277844040396965]
MAR10527	[0.00013277844040396965]
MAR10528	[0.00013277844040396965]
MAR10529	[0.00013277844040396965]
MAR10530	[0.00013277844040396965]
MAR10531	[0.00013277844040396965]
MAR10532	[0.00013277844040396965]
MAR10533	[0.00013277844040396965]
MAR10534	[0.00013277844040396965]
MAR10535	[0.00013277844040396965]
MAR10536	[0.00013277844040396965]
MAR10537	[0.00013277844040396965]
MAR10538	[0.00013277844040396965]
MAR10539	[0.00013277844040396965]
MAR10540	[0.00013277844040396965]
MAR10541	[0.00013277844040396965]
MAR10542	[0.00013277844040396965]
MAR10543	[0.00013277844040396965]
MAR10544	[0.00013277844040396965]
MAR10545	[0.00013277844040396965]
MAR10546	[0.00013277844040396965]
MAR10547	[0.00013277844040396965]
MAR10548	[0.00013277844040396965]
MAR10549	[0.00013277844040396965]
MAR10550	[0.00013277844040396965]
MAR10551	[0.00013277844040396965]
MAR10552	[0.00013277844040396965]
MAR10553	[0.00013277844040396965]
MAR10554	[0.00013277844040396965]
MAR10555	[0.00013277844040396965]
MAR10556	[0.00013277844040396965]
MAR10557	[0.00013277844040396965]
MAR10558	[0.00013277844040396965]
MAR10559	[0.00013277844040396965]
MAR10560	[0.00013277844040396965]
MAR10561	[0.00013277844040396965]
MAR10562	[0.00013277844040396965]
MAR10563	[0.00013277844040396965]
MAR10564	[0.00013277844040396965]
MAR10565	[0.00013277844040396965]
MAR10566	[0.00013277844040396965]
MAR10567	[0.00013277844040396965]
MAR10568	[0.00013277844040396965]
MAR10569	[0.00013277844040396965]
MAR10570	[0.00013277844040396965]
MAR10571	[0.00013277844040396965]
MAR10572	[0.00013277844040396965]
MAR10573	[0.00013277844040396965]
MAR10574	[0.00013277844040396965]
MAR10575	[0.00013277844040396965]
MAR10576	[0.00013277844040396965]
MAR10577	[0.00013277844040396965]
MAR10578	[0.00013277844040396965]
MAR10579	[0.00013277844040396965]
MAR10580	[0.00013277844040396965]
MAR10581	[0.00013277844040396965]
MAR10582	[0.00013277844040396965]
MAR10583	[0.00013277844040396965]
MAR10584	[0.00013277844040396965]
MAR10585	[0.00013277844040396965]
MAR10586	[0.00013277844040396965]
MAR10587	[0.00013277844040396965]
MAR10588	[0.00013277844040396965]
MAR10589	[0.00013277844040396965]
MAR10590	[0.00013277844040396965]
MAR10591	[0.00013277844040396965]
MAR10592	[0.00013277844040396965]
MAR10593	[0.00013277844040396965]
MAR10594	[0.00013277844040396965]
MAR10595	[0.00013277844040396965]
MAR10596	[0.00013277844040396965]
MAR10597	[0.00013277844040396965]
MAR10598	[0.00013277844040396965]
MAR10599	[0.00013277844040396965]
MAR10600	[0.00013277844040396965]
MAR10601	[0.00013277844040396965]
MAR10602	[0.00013277844040396965]
MAR10603	[0.00013277844040396965]
MAR10604	[0.00013277844040396965]
MAR10605	[0.00013277844040396965]
MAR10606	[0.00013277844040396965]
MAR10607	[0.00013277844040396965]
MAR10608	[0.00013277844040396965]
MAR10609	[0.00013277844040396965]
MAR10610	[0.00013277844040396965]
MAR10611	[0.00013277844040396965]
MAR10612	[0.00013277844040396965]
MAR10613	[0.00013277844040396965]
MAR10614	[0.00013277844040396965]
MAR10615	[0.00013277844040396965]
MAR10616	[0.00013277844040396965]
MAR10617	[0.00013277844040396965]
MAR10618	[0.00013277844040396965]
MAR10619	[0.00013277844040396965]
MAR10620	[0.00013277844040396965]
MAR10621	[0.00013277844040396965]
MAR10622	[0.00013277844040396965]
MAR10623	[0.00013277844040396965]
MAR10624	[0.00013277844040396965]
MAR10625	[0.00013277844040396965]
MAR10626	[0.00013277844040396965]
MAR10627	[0.00013277844040396965]
MAR10628	[0.00013277844040396965]
MAR10629	[0.00013277844040396965]
MAR10630	[0.00013277844040396965]
MAR10631	[0.00013277844040396965]
MAR10632	[0.00013277844040396965]
MAR10633	[0.00013277844040396965]
MAR10634	[0.00013277844040396965]
MAR10635	[0.00013277844040396965]
MAR10636	[0.00013277844040396965]
MAR10637	[0.00013277844040396965]
MAR10638	[0.00013277844040396965]
MAR10639	[0.00013277844040396965]
MAR10640	[0.00013277844040396965]
MAR10641	[0.00013277844040396965]
MAR10642	[0.00013277844040396965]
MAR10643	[0.00013277844040396965]
MAR10644	[0.00013277844040396965]
MAR10645	[0.00013277844040396965]
MAR10646	[0.00013277844040396965]
MAR10647	[0.00013277844040396965]
MAR10648	[0.00013277844040396965]
MAR10649	[0.00013277844040396965]
MAR10650	[0.00013277844040396965]
MAR10651	[0.00013277844040396965]
MAR10652	[0.00013277844040396965]
MAR10653	[0.00013277844040396965]
MAR10654	[0.00013277844040396965]
MAR10655	[0.00013277844040396965]
MAR10656	[0.00013277844040396965]
MAR10657	[0.00013277844040396965]
MAR10658	[0.00013277844040396965]
MAR10659	[0.00013277844040396965]
MAR10660	[0.00013277844040396965]
MAR10661	[0.00013277844040396965]
MAR10662	[0.00013277844040396965]
MAR10663	[0.00013277844040396965]
MAR10664	[0.00013277844040396965]
MAR10665	[0.00013277844040396965]
MAR10666	[0.00013277844040396965]
MAR10667	[0.00013277844040396965]
MAR10668	[0.00013277844040396965]
MAR10669	[0.00013277844040396965]
MAR10670	[0.00013277844040396965]
MAR10671	[0.00013277844040396965]
MAR10672	[0.00013277844040396965]
MAR10673	[0.00013277844040396965]
MAR10674	[0.00013277844040396965]
MAR10675	[0.00013277844040396965]
MAR10676	[0.00013277844040396965]
MAR10677	[0.00013277844040396965]
MAR10678	[0.00013277844040396965]
MAR10679	[0.00013277844040396965]
MAR10680	[0.00013277844040396965]
MAR10681	[0.00013277844040396965]
MAR10682	[0.00013277844040396965]
MAR10683	[0.00013277844040396965]
MAR10684	[0.00013277844040396965]
MAR10685	[0.00013277844040396965]
MAR10686	[0.00013277844040396965]
MAR10687	[0.00013277844040396965]
MAR10688	[0.00013277844040396965]
MAR10689	[0.00013277844040396965]
MAR10690	[0.00013277844040396965]
MAR10691	[0.00013277844040396965]
MAR10692	[0.00013277844040396965]
MAR10693	[0.00013277844040396965]
MAR10694	[0.00013277844040396965]
MAR10695	[0.00013277844040396965]
MAR10696	[0.00013277844040396965]
MAR10697	[0.00013277844040396965]
MAR10698	[0.00013277844040396965]
MAR10699	[0.00013277844040396965]
MAR10700	[0.00013277844040396965]
MAR10701	[0.00013277844040396965]
MAR10702	[0.00013277844040396965]
MAR10703	[0.00013277844040396965]
MAR10704	[0.00013277844040396965]
MAR10705	[0.00013277844040396965]
MAR10706	[0.00013277844040396965]
MAR10707	[0.00013277844040396965]
MAR10708	[0.00013277844040396965]
MAR10709	[0.00013277844040396965]
MAR10710	[0.00013277844040396965]
MAR10711	[0.00013277844040396965]
MAR10712	[0.00013277844040396965]
MAR10713	[0.00013277844040396965]
MAR10714	[0.00013277844040396965]
MAR10715	[0.00013277844040396965]
MAR10716	[0.00013277844040396965]
MAR10717	[0.00013277844040396965]
MAR10718	[0.00013277844040396965]
MAR10719	[0.00013277844040396965]
MAR10720	[0.00013277844040396965]
MAR10721	[0.00013277844040396965]
MAR10722	[0.00013277844040396965]
MAR10723	[0.00013277844040396965]
MAR10724	[0.00013277844040396965]
MAR10725	[0.00013277844040396965]
MAR10726	[0.00013277844040396965]
MAR10727	[0.00013277844040396965]
MAR10728	[0.00013277844040396965]
MAR10729	[0.00013277844040396965]
MAR10730	[0.00013277844040396965]
MAR10731	[0.00013277844040396965]
MAR10732	[0.00013277844040396965]
MAR10733	[0.00013277844040396965]
MAR10734	[0.00013277844040396965]
MAR10735	[0.00013277844040396965]
MAR10736	[0.00013277844040396965]
MAR10737	[0.00013277844040396965]
MAR10738	[0.00013277844040396965]
MAR10739	[np.float64(7.456973094148011e-05)]
MAR10740	[np.float64(7.456973094148011e-05)]
MAR10741	[np.float64(7.456973094148011e-05)]
MAR10742	[np.float64(7.456973094148011e-05)]
MAR10743	[np.float64(7.456973094148011e-05)]
MAR10744	[np.float64(7.456973094148011e-05)]
MAR10745	[np.float64(7.456973094148011e-05)]
MAR10746	[np.float64(7.456973094148011e-05)]
MAR10747	[np.float64(7.456973094148011e-05)]
MAR10748	[np.float64(7.456973094148011e-05)]
MAR10749	[np.float64(7.456973094148011e-05)]
MAR10750	[np.float64(7.456973094148011e-05)]
MAR10751	[np.float64(7.456973094148011e-05)]
MAR10752	[np.float64(7.456973094148011e-05)]
MAR10753	[np.float64(7.456973094148011e-05)]
MAR10754	[np.float64(7.456973094148011e-05)]
MAR10755	[np.float64(7.456973094148011e-05)]
MAR10756	[np.float64(7.456973094148011e-05)]
MAR10757	[np.float64(7.456973094148011e-05)]
MAR10758	[np.float64(7.456973094148011e-05)]
MAR10759	[np.float64(7.456973094148011e-05)]
MAR10760	[np.float64(7.456973094148011e-05)]
MAR10761	[np.float64(7.456973094148011e-05)]
MAR10762	[np.float64(7.456973094148011e-05)]
MAR10763	[np.float64(7.456973094148011e-05)]
MAR10764	[np.float64(7.456973094148011e-05)]
MAR10765	[np.float64(7.456973094148011e-05)]
MAR10766	[np.float64(7.456973094148011e-05)]
MAR10767	[np.float64(7.456973094148011e-05)]
MAR10768	[np.float64(7.456973094148011e-05)]
MAR10769	[np.float64(7.456973094148011e-05)]
MAR10770	[np.float64(7.456973094148011e-05)]
MAR10771	[np.float64(7.456973094148011e-05)]
MAR10772	[np.float64(7.456973094148011e-05)]
MAR10773	[np.float64(7.456973094148011e-05)]
MAR10774	[np.float64(7.456973094148011e-05)]
MAR10775	[np.float64(7.456973094148011e-05)]
MAR10776	[np.float64(7.456973094148011e-05)]
MAR10777	[np.float64(7.456973094148011e-05)]
MAR10778	[np.float64(7.456973094148011e-05)]
MAR10779	[np.float64(7.456973094148011e-05)]
MAR10780	[np.float64(7.456973094148011e-05)]
MAR10781	[np.float64(7.456973094148011e-05)]
MAR10782	[np.float64(7.456973094148011e-05)]
MAR10783	[np.float64(7.456973094148011e-05)]
MAR10784	[np.float64(7.456973094148011e-05)]
MAR10785	[np.float64(7.456973094148011e-05)]
MAR10786	[np.float64(7.456973094148011e-05)]
MAR10787	[np.float64(7.456973094148011e-05)]
MAR10788	[np.float64(7.456973094148011e-05)]
MAR10789	[np.float64(7.456973094148011e-05)]
MAR10790	[np.float64(7.456973094148011e-05)]
MAR10791	[np.float64(7.456973094148011e-05)]
MAR10792	[np.float64(7.456973094148011e-05)]
MAR10793	[np.float64(7.456973094148011e-05)]
MAR10794	[np.float64(7.456973094148011e-05)]
MAR10795	[np.float64(7.456973094148011e-05)]
MAR10796	[np.float64(7.456973094148011e-05)]
MAR10797	[np.float64(7.456973094148011e-05)]
MAR10798	[np.float64(7.456973094148011e-05)]
MAR10799	[np.float64(7.456973094148011e-05)]
MAR10800	[np.float64(7.456973094148011e-05)]
MAR10801	[np.float64(7.456973094148011e-05)]
MAR10802	[np.float64(7.456973094148011e-05)]
MAR10803	[np.float64(7.456973094148011e-05)]
MAR10804	[np.float64(7.456973094148011e-05)]
MAR10805	[np.float64(7.456973094148011e-05)]
MAR10806	[np.float64(7.456973094148011e-05)]
MAR10807	[np.float64(7.456973094148011e-05)]
MAR10808	[np.float64(7.456973094148011e-05)]
MAR10809	[np.float64(7.456973094148011e-05)]
MAR10810	[np.float64(7.456973094148011e-05)]
MAR10811	[np.float64(7.456973094148011e-05)]
MAR10812	[np.float64(7.456973094148011e-05)]
MAR10813	[np.float64(7.456973094148011e-05)]
MAR10814	[np.float64(7.456973094148011e-05)]
MAR10815	[np.float64(7.456973094148011e-05)]
MAR10816	[np.float64(7.456973094148011e-05)]
MAR10817	[np.float64(7.456973094148011e-05)]
MAR10818	[np.float64(7.456973094148011e-05)]
MAR10819	[np.float64(7.456973094148011e-05)]
MAR10820	[np.float64(7.456973094148011e-05)]
MAR10821	[np.float64(7.456973094148011e-05)]
MAR10822	[np.float64(7.456973094148011e-05)]
MAR10823	[np.float64(7.456973094148011e-05)]
MAR10824	[np.float64(7.456973094148011e-05)]
MAR10825	[np.float64(7.456973094148011e-05)]
MAR10826	[np.float64(7.456973094148011e-05)]
MAR10827	[np.float64(7.456973094148011e-05)]
MAR10828	[np.float64(7.456973094148011e-05)]
MAR10829	[np.float64(7.456973094148011e-05)]
MAR10830	[np.float64(7.456973094148011e-05)]
MAR10831	[np.float64(7.456973094148011e-05)]
MAR10832	[np.float64(7.456973094148011e-05)]
MAR10833	[np.float64(7.456973094148011e-05)]
MAR10834	[np.float64(7.456973094148011e-05)]
MAR10835	[np.float64(7.456973094148011e-05)]
MAR10836	[np.float64(7.456973094148011e-05)]
MAR10837	[np.float64(7.456973094148011e-05)]
MAR10838	[np.float64(7.456973094148011e-05)]
MAR10839	[np.float64(7.456973094148011e-05)]
MAR10840	[np.float64(7.456973094148011e-05)]
MAR10841	[np.float64(7.456973094148011e-05)]
MAR10842	[np.float64(7.456973094148011e-05)]
MAR10843	[np.float64(7.456973094148011e-05)]
MAR10844	[np.float64(7.456973094148011e-05)]
MAR10845	[np.float64(7.456973094148011e-05)]
MAR10846	[np.float64(7.456973094148011e-05)]
MAR10847	[np.float64(7.456973094148011e-05)]
MAR10848	[np.float64(7.456973094148011e-05)]
MAR10849	[np.float64(7.456973094148011e-05)]
MAR10850	[np.float64(7.456973094148011e-05)]
MAR10851	[np.float64(7.456973094148011e-05)]
MAR10852	[np.float64(7.456973094148011e-05)]
MAR10853	[np.float64(7.456973094148011e-05)]
MAR10854	[np.float64(7.456973094148011e-05)]
MAR10855	[np.float64(7.456973094148011e-05)]
MAR10856	[np.float64(7.456973094148011e-05)]
MAR10857	[np.float64(7.456973094148011e-05)]
MAR10858	[np.float64(7.456973094148011e-05)]
MAR10859	[np.float64(7.456973094148011e-05)]
MAR10860	[np.float64(7.456973094148011e-05)]
MAR10861	[np.float64(7.456973094148011e-05)]
MAR10862	[np.float64(7.456973094148011e-05)]
MAR10863	[np.float64(7.456973094148011e-05)]
MAR10864	[np.float64(7.456973094148011e-05)]
MAR10865	[np.float64(7.456973094148011e-05)]
MAR10866	[np.float64(7.456973094148011e-05)]
MAR10867	[np.float64(7.456973094148011e-05)]
MAR10868	[np.float64(7.456973094148011e-05)]
MAR10869	[np.float64(7.456973094148011e-05)]
MAR10870	[np.float64(7.456973094148011e-05)]
MAR10871	[np.float64(7.456973094148011e-05)]
MAR10872	[np.float64(7.456973094148011e-05)]
MAR10873	[np.float64(7.456973094148011e-05)]
MAR10874	[np.float64(7.456973094148011e-05)]
MAR10875	[np.float64(7.456973094148011e-05)]
MAR10876	[np.float64(7.456973094148011e-05)]
MAR10877	[np.float64(7.456973094148011e-05)]
MAR10878	[np.float64(7.456973094148011e-05)]
MAR10879	[np.float64(7.456973094148011e-05)]
MAR10880	[np.float64(7.456973094148011e-05)]
MAR10881	[np.float64(7.456973094148011e-05)]
MAR10882	[np.float64(7.456973094148011e-05)]
MAR10883	[np.float64(7.456973094148011e-05)]
MAR10884	[np.float64(7.456973094148011e-05)]
MAR10885	[np.float64(7.456973094148011e-05)]
MAR10886	[np.float64(7.456973094148011e-05)]
MAR10887	[np.float64(7.456973094148011e-05)]
MAR10888	[np.float64(7.456973094148011e-05)]
MAR10889	[np.float64(7.456973094148011e-05)]
MAR10890	[np.float64(7.456973094148011e-05)]
MAR10891	[np.float64(7.456973094148011e-05)]
MAR10892	[np.float64(7.456973094148011e-05)]
MAR10893	[np.float64(7.456973094148011e-05)]
MAR10894	[np.float64(7.456973094148011e-05)]
MAR10895	[np.float64(7.456973094148011e-05)]
MAR10896	[np.float64(7.456973094148011e-05)]
MAR10897	[np.float64(7.456973094148011e-05)]
MAR10898	[np.float64(7.456973094148011e-05)]
MAR10899	[np.float64(7.456973094148011e-05)]
MAR10900	[np.float64(7.456973094148011e-05)]
MAR10901	[np.float64(7.456973094148011e-05)]
MAR10902	[np.float64(7.456973094148011e-05)]
MAR10903	[np.float64(7.456973094148011e-05)]
MAR10904	[np.float64(7.456973094148011e-05)]
MAR10905	[np.float64(7.456973094148011e-05)]
MAR10906	[np.float64(7.456973094148011e-05)]
MAR10907	[np.float64(7.456973094148011e-05)]
MAR10908	[np.float64(7.456973094148011e-05)]
MAR10909	[np.float64(7.456973094148011e-05)]
MAR10910	[np.float64(7.456973094148011e-05)]
MAR10911	[np.float64(7.456973094148011e-05)]
MAR10912	[np.float64(7.456973094148011e-05)]
MAR10913	[np.float64(7.456973094148011e-05)]
MAR10914	[np.float64(7.456973094148011e-05)]
MAR10915	[np.float64(7.456973094148011e-05)]
MAR10916	[np.float64(7.456973094148011e-05)]
MAR10917	[np.float64(7.456973094148011e-05)]
MAR10918	[np.float64(7.456973094148011e-05)]
MAR10919	[np.float64(7.456973094148011e-05)]
MAR10920	[np.float64(7.456973094148011e-05)]
MAR10921	[np.float64(7.456973094148011e-05)]
MAR10922	[np.float64(7.456973094148011e-05)]
MAR10923	[np.float64(7.456973094148011e-05)]
MAR10924	[np.float64(7.456973094148011e-05)]
MAR10925	[np.float64(7.456973094148011e-05)]
MAR10926	[np.float64(7.456973094148011e-05)]
MAR10927	[np.float64(7.456973094148011e-05)]
MAR10928	[np.float64(7.456973094148011e-05)]
MAR10929	[np.float64(7.456973094148011e-05)]
MAR10930	[np.float64(7.456973094148011e-05)]
MAR10931	[np.float64(7.456973094148011e-05)]
MAR10932	[np.float64(7.456973094148011e-05)]
MAR10933	[np.float64(7.456973094148011e-05)]
MAR10934	[np.float64(7.456973094148011e-05)]
MAR10935	[np.float64(7.456973094148011e-05)]
MAR10936	[np.float64(7.456973094148011e-05)]
MAR10937	[np.float64(7.456973094148011e-05)]
MAR10938	[np.float64(7.456973094148011e-05)]
MAR10939	[np.float64(7.456973094148011e-05)]
MAR10940	[np.float64(7.456973094148011e-05)]
MAR10941	[np.float64(7.456973094148011e-05)]
MAR10942	[np.float64(7.456973094148011e-05)]
MAR10943	[np.float64(7.456973094148011e-05)]
MAR10944	[np.float64(7.456973094148011e-05)]
MAR10945	[np.float64(7.456973094148011e-05)]
MAR10946	[np.float64(7.456973094148011e-05)]
MAR10947	[np.float64(7.456973094148011e-05)]
MAR10948	[np.float64(7.456973094148011e-05)]
MAR10949	[np.float64(7.456973094148011e-05)]
MAR10950	[np.float64(7.456973094148011e-05)]
MAR10951	[np.float64(7.456973094148011e-05)]
MAR10952	[np.float64(7.456973094148011e-05)]
MAR10953	[np.float64(7.456973094148011e-05)]
MAR10954	[np.float64(7.456973094148011e-05)]
MAR10955	[np.float64(7.456973094148011e-05)]
MAR10956	[np.float64(7.456973094148011e-05)]
MAR10957	[np.float64(7.456973094148011e-05)]
MAR10958	[np.float64(7.456973094148011e-05)]
MAR10959	[np.float64(7.456973094148011e-05)]
MAR10960	[np.float64(7.456973094148011e-05)]
MAR10961	[np.float64(7.456973094148011e-05)]
MAR10962	[np.float64(7.456973094148011e-05)]
MAR10963	[np.float64(7.456973094148011e-05)]
MAR10964	[np.float64(7.456973094148011e-05)]
MAR10965	[np.float64(7.456973094148011e-05)]
MAR10966	[np.float64(7.456973094148011e-05)]
MAR10967	[np.float64(7.456973094148011e-05)]
MAR10968	[np.float64(7.456973094148011e-05)]
MAR10969	[np.float64(7.456973094148011e-05)]
MAR10970	[np.float64(7.456973094148011e-05)]
MAR10971	[np.float64(7.456973094148011e-05)]
MAR10972	[np.float64(7.456973094148011e-05)]
MAR10973	[np.float64(7.456973094148011e-05)]
MAR10974	[np.float64(7.456973094148011e-05)]
MAR10975	[np.float64(7.456973094148011e-05)]
MAR10976	[np.float64(7.456973094148011e-05)]
MAR10977	[np.float64(7.456973094148011e-05)]
MAR10978	[np.float64(7.456973094148011e-05)]
MAR10979	[np.float64(7.456973094148011e-05)]
MAR10980	[np.float64(7.456973094148011e-05)]
MAR10981	[0.00013277844040396965]
MAR10982	[0.00013277844040396965]
MAR10983	[0.00013277844040396965]
MAR10984	[0.00013277844040396965]
MAR10985	[0.00013277844040396965]
MAR10986	[0.00013277844040396965]
MAR10987	[0.00013277844040396965]
MAR10988	[0.00013277844040396965]
MAR10989	[0.00013277844040396965]
MAR10990	[0.00013277844040396965]
MAR10991	[0.00013277844040396965]
MAR10992	[0.00013277844040396965]
MAR10993	[0.00013277844040396965]
MAR10994	[0.00013277844040396965]
MAR10995	[0.00013277844040396965]
MAR10996	[0.00013277844040396965]
MAR10997	[0.00013277844040396965]
MAR10998	[0.00013277844040396965]
MAR10999	[0.00013277844040396965]
MAR11000	[0.00013277844040396965]
MAR11001	[0.00013277844040396965]
MAR11002	[0.00013277844040396965]
MAR11003	[0.00013277844040396965]
MAR11004	[0.00013277844040396965]
MAR11005	[0.00013277844040396965]
MAR11006	[0.00013277844040396965]
MAR11007	[0.00013277844040396965]
MAR11008	[0.00013277844040396965]
MAR11009	[0.00013277844040396965]
MAR11010	[0.00013277844040396965]
MAR11011	[0.00013277844040396965]
MAR11012	[0.00013277844040396965]
MAR11013	[0.00013277844040396965]
MAR11014	[0.00013277844040396965]
MAR11015	[0.00013277844040396965]
MAR11016	[0.00013277844040396965]
MAR11017	[0.00013277844040396965]
MAR11018	[0.00013277844040396965]
MAR11019	[0.00013277844040396965]
MAR11020	[0.00013277844040396965]
MAR11021	[0.00013277844040396965]
MAR11022	[0.00013277844040396965]
MAR11023	[0.00013277844040396965]
MAR11024	[0.00013277844040396965]
MAR11025	[0.00013277844040396965]
MAR11026	[0.00013277844040396965]
MAR11027	[0.00013277844040396965]
MAR11028	[0.00013277844040396965]
MAR11029	[0.00013277844040396965]
MAR11030	[0.00013277844040396965]
MAR11031	[0.00013277844040396965]
MAR11032	[0.00013277844040396965]
MAR11033	[0.00013277844040396965]
MAR11034	[0.00013277844040396965]
MAR11035	[0.00013277844040396965]
MAR11036	[0.00013277844040396965]
MAR11037	[0.00013277844040396965]
MAR11038	[0.00013277844040396965]
MAR11039	[0.00013277844040396965]
MAR11040	[0.00013277844040396965]
MAR11041	[0.00013277844040396965]
MAR11042	[0.00013277844040396965]
MAR11043	[0.00013277844040396965]
MAR11044	[0.00013277844040396965]
MAR11045	[0.00013277844040396965]
MAR11046	[0.00013277844040396965]
MAR11047	[0.00013277844040396965]
MAR11048	[0.00013277844040396965]
MAR11049	[0.00013277844040396965]
MAR11050	[0.00013277844040396965]
MAR11051	[0.00013277844040396965]
MAR11052	[0.00013277844040396965]
MAR11053	[0.00013277844040396965]
MAR11054	[0.00013277844040396965]
MAR11055	[0.00013277844040396965]
MAR11056	[0.00013277844040396965]
MAR11057	[0.00013277844040396965]
MAR11058	[0.00013277844040396965]
MAR11059	[0.00013277844040396965]
MAR11060	[0.00013277844040396965]
MAR11061	[0.00013277844040396965]
MAR11062	[0.00013277844040396965]
MAR11063	[0.00013277844040396965]
MAR11064	[0.00013277844040396965]
MAR11065	[0.00013277844040396965]
MAR11066	[0.00013277844040396965]
MAR11067	[0.00013277844040396965]
MAR11068	[0.00013277844040396965]
MAR11069	[0.00013277844040396965]
MAR11070	[0.00013277844040396965]
MAR11071	[0.00013277844040396965]
MAR11072	[0.00013277844040396965]
MAR11073	[0.00013277844040396965]
MAR11074	[0.00013277844040396965]
MAR11075	[0.00013277844040396965]
MAR11076	[0.00013277844040396965]
MAR11077	[0.00013277844040396965]
MAR11078	[0.00013277844040396965]
MAR11079	[0.00013277844040396965]
MAR11080	[0.00013277844040396965]
MAR11081	[0.00013277844040396965]
MAR11082	[0.00013277844040396965]
MAR11083	[0.00013277844040396965]
MAR11084	[0.00013277844040396965]
MAR11085	[0.00013277844040396965]
MAR11086	[0.00013277844040396965]
MAR11087	[0.00013277844040396965]
MAR11088	[0.00013277844040396965]
MAR11089	[0.00013277844040396965]
MAR11090	[0.00013277844040396965]
MAR11091	[0.00013277844040396965]
MAR11092	[0.00013277844040396965]
MAR11093	[0.00013277844040396965]
MAR11094	[0.00013277844040396965]
MAR11095	[0.00013277844040396965]
MAR11096	[0.00013277844040396965]
MAR11097	[0.00013277844040396965]
MAR11098	[0.00013277844040396965]
MAR11099	[0.00013277844040396965]
MAR11100	[0.00013277844040396965]
MAR11101	[0.00013277844040396965]
MAR11102	[0.00013277844040396965]
MAR11103	[0.00013277844040396965]
MAR11104	[0.00013277844040396965]
MAR11105	[0.00013277844040396965]
MAR11106	[0.00013277844040396965]
MAR11107	[0.00013277844040396965]
MAR11108	[0.00013277844040396965]
MAR11109	[0.00013277844040396965]
MAR11110	[0.00013277844040396965]
MAR11111	[0.00013277844040396965]
MAR11112	[0.00013277844040396965]
MAR11113	[0.00013277844040396965]
MAR11114	[0.00013277844040396965]
MAR11115	[0.00013277844040396965]
MAR11116	[0.00013277844040396965]
MAR11117	[0.00013277844040396965]
MAR11118	[0.00013277844040396965]
MAR11119	[0.00013277844040396965]
MAR11120	[0.00013277844040396965]
MAR11121	[0.00013277844040396965]
MAR11122	[0.00013277844040396965]
MAR11123	[0.00013277844040396965]
MAR11124	[0.00013277844040396965]
MAR11125	[0.00013277844040396965]
MAR11126	[0.00013277844040396965]
MAR11127	[0.00013277844040396965]
MAR11128	[0.00013277844040396965]
MAR11129	[0.00013277844040396965]
MAR11130	[0.00013277844040396965]
MAR11131	[0.00013277844040396965]
MAR11132	[0.00013277844040396965]
MAR11133	[0.00013277844040396965]
MAR11134	[0.00013277844040396965]
MAR11135	[0.00013277844040396965]
MAR11136	[0.00013277844040396965]
MAR11137	[0.00013277844040396965]
MAR11138	[0.00013277844040396965]
MAR11139	[0.00013277844040396965]
MAR11140	[0.00013277844040396965]
MAR11141	[0.00013277844040396965]
MAR11142	[0.00013277844040396965]
MAR11143	[0.00013277844040396965]
MAR11144	[0.00013277844040396965]
MAR11145	[0.00013277844040396965]
MAR11146	[0.00013277844040396965]
MAR11147	[0.00013277844040396965]
MAR11148	[0.00013277844040396965]
MAR11149	[0.00013277844040396965]
MAR11150	[0.00013277844040396965]
MAR11151	[0.00013277844040396965]
MAR11152	[0.00013277844040396965]
MAR11153	[0.00013277844040396965]
MAR11154	[0.00013277844040396965]
MAR11155	[0.00013277844040396965]
MAR11156	[0.00013277844040396965]
MAR11157	[0.00013277844040396965]
MAR11158	[0.00013277844040396965]
MAR11159	[0.00013277844040396965]
MAR11160	[0.00013277844040396965]
MAR11161	[0.00013277844040396965]
MAR11162	[0.00013277844040396965]
MAR11163	[0.00013277844040396965]
MAR11164	[0.00013277844040396965]
MAR11165	[0.00013277844040396965]
MAR11166	[0.00013277844040396965]
MAR11167	[0.00013277844040396965]
MAR11168	[0.00013277844040396965]
MAR11169	[0.00013277844040396965]
MAR11170	[0.00013277844040396965]
MAR11171	[0.00013277844040396965]
MAR11172	[0.00013277844040396965]
MAR11173	[0.00013277844040396965]
MAR11174	[0.00013277844040396965]
MAR11175	[0.00013277844040396965]
MAR11176	[0.00013277844040396965]
MAR11177	[0.00013277844040396965]
MAR11178	[0.00013277844040396965]
MAR11179	[0.00013277844040396965]
MAR11180	[0.00013277844040396965]
MAR11181	[0.00013277844040396965]
MAR11182	[0.00013277844040396965]
MAR11183	[0.00013277844040396965]
MAR11184	[0.00013277844040396965]
MAR11185	[0.00013277844040396965]
MAR11186	[0.00013277844040396965]
MAR11187	[0.00013277844040396965]
MAR11188	[0.00013277844040396965]
MAR11189	[0.00013277844040396965]
MAR11190	[0.00013277844040396965]
MAR11191	[0.00013277844040396965]
MAR11192	[0.00013277844040396965]
MAR11193	[0.00013277844040396965]
MAR11194	[0.00013277844040396965]
MAR11195	[0.00013277844040396965]
MAR11196	[0.00013277844040396965]
MAR11197	[0.00013277844040396965]
MAR11198	[0.00013277844040396965]
MAR11199	[0.00013277844040396965]
MAR11200	[0.00013277844040396965]
MAR11201	[0.00013277844040396965]
MAR11202	[0.00013277844040396965]
MAR11203	[0.00013277844040396965]
MAR11204	[0.00013277844040396965]
MAR11205	[0.00013277844040396965]
MAR11206	[0.00013277844040396965]
MAR11207	[0.00013277844040396965]
MAR11208	[0.00013277844040396965]
MAR11209	[0.00013277844040396965]
MAR11210	[0.00013277844040396965]
MAR11211	[0.00013277844040396965]
MAR11212	[0.00013277844040396965]
MAR11213	[0.00013277844040396965]
MAR11214	[0.00013277844040396965]
MAR11215	[0.00013277844040396965]
MAR11216	[0.00013277844040396965]
MAR11217	[0.00013277844040396965]
MAR11218	[0.00013277844040396965]
MAR11219	[0.00013277844040396965]
MAR11220	[0.00013277844040396965]
MAR11221	[0.00013277844040396965]
MAR11222	[0.00013277844040396965]
MAR11223	[0.015956857496100273]
MAR11224	[0.00013277844040396965]
MAR11225	[0.00013277844040396965]
MAR11226	[0.00013277844040396965]
MAR11227	[0.00013277844040396965]
MAR11228	[0.00013277844040396965]
MAR11229	[0.00013277844040396965]
MAR11230	[0.00013277844040396965]
MAR11231	[0.00013277844040396965]
MAR11232	[0.00013277844040396965]
MAR11233	[0.00013277844040396965]
MAR11234	[0.00013277844040396965]
MAR11235	[0.00013277844040396965]
MAR11236	[0.00013277844040396965]
MAR11237	[0.00013277844040396965]
MAR11238	[0.00013277844040396965]
MAR11239	[0.00013277844040396965]
MAR11240	[0.00013277844040396965]
MAR11241	[0.00013277844040396965]
MAR11242	[0.00013277844040396965]
MAR11243	[0.00013277844040396965]
MAR11244	[0.00013277844040396965]
MAR11245	[0.00013277844040396965]
MAR11246	[0.00013277844040396965]
MAR11247	[0.00013277844040396965]
MAR11248	[0.00013277844040396965]
MAR11249	[0.00013277844040396965]
MAR11250	[0.00013277844040396965]
MAR11251	[0.00013277844040396965]
MAR11252	[0.00013277844040396965]
MAR11253	[0.00013277844040396965]
MAR11254	[0.00013277844040396965]
MAR11255	[0.00013277844040396965]
MAR11256	[0.00013277844040396965]
MAR11257	[0.00013277844040396965]
MAR11258	[0.00013277844040396965]
MAR11259	[0.00013277844040396965]
MAR11260	[0.00013277844040396965]
MAR11261	[0.00013277844040396965]
MAR11262	[0.00013277844040396965]
MAR11263	[0.00013277844040396965]
MAR11264	[0.00013277844040396965]
MAR11265	[0.00013277844040396965]
MAR11266	[0.00013277844040396965]
MAR11267	[0.00013277844040396965]
MAR11268	[0.00013277844040396965]
MAR11270	[0.00013277844040396965]
MAR11271	[0.00013277844040396965]
MAR11272	[0.00013277844040396965]
MAR11274	[0.00013277844040396965]
MAR11276	[0.00013277844040396965]
MAR11277	[0.00013277844040396965]
MAR11278	[0.00013277844040396965]
MAR11279	[0.00013277844040396965]
MAR11280	[0.00013277844040396965]
MAR11281	[0.00013277844040396965]
MAR11282	[0.00013277844040396965]
MAR11283	[0.00013277844040396965]
MAR11284	[0.00013277844040396965]
MAR11285	[0.00013277844040396965]
MAR11286	[0.00013277844040396965]
MAR11287	[0.00013277844040396965]
MAR11288	[0.00013277844040396965]
MAR11289	[0.00013277844040396965]
MAR11290	[0.00013277844040396965]
MAR11291	[0.00013277844040396965]
MAR11294	[np.float64(7.456973094148011e-05)]
MAR11295	[0.00013277844040396965]
MAR11296	[0.00013277844040396965]
MAR11297	[0.00013277844040396965]
MAR11298	[0.00013277844040396965]
MAR11299	[0.00013277844040396965]
MAR11300	[0.00013277844040396965]
MAR11301	[0.00013277844040396965]
MAR11302	[0.00013277844040396965]
MAR11303	[0.00013277844040396965]
MAR11304	[0.00013277844040396965]
MAR11305	[0.00013277844040396965]
MAR11306	[0.00013277844040396965]
MAR11307	[np.float64(7.456973094148011e-05)]
MAR11308	[0.00013277844040396965]
MAR11309	[0.00013277844040396965]
MAR11311	[0.00013277844040396965]
MAR11312	[0.00013277844040396965]
MAR11313	[0.00013277844040396965]
MAR11314	[0.00013277844040396965]
MAR11315	[0.00013277844040396965]
MAR11316	[0.00013277844040396965]
MAR11317	[0.00013277844040396965]
MAR11318	[0.00013277844040396965]
MAR11319	[0.00013277844040396965]
MAR11320	[0.00013277844040396965]
MAR11321	[0.00013277844040396965]
MAR11322	[0.00013277844040396965]
MAR11323	[0.00013277844040396965]
MAR11324	[0.00013277844040396965]
MAR11325	[0.00013277844040396965]
MAR11326	[0.00013277844040396965]
MAR11327	[0.00013277844040396965]
MAR11328	[0.00013277844040396965]
MAR11329	[0.00013277844040396965]
MAR11330	[0.00013277844040396965]
MAR11331	[0.00013277844040396965]
MAR11332	[0.00013277844040396965]
MAR11333	[0.00013277844040396965]
MAR11334	[0.00013277844040396965]
MAR11335	[0.00013277844040396965]
MAR11336	[0.00013277844040396965]
MAR11337	[0.00013277844040396965]
MAR11338	[0.00013277844040396965]
MAR11339	[0.00013277844040396965]
MAR11340	[0.00013277844040396965]
MAR11341	[0.00013277844040396965]
MAR11342	[0.00013277844040396965]
MAR11343	[0.00013277844040396965]
MAR11344	[0.00013277844040396965]
MAR11345	[0.00013277844040396965]
MAR11346	[0.00013277844040396965]
MAR11347	[0.00013277844040396965]
MAR11348	[0.00013277844040396965]
MAR11349	[0.00013277844040396965]
MAR11350	[0.00013277844040396965]
MAR11351	[0.00013277844040396965]
MAR11352	[0.00013277844040396965]
MAR11353	[0.00013277844040396965]
MAR11354	[0.00013277844040396965]
MAR11355	[0.00013277844040396965]
MAR11356	[0.00013277844040396965]
MAR11357	[0.00013277844040396965]
MAR11358	[0.00013277844040396965]
MAR11359	[0.00013277844040396965]
MAR11360	[0.00013277844040396965]
MAR11361	[0.00013277844040396965]
MAR11362	[0.00013277844040396965]
MAR11363	[0.00013277844040396965]
MAR11364	[0.00013277844040396965]
MAR11365	[0.00013277844040396965]
MAR11366	[0.00013277844040396965]
MAR11367	[0.00013277844040396965]
MAR11368	[0.00013277844040396965]
MAR11369	[0.00013277844040396965]
MAR11370	[0.00013277844040396965]
MAR11371	[0.00013277844040396965]
MAR11372	[0.00013277844040396965]
MAR11373	[0.00013277844040396965]
MAR11374	[np.float64(7.456973094148011e-05)]
MAR11375	[0.00639132310635336]
MAR11376	[0.00013277844040396965]
MAR11377	[np.float64(7.456973094148011e-05)]
MAR11378	[0.00639132310635336]
MAR11379	[0.00013277844040396965]
MAR11380	[np.float64(7.456973094148011e-05)]
MAR11381	[0.00639132310635336]
MAR11382	[0.00013277844040396965]
MAR11383	[np.float64(7.456973094148011e-05)]
MAR11384	[0.00639132310635336]
MAR11385	[0.00013277844040396965]
MAR11386	[np.float64(7.456973094148011e-05)]
MAR11387	[0.00013277844040396965]
MAR11388	[np.float64(7.456973094148011e-05)]
MAR11389	[0.00639132310635336]
MAR11390	[0.00013277844040396965]
MAR11391	[0.00013277844040396965]
MAR11392	[0.00013277844040396965]
MAR11393	[0.00013277844040396965]
MAR11394	[np.float64(7.456973094148011e-05)]
MAR11395	[0.005472296504682771]
MAR11396	[np.float64(7.456973094148011e-05)]
MAR11397	[0.012613840959470973]
MAR11398	[0.00013277844040396965]
MAR11399	[np.float64(7.456973094148011e-05)]
MAR11400	[0.00013277844040396965]
MAR11401	[0.00013277844040396965]
MAR11402	[0.00013277844040396965]
MAR11403	[0.00013277844040396965]
MAR11404	[0.00013277844040396965]
MAR11405	[0.00013277844040396965]
MAR11406	[0.00013277844040396965]
MAR11407	[0.015956857496100273]
MAR11408	[np.float64(7.456973094148011e-05)]
MAR11409	[0.00013277844040396965]
MAR11410	[0.011256183989019192]
MAR11411	[np.float64(7.456973094148011e-05)]
MAR11412	[0.015956857496100273]
MAR11413	[0.00013277844040396965]
MAR11414	[np.float64(7.456973094148011e-05)]
MAR11415	[0.012613840959470973]
MAR11416	[np.float64(7.456973094148011e-05)]
MAR11417	[0.012613840959470973]
MAR11418	[0.012613840959470973]
MAR11419	[0.00013277844040396965]
MAR11420	[0.00013277844040396965]
MAR11422	[0.00013277844040396965]
MAR11423	[0.00013277844040396965]
MAR11424	[0.00013277844040396965]
MAR11425	[0.00013277844040396965]
MAR11426	[0.00013277844040396965]
MAR11427	[0.00013277844040396965]
MAR11428	[0.00013277844040396965]
MAR11429	[0.00013277844040396965]
MAR11430	[np.float64(7.456973094148011e-05)]
MAR11431	[0.00013277844040396965]
MAR11432	[0.00013277844040396965]
MAR11433	[np.float64(7.456973094148011e-05)]
MAR11434	[0.00013277844040396965]
MAR11435	[0.00013277844040396965]
MAR11436	[0.00013277844040396965]
MAR11437	[0.00013277844040396965]
MAR11438	[0.00013277844040396965]
MAR11439	[0.00013277844040396965]
MAR11440	[0.00013277844040396965]
MAR11441	[0.00013277844040396965]
MAR11442	[np.float64(7.456973094148011e-05)]
MAR11443	[np.float64(7.456973094148011e-05)]
MAR11444	[0.00013277844040396965]
MAR11445	[0.00013277844040396965]
MAR11446	[0.00013277844040396965]
MAR11447	[0.00013277844040396965]
MAR11448	[0.00013277844040396965]
MAR11449	[0.00013277844040396965]
MAR11450	[0.010443919289222548]
MAR11451	[0.00013277844040396965]
MAR11452	[0.00013277844040396965]
MAR11453	[0.010443919289222548]
MAR11454	[0.00013277844040396965]
MAR11455	[0.00013277844040396965]
MAR11456	[0.010443919289222548]
MAR11457	[0.00013277844040396965]
MAR11458	[0.00013277844040396965]
MAR11459	[0.00013277844040396965]
MAR11460	[0.00013277844040396965]
MAR11461	[0.00013277844040396965]
MAR11462	[0.00013277844040396965]
MAR11463	[0.00013277844040396965]
MAR11464	[0.00013277844040396965]
MAR11465	[0.00013277844040396965]
MAR11466	[0.00013277844040396965]
MAR11467	[np.float64(7.456973094148011e-05)]
MAR11468	[0.00013277844040396965]
MAR11469	[0.00013277844040396965]
MAR11470	[0.00013277844040396965]
MAR11471	[0.00013277844040396965]
MAR11472	[0.00013277844040396965]
MAR11473	[0.00013277844040396965]
MAR11474	[0.00013277844040396965]
MAR11475	[0.00013277844040396965]
MAR11476	[2.8841287887561833e-05]
MAR11477	[0.00013277844040396965]
MAR11478	[0.00013277844040396965]
MAR11479	[2.8841287887561833e-05]
MAR11480	[0.00013277844040396965]
MAR11481	[0.00013277844040396965]
MAR11482	[0.00013277844040396965]
MAR11483	[0.00013277844040396965]
MAR11484	[0.00013277844040396965]
MAR11485	[0.00013277844040396965]
MAR11486	[np.float64(7.456973094148011e-05)]
MAR11487	[0.00013277844040396965]
MAR11488	[0.00013277844040396965]
MAR11489	[0.00013277844040396965]
MAR11490	[0.00013277844040396965]
MAR11491	[0.00013277844040396965]
MAR11492	[0.00013277844040396965]
MAR11493	[0.00013277844040396965]
MAR11494	[0.00013277844040396965]
MAR11495	[0.00013277844040396965]
MAR11496	[0.00013277844040396965]
MAR11497	[0.00013277844040396965]
MAR11498	[0.00013277844040396965]
MAR11499	[0.00013277844040396965]
MAR11500	[0.00013277844040396965]
MAR11501	[0.00013277844040396965]
MAR11502	[0.008998160734830764]
MAR11503	[0.00013277844040396965]
MAR11504	[0.00013277844040396965]
MAR11505	[0.00013277844040396965]
MAR11506	[0.00013277844040396965]
MAR11507	[0.00013277844040396965]
MAR11508	[0.00013277844040396965]
MAR11509	[0.008998160734830764]
MAR11510	[0.00013277844040396965]
MAR11511	[0.00013277844040396965]
MAR11512	[0.00013277844040396965]
MAR11513	[0.00013277844040396965]
MAR11514	[np.float64(7.456973094148011e-05)]
MAR11515	[0.00013277844040396965]
MAR11516	[0.00013277844040396965]
MAR11517	[0.00013277844040396965]
MAR11518	[0.015956857496100273]
MAR11519	[0.00013277844040396965]
MAR11520	[0.00013277844040396965]
MAR11521	[0.00013277844040396965]
MAR11522	[0.00013277844040396965]
MAR11523	[0.00013277844040396965]
MAR11524	[0.00013277844040396965]
MAR11525	[0.00013277844040396965]
MAR11526	[0.00013277844040396965]
MAR11527	[0.00013277844040396965]
MAR11528	[0.00013277844040396965]
MAR11529	[np.float64(7.456973094148011e-05)]
MAR11530	[0.00013277844040396965]
MAR11531	[0.00013277844040396965]
MAR11532	[0.00013277844040396965]
MAR11533	[0.00013277844040396965]
MAR11534	[np.float64(7.456973094148011e-05)]
MAR11535	[0.00013277844040396965]
MAR11536	[0.00013277844040396965]
MAR11537	[0.00013277844040396965]
MAR11538	[0.00013277844040396965]
MAR11539	[np.float64(7.456973094148011e-05)]
MAR11540	[0.00013277844040396965]
MAR11541	[0.00013277844040396965]
MAR11542	[0.00013277844040396965]
MAR11543	[0.00013277844040396965]
MAR11544	[0.015956857496100273]
MAR11545	[0.00013277844040396965]
MAR11546	[0.00013277844040396965]
MAR11547	[0.00013277844040396965]
MAR11548	[0.00013277844040396965]
MAR11549	[0.00013277844040396965]
MAR11550	[0.00013277844040396965]
MAR11551	[0.00013277844040396965]
MAR11552	[0.00013277844040396965]
MAR11553	[0.00013277844040396965]
MAR11554	[0.00013277844040396965]
MAR11555	[0.008998160734830764]
MAR11556	[0.00013277844040396965]
MAR11557	[0.00013277844040396965]
MAR11558	[0.00013277844040396965]
MAR11559	[0.00013277844040396965]
MAR11560	[0.00013277844040396965]
MAR11561	[0.00013277844040396965]
MAR11562	[0.008998160734830764]
MAR11563	[0.00013277844040396965]
MAR11564	[0.00013277844040396965]
MAR11565	[0.00013277844040396965]
MAR11566	[0.00013277844040396965]
MAR11567	[0.00013277844040396965]
MAR11568	[0.00013277844040396965]
MAR11569	[0.00013277844040396965]
MAR11570	[0.00013277844040396965]
MAR11571	[0.00013277844040396965]
MAR11572	[np.float64(7.456973094148011e-05)]
MAR11573	[0.00013277844040396965]
MAR11574	[0.00013277844040396965]
MAR11575	[0.00013277844040396965]
MAR11576	[0.00013277844040396965]
MAR11577	[np.float64(7.456973094148011e-05)]
MAR11578	[np.float64(7.456973094148011e-05)]
MAR11579	[0.00013277844040396965]
MAR11580	[0.00013277844040396965]
MAR11581	[np.float64(7.456973094148011e-05)]
MAR11582	[np.float64(7.456973094148011e-05)]
MAR11583	[0.00013277844040396965]
MAR11584	[0.00013277844040396965]
MAR11585	[0.00013277844040396965]
MAR11586	[0.00013277844040396965]
MAR11587	[np.float64(7.456973094148011e-05)]
MAR11588	[np.float64(7.456973094148011e-05)]
MAR11589	[np.float64(7.456973094148011e-05)]
MAR11590	[np.float64(7.456973094148011e-05)]
MAR11591	[np.float64(7.456973094148011e-05)]
MAR11592	[np.float64(7.456973094148011e-05)]
MAR11593	[np.float64(7.456973094148011e-05)]
MAR11594	[np.float64(7.456973094148011e-05)]
MAR11595	[np.float64(7.456973094148011e-05)]
MAR11596	[np.float64(7.456973094148011e-05)]
MAR11597	[np.float64(7.456973094148011e-05)]
MAR11598	[np.float64(7.456973094148011e-05)]
MAR11599	[np.float64(7.456973094148011e-05)]
MAR11600	[np.float64(7.456973094148011e-05)]
MAR11601	[np.float64(7.456973094148011e-05)]
MAR11602	[np.float64(7.456973094148011e-05)]
MAR11603	[np.float64(7.456973094148011e-05)]
MAR11604	[np.float64(7.456973094148011e-05)]
MAR11605	[np.float64(7.456973094148011e-05)]
MAR11606	[np.float64(7.456973094148011e-05)]
MAR11607	[np.float64(7.456973094148011e-05)]
MAR11608	[np.float64(7.456973094148011e-05)]
MAR11609	[np.float64(7.456973094148011e-05)]
MAR11610	[np.float64(7.456973094148011e-05)]
MAR11611	[np.float64(7.456973094148011e-05)]
MAR11612	[np.float64(7.456973094148011e-05)]
MAR11613	[np.float64(7.456973094148011e-05)]
MAR11614	[np.float64(7.456973094148011e-05)]
MAR11615	[np.float64(7.456973094148011e-05)]
MAR11616	[np.float64(7.456973094148011e-05)]
MAR11617	[np.float64(7.456973094148011e-05)]
MAR11618	[np.float64(7.456973094148011e-05)]
MAR11619	[np.float64(7.456973094148011e-05)]
MAR11620	[np.float64(7.456973094148011e-05)]
MAR11621	[np.float64(7.456973094148011e-05)]
MAR11622	[np.float64(7.456973094148011e-05)]
MAR11623	[np.float64(7.456973094148011e-05)]
MAR11624	[np.float64(7.456973094148011e-05)]
MAR11625	[np.float64(7.456973094148011e-05)]
MAR11626	[np.float64(7.456973094148011e-05)]
MAR11627	[np.float64(7.456973094148011e-05)]
MAR11628	[np.float64(7.456973094148011e-05)]
MAR11629	[0.00013277844040396965]
MAR11630	[0.00013277844040396965]
MAR11631	[0.00013277844040396965]
MAR11632	[0.00013277844040396965]
MAR11633	[0.00013277844040396965]
MAR11634	[0.00013277844040396965]
MAR11635	[0.00013277844040396965]
MAR11636	[0.00013277844040396965]
MAR11637	[0.00013277844040396965]
MAR11638	[0.00013277844040396965]
MAR11639	[0.00013277844040396965]
MAR11640	[0.00013277844040396965]
MAR11641	[0.00013277844040396965]
MAR11642	[0.00013277844040396965]
MAR11643	[0.00013277844040396965]
MAR11644	[0.00013277844040396965]
MAR11645	[0.00013277844040396965]
MAR11646	[0.00013277844040396965]
MAR11647	[np.float64(7.456973094148011e-05)]
MAR11648	[np.float64(7.456973094148011e-05)]
MAR11653	[0.00013277844040396965]
MAR11654	[0.00013277844040396965]
MAR11655	[0.00013277844040396965]
MAR11656	[0.00013277844040396965]
MAR11657	[0.00013277844040396965]
MAR11658	[0.00013277844040396965]
MAR11659	[0.00013277844040396965]
MAR11660	[0.00013277844040396965]
MAR11661	[0.00013277844040396965]
MAR11662	[0.00013277844040396965]
MAR11663	[0.00013277844040396965]
MAR11664	[0.00013277844040396965]
MAR11665	[0.00013277844040396965]
MAR11666	[0.00013277844040396965]
MAR11667	[0.00013277844040396965]
MAR11668	[0.00013277844040396965]
MAR11669	[0.00013277844040396965]
MAR11670	[0.00013277844040396965]
MAR11671	[0.00013277844040396965]
MAR11672	[0.00013277844040396965]
MAR11673	[0.00013277844040396965]
MAR11674	[0.00013277844040396965]
MAR11675	[0.00013277844040396965]
MAR11676	[0.00013277844040396965]
MAR11677	[0.00013277844040396965]
MAR11678	[0.00013277844040396965]
MAR11679	[0.00013277844040396965]
MAR11680	[0.00013277844040396965]
MAR11681	[0.00013277844040396965]
MAR11682	[0.00013277844040396965]
MAR11683	[0.00013277844040396965]
MAR11684	[0.00013277844040396965]
MAR11685	[0.00013277844040396965]
MAR11686	[0.00013277844040396965]
MAR11687	[0.00013277844040396965]
MAR11688	[0.00013277844040396965]
MAR11689	[0.00013277844040396965]
MAR11690	[0.00013277844040396965]
MAR11691	[0.00013277844040396965]
MAR11692	[0.00013277844040396965]
MAR11693	[0.00013277844040396965]
MAR11694	[0.00013277844040396965]
MAR11695	[np.float64(7.456973094148011e-05)]
MAR11696	[np.float64(7.456973094148011e-05)]
MAR11698	[np.float64(7.456973094148011e-05)]
MAR11700	[np.float64(7.456973094148011e-05)]
MAR11702	[np.float64(7.456973094148011e-05)]
MAR11704	[np.float64(7.456973094148011e-05)]
MAR11706	[np.float64(7.456973094148011e-05)]
MAR11708	[np.float64(7.456973094148011e-05)]
MAR11710	[np.float64(7.456973094148011e-05)]
MAR11712	[np.float64(7.456973094148011e-05)]
MAR11714	[np.float64(7.456973094148011e-05)]
MAR11716	[np.float64(7.456973094148011e-05)]
MAR11718	[np.float64(7.456973094148011e-05)]
MAR11720	[np.float64(7.456973094148011e-05)]
MAR11722	[np.float64(7.456973094148011e-05)]
MAR11724	[np.float64(7.456973094148011e-05)]
MAR11726	[np.float64(7.456973094148011e-05)]
MAR11728	[0.00013277844040396965]
MAR11730	[0.00013277844040396965]
MAR11731	[0.015956857496100273]
MAR11732	[0.00013277844040396965]
MAR11733	[0.00013277844040396965]
MAR11734	[0.015956857496100273]
MAR11735	[0.00013277844040396965]
MAR11736	[7.43681259301101e-05]
MAR11737	[0.015956857496100273]
MAR11738	[0.00013277844040396965]
MAR11739	[0.00013277844040396965]
MAR11740	[7.43681259301101e-05]
MAR11741	[0.015956857496100273]
MAR11742	[0.00013277844040396965]
MAR11743	[0.00013277844040396965]
MAR11744	[0.0076398639120532665]
MAR11745	[7.43681259301101e-05]
MAR11746	[0.015956857496100273]
MAR11747	[0.00013277844040396965]
MAR11748	[0.00013277844040396965]
MAR11749	[7.43681259301101e-05]
MAR11750	[0.00013277844040396965]
MAR11751	[0.00013277844040396965]
MAR11752	[7.43681259301101e-05]
MAR11753	[0.015956857496100273]
MAR11754	[0.00013277844040396965]
MAR11755	[0.00013277844040396965]
MAR11756	[0.015956857496100273]
MAR11757	[0.008998160734830764]
MAR11758	[0.008998160734830764]
MAR11759	[0.008998160734830764]
MAR11760	[0.008998160734830764]
MAR11761	[0.008998160734830764]
MAR11762	[0.008998160734830764]
MAR11763	[0.008998160734830764]
MAR11764	[0.008998160734830764]
MAR11765	[0.008998160734830764]
MAR11766	[0.008998160734830764]
MAR11767	[0.008998160734830764]
MAR11768	[0.008998160734830764]
MAR11769	[0.008998160734830764]
MAR11770	[0.008998160734830764]
MAR11771	[0.008998160734830764]
MAR11772	[0.008998160734830764]
MAR11773	[0.008998160734830764]
MAR11774	[0.008998160734830764]
MAR11775	[0.015956857496100273]
MAR11776	[0.003897569512531185]
MAR11777	[0.015956857496100273]
MAR11778	[np.float64(7.456973094148011e-05)]
MAR11779	[0.009947721923987943]
MAR11780	[np.float64(7.456973094148011e-05)]
MAR11781	[0.0038591200197431643]
MAR11782	[np.float64(7.456973094148011e-05)]
MAR11783	[0.009947721923987943]
MAR11784	[0.009947721923987943]
MAR11785	[0.004952921735942963]
MAR11786	[np.float64(7.456973094148011e-05)]
MAR11787	[np.float64(7.456973094148011e-05)]
MAR11788	[0.005472296504682771]
MAR11789	[0.005472296504682771]
MAR11790	[0.005472296504682771]
MAR11791	[2.9457860559373696e-05]
MAR11792	[np.float64(7.456973094148011e-05)]
MAR11793	[np.float64(7.456973094148011e-05)]
MAR11794	[np.float64(7.456973094148011e-05)]
MAR11795	[np.float64(7.456973094148011e-05)]
MAR11796	[np.float64(7.456973094148011e-05)]
MAR11797	[0.00010564810360795588]
MAR11798	[0.00010564810360795588]
MAR11799	[0.0038542479703766934]
MAR11800	[np.float64(7.456973094148011e-05)]
MAR11801	[np.float64(7.456973094148011e-05)]
MAR11802	[np.float64(7.456973094148011e-05)]
MAR11803	[0.0076398639120532665]
MAR11804	[2.8841287887561833e-05]
MAR11805	[np.float64(7.456973094148011e-05)]
MAR11806	[np.float64(7.456973094148011e-05)]
MAR11807	[np.float64(7.456973094148011e-05)]
MAR11808	[2.9751530589004282e-05]
MAR11809	[np.float64(7.456973094148011e-05)]
MAR11810	[2.8841287887561833e-05]
MAR11811	[0.015956857496100273]
MAR11812	[0.015956857496100273]
MAR11813	[0.015956857496100273]
MAR11814	[0.015956857496100273]
MAR11815	[np.float64(7.456973094148011e-05)]
MAR11816	[0.00013277844040396965]
MAR11817	[0.00013277844040396965]
MAR11818	[0.00013277844040396965]
MAR11819	[0.00013277844040396965]
MAR11820	[0.00013277844040396965]
MAR11821	[0.00013277844040396965]
MAR11822	[0.00013277844040396965]
MAR11823	[0.00013277844040396965]
MAR11824	[0.00013277844040396965]
MAR11825	[0.00013277844040396965]
MAR11826	[0.00013277844040396965]
MAR11827	[0.00013277844040396965]
MAR11828	[0.00013277844040396965]
MAR11829	[0.00013277844040396965]
MAR11830	[0.00013277844040396965]
MAR11831	[0.00013277844040396965]
MAR11832	[0.00013277844040396965]
MAR11833	[0.00013277844040396965]
MAR11834	[0.00013277844040396965]
MAR11835	[0.00013277844040396965]
MAR11836	[0.00013277844040396965]
MAR11837	[0.00013277844040396965]
MAR11838	[0.00013277844040396965]
MAR11839	[0.00013277844040396965]
MAR11840	[0.00013277844040396965]
MAR11841	[0.00013277844040396965]
MAR11842	[0.00013277844040396965]
MAR11843	[0.00013277844040396965]
MAR11844	[0.00013277844040396965]
MAR11845	[0.00013277844040396965]
MAR11846	[0.00013277844040396965]
MAR11847	[0.00013277844040396965]
MAR11848	[0.00013277844040396965]
MAR11849	[0.00013277844040396965]
MAR11850	[0.00013277844040396965]
MAR11851	[0.00013277844040396965]
MAR11852	[0.00013277844040396965]
MAR11853	[0.00013277844040396965]
MAR11854	[0.00013277844040396965]
MAR11855	[0.00013277844040396965]
MAR11856	[0.00013277844040396965]
MAR11857	[0.00013277844040396965]
MAR11858	[0.00013277844040396965]
MAR11859	[0.00013277844040396965]
MAR11860	[0.00013277844040396965]
MAR11861	[0.00013277844040396965]
MAR11862	[0.00013277844040396965]
MAR11863	[0.00013277844040396965]
MAR11864	[0.00013277844040396965]
MAR11865	[0.00013277844040396965]
MAR11866	[0.00013277844040396965]
MAR11867	[0.00013277844040396965]
MAR11868	[0.00013277844040396965]
MAR11869	[0.00013277844040396965]
MAR11870	[0.00013277844040396965]
MAR11871	[0.00013277844040396965]
MAR11872	[0.00013277844040396965]
MAR11873	[0.00013277844040396965]
MAR11874	[0.00013277844040396965]
MAR11875	[0.00013277844040396965]
MAR11876	[0.00013277844040396965]
MAR11877	[0.00013277844040396965]
MAR11878	[0.00013277844040396965]
MAR11879	[0.00013277844040396965]
MAR11880	[0.00013277844040396965]
MAR11881	[0.00013277844040396965]
MAR11882	[0.00013277844040396965]
MAR11883	[0.00013277844040396965]
MAR11884	[0.00013277844040396965]
MAR11885	[0.00013277844040396965]
MAR11886	[0.00013277844040396965]
MAR11887	[0.00013277844040396965]
MAR11888	[0.00013277844040396965]
MAR11889	[0.00013277844040396965]
MAR11890	[0.00013277844040396965]
MAR11891	[0.00013277844040396965]
MAR11892	[0.00013277844040396965]
MAR11893	[0.00013277844040396965]
MAR11894	[0.00013277844040396965]
MAR11895	[0.00013277844040396965]
MAR11896	[0.00013277844040396965]
MAR11897	[0.00013277844040396965]
MAR11898	[0.00013277844040396965]
MAR11899	[0.00013277844040396965]
MAR11900	[0.00013277844040396965]
MAR11901	[0.00013277844040396965]
MAR11902	[0.00013277844040396965]
MAR11903	[0.00013277844040396965]
MAR11904	[0.00013277844040396965]
MAR11905	[0.00013277844040396965]
MAR11906	[0.00013277844040396965]
MAR11907	[0.00013277844040396965]
MAR11908	[0.00013277844040396965]
MAR11909	[0.00013277844040396965]
MAR11910	[0.00013277844040396965]
MAR11911	[0.00013277844040396965]
MAR11912	[0.00013277844040396965]
MAR11913	[0.00013277844040396965]
MAR11914	[0.00013277844040396965]
MAR11915	[0.00013277844040396965]
MAR11916	[0.00013277844040396965]
MAR11917	[0.00013277844040396965]
MAR11918	[0.00013277844040396965]
MAR11919	[0.00013277844040396965]
MAR11920	[0.00013277844040396965]
MAR11921	[0.00013277844040396965]
MAR11922	[0.00013277844040396965]
MAR11923	[0.00013277844040396965]
MAR11924	[0.00013277844040396965]
MAR11925	[0.00013277844040396965]
MAR11926	[0.00013277844040396965]
MAR11927	[0.00013277844040396965]
MAR11928	[0.00013277844040396965]
MAR11929	[0.00013277844040396965]
MAR11930	[0.00013277844040396965]
MAR11931	[0.00013277844040396965]
MAR11932	[0.00013277844040396965]
MAR11933	[0.00013277844040396965]
MAR11934	[0.00013277844040396965]
MAR11935	[0.00013277844040396965]
MAR11936	[0.00013277844040396965]
MAR11937	[0.00013277844040396965]
MAR11938	[0.00013277844040396965]
MAR11939	[0.00013277844040396965]
MAR11940	[0.00013277844040396965]
MAR11941	[0.00013277844040396965]
MAR11942	[0.00013277844040396965]
MAR11943	[0.00013277844040396965]
MAR11944	[0.00013277844040396965]
MAR11945	[0.00013277844040396965]
MAR11946	[0.00013277844040396965]
MAR11947	[0.00013277844040396965]
MAR11948	[0.00013277844040396965]
MAR11949	[0.00013277844040396965]
MAR11950	[0.00013277844040396965]
MAR11951	[0.00013277844040396965]
MAR11952	[0.00013277844040396965]
MAR11953	[0.00013277844040396965]
MAR11954	[0.00013277844040396965]
MAR11955	[0.00013277844040396965]
MAR11956	[0.00013277844040396965]
MAR11957	[0.00013277844040396965]
MAR11958	[0.00013277844040396965]
MAR11959	[0.00013277844040396965]
MAR11960	[0.00013277844040396965]
MAR11961	[0.00013277844040396965]
MAR11962	[0.00013277844040396965]
MAR11963	[0.00013277844040396965]
MAR11964	[0.00013277844040396965]
MAR11965	[0.00013277844040396965]
MAR11966	[0.00013277844040396965]
MAR11967	[0.00013277844040396965]
MAR11968	[0.00013277844040396965]
MAR11969	[0.00013277844040396965]
MAR11970	[0.00013277844040396965]
MAR11971	[0.00013277844040396965]
MAR11972	[0.00013277844040396965]
MAR11973	[0.00013277844040396965]
MAR11974	[0.00013277844040396965]
MAR11975	[0.00013277844040396965]
MAR11976	[0.00013277844040396965]
MAR11977	[0.00013277844040396965]
MAR11978	[0.00013277844040396965]
MAR11979	[0.00013277844040396965]
MAR11980	[0.00013277844040396965]
MAR11981	[0.00013277844040396965]
MAR11982	[0.00013277844040396965]
MAR11983	[0.00013277844040396965]
MAR11984	[0.00013277844040396965]
MAR11985	[0.00013277844040396965]
MAR11986	[0.00013277844040396965]
MAR11987	[0.00013277844040396965]
MAR11989	[0.00013277844040396965]
MAR11990	[0.00013277844040396965]
MAR11992	[0.00013277844040396965]
MAR11993	[0.00013277844040396965]
MAR11995	[0.00013277844040396965]
MAR11996	[0.00013277844040396965]
MAR11998	[0.00013277844040396965]
MAR11999	[0.00013277844040396965]
MAR12001	[0.00473315991131433]
MAR12002	[7.43681259301101e-05]
MAR12003	[7.43681259301101e-05]
MAR12004	[0.015956857496100273]
MAR12005	[np.float64(7.456973094148011e-05)]
MAR12006	[0.00013277844040396965]
MAR12007	[0.00013277844040396965]
MAR12008	[np.float64(7.456973094148011e-05)]
MAR12009	[0.00013277844040396965]
MAR12010	[np.float64(7.456973094148011e-05)]
MAR12011	[0.00013277844040396965]
MAR12012	[0.00013277844040396965]
MAR12013	[np.float64(7.456973094148011e-05)]
MAR12014	[0.015956857496100273]
MAR12015	[0.00013277844040396965]
MAR12016	[0.00013277844040396965]
MAR12017	[0.00013277844040396965]
MAR12018	[0.00013277844040396965]
MAR12019	[0.00013277844040396965]
MAR12020	[2.9309710836459844e-05]
MAR12021	[2.9309710836459844e-05]
MAR12022	[0.00013277844040396965]
MAR12023	[0.00639132310635336]
MAR12024	[0.015956857496100273]
MAR12025	[0.00013277844040396965]
MAR12026	[0.00013277844040396965]
MAR12027	[0.00013277844040396965]
MAR12028	[0.00013277844040396965]
MAR12029	[np.float64(7.456973094148011e-05)]
MAR12030	[0.00013277844040396965]
MAR12031	[0.00013277844040396965]
MAR12032	[0.00013277844040396965]
MAR12033	[0.00013277844040396965]
MAR12034	[0.00013277844040396965]
MAR12035	[np.float64(7.456973094148011e-05)]
MAR12036	[2.8841287887561833e-05]
MAR12037	[2.8841287887561833e-05]
MAR12038	[np.float64(7.456973094148011e-05)]
MAR12039	[np.float64(7.456973094148011e-05)]
MAR12040	[0.00013277844040396965]
MAR12041	[0.00639132310635336]
MAR12042	[0.00013277844040396965]
MAR12043	[0.00013277844040396965]
MAR12044	[0.00013277844040396965]
MAR12045	[0.00013277844040396965]
MAR12046	[0.00013277844040396965]
MAR12047	[0.00013277844040396965]
MAR12048	[0.00013277844040396965]
MAR12049	[0.00013277844040396965]
MAR12050	[np.float64(7.456973094148011e-05)]
MAR12051	[0.00013277844040396965]
MAR12052	[0.00013277844040396965]
MAR12053	[2.8841287887561833e-05]
MAR12054	[0.00013277844040396965]
MAR12055	[0.00013277844040396965]
MAR12056	[0.00013277844040396965]
MAR12057	[0.00013277844040396965]
MAR12058	[0.00013277844040396965]
MAR12059	[0.00013277844040396965]
MAR12060	[0.00013277844040396965]
MAR12061	[np.float64(7.456973094148011e-05)]
MAR12062	[np.float64(7.456973094148011e-05)]
MAR12063	[np.float64(7.456973094148011e-05)]
MAR12064	[np.float64(7.456973094148011e-05)]
MAR12065	[3.6371271056739e-05]
MAR12066	[0.015956857496100273]
MAR12067	[0.015956857496100273]
MAR12068	[0.015956857496100273]
MAR12069	[0.00013277844040396965]
MAR12070	[np.float64(7.456973094148011e-05)]
MAR12071	[np.float64(7.456973094148011e-05)]
MAR12072	[np.float64(7.456973094148011e-05)]
MAR12073	[np.float64(7.456973094148011e-05)]
MAR12074	[np.float64(7.456973094148011e-05)]
MAR12075	[np.float64(7.456973094148011e-05)]
MAR12076	[np.float64(7.456973094148011e-05)]
MAR12077	[np.float64(7.456973094148011e-05)]
MAR12078	[np.float64(7.456973094148011e-05)]
MAR12079	[np.float64(7.456973094148011e-05)]
MAR12080	[0.00013277844040396965]
MAR12081	[np.float64(7.456973094148011e-05)]
MAR12082	[np.float64(7.456973094148011e-05)]
MAR12083	[np.float64(7.456973094148011e-05)]
MAR12084	[0.00013277844040396965]
MAR12085	[0.00013277844040396965]
MAR12086	[0.004952921735942963]
MAR12087	[0.015956857496100273]
MAR12088	[0.00013277844040396965]
MAR12089	[0.00013277844040396965]
MAR12090	[0.00013277844040396965]
MAR12091	[0.00013277844040396965]
MAR12092	[0.00013277844040396965]
MAR12093	[0.00013277844040396965]
MAR12094	[0.00013277844040396965]
MAR12095	[0.00013277844040396965]
MAR12096	[0.00013277844040396965]
MAR12097	[0.00013277844040396965]
MAR12098	[0.00013277844040396965]
MAR12099	[0.00013277844040396965]
MAR12100	[0.00013277844040396965]
MAR12101	[0.00013277844040396965]
MAR12102	[0.00013277844040396965]
MAR12103	[0.00013277844040396965]
MAR12104	[0.00013277844040396965]
MAR12105	[0.00013277844040396965]
MAR12106	[0.00013277844040396965]
MAR12107	[0.00013277844040396965]
MAR12108	[0.00013277844040396965]
MAR12109	[0.00013277844040396965]
MAR12110	[0.00013277844040396965]
MAR12111	[0.00013277844040396965]
MAR12112	[0.00013277844040396965]
MAR12113	[0.00013277844040396965]
MAR12114	[0.00013277844040396965]
MAR12115	[0.00013277844040396965]
MAR12116	[0.00013277844040396965]
MAR12117	[0.00013277844040396965]
MAR12118	[0.00013277844040396965]
MAR12119	[0.00013277844040396965]
MAR12120	[0.00013277844040396965]
MAR12121	[0.00013277844040396965]
MAR12122	[0.00013277844040396965]
MAR12123	[0.00013277844040396965]
MAR12124	[0.00013277844040396965]
MAR12125	[0.00013277844040396965]
MAR12126	[0.00013277844040396965]
MAR12127	[0.00013277844040396965]
MAR12128	[0.00013277844040396965]
MAR12129	[0.00013277844040396965]
MAR12130	[0.00013277844040396965]
MAR12131	[0.00013277844040396965]
MAR12132	[0.00013277844040396965]
MAR12133	[0.00013277844040396965]
MAR12134	[0.00013277844040396965]
MAR12135	[0.00013277844040396965]
MAR12136	[0.00013277844040396965]
MAR12137	[0.00013277844040396965]
MAR12138	[0.00013277844040396965]
MAR12139	[0.00013277844040396965]
MAR12140	[0.00013277844040396965]
MAR12141	[0.00013277844040396965]
MAR12142	[np.float64(7.456973094148011e-05)]
MAR12143	[0.00010564810360795588]
MAR12144	[0.00639132310635336]
MAR12145	[0.010042052540867787]
MAR12146	[0.010042052540867787]
MAR12147	[np.float64(7.456973094148011e-05)]
MAR12148	[0.00010564810360795588]
MAR12149	[0.00639132310635336]
MAR12150	[np.float64(7.456973094148011e-05)]
MAR12151	[0.00010564810360795588]
MAR12152	[0.00639132310635336]
MAR12153	[np.float64(7.456973094148011e-05)]
MAR12154	[0.010042052540867787]
MAR12155	[0.00010564810360795588]
MAR12156	[0.00639132310635336]
MAR12157	[np.float64(7.456973094148011e-05)]
MAR12158	[0.010042052540867787]
MAR12159	[0.00010564810360795588]
MAR12160	[0.00639132310635336]
MAR12161	[np.float64(7.456973094148011e-05)]
MAR12162	[0.00010564810360795588]
MAR12163	[0.00639132310635336]
MAR12164	[np.float64(7.456973094148011e-05)]
MAR12165	[0.00010564810360795588]
MAR12166	[0.00639132310635336]
MAR12167	[0.015956857496100273]
MAR12168	[0.015956857496100273]
MAR12169	[np.float64(7.456973094148011e-05)]
MAR12170	[0.00013277844040396965]
MAR12171	[np.float64(7.456973094148011e-05)]
MAR12172	[0.00010564810360795588]
MAR12173	[0.015956857496100273]
MAR12174	[0.015956857496100273]
MAR12175	[0.015956857496100273]
MAR12176	[np.float64(7.456973094148011e-05)]
MAR12177	[0.00013277844040396965]
MAR12178	[0.015956857496100273]
MAR12179	[0.015956857496100273]
MAR12180	[np.float64(7.456973094148011e-05)]
MAR12181	[0.00013277844040396965]
MAR12182	[0.00010564810360795588]
MAR12183	[0.010042052540867787]
MAR12184	[np.float64(7.456973094148011e-05)]
MAR12185	[0.00010564810360795588]
MAR12186	[0.00639132310635336]
MAR12187	[0.015956857496100273]
MAR12188	[0.015956857496100273]
MAR12189	[np.float64(7.456973094148011e-05)]
MAR12190	[0.00013277844040396965]
MAR12191	[0.015956857496100273]
MAR12192	[0.015956857496100273]
MAR12193	[np.float64(7.456973094148011e-05)]
MAR12194	[0.00013277844040396965]
MAR12195	[np.float64(7.456973094148011e-05)]
MAR12196	[0.00010564810360795588]
MAR12197	[0.015956857496100273]
MAR12198	[0.00013277844040396965]
MAR12199	[0.00013277844040396965]
MAR12200	[0.00013277844040396965]
MAR12201	[0.00013277844040396965]
MAR12202	[0.00013277844040396965]
MAR12203	[0.00013277844040396965]
MAR12204	[0.00013277844040396965]
MAR12205	[0.00013277844040396965]
MAR12206	[0.00013277844040396965]
MAR12207	[0.00013277844040396965]
MAR12208	[0.00013277844040396965]
MAR12209	[0.00013277844040396965]
MAR12210	[0.00013277844040396965]
MAR12211	[0.00013277844040396965]
MAR12212	[0.00013277844040396965]
MAR12213	[0.00013277844040396965]
MAR12214	[0.00013277844040396965]
MAR12215	[0.00013277844040396965]
MAR12216	[0.00013277844040396965]
MAR12217	[0.00013277844040396965]
MAR12218	[0.00013277844040396965]
MAR12219	[0.00013277844040396965]
MAR12220	[0.00013277844040396965]
MAR12221	[0.00013277844040396965]
MAR12222	[0.00013277844040396965]
MAR12223	[0.00013277844040396965]
MAR12224	[0.00013277844040396965]
MAR12225	[0.00013277844040396965]
MAR12226	[0.00013277844040396965]
MAR12227	[0.00013277844040396965]
MAR12228	[0.00013277844040396965]
MAR12229	[0.00013277844040396965]
MAR12230	[0.00013277844040396965]
MAR12231	[0.00013277844040396965]
MAR12232	[0.00013277844040396965]
MAR12233	[0.00013277844040396965]
MAR12234	[np.float64(7.456973094148011e-05)]
MAR12235	[0.00010564810360795588]
MAR12236	[0.015956857496100273]
MAR12237	[np.float64(7.456973094148011e-05)]
MAR12238	[0.00010564810360795588]
MAR12239	[0.015956857496100273]
MAR12240	[np.float64(7.456973094148011e-05)]
MAR12241	[0.00010564810360795588]
MAR12242	[0.015956857496100273]
MAR12243	[np.float64(7.456973094148011e-05)]
MAR12244	[0.00010564810360795588]
MAR12245	[0.015956857496100273]
MAR12246	[0.015956857496100273]
MAR12247	[0.015956857496100273]
MAR12248	[np.float64(7.456973094148011e-05)]
MAR12249	[0.00013277844040396965]
MAR12250	[0.015956857496100273]
MAR12251	[0.015956857496100273]
MAR12252	[np.float64(7.456973094148011e-05)]
MAR12253	[0.00013277844040396965]
MAR12254	[0.015956857496100273]
MAR12255	[0.015956857496100273]
MAR12256	[np.float64(7.456973094148011e-05)]
MAR12257	[0.00013277844040396965]
MAR12258	[0.015956857496100273]
MAR12259	[0.015956857496100273]
MAR12260	[np.float64(7.456973094148011e-05)]
MAR12261	[0.00013277844040396965]
MAR12262	[np.float64(7.456973094148011e-05)]
MAR12263	[0.00010564810360795588]
MAR12264	[0.00639132310635336]
MAR12265	[0.00013277844040396965]
MAR12266	[np.float64(7.456973094148011e-05)]
MAR12267	[0.00010564810360795588]
MAR12268	[0.00639132310635336]
MAR12269	[np.float64(7.456973094148011e-05)]
MAR12270	[0.00010564810360795588]
MAR12271	[0.00639132310635336]
MAR12272	[0.015956857496100273]
MAR12273	[0.015956857496100273]
MAR12274	[np.float64(7.456973094148011e-05)]
MAR12275	[0.00013277844040396965]
MAR12276	[0.015956857496100273]
MAR12277	[0.015956857496100273]
MAR12278	[np.float64(7.456973094148011e-05)]
MAR12279	[0.00013277844040396965]
MAR12280	[np.float64(7.456973094148011e-05)]
MAR12281	[0.00010564810360795588]
MAR12282	[0.015956857496100273]
MAR12283	[0.00013277844040396965]
MAR12284	[np.float64(7.456973094148011e-05)]
MAR12285	[0.00010564810360795588]
MAR12286	[0.015956857496100273]
MAR12287	[np.float64(7.456973094148011e-05)]
MAR12288	[0.00010564810360795588]
MAR12289	[0.010042052540867787]
MAR12290	[0.015956857496100273]
MAR12291	[np.float64(7.456973094148011e-05)]
MAR12292	[0.00010564810360795588]
MAR12293	[0.015956857496100273]
MAR12294	[np.float64(7.456973094148011e-05)]
MAR12295	[0.00010564810360795588]
MAR12296	[0.00639132310635336]
MAR12297	[np.float64(7.456973094148011e-05)]
MAR12298	[0.00010564810360795588]
MAR12299	[0.015956857496100273]
MAR12300	[np.float64(7.456973094148011e-05)]
MAR12301	[0.00010564810360795588]
MAR12302	[0.00639132310635336]
MAR12303	[np.float64(7.456973094148011e-05)]
MAR12304	[0.00010564810360795588]
MAR12305	[0.015956857496100273]
MAR12306	[0.00010564810360795588]
MAR12307	[0.00639132310635336]
MAR12308	[0.004952921735942963]
MAR12309	[0.00013277844040396965]
MAR12310	[0.00013277844040396965]
MAR12311	[0.00013277844040396965]
MAR12312	[0.00013277844040396965]
MAR12313	[0.00013277844040396965]
MAR12314	[0.00013277844040396965]
MAR12315	[0.00013277844040396965]
MAR12316	[0.00013277844040396965]
MAR12317	[0.00013277844040396965]
MAR12318	[0.004952921735942963]
MAR12319	[0.004952921735942963]
MAR12320	[0.00013277844040396965]
MAR12321	[0.00013277844040396965]
MAR12322	[0.00013277844040396965]
MAR12323	[0.00013277844040396965]
MAR12324	[0.00013277844040396965]
MAR12325	[0.00013277844040396965]
MAR12326	[0.00013277844040396965]
MAR12327	[0.00013277844040396965]
MAR12328	[0.00013277844040396965]
MAR12329	[0.00013277844040396965]
MAR12330	[0.00013277844040396965]
MAR12331	[0.00013277844040396965]
MAR12332	[0.00013277844040396965]
MAR12333	[0.015956857496100273]
MAR12334	[0.00013277844040396965]
MAR12335	[0.00735862956566862]
MAR12336	[0.00013277844040396965]
MAR12337	[0.004952921735942963]
MAR12338	[0.00013277844040396965]
MAR12339	[0.00013277844040396965]
MAR12340	[0.00735862956566862]
MAR12341	[0.003897569512531185]
MAR12342	[0.004952921735942963]
MAR12343	[0.015956857496100273]
MAR12344	[0.003897569512531185]
MAR12345	[0.00013277844040396965]
MAR12346	[0.0061040911240064985]
MAR12347	[0.00735862956566862]
MAR12348	[0.003897569512531185]
MAR12349	[0.004952921735942963]
MAR12350	[0.003897569512531185]
MAR12351	[0.00013277844040396965]
MAR12352	[0.0061040911240064985]
MAR12353	[0.00013277844040396965]
MAR12354	[0.00013277844040396965]
MAR12355	[0.015956857496100273]
MAR12356	[0.00013277844040396965]
MAR12357	[0.00013277844040396965]
MAR12358	[0.00013277844040396965]
MAR12359	[0.00013277844040396965]
MAR12360	[0.010042052540867787]
MAR12361	[0.00013277844040396965]
MAR12362	[0.0061040911240064985]
MAR12363	[0.0045076629093152845]
MAR12364	[0.00013277844040396965]
MAR12365	[0.00013277844040396965]
MAR12366	[0.00013277844040396965]
MAR12367	[0.015956857496100273]
MAR12368	[0.00013277844040396965]
MAR12369	[0.015956857496100273]
MAR12370	[0.00013277844040396965]
MAR12371	[3.2172946689975885e-05]
MAR12372	[np.float64(7.456973094148011e-05)]
MAR12373	[np.float64(7.456973094148011e-05)]
MAR12374	[0.00013277844040396965]
MAR12375	[np.float64(7.456973094148011e-05)]
MAR12376	[np.float64(7.456973094148011e-05)]
MAR12377	[0.00013277844040396965]
MAR12378	[0.0061040911240064985]
MAR12379	[0.015956857496100273]
MAR12380	[0.00013277844040396965]
MAR12381	[0.0045076629093152845]
MAR12382	[0.00013277844040396965]
MAR12383	[np.float64(7.456973094148011e-05)]
MAR12384	[0.00013277844040396965]
MAR12385	[0.0061040911240064985]
MAR12386	[0.00013277844040396965]
MAR12387	[0.003944770803593795]
MAR12388	[0.00013277844040396965]
MAR12389	[0.00013277844040396965]
MAR12390	[0.00013277844040396965]
MAR12391	[0.00013277844040396965]
MAR12392	[0.004952921735942963]
MAR12393	[0.015956857496100273]
MAR12394	[0.003897569512531185]
MAR12395	[0.00013277844040396965]
MAR12396	[0.0061040911240064985]
MAR12397	[0.004952921735942963]
MAR12398	[0.00013277844040396965]
MAR12399	[0.003897569512531185]
MAR12400	[0.00013277844040396965]
MAR12401	[0.0061040911240064985]
MAR12402	[0.00013277844040396965]
MAR12403	[0.00735862956566862]
MAR12404	[0.004952921735942963]
MAR12405	[0.00013277844040396965]
MAR12406	[0.010042052540867787]
MAR12407	[np.float64(7.456973094148011e-05)]
MAR12408	[0.00013277844040396965]
MAR12409	[0.010042052540867787]
MAR12410	[np.float64(7.456973094148011e-05)]
MAR12411	[0.00013277844040396965]
MAR12412	[0.00013277844040396965]
MAR12413	[0.00013277844040396965]
MAR12414	[0.0045076629093152845]
MAR12415	[0.00013277844040396965]
MAR12416	[0.00013277844040396965]
MAR12417	[0.00013277844040396965]
MAR12418	[0.00013277844040396965]
MAR12419	[0.00013277844040396965]
MAR12420	[0.00013277844040396965]
MAR12421	[0.00013277844040396965]
MAR12422	[0.00013277844040396965]
MAR12423	[0.0045076629093152845]
MAR12424	[0.00013277844040396965]
MAR12425	[0.015956857496100273]
MAR12426	[0.00013277844040396965]
MAR12427	[0.0045076629093152845]
MAR12428	[np.float64(7.456973094148011e-05)]
MAR12429	[0.00013277844040396965]
MAR12430	[0.00013277844040396965]
MAR12431	[0.0061040911240064985]
MAR12432	[0.015956857496100273]
MAR12433	[0.00013277844040396965]
MAR12434	[0.015956857496100273]
MAR12435	[0.00013277844040396965]
MAR12436	[0.0045076629093152845]
MAR12437	[0.015956857496100273]
MAR12438	[0.00013277844040396965]
MAR12439	[0.0045076629093152845]
MAR12440	[0.015956857496100273]
MAR12441	[0.008998160734830764]
MAR12442	[0.00013277844040396965]
MAR12443	[0.0045076629093152845]
MAR12444	[0.00013277844040396965]
MAR12445	[0.00013277844040396965]
MAR12446	[0.010443919289222548]
MAR12447	[0.00013277844040396965]
MAR12448	[0.00013277844040396965]
MAR12449	[0.00013277844040396965]
MAR12450	[0.00013277844040396965]
MAR12451	[0.00013277844040396965]
MAR12452	[0.00013277844040396965]
MAR12453	[0.00013277844040396965]
MAR12454	[0.00013277844040396965]
MAR12455	[0.009892246080268865]
MAR12456	[0.00013277844040396965]
MAR12457	[0.010042052540867787]
MAR12458	[np.float64(7.456973094148011e-05)]
MAR12459	[0.00013277844040396965]
MAR12460	[0.012613840959470973]
MAR12461	[0.008998160734830764]
MAR12462	[np.float64(7.456973094148011e-05)]
MAR12463	[0.00013277844040396965]
MAR12464	[np.float64(7.456973094148011e-05)]
MAR12465	[np.float64(7.456973094148011e-05)]
MAR12466	[np.float64(7.456973094148011e-05)]
MAR12467	[np.float64(7.456973094148011e-05)]
MAR12468	[0.0061040911240064985]
MAR12469	[0.00013277844040396965]
MAR12470	[np.float64(7.456973094148011e-05)]
MAR12471	[0.009947721923987943]
MAR12472	[np.float64(7.456973094148011e-05)]
MAR12473	[0.015956857496100273]
MAR12474	[0.004952921735942963]
MAR12475	[0.00013277844040396965]
MAR12476	[0.00013277844040396965]
MAR12477	[0.00013277844040396965]
MAR12478	[0.00013277844040396965]
MAR12479	[0.00013277844040396965]
MAR12480	[0.00013277844040396965]
MAR12481	[0.00013277844040396965]
MAR12482	[0.00013277844040396965]
MAR12483	[0.00013277844040396965]
MAR12484	[0.00013277844040396965]
MAR12485	[0.00013277844040396965]
MAR12486	[0.00013277844040396965]
MAR12487	[0.00013277844040396965]
MAR12488	[0.00013277844040396965]
MAR12489	[0.00013277844040396965]
MAR12490	[0.00013277844040396965]
MAR12491	[0.00013277844040396965]
MAR12492	[0.00013277844040396965]
MAR12493	[0.00013277844040396965]
MAR12494	[0.00013277844040396965]
MAR12495	[0.00013277844040396965]
MAR12496	[0.00013277844040396965]
MAR12497	[0.004952921735942963]
MAR12498	[0.00013277844040396965]
MAR12499	[0.00013277844040396965]
MAR12500	[0.00013277844040396965]
MAR12501	[0.00013277844040396965]
MAR12502	[0.00013277844040396965]
MAR12503	[0.00013277844040396965]
MAR12504	[0.00013277844040396965]
MAR12505	[0.00013277844040396965]
MAR12506	[0.004952921735942963]
MAR12507	[0.00013277844040396965]
MAR12508	[0.00013277844040396965]
MAR12509	[np.float64(7.456973094148011e-05)]
MAR12510	[0.0076398639120532665]
MAR12511	[0.015956857496100273]
MAR12512	[0.00013277844040396965]
MAR12513	[0.00013277844040396965]
MAR12514	[0.008998160734830764]
MAR12515	[7.478461831564201e-05]
MAR12516	[0.00735862956566862]
MAR12517	[7.478461831564201e-05]
MAR12518	[0.0061040911240064985]
MAR12519	[0.00013277844040396965]
MAR12520	[0.00013277844040396965]
MAR12521	[0.00013277844040396965]
MAR12522	[0.00013277844040396965]
MAR12523	[0.008998160734830764]
MAR12524	[0.00013277844040396965]
MAR12525	[0.00013277844040396965]
MAR12526	[0.00013277844040396965]
MAR12527	[0.00013277844040396965]
MAR12528	[0.015956857496100273]
MAR12529	[0.00013277844040396965]
MAR12530	[0.00013277844040396965]
MAR12531	[0.00013277844040396965]
MAR12532	[0.00013277844040396965]
MAR12533	[0.009892246080268865]
MAR12534	[0.00013277844040396965]
MAR12535	[0.009892246080268865]
MAR12536	[0.00013277844040396965]
MAR12537	[np.float64(7.456973094148011e-05)]
MAR12538	[0.00013277844040396965]
MAR12539	[0.009892246080268865]
MAR12540	[np.float64(7.456973094148011e-05)]
MAR12541	[np.float64(7.456973094148011e-05)]
MAR12542	[0.00013277844040396965]
MAR12543	[0.009892246080268865]
MAR12544	[np.float64(7.456973094148011e-05)]
MAR12545	[np.float64(7.456973094148011e-05)]
MAR12546	[0.00013277844040396965]
MAR12547	[np.float64(7.456973094148011e-05)]
MAR12548	[0.00013277844040396965]
MAR12549	[0.00013277844040396965]
MAR12550	[0.00013277844040396965]
MAR12551	[0.0061040911240064985]
MAR12552	[0.00013277844040396965]
MAR12553	[0.00013277844040396965]
MAR12554	[0.00013277844040396965]
MAR12555	[0.00013277844040396965]
MAR12556	[0.008998160734830764]
MAR12557	[7.478461831564201e-05]
MAR12558	[7.478461831564201e-05]
MAR12559	[0.00013277844040396965]
MAR12560	[0.00013277844040396965]
MAR12561	[0.00013277844040396965]
MAR12562	[np.float64(7.456973094148011e-05)]
MAR12563	[0.00013277844040396965]
MAR12564	[0.010443919289222548]
MAR12565	[0.00013277844040396965]
MAR12566	[0.00013277844040396965]
MAR12567	[0.00013277844040396965]
MAR12568	[0.00013277844040396965]
MAR12569	[0.010042052540867787]
MAR12570	[np.float64(7.456973094148011e-05)]
MAR12571	[0.00013277844040396965]
MAR12572	[0.00013277844040396965]
MAR12573	[0.00013277844040396965]
MAR12574	[0.00013277844040396965]
MAR12575	[0.00013277844040396965]
MAR12576	[0.00013277844040396965]
MAR12577	[0.00013277844040396965]
MAR12578	[0.00013277844040396965]
MAR12579	[0.00013277844040396965]
MAR12580	[0.00013277844040396965]
MAR12581	[0.00013277844040396965]
MAR12582	[0.00013277844040396965]
MAR12583	[0.00013277844040396965]
MAR12584	[0.00013277844040396965]
MAR12585	[0.00013277844040396965]
MAR12586	[0.00013277844040396965]
MAR12587	[0.00013277844040396965]
MAR12588	[0.00013277844040396965]
MAR12589	[0.00013277844040396965]
MAR12590	[0.00013277844040396965]
MAR12591	[0.00013277844040396965]
MAR12592	[0.00013277844040396965]
MAR12593	[0.00013277844040396965]
MAR12594	[0.00013277844040396965]
MAR12595	[0.00013277844040396965]
MAR12596	[0.00013277844040396965]
MAR12597	[0.00013277844040396965]
MAR12598	[0.00013277844040396965]
MAR12599	[0.00013277844040396965]
MAR12600	[0.00013277844040396965]
MAR12601	[0.00013277844040396965]
MAR12602	[0.00013277844040396965]
MAR12603	[0.00013277844040396965]
MAR12604	[0.00013277844040396965]
MAR12605	[0.00013277844040396965]
MAR12606	[0.00013277844040396965]
MAR12607	[0.00013277844040396965]
MAR12608	[0.00013277844040396965]
MAR12609	[0.00013277844040396965]
MAR12610	[0.00013277844040396965]
MAR12611	[0.00013277844040396965]
MAR12612	[0.00013277844040396965]
MAR12613	[0.00013277844040396965]
MAR12614	[0.00013277844040396965]
MAR12615	[0.00013277844040396965]
MAR12616	[0.00013277844040396965]
MAR12617	[0.00013277844040396965]
MAR12618	[0.00013277844040396965]
MAR12619	[0.00013277844040396965]
MAR12620	[0.00013277844040396965]
MAR12621	[0.00013277844040396965]
MAR12622	[0.00013277844040396965]
MAR12623	[0.00013277844040396965]
MAR12624	[0.00013277844040396965]
MAR12625	[0.00013277844040396965]
MAR12626	[0.00013277844040396965]
MAR12627	[0.00013277844040396965]
MAR12628	[0.00013277844040396965]
MAR12629	[0.00013277844040396965]
MAR12630	[0.00013277844040396965]
MAR12631	[0.00013277844040396965]
MAR12632	[0.00013277844040396965]
MAR12633	[0.00013277844040396965]
MAR12634	[0.00013277844040396965]
MAR12635	[0.00013277844040396965]
MAR12636	[0.00013277844040396965]
MAR12637	[0.00013277844040396965]
MAR12638	[0.00013277844040396965]
MAR12639	[0.00013277844040396965]
MAR12640	[0.00013277844040396965]
MAR12641	[0.00013277844040396965]
MAR12642	[0.00013277844040396965]
MAR12643	[0.00013277844040396965]
MAR12644	[0.00013277844040396965]
MAR12645	[0.00013277844040396965]
MAR12646	[0.00013277844040396965]
MAR12647	[0.00013277844040396965]
MAR12648	[0.00013277844040396965]
MAR12649	[0.00013277844040396965]
MAR12650	[0.00013277844040396965]
MAR12651	[0.00013277844040396965]
MAR12652	[0.00013277844040396965]
MAR12653	[0.00013277844040396965]
MAR12654	[0.00013277844040396965]
MAR12655	[0.00013277844040396965]
MAR12656	[0.00013277844040396965]
MAR12657	[0.00013277844040396965]
MAR12658	[0.00013277844040396965]
MAR12659	[0.00013277844040396965]
MAR12660	[0.00013277844040396965]
MAR12661	[0.00013277844040396965]
MAR12662	[0.00013277844040396965]
MAR12663	[0.00013277844040396965]
MAR12664	[0.00013277844040396965]
MAR12665	[0.00013277844040396965]
MAR12666	[0.00013277844040396965]
MAR12667	[0.00013277844040396965]
MAR12668	[0.00013277844040396965]
MAR12669	[0.00013277844040396965]
MAR12670	[0.00013277844040396965]
MAR12671	[0.00013277844040396965]
MAR12672	[0.00013277844040396965]
MAR12673	[0.00013277844040396965]
MAR12674	[0.00013277844040396965]
MAR12675	[0.00013277844040396965]
MAR12676	[0.00013277844040396965]
MAR12677	[0.00013277844040396965]
MAR12678	[0.00013277844040396965]
MAR12679	[0.00013277844040396965]
MAR12680	[0.00013277844040396965]
MAR12681	[0.00013277844040396965]
MAR12682	[0.00013277844040396965]
MAR12683	[0.00013277844040396965]
MAR12684	[0.00013277844040396965]
MAR12685	[0.00013277844040396965]
MAR12686	[0.00013277844040396965]
MAR12687	[0.00013277844040396965]
MAR12688	[0.00013277844040396965]
MAR12689	[0.00013277844040396965]
MAR12690	[0.00013277844040396965]
MAR12691	[0.00013277844040396965]
MAR12692	[0.00013277844040396965]
MAR12693	[0.00013277844040396965]
MAR12694	[0.00013277844040396965]
MAR12695	[0.00013277844040396965]
MAR12696	[0.00013277844040396965]
MAR12697	[0.00013277844040396965]
MAR12698	[0.00013277844040396965]
MAR12699	[0.00013277844040396965]
MAR12700	[0.00013277844040396965]
MAR12701	[0.00013277844040396965]
MAR12702	[0.00013277844040396965]
MAR12703	[0.00013277844040396965]
MAR12704	[0.00013277844040396965]
MAR12705	[0.00013277844040396965]
MAR12706	[0.00013277844040396965]
MAR12707	[0.00013277844040396965]
MAR12708	[0.00013277844040396965]
MAR12709	[0.00013277844040396965]
MAR12710	[0.00013277844040396965]
MAR12711	[0.00013277844040396965]
MAR12712	[0.00013277844040396965]
MAR12713	[0.00013277844040396965]
MAR12714	[0.00013277844040396965]
MAR12715	[0.00013277844040396965]
MAR12716	[0.00013277844040396965]
MAR12717	[0.00013277844040396965]
MAR12718	[0.00013277844040396965]
MAR12719	[0.00013277844040396965]
MAR12720	[0.00013277844040396965]
MAR12721	[0.00013277844040396965]
MAR12722	[0.00013277844040396965]
MAR12723	[0.00013277844040396965]
MAR12724	[0.00013277844040396965]
MAR12725	[0.00013277844040396965]
MAR12726	[0.00013277844040396965]
MAR12727	[0.0076398639120532665]
MAR12728	[np.float64(7.456973094148011e-05)]
MAR12729	[0.00013277844040396965]
MAR12730	[0.00013277844040396965]
MAR12731	[0.00013277844040396965]
MAR12732	[0.00013277844040396965]
MAR12733	[0.00013277844040396965]
MAR12734	[0.00013277844040396965]
MAR12735	[0.00013277844040396965]
MAR12736	[0.015956857496100273]
MAR12737	[np.float64(7.456973094148011e-05)]
MAR12738	[0.009892246080268865]
MAR12739	[0.009892246080268865]
MAR12740	[0.010443919289222548]
MAR12741	[0.0038598311336530897]
MAR12742	[0.00013277844040396965]
MAR12743	[0.00013277844040396965]
MAR12744	[np.float64(7.456973094148011e-05)]
MAR12745	[0.00013277844040396965]
MAR12746	[0.010443919289222548]
MAR12747	[0.009892246080268865]
MAR12748	[0.009892246080268865]
MAR12749	[0.010443919289222548]
MAR12750	[0.00013277844040396965]
MAR12751	[0.00013277844040396965]
MAR12752	[0.00013277844040396965]
MAR12753	[0.00013277844040396965]
MAR12754	[0.008998160734830764]
MAR12755	[0.00013277844040396965]
MAR12756	[0.010042052540867787]
MAR12757	[0.00013277844040396965]
MAR12758	[0.015956857496100273]
MAR12759	[0.00013277844040396965]
MAR12760	[0.008998160734830764]
MAR12761	[0.010042052540867787]
MAR12762	[0.00013277844040396965]
MAR12763	[0.010042052540867787]
MAR12764	[0.00013277844040396965]
MAR12765	[0.00013277844040396965]
MAR12766	[0.00013277844040396965]
MAR12767	[0.010042052540867787]
MAR12768	[0.00013277844040396965]
MAR12769	[0.00013277844040396965]
MAR12770	[7.478461831564201e-05]
MAR12771	[0.00013277844040396965]
MAR12772	[0.00013277844040396965]
MAR12773	[0.00013277844040396965]
MAR12774	[0.00013277844040396965]
MAR12775	[0.015956857496100273]
MAR12776	[0.008998160734830764]
MAR12777	[0.004952921735942963]
MAR12778	[0.004952921735942963]
MAR12779	[0.004952921735942963]
MAR12780	[0.004952921735942963]
MAR12781	[0.004952921735942963]
MAR12782	[0.008998160734830764]
MAR12783	[0.00013277844040396965]
MAR12784	[0.00013277844040396965]
MAR12785	[0.00013277844040396965]
MAR12786	[0.008998160734830764]
MAR12787	[np.float64(7.456973094148011e-05)]
MAR12788	[np.float64(7.456973094148011e-05)]
MAR12789	[0.00013277844040396965]
MAR12790	[0.007432467625926711]
MAR12791	[0.00013277844040396965]
MAR12792	[0.010443919289222548]
MAR12793	[np.float64(7.456973094148011e-05)]
MAR12794	[0.004952921735942963]
MAR12795	[0.00013277844040396965]
MAR12796	[0.00013277844040396965]
MAR12797	[0.00013277844040396965]
MAR12798	[0.00013277844040396965]
MAR12799	[0.00013277844040396965]
MAR12800	[0.00013277844040396965]
MAR12801	[0.00013277844040396965]
MAR12802	[0.00013277844040396965]
MAR12803	[0.00013277844040396965]
MAR12804	[0.00013277844040396965]
MAR12805	[0.00013277844040396965]
MAR12806	[0.015956857496100273]
MAR12807	[0.00013277844040396965]
MAR12808	[np.float64(7.456973094148011e-05)]
MAR12809	[0.00013277844040396965]
MAR12810	[0.00013277844040396965]
MAR12811	[np.float64(7.456973094148011e-05)]
MAR12812	[np.float64(7.456973094148011e-05)]
MAR12813	[0.00013277844040396965]
MAR12814	[0.00013277844040396965]
MAR12815	[0.009892246080268865]
MAR12816	[np.float64(7.456973094148011e-05)]
MAR12817	[0.010042052540867787]
MAR12818	[0.015956857496100273]
MAR12819	[0.00013277844040396965]
MAR12820	[0.0076398639120532665]
MAR12821	[np.float64(7.456973094148011e-05)]
MAR12822	[0.00013277844040396965]
MAR12823	[np.float64(7.456973094148011e-05)]
MAR12824	[0.00013277844040396965]
MAR12825	[0.00013277844040396965]
MAR12826	[0.0076398639120532665]
MAR12827	[0.00013277844040396965]
MAR12828	[np.float64(7.456973094148011e-05)]
MAR12829	[0.00013277844040396965]
MAR12830	[0.00013277844040396965]
MAR12831	[np.float64(7.456973094148011e-05)]
MAR12832	[0.015956857496100273]
MAR12833	[0.00013277844040396965]
MAR12834	[0.00013277844040396965]
MAR12835	[0.0076398639120532665]
MAR12836	[0.00013277844040396965]
MAR12837	[0.00013277844040396965]
MAR12838	[0.008998160734830764]
MAR12839	[np.float64(7.456973094148011e-05)]
MAR12840	[0.00013277844040396965]
MAR12841	[0.008998160734830764]
MAR12842	[0.00013277844040396965]
MAR12843	[7.478461831564201e-05]
MAR12844	[0.015956857496100273]
MAR12845	[0.00013277844040396965]
MAR12846	[0.00013277844040396965]
MAR12847	[0.0061040911240064985]
MAR12848	[0.00013277844040396965]
MAR12849	[0.00013277844040396965]
MAR12850	[np.float64(7.456973094148011e-05)]
MAR12851	[0.00013277844040396965]
MAR12852	[0.008998160734830764]
MAR12853	[0.00013277844040396965]
MAR12854	[0.00013277844040396965]
MAR12855	[0.00013277844040396965]
MAR12856	[0.00013277844040396965]
MAR12857	[0.00013277844040396965]
MAR12858	[0.00013277844040396965]
MAR12859	[0.00013277844040396965]
MAR12860	[0.010443919289222548]
MAR12861	[0.00013277844040396965]
MAR12862	[0.00013277844040396965]
MAR12863	[0.00013277844040396965]
MAR12864	[0.010443919289222548]
MAR12865	[0.00013277844040396965]
MAR12866	[0.00013277844040396965]
MAR12867	[0.015956857496100273]
MAR12868	[0.00013277844040396965]
MAR12869	[0.010042052540867787]
MAR12870	[np.float64(7.456973094148011e-05)]
MAR12871	[0.00013277844040396965]
MAR12872	[0.00013277844040396965]
MAR12873	[0.00013277844040396965]
MAR12874	[0.00013277844040396965]
MAR12875	[0.00013277844040396965]
MAR12876	[0.00013277844040396965]
MAR12877	[0.00013277844040396965]
MAR12878	[0.00013277844040396965]
MAR12879	[0.00013277844040396965]
MAR12880	[0.00013277844040396965]
MAR12881	[0.00013277844040396965]
MAR12882	[0.00013277844040396965]
MAR12883	[0.00013277844040396965]
MAR12884	[0.00013277844040396965]
MAR12885	[0.00013277844040396965]
MAR12886	[0.00013277844040396965]
MAR12887	[0.00013277844040396965]
MAR12888	[0.00013277844040396965]
MAR12889	[0.00013277844040396965]
MAR12890	[0.00013277844040396965]
MAR12891	[0.00013277844040396965]
MAR12892	[0.00013277844040396965]
MAR12893	[0.00013277844040396965]
MAR12894	[0.00013277844040396965]
MAR12895	[0.00013277844040396965]
MAR12896	[0.00013277844040396965]
MAR12897	[0.00013277844040396965]
MAR12898	[0.00013277844040396965]
MAR12899	[0.00013277844040396965]
MAR12900	[0.00013277844040396965]
MAR12901	[0.00013277844040396965]
MAR12902	[0.00013277844040396965]
MAR12903	[0.00013277844040396965]
MAR12904	[0.00013277844040396965]
MAR12905	[0.00013277844040396965]
MAR12906	[0.00013277844040396965]
MAR12907	[0.00013277844040396965]
MAR12908	[0.00013277844040396965]
MAR12909	[0.00013277844040396965]
MAR12910	[0.00013277844040396965]
MAR12911	[0.00013277844040396965]
MAR12912	[0.00013277844040396965]
MAR12913	[0.00013277844040396965]
MAR12914	[0.00013277844040396965]
MAR12915	[0.00013277844040396965]
MAR12916	[0.00013277844040396965]
MAR12917	[0.00013277844040396965]
MAR12918	[0.00013277844040396965]
MAR12919	[0.00013277844040396965]
MAR12920	[0.00013277844040396965]
MAR12921	[0.00013277844040396965]
MAR12922	[0.00013277844040396965]
MAR12923	[0.00013277844040396965]
MAR12924	[0.00013277844040396965]
MAR12925	[0.00013277844040396965]
MAR12926	[0.00013277844040396965]
MAR12927	[0.00013277844040396965]
MAR12928	[0.00013277844040396965]
MAR12929	[0.00013277844040396965]
MAR12930	[0.00013277844040396965]
MAR12931	[0.00013277844040396965]
MAR12932	[0.00013277844040396965]
MAR12933	[0.00013277844040396965]
MAR12934	[0.00013277844040396965]
MAR12935	[0.00013277844040396965]
MAR12936	[0.00013277844040396965]
MAR12937	[0.00013277844040396965]
MAR12938	[0.00013277844040396965]
MAR12939	[0.00013277844040396965]
MAR12940	[0.00013277844040396965]
MAR12941	[0.00013277844040396965]
MAR12942	[0.00013277844040396965]
MAR12943	[0.00013277844040396965]
MAR12944	[0.00013277844040396965]
MAR12945	[0.00013277844040396965]
MAR12946	[0.00013277844040396965]
MAR12947	[0.00013277844040396965]
MAR12948	[0.00013277844040396965]
MAR12949	[0.00013277844040396965]
MAR12950	[0.00013277844040396965]
MAR12951	[0.00013277844040396965]
MAR12952	[0.00013277844040396965]
MAR12953	[0.00013277844040396965]
MAR12954	[0.00013277844040396965]
MAR12955	[0.00013277844040396965]
MAR12956	[0.00013277844040396965]
MAR12957	[0.00013277844040396965]
MAR12958	[0.00013277844040396965]
MAR12959	[0.00013277844040396965]
MAR12960	[0.00013277844040396965]
MAR12961	[0.00013277844040396965]
MAR12962	[0.00013277844040396965]
MAR12963	[0.00013277844040396965]
MAR12964	[0.00013277844040396965]
MAR12965	[0.00013277844040396965]
MAR12966	[0.00013277844040396965]
MAR12967	[0.00013277844040396965]
MAR12968	[0.00013277844040396965]
MAR12969	[0.00013277844040396965]
MAR12970	[0.00013277844040396965]
MAR12971	[0.00013277844040396965]
MAR12972	[0.00013277844040396965]
MAR12973	[0.00013277844040396965]
MAR12974	[0.00013277844040396965]
MAR12975	[0.00013277844040396965]
MAR12976	[0.00013277844040396965]
MAR12977	[0.00013277844040396965]
MAR12978	[0.00013277844040396965]
MAR12979	[0.00013277844040396965]
MAR12980	[0.00013277844040396965]
MAR12981	[0.00013277844040396965]
MAR12982	[0.00013277844040396965]
MAR12983	[0.00013277844040396965]
MAR12984	[0.00013277844040396965]
MAR12985	[0.00013277844040396965]
MAR12986	[0.00013277844040396965]
MAR12987	[0.00013277844040396965]
MAR12988	[0.00013277844040396965]
MAR12989	[0.00013277844040396965]
MAR12990	[0.00013277844040396965]
MAR12991	[0.00013277844040396965]
MAR12992	[0.00013277844040396965]
MAR12993	[0.00013277844040396965]
MAR12994	[0.00013277844040396965]
MAR12995	[0.00013277844040396965]
MAR12996	[0.00013277844040396965]
MAR12997	[0.00013277844040396965]
MAR12998	[0.00013277844040396965]
MAR12999	[0.00013277844040396965]
MAR13000	[0.00013277844040396965]
MAR13001	[0.00013277844040396965]
MAR13002	[0.00013277844040396965]
MAR13003	[0.00013277844040396965]
MAR13004	[0.00013277844040396965]
MAR13005	[0.00013277844040396965]
MAR13006	[0.00013277844040396965]
MAR13007	[0.00013277844040396965]
MAR13008	[0.00013277844040396965]
MAR13009	[0.00013277844040396965]
MAR13010	[0.00013277844040396965]
MAR13011	[0.00013277844040396965]
MAR13012	[0.00013277844040396965]
MAR13013	[0.00013277844040396965]
MAR13014	[0.00013277844040396965]
MAR13015	[0.00013277844040396965]
MAR13016	[0.00013277844040396965]
MAR13017	[0.00013277844040396965]
MAR13018	[0.00013277844040396965]
MAR13019	[0.00013277844040396965]
MAR13020	[0.00013277844040396965]
MAR13021	[0.00013277844040396965]
MAR13022	[0.00013277844040396965]
MAR13023	[0.00013277844040396965]
MAR13024	[0.00013277844040396965]
MAR13025	[0.00013277844040396965]
MAR13026	[0.00013277844040396965]
MAR13027	[0.00013277844040396965]
MAR13028	[0.00013277844040396965]
MAR13029	[0.00013277844040396965]
MAR13030	[0.00013277844040396965]
MAR13031	[0.00013277844040396965]
MAR13032	[0.00013277844040396965]
MAR13033	[0.00013277844040396965]
MAR13034	[0.00013277844040396965]
MAR13035	[0.00013277844040396965]
MAR13036	[0.00013277844040396965]
MAR13037	[0.00013277844040396965]
MAR13038	[0.00013277844040396965]
MAR13039	[0.00013277844040396965]
MAR13040	[0.00013277844040396965]
MAR13041	[0.00013277844040396965]
MAR13042	[0.00013277844040396965]
MAR13043	[0.00013277844040396965]
MAR13044	[0.00013277844040396965]
MAR13045	[0.00013277844040396965]
MAR13046	[0.00013277844040396965]
MAR13047	[0.00013277844040396965]
MAR13048	[0.00013277844040396965]
MAR13049	[0.00013277844040396965]
MAR13050	[0.00013277844040396965]
MAR13051	[0.00013277844040396965]
MAR13052	[0.00013277844040396965]
MAR13053	[0.00013277844040396965]
MAR13054	[0.00013277844040396965]
MAR13055	[0.00013277844040396965]
MAR13056	[0.00013277844040396965]
MAR13057	[0.00013277844040396965]
MAR13058	[0.00013277844040396965]
MAR13059	[0.00013277844040396965]
MAR13060	[0.00013277844040396965]
MAR13061	[0.00013277844040396965]
MAR13062	[0.00013277844040396965]
MAR13063	[0.00013277844040396965]
MAR13065	[0.00013277844040396965]
MAR13067	[0.00013277844040396965]
MAR13068	[0.00013277844040396965]
MAR13069	[0.00013277844040396965]
MAR13070	[0.00013277844040396965]
MAR13071	[0.00013277844040396965]
MAR13072	[0.00013277844040396965]
MAR13073	[0.00013277844040396965]
MAR13074	[0.00013277844040396965]
MAR13075	[0.00013277844040396965]
MAR13076	[0.00013277844040396965]
MAR13077	[0.00013277844040396965]
MAR13078	[0.00013277844040396965]
MAR13079	[3.092859332491893e-05]
MAR13080	[np.float64(7.456973094148011e-05)]
MAR13081	[2.8841287887561833e-05]
MAR10023	[0.00013277844040396965]
MAR10024	[0.00013277844040396965]
MAR10026	[0.00013277844040396965]
MAR10027	[0.00013277844040396965]
MAR10028	[0.00013277844040396965]
MAR10029	[0.00013277844040396965]
MAR10030	[0.00013277844040396965]
MAR10031	[0.00013277844040396965]
MAR10033	[0.00013277844040396965]
MAR10034	[0.00013277844040396965]
MAR10035	[0.00013277844040396965]
MAR10036	[0.00013277844040396965]
MAR10037	[0.00013277844040396965]
MAR10038	[0.00013277844040396965]
MAR10039	[0.00013277844040396965]
MAR10040	[0.00013277844040396965]
MAR10041	[0.00013277844040396965]
MAR10042	[0.00013277844040396965]
MAR10043	[0.00013277844040396965]
MAR10044	[0.00013277844040396965]
MAR10045	[0.00013277844040396965]
MAR10046	[0.00013277844040396965]
MAR10047	[0.00013277844040396965]
MAR10048	[0.00013277844040396965]
MAR10049	[0.00013277844040396965]
MAR10050	[0.00013277844040396965]
MAR10051	[0.00013277844040396965]
MAR10052	[0.00013277844040396965]
MAR10053	[0.00013277844040396965]
MAR10054	[0.00013277844040396965]
MAR10055	[0.00013277844040396965]
MAR10056	[0.00013277844040396965]
MAR10057	[0.00013277844040396965]
MAR10058	[0.00013277844040396965]
MAR10059	[0.00013277844040396965]
MAR10060	[0.00013277844040396965]
MAR10061	[np.float64(7.456973094148011e-05)]
MAR10062	[0.00013277844040396965]
MAR10063	[0.00013277844040396965]
MAR10064	[0.00013277844040396965]
MAR10065	[0.00013277844040396965]
MAR13082	[0.00013277844040396965, 2.8841287887561833e-05]
MAR10066	[np.float64(7.456973094148011e-05)]
MAR10067	[np.float64(7.456973094148011e-05)]
MAR10068	[0.00013277844040396965]
MAR10069	[0.00013277844040396965]
MAR10070	[0.00013277844040396965]
MAR10071	[np.float64(7.456973094148011e-05)]
MAR10072	[np.float64(7.456973094148011e-05)]
MAR10073	[np.float64(7.456973094148011e-05)]
MAR10074	[0.00013277844040396965]
MAR10075	[np.float64(7.456973094148011e-05)]
MAR10076	[0.00013277844040396965]
MAR10077	[0.00013277844040396965]
MAR10078	[0.00013277844040396965]
MAR10079	[np.float64(7.456973094148011e-05)]
MAR10080	[0.00013277844040396965]
MAR10081	[0.00013277844040396965]
MAR10082	[np.float64(7.456973094148011e-05)]
MAR10083	[0.00013277844040396965]
MAR10084	[0.00013277844040396965]
MAR10085	[0.00013277844040396965]
MAR10086	[0.00013277844040396965]
MAR10087	[0.00013277844040396965]
MAR10088	[0.00013277844040396965]
MAR10089	[0.00013277844040396965]
MAR10090	[0.00013277844040396965]
MAR10091	[0.00013277844040396965]
MAR10092	[0.00013277844040396965]
MAR10093	[0.00013277844040396965]
MAR10094	[0.00013277844040396965]
MAR10095	[0.00013277844040396965]
MAR10096	[0.00013277844040396965]
MAR10097	[0.00013277844040396965]
MAR10098	[0.00013277844040396965]
MAR10099	[0.00013277844040396965]
MAR10100	[np.float64(7.456973094148011e-05)]
MAR10101	[np.float64(7.456973094148011e-05)]
MAR10102	[np.float64(7.456973094148011e-05)]
MAR10103	[np.float64(7.456973094148011e-05)]
MAR10104	[np.float64(7.456973094148011e-05)]
MAR10105	[0.00013277844040396965]
MAR10106	[0.00013277844040396965]
MAR10107	[0.00013277844040396965]
MAR10108	[0.00013277844040396965]
MAR10109	[np.float64(7.456973094148011e-05)]
MAR10110	[np.float64(7.456973094148011e-05)]
MAR10111	[0.00013277844040396965]
MAR10112	[0.00013277844040396965]
MAR10113	[0.00013277844040396965]
MAR10114	[0.00013277844040396965]
MAR10115	[np.float64(7.456973094148011e-05)]
MAR10116	[0.015956857496100273]
MAR10117	[np.float64(7.456973094148011e-05)]
MAR10118	[0.00639132310635336]
MAR10119	[0.00639132310635336]
MAR10120	[0.00639132310635336]
MAR10121	[0.00013277844040396965]
MAR10122	[0.00013277844040396965]
MAR10123	[0.00013277844040396965]
MAR10124	[0.00013277844040396965]
MAR10125	[np.float64(7.456973094148011e-05)]
MAR10126	[np.float64(7.456973094148011e-05)]
MAR10127	[0.00639132310635336]
MAR10128	[0.00013277844040396965]
MAR10129	[0.00013277844040396965]
MAR10130	[0.00013277844040396965]
MAR10131	[0.00013277844040396965]
MAR10132	[0.00013277844040396965]
MAR13083	[0.015956857496100273]
MAR13084	[0.00013277844040396965]
MAR13085	[0.00013277844040396965]
MAR13086	[5.9480174330393227e-05]
MAR13087	[0.015956857496100273]
MAR20001	[0.00735862956566862]
MAR20003	[0.00735862956566862]
MAR20005	[0.00735862956566862]
MAR20006	[np.float64(7.456973094148011e-05)]
MAR20007	[0.00735862956566862]
MAR20008	[np.float64(7.456973094148011e-05)]
MAR20009	[0.00735862956566862]
MAR20010	[0.00735862956566862]
MAR20011	[2.9412127499088146e-05]
MAR20013	[0.004952921735942963]
MAR20016	[np.float64(7.456973094148011e-05)]
MAR20017	[np.float64(7.456973094148011e-05)]
MAR20018	[np.float64(7.456973094148011e-05)]
MAR20019	[np.float64(7.456973094148011e-05)]
MAR20021	[0.003944770803593795]
MAR20022	[0.003944770803593795]
MAR20023	[0.003944770803593795]
MAR20024	[0.003944770803593795]
MAR20025	[0.003944770803593795]
MAR20026	[0.003944770803593795]
MAR20027	[0.003944770803593795]
MAR20028	[0.003944770803593795]
MAR20029	[0.003944770803593795]
MAR20030	[0.003944770803593795]
MAR20031	[0.003944770803593795]
MAR20032	[0.003944770803593795]
MAR20033	[np.float64(7.456973094148011e-05)]
MAR20034	[np.float64(7.456973094148011e-05)]
MAR20035	[np.float64(7.456973094148011e-05)]
MAR20036	[np.float64(7.456973094148011e-05)]
MAR20037	[np.float64(7.456973094148011e-05)]
MAR20038	[np.float64(7.456973094148011e-05)]
MAR20039	[np.float64(7.456973094148011e-05)]
MAR20040	[np.float64(7.456973094148011e-05)]
MAR20041	[np.float64(7.456973094148011e-05)]
MAR20042	[np.float64(7.456973094148011e-05)]
MAR20043	[np.float64(7.456973094148011e-05)]
MAR20044	[np.float64(7.456973094148011e-05)]
MAR20046	[np.float64(7.456973094148011e-05)]
MAR20047	[np.float64(7.456973094148011e-05)]
MAR20048	[np.float64(7.456973094148011e-05)]
MAR20049	[np.float64(7.456973094148011e-05)]
MAR20050	[np.float64(7.456973094148011e-05)]
MAR20051	[np.float64(7.456973094148011e-05)]
MAR20053	[np.float64(7.456973094148011e-05)]
MAR20054	[np.float64(7.456973094148011e-05)]
MAR20055	[np.float64(7.456973094148011e-05)]
MAR20056	[np.float64(7.456973094148011e-05)]
MAR20057	[np.float64(7.456973094148011e-05)]
MAR20058	[np.float64(7.456973094148011e-05)]
MAR20059	[np.float64(7.456973094148011e-05)]
MAR20060	[np.float64(7.456973094148011e-05)]
MAR20061	[np.float64(7.456973094148011e-05)]
MAR20062	[np.float64(7.456973094148011e-05)]
MAR20063	[np.float64(7.456973094148011e-05)]
MAR20064	[np.float64(7.456973094148011e-05)]
MAR20065	[np.float64(7.456973094148011e-05)]
MAR20067	[0.015956857496100273]
MAR20068	[0.015956857496100273]
MAR20069	[np.float64(7.456973094148011e-05)]
MAR20070	[np.float64(7.456973094148011e-05)]
MAR20071	[0.0038542479703766934]
MAR20072	[0.0038542479703766934]
MAR20073	[np.float64(7.456973094148011e-05)]
MAR20074	[np.float64(7.456973094148011e-05)]
MAR20075	[np.float64(7.456973094148011e-05)]
MAR20076	[np.float64(7.456973094148011e-05)]
MAR20077	[np.float64(7.456973094148011e-05)]
MAR20078	[np.float64(7.456973094148011e-05)]
MAR20079	[np.float64(7.456973094148011e-05)]
MAR20080	[np.float64(7.456973094148011e-05)]
MAR20081	[np.float64(7.456973094148011e-05)]
MAR20082	[np.float64(7.456973094148011e-05)]
MAR20083	[np.float64(7.456973094148011e-05)]
MAR20084	[np.float64(7.456973094148011e-05)]
MAR20085	[np.float64(7.456973094148011e-05)]
MAR20086	[np.float64(7.456973094148011e-05)]
MAR20087	[np.float64(7.456973094148011e-05)]
MAR20088	[np.float64(7.456973094148011e-05)]
MAR20090	[np.float64(7.456973094148011e-05)]
MAR20091	[np.float64(7.456973094148011e-05)]
MAR20092	[np.float64(7.456973094148011e-05)]
MAR20093	[np.float64(7.456973094148011e-05)]
MAR20094	[np.float64(7.456973094148011e-05)]
MAR20095	[np.float64(7.456973094148011e-05)]
MAR20096	[np.float64(7.456973094148011e-05)]
MAR20097	[np.float64(7.456973094148011e-05)]
MAR20098	[np.float64(7.456973094148011e-05)]
MAR20099	[np.float64(7.456973094148011e-05)]
MAR20100	[np.float64(7.456973094148011e-05)]
MAR20101	[np.float64(7.456973094148011e-05)]
MAR20102	[np.float64(7.456973094148011e-05)]
MAR20103	[np.float64(7.456973094148011e-05)]
MAR20104	[np.float64(7.456973094148011e-05)]
MAR20105	[np.float64(7.456973094148011e-05)]
MAR20106	[np.float64(7.456973094148011e-05)]
MAR20107	[np.float64(7.456973094148011e-05)]
MAR20108	[np.float64(7.456973094148011e-05)]
MAR20109	[np.float64(7.456973094148011e-05)]
MAR20110	[np.float64(7.456973094148011e-05)]
MAR20111	[0.003934153209311432]
MAR20112	[8.576115130268839e-05]
MAR20113	[0.00013277844040396965]
MAR20114	[np.float64(7.456973094148011e-05)]
MAR20115	[np.float64(7.456973094148011e-05)]
MAR20116	[np.float64(7.456973094148011e-05)]
MAR20117	[np.float64(7.456973094148011e-05)]
MAR20118	[np.float64(7.456973094148011e-05)]
MAR20119	[np.float64(7.456973094148011e-05)]
MAR20120	[np.float64(7.456973094148011e-05)]
MAR20121	[np.float64(7.456973094148011e-05)]
MAR20122	[np.float64(7.456973094148011e-05)]
MAR20123	[np.float64(7.456973094148011e-05)]
MAR20124	[np.float64(7.456973094148011e-05)]
MAR20125	[np.float64(7.456973094148011e-05)]
MAR20126	[np.float64(7.456973094148011e-05)]
MAR20127	[np.float64(7.456973094148011e-05)]
MAR20128	[np.float64(7.456973094148011e-05)]
MAR20129	[np.float64(7.456973094148011e-05)]
MAR20130	[np.float64(7.456973094148011e-05)]
MAR20131	[np.float64(7.456973094148011e-05)]
MAR20132	[np.float64(7.456973094148011e-05)]
MAR20133	[np.float64(7.456973094148011e-05)]
MAR20134	[np.float64(7.456973094148011e-05)]
MAR20135	[np.float64(7.456973094148011e-05)]
MAR20136	[np.float64(7.456973094148011e-05)]
MAR20137	[np.float64(7.456973094148011e-05)]
MAR20138	[np.float64(7.456973094148011e-05)]
MAR20139	[np.float64(7.456973094148011e-05)]
MAR20140	[np.float64(7.456973094148011e-05)]
MAR20141	[np.float64(7.456973094148011e-05)]
MAR20142	[np.float64(7.456973094148011e-05)]
MAR20143	[np.float64(7.456973094148011e-05)]
MAR20144	[np.float64(7.456973094148011e-05)]
MAR20145	[np.float64(7.456973094148011e-05)]
MAR20146	[np.float64(7.456973094148011e-05)]
MAR20147	[np.float64(7.456973094148011e-05)]
MAR20148	[np.float64(7.456973094148011e-05)]
MAR20149	[np.float64(7.456973094148011e-05)]
MAR20150	[np.float64(7.456973094148011e-05)]
MAR20151	[np.float64(7.456973094148011e-05)]
MAR20152	[np.float64(7.456973094148011e-05)]
MAR20153	[np.float64(7.456973094148011e-05)]
MAR20154	[np.float64(7.456973094148011e-05)]
MAR20155	[np.float64(7.456973094148011e-05)]
MAR20156	[np.float64(7.456973094148011e-05)]
MAR20157	[np.float64(7.456973094148011e-05)]
MAR20158	[np.float64(7.456973094148011e-05)]
MAR20159	[np.float64(7.456973094148011e-05)]
MAR20160	[np.float64(7.456973094148011e-05)]
MAR20161	[np.float64(7.456973094148011e-05)]
MAR20162	[np.float64(7.456973094148011e-05)]
MAR20163	[np.float64(7.456973094148011e-05)]
MAR20164	[np.float64(7.456973094148011e-05)]
MAR20165	[np.float64(7.456973094148011e-05)]
MAR20166	[np.float64(7.456973094148011e-05)]
MAR20167	[np.float64(7.456973094148011e-05)]
MAR20168	[np.float64(7.456973094148011e-05)]
MAR20169	[0.015956857496100273]
MAR20170	[7.43681259301101e-05]
MAR20171	[7.43681259301101e-05]
MAR20172	[7.43681259301101e-05]
MAR20173	[3.3055988230904573e-05]
MAR20174	[np.float64(7.456973094148011e-05)]
MAR20175	[np.float64(7.456973094148011e-05)]
MAR20176	[np.float64(7.456973094148011e-05)]
MAR20177	[np.float64(7.456973094148011e-05)]
MAR20178	[np.float64(7.456973094148011e-05)]
MAR20179	[0.00013277844040396965]
MAR20180	[0.00013277844040396965]
MAR20181	[np.float64(7.456973094148011e-05)]
MAR20182	[np.float64(7.456973094148011e-05)]
MAR20183	[np.float64(7.456973094148011e-05)]
