reaction	linear_coefficient
MAR03905	0.0030252016928409677
MAR03907	0.00321423840041873
MAR04097	0.0009559409197925247
MAR04099	0.0001789961088799492
MAR04108	0.0009559409197925247
MAR04133	0.0009559409197925247
MAR04281	0.030575403490925294
MAR04388	0.030575403490925294
MAR04283	0.010443919289222548
MAR08357	0.0032024582666120606
MAR04379	0.007198130461850395
MAR04301	0.007198130461850395
MAR04355	0.0008242393249299766
MAR04358	0.06093341388320984
MAR04360	0.0006846173755311747
MAR04363	0.046679403881307625
MAR04365	0.02413271154830404
MAR04368	0.013104348694612643
MAR04370	0.0008433923688058783
MAR04371	0.02413271154830404
MAR04372	0.0008433923688058783
MAR04373	0.08840956585561356
MAR04375	0.0008242393249299766
MAR04377	0.0006036467621089777
MAR04381	0.0035214177291184247
MAR04391	0.024271498630749042
MAR04394	0.003610097640119944
MAR04396	0.0010345597391009343
MAR04521	0.0009860986305735538
MAR06412	0.0024275466453803447
MAR07745	0.0003574297595414846
MAR07747	0.0013652055351266242
MAR08360	0.0033744146457214256
MAR08652	0.0009860986305735538
MAR08757	6.448008502800297e-05
MAR03989	0.0003994610104549736
MAR04122	0.0010630862910562503
MAR04837	7.473952912010299e-05
MAR05395	0.000897875401912261
MAR05396	0.0022537431627411156
MAR09727	0.0022537431627411156
MAR05397	0.00047096084288344336
MAR05398	0.014595015279142264
MAR05399	0.0005493742168218216
MAR05400	0.0005493742168218216
MAR05401	0.014595015279142264
MAR08568	3.403269217263376e-05
MAR08569	3.403269217263376e-05
MAR08570	3.403269217263376e-05
MAR08571	3.403269217263376e-05
MAR08572	3.403269217263376e-05
MAR08573	3.403269217263376e-05
MAR08574	3.403269217263376e-05
MAR08575	3.403269217263376e-05
MAR08576	3.403269217263376e-05
MAR08577	3.403269217263376e-05
MAR08578	3.403269217263376e-05
MAR08579	3.403269217263376e-05
MAR08581	3.403269217263376e-05
MAR08591	0.00037436241407130653
MAR08592	0.0003994610104549736
MAR08580	3.403269217263376e-05
MAR08582	3.403269217263376e-05
MAR08587	0.00037436241407130653
MAR08589	0.0003994610104549736
MAR08583	3.344025408085852e-05
MAR08584	2.8841287887561833e-05
MAR08585	0.00014094463467408276
MAR03944	0.001308958529256646
MAR04128	0.002725224065984344
MAR04130	0.00043239830637530405
MAR04131	0.0001963636823676423
MAR04132	0.0001963636823676423
MAR04303	0.0003994610104549736
MAR04414	0.00043239830637530405
MAR04415	0.0011194736486495303
MAR04416	0.0018295262994707543
MAR04831	7.456973094148011e-05
MAR04832	0.0011194736486495303
MAR07674	0.0023674322953650554
MAR08761	0.00043920115259726703
MAR08762	0.0008242393249299766
MAR08764	3.0017513104082278e-05
MAR08766	0.0038598311336530897
MAR08767	0.0001963636823676423
MAR00454	7.456973094148011e-05
MAR04297	0.0028907321004827927
MAR04310	0.00043920115259726703
MAR04315	0.001669162161854861
MAR04316	0.0038598311336530897
MAR04317	0.0018724964874196216
MAR04318	0.0018724964874196216
MAR04319	0.003610097640119944
MAR04320	0.0018724964874196216
MAR04356	0.0008242393249299766
MAR04383	0.0008452307392872287
MAR04385	0.0006500191004085507
MAR04386	0.0004066220921639413
MAR04387	0.0004066220921639413
MAR04399	0.0005205751634333717
MAR04400	0.0019991699516675536
MAR04401	0.0002956152747215501
MAR04402	0.0002474143140868893
MAR04403	7.456973094148011e-05
MAR04490	0.003610097640119944
MAR04706	0.0028907321004827927
MAR08768	0.0019991699516675536
MAR04590	0.0035866016115228523
MAR04591	0.0007588356526679322
MAR04592	0.0038598311336530897
MAR04593	0.001669162161854861
MAR04594	0.00010467514407492771
MAR04595	0.00014266404857500082
MAR08341	0.003916009851720319
MAR08342	7.456973094148011e-05
MAR08344	0.00321423840041873
MAR08352	0.00015036640341346185
MAR08353	7.456973094148011e-05
MAR08726	0.00010582230649628411
MAR08727	0.0013800337919790122
MAR08728	7.456973094148011e-05
MAR08729	0.00043188001532199464
MAR06537	0.00321423840041873
MAR01568	0.010443919289222548
MAR03853	0.006940837673188856
MAR03854	0.0038598311336530897
MAR03855	0.0038598311336530897
MAR03857	0.0006526997508992686
MAR03859	5.581737188270044e-05
MAR04087	0.0004198438187747891
MAR04089	0.0014819808539129381
MAR04091	0.0004198438187747891
MAR04093	2.8841287887561833e-05
MAR04095	2.8841287887561833e-05
MAR04101	2.8841287887561833e-05
MAR04103	0.002346359206457963
MAR04143	0.0004610930643923442
MAR04193	0.06093341388320984
MAR08497	0.003916009851720319
MAR08498	6.448008502800297e-05
MAR08499	6.448008502800297e-05
MAR08500	0.003916009851720319
MAR08501	0.0007948249315702442
MAR08502	0.0030252016928409677
MAR08503	0.010443919289222548
MAR08504	0.0032024582666120606
MAR08506	0.0032024582666120606
MAR08507	0.0030252016928409677
MAR08508	0.0030252016928409677
MAR08509	0.003916009851720319
MAR08511	0.0006526997508992686
MAR08512	5.581737188270044e-05
MAR08514	5.581737188270044e-05
MAR08516	0.0006785312226904101
MAR08517	7.456973094148011e-05
MAR04280	0.0003702349534467202
MAR00153	0.0009559409197925247
MAR03212	0.0022432479478481262
MAR03797	0.0009559409197925247
MAR03800	0.00047360943233200174
MAR04105	0.00011128944048181511
MAR04106	0.00011128944048181511
MAR04107	0.00011128944048181511
MAR04282	0.00015304641861345588
MAR04331	0.0009559409197925247
MAR04459	0.0009559409197925247
MAR04460	0.0009559409197925247
MAR04464	7.456973094148011e-05
MAR04497	0.0061402897725202745
MAR04741	0.000473412411197843
MAR08078	7.456973094148011e-05
MAR09803	7.456973094148011e-05
MAR09804	0.003715880363485768
MAR00718	0.0005751226431803936
MAR00719	0.004369883686223038
MAR01434	0.0017631312347467394
MAR01436	0.00036974781281524254
MAR03163	0.0022432479478481262
MAR04461	0.0002134609654852285
MAR04604	0.0017825783940579611
MAR05351	0.0003702349534467202
MAR07709	0.00013646608641466873
MAR04052	0.003601962399438714
MAR04304	0.005614709106288334
MAR04350	0.00010582230649628411
MAR04351	0.0011998576189104985
MAR04352	0.0011998576189104985
MAR04354	0.0010345597391009343
MAR04398	0.002359445031965405
MAR04404	0.006572126586954725
MAR04473	0.007412934843173903
MAR04474	0.007412934843173903
MAR04476	0.0003819661187191656
MAR04477	0.0019281989395986353
MAR04501	0.006572126586954725
MAR04565	0.012644424210448766
MAR04567	0.007198130461850395
MAR09799	0.00013231045968245983
MAR09800	0.00043920115259726703
MAR04623	0.0010369121804425549
MAR04625	0.0020646534932042045
MAR04710	0.0010345597391009343
MAR04841	0.010443919289222548
MAR08074	0.00010582230649628411
MAR08653	0.0020646534932042045
MAR03998	0.0024540741822674382
MAR04000	0.0011262117141026726
MAR04002	0.003738743423736391
MAR04004	0.003738743423736391
MAR04010	0.002459554749233259
MAR04081	0.002459554749233259
MAR04082	0.002459554749233259
MAR04012	0.004986447755555448
MAR04014	0.0005217792078791708
MAR04020	0.003955663042667106
MAR04022	0.0011262117141026726
MAR04038	0.003815077637337111
MAR04040	0.008959528170399817
MAR04042	0.0024610797555616646
MAR04046	0.0018521383644499215
MAR04048	0.0005217792078791708
MAR04080	0.0003954568944255685
MAR04085	0.004985678915929866
MAR04086	0.004985678915929866
MAR04134	0.0024540741822674382
MAR04135	0.003955663042667106
MAR04168	0.00473315991131433
MAR04171	0.06093341388320984
MAR04290	0.0005157106573219552
MAR04406	0.0005413166251129213
MAR04412	0.00017137836242228386
MAR04417	0.002459554749233259
MAR04418	0.004680437087566948
MAR04419	0.00195879408333704
MAR04421	0.06093341388320984
MAR04449	0.002459554749233259
MAR04450	0.002459554749233259
MAR04451	7.456973094148011e-05
MAR04452	0.004680437087566948
MAR04453	0.0018521383644499215
MAR04480	0.0063255333240134545
MAR04481	0.00018890880863400744
MAR04482	0.00018890880863400744
MAR04486	0.003610097640119944
MAR04487	0.003610097640119944
MAR04488	0.003610097640119944
MAR04489	0.003610097640119944
MAR04492	0.003610097640119944
MAR04493	0.003610097640119944
MAR04495	0.003610097640119944
MAR04496	0.003610097640119944
MAR04518	5.525383120354183e-05
MAR04519	0.00033130067411381466
MAR04520	0.00033130067411381466
MAR04573	0.06093341388320984
MAR04574	0.0016145258557514234
MAR04600	0.0023301117962380405
MAR04602	0.002459554749233259
MAR04603	0.0016145258557514234
MAR04611	0.0565856886662465
MAR04612	0.0565856886662465
MAR04614	0.0565856886662465
MAR04615	0.0565856886662465
MAR04617	0.0565856886662465
MAR04618	0.0565856886662465
MAR04619	0.0565856886662465
MAR04621	0.0565856886662465
MAR04632	0.002459554749233259
MAR04646	0.00033130067411381466
MAR04648	0.00033130067411381466
MAR04649	0.00033130067411381466
MAR04650	0.00033130067411381466
MAR04651	0.0016145258557514234
MAR04663	0.0016145258557514234
MAR04664	0.004680437087566948
MAR04694	0.00018890880863400744
MAR04695	0.0016145258557514234
MAR04705	0.002459554749233259
MAR04709	0.0016145258557514234
MAR04799	0.0017719116558434808
MAR04802	0.0017719116558434808
MAR04804	0.0033546661575609995
MAR04808	0.0011025375730847032
MAR04810	0.0033546661575609995
MAR04812	0.00017137836242228386
MAR04814	0.003815077637337111
MAR05301	0.001755576523024721
MAR05353	0.003955663042667106
MAR06601	2.8841287887561833e-05
MAR06602	0.012613840959470973
MAR06603	0.012613840959470973
MAR06605	7.456973094148011e-05
MAR06606	7.456973094148011e-05
MAR06607	7.456973094148011e-05
MAR06609	7.456973094148011e-05
MAR06610	7.456973094148011e-05
MAR06611	7.456973094148011e-05
MAR07144	0.0015845276184640463
MAR08755	0.00033130067411381466
MAR09797	7.456973094148011e-05
MAR04016	0.0019480456369048986
MAR04018	0.0019480456369048986
MAR04044	0.0019480456369048986
MAR04291	0.0019480456369048986
MAR04420	0.0019480456369048986
MAR04570	0.0019480456369048986
MAR04572	0.0019480456369048986
MAR04006	0.0019480456369048986
MAR04028	0.0019480456369048986
MAR04030	0.0019480456369048986
MAR04670	0.0019480456369048986
MAR04673	0.0019480456369048986
MAR04675	0.0019480456369048986
MAR06614	0.0019480456369048986
MAR06615	0.0019480456369048986
MAR06616	0.0019480456369048986
MAR04635	0.0019480456369048986
MAR03793	2.8841287887561833e-05
MAR03931	0.002859982470966623
MAR03969	0.001755576523024721
MAR03970	0.002459554749233259
MAR04008	0.003308535679872717
MAR04032	0.0006483582748734375
MAR04034	0.001481608291936404
MAR04036	0.001061410068424453
MAR04050	0.001481608291936404
MAR04056	0.002459554749233259
MAR04059	0.0024540741822674382
MAR04060	0.0024540741822674382
MAR04127	0.0015163623858016459
MAR04177	0.002459554749233259
MAR04179	0.002459554749233259
MAR04182	0.0018724964874196216
MAR04183	0.0005157106573219552
MAR04192	0.0005157106573219552
MAR04194	0.0006483582748734375
MAR04210	0.06093341388320984
MAR04211	0.00473315991131433
MAR04343	0.0004052777386432117
MAR04345	0.00026731776288549337
MAR04346	0.0006866918269934643
MAR04470	0.00026731776288549337
MAR04471	0.00026731776288549337
MAR04472	0.00026731776288549337
MAR04484	0.002459554749233259
MAR04485	0.0005386487099653207
MAR04510	0.002459554749233259
MAR04512	0.003308535679872717
MAR04513	0.0010921774748090106
MAR04514	0.009686598683352358
MAR04577	0.001061410068424453
MAR04579	0.002758790795203813
MAR04580	0.009686598683352358
MAR04608	0.001481608291936404
MAR04575	0.0003142976054236459
MAR04637	0.003980237458604841
MAR04642	0.0011527275749819196
MAR04643	0.00473315991131433
MAR04644	0.0008132797647749602
MAR04672	7.456973094148011e-05
MAR04676	0.001755576523024721
MAR04736	2.8841287887561833e-05
MAR04819	2.915400658660894e-05
MAR05299	0.001755576523024721
MAR05352	0.001755576523024721
MAR05415	0.0565856886662465
MAR05416	0.0565856886662465
MAR05417	0.002859982470966623
MAR06612	0.003980237458604841
MAR06613	0.003980237458604841
MAR06621	0.0565856886662465
MAR06622	0.0565856886662465
MAR06623	0.0145715274132364
MAR06624	0.00024206716792974677
MAR06627	0.06093341388320984
MAR07744	0.0010669604942717885
MAR08072	7.456973094148011e-05
MAR08637	7.456973094148011e-05
MAR03965	0.004728631486967794
MAR03966	0.00473315991131433
MAR03967	0.003308535679872717
MAR03968	0.003980237458604841
MAR03999	0.0005157106573219552
MAR04024	0.003308535679872717
MAR04026	7.40618428110978e-05
MAR04054	0.0145715274132364
MAR04061	0.0005157106573219552
MAR04083	0.004986447755555448
MAR04136	0.1894963852213692
MAR04180	0.001755576523024721
MAR04185	0.0018001363162793618
MAR04186	0.0018001363162793618
MAR04342	0.0024540741822674382
MAR04344	7.456973094148011e-05
MAR04483	0.00024206716792974677
MAR04507	0.001817311261304226
MAR04516	0.0043050106487241575
MAR04601	0.0023301117962380405
MAR04633	0.00018890880863400744
MAR04640	0.003980237458604841
MAR04641	0.0145715274132364
MAR04680	0.002758790795203813
MAR04806	0.0017719116558434808
MAR05394	7.456973094148011e-05
MAR06625	0.00024206716792974677
MAR06626	0.0011527275749819196
MAR07160	0.0072018236267229
MAR07161	0.006627131481418721
MAR07162	0.006627131481418721
MAR07163	0.0008103011629716614
MAR07164	0.0008103011629716614
MAR07713	0.002459554749233259
MAR07716	0.002459554749233259
MAR07717	0.002459554749233259
MAR07721	0.002459554749233259
MAR07725	0.002459554749233259
MAR07728	0.002459554749233259
MAR07800	2.9148311735601487e-05
MAR07801	0.0011277013961972352
MAR07802	2.9148311735601487e-05
MAR07863	0.003308535679872717
MAR07864	0.003308535679872717
MAR07865	0.003308535679872717
MAR07866	0.003308535679872717
MAR07867	0.003308535679872717
MAR07868	0.003308535679872717
MAR07869	0.003308535679872717
MAR07870	0.003308535679872717
MAR07871	0.003308535679872717
MAR07872	0.003308535679872717
MAR07873	0.003308535679872717
MAR07874	0.003308535679872717
MAR07875	7.40618428110978e-05
MAR07876	0.003308535679872717
MAR07878	0.0019480456369048986
MAR07879	0.00473315991131433
MAR07880	0.0011527275749819196
MAR07881	0.0019480456369048986
MAR07882	0.0019480456369048986
MAR07883	0.0019480456369048986
MAR07884	0.0019480456369048986
MAR07885	0.0019480456369048986
MAR07886	0.0019480456369048986
MAR07887	0.0019480456369048986
MAR07888	0.0019480456369048986
MAR07889	0.0019480456369048986
MAR07890	0.0019480456369048986
MAR07891	0.0019480456369048986
MAR07892	0.0019480456369048986
MAR07893	0.0019480456369048986
MAR07894	0.0019480456369048986
MAR07895	0.0019480456369048986
MAR08083	0.0005217792078791708
MAR08085	0.0005217792078791708
MAR08087	0.0005217792078791708
MAR08443	0.0015845276184640463
MAR08444	0.0015845276184640463
MAR08445	0.001755576523024721
MAR08446	2.8841287887561833e-05
MAR08448	0.003308535679872717
MAR08449	0.003308535679872717
MAR08450	0.003308535679872717
MAR08451	0.003308535679872717
MAR08452	0.003308535679872717
MAR08453	0.003308535679872717
MAR08454	0.003308535679872717
MAR08455	0.003308535679872717
MAR08456	0.003308535679872717
MAR08457	0.003308535679872717
MAR08458	0.003308535679872717
MAR08459	0.003308535679872717
MAR08460	0.003308535679872717
MAR08461	2.9148311735601487e-05
MAR08462	0.003308535679872717
MAR08463	0.003308535679872717
MAR08464	0.003308535679872717
MAR08465	0.003308535679872717
MAR08466	0.003308535679872717
MAR08467	0.003308535679872717
MAR08468	0.003308535679872717
MAR08469	0.003308535679872717
MAR08470	0.003308535679872717
MAR08471	0.003308535679872717
MAR08472	0.003308535679872717
MAR08473	0.00018890880863400744
MAR08474	0.0024540741822674382
MAR08477	0.0010921774748090106
MAR08478	0.0010921774748090106
MAR08479	0.0010921774748090106
MAR08480	2.8841287887561833e-05
MAR08481	7.456973094148011e-05
MAR08482	0.0009225773870360986
MAR08483	0.004728631486967794
MAR08484	7.456973094148011e-05
MAR08485	0.0024540741822674382
MAR08486	0.0016145258557514234
MAR08487	0.0013677887417769328
MAR08488	0.00473315991131433
MAR08489	0.00473315991131433
MAR08493	0.0009120622491451325
MAR08494	0.0009120622491451325
MAR08495	0.0009120622491451325
MAR03802	0.01007272941388934
MAR03804	0.01007272941388934
MAR03811	0.0025841831668140863
MAR03813	0.0005477999760905771
MAR03822	0.0008668066085081908
MAR03827	0.00735862956566862
MAR03829	0.0032755948938447597
MAR03862	3.3867144279647894e-05
MAR03865	0.00735862956566862
MAR03870	0.0031753619453288254
MAR03873	7.13264168815426e-05
MAR08654	7.13264168815426e-05
MAR03890	0.0020547543846433265
MAR03892	0.0013497662141162695
MAR09802	3.141307796812103e-05
MAR03899	0.00018073367875409775
MAR03903	9.242454400412798e-05
MAR04109	0.001359586431173727
MAR04114	0.0007702225823909049
MAR04115	0.0007702225823909049
MAR04118	0.0031753619453288254
MAR04172	3.3867144279647894e-05
MAR04196	0.0003915811580121842
MAR04197	0.0011382517079440374
MAR04287	0.030575403490925294
MAR04690	0.0002607892958076069
MAR04693	0.00015064806859191524
MAR06780	0.00735862956566862
MAR06968	0.0001336529477250118
MAR06969	2.8841287887561833e-05
MAR06970	0.00018073367875409775
MAR06971	0.005308871083635656
MAR06972	0.005308871083635656
MAR07641	3.493988732645088e-05
MAR07642	7.456973094148011e-05
MAR08626	3.4458061886782924e-05
MAR08628	2.8841287887561833e-05
MAR03806	0.0008668066085081908
MAR03807	0.007432467625926711
MAR03809	2.8841287887561833e-05
MAR03816	3.556187464134297e-05
MAR03819	0.0008668066085081908
MAR03820	0.0008668066085081908
MAR03832	7.456973094148011e-05
MAR03833	0.001613269721901099
MAR03835	0.001613269721901099
MAR03837	0.002029469820481915
MAR03895	0.002529208307668548
MAR03897	0.002529208307668548
MAR03956	0.00013143638897134279
MAR03993	0.000265548498545607
MAR04073	0.001558973686231266
MAR04075	0.005609737009165582
MAR04077	0.007057820148490973
MAR04190	0.000265548498545607
MAR04191	0.00013824847702875314
MAR04212	0.0023752473121948455
MAR04422	0.0023752473121948455
MAR04423	0.000373950861764097
MAR04424	3.295108646914006e-05
MAR04583	0.0005955489730909406
MAR04605	0.0032024582666120606
MAR04606	4.4930847062818486e-05
MAR04607	0.0014858099414347728
MAR04776	0.0013132747647274432
MAR04777	0.0013132747647274432
MAR04778	0.002029469820481915
MAR04779	0.002029469820481915
MAR04780	0.002029469820481915
MAR04781	0.002029469820481915
MAR04784	0.0008668066085081908
MAR04785	0.0008668066085081908
MAR04786	0.00735862956566862
MAR04787	0.00010204760854531415
MAR05384	0.0002718372484069744
MAR06929	0.0028749225685520225
MAR06930	0.0028749225685520225
MAR06931	0.000373950861764097
MAR06932	0.000373950861764097
MAR06933	0.000373950861764097
MAR06934	0.000373950861764097
MAR06935	0.000373950861764097
MAR06936	0.000373950861764097
MAR06938	0.0028749225685520225
MAR06939	0.0028749225685520225
MAR06940	7.456973094148011e-05
MAR06941	0.000373950861764097
MAR06942	0.000373950861764097
MAR06943	0.000373950861764097
MAR06944	0.000373950861764097
MAR06945	0.000373950861764097
MAR06946	0.000373950861764097
MAR06947	0.000373950861764097
MAR06948	0.000373950861764097
MAR06949	0.000373950861764097
MAR06950	0.000373950861764097
MAR06951	0.000373950861764097
MAR06952	0.000373950861764097
MAR06953	0.0023944126537321867
MAR06954	0.0023944126537321867
MAR06955	7.456973094148011e-05
MAR06956	7.456973094148011e-05
MAR06957	7.456973094148011e-05
MAR06958	0.001334404533910749
MAR06959	0.001334404533910749
MAR06960	7.456973094148011e-05
MAR06961	0.001334404533910749
MAR06962	0.001334404533910749
MAR06963	0.001334404533910749
MAR06964	0.001334404533910749
MAR06965	0.00010129627903254
MAR06966	0.00010129627903254
MAR06967	0.00010129627903254
MAR06973	0.0023944126537321867
MAR08096	0.0008668066085081908
MAR08097	0.0008668066085081908
MAR08098	0.00735862956566862
MAR08416	0.0001336529477250118
MAR08425	5.229753675259049e-05
MAR08426	8.782596057441642e-05
MAR08427	0.0022772567477581276
MAR08431	7.456973094148011e-05
MAR08432	2.9298364854568636e-05
MAR08603	0.0028749225685520225
MAR08604	0.0010088818229169792
MAR08605	0.0032024582666120606
MAR08606	0.000373950861764097
MAR08607	7.456973094148011e-05
MAR08608	2.8841287887561833e-05
MAR08609	0.002029469820481915
MAR08610	2.8841287887561833e-05
MAR08611	7.490722114699997e-05
MAR04285	2.8841287887561833e-05
MAR00457	0.00010071792576851181
MAR00460	0.00010071792576851181
MAR03750	3.3055988230904573e-05
MAR03752	0.000362063386036231
MAR03770	0.0009941119632888241
MAR03771	3.3055988230904573e-05
MAR03772	3.3055988230904573e-05
MAR03782	3.3055988230904573e-05
MAR03784	0.000362063386036231
MAR03794	0.0001336529477250118
MAR03839	0.004369883686223038
MAR03841	0.018362594307870066
MAR03843	0.0021740929473901605
MAR03845	0.0018243064397047981
MAR03847	0.0005298086143736826
MAR03849	3.716433266564652e-05
MAR03852	3.0767266659768484e-05
MAR03856	0.0007948249315702442
MAR03860	7.456973094148011e-05
MAR03883	0.0004328781671442229
MAR03901	4.9139544075126266e-05
MAR03939	0.0018959625084160022
MAR03974	0.0004328781671442229
MAR04198	2.927561279871426e-05
MAR04199	5.229753675259049e-05
MAR04200	0.0004328781671442229
MAR04284	7.456973094148011e-05
MAR04348	0.0004004924563894606
MAR04466	2.8841287887561833e-05
MAR04467	2.927561279871426e-05
MAR04582	5.044173010937818e-05
MAR04584	0.0022772567477581276
MAR04696	2.8841287887561833e-05
MAR04697	0.0005106296085791845
MAR04698	0.0005106296085791845
MAR04699	2.8841287887561833e-05
MAR04700	0.0007221426055017022
MAR04742	0.0018959625084160022
MAR04788	2.927561279871426e-05
MAR04789	2.8841287887561833e-05
MAR04791	2.927561279871426e-05
MAR04792	0.00452731092914884
MAR04937	0.0001951887641721657
MAR05392	0.0036555620929090557
MAR05393	0.0016698377227671512
MAR06409	0.0023168459484092362
MAR07702	0.0007948249315702442
MAR07703	2.8841287887561833e-05
MAR08433	0.00029909939660849907
MAR08434	0.00029909939660849907
MAR08439	3.116545066142731e-05
MAR08440	0.0005106296085791845
MAR08441	2.8841287887561833e-05
MAR08442	7.456973094148011e-05
MAR09718	7.456973094148011e-05
MAR09486	0.0002737095739025045
MAR04426	0.004721676108293019
MAR04428	2.9587535998469147e-05
MAR04429	2.8841287887561833e-05
MAR04430	0.0010088818229169792
MAR04431	0.010443919289222548
MAR04437	3.4308179546084276e-05
MAR04658	3.317093128180705e-05
MAR04660	8.233210169315116e-05
MAR04712	2.9423040603710606e-05
MAR05336	0.0025489979710940818
MAR05337	0.0012622696043390513
MAR05338	0.004952921735942963
MAR05339	0.0025489979710940818
MAR05340	0.0025489979710940818
MAR08783	0.000373950861764097
MAR08784	0.0032024582666120606
MAR08786	0.0005106296085791845
MAR04241	0.0016561696420393146
MAR04288	9.240427826699059e-05
MAR04596	0.0004136328354829065
MAR04597	0.0004136328354829065
MAR04599	0.005976041523592712
MAR04667	0.0007551646544894593
MAR04668	9.240427826699059e-05
MAR04737	0.0005106296085791845
MAR04739	0.0005106296085791845
MAR04740	7.456973094148011e-05
MAR06415	0.003897569512531185
MAR06974	7.456973094148011e-05
MAR06975	0.0016561696420393146
MAR06976	0.0016561696420393146
MAR06977	0.0016561696420393146
MAR06978	0.003565971354620365
MAR06979	0.0003509548472129291
MAR06980	0.00452731092914884
MAR06981	0.002290186139115091
MAR06982	6.5951717807219e-05
MAR06983	0.0017015908551456429
MAR06984	0.0038968584939703035
MAR06985	0.0017015908551456429
MAR08017	7.456973094148011e-05
MAR08018	7.456973094148011e-05
MAR08019	7.456973094148011e-05
MAR08021	3.716433266564652e-05
MAR08025	0.0016561696420393146
MAR08026	0.0016561696420393146
MAR08027	0.0016561696420393146
MAR08029	0.003565971354620365
MAR03164	0.009947721923987943
MAR03166	0.008998160734830764
MAR03885	0.001636352629699206
MAR04250	7.456973094148011e-05
MAR08091	2.9587535998469147e-05
MAR08092	0.0010088818229169792
MAR08563	0.0005106296085791845
MAR08566	0.002879028817266516
MAR03935	0.0005755956717837769
MAR04681	2.9587535998469147e-05
MAR04682	0.0010088818229169792
MAR04683	0.010443919289222548
MAR04685	0.010443919289222548
MAR04686	0.010443919289222548
MAR04687	0.010443919289222548
MAR04702	7.456973094148011e-05
MAR04703	8.576115130268839e-05
MAR04704	8.576115130268839e-05
MAR06988	2.911814037845049e-05
MAR07689	5.306890242565636e-05
MAR07701	0.0008616211236248209
MAR08094	5.306890242565636e-05
MAR08529	0.000373950861764097
MAR08530	0.0030252016928409677
MAR08533	2.8841287887561833e-05
MAR08534	5.306890242565636e-05
MAR08535	5.306890242565636e-05
MAR08537	3.469624457500408e-05
MAR08541	2.8841287887561833e-05
MAR08542	2.8841287887561833e-05
MAR08543	2.911814037845049e-05
MAR08544	2.911814037845049e-05
MAR08630	2.8841287887561833e-05
MAR08540	7.456973094148011e-05
MAR03206	0.0061040911240064985
MAR03208	0.0005498708249481511
MAR03213	0.00030138259004162683
MAR03215	0.0008419111251386743
MAR03747	0.0004621327637844356
MAR03744	0.0008437001443961292
MAR03757	0.008998160734830764
MAR03761	0.00015304641861345588
MAR03777	0.0004621327637844356
MAR03778	0.0008437001443961292
MAR03795	0.00015304641861345588
MAR04797	0.0032024582666120606
MAR06417	0.0004905898350021977
MAR06419	0.0004905898350021977
MAR06420	0.0004905898350021977
MAR06421	0.0004905898350021977
MAR06422	0.0004905898350021977
MAR06923	0.0004621327637844356
MAR03765	0.0008437001443961292
MAR06924	9.364146859054616e-05
MAR06925	0.003715880363485768
MAR06926	0.0014590755673403039
MAR06927	0.0014590755673403039
MAR08088	0.00015064806859191524
MAR08787	0.00011128944048181511
MAR03743	3.3055988230904573e-05
MAR04214	3.3307234366434264e-05
MAR04216	0.00037189842569390375
MAR04218	2.957935700920733e-05
MAR04219	0.00037189842569390375
MAR04220	5.152992095786072e-05
MAR04222	0.0011382517079440374
MAR04224	2.957935700920733e-05
MAR04225	2.957935700920733e-05
MAR04227	0.0033744146457214256
MAR04231	3.099482742752158e-05
MAR04232	7.456973094148011e-05
MAR04233	7.456973094148011e-05
MAR04235	7.456973094148011e-05
MAR04243	0.0006035705462919111
MAR04244	0.0011382517079440374
MAR04245	7.456973094148011e-05
MAR04246	0.0011382517079440374
MAR04248	7.456973094148011e-05
MAR06707	2.9587535998469147e-05
MAR06708	7.456973094148011e-05
MAR06709	7.456973094148011e-05
MAR06711	2.8841287887561833e-05
MAR06712	7.456973094148011e-05
MAR06713	0.0010088818229169792
MAR06714	0.0032024582666120606
MAR06715	0.0031963432083020552
MAR06716	2.8841287887561833e-05
MAR06717	0.00037189842569390375
MAR06718	2.9587535998469147e-05
MAR06719	0.0010088818229169792
MAR06720	7.456973094148011e-05
MAR06721	7.456973094148011e-05
MAR06722	2.8841287887561833e-05
MAR06723	0.052651361529201156
MAR06725	0.00735862956566862
MAR06726	4.840546623490057e-05
MAR06727	0.00018044028161490961
MAR06728	3.469624457500408e-05
MAR06729	2.8841287887561833e-05
MAR06730	0.0031963432083020552
MAR06731	2.9587535998469147e-05
MAR06734	7.456973094148011e-05
MAR06735	0.0031963432083020552
MAR06736	0.0031963432083020552
MAR06738	7.456973094148011e-05
MAR06739	0.0031963432083020552
MAR06740	2.9587535998469147e-05
MAR06741	2.8841287887561833e-05
MAR06742	7.456973094148011e-05
MAR06743	3.017049502785357e-05
MAR06744	7.456973094148011e-05
MAR06745	0.0010088818229169792
MAR06746	0.0031963432083020552
MAR06747	0.0010088818229169792
MAR06748	0.010443919289222548
MAR06749	0.010443919289222548
MAR06750	0.0031963432083020552
MAR06751	0.0010088818229169792
MAR06752	0.0010088818229169792
MAR06753	0.010443919289222548
MAR06754	0.010443919289222548
MAR06755	0.0031963432083020552
MAR06756	0.0030252016928409677
MAR06757	0.0031963432083020552
MAR06758	0.0010088818229169792
MAR06759	7.456973094148011e-05
MAR06760	0.010443919289222548
MAR06761	0.010443919289222548
MAR06762	0.0031963432083020552
MAR06763	0.0031963432083020552
MAR06764	0.0010088818229169792
MAR06765	7.456973094148011e-05
MAR06766	0.010443919289222548
MAR06767	0.010443919289222548
MAR06768	0.00735862956566862
MAR06770	2.8841287887561833e-05
MAR06771	0.00018044028161490961
MAR06772	4.840546623490057e-05
MAR06774	3.0139749026405486e-05
MAR06776	0.0002580440646701903
MAR06778	0.0004272238548546145
MAR06782	7.456973094148011e-05
MAR06783	7.456973094148011e-05
MAR06784	7.456973094148011e-05
MAR06785	7.456973094148011e-05
MAR06786	7.456973094148011e-05
MAR06787	2.9587535998469147e-05
MAR06788	0.0031963432083020552
MAR06789	0.0010088818229169792
MAR06790	0.010443919289222548
MAR06791	0.010443919289222548
MAR06792	7.456973094148011e-05
MAR06798	0.00016602190576359935
MAR06799	0.00016602190576359935
MAR06800	0.00016602190576359935
MAR06801	0.00016602190576359935
MAR06802	7.456973094148011e-05
MAR06803	2.8841287887561833e-05
MAR06806	7.456973094148011e-05
MAR06807	7.456973094148011e-05
MAR06808	0.012613840959470973
MAR06811	0.052651361529201156
MAR06813	0.012613840959470973
MAR06814	0.0008993234608599079
MAR06815	0.052651361529201156
MAR06817	0.0008993234608599079
MAR06818	7.456973094148011e-05
MAR06819	0.0008993234608599079
MAR06820	0.052651361529201156
MAR06822	7.456973094148011e-05
MAR06823	0.0008993234608599079
MAR06824	0.052651361529201156
MAR06826	4.483770845349155e-05
MAR06827	4.483770845349155e-05
MAR06828	0.00016602190576359935
MAR06829	0.002120799180958196
MAR06830	0.00016602190576359935
MAR06831	0.00015925760376443886
MAR06834	4.483770845349155e-05
MAR06835	4.483770845349155e-05
MAR06836	0.00016602190576359935
MAR06837	0.00016602190576359935
MAR06838	2.8841287887561833e-05
MAR06839	0.00015925760376443886
MAR06840	4.483770845349155e-05
MAR06841	4.483770845349155e-05
MAR06842	0.00016602190576359935
MAR06843	0.00016602190576359935
MAR06844	2.8841287887561833e-05
MAR06845	0.00015925760376443886
MAR06848	4.483770845349155e-05
MAR06849	4.483770845349155e-05
MAR06850	2.8841287887561833e-05
MAR06851	0.00015925760376443886
MAR06854	4.483770845349155e-05
MAR06855	4.483770845349155e-05
MAR06874	2.8841287887561833e-05
MAR06875	7.456973094148011e-05
MAR06876	7.456973094148011e-05
MAR06877	7.456973094148011e-05
MAR06878	7.456973094148011e-05
MAR06879	7.456973094148011e-05
MAR06880	7.456973094148011e-05
MAR06881	7.456973094148011e-05
MAR06882	7.456973094148011e-05
MAR06883	0.052651361529201156
MAR06885	0.0008993234608599079
MAR06886	0.052651361529201156
MAR06888	2.909803651294609e-05
MAR06889	2.8841287887561833e-05
MAR07628	0.012613840959470973
MAR07756	6.32271339139871e-05
MAR08539	2.8841287887561833e-05
MAR08794	7.456973094148011e-05
MAR08795	7.456973094148011e-05
MAR08796	3.0145383194029066e-05
MAR03875	0.005457331697651296
MAR03877	0.01312632493077402
MAR03879	9.769298617763725e-05
MAR03881	0.0008068596608139237
MAR03912	0.00735862956566862
MAR03917	0.0004593839837408153
MAR03919	5.229753675259049e-05
MAR03920	0.0007114536508490793
MAR03922	0.0001336529477250118
MAR03928	0.0013456536045857402
MAR03995	0.002859982470966623
MAR03996	7.456973094148011e-05
MAR04072	0.0026208432307872477
MAR04189	0.00047329893582003673
MAR04302	0.0008068596608139237
MAR04323	9.769298617763725e-05
MAR05381	5.306890242565636e-05
MAR05385	0.0010347653824495818
MAR05386	0.0005471042674448312
MAR05387	0.002512482710905441
MAR05388	0.001985832468619326
MAR05389	0.001985832468619326
MAR05390	2.8841287887561833e-05
MAR05391	2.9274103512043176e-05
MAR05418	0.0001336529477250118
MAR05419	0.0001336529477250118
MAR06515	0.0013456536045857402
MAR06518	0.0013456536045857402
MAR06519	0.0003702349534467202
MAR06520	0.0013456536045857402
MAR06523	3.917115282922467e-05
MAR08062	5.306890242565636e-05
MAR08066	0.00735862956566862
MAR08067	0.00735862956566862
MAR08068	0.0034457282088400376
MAR08069	0.007211151859860921
MAR08641	0.0026208432307872477
MAR08682	7.456973094148011e-05
MAR08683	0.0008068596608139237
MAR08684	0.00735862956566862
MAR08685	7.456973094148011e-05
MAR03868	0.0031753619453288254
MAR03869	0.0031753619453288254
MAR03889	0.0003649727139133137
MAR03933	0.0030252016928409677
MAR03937	0.003137971154738683
MAR04116	0.04341998420885721
MAR04120	0.04341998420885721
MAR04121	0.04341998420885721
MAR04175	0.0001951887641721657
MAR04176	0.0001951887641721657
MAR04324	0.0016889444615993735
MAR04326	0.0018963437889169509
MAR04328	0.0013848621581787738
MAR04329	0.0013848621581787738
MAR04708	0.005308871083635656
MAR08769	0.0001951887641721657
MAR08770	0.005308871083635656
MAR08771	0.004245836987986195
MAR04078	0.001334404533910749
MAR04079	0.0032024582666120606
MAR04174	0.0002607892958076069
MAR04330	0.00015064806859191524
MAR04347	2.915400658660894e-05
MAR04425	4.4930847062818486e-05
MAR04427	0.0014858099414347728
MAR04688	0.0032024582666120606
MAR04689	0.002290186139115091
MAR04735	0.009947721923987943
MAR07991	7.456973094148011e-05
MAR07992	0.000373950861764097
MAR07993	0.0032024582666120606
MAR07128	0.0018001363162793618
MAR07129	0.0018001363162793618
MAR07130	7.456973094148011e-05
MAR07131	0.002859982470966623
MAR07132	0.0030728858325715347
MAR07133	5.68739449512074e-05
MAR07134	0.0008068596608139237
MAR07135	9.769298617763725e-05
MAR07136	0.01312632493077402
MAR07137	0.0008068596608139237
MAR07138	6.120507331442176e-05
MAR07139	0.005457331697651296
MAR07140	7.456973094148011e-05
MAR07141	5.68739449512074e-05
MAR07620	0.0032415158486678733
MAR07647	2.8841287887561833e-05
MAR08640	0.0026208432307872477
MAR08689	2.8841287887561833e-05
MAR08690	2.8841287887561833e-05
MAR03753	0.009947721923987943
MAR03755	0.000473412411197843
MAR03759	0.0032024582666120606
MAR03763	0.00015304641861345588
MAR03773	0.0014590755673403039
MAR03775	0.0006785312226904101
MAR03785	0.009947721923987943
MAR03790	8.576115130268839e-05
MAR03792	0.00015064806859191524
MAR03796	0.0009559409197925247
MAR03823	0.008998160734830764
MAR06416	0.0004905898350021977
MAR03986	2.9116100056735043e-05
MAR03988	0.0028337491612728
MAR04124	0.00043188001532199464
MAR04158	0.0018349468530830019
MAR04159	0.002725224065984344
MAR04299	0.0033947283789066947
MAR04300	0.0007504486955364682
MAR04494	0.003610097640119944
MAR04524	0.000584104641839063
MAR04525	0.0003460997726002524
MAR04526	0.0003460997726002524
MAR04527	4.066233829733909e-05
MAR04528	0.0003460997726002524
MAR04529	0.00144776144866047
MAR04530	0.0004996417157513741
MAR04531	7.456973094148011e-05
MAR04532	0.0027700475477595416
MAR04533	7.456973094148011e-05
MAR04534	7.456973094148011e-05
MAR04536	0.0027700475477595416
MAR04628	0.0012860052216531947
MAR04629	0.00047577359656420415
MAR04631	0.0004736001552026252
MAR07696	7.456973094148011e-05
MAR07697	0.0005662769074340988
MAR07698	0.002725224065984344
MAR08366	7.456973094148011e-05
MAR08367	7.456973094148011e-05
MAR08368	7.456973094148011e-05
MAR08371	0.00144776144866047
MAR08372	7.456973094148011e-05
MAR08373	0.00022132328020833716
MAR08375	6.64739986636684e-05
MAR08376	2.8841287887561833e-05
MAR08377	0.0027700475477595416
MAR08672	0.00043188001532199464
MAR08674	7.456973094148011e-05
MAR08675	7.456973094148011e-05
MAR05130	0.0027217867384886295
MAR05131	0.013104963511162023
MAR05132	0.003354080559950084
MAR05133	0.009133826475033864
MAR05134	0.0035376150570681567
MAR05135	0.001379884696748368
MAR05136	0.0029271706601264346
MAR05137	0.005290568992799477
MAR05138	0.008599805111544847
MAR05139	0.0010153662144927107
MAR05140	0.0065451434165299345
MAR05141	0.0020556251594188624
MAR05142	0.008707766738331154
MAR05143	0.0032415158486678733
MAR05144	0.0007745222921353835
MAR05145	0.004769551759904758
MAR05146	0.005290568992799477
MAR05147	0.0070908704824400445
MAR05148	0.004989329577302903
MAR05149	0.004444215713291111
MAR05150	0.0015390212756615671
MAR07171	0.0010521377744640446
MAR07172	0.00018437290666803847
MAR07174	2.8841287887561833e-05
MAR07175	3.1088606095024685e-05
MAR07180	0.00019183787394800065
MAR07181	0.0026909105331164363
MAR07183	0.00018437290666803847
MAR07197	7.456973094148011e-05
MAR07436	0.003069540575664982
MAR07438	0.0015658014967547338
MAR07440	0.00019183787394800065
MAR08254	3.0162707450113417e-05
MAR08255	3.0162707450113417e-05
MAR08256	7.456973094148011e-05
MAR08257	0.00019183787394800065
MAR08258	7.456973094148011e-05
MAR08260	7.456973094148011e-05
MAR08261	7.456973094148011e-05
MAR01532	0.002331154526731895
MAR07254	0.0006230963224421745
MAR07256	0.0015405836225974008
MAR07258	7.456973094148011e-05
MAR07259	7.456973094148011e-05
MAR07260	7.456973094148011e-05
MAR07261	0.0002274245366702977
MAR07263	0.003251911916816092
MAR07264	0.0011843827016997821
MAR07265	0.0002791999366521533
MAR07266	0.0006600918664833987
MAR07267	0.002086541583978732
MAR07268	0.002086541583978732
MAR07269	0.00010945850127582709
MAR07270	0.00010945850127582709
MAR07271	0.00855674769917742
MAR07274	0.0020408088954805433
MAR07275	0.00855674769917742
MAR07276	0.0020408088954805433
MAR07277	0.00017599284327246193
MAR07278	0.0013800337919790122
MAR07279	0.0002979032235219452
MAR07280	0.0016444274763698277
MAR07281	0.0016444274763698277
MAR07285	0.013172501870425377
MAR07286	0.0017006499895834558
MAR07287	0.010424230560151576
MAR07288	7.456973094148011e-05
MAR07289	0.001612338784096165
MAR07290	7.456973094148011e-05
MAR07291	0.001612338784096165
MAR07292	7.456973094148011e-05
MAR07293	0.001612338784096165
MAR07294	7.456973094148011e-05
MAR07295	7.456973094148011e-05
MAR07296	7.456973094148011e-05
MAR07297	7.456973094148011e-05
MAR07298	7.456973094148011e-05
MAR07299	7.456973094148011e-05
MAR07300	7.456973094148011e-05
MAR07301	7.456973094148011e-05
MAR07302	7.456973094148011e-05
MAR07303	7.456973094148011e-05
MAR07304	7.456973094148011e-05
MAR07305	7.456973094148011e-05
MAR07306	7.456973094148011e-05
MAR07308	0.001612338784096165
MAR07309	0.001612338784096165
MAR07310	0.001612338784096165
MAR07311	0.001612338784096165
MAR07312	0.001612338784096165
MAR07313	0.001612338784096165
MAR07314	0.001612338784096165
MAR07315	0.001612338784096165
MAR07316	0.001612338784096165
MAR07317	0.001612338784096165
MAR07318	0.001612338784096165
MAR07319	0.001612338784096165
MAR07320	0.001612338784096165
MAR07321	0.001612338784096165
MAR07322	0.001612338784096165
MAR07323	0.0011243927600497843
MAR07324	0.0005974439710000034
MAR07325	0.00012211378608350057
MAR07326	3.7782308890170114e-05
MAR07327	0.0045076629093152845
MAR07328	0.00042497847766542464
MAR07329	2.8925581173028165e-05
MAR07332	0.0005294268722429234
MAR07333	0.0026909105331164363
MAR07334	0.00018518325232382102
MAR07428	0.0009829786453185566
MAR07429	0.00022747625343745448
MAR07574	0.000483963343267787
MAR07575	0.00040090175247219664
MAR07576	0.005060066926191334
MAR07577	0.005060066926191334
MAR07578	0.0028337491612728
MAR07580	0.0005592456588966763
MAR07582	0.0005592456588966763
MAR07585	0.000483963343267787
MAR07586	0.00040090175247219664
MAR07587	0.0028337491612728
MAR08691	0.0015405836225974008
MAR08692	7.456973094148011e-05
MAR08693	0.0045076629093152845
MAR08694	0.00042497847766542464
MAR08695	7.456973094148011e-05
MAR05151	2.8841287887561833e-05
MAR05152	2.8841287887561833e-05
MAR05153	2.927464119934643e-05
MAR05154	2.8841287887561833e-05
MAR05155	7.456973094148011e-05
MAR05156	7.456973094148011e-05
MAR05157	3.436912384633186e-05
MAR05158	2.8841287887561833e-05
MAR05159	2.8841287887561833e-05
MAR05160	2.8841287887561833e-05
MAR05161	7.456973094148011e-05
MAR05162	2.8841287887561833e-05
MAR05163	3.043381841331141e-05
MAR05164	0.011058717524193667
MAR05165	0.0001102915381562522
MAR05166	0.0020793720062634094
MAR05167	7.456973094148011e-05
MAR05168	7.456973094148011e-05
MAR05169	7.456973094148011e-05
MAR05170	7.456973094148011e-05
MAR05171	7.456973094148011e-05
MAR05172	7.456973094148011e-05
MAR05174	7.456973094148011e-05
MAR07282	7.456973094148011e-05
MAR07616	7.456973094148011e-05
MAR07619	0.0004921789860326036
MAR09735	7.456973094148011e-05
MAR07621	7.456973094148011e-05
MAR07622	0.0001748210677149558
MAR07624	3.54972115066341e-05
MAR07626	3.54972115066341e-05
MAR05258	2.8841287887561833e-05
MAR05259	0.015035447514614596
MAR05260	7.456973094148011e-05
MAR05261	0.015035447514614596
MAR05262	7.456973094148011e-05
MAR05263	0.015035447514614596
MAR05264	7.456973094148011e-05
MAR05265	0.015035447514614596
MAR05266	7.456973094148011e-05
MAR05267	7.456973094148011e-05
MAR05268	7.456973094148011e-05
MAR05269	7.456973094148011e-05
MAR05270	7.456973094148011e-05
MAR05271	7.456973094148011e-05
MAR05272	0.015035447514614596
MAR05273	7.456973094148011e-05
MAR05274	0.015035447514614596
MAR05275	7.456973094148011e-05
MAR05276	0.015035447514614596
MAR05277	7.456973094148011e-05
MAR05278	0.015035447514614596
MAR05279	7.456973094148011e-05
MAR05280	0.015035447514614596
MAR05281	7.456973094148011e-05
MAR05282	0.015035447514614596
MAR05283	7.456973094148011e-05
MAR05284	0.015035447514614596
MAR05285	0.015035447514614596
MAR05286	0.015035447514614596
MAR05287	0.015035447514614596
MAR05288	0.004693905754638758
MAR05290	0.015035447514614596
MAR05291	7.456973094148011e-05
MAR09817	7.456973094148011e-05
MAR09818	7.456973094148011e-05
MAR05407	0.015956857496100273
MAR03851	7.456973094148011e-05
MAR03861	0.0032755948938447597
MAR03866	7.456973094148011e-05
MAR03915	2.8841287887561833e-05
MAR04084	0.0015668139650141897
MAR04187	0.0015668139650141897
MAR04188	7.456973094148011e-05
MAR04701	3.116545066142731e-05
MAR04840	7.456973094148011e-05
MAR04842	0.010443919289222548
MAR08662	0.002603185796685976
MAR08663	0.002603185796685976
MAR08664	0.0006785312226904101
MAR08665	7.456973094148011e-05
MAR08666	6.583680306537377e-05
MAR08667	0.002603185796685976
MAR08668	0.002603185796685976
MAR08669	7.456973094148011e-05
MAR00710	0.003944770803593795
MAR03787	0.0009660832122837707
MAR03957	0.00727522438374266
MAR03958	0.0014015248437904211
MAR04139	0.0034457282088400376
MAR04141	0.007211151859860921
MAR04145	0.0036897792042409174
MAR04147	0.002603185796685976
MAR04149	0.0067340287959354855
MAR04152	0.002603185796685976
MAR04209	0.005976041523592712
MAR04408	0.010042052540867787
MAR04410	0.010042052540867787
MAR04454	0.00024031226585376016
MAR04458	0.002781290795121015
MAR04465	0.0007948249315702442
MAR04589	0.002781290795121015
MAR04652	0.005565608551703476
MAR06413	0.005976041523592712
MAR06414	0.003897569512531185
MAR07704	2.8841287887561833e-05
MAR07706	2.8841287887561833e-05
MAR08772	0.00043920115259726703
MAR08773	0.0008242393249299766
MAR08774	7.456973094148011e-05
MAR08775	0.010443919289222548
MAR08777	7.456973094148011e-05
MAR08778	0.0032024582666120606
MAR08779	0.0007948249315702442
MAR08780	0.0003702349534467202
MAR08781	7.456973094148011e-05
MAR08782	0.0007948249315702442
MAR03975	0.00582803469415637
MAR03977	0.00582803469415637
MAR03979	0.00582803469415637
MAR06911	0.005830634456431206
MAR06912	0.00582803469415637
MAR06914	1.0
MAR06916	0.39923297830410426
MAR06918	0.21626563884617553
MAR06921	0.3849004627887128
MAR03960	0.0038542479703766934
MAR03980	0.0033744146457214256
MAR03982	0.0033744146457214256
MAR04767	7.456973094148011e-05
MAR06608	7.456973094148011e-05
MAR08409	2.8841287887561833e-05
MAR08410	0.0005855787270843898
MAR08413	0.0038542479703766934
MAR08415	0.0038542479703766934
MAR00156	3.6371271056739e-05
MAR00165	3.6371271056739e-05
MAR00168	3.6371271056739e-05
MAR00171	3.6371271056739e-05
MAR00174	3.6371271056739e-05
MAR00177	3.6371271056739e-05
MAR00180	3.6371271056739e-05
MAR00184	3.6371271056739e-05
MAR00188	0.0023206935203411052
MAR00192	0.0023206935203411052
MAR00196	0.0023206935203411052
MAR00200	0.0023206935203411052
MAR00204	0.0023206935203411052
MAR00209	0.0023206935203411052
MAR00213	0.0023206935203411052
MAR00217	0.0023206935203411052
MAR00226	0.0023206935203411052
MAR00233	0.0023206935203411052
MAR00237	0.0023206935203411052
MAR00241	0.0023206935203411052
MAR00245	0.0023206935203411052
MAR00249	0.0023206935203411052
MAR00255	0.0023206935203411052
MAR00259	0.0023206935203411052
MAR00263	0.0023206935203411052
MAR00267	0.0023206935203411052
MAR00271	0.0023206935203411052
MAR00275	0.0023206935203411052
MAR00279	0.0023206935203411052
MAR00283	0.0023206935203411052
MAR00289	0.0023206935203411052
MAR00293	0.0023206935203411052
MAR00297	0.0023206935203411052
MAR00301	0.0023206935203411052
MAR00305	0.0023206935203411052
MAR00309	0.0023206935203411052
MAR00313	0.0023206935203411052
MAR00319	0.0023206935203411052
MAR00323	0.0023206935203411052
MAR00327	0.0023206935203411052
MAR00331	0.0023206935203411052
MAR00337	0.0023206935203411052
MAR00341	0.0023206935203411052
MAR00345	0.0023206935203411052
MAR00349	0.0023206935203411052
MAR00353	0.0023206935203411052
MAR00357	0.0023206935203411052
MAR00361	0.0023206935203411052
MAR00365	0.0023206935203411052
MAR00369	0.0023206935203411052
MAR00373	0.0023206935203411052
MAR00377	0.0023206935203411052
MAR00381	0.0023206935203411052
MAR00385	0.0023206935203411052
MAR00389	0.0023206935203411052
MAR00393	0.0023206935203411052
MAR00397	0.0023206935203411052
MAR00401	0.0023206935203411052
MAR00405	0.0023206935203411052
MAR00409	0.0023206935203411052
MAR00413	0.0023206935203411052
MAR00417	0.0023206935203411052
MAR00421	0.0023206935203411052
MAR00425	0.0023206935203411052
MAR00429	0.0023206935203411052
MAR00433	0.0023206935203411052
MAR00437	0.0023206935203411052
MAR02942	0.0023206935203411052
MAR02943	0.0023206935203411052
MAR02944	0.0023206935203411052
MAR02945	0.0023206935203411052
MAR02946	0.0023206935203411052
MAR02947	0.0023206935203411052
MAR02948	0.0023206935203411052
MAR02949	0.0023206935203411052
MAR02951	0.0023206935203411052
MAR02952	0.0023206935203411052
MAR02954	0.0023206935203411052
MAR02955	0.0023206935203411052
MAR02956	0.0023206935203411052
MAR02957	0.0023206935203411052
MAR02959	0.0023206935203411052
MAR02961	0.0023206935203411052
MAR02962	0.0023206935203411052
MAR02963	0.0023206935203411052
MAR02964	0.0023206935203411052
MAR02965	0.0023206935203411052
MAR02966	0.0023206935203411052
MAR02967	0.0023206935203411052
MAR02968	0.0023206935203411052
MAR02969	0.0023206935203411052
MAR02970	0.0023206935203411052
MAR02971	0.0023206935203411052
MAR02972	0.0023206935203411052
MAR02973	0.0023206935203411052
MAR02974	0.0023206935203411052
MAR02975	0.0023206935203411052
MAR02976	0.0023206935203411052
MAR02977	0.0023206935203411052
MAR02978	0.0023206935203411052
MAR02979	0.0023206935203411052
MAR02980	0.0023206935203411052
MAR02981	0.0023206935203411052
MAR02982	0.0023206935203411052
MAR02983	0.0023206935203411052
MAR02984	0.0023206935203411052
MAR02985	0.0023206935203411052
MAR02986	0.0023206935203411052
MAR02987	0.0023206935203411052
MAR02988	0.0023206935203411052
MAR02989	0.0023206935203411052
MAR02990	0.0023206935203411052
MAR02991	0.0023206935203411052
MAR02992	0.0023206935203411052
MAR02994	0.0023206935203411052
MAR02996	0.0023206935203411052
MAR02998	0.0023206935203411052
MAR02999	0.0023206935203411052
MAR03000	0.0023206935203411052
MAR03001	0.0023206935203411052
MAR03002	0.0023206935203411052
MAR03003	0.0023206935203411052
MAR02152	0.0037823650067888527
MAR02153	0.0037823650067888527
MAR02154	0.0037823650067888527
MAR02155	0.0037823650067888527
MAR02156	0.0037823650067888527
MAR02157	0.0037823650067888527
MAR02158	0.0037823650067888527
MAR02159	0.0037823650067888527
MAR02160	0.0037823650067888527
MAR02161	0.0037823650067888527
MAR02162	0.0037823650067888527
MAR02163	0.0037823650067888527
MAR02164	0.0037823650067888527
MAR02165	0.0037823650067888527
MAR02166	0.0037823650067888527
MAR02167	0.0037823650067888527
MAR02168	0.0037823650067888527
MAR02169	0.0037823650067888527
MAR02170	0.0037823650067888527
MAR02171	0.0037823650067888527
MAR02173	0.0037823650067888527
MAR02174	0.0037823650067888527
MAR02175	0.0037823650067888527
MAR02176	0.0037823650067888527
MAR02178	0.0037823650067888527
MAR02179	0.0037823650067888527
MAR02180	0.0037823650067888527
MAR02181	0.0037823650067888527
MAR04295	0.00012515305733788398
MAR02227	0.0037823650067888527
MAR02228	0.0037823650067888527
MAR02229	0.0037823650067888527
MAR02230	0.0037823650067888527
MAR02231	0.0037823650067888527
MAR02232	0.0037823650067888527
MAR02233	0.0037823650067888527
MAR02234	0.0037823650067888527
MAR02235	0.0037823650067888527
MAR02236	0.0037823650067888527
MAR02237	0.0037823650067888527
MAR02238	0.0037823650067888527
MAR02239	0.0037823650067888527
MAR02240	0.0037823650067888527
MAR02241	0.0037823650067888527
MAR02242	0.0037823650067888527
MAR02243	0.0037823650067888527
MAR02244	0.0037823650067888527
MAR02245	0.0037823650067888527
MAR02246	0.0037823650067888527
MAR02247	0.0037823650067888527
MAR02249	0.0037823650067888527
MAR02250	0.0037823650067888527
MAR02251	0.0037823650067888527
MAR02252	0.0037823650067888527
MAR02254	0.0037823650067888527
MAR02255	0.0037823650067888527
MAR02256	0.0037823650067888527
MAR02257	0.0037823650067888527
MAR02305	0.004952921735942963
MAR02307	0.0009056133150701648
MAR02309	0.005852844278902521
MAR02311	0.0020343710917434077
MAR02315	0.004952921735942963
MAR02317	0.0009056133150701648
MAR02319	0.005852844278902521
MAR02321	0.0020343710917434077
MAR02324	0.004952921735942963
MAR02326	0.0009056133150701648
MAR02328	0.005852844278902521
MAR02330	0.0020343710917434077
MAR02332	0.004952921735942963
MAR02334	0.0009056133150701648
MAR02336	0.005852844278902521
MAR02338	0.0020343710917434077
MAR02342	0.004952921735942963
MAR02343	0.0009056133150701648
MAR02344	0.005852844278902521
MAR02345	0.0020343710917434077
MAR02347	0.004952921735942963
MAR02348	0.0009056133150701648
MAR02349	0.005852844278902521
MAR02350	0.0020343710917434077
MAR02353	0.004952921735942963
MAR02354	0.0009056133150701648
MAR02355	0.005852844278902521
MAR02356	0.0020343710917434077
MAR02361	0.004952921735942963
MAR02362	0.0009056133150701648
MAR02363	0.005852844278902521
MAR02364	0.0020343710917434077
MAR02190	0.004952921735942963
MAR02191	0.0009056133150701648
MAR02193	0.005852844278902521
MAR02194	0.0020343710917434077
MAR02201	0.004952921735942963
MAR02202	0.0009056133150701648
MAR02203	0.005852844278902521
MAR02204	0.0020343710917434077
MAR02205	0.004952921735942963
MAR02208	0.0009056133150701648
MAR02209	0.005852844278902521
MAR02210	0.0020343710917434077
MAR02211	0.004952921735942963
MAR02212	0.0009056133150701648
MAR02213	0.005852844278902521
MAR02214	0.0020343710917434077
MAR02215	0.004952921735942963
MAR02217	0.0009056133150701648
MAR02218	0.005852844278902521
MAR02219	0.0020343710917434077
MAR02259	0.004952921735942963
MAR02260	0.0009056133150701648
MAR02261	0.005852844278902521
MAR02262	0.0020343710917434077
MAR02263	0.004952921735942963
MAR02264	0.0009056133150701648
MAR02265	0.005852844278902521
MAR02266	0.0020343710917434077
MAR02267	0.004952921735942963
MAR02268	0.0009056133150701648
MAR02269	0.005852844278902521
MAR02270	0.0020343710917434077
MAR02281	0.021822025345502646
MAR02282	0.021822025345502646
MAR02284	0.021822025345502646
MAR02286	0.021822025345502646
MAR02287	0.021822025345502646
MAR02292	0.021822025345502646
MAR02293	0.021822025345502646
MAR02294	0.021822025345502646
MAR02295	0.021822025345502646
MAR02296	0.021822025345502646
MAR02359	0.0013351865309652734
MAR02365	0.0013351865309652734
MAR02288	0.021822025345502646
MAR02289	0.021822025345502646
MAR00709	0.004774237757046755
MAR02150	0.0037823650067888527
MAR02151	0.0037823650067888527
MAR02172	0.0037823650067888527
MAR02177	0.0037823650067888527
MAR02182	0.0037823650067888527
MAR02248	0.0037823650067888527
MAR02253	0.0037823650067888527
MAR02258	0.0037823650067888527
MAR02437	7.456973094148011e-05
MAR02438	0.00029627194114900185
MAR02439	7.456973094148011e-05
MAR02440	3.3335849390661036e-05
MAR02441	0.019049887827642182
MAR02442	7.456973094148011e-05
MAR02443	7.456973094148011e-05
MAR02444	7.456973094148011e-05
MAR02445	7.456973094148011e-05
MAR02446	7.456973094148011e-05
MAR02447	7.456973094148011e-05
MAR02448	7.456973094148011e-05
MAR02449	7.456973094148011e-05
MAR02450	7.456973094148011e-05
MAR02451	7.456973094148011e-05
MAR02452	7.456973094148011e-05
MAR02453	7.456973094148011e-05
MAR02454	7.456973094148011e-05
MAR02455	0.002879028817266516
MAR02456	0.002879028817266516
MAR02457	0.002879028817266516
MAR02458	0.002879028817266516
MAR02459	0.0010866109839042849
MAR02460	0.0010866109839042849
MAR02461	0.00016602190576359935
MAR02462	0.00016602190576359935
MAR02463	0.00016602190576359935
MAR02464	0.00016602190576359935
MAR02465	0.0010866109839042849
MAR02466	0.0010866109839042849
MAR02467	0.00016602190576359935
MAR02468	0.00016602190576359935
MAR02469	0.00016602190576359935
MAR02470	0.00016602190576359935
MAR06397	0.0023168459484092362
MAR06402	0.0002553303975403232
MAR06403	0.00011552649795857614
MAR06404	0.0023168459484092362
MAR02472	0.0013351865309652734
MAR02475	0.004952921735942963
MAR02478	0.0009056133150701648
MAR02480	0.005852844278902521
MAR02482	0.0020343710917434077
MAR02484	0.0013351865309652734
MAR02486	0.004952921735942963
MAR02489	0.0009056133150701648
MAR02491	0.005852844278902521
MAR02493	0.0020343710917434077
MAR02495	7.456973094148011e-05
MAR02497	0.004952921735942963
MAR02499	0.0009056133150701648
MAR02501	0.005852844278902521
MAR02503	0.0020343710917434077
MAR02505	0.0013351865309652734
MAR02510	0.0004555669424989481
MAR02511	0.0061040911240064985
MAR02512	0.0010805105705422244
MAR02513	0.0010751615832615632
MAR02514	7.456973094148011e-05
MAR02515	0.004952921735942963
MAR02516	0.0009056133150701648
MAR02518	0.005852844278902521
MAR02520	0.0020343710917434077
MAR02522	0.004952921735942963
MAR02524	0.0009056133150701648
MAR02526	0.005852844278902521
MAR02528	0.0020343710917434077
MAR02530	0.004952921735942963
MAR02533	0.0009056133150701648
MAR02535	0.005852844278902521
MAR02537	0.0020343710917434077
MAR02540	0.004952921735942963
MAR02541	0.0009056133150701648
MAR02542	0.005852844278902521
MAR02543	0.0020343710917434077
MAR02544	3.2172946689975885e-05
MAR02545	7.456973094148011e-05
MAR02546	0.0021627186863768457
MAR02548	0.0021627186863768457
MAR02549	7.456973094148011e-05
MAR02550	7.456973094148011e-05
MAR02551	0.001485836608123242
MAR02552	0.00020156726649525728
MAR02553	0.00046956407529099745
MAR02555	0.00046956407529099745
MAR02556	0.0001951887641721657
MAR02557	0.00029627194114900185
MAR02558	7.456973094148011e-05
MAR02559	7.456973094148011e-05
MAR02560	7.456973094148011e-05
MAR02561	3.2172946689975885e-05
MAR02562	0.0010866109839042849
MAR02563	0.0010866109839042849
MAR02565	3.2172946689975885e-05
MAR02566	0.00029627194114900185
MAR02567	7.456973094148011e-05
MAR02568	3.2172946689975885e-05
MAR02570	0.00029627194114900185
MAR02571	7.456973094148011e-05
MAR02572	3.2172946689975885e-05
MAR02573	0.0010866109839042849
MAR02574	0.0010866109839042849
MAR02576	0.00029627194114900185
MAR02577	7.456973094148011e-05
MAR02578	3.2172946689975885e-05
MAR02579	0.0010866109839042849
MAR02580	0.0010866109839042849
MAR02581	0.0019517055999837124
MAR02582	0.0019517055999837124
MAR02583	0.011256183989019192
MAR02584	0.011256183989019192
MAR02586	3.2172946689975885e-05
MAR02587	7.456973094148011e-05
MAR02368	0.0013351865309652734
MAR02371	0.004952921735942963
MAR02374	7.456973094148011e-05
MAR02376	7.456973094148011e-05
MAR02378	0.0020343710917434077
MAR02380	0.0013351865309652734
MAR02383	0.004952921735942963
MAR02387	0.0009056133150701648
MAR02389	0.005852844278902521
MAR02391	7.456973094148011e-05
MAR02393	7.456973094148011e-05
MAR02395	0.004952921735942963
MAR02397	0.0009056133150701648
MAR02399	0.005852844278902521
MAR02401	0.0020343710917434077
MAR02403	7.456973094148011e-05
MAR02408	0.0004555669424989481
MAR02409	0.0061040911240064985
MAR02410	0.0010805105705422244
MAR02411	0.0010751615832615632
MAR02412	7.456973094148011e-05
MAR02415	0.004952921735942963
MAR02417	0.0009056133150701648
MAR02419	0.005852844278902521
MAR02421	0.0020343710917434077
MAR02423	0.004952921735942963
MAR02426	0.0009056133150701648
MAR02428	0.005852844278902521
MAR02430	0.0020343710917434077
MAR02433	0.004952921735942963
MAR02434	0.0009056133150701648
MAR02435	0.005852844278902521
MAR02436	0.0020343710917434077
MAR03444	0.0063255333240134545
MAR03445	0.002901782338835272
MAR03446	0.001310307247546175
MAR03447	0.002901782338835272
MAR03448	0.0063255333240134545
MAR03449	0.0061040911240064985
MAR03450	0.008998160734830764
MAR03452	0.0063255333240134545
MAR03453	0.0061040911240064985
MAR03454	0.008998160734830764
MAR03455	0.0061040911240064985
MAR03456	0.0063255333240134545
MAR03457	0.001310307247546175
MAR03458	0.002901782338835272
MAR03459	0.0004555669424989481
MAR03460	0.0061040911240064985
MAR03461	0.00022358937086864464
MAR03462	0.0061040911240064985
MAR03463	0.0061040911240064985
MAR03464	0.0010805105705422244
MAR03466	0.0004555669424989481
MAR03467	0.0061040911240064985
MAR03468	0.0010805105705422244
MAR03469	0.0010751615832615632
MAR03470	0.0004555669424989481
MAR03471	0.00022358937086864464
MAR03472	0.0061040911240064985
MAR00931	0.002879028817266516
MAR00932	0.002879028817266516
MAR00933	0.002879028817266516
MAR00934	0.002879028817266516
MAR00935	0.002879028817266516
MAR00936	0.002879028817266516
MAR00937	0.002879028817266516
MAR00938	0.002879028817266516
MAR00939	0.002879028817266516
MAR00940	0.002879028817266516
MAR00942	0.002879028817266516
MAR00943	0.002879028817266516
MAR00944	0.002879028817266516
MAR00945	0.0010866109839042849
MAR00946	0.002879028817266516
MAR00947	0.002879028817266516
MAR00948	0.002879028817266516
MAR00949	0.0010866109839042849
MAR00950	0.002879028817266516
MAR00951	0.002879028817266516
MAR00953	0.0010866109839042849
MAR00954	0.002879028817266516
MAR00955	0.002879028817266516
MAR00956	0.002879028817266516
MAR00957	0.0010866109839042849
MAR00958	3.2172946689975885e-05
MAR00959	3.2172946689975885e-05
MAR00960	0.019049887827642182
MAR00961	0.00015499127597899345
MAR00963	0.019049887827642182
MAR00964	0.00015499127597899345
MAR00967	0.00015499127597899345
MAR00969	0.00046956407529099745
MAR00971	3.2172946689975885e-05
MAR00973	0.0021627186863768457
MAR00976	0.00015499127597899345
MAR00979	7.456973094148011e-05
MAR00980	0.0021627186863768457
MAR00981	0.00046956407529099745
MAR00983	3.3335849390661036e-05
MAR00985	3.3335849390661036e-05
MAR00986	3.3335849390661036e-05
MAR00987	3.3335849390661036e-05
MAR00988	0.019049887827642182
MAR00989	7.456973094148011e-05
MAR00990	7.456973094148011e-05
MAR00991	0.002879028817266516
MAR00992	0.002879028817266516
MAR00993	0.002879028817266516
MAR00994	0.002879028817266516
MAR00995	0.00029627194114900185
MAR00996	0.00029627194114900185
MAR00997	0.00029627194114900185
MAR00998	3.2172946689975885e-05
MAR00999	3.2172946689975885e-05
MAR01000	3.2172946689975885e-05
MAR01002	0.0010866109839042849
MAR01003	0.0010866109839042849
MAR01004	0.0010866109839042849
MAR01006	0.0010866109839042849
MAR01007	0.0010866109839042849
MAR01008	0.0010866109839042849
MAR01010	0.00015499127597899345
MAR01011	0.00015499127597899345
MAR01013	3.2172946689975885e-05
MAR01014	3.2172946689975885e-05
MAR01015	3.2172946689975885e-05
MAR01016	3.2172946689975885e-05
MAR01017	3.2172946689975885e-05
MAR01018	3.2172946689975885e-05
MAR01020	0.0010866109839042849
MAR01021	0.0010866109839042849
MAR01022	0.0010866109839042849
MAR01023	0.0010866109839042849
MAR01025	0.0010866109839042849
MAR01026	0.0010866109839042849
MAR01027	0.0010866109839042849
MAR01028	0.0010866109839042849
MAR01029	0.00015499127597899345
MAR01030	0.00015499127597899345
MAR01033	0.00015499127597899345
MAR01034	0.00015499127597899345
MAR01037	0.00015499127597899345
MAR01039	0.00015499127597899345
MAR01040	7.456973094148011e-05
MAR01041	7.456973094148011e-05
MAR01042	7.456973094148011e-05
MAR01043	0.019049887827642182
MAR01045	0.019049887827642182
MAR01048	0.019049887827642182
MAR01049	0.019049887827642182
MAR01050	0.052651361529201156
MAR01053	0.052651361529201156
MAR01054	0.052651361529201156
MAR01055	0.0010866109839042849
MAR01057	0.0010866109839042849
MAR01058	0.0010866109839042849
MAR01059	0.00046956407529099745
MAR01061	0.00046956407529099745
MAR01062	0.00015499127597899345
MAR01063	0.00015499127597899345
MAR01064	0.00015499127597899345
MAR01065	0.009947721923987943
MAR01066	0.009947721923987943
MAR01067	0.009947721923987943
MAR01068	0.009947721923987943
MAR01069	0.009947721923987943
MAR01070	0.009947721923987943
MAR01071	0.00046956407529099745
MAR01072	0.00046956407529099745
MAR01073	0.00015499127597899345
MAR01074	0.0018493208467630221
MAR01075	3.2172946689975885e-05
MAR01077	3.2172946689975885e-05
MAR01079	0.000746861690515715
MAR03015	0.004774237757046755
MAR01080	0.0046052647475255054
MAR01081	0.00020156726649525728
MAR01084	0.0001951887641721657
MAR01085	2.9696324083790977e-05
MAR01087	7.456973094148011e-05
MAR01088	0.00546478201362671
MAR01091	0.00546478201362671
MAR01092	7.456973094148011e-05
MAR01093	0.00015499127597899345
MAR01096	0.00015499127597899345
MAR01097	0.001482274613193709
MAR01098	0.003715880363485768
MAR01099	0.001482274613193709
MAR01100	0.0021627186863768457
MAR01101	0.0021627186863768457
MAR01102	0.0021627186863768457
MAR01103	0.0021627186863768457
MAR01105	0.0021627186863768457
MAR01106	0.0021627186863768457
MAR01107	0.00046956407529099745
MAR01108	0.00046956407529099745
MAR01109	0.00046956407529099745
MAR01110	0.00046956407529099745
MAR01111	0.00046956407529099745
MAR01112	0.00046956407529099745
MAR01113	7.456973094148011e-05
MAR01114	7.456973094148011e-05
MAR01115	7.456973094148011e-05
MAR01116	0.0021627186863768457
MAR01117	0.0021627186863768457
MAR01119	0.052651361529201156
MAR01120	0.052651361529201156
MAR01121	0.052651361529201156
MAR01122	0.052651361529201156
MAR01123	0.0021627186863768457
MAR01124	0.0021627186863768457
MAR01125	0.0021627186863768457
MAR01126	0.00046956407529099745
MAR01127	0.00046956407529099745
MAR01128	0.00046956407529099745
MAR01129	0.0030252016928409677
MAR01130	0.0030252016928409677
MAR01131	0.0030252016928409677
MAR01132	0.0032024582666120606
MAR01133	0.0032024582666120606
MAR01134	0.0032024582666120606
MAR01136	7.456973094148011e-05
MAR01137	0.00046956407529099745
MAR01138	0.00046956407529099745
MAR01139	0.00046956407529099745
MAR01140	0.00046956407529099745
MAR01142	7.456973094148011e-05
MAR01146	0.0021627186863768457
MAR01147	0.0021627186863768457
MAR01148	0.0021627186863768457
MAR01149	0.002879028817266516
MAR01150	0.002879028817266516
MAR01151	0.002879028817266516
MAR01152	0.002879028817266516
MAR01153	0.002879028817266516
MAR01154	0.002879028817266516
MAR01155	0.002879028817266516
MAR01156	0.002879028817266516
MAR01157	0.0023206935203411052
MAR01158	0.0023206935203411052
MAR01159	0.0023206935203411052
MAR01160	0.0023206935203411052
MAR01161	0.0004555669424989481
MAR01162	0.0004555669424989481
MAR01163	0.0061040911240064985
MAR01164	0.0061040911240064985
MAR01165	0.008998160734830764
MAR01166	0.0010805105705422244
MAR01167	0.0061040911240064985
MAR01168	0.0010751615832615632
MAR01170	0.003795437725128862
MAR01171	0.003795437725128862
MAR01186	7.456973094148011e-05
MAR01190	0.0021627186863768457
MAR01191	0.0021627186863768457
MAR01192	0.0021627186863768457
MAR01193	0.002879028817266516
MAR01194	0.002879028817266516
MAR01195	0.002879028817266516
MAR01196	0.002879028817266516
MAR01197	7.456973094148011e-05
MAR01198	7.456973094148011e-05
MAR01199	7.456973094148011e-05
MAR01200	0.0023206935203411052
MAR01201	0.0023206935203411052
MAR01202	0.0023206935203411052
MAR01203	0.0023206935203411052
MAR01204	0.0004555669424989481
MAR01205	0.0004555669424989481
MAR01206	0.0061040911240064985
MAR01207	0.0061040911240064985
MAR01208	0.008998160734830764
MAR01209	0.0010805105705422244
MAR01210	0.0061040911240064985
MAR01211	0.0010751615832615632
MAR01212	0.003795437725128862
MAR01213	0.003795437725128862
MAR01228	0.0018493208467630221
MAR01229	0.0018493208467630221
MAR01230	0.0018493208467630221
MAR01231	0.0021627186863768457
MAR01232	0.0021627186863768457
MAR01233	0.0021627186863768457
MAR01234	0.00046956407529099745
MAR01235	0.00046956407529099745
MAR01236	0.00046956407529099745
MAR01237	0.00046956407529099745
MAR01238	0.00046956407529099745
MAR01239	0.00046956407529099745
MAR01241	7.456973094148011e-05
MAR01244	0.0021627186863768457
MAR01245	0.0021627186863768457
MAR01246	0.0021627186863768457
MAR01247	7.456973094148011e-05
MAR01248	0.0023206935203411052
MAR01249	0.0023206935203411052
MAR01250	0.0023206935203411052
MAR01251	0.0023206935203411052
MAR01253	0.0004555669424989481
MAR01254	0.0004555669424989481
MAR01255	0.0061040911240064985
MAR01256	0.0061040911240064985
MAR01257	0.008998160734830764
MAR01258	0.0010805105705422244
MAR01259	0.0061040911240064985
MAR01260	0.0010751615832615632
MAR01261	0.003795437725128862
MAR01262	0.003795437725128862
MAR01263	0.0023206935203411052
MAR01264	0.0023206935203411052
MAR01265	0.0023206935203411052
MAR01266	0.0023206935203411052
MAR01270	0.0004555669424989481
MAR01271	0.0004555669424989481
MAR01272	0.0061040911240064985
MAR01273	0.0061040911240064985
MAR01274	0.008998160734830764
MAR01275	0.0010805105705422244
MAR01276	0.0061040911240064985
MAR01277	0.0010751615832615632
MAR01278	0.003795437725128862
MAR01279	0.003795437725128862
MAR01280	0.0021627186863768457
MAR01281	0.0021627186863768457
MAR01282	0.0021627186863768457
MAR01285	7.456973094148011e-05
MAR01287	7.456973094148011e-05
MAR01288	0.0030252016928409677
MAR01289	0.0032024582666120606
MAR01290	0.0023206935203411052
MAR01291	0.0004555669424989481
MAR01292	0.0061040911240064985
MAR01293	0.0010805105705422244
MAR01294	0.0010751615832615632
MAR01295	0.003795437725128862
MAR01296	0.00047217048653554997
MAR01297	0.00022358937086864464
MAR01298	0.0061040911240064985
MAR01299	0.0061040911240064985
MAR01300	0.0010805105705422244
MAR01301	0.0010751615832615632
MAR01302	0.000834687931510196
MAR01303	0.0004555669424989481
MAR01304	0.003795437725128862
MAR04796	0.0001951887641721657
MAR08545	3.78329801809284e-05
MAR08546	0.0021627186863768457
MAR08547	7.456973094148011e-05
MAR08548	0.0001951887641721657
MAR08549	7.456973094148011e-05
MAR08550	0.00020156726649525728
MAR08552	7.456973094148011e-05
MAR08554	3.026032461882382e-05
MAR08555	2.9505372470643327e-05
MAR08556	0.0002903239473730947
MAR08557	0.00029627194114900185
MAR08558	0.00029627194114900185
MAR08559	2.9847587285607143e-05
MAR08560	0.011256183989019192
MAR08561	7.456973094148011e-05
MAR00154	0.003795437725128862
MAR00189	0.003795437725128862
MAR00193	0.003795437725128862
MAR00197	0.003795437725128862
MAR00201	0.003795437725128862
MAR00206	0.003795437725128862
MAR00210	0.003795437725128862
MAR00214	0.003795437725128862
MAR00223	0.003795437725128862
MAR00230	0.003795437725128862
MAR00234	0.003795437725128862
MAR00238	0.003795437725128862
MAR00242	0.003795437725128862
MAR00246	0.003795437725128862
MAR00250	0.003795437725128862
MAR00256	0.003795437725128862
MAR00260	0.003795437725128862
MAR00264	0.003795437725128862
MAR00268	0.003795437725128862
MAR00272	0.003795437725128862
MAR00276	0.003795437725128862
MAR00280	0.00018627791149623495
MAR00284	0.00018627791149623495
MAR00290	0.00018627791149623495
MAR00294	0.00018627791149623495
MAR00298	0.00018627791149623495
MAR00302	0.00018627791149623495
MAR00306	0.00018627791149623495
MAR00310	3.133074587944635e-05
MAR00314	3.133074587944635e-05
MAR00320	3.133074587944635e-05
MAR00324	3.133074587944635e-05
MAR00328	3.133074587944635e-05
MAR00332	3.133074587944635e-05
MAR00338	3.133074587944635e-05
MAR00342	3.133074587944635e-05
MAR00346	3.133074587944635e-05
MAR00350	0.003795437725128862
MAR00354	0.003795437725128862
MAR00358	0.00018627791149623495
MAR00362	0.00018627791149623495
MAR00366	3.133074587944635e-05
MAR00370	3.133074587944635e-05
MAR00374	3.133074587944635e-05
MAR00378	3.133074587944635e-05
MAR00382	0.003795437725128862
MAR00386	3.133074587944635e-05
MAR00390	3.133074587944635e-05
MAR00394	3.133074587944635e-05
MAR00398	0.003795437725128862
MAR00402	0.003795437725128862
MAR00406	0.003795437725128862
MAR00410	0.003795437725128862
MAR00414	3.133074587944635e-05
MAR00418	3.133074587944635e-05
MAR00422	3.133074587944635e-05
MAR00426	3.133074587944635e-05
MAR00430	0.00018627791149623495
MAR00434	3.133074587944635e-05
MAR00438	3.133074587944635e-05
MAR03009	0.000834687931510196
MAR03475	0.000834687931510196
MAR03476	7.456973094148011e-05
MAR03477	7.456973094148011e-05
MAR00159	0.003321820610445286
MAR02591	0.003321820610445286
MAR02594	0.003321820610445286
MAR02599	0.003321820610445286
MAR02602	0.003321820610445286
MAR02605	0.003321820610445286
MAR02608	0.003321820610445286
MAR02611	0.003321820610445286
MAR02614	0.003321820610445286
MAR02620	0.003321820610445286
MAR02623	0.003321820610445286
MAR02626	0.003321820610445286
MAR02633	0.003321820610445286
MAR02636	0.003321820610445286
MAR02642	0.003321820610445286
MAR02648	0.003321820610445286
MAR02651	0.003321820610445286
MAR02654	0.003321820610445286
MAR02657	0.003321820610445286
MAR02660	0.003321820610445286
MAR02663	0.003321820610445286
MAR02666	0.003321820610445286
MAR02669	0.003321820610445286
MAR02672	0.003321820610445286
MAR02675	0.003321820610445286
MAR02678	0.003321820610445286
MAR02681	0.003321820610445286
MAR02684	0.003321820610445286
MAR02687	0.003321820610445286
MAR02690	0.003321820610445286
MAR02693	0.003321820610445286
MAR02699	0.003321820610445286
MAR02702	0.003321820610445286
MAR02705	0.003321820610445286
MAR02708	0.003321820610445286
MAR02711	0.003321820610445286
MAR02714	0.003321820610445286
MAR02717	0.003321820610445286
MAR02720	0.003321820610445286
MAR02726	0.003321820610445286
MAR02730	0.003321820610445286
MAR02733	0.003321820610445286
MAR02736	0.003321820610445286
MAR02739	0.003321820610445286
MAR02742	0.003321820610445286
MAR02746	0.003321820610445286
MAR02752	0.003321820610445286
MAR02755	0.003321820610445286
MAR02759	0.003321820610445286
MAR02762	0.003321820610445286
MAR02768	0.003321820610445286
MAR02771	0.003321820610445286
MAR02774	0.003321820610445286
MAR02877	0.003321820610445286
MAR03032	0.003321820610445286
MAR03521	7.456973094148011e-05
MAR08419	7.456973094148011e-05
MAR00160	0.00032145971342833227
MAR00161	0.00025425143984239454
MAR00162	0.00032145971342833227
MAR00163	0.0008356045012120254
MAR02592	0.00032145971342833227
MAR02593	0.00025425143984239454
MAR02596	0.00032145971342833227
MAR02598	0.00025425143984239454
MAR02600	0.00032145971342833227
MAR02601	0.00025425143984239454
MAR02603	0.00032145971342833227
MAR02604	0.00025425143984239454
MAR02606	0.00032145971342833227
MAR02607	0.00025425143984239454
MAR02609	0.00032145971342833227
MAR02610	0.00025425143984239454
MAR02612	0.00032145971342833227
MAR02613	0.00025425143984239454
MAR02616	0.00032145971342833227
MAR02618	0.00025425143984239454
MAR02621	0.00032145971342833227
MAR02622	0.00025425143984239454
MAR02624	0.00032145971342833227
MAR02625	0.00025425143984239454
MAR02629	0.00032145971342833227
MAR02630	0.00025425143984239454
MAR02634	0.00032145971342833227
MAR02635	0.00025425143984239454
MAR02638	0.00032145971342833227
MAR02640	0.00025425143984239454
MAR02644	0.00032145971342833227
MAR02646	0.00025425143984239454
MAR02649	0.00032145971342833227
MAR02650	0.00025425143984239454
MAR02652	0.00032145971342833227
MAR02653	0.00025425143984239454
MAR02655	0.00032145971342833227
MAR02656	0.00025425143984239454
MAR02658	0.00032145971342833227
MAR02659	0.00025425143984239454
MAR02661	0.00032145971342833227
MAR02662	0.00025425143984239454
MAR02664	0.00032145971342833227
MAR02665	0.00025425143984239454
MAR02667	0.00032145971342833227
MAR02668	0.00025425143984239454
MAR02670	0.00032145971342833227
MAR02671	0.00025425143984239454
MAR02673	0.00032145971342833227
MAR02674	0.00025425143984239454
MAR02676	0.00032145971342833227
MAR02677	0.00025425143984239454
MAR02679	0.00032145971342833227
MAR02680	0.00025425143984239454
MAR02682	0.00032145971342833227
MAR02683	0.00025425143984239454
MAR02685	0.00032145971342833227
MAR02686	0.00025425143984239454
MAR02688	0.00032145971342833227
MAR02689	0.00025425143984239454
MAR02691	0.00032145971342833227
MAR02692	0.00025425143984239454
MAR02695	0.00032145971342833227
MAR02697	0.00025425143984239454
MAR02700	0.00032145971342833227
MAR02701	0.00025425143984239454
MAR02703	0.00032145971342833227
MAR02704	0.00025425143984239454
MAR02706	0.00032145971342833227
MAR02707	0.00025425143984239454
MAR02709	0.00032145971342833227
MAR02710	0.00025425143984239454
MAR02712	0.00032145971342833227
MAR02713	0.00025425143984239454
MAR02715	0.00032145971342833227
MAR02716	0.00025425143984239454
MAR02718	0.00032145971342833227
MAR02719	0.00025425143984239454
MAR02722	0.00032145971342833227
MAR02724	0.00025425143984239454
MAR02727	0.00032145971342833227
MAR02729	0.00025425143984239454
MAR02731	0.00032145971342833227
MAR02732	0.00025425143984239454
MAR02734	0.00032145971342833227
MAR02735	0.00025425143984239454
MAR02737	0.00032145971342833227
MAR02738	0.00025425143984239454
MAR02740	0.00032145971342833227
MAR02741	0.00025425143984239454
MAR02744	0.00032145971342833227
MAR02745	0.00025425143984239454
MAR02748	0.00032145971342833227
MAR02750	0.00025425143984239454
MAR02753	0.00032145971342833227
MAR02754	0.00025425143984239454
MAR02757	0.00032145971342833227
MAR02758	0.00025425143984239454
MAR02760	0.00032145971342833227
MAR02761	0.00025425143984239454
MAR02764	0.00032145971342833227
MAR02766	0.00025425143984239454
MAR02769	0.00032145971342833227
MAR02770	0.00025425143984239454
MAR02772	0.00032145971342833227
MAR02773	0.00025425143984239454
MAR02775	0.00032145971342833227
MAR02776	0.00025425143984239454
MAR03519	7.456973094148011e-05
MAR03520	7.456973094148011e-05
MAR08417	7.456973094148011e-05
MAR08418	7.456973094148011e-05
MAR03027	7.456973094148011e-05
MAR03028	0.003321820610445286
MAR03029	0.00025425143984239454
MAR03030	0.00025425143984239454
MAR03033	0.00032145971342833227
MAR03034	0.0008356045012120254
MAR03035	0.00032145971342833227
MAR03037	0.00025425143984239454
MAR02778	0.00021676828237887058
MAR02780	0.00025425143984239454
MAR02783	0.00032145971342833227
MAR02785	0.00025425143984239454
MAR02787	0.00021676828237887058
MAR02788	0.00025425143984239454
MAR02789	0.00021676828237887058
MAR02790	0.00025425143984239454
MAR02791	0.00021676828237887058
MAR02792	0.00025425143984239454
MAR02793	0.00021676828237887058
MAR02794	0.00025425143984239454
MAR02795	0.00021676828237887058
MAR02796	0.00025425143984239454
MAR02797	0.00021676828237887058
MAR02798	0.00025425143984239454
MAR02799	0.00021676828237887058
MAR02800	0.00025425143984239454
MAR02801	0.00021676828237887058
MAR02803	0.00025425143984239454
MAR02805	0.00021676828237887058
MAR02806	0.00025425143984239454
MAR02807	0.00021676828237887058
MAR02809	0.00025425143984239454
MAR02811	0.00021676828237887058
MAR02812	0.00025425143984239454
MAR02813	0.00021676828237887058
MAR02814	0.00025425143984239454
MAR02815	0.00021676828237887058
MAR02816	0.00025425143984239454
MAR02817	0.00021676828237887058
MAR02819	0.00025425143984239454
MAR02821	0.00021676828237887058
MAR02822	0.00025425143984239454
MAR02823	0.00021676828237887058
MAR02824	0.00025425143984239454
MAR02825	0.00021676828237887058
MAR02827	0.00025425143984239454
MAR02829	0.00021676828237887058
MAR02830	0.00025425143984239454
MAR02831	0.00021676828237887058
MAR02832	0.00025425143984239454
MAR02833	0.00021676828237887058
MAR02834	0.00025425143984239454
MAR02835	0.00021676828237887058
MAR02836	0.00025425143984239454
MAR02837	0.00021676828237887058
MAR02838	0.00025425143984239454
MAR02839	0.00021676828237887058
MAR02840	0.00025425143984239454
MAR02841	0.00021676828237887058
MAR02842	0.00025425143984239454
MAR02843	0.00021676828237887058
MAR02844	0.00025425143984239454
MAR02845	0.00021676828237887058
MAR02846	0.00025425143984239454
MAR02847	0.00021676828237887058
MAR02848	0.00025425143984239454
MAR02849	0.00021676828237887058
MAR02850	0.00025425143984239454
MAR02851	0.00021676828237887058
MAR02852	0.00025425143984239454
MAR02853	0.00021676828237887058
MAR02854	0.00025425143984239454
MAR02855	0.00021676828237887058
MAR02856	0.00025425143984239454
MAR02857	0.00021676828237887058
MAR02859	0.00025425143984239454
MAR02861	0.00021676828237887058
MAR02862	0.00025425143984239454
MAR02863	0.00021676828237887058
MAR02864	0.00025425143984239454
MAR02865	0.00021676828237887058
MAR02866	0.00025425143984239454
MAR02867	0.00021676828237887058
MAR02868	0.00025425143984239454
MAR02869	0.00021676828237887058
MAR02870	0.00025425143984239454
MAR02871	0.00021676828237887058
MAR02872	0.00025425143984239454
MAR02873	0.00021676828237887058
MAR02874	0.00025425143984239454
MAR02875	0.00021676828237887058
MAR02876	0.00025425143984239454
MAR02878	0.00021676828237887058
MAR02879	0.00025425143984239454
MAR02880	0.00021676828237887058
MAR02882	0.00025425143984239454
MAR02884	0.00021676828237887058
MAR02886	0.00025425143984239454
MAR02888	0.00021676828237887058
MAR02890	0.00025425143984239454
MAR02892	0.00021676828237887058
MAR02894	0.00025425143984239454
MAR02896	0.00021676828237887058
MAR02897	0.00025425143984239454
MAR02898	0.00021676828237887058
MAR02899	0.00025425143984239454
MAR02900	0.00021676828237887058
MAR02901	0.00025425143984239454
MAR02902	0.00021676828237887058
MAR02903	0.00025425143984239454
MAR02904	0.00021676828237887058
MAR02905	0.00025425143984239454
MAR02906	0.003321820610445286
MAR02907	0.00021676828237887058
MAR02908	0.00025425143984239454
MAR02909	0.003321820610445286
MAR02910	0.00021676828237887058
MAR02911	0.00025425143984239454
MAR02912	0.003321820610445286
MAR02913	0.00021676828237887058
MAR02914	0.00025425143984239454
MAR02915	0.003321820610445286
MAR02916	0.00021676828237887058
MAR02917	0.00025425143984239454
MAR02918	0.003321820610445286
MAR02919	0.00021676828237887058
MAR02920	0.00025425143984239454
MAR02921	0.003321820610445286
MAR02922	0.00021676828237887058
MAR02923	0.00025425143984239454
MAR02924	0.003321820610445286
MAR02925	0.00021676828237887058
MAR02926	0.00025425143984239454
MAR02927	0.003321820610445286
MAR02928	0.00021676828237887058
MAR02929	0.00025425143984239454
MAR02930	0.003321820610445286
MAR02931	0.00021676828237887058
MAR02932	0.00025425143984239454
MAR00001	0.010024135949173401
MAR00002	2.8841287887561833e-05
MAR00003	0.001596754931156936
MAR00005	0.0033049012481635213
MAR00449	0.001520238452684469
MAR00604	0.0011477918017057816
MAR00605	0.0006306574538527206
MAR00665	0.001596754931156936
MAR00667	0.001596754931156936
MAR00668	0.001596754931156936
MAR00669	0.001596754931156936
MAR00670	0.001596754931156936
MAR00671	0.001596754931156936
MAR00672	0.001596754931156936
MAR00679	0.0033049012481635213
MAR00680	0.0033049012481635213
MAR00681	0.0033049012481635213
MAR00682	0.0033049012481635213
MAR00683	0.0033049012481635213
MAR00684	0.0033049012481635213
MAR07588	0.0024768159152943016
MAR03053	7.456973094148011e-05
MAR03054	7.456973094148011e-05
MAR03055	7.456973094148011e-05
MAR03057	0.0004555669424989481
MAR03058	0.0061040911240064985
MAR03059	0.0010805105705422244
MAR03060	0.0010751615832615632
MAR03062	0.0004555669424989481
MAR03063	0.0061040911240064985
MAR03064	0.0010805105705422244
MAR03065	0.0010751615832615632
MAR03066	0.0004555669424989481
MAR03067	0.0061040911240064985
MAR03068	0.0010805105705422244
MAR03069	0.0010751615832615632
MAR03070	0.0004555669424989481
MAR03071	0.0061040911240064985
MAR03072	0.0010805105705422244
MAR03073	0.0010751615832615632
MAR03074	0.0004555669424989481
MAR03075	0.0061040911240064985
MAR03076	0.0010805105705422244
MAR03077	0.0010751615832615632
MAR03078	0.0004555669424989481
MAR03079	0.0061040911240064985
MAR03080	0.0010805105705422244
MAR03081	0.0010751615832615632
MAR03082	0.0004555669424989481
MAR03083	0.0061040911240064985
MAR03084	0.0010805105705422244
MAR03085	0.0010751615832615632
MAR03086	0.0004555669424989481
MAR03087	0.0061040911240064985
MAR03088	0.0010805105705422244
MAR03089	0.0010751615832615632
MAR03090	0.0004555669424989481
MAR03091	0.0061040911240064985
MAR03092	0.0010805105705422244
MAR03093	0.0010751615832615632
MAR03094	0.0004555669424989481
MAR03095	0.0061040911240064985
MAR03096	0.0010805105705422244
MAR03097	0.0010751615832615632
MAR03098	0.0004555669424989481
MAR03099	0.0061040911240064985
MAR03100	0.0010805105705422244
MAR03101	0.0010751615832615632
MAR03102	0.0004555669424989481
MAR03103	0.0061040911240064985
MAR03104	0.0010805105705422244
MAR03106	7.456973094148011e-05
MAR03056	7.456973094148011e-05
MAR03326	0.0004555669424989481
MAR03327	0.0061040911240064985
MAR03328	0.0010805105705422244
MAR03329	0.0010751615832615632
MAR03330	0.0004555669424989481
MAR03331	0.0061040911240064985
MAR03332	0.0010805105705422244
MAR03333	0.0010751615832615632
MAR03334	0.0004555669424989481
MAR03335	0.0061040911240064985
MAR03336	0.0010805105705422244
MAR03337	0.0010751615832615632
MAR03338	0.0004555669424989481
MAR03339	0.0061040911240064985
MAR03340	0.0010805105705422244
MAR03341	0.0010751615832615632
MAR03342	0.0004555669424989481
MAR03343	0.0061040911240064985
MAR03344	0.0010805105705422244
MAR03345	0.0010751615832615632
MAR03346	0.0004555669424989481
MAR03347	0.0061040911240064985
MAR03348	0.0010805105705422244
MAR03349	0.0010751615832615632
MAR03350	0.0004555669424989481
MAR03351	0.0061040911240064985
MAR03352	0.0010805105705422244
MAR03353	0.0010751615832615632
MAR03355	0.0061040911240064985
MAR03365	0.0061040911240064985
MAR03367	0.0010805105705422244
MAR03368	0.0010751615832615632
MAR03370	0.0061040911240064985
MAR03372	0.0010805105705422244
MAR03373	0.0010751615832615632
MAR03375	0.0061040911240064985
MAR03478	7.456973094148011e-05
MAR03480	0.0014838983154285186
MAR03481	0.000953062236359071
MAR03482	0.0014838983154285186
MAR03484	0.00036092836339603624
MAR03486	0.00045393336827498923
MAR03488	0.00036092836339603624
MAR03491	6.854031611335766e-05
MAR03493	0.0014838983154285186
MAR03498	0.0004555669424989481
MAR03501	0.0061040911240064985
MAR03503	0.0010805105705422244
MAR03505	0.0010751615832615632
MAR03506	0.0004555669424989481
MAR03508	0.0061040911240064985
MAR03509	0.0010805105705422244
MAR03510	0.0010751615832615632
MAR03511	6.854031611335766e-05
MAR03512	0.0004555669424989481
MAR03513	0.0061040911240064985
MAR03514	0.0010805105705422244
MAR03515	0.0010751615832615632
MAR03517	0.0009773880001726733
MAR03302	0.0061040911240064985
MAR03304	0.0010805105705422244
MAR03305	0.0010751615832615632
MAR03307	0.0061040911240064985
MAR03309	0.0010805105705422244
MAR03310	0.0010751615832615632
MAR03312	0.0061040911240064985
MAR03314	0.0010805105705422244
MAR03315	0.0010751615832615632
MAR03316	0.0061040911240064985
MAR03317	0.0061040911240064985
MAR03319	0.0010805105705422244
MAR03320	0.0010751615832615632
MAR03321	0.0004555669424989481
MAR03323	0.0061040911240064985
MAR03107	0.0063255333240134545
MAR03108	0.0061040911240064985
MAR03109	0.008998160734830764
MAR03110	0.0061040911240064985
MAR03111	0.0063255333240134545
MAR03112	0.0061040911240064985
MAR03113	0.008998160734830764
MAR03114	0.0061040911240064985
MAR03115	0.0063255333240134545
MAR03116	0.0061040911240064985
MAR03117	0.008998160734830764
MAR03118	0.0061040911240064985
MAR03121	0.0063255333240134545
MAR03122	0.0061040911240064985
MAR03123	0.008998160734830764
MAR03125	0.0061040911240064985
MAR03128	0.0063255333240134545
MAR03129	0.0061040911240064985
MAR03130	0.008998160734830764
MAR03132	0.0061040911240064985
MAR03135	0.0063255333240134545
MAR03136	0.009947721923987943
MAR03137	0.008998160734830764
MAR03139	0.0061040911240064985
MAR03142	0.0022432479478481262
MAR03143	0.009947721923987943
MAR03144	0.008998160734830764
MAR03146	0.0061040911240064985
MAR03149	0.0022432479478481262
MAR03150	0.009947721923987943
MAR03151	0.008998160734830764
MAR03153	0.0061040911240064985
MAR03156	0.0004555669424989481
MAR03157	0.009947721923987943
MAR03158	0.008998160734830764
MAR03160	0.0061040911240064985
MAR03398	0.009947721923987943
MAR03406	0.009947721923987943
MAR03407	0.009947721923987943
MAR03408	0.009947721923987943
MAR03409	0.009947721923987943
MAR03411	0.009947721923987943
MAR03413	0.009947721923987943
MAR03414	0.009947721923987943
MAR03416	0.009947721923987943
MAR03421	0.009947721923987943
MAR03423	0.009947721923987943
MAR03424	0.009947721923987943
MAR03425	0.009947721923987943
MAR09719	0.009947721923987943
MAR03427	0.009947721923987943
MAR03428	0.009947721923987943
MAR03429	0.009947721923987943
MAR03430	0.009947721923987943
MAR03431	0.009947721923987943
MAR03432	0.009947721923987943
MAR03433	0.009947721923987943
MAR03170	0.0063255333240134545
MAR03171	0.0061040911240064985
MAR03172	0.008998160734830764
MAR03173	0.0061040911240064985
MAR03174	0.0063255333240134545
MAR03175	0.0061040911240064985
MAR03176	0.008998160734830764
MAR03177	0.0061040911240064985
MAR03178	0.0063255333240134545
MAR03179	0.0061040911240064985
MAR03180	0.008998160734830764
MAR03181	0.0061040911240064985
MAR03182	0.0063255333240134545
MAR03183	0.0061040911240064985
MAR03184	0.008998160734830764
MAR03185	0.0061040911240064985
MAR03186	0.0063255333240134545
MAR03187	0.0061040911240064985
MAR03188	0.008998160734830764
MAR03189	0.0061040911240064985
MAR03190	0.0022432479478481262
MAR03191	0.009947721923987943
MAR03192	0.008998160734830764
MAR03193	0.0061040911240064985
MAR03194	0.0022432479478481262
MAR03195	0.009947721923987943
MAR03196	0.008998160734830764
MAR03197	0.0061040911240064985
MAR03198	0.0022432479478481262
MAR03199	0.009947721923987943
MAR03200	0.008998160734830764
MAR03201	0.0061040911240064985
MAR03202	0.0002594895350021611
MAR03203	0.009947721923987943
MAR03204	0.008998160734830764
MAR03205	0.0061040911240064985
MAR03396	7.456973094148011e-05
MAR03397	7.456973094148011e-05
MAR03240	0.0063255333240134545
MAR03241	0.0061040911240064985
MAR03242	0.008998160734830764
MAR03243	0.0061040911240064985
MAR03244	0.0063255333240134545
MAR03245	0.0061040911240064985
MAR03246	0.008998160734830764
MAR03247	0.0061040911240064985
MAR03250	0.0063255333240134545
MAR03252	0.0061040911240064985
MAR03254	0.008998160734830764
MAR03256	0.0061040911240064985
MAR03258	0.0063255333240134545
MAR03260	0.0061040911240064985
MAR03262	0.008998160734830764
MAR03264	0.0061040911240064985
MAR03272	0.002901782338835272
MAR03356	0.0004555669424989481
MAR03357	0.0061040911240064985
MAR03358	0.0010805105705422244
MAR03359	0.0010751615832615632
MAR03360	0.0004555669424989481
MAR03361	0.0061040911240064985
MAR03362	0.0010805105705422244
MAR03363	0.0010751615832615632
MAR03218	0.0063255333240134545
MAR03219	0.0061040911240064985
MAR03220	0.008998160734830764
MAR03221	0.0061040911240064985
MAR03222	0.0063255333240134545
MAR03223	0.0061040911240064985
MAR03224	0.008998160734830764
MAR03225	0.0061040911240064985
MAR03226	0.0063255333240134545
MAR03227	0.0061040911240064985
MAR03228	0.008998160734830764
MAR03229	0.0061040911240064985
MAR03230	0.0063255333240134545
MAR03231	0.0061040911240064985
MAR03232	0.008998160734830764
MAR03233	0.0061040911240064985
MAR03234	0.0063255333240134545
MAR03235	0.0061040911240064985
MAR03236	0.008998160734830764
MAR03237	0.0061040911240064985
MAR03239	0.002901782338835272
MAR03275	0.0063255333240134545
MAR03277	0.0061040911240064985
MAR03278	0.008998160734830764
MAR03279	0.0061040911240064985
MAR03280	0.0063255333240134545
MAR03281	0.0061040911240064985
MAR03282	0.008998160734830764
MAR03283	0.0061040911240064985
MAR03284	0.0063255333240134545
MAR03285	0.0061040911240064985
MAR03286	0.008998160734830764
MAR03287	0.0061040911240064985
MAR03288	0.002901782338835272
MAR03290	0.009947721923987943
MAR03292	0.008998160734830764
MAR03293	0.0061040911240064985
MAR03294	0.0063255333240134545
MAR03298	0.002901782338835272
MAR01174	0.0061040911240064985
MAR01175	0.0004555669424989481
MAR01176	0.001310307247546175
MAR01177	0.0061040911240064985
MAR01178	0.008998160734830764
MAR01179	0.0061040911240064985
MAR01180	0.0004555669424989481
MAR01181	0.001310307247546175
MAR01182	0.0061040911240064985
MAR01183	0.008998160734830764
MAR01184	0.0061040911240064985
MAR01216	0.0061040911240064985
MAR01217	0.0004555669424989481
MAR01218	0.001310307247546175
MAR01219	0.0061040911240064985
MAR01220	0.008998160734830764
MAR01221	0.0061040911240064985
MAR01222	0.001310307247546175
MAR01223	0.0004555669424989481
MAR01224	0.0061040911240064985
MAR01225	0.008998160734830764
MAR01226	0.0061040911240064985
MAR03522	0.0006999305357125475
MAR03523	0.009947721923987943
MAR03524	0.008998160734830764
MAR03525	0.0061040911240064985
MAR03526	6.854031611335766e-05
MAR03527	0.0006999305357125475
MAR03528	0.009947721923987943
MAR03529	0.008998160734830764
MAR03530	0.0061040911240064985
MAR03531	0.0006999305357125475
MAR03532	0.009947721923987943
MAR03533	0.008998160734830764
MAR03534	0.0061040911240064985
MAR01573	3.0577784197996615e-05
MAR06901	0.0010846927503571032
MAR06903	0.0008375885400498101
MAR06904	0.00015946565759605196
MAR06905	0.0012359710232723148
MAR06906	7.456973094148011e-05
MAR06907	0.00015946565759605196
MAR06908	0.001417357462016098
MAR06909	0.00060623747021598
MAR06910	0.0012359710232723148
MAR07165	7.456973094148011e-05
MAR07166	0.0005229763131319801
MAR07167	0.0023090731778582347
MAR07168	0.005007476448395419
MAR07169	7.456973094148011e-05
MAR07170	0.0021136270620799773
MAR09722	0.011222218824231805
MAR01920	0.00015925760376443886
MAR01924	0.004185043448251391
MAR01926	7.456973094148011e-05
MAR01927	0.00015946565759605196
MAR01928	2.8841287887561833e-05
MAR01929	2.8841287887561833e-05
MAR01931	0.0038598311336530897
MAR01932	2.8841287887561833e-05
MAR01933	2.9457920097090758e-05
MAR01934	2.8841287887561833e-05
MAR01935	2.8841287887561833e-05
MAR01940	2.8841287887561833e-05
MAR01941	2.8841287887561833e-05
MAR01942	2.8841287887561833e-05
MAR01943	5.4900050032132584e-05
MAR01948	2.8841287887561833e-05
MAR01949	2.8841287887561833e-05
MAR01950	2.8841287887561833e-05
MAR01951	2.8841287887561833e-05
MAR01989	2.8841287887561833e-05
MAR01990	2.8841287887561833e-05
MAR01991	2.9457920097090758e-05
MAR01992	2.8841287887561833e-05
MAR01993	2.8841287887561833e-05
MAR02002	0.0011901252525817765
MAR02003	0.0037349326436005898
MAR02004	2.8841287887561833e-05
MAR02005	2.8841287887561833e-05
MAR02007	2.8841287887561833e-05
MAR02009	2.8841287887561833e-05
MAR02010	2.8841287887561833e-05
MAR02011	2.8841287887561833e-05
MAR04766	0.00016602190576359935
MAR06793	2.911814037845049e-05
MAR06794	2.911814037845049e-05
MAR06795	2.911814037845049e-05
MAR06796	2.911814037845049e-05
MAR07648	0.00016602190576359935
MAR07928	2.8841287887561833e-05
MAR07930	2.8841287887561833e-05
MAR07931	2.8841287887561833e-05
MAR07932	2.8841287887561833e-05
MAR07934	2.8841287887561833e-05
MAR07935	2.8841287887561833e-05
MAR07936	2.9457920097090758e-05
MAR07937	2.9457920097090758e-05
MAR07938	2.9457920097090758e-05
MAR07939	2.8841287887561833e-05
MAR07940	0.002879028817266516
MAR07941	0.002879028817266516
MAR07942	3.012129769288026e-05
MAR07943	0.0003444813703309711
MAR07945	0.00015925760376443886
MAR07948	0.00015925760376443886
MAR07950	0.00015925760376443886
MAR07952	0.00015925760376443886
MAR07954	2.8841287887561833e-05
MAR07955	0.00173013348690419
MAR07957	0.002879028817266516
MAR07958	3.119230017614477e-05
MAR07959	0.00012860882859094003
MAR07962	0.00012860882859094003
MAR07965	0.00012860882859094003
MAR07968	0.00173013348690419
MAR02041	0.00173013348690419
MAR07970	0.0003032448602782753
MAR07971	2.8841287887561833e-05
MAR07972	2.8841287887561833e-05
MAR07973	2.8841287887561833e-05
MAR07974	2.8841287887561833e-05
MAR07976	0.0004826849453417545
MAR07978	2.8841287887561833e-05
MAR07980	0.00012860882859094003
MAR07984	0.00012860882859094003
MAR07987	0.00012860882859094003
MAR01944	2.9457920097090758e-05
MAR01945	2.9457920097090758e-05
MAR01952	7.69513938181575e-05
MAR01953	0.00015925760376443886
MAR01958	2.9457920097090758e-05
MAR01959	5.9480174330393227e-05
MAR01960	5.9480174330393227e-05
MAR01962	7.69513938181575e-05
MAR01963	0.00015925760376443886
MAR01967	2.8841287887561833e-05
MAR01968	2.8841287887561833e-05
MAR01969	0.00012309827494206635
MAR01970	2.8841287887561833e-05
MAR01971	2.8841287887561833e-05
MAR01973	0.00173013348690419
MAR01974	0.00173013348690419
MAR01976	0.0011901252525817765
MAR01977	0.0011901252525817765
MAR01978	2.8841287887561833e-05
MAR01982	2.8841287887561833e-05
MAR01983	2.8841287887561833e-05
MAR02014	3.0224051846776232e-05
MAR02015	0.0011901252525817765
MAR02016	0.0037349326436005898
MAR02017	0.0037349326436005898
MAR02018	0.0037349326436005898
MAR02019	0.0037349326436005898
MAR02020	0.00015925760376443886
MAR02022	2.8841287887561833e-05
MAR02024	2.8841287887561833e-05
MAR02025	0.00015925760376443886
MAR01440	0.0016094127433055896
MAR01445	0.0007708644154266993
MAR01448	0.003934153209311432
MAR01454	0.002065557035159181
MAR01465	0.0032761103862557974
MAR01467	0.0032761103862557974
MAR01470	0.001989723522671858
MAR01473	0.0013141181392551397
MAR01477	0.00024066073944650028
MAR01478	0.00024066073944650028
MAR01479	0.00024066073944650028
MAR01484	0.0026266167447560706
MAR01490	0.0017973883911988368
MAR01493	0.0017973883911988368
MAR01494	0.0017973883911988368
MAR01495	0.0022874953791126246
MAR01496	0.0022874953791126246
MAR01500	0.0003032448602782753
MAR01502	0.0017973883911988368
MAR01503	0.0017973883911988368
MAR01504	0.0017973883911988368
MAR01505	0.0022874953791126246
MAR01509	0.0003032448602782753
MAR01512	0.005365389802350434
MAR01516	0.0019533921283319384
MAR01519	0.0034579949032751242
MAR01526	0.0061402897725202745
MAR01533	0.0061402897725202745
MAR01557	0.0019533921283319384
MAR01558	0.0019533921283319384
MAR01565	0.0034579949032751242
MAR01535	0.0061402897725202745
MAR01536	0.00024066073944650028
MAR01538	0.00024066073944650028
MAR01539	0.00024066073944650028
MAR01540	0.0026266167447560706
MAR01543	0.0017973883911988368
MAR01544	0.0017973883911988368
MAR01545	0.0017973883911988368
MAR01546	0.0022874953791126246
MAR01547	0.0003032448602782753
MAR01548	0.0017973883911988368
MAR01549	0.0017973883911988368
MAR01550	0.0017973883911988368
MAR01551	0.0022874953791126246
MAR01552	0.0003032448602782753
MAR01553	0.005365389802350434
MAR01437	0.0017825783940579611
MAR01451	0.001913399333286145
MAR01457	0.002331154526731895
MAR01460	0.002331154526731895
MAR01531	3.1626922738925516e-05
MAR01570	0.0061402897725202745
MAR01576	0.00036974781281524254
MAR01577	0.0005755956717837769
MAR03105	0.0017631312347467394
MAR04630	0.0016094127433055896
MAR02029	0.002879028817266516
MAR02030	0.002879028817266516
MAR02031	0.002879028817266516
MAR02032	0.002879028817266516
MAR02033	0.002879028817266516
MAR02034	0.002879028817266516
MAR02036	0.00173013348690419
MAR02037	0.00012309827494206635
MAR02038	0.00015925760376443886
MAR02042	0.002879028817266516
MAR02043	0.002879028817266516
MAR02044	0.0031963432083020552
MAR02045	0.0031963432083020552
MAR02046	2.9457860559373696e-05
MAR02047	2.9457860559373696e-05
MAR02048	0.0031963432083020552
MAR02049	2.9457860559373696e-05
MAR02050	2.9457860559373696e-05
MAR02051	2.9457860559373696e-05
MAR02052	0.0031963432083020552
MAR02053	0.002879028817266516
MAR02054	0.002879028817266516
MAR02055	2.9457860559373696e-05
MAR02056	2.9457860559373696e-05
MAR02057	2.9457860559373696e-05
MAR02058	0.0031963432083020552
MAR02059	0.0031963432083020552
MAR02060	0.0031963432083020552
MAR02061	0.012613840959470973
MAR02062	0.012613840959470973
MAR02063	0.012613840959470973
MAR02064	7.456973094148011e-05
MAR02068	0.052651361529201156
MAR02069	0.052651361529201156
MAR02070	0.052651361529201156
MAR02071	0.052651361529201156
MAR02072	0.052651361529201156
MAR02073	0.052651361529201156
MAR02074	0.052651361529201156
MAR02075	0.052651361529201156
MAR02076	0.012613840959470973
MAR02077	0.012613840959470973
MAR02078	0.012613840959470973
MAR02079	7.456973094148011e-05
MAR02083	0.052651361529201156
MAR02084	0.052651361529201156
MAR02085	0.052651361529201156
MAR02086	0.052651361529201156
MAR02088	0.012613840959470973
MAR02089	0.012613840959470973
MAR02091	7.456973094148011e-05
MAR02095	0.052651361529201156
MAR02096	0.052651361529201156
MAR02097	0.052651361529201156
MAR02098	0.052651361529201156
MAR02099	0.012613840959470973
MAR02100	0.012613840959470973
MAR02102	7.456973094148011e-05
MAR02106	0.052651361529201156
MAR02107	0.052651361529201156
MAR02108	0.052651361529201156
MAR02109	0.052651361529201156
MAR02110	0.052651361529201156
MAR02111	0.052651361529201156
MAR02112	0.052651361529201156
MAR02113	0.052651361529201156
MAR03537	7.456973094148011e-05
MAR03538	0.00639132310635336
MAR03539	0.00639132310635336
MAR03540	0.00639132310635336
MAR03541	0.00639132310635336
MAR03542	0.00639132310635336
MAR03543	0.00639132310635336
MAR03544	0.00639132310635336
MAR03545	0.00639132310635336
MAR03546	0.00639132310635336
MAR03547	0.00639132310635336
MAR03548	0.00639132310635336
MAR03549	0.00639132310635336
MAR03550	0.00639132310635336
MAR03551	0.00639132310635336
MAR03552	0.00639132310635336
MAR03553	0.00639132310635336
MAR03554	0.00639132310635336
MAR03555	0.00639132310635336
MAR03556	0.00639132310635336
MAR03557	0.00639132310635336
MAR03558	0.00639132310635336
MAR03559	0.00639132310635336
MAR03560	0.00639132310635336
MAR03561	0.00639132310635336
MAR03562	0.00639132310635336
MAR03563	0.00639132310635336
MAR03564	0.00639132310635336
MAR03565	0.00639132310635336
MAR03566	0.00639132310635336
MAR03567	0.00639132310635336
MAR03568	0.00639132310635336
MAR03569	0.00639132310635336
MAR03570	0.00639132310635336
MAR03571	0.00639132310635336
MAR03572	0.00639132310635336
MAR03573	0.00639132310635336
MAR03574	0.00639132310635336
MAR03575	0.00639132310635336
MAR03576	0.00639132310635336
MAR03577	0.00639132310635336
MAR03578	0.00639132310635336
MAR03579	0.00639132310635336
MAR03580	0.00639132310635336
MAR03581	0.00639132310635336
MAR03582	0.00639132310635336
MAR03583	0.00639132310635336
MAR03584	0.00639132310635336
MAR03585	0.00639132310635336
MAR03586	0.00639132310635336
MAR03587	0.00639132310635336
MAR03588	0.00639132310635336
MAR03589	0.00639132310635336
MAR03590	0.00639132310635336
MAR03591	0.00639132310635336
MAR03592	0.00639132310635336
MAR03593	0.00639132310635336
MAR03594	0.00639132310635336
MAR03595	0.00639132310635336
MAR03596	0.00639132310635336
MAR03622	7.456973094148011e-05
MAR03625	0.0009108163186403637
MAR03626	0.0009108163186403637
MAR03627	0.0009108163186403637
MAR03628	0.0009108163186403637
MAR03629	0.0009108163186403637
MAR03630	0.0009108163186403637
MAR03631	0.0009108163186403637
MAR03632	0.0009108163186403637
MAR03633	0.0009108163186403637
MAR03634	0.0009108163186403637
MAR03635	0.0009108163186403637
MAR03636	0.0009108163186403637
MAR03637	0.0009108163186403637
MAR03638	0.0009108163186403637
MAR03639	0.0009108163186403637
MAR03640	0.0009108163186403637
MAR03641	0.0009108163186403637
MAR03642	0.0009108163186403637
MAR03643	0.0009108163186403637
MAR03644	0.0009108163186403637
MAR03645	0.0009108163186403637
MAR03646	0.0009108163186403637
MAR03647	0.0009108163186403637
MAR03648	0.0009108163186403637
MAR03649	0.0009108163186403637
MAR03650	0.0009108163186403637
MAR03651	0.0009108163186403637
MAR03652	0.0009108163186403637
MAR03653	0.0009108163186403637
MAR03654	0.0009108163186403637
MAR03655	0.0009108163186403637
MAR03656	0.0009108163186403637
MAR03657	0.0009108163186403637
MAR03658	0.0009108163186403637
MAR03659	0.0009108163186403637
MAR03660	0.0009108163186403637
MAR03661	0.0009108163186403637
MAR03662	0.0009108163186403637
MAR03663	0.0009108163186403637
MAR03664	0.0009108163186403637
MAR03665	0.0009108163186403637
MAR03666	0.0009108163186403637
MAR03667	0.0009108163186403637
MAR03668	0.0009108163186403637
MAR03669	0.0009108163186403637
MAR03670	0.0009108163186403637
MAR03671	0.0009108163186403637
MAR03672	0.0009108163186403637
MAR03673	0.0009108163186403637
MAR03674	0.0009108163186403637
MAR03675	0.0009108163186403637
MAR03676	0.0009108163186403637
MAR03677	0.0009108163186403637
MAR03678	0.0009108163186403637
MAR03679	0.0009108163186403637
MAR03680	0.0009108163186403637
MAR03681	0.0009108163186403637
MAR03682	0.0009108163186403637
MAR03683	0.0009108163186403637
MAR03684	0.00639132310635336
MAR03685	0.00639132310635336
MAR03686	0.00639132310635336
MAR03687	0.00639132310635336
MAR03688	0.00639132310635336
MAR03689	0.00639132310635336
MAR03690	0.00639132310635336
MAR03691	0.00639132310635336
MAR03692	0.00639132310635336
MAR03693	0.00639132310635336
MAR03694	0.00639132310635336
MAR03695	0.00639132310635336
MAR03696	0.00639132310635336
MAR03697	0.00639132310635336
MAR03698	0.00639132310635336
MAR03699	0.00639132310635336
MAR03700	0.00639132310635336
MAR03701	0.00639132310635336
MAR03702	0.00639132310635336
MAR03703	0.00639132310635336
MAR03704	0.00639132310635336
MAR03705	0.00639132310635336
MAR03706	0.00639132310635336
MAR03707	0.00639132310635336
MAR03708	0.00639132310635336
MAR03709	0.00639132310635336
MAR03710	0.00639132310635336
MAR03711	0.00639132310635336
MAR03712	0.00639132310635336
MAR03713	0.00639132310635336
MAR03714	0.00639132310635336
MAR03715	0.00639132310635336
MAR03716	0.00639132310635336
MAR03717	0.00639132310635336
MAR03718	0.00639132310635336
MAR03719	0.00639132310635336
MAR03720	0.00639132310635336
MAR03721	0.00639132310635336
MAR03722	0.00639132310635336
MAR03723	0.00639132310635336
MAR03724	0.00639132310635336
MAR03725	0.00639132310635336
MAR03726	0.00639132310635336
MAR03727	0.00639132310635336
MAR03728	0.00639132310635336
MAR03729	0.00639132310635336
MAR03730	0.00639132310635336
MAR03731	0.00639132310635336
MAR03732	0.00639132310635336
MAR03733	0.00639132310635336
MAR03734	0.00639132310635336
MAR03735	0.00639132310635336
MAR03736	0.00639132310635336
MAR03737	0.00639132310635336
MAR03738	0.00639132310635336
MAR03739	0.00639132310635336
MAR03740	0.00639132310635336
MAR03741	0.00639132310635336
MAR03742	0.00639132310635336
MAR00715	0.0024760548103979606
MAR00716	0.0007125378150852558
MAR00733	0.0007125378150852558
MAR00735	0.0005798650601257093
MAR00736	0.0005798650601257093
MAR00738	0.0025102825139738235
MAR00741	0.0016820741996858013
MAR00744	0.0005866515117078108
MAR00746	0.0008233470840541435
MAR00748	0.0013539145389595511
MAR00750	0.001732621910691559
MAR00753	0.0007125378150852558
MAR00754	0.0024760548103979606
MAR00758	0.001732621910691559
MAR00760	0.0008350805771367593
MAR00761	0.0012661956707823128
MAR00762	0.002090090954362215
MAR00763	7.456973094148011e-05
MAR00765	0.003884323643653247
MAR00766	0.0011194736486495303
MAR00767	0.0008233470840541435
MAR00773	0.0005866515117078108
MAR00775	0.0008233470840541435
MAR00779	0.0013539145389595511
MAR00781	7.456973094148011e-05
MAR00783	0.0005801070114664195
MAR00795	0.0017229312344019115
MAR08147	0.0002625036753898682
MAR08148	4.1179474518505205e-05
MAR08149	0.0001179695298726268
MAR08150	3.200989169405193e-05
MAR08151	0.0002625036753898682
MAR08152	0.0002625036753898682
MAR08155	0.0010521377744640446
MAR08156	0.0008619049539287577
MAR08159	0.0008619049539287577
MAR08162	3.0005641039383883e-05
MAR08165	9.620059724197572e-05
MAR08166	0.0003568792536310073
MAR08167	0.0010521377744640446
MAR08168	0.0006580475407363727
MAR08169	0.0008619049539287577
MAR08170	0.0008619049539287577
MAR08171	2.8989507163538074e-05
MAR08172	0.0008619049539287577
MAR08173	0.0002625036753898682
MAR08174	0.0008619049539287577
MAR08175	3.283007781466801e-05
MAR08176	0.0008619049539287577
MAR08177	2.8989507163538074e-05
MAR08178	3.283007781466801e-05
MAR08179	3.0005641039383883e-05
MAR08180	2.8989507163538074e-05
MAR08181	2.8989507163538074e-05
MAR08182	2.8989507163538074e-05
MAR08183	2.8989507163538074e-05
MAR08184	4.372940446329916e-05
MAR08185	0.0003568792536310073
MAR08186	0.0003568792536310073
MAR08187	0.0003568792536310073
MAR08188	0.0010521377744640446
MAR08189	0.0010521377744640446
MAR08190	9.620059724197572e-05
MAR08191	9.620059724197572e-05
MAR08192	9.620059724197572e-05
MAR08194	0.0002625036753898682
MAR08197	7.456973094148011e-05
MAR08198	0.00017653424922539108
MAR08201	0.0006458918049078128
MAR00786	0.0011194736486495303
MAR08206	2.9483201970043878e-05
MAR08209	0.0004387085122477092
MAR08210	5.70977037682201e-05
MAR08211	0.0007125378150852558
MAR08212	2.9483201970043878e-05
MAR08217	0.0018295262994707543
MAR08219	0.0024760548103979606
MAR08220	0.0024760548103979606
MAR08221	0.00030144998370686804
MAR08224	0.0002011319202775803
MAR08226	0.0002011319202775803
MAR08227	0.0002011319202775803
MAR08228	0.0002011319202775803
MAR08233	0.001543767388158438
MAR08235	0.001543767388158438
MAR08237	0.0013539145389595511
MAR08238	0.0013539145389595511
MAR08242	5.077490831108133e-05
MAR08245	7.456973094148011e-05
MAR08246	0.0017229312344019115
MAR08248	0.0012661956707823128
MAR08249	0.0002625036753898682
MAR08250	0.0002625036753898682
MAR08251	0.0002625036753898682
MAR00453	0.0038598311336530897
MAR00456	0.0032024582666120606
MAR00458	0.0038598311336530897
MAR00459	0.0032024582666120606
MAR00463	0.0005817336542583574
MAR00486	0.0006380193213200237
MAR00487	0.0006380193213200237
MAR00488	0.0006380193213200237
MAR00489	0.0006380193213200237
MAR00490	0.0006380193213200237
MAR00491	0.0006380193213200237
MAR00492	0.0006380193213200237
MAR00493	0.0006380193213200237
MAR00494	0.0006380193213200237
MAR00495	0.0006380193213200237
MAR00496	0.0006380193213200237
MAR00497	0.0006380193213200237
MAR00498	0.0006380193213200237
MAR00499	0.0006380193213200237
MAR00500	0.0006380193213200237
MAR00501	0.0006380193213200237
MAR00502	0.0006380193213200237
MAR00503	0.0006380193213200237
MAR00504	0.0006380193213200237
MAR00505	0.0006380193213200237
MAR00506	0.0006380193213200237
MAR00507	0.0006380193213200237
MAR00508	0.0006380193213200237
MAR00509	0.0006380193213200237
MAR00510	0.0006380193213200237
MAR00511	0.0006380193213200237
MAR00512	0.0006380193213200237
MAR00513	0.0006380193213200237
MAR00514	0.0006380193213200237
MAR00515	0.0006380193213200237
MAR00516	0.0006380193213200237
MAR00517	0.0006380193213200237
MAR00518	0.0006380193213200237
MAR00519	0.0006380193213200237
MAR00520	0.0006380193213200237
MAR00521	0.0006380193213200237
MAR00522	0.0006380193213200237
MAR00523	0.0006380193213200237
MAR00524	0.0006380193213200237
MAR00525	0.0006380193213200237
MAR00526	0.0006380193213200237
MAR00527	0.0006380193213200237
MAR00528	0.0006380193213200237
MAR00529	0.0006380193213200237
MAR00530	0.0006380193213200237
MAR00531	0.0006380193213200237
MAR00532	0.0006380193213200237
MAR00533	0.0006380193213200237
MAR00534	0.0006380193213200237
MAR00535	0.0006380193213200237
MAR00536	0.0006380193213200237
MAR00537	0.0006380193213200237
MAR00538	0.0006380193213200237
MAR00539	0.0006380193213200237
MAR00540	0.0006380193213200237
MAR00541	0.0006380193213200237
MAR00542	0.0006380193213200237
MAR00543	0.0006380193213200237
MAR00544	0.0006380193213200237
MAR00588	0.0076398639120532665
MAR00596	0.0008233470840541435
MAR00673	0.0003326819310037777
MAR00674	0.0003326819310037777
MAR00675	0.0003326819310037777
MAR00676	0.0003326819310037777
MAR00677	0.0003326819310037777
MAR00678	0.0003326819310037777
MAR04296	2.8841287887561833e-05
MAR04390	0.006804442530907432
MAR05254	0.0005817336542583574
MAR07599	0.0008995753931020281
MAR00448	0.0003337172108568047
MAR00450	0.0003337172108568047
MAR00468	0.0004112305840593551
MAR00479	0.0005529594323110197
MAR00481	0.0005529594323110197
MAR00484	0.0003685897662635468
MAR00579	0.0006380193213200237
MAR00580	0.0076398639120532665
MAR00581	0.0010979979250469686
MAR00582	0.0005246810021839319
MAR00584	7.456973094148011e-05
MAR00586	0.0009426820533985538
MAR00589	0.0076398639120532665
MAR00590	0.0076398639120532665
MAR00591	0.0076398639120532665
MAR00592	0.0076398639120532665
MAR00593	0.0076398639120532665
MAR00594	0.0076398639120532665
MAR00597	0.0008233470840541435
MAR00598	0.0008233470840541435
MAR00599	0.0008233470840541435
MAR00600	0.0008233470840541435
MAR00601	0.0008233470840541435
MAR00602	0.0008233470840541435
MAR00610	0.002032542200250534
MAR00613	0.002032542200250534
MAR00614	0.0008995753931020281
MAR00615	0.0008995753931020281
MAR00616	0.001168482470801719
MAR00622	0.0007218900125424465
MAR00623	0.0023793087354019504
MAR00625	0.0004112305840593551
MAR00627	0.001168482470801719
MAR00629	0.0014332574088627061
MAR00630	0.0005817336542583574
MAR00632	0.002238585900316414
MAR00633	0.003619387767640769
MAR00634	0.00021795140835310716
MAR00635	0.00023230931446892767
MAR00636	0.0006022025050381572
MAR00638	0.0017296913851697828
MAR00640	2.8841287887561833e-05
MAR00641	4.285621033511881e-05
MAR00642	0.0014332574088627061
MAR00643	0.0005817336542583574
MAR00644	0.002238585900316414
MAR00645	0.003619387767640769
MAR00646	0.00023230931446892767
MAR00647	7.456973094148011e-05
MAR00648	0.0006022025050381572
MAR00649	2.8841287887561833e-05
MAR00651	0.0009513149959853035
MAR00653	0.0019465877581513777
MAR00654	0.0019465877581513777
MAR00657	0.0019465877581513777
MAR00659	7.456973094148011e-05
MAR00660	0.0014332574088627061
MAR04627	3.1626922738925516e-05
MAR04838	3.1626922738925516e-05
MAR04839	3.1626922738925516e-05
MAR07591	0.00321423840041873
MAR07594	0.0019041980902920446
MAR07597	7.456973094148011e-05
MAR07601	7.456973094148011e-05
MAR07611	0.002620368382569315
MAR07612	3.9141235403578293e-05
MAR07613	0.002238585900316414
MAR07755	0.0007775165007663064
MAR08362	2.8841287887561833e-05
MAR08421	4.285621033511881e-05
MAR08424	2.8841287887561833e-05
MAR08518	0.002620368382569315
MAR08519	3.9141235403578293e-05
MAR08521	0.002238585900316414
MAR08522	7.456973094148011e-05
MAR08523	0.0014332574088627061
MAR08525	0.0014332574088627061
MAR09805	2.8841287887561833e-05
MAR00815	9.620059724197572e-05
MAR00816	0.0003568792536310073
MAR00817	0.0010521377744640446
MAR00819	0.0011194736486495303
MAR00820	4.372940446329916e-05
MAR00821	0.0028337491612728
MAR00822	2.8989507163538074e-05
MAR00823	0.0006580475407363727
MAR00824	4.372940446329916e-05
MAR00825	0.0010540848039399377
MAR00827	9.620059724197572e-05
MAR00828	0.0028337491612728
MAR00829	0.0003568792536310073
MAR00830	0.0011194736486495303
MAR00837	0.0010521377744640446
MAR00838	0.0010540848039399377
MAR00839	2.8989507163538074e-05
MAR00840	3.283007781466801e-05
MAR00841	3.0005641039383883e-05
MAR00842	9.620059724197572e-05
MAR00843	0.0003568792536310073
MAR00844	0.0010521377744640446
MAR00845	0.0010540848039399377
MAR00846	2.8989507163538074e-05
MAR00847	0.0010540848039399377
MAR00848	3.283007781466801e-05
MAR00849	0.0008619049539287577
MAR00850	0.0010540848039399377
MAR00851	3.0005641039383883e-05
MAR00852	3.0005641039383883e-05
MAR00853	3.0005641039383883e-05
MAR00854	3.0005641039383883e-05
MAR00855	3.0005641039383883e-05
MAR00856	9.620059724197572e-05
MAR00857	0.0003568792536310073
MAR00858	0.0008619049539287577
MAR00928	2.9483201970043878e-05
MAR00801	4.1179474518505205e-05
MAR00803	0.0018295262994707543
MAR00805	0.0001179695298726268
MAR00806	0.0001179695298726268
MAR00807	0.0028337491612728
MAR00809	3.200989169405193e-05
MAR00810	0.00017653424922539108
MAR00811	0.0006458918049078128
MAR00812	0.0010521377744640446
MAR00813	0.00030144998370686804
MAR00814	3.0005641039383883e-05
MAR00859	0.0003676758667045217
MAR00860	3.200989169405193e-05
MAR00861	0.0010521377744640446
MAR00862	6.080691388916384e-05
MAR00863	6.080691388916384e-05
MAR00864	0.00030144998370686804
MAR00865	0.00017653424922539108
MAR00866	0.00030144998370686804
MAR00867	0.00041184800086586297
MAR00868	0.00041184800086586297
MAR00870	6.080691388916384e-05
MAR00871	6.080691388916384e-05
MAR00873	6.080691388916384e-05
MAR00875	0.0023674322953650554
MAR00876	0.00010564810360795588
MAR00877	3.0005641039383883e-05
MAR00878	7.478461831564201e-05
MAR00879	0.00017653424922539108
MAR00880	0.00030144998370686804
MAR00881	0.00041184800086586297
MAR00882	7.478461831564201e-05
MAR00883	0.00030144998370686804
MAR00884	0.00041184800086586297
MAR00885	7.456973094148011e-05
MAR00886	0.00030144998370686804
MAR00887	0.00041184800086586297
MAR00888	7.478461831564201e-05
MAR00889	0.0012236646417933055
MAR00890	0.0023674322953650554
MAR00891	0.0012236646417933055
MAR00892	0.0002625036753898682
MAR00893	7.478461831564201e-05
MAR00894	7.478461831564201e-05
MAR00895	7.478461831564201e-05
MAR00896	7.478461831564201e-05
MAR00897	7.478461831564201e-05
MAR00898	0.00030144998370686804
MAR00899	7.478461831564201e-05
MAR00900	7.478461831564201e-05
MAR00901	0.00041184800086586297
MAR00902	0.00041184800086586297
MAR00903	7.456973094148011e-05
MAR00904	0.00030144998370686804
MAR00905	0.00041184800086586297
MAR00906	4.270078074964607e-05
MAR00907	7.456973094148011e-05
MAR00908	0.00030144998370686804
MAR00909	0.00030144998370686804
MAR00910	0.00010564810360795588
MAR00911	7.478461831564201e-05
MAR00912	7.456973094148011e-05
MAR00787	0.002090090954362215
MAR00790	0.0004387085122477092
MAR00792	2.9483201970043878e-05
MAR00793	5.70977037682201e-05
MAR00794	0.00015925760376443886
MAR00797	0.0017229312344019115
MAR00804	0.0028337491612728
MAR00808	0.0028337491612728
MAR00826	0.0010540848039399377
MAR00832	0.0011194736486495303
MAR00834	0.0010540848039399377
MAR00835	0.002812304207028506
MAR00836	0.0028337491612728
MAR00914	5.70977037682201e-05
MAR00915	2.9483201970043878e-05
MAR00919	0.0005905755727537161
MAR00920	0.0005905755727537161
MAR00921	0.0005905755727537161
MAR00924	0.003884323643653247
MAR00925	0.003884323643653247
MAR00926	0.003884323643653247
MAR07188	3.0098708284755728e-05
MAR08378	0.0005313524453751657
MAR08379	0.0029423535326391524
MAR07185	0.0029423535326391524
MAR08380	0.00017188036970671317
MAR07186	0.00017188036970671317
MAR08381	0.0009329972903018332
MAR07187	0.0009329972903018332
MAR08383	0.000957203795744191
MAR08384	0.0007742325539972836
MAR08385	0.0005213791649407222
MAR08387	0.0007742325539972836
MAR08388	0.0005213791649407222
MAR08389	0.00023466970241423267
MAR08390	0.00023466970241423267
MAR08391	0.000327717691344442
MAR08392	0.000327717691344442
MAR08393	0.0004867092152025197
MAR08394	0.000327717691344442
MAR08395	0.0004690652790888911
MAR08396	0.0004867092152025197
MAR08397	0.000327717691344442
MAR08398	0.0004690652790888911
MAR08399	0.000327717691344442
MAR08401	0.0004867092152025197
MAR08402	0.0038528909361722403
MAR08403	0.00015264099366495265
MAR08404	0.0038528909361722403
MAR08405	0.00015264099366495265
MAR08406	0.0038528909361722403
MAR08407	0.0038528909361722403
MAR01979	2.8841287887561833e-05
MAR01980	2.8841287887561833e-05
MAR01981	2.9457920097090758e-05
MAR01985	5.9480174330393227e-05
MAR01987	5.9480174330393227e-05
MAR01988	2.8841287887561833e-05
MAR01995	2.8841287887561833e-05
MAR01996	3.012129769288026e-05
MAR01999	5.9480174330393227e-05
MAR02000	5.9480174330393227e-05
MAR02001	5.9480174330393227e-05
MAR01305	0.00029627194114900185
MAR01307	0.00029627194114900185
MAR01308	3.0099703758341568e-05
MAR01310	7.456973094148011e-05
MAR01312	0.011256183989019192
MAR01313	2.9596202080909666e-05
MAR01315	7.456973094148011e-05
MAR01317	7.456973094148011e-05
MAR01318	7.456973094148011e-05
MAR01319	7.456973094148011e-05
MAR01320	7.456973094148011e-05
MAR01321	0.00022089590062503546
MAR01322	7.456973094148011e-05
MAR01323	7.456973094148011e-05
MAR01324	7.456973094148011e-05
MAR01325	0.0005483717637229093
MAR01326	0.0005483717637229093
MAR01327	0.0021627186863768457
MAR01328	7.456973094148011e-05
MAR01329	0.0005483717637229093
MAR01330	2.9847587285607143e-05
MAR01332	7.456973094148011e-05
MAR01333	7.456973094148011e-05
MAR01334	7.456973094148011e-05
MAR01335	7.456973094148011e-05
MAR01336	7.456973094148011e-05
MAR01337	7.456973094148011e-05
MAR01338	7.456973094148011e-05
MAR01339	2.9596202080909666e-05
MAR01341	7.456973094148011e-05
MAR01342	7.456973094148011e-05
MAR01343	7.456973094148011e-05
MAR01344	0.001482274613193709
MAR01345	7.456973094148011e-05
MAR01346	0.000746861690515715
MAR01347	0.000746861690515715
MAR01350	0.00029627194114900185
MAR01352	0.0008233470840541435
MAR01355	7.456973094148011e-05
MAR01356	7.456973094148011e-05
MAR01357	7.456973094148011e-05
MAR01358	7.456973094148011e-05
MAR01359	7.456973094148011e-05
MAR01360	7.456973094148011e-05
MAR01361	7.456973094148011e-05
MAR01362	7.456973094148011e-05
MAR01363	7.456973094148011e-05
MAR01364	7.456973094148011e-05
MAR01365	7.456973094148011e-05
MAR01366	7.456973094148011e-05
MAR01367	0.052651361529201156
MAR01370	0.052651361529201156
MAR01373	7.456973094148011e-05
MAR01374	7.456973094148011e-05
MAR01375	7.456973094148011e-05
MAR01376	7.456973094148011e-05
MAR01379	0.052651361529201156
MAR01382	0.0005483717637229093
MAR01383	7.456973094148011e-05
MAR01384	0.052651361529201156
MAR01387	0.0005483717637229093
MAR01388	3.3335849390661036e-05
MAR01389	7.456973094148011e-05
MAR01390	0.00029627194114900185
MAR01391	0.00029627194114900185
MAR01393	0.00029627194114900185
MAR01394	0.011256183989019192
MAR01395	0.00022089590062503546
MAR01398	0.052651361529201156
MAR01401	7.456973094148011e-05
MAR01402	7.456973094148011e-05
MAR00703	0.0023944126537321867
MAR00705	0.0024768159152943016
MAR00706	0.0024768159152943016
MAR00708	0.0024768159152943016
MAR07598	0.0008233470840541435
MAR07600	0.0004112305840593551
MAR07602	0.002238585900316414
MAR07603	0.0005817336542583574
MAR07604	0.0008995753931020281
MAR07605	0.0014332574088627061
MAR07606	2.8841287887561833e-05
MAR07607	2.9129095096648e-05
MAR07610	0.0004112305840593551
MAR07614	0.002238585900316414
MAR07615	0.0005817336542583574
MAR07200	0.00047888068253485925
MAR07202	0.00042855445778664924
MAR07203	0.0016899705000973941
MAR07205	0.0012956065115401424
MAR07206	0.0005832046232530071
MAR07207	0.0006719154025836241
MAR07208	0.0024701282582568203
MAR07209	0.0024701282582568203
MAR07210	0.0024701282582568203
MAR07211	0.0024701282582568203
MAR07212	0.0024701282582568203
MAR07213	0.0024701282582568203
MAR07214	0.0024701282582568203
MAR07215	0.0024701282582568203
MAR07216	0.002120799180958196
MAR07217	0.0005348767210728695
MAR07218	0.0004553320330177565
MAR07219	0.0020480193110436196
MAR07220	0.00018700441810496238
MAR07221	0.0020924828298510495
MAR07222	0.00018700441810496238
MAR07490	7.456973094148011e-05
MAR07491	0.0012551668182225835
MAR07492	0.0002714483820765143
MAR07493	0.0038174332960807006
MAR07494	0.0038174332960807006
MAR07495	0.0038174332960807006
MAR07496	0.0038174332960807006
MAR07497	7.456973094148011e-05
MAR07498	0.0012551668182225835
MAR07509	0.0012551668182225835
MAR07510	0.0005939104097836856
MAR07519	0.0008846964871330784
MAR07520	0.0038174332960807006
MAR07521	0.0038174332960807006
MAR07522	0.0008846964871330784
MAR07534	0.0004295868286068639
MAR07535	0.0038174332960807006
MAR07536	0.0038174332960807006
MAR07537	0.0008846964871330784
MAR07538	0.0004295868286068639
MAR07551	0.0012551668182225835
MAR07552	0.0008846964871330784
MAR07553	0.0002714483820765143
MAR07554	7.456973094148011e-05
MAR07501	7.456973094148011e-05
MAR07502	0.00013277844040396965
MAR07503	0.0028337491612728
MAR07504	0.0028337491612728
MAR07505	0.0009157522071853656
MAR07506	0.00013277844040396965
MAR07507	0.0028337491612728
MAR07508	7.456973094148011e-05
MAR07513	7.456973094148011e-05
MAR07514	0.00013277844040396965
MAR07515	0.0028337491612728
MAR07516	0.0028337491612728
MAR07517	0.0008818518559106978
MAR07518	0.00012307392989194986
MAR07525	7.456973094148011e-05
MAR07526	0.005060066926191334
MAR07527	0.0028337491612728
MAR07528	0.0028337491612728
MAR07529	0.0009157522071853656
MAR07530	0.005060066926191334
MAR07531	0.0028337491612728
MAR07532	0.0028337491612728
MAR07533	7.456973094148011e-05
MAR07541	7.456973094148011e-05
MAR07542	0.005060066926191334
MAR07543	0.0028337491612728
MAR07544	0.0028337491612728
MAR07545	7.456973094148011e-05
MAR07546	0.0009157522071853656
MAR07547	0.005060066926191334
MAR07548	0.0028337491612728
MAR07549	0.0028337491612728
MAR07550	7.456973094148011e-05
MAR07557	7.456973094148011e-05
MAR07558	0.00013277844040396965
MAR07559	0.0028337491612728
MAR07560	0.005060066926191334
MAR07561	0.0028337491612728
MAR07562	0.0009157522071853656
MAR07563	0.0028337491612728
MAR07564	0.00013277844040396965
MAR07565	0.005060066926191334
MAR07566	0.0028337491612728
MAR07567	7.456973094148011e-05
MAR07225	0.0005291257880120614
MAR07226	0.0014872647546056554
MAR07227	0.00014848180701335594
MAR07228	0.0006921963259410815
MAR07229	0.0020166694496861165
MAR07230	0.00012307392989194986
MAR07231	0.0014872647546056554
MAR07232	0.00014848180701335594
MAR07233	0.0006921963259410815
MAR07234	0.0020166694496861165
MAR07235	0.0009157522071853656
MAR07236	7.456973094148011e-05
MAR07237	0.0014872647546056554
MAR07238	0.00014848180701335594
MAR07239	0.0006921963259410815
MAR07240	0.0020166694496861165
MAR07241	0.0008818518559106978
MAR07242	0.00012307392989194986
MAR07243	7.456973094148011e-05
MAR07244	0.00014848180701335594
MAR07245	0.0006921963259410815
MAR07246	0.0020166694496861165
MAR07247	0.0008818518559106978
MAR07248	0.00012307392989194986
MAR07249	7.456973094148011e-05
MAR07250	0.0020166694496861165
MAR07251	7.456973094148011e-05
MAR07571	0.0009157522071853656
MAR07572	0.0028337491612728
MAR07573	0.0009157522071853656
MAR07335	0.0010521377744640446
MAR07336	0.0012236646417933055
MAR07337	0.0026909105331164363
MAR07338	0.0012236646417933055
MAR07339	3.610771761399455e-05
MAR07340	0.0026909105331164363
MAR07341	0.0012236646417933055
MAR07342	3.610771761399455e-05
MAR07343	0.0026909105331164363
MAR07344	0.0012236646417933055
MAR07345	3.610771761399455e-05
MAR07346	0.0026909105331164363
MAR07347	0.0012236646417933055
MAR07348	3.610771761399455e-05
MAR07349	0.0026909105331164363
MAR07350	0.0012236646417933055
MAR07351	3.610771761399455e-05
MAR07352	0.0026909105331164363
MAR07353	0.0012236646417933055
MAR07354	3.610771761399455e-05
MAR07355	0.0026909105331164363
MAR07356	0.0012236646417933055
MAR07357	3.610771761399455e-05
MAR07358	0.0026909105331164363
MAR07359	0.0012236646417933055
MAR07360	3.610771761399455e-05
MAR07361	0.0026909105331164363
MAR07362	0.0012236646417933055
MAR07363	3.610771761399455e-05
MAR07364	0.0026909105331164363
MAR07365	0.0012236646417933055
MAR07366	3.610771761399455e-05
MAR07367	0.0026909105331164363
MAR07368	0.0012236646417933055
MAR07369	3.610771761399455e-05
MAR07370	0.0026909105331164363
MAR07371	0.0008355678452329087
MAR07442	0.0010521377744640446
MAR07443	0.0026909105331164363
MAR07444	0.0012236646417933055
MAR07445	0.0026909105331164363
MAR07446	0.0012236646417933055
MAR07447	3.610771761399455e-05
MAR07448	0.0026909105331164363
MAR07449	0.0012236646417933055
MAR07450	3.610771761399455e-05
MAR07451	0.0026909105331164363
MAR07452	0.0008355678452329087
MAR07471	0.0026909105331164363
MAR07472	0.0010521377744640446
MAR07473	0.0012236646417933055
MAR07474	0.0026909105331164363
MAR07475	0.0012236646417933055
MAR07476	3.610771761399455e-05
MAR07477	0.0026909105331164363
MAR07478	0.0012236646417933055
MAR07479	3.610771761399455e-05
MAR07480	0.0026909105331164363
MAR07481	0.0008355678452329087
MAR07373	0.0005592456588966763
MAR07375	0.0005592456588966763
MAR07376	0.000483963343267787
MAR07377	0.00040090175247219664
MAR07378	0.005060066926191334
MAR07379	0.005060066926191334
MAR07380	0.005060066926191334
MAR07381	0.0014872647546056554
MAR07382	0.0028337491612728
MAR07383	0.0028337491612728
MAR07384	0.005060066926191334
MAR07385	0.0014872647546056554
MAR07386	0.0028337491612728
MAR07387	0.0028337491612728
MAR07388	0.005060066926191334
MAR07389	0.0014872647546056554
MAR07390	0.0028337491612728
MAR07391	0.0028337491612728
MAR07392	0.005060066926191334
MAR07393	0.0014872647546056554
MAR07394	0.0028337491612728
MAR07395	0.0028337491612728
MAR07396	0.005060066926191334
MAR07397	0.0014872647546056554
MAR07398	0.0028337491612728
MAR07399	0.0028337491612728
MAR07400	0.005060066926191334
MAR07401	0.0014872647546056554
MAR07402	0.0028337491612728
MAR07403	0.0028337491612728
MAR07404	0.005060066926191334
MAR07405	0.0014872647546056554
MAR07406	0.0028337491612728
MAR07407	0.0028337491612728
MAR07408	0.005060066926191334
MAR07409	0.0014872647546056554
MAR07410	0.0028337491612728
MAR07411	0.0028337491612728
MAR07412	0.005060066926191334
MAR07413	0.0014872647546056554
MAR07414	0.0028337491612728
MAR07415	0.0028337491612728
MAR07416	0.005060066926191334
MAR07417	0.0014872647546056554
MAR07418	0.0028337491612728
MAR07419	0.0028337491612728
MAR07420	0.005060066926191334
MAR07421	0.0014872647546056554
MAR07422	0.0028337491612728
MAR07423	0.0028337491612728
MAR07424	0.005060066926191334
MAR07425	0.0028337491612728
MAR07426	0.005060066926191334
MAR07427	0.0028337491612728
MAR07455	0.005060066926191334
MAR07456	0.005060066926191334
MAR07457	0.005060066926191334
MAR07458	0.0014872647546056554
MAR07459	0.0028337491612728
MAR07460	0.0028337491612728
MAR07461	0.005060066926191334
MAR07462	0.0028337491612728
MAR07463	0.0014872647546056554
MAR07464	0.0028337491612728
MAR07465	0.005060066926191334
MAR07466	0.0028337491612728
MAR07467	0.005060066926191334
MAR07468	7.456973094148011e-05
MAR07469	0.0006458918049078128
MAR07484	0.005060066926191334
MAR07485	0.005060066926191334
MAR07486	0.005060066926191334
MAR07487	0.0014872647546056554
MAR07488	0.0028337491612728
MAR07489	0.0028337491612728
MAR08643	0.0017064732214265117
MAR08645	0.0017064732214265117
MAR08648	3.7306223869482995e-05
MAR01581	2.8841287887561833e-05
MAR01584	0.0002306867890556726
MAR01585	0.0002306867890556726
MAR01589	2.8841287887561833e-05
MAR01590	2.8841287887561833e-05
MAR01592	7.456973094148011e-05
MAR01593	7.456973094148011e-05
MAR01595	3.0224051846776232e-05
MAR01598	2.8841287887561833e-05
MAR01599	0.0037349326436005898
MAR01604	3.1626922738925516e-05
MAR01605	3.1626922738925516e-05
MAR01608	3.1626922738925516e-05
MAR01609	3.1626922738925516e-05
MAR01610	3.1626922738925516e-05
MAR01611	3.1626922738925516e-05
MAR01613	3.1626922738925516e-05
MAR01614	3.1626922738925516e-05
MAR01617	7.456973094148011e-05
MAR01619	0.0014838983154285186
MAR01620	0.0014838983154285186
MAR01622	0.000953062236359071
MAR01623	7.456973094148011e-05
MAR01624	0.0014838983154285186
MAR01625	0.0014838983154285186
MAR01627	0.0014838983154285186
MAR01629	2.8841287887561833e-05
MAR01631	2.8841287887561833e-05
MAR01632	6.854031611335766e-05
MAR01638	0.0004555669424989481
MAR01642	0.0010805105705422244
MAR01646	0.0010805105705422244
MAR01652	0.0010751615832615632
MAR01659	0.007082930378381943
MAR01660	0.000834687931510196
MAR01663	0.000834687931510196
MAR01665	0.0014838983154285186
MAR01667	2.998419423063764e-05
MAR01668	2.998419423063764e-05
MAR01670	2.998419423063764e-05
MAR01673	3.0224051846776232e-05
MAR01676	0.0037349326436005898
MAR01678	2.8841287887561833e-05
MAR01679	7.456973094148011e-05
MAR01681	3.1626922738925516e-05
MAR01682	3.1626922738925516e-05
MAR01684	0.0030252016928409677
MAR01685	3.1626922738925516e-05
MAR01687	3.1626922738925516e-05
MAR01689	3.1626922738925516e-05
MAR01691	3.1626922738925516e-05
MAR01692	0.0032024582666120606
MAR01693	3.1626922738925516e-05
MAR01694	0.002948295766741485
MAR01695	7.456973094148011e-05
MAR01696	0.000953062236359071
MAR01697	0.0014838983154285186
MAR01699	0.0014838983154285186
MAR01700	0.0014838983154285186
MAR01701	7.456973094148011e-05
MAR01702	7.456973094148011e-05
MAR01703	6.854031611335766e-05
MAR01704	2.999820215088053e-05
MAR01706	0.0010805105705422244
MAR01708	0.0010805105705422244
MAR01710	0.0010751615832615632
MAR01716	0.003795437725128862
MAR01717	7.456973094148011e-05
MAR01718	0.003795437725128862
MAR01720	2.998419423063764e-05
MAR01722	2.998419423063764e-05
MAR01723	2.998419423063764e-05
MAR01725	7.456973094148011e-05
MAR01726	0.0014838983154285186
MAR01727	0.0014838983154285186
MAR01729	2.8841287887561833e-05
MAR01730	0.00015925760376443886
MAR01735	2.8841287887561833e-05
MAR01737	8.051239656327703e-05
MAR01738	0.0002306867890556726
MAR01739	2.8841287887561833e-05
MAR01740	3.0224051846776232e-05
MAR01741	3.0224051846776232e-05
MAR01742	2.8841287887561833e-05
MAR01743	2.8841287887561833e-05
MAR01744	7.456973094148011e-05
MAR01745	7.456973094148011e-05
MAR01746	3.1626922738925516e-05
MAR01747	3.1626922738925516e-05
MAR01748	3.1626922738925516e-05
MAR01749	3.1626922738925516e-05
MAR01750	3.1626922738925516e-05
MAR01751	3.1626922738925516e-05
MAR01752	7.456973094148011e-05
MAR01753	7.456973094148011e-05
MAR01754	0.0014838983154285186
MAR01756	0.0014838983154285186
MAR01758	7.456973094148011e-05
MAR01759	7.456973094148011e-05
MAR01760	6.854031611335766e-05
MAR01761	6.854031611335766e-05
MAR01762	3.1626922738925516e-05
MAR01764	7.456973094148011e-05
MAR01765	5.4900050032132584e-05
MAR01766	0.0002306867890556726
MAR01767	2.8841287887561833e-05
MAR01768	3.0224051846776232e-05
MAR01769	3.0224051846776232e-05
MAR01770	2.8841287887561833e-05
MAR01771	2.8841287887561833e-05
MAR01772	7.456973094148011e-05
MAR01774	7.456973094148011e-05
MAR01776	4.3263530253480734e-05
MAR01777	5.4900050032132584e-05
MAR01778	0.0002306867890556726
MAR01781	4.3263530253480734e-05
MAR01783	2.8841287887561833e-05
MAR01784	4.3263530253480734e-05
MAR01785	4.3263530253480734e-05
MAR01786	4.3263530253480734e-05
MAR01787	7.456973094148011e-05
MAR01790	3.1626922738925516e-05
MAR01792	3.1626922738925516e-05
MAR01794	3.1626922738925516e-05
MAR01796	3.1626922738925516e-05
MAR01797	6.448008502800297e-05
MAR01798	6.448008502800297e-05
MAR01800	3.1626922738925516e-05
MAR01802	6.448008502800297e-05
MAR01803	3.1626922738925516e-05
MAR01804	6.448008502800297e-05
MAR01805	6.448008502800297e-05
MAR01806	3.1626922738925516e-05
MAR01807	3.1626922738925516e-05
MAR01810	2.9457860559373696e-05
MAR01811	3.1626922738925516e-05
MAR01813	0.003715880363485768
MAR01815	2.9457860559373696e-05
MAR01817	2.9457860559373696e-05
MAR01819	2.9457860559373696e-05
MAR01830	2.8841287887561833e-05
MAR01831	2.8841287887561833e-05
MAR01832	0.0014838983154285186
MAR01833	0.0014838983154285186
MAR01834	7.456973094148011e-05
MAR01835	2.998419423063764e-05
MAR01836	7.456973094148011e-05
MAR01837	2.998419423063764e-05
MAR01838	2.9457860559373696e-05
MAR01839	2.8841287887561833e-05
MAR01840	2.8841287887561833e-05
MAR01841	2.998419423063764e-05
MAR01842	2.998419423063764e-05
MAR01843	2.8841287887561833e-05
MAR01844	2.998419423063764e-05
MAR01845	2.998419423063764e-05
MAR01846	2.8841287887561833e-05
MAR03799	0.003795437725128862
MAR03908	2.8841287887561833e-05
MAR03910	0.0002607892958076069
MAR03911	7.456973094148011e-05
MAR04679	0.00129159683847236
MAR08063	7.456973094148011e-05
MAR08064	7.456973094148011e-05
MAR08065	0.0002607892958076069
MAR08759	7.456973094148011e-05
MAR01847	0.00015925760376443886
MAR01848	0.0014838983154285186
MAR01850	7.456973094148011e-05
MAR01852	3.092859332491893e-05
MAR01853	0.0020184240650127877
MAR01854	7.456973094148011e-05
MAR01855	3.092859332491893e-05
MAR01857	7.456973094148011e-05
MAR01859	7.456973094148011e-05
MAR01861	7.456973094148011e-05
MAR01862	3.092859332491893e-05
MAR01863	3.092859332491893e-05
MAR01864	3.092859332491893e-05
MAR01865	3.092859332491893e-05
MAR01866	3.092859332491893e-05
MAR01867	3.092859332491893e-05
MAR01868	0.0009518544396327312
MAR01870	0.0009518544396327312
MAR01872	0.0020184240650127877
MAR01874	0.0009518544396327312
MAR01875	0.00011087029077755572
MAR01876	0.00011087029077755572
MAR01877	0.00011087029077755572
MAR01878	0.00040695677547617523
MAR01879	0.00011087029077755572
MAR01880	0.00011087029077755572
MAR01881	0.00011087029077755572
MAR01882	0.00011087029077755572
MAR01883	0.00011087029077755572
MAR01884	0.00011087029077755572
MAR01885	0.00011087029077755572
MAR01886	0.00011087029077755572
MAR01887	0.00011087029077755572
MAR01888	0.00011087029077755572
MAR01889	0.00011087029077755572
MAR01890	0.00011087029077755572
MAR01891	0.00011087029077755572
MAR01892	0.00011087029077755572
MAR01893	0.00011087029077755572
MAR01894	0.00011087029077755572
MAR01895	0.0020184240650127877
MAR01896	0.0020184240650127877
MAR01897	0.0020184240650127877
MAR01403	7.456973094148011e-05
MAR01404	7.456973094148011e-05
MAR01405	7.456973094148011e-05
MAR01406	7.456973094148011e-05
MAR01407	7.456973094148011e-05
MAR01408	7.456973094148011e-05
MAR01409	7.456973094148011e-05
MAR01410	7.456973094148011e-05
MAR01411	7.456973094148011e-05
MAR01412	7.456973094148011e-05
MAR01413	7.456973094148011e-05
MAR01414	7.456973094148011e-05
MAR01415	7.456973094148011e-05
MAR01416	7.456973094148011e-05
MAR01417	7.456973094148011e-05
MAR01418	7.456973094148011e-05
MAR01419	7.456973094148011e-05
MAR01420	7.456973094148011e-05
MAR01421	7.456973094148011e-05
MAR01422	7.456973094148011e-05
MAR01423	7.456973094148011e-05
MAR01424	7.456973094148011e-05
MAR01425	7.456973094148011e-05
MAR01426	7.456973094148011e-05
MAR01427	7.456973094148011e-05
MAR01428	7.456973094148011e-05
MAR01429	7.456973094148011e-05
MAR01430	7.456973094148011e-05
MAR01431	7.456973094148011e-05
MAR01432	7.456973094148011e-05
MAR01433	7.456973094148011e-05
MAR08262	0.00030144998370686804
MAR08263	0.00041184800086586297
MAR08264	6.080691388916384e-05
MAR08267	0.00041184800086586297
MAR08268	6.080691388916384e-05
MAR08271	6.080691388916384e-05
MAR08275	0.0003676758667045217
MAR08276	3.200989169405193e-05
MAR08277	0.0002625036753898682
MAR08278	0.0009158425483720014
MAR08279	0.0002625036753898682
MAR08280	0.00030144998370686804
MAR08281	0.00041184800086586297
MAR08284	0.00041184800086586297
MAR08285	0.0002625036753898682
MAR08286	0.00030144998370686804
MAR08287	4.634216809769333e-05
MAR08288	0.00041184800086586297
MAR08291	0.00030144998370686804
MAR08292	0.00041184800086586297
MAR08293	0.0002625036753898682
MAR08294	0.00030144998370686804
MAR08295	0.00041184800086586297
MAR08298	0.00041184800086586297
MAR08302	0.00041184800086586297
MAR08305	0.0009158425483720014
MAR08306	0.0002625036753898682
MAR08307	4.634216809769333e-05
MAR08308	4.634216809769333e-05
MAR08309	4.634216809769333e-05
MAR08316	4.270078074964607e-05
MAR08317	0.0002625036753898682
MAR08318	0.0010521377744640446
MAR08319	6.080691388916384e-05
MAR08322	4.634216809769333e-05
MAR08325	0.00010564810360795588
MAR08326	4.634216809769333e-05
MAR08327	2.8989507163538074e-05
MAR08330	4.634216809769333e-05
MAR08331	4.634216809769333e-05
MAR08332	4.634216809769333e-05
MAR08333	4.634216809769333e-05
MAR08334	4.634216809769333e-05
MAR08337	0.00010564810360795588
MAR00712	0.003944770803593795
MAR03992	0.0023182834106410845
MAR04228	2.8841287887561833e-05
MAR04251	2.8841287887561833e-05
MAR04252	0.002459554749233259
MAR04253	0.0007102962940627164
MAR04254	0.002201073884134246
MAR04255	0.0005056644617734781
MAR04257	0.0002797421565089576
MAR04259	7.456973094148011e-05
MAR04260	0.0005889950121178275
MAR04261	0.0005889950121178275
MAR04262	0.0019193631790993305
MAR04263	0.0005056644617734781
MAR04264	0.002459554749233259
MAR04265	0.0007102962940627164
MAR04267	0.0002797421565089576
MAR04268	0.0005020456439137358
MAR04269	0.0010172815768510412
MAR04270	0.00031968356958100126
MAR04271	0.0010226605434233563
MAR04276	0.0002797421565089576
MAR04278	0.0005889950121178275
MAR04662	0.0016145258557514234
MAR07142	3.17021888351646e-05
MAR07143	3.17021888351646e-05
MAR07623	0.0009323504097906918
MAR07625	0.0009323504097906918
MAR07627	3.17021888351646e-05
MAR07676	6.85434786341908e-05
MAR07677	8.576115130268839e-05
MAR07678	8.576115130268839e-05
MAR08788	3.17021888351646e-05
MAR08790	0.0002797421565089576
MAR08791	0.0016145258557514234
MAR03871	0.0045845855939331895
MAR04058	0.0045845855939331895
MAR04498	7.456973094148011e-05
MAR04499	7.456973094148011e-05
MAR04500	0.0009214823563350259
MAR04714	0.0009493244695320368
MAR04715	0.0009493244695320368
MAR04716	7.456973094148011e-05
MAR04717	2.9576819542010863e-05
MAR04718	0.0009493244695320368
MAR04723	0.0016854347785924258
MAR04725	0.00032253911283625124
MAR04727	0.0045845855939331895
MAR04730	0.0009493244695320368
MAR04731	0.0009493244695320368
MAR04732	2.9076274719741422e-05
MAR04733	0.00032253911283625124
MAR04734	0.0045845855939331895
MAR07731	0.0009120622491451325
MAR08792	0.0004256435979313013
MAR00663	0.004171408829124909
MAR04308	0.0010608986904355388
MAR06539	2.8841287887561833e-05
MAR06540	0.0013206767528550776
MAR06542	0.0003427241750735173
MAR06543	0.0007578994713307992
MAR06544	0.0004051025426465453
MAR06545	0.005285501227324215
MAR06546	0.0016496420971123383
MAR06547	0.005285501227324215
MAR06548	0.0013057300753356248
MAR06549	0.0008662663356197355
MAR06550	0.0008367824819966238
MAR06551	0.0020352380865576152
MAR06552	0.0008694543848659278
MAR06553	0.0011151316739999384
MAR06554	0.0029011963103058075
MAR06555	0.0008243664154121387
MAR06556	0.0008367824819966238
MAR06557	0.005285501227324215
MAR06558	0.0008367824819966238
MAR06559	0.004171408829124909
MAR06560	0.0009474941590384278
MAR06561	0.0010664300858332556
MAR06562	0.0013206767528550776
MAR06563	0.0008707204935936726
MAR06564	0.0008559973360381814
MAR06565	0.0009474941590384278
MAR06566	0.002241464527501323
MAR06567	0.002241464527501323
MAR06568	0.00023326986964567525
MAR06569	0.0010664300858332556
MAR06570	0.0008662663356197355
MAR06571	0.0013206767528550776
MAR06572	0.0010608986904355388
MAR06573	0.00023326986964567525
MAR06574	0.00023326986964567525
MAR06575	0.002241464527501323
MAR06576	0.00034693402562447343
MAR06579	0.0020352380865576152
MAR06580	0.0020352380865576152
MAR06581	0.0020352380865576152
MAR06583	0.0008367824819966238
MAR06584	0.0008367824819966238
MAR06585	0.0008367824819966238
MAR06587	0.0003427241750735173
MAR06588	0.0003427241750735173
MAR06589	0.0003427241750735173
MAR06591	0.005285501227324215
MAR06592	0.0020352380865576152
MAR06595	0.0020352380865576152
MAR07652	0.0009001519610106411
MAR07654	0.0009001519610106411
MAR07655	0.0005286286837750465
MAR07656	0.0006576404441491245
MAR08799	0.00023326986964567525
MAR08800	0.00023326986964567525
MAR08801	7.456973094148011e-05
MAR08802	0.0005497776001551146
MAR08803	0.00023326986964567525
MAR08804	0.00023326986964567525
MAR08805	0.00023326986964567525
MAR08806	7.456973094148011e-05
MAR08807	0.0008367824819966238
MAR08808	0.0023193690230740214
MAR08809	0.0005497776001551146
MAR08810	0.0008662663356197355
MAR08811	0.0020352380865576152
MAR08812	0.0005497776001551146
MAR08813	0.0020352380865576152
MAR08814	0.0020352380865576152
MAR08815	0.0020352380865576152
MAR08816	0.0008243664154121387
MAR08817	0.0008694543848659278
MAR08818	0.004171408829124909
MAR08819	0.0013057300753356248
MAR08820	7.456973094148011e-05
MAR08821	0.0020352380865576152
MAR08822	0.004171408829124909
MAR08823	2.8841287887561833e-05
MAR08824	0.0003427241750735173
MAR08825	0.0013057300753356248
MAR08826	0.0029011963103058075
MAR08827	0.0013057300753356248
MAR08829	0.0003427241750735173
MAR08830	0.0016496420971123383
MAR08831	0.0020352380865576152
MAR08833	2.8841287887561833e-05
MAR08835	0.0009001519610106411
MAR08836	0.0009001519610106411
MAR03925	0.0010735523003522517
MAR03929	3.317093128180705e-05
MAR03972	7.456973094148011e-05
MAR04332	0.0022963003913930614
MAR04333	0.0022963003913930614
MAR04335	0.0022963003913930614
MAR04336	3.1531922310163335e-05
MAR04338	0.0027563378590002006
MAR04340	0.002265558232363625
MAR04440	0.002265558232363625
MAR04442	0.0027563378590002006
MAR04444	0.0027563378590002006
MAR04446	0.00019826426425673105
MAR04448	0.00019826426425673105
MAR04503	0.0027563378590002006
MAR04505	0.002265558232363625
MAR04654	0.0022963003913930614
MAR04655	0.0022963003913930614
MAR04656	0.0022963003913930614
MAR04665	0.00452731092914884
MAR09726	3.317093128180705e-05
MAR04666	0.0002993403321862338
MAR07145	6.976751115923257e-05
MAR07146	0.0005884336109159989
MAR07147	0.0004149635942256272
MAR07908	0.0036555620929090557
MAR07909	0.0036555620929090557
MAR07910	0.0036555620929090557
MAR07911	0.0036555620929090557
MAR07912	0.0036555620929090557
MAR07913	0.0036555620929090557
MAR07916	0.0016698377227671512
MAR07919	0.0016698377227671512
MAR07920	0.0016698377227671512
MAR07921	0.0016698377227671512
MAR07922	0.0016698377227671512
MAR07925	0.0016698377227671512
MAR08105	0.0036555620929090557
MAR08106	0.0036555620929090557
MAR08107	0.0036555620929090557
MAR08108	0.0036555620929090557
MAR08109	0.0036555620929090557
MAR08110	0.0036555620929090557
MAR08112	0.0036555620929090557
MAR08113	0.0036555620929090557
MAR08114	0.0036555620929090557
MAR08115	0.0036555620929090557
MAR08116	0.0036555620929090557
MAR08117	0.0036555620929090557
MAR08129	0.0016698377227671512
MAR08130	0.0016698377227671512
MAR08132	0.0016698377227671512
MAR08133	0.0016698377227671512
MAR08135	0.0016698377227671512
MAR08136	0.0016698377227671512
MAR08137	0.0016698377227671512
MAR08138	0.0016698377227671512
MAR08139	0.0016698377227671512
MAR08140	0.0016698377227671512
MAR08141	0.0016698377227671512
MAR08142	0.0016698377227671512
MAR08143	0.0002993403321862338
MAR08144	0.0027563378590002006
MAR08758	3.1531922310163335e-05
MAR07661	0.00018321836622634753
MAR07662	0.00018321836622634753
MAR07663	0.00018321836622634753
MAR07668	0.0004443962176573629
MAR07669	7.456973094148011e-05
MAR07670	0.0004443962176573629
MAR07671	7.456973094148011e-05
MAR07672	0.0010768722413115029
MAR07673	0.0010768722413115029
MAR04160	0.00044624986072728536
MAR04162	0.00044624986072728536
MAR04163	0.0009357515901311809
MAR04165	0.0030656359384389374
MAR04166	0.0030656359384389374
MAR04167	0.0030656359384389374
MAR04169	0.00044624986072728536
MAR04170	0.00044624986072728536
MAR04523	0.0010735523003522517
MAR04539	0.002586990621111565
MAR04540	0.002586990621111565
MAR04541	0.002586990621111565
MAR04542	0.002586990621111565
MAR04543	0.002586990621111565
MAR04544	0.002586990621111565
MAR04816	0.006804442530907432
MAR04817	0.00044624986072728536
MAR04818	0.00044624986072728536
MAR04833	0.00044624986072728536
MAR04834	0.00044624986072728536
MAR04835	0.00044624986072728536
MAR04836	0.00044624986072728536
MAR08538	0.002586990621111565
MAR08738	0.0009357515901311809
MAR08739	0.0030656359384389374
MAR08740	7.456973094148011e-05
MAR06393	7.456973094148011e-05
MAR06394	7.456973094148011e-05
MAR06396	0.0007229348636655637
MAR06405	0.00639132310635336
MAR08345	7.456973094148011e-05
MAR08346	2.8841287887561833e-05
MAR08348	7.456973094148011e-05
MAR08349	0.0032024582666120606
MAR08619	7.456973094148011e-05
MAR08620	7.456973094148011e-05
MAR08621	7.456973094148011e-05
MAR08622	7.456973094148011e-05
MAR08623	7.456973094148011e-05
MAR08624	7.456973094148011e-05
MAR08625	7.456973094148011e-05
MAR03991	0.15082222258948072
MAR04657	0.0018959625084160022
MAR04744	0.001184692000620362
MAR04746	0.0014621196668781035
MAR04748	0.00042421790417369746
MAR04750	0.0015212764142478392
MAR04752	0.0016424416056108157
MAR04755	0.00035046426813970227
MAR04757	0.00035046426813970227
MAR04762	0.0023295693296563453
MAR04763	0.0017211383870651216
MAR04764	0.003393560578184746
MAR04768	7.456973094148011e-05
MAR04769	7.456973094148011e-05
MAR04770	7.456973094148011e-05
MAR04771	7.456973094148011e-05
MAR04772	0.0015212764142478392
MAR04773	7.456973094148011e-05
MAR06395	0.0005111415733342896
MAR08634	0.003393560578184746
MAR09717	7.456973094148011e-05
MAR06630	0.0034283939584758435
MAR06631	0.0030252016928409677
MAR06632	0.0034283939584758435
MAR06633	0.0030252016928409677
MAR06634	0.00017258220471332662
MAR06635	0.0006306574538527206
MAR06636	0.0017064732214265117
MAR06637	4.4072151311146176e-05
MAR06638	0.0009051884462711099
MAR06639	0.0006306574538527206
MAR06640	0.00022089590062503546
MAR06641	0.0003636740788548571
MAR06642	0.0003636740788548571
MAR06643	3.848649321592442e-05
MAR06644	0.0009051884462711099
MAR06645	3.848649321592442e-05
MAR06646	0.010443919289222548
MAR06647	0.0007337219726568025
MAR06648	2.9619989486946232e-05
MAR06649	2.9619989486946232e-05
MAR06650	3.848649321592442e-05
MAR06651	3.848649321592442e-05
MAR06652	0.0007337219726568025
MAR06653	2.9619989486946232e-05
MAR06654	2.9619989486946232e-05
MAR06655	2.9619989486946232e-05
MAR06656	2.9619989486946232e-05
MAR06657	0.002879028817266516
MAR06658	0.002879028817266516
MAR06659	7.456973094148011e-05
MAR06660	7.456973094148011e-05
MAR06661	2.8841287887561833e-05
MAR06662	7.456973094148011e-05
MAR06663	7.456973094148011e-05
MAR06664	0.0003636740788548571
MAR06665	0.0003636740788548571
MAR06666	0.00016602190576359935
MAR06667	0.00016602190576359935
MAR06668	0.00016602190576359935
MAR06669	0.00016602190576359935
MAR06670	0.003715880363485768
MAR06671	0.0006306574538527206
MAR06672	7.456973094148011e-05
MAR06673	7.456973094148011e-05
MAR06674	0.0007337219726568025
MAR06675	0.0007337219726568025
MAR06676	0.0007337219726568025
MAR06677	0.00017258220471332662
MAR06678	0.00017258220471332662
MAR06679	0.00016602190576359935
MAR06680	0.00016602190576359935
MAR06681	0.0003636740788548571
MAR06682	0.0003636740788548571
MAR06683	0.0003636740788548571
MAR06684	0.0003636740788548571
MAR06685	0.00016602190576359935
MAR06686	0.00016602190576359935
MAR06687	0.0003636740788548571
MAR06690	7.456973094148011e-05
MAR06691	7.456973094148011e-05
MAR06692	7.456973094148011e-05
MAR06693	7.456973094148011e-05
MAR06694	7.456973094148011e-05
MAR06695	7.456973094148011e-05
MAR06697	7.456973094148011e-05
MAR06699	7.456973094148011e-05
MAR06700	0.00017258220471332662
MAR06701	0.00017258220471332662
MAR06702	0.0003636740788548571
MAR06703	0.0003636740788548571
MAR06704	0.00016602190576359935
MAR06705	0.00016602190576359935
MAR08697	3.0365018977938952e-05
MAR08698	7.456973094148011e-05
MAR08699	7.456973094148011e-05
MAR08700	3.261974639743911e-05
MAR08702	7.456973094148011e-05
MAR08703	7.456973094148011e-05
MAR08704	7.456973094148011e-05
MAR08706	7.456973094148011e-05
MAR08709	0.0009051884462711099
MAR08710	4.519542207078641e-05
MAR08711	7.456973094148011e-05
MAR08712	7.456973094148011e-05
MAR08713	0.00012860882859094003
MAR08717	0.00012860882859094003
MAR06506	0.0011543171656527244
MAR06507	0.00031968356958100126
MAR06508	0.001309451359047754
MAR06509	2.9076274719741422e-05
MAR06510	7.456973094148011e-05
MAR06511	0.003092045530036778
MAR04537	3.570135976009606e-05
MAR04545	2.9587535998469147e-05
MAR04546	4.0717236100782916e-05
MAR04547	2.8841287887561833e-05
MAR04548	0.002879028817266516
MAR04549	0.002120799180958196
MAR04550	2.8841287887561833e-05
MAR04551	7.456973094148011e-05
MAR04552	7.456973094148011e-05
MAR04553	7.456973094148011e-05
MAR04554	7.456973094148011e-05
MAR04555	2.8841287887561833e-05
MAR04556	2.8841287887561833e-05
MAR04557	2.8841287887561833e-05
MAR04558	0.0010088818229169792
MAR04559	0.0032024582666120606
MAR04560	8.576115130268839e-05
MAR04561	0.0030252016928409677
MAR04563	0.0031963432083020552
MAR04564	2.8841287887561833e-05
MAR04204	3.1527060321968874e-05
MAR04206	3.1527060321968874e-05
MAR04207	0.00019819958730010647
MAR04208	0.000246151977670376
MAR08744	0.000246151977670376
MAR08746	0.003268363643776411
MAR08748	7.456973094148011e-05
MAR08613	7.456973094148011e-05
MAR08615	0.0006327709436528202
MAR08616	0.0006327709436528202
MAR04064	0.00037293468365072956
MAR04065	0.001778378337406026
MAR04066	0.001778378337406026
MAR04067	0.0005133659672663071
MAR04068	0.001778378337406026
MAR04069	0.0005133659672663071
MAR04070	0.0005133659672663071
MAR04071	0.0005133659672663071
MAR08102	8.576115130268839e-05
MAR08724	0.00018150334732504987
MAR08725	0.00018150334732504987
MAR02114	7.456973094148011e-05
MAR02115	3.4808998256635e-05
MAR02117	6.448008502800297e-05
MAR02118	0.00032423042160858637
MAR02129	0.00015946565759605196
MAR02130	0.00015946565759605196
MAR02131	0.00015946565759605196
MAR02132	0.00015946565759605196
MAR02133	0.00015946565759605196
MAR02134	0.00015946565759605196
MAR02135	0.00015946565759605196
MAR02136	0.00015946565759605196
MAR02137	0.000953037234915787
MAR02138	0.000953037234915787
MAR02139	0.000953037234915787
MAR02140	0.000953037234915787
MAR02142	0.00015946565759605196
MAR02143	0.00015946565759605196
MAR02144	0.00015946565759605196
MAR02145	0.00015946565759605196
MAR07996	3.1626922738925516e-05
MAR07999	0.000953037234915787
MAR08003	7.456973094148011e-05
MAR08004	0.00032423042160858637
MAR08005	7.456973094148011e-05
MAR08006	7.456973094148011e-05
MAR08008	0.00032423042160858637
MAR08011	7.456973094148011e-05
MAR08012	7.456973094148011e-05
MAR08013	7.456973094148011e-05
MAR08014	7.456973094148011e-05
MAR06423	7.456973094148011e-05
MAR06426	0.00046956407529099745
MAR06427	0.00046956407529099745
MAR06428	0.00046956407529099745
MAR06429	0.00046956407529099745
MAR06432	0.009947721923987943
MAR06433	0.009947721923987943
MAR06434	7.456973094148011e-05
MAR06435	0.009947721923987943
MAR06436	0.009947721923987943
MAR06441	0.00046956407529099745
MAR06442	0.00046956407529099745
MAR06443	0.00046956407529099745
MAR06444	0.00046956407529099745
MAR06447	7.456973094148011e-05
MAR06448	0.009947721923987943
MAR06450	0.009947721923987943
MAR06451	0.009947721923987943
MAR06453	0.009947721923987943
MAR06456	7.456973094148011e-05
MAR06457	7.456973094148011e-05
MAR06458	7.456973094148011e-05
MAR06459	7.456973094148011e-05
MAR06460	7.456973094148011e-05
MAR06461	7.456973094148011e-05
MAR06464	0.00046956407529099745
MAR06465	0.00046956407529099745
MAR06466	0.00046956407529099745
MAR06467	0.00046956407529099745
MAR06470	7.456973094148011e-05
MAR06471	0.009947721923987943
MAR06472	0.009947721923987943
MAR06473	0.009947721923987943
MAR06476	0.00046956407529099745
MAR06500	7.456973094148011e-05
MAR06477	0.00046956407529099745
MAR06478	0.00046956407529099745
MAR06479	0.00046956407529099745
MAR06482	7.456973094148011e-05
MAR06484	0.009947721923987943
MAR06486	0.009947721923987943
MAR06488	7.456973094148011e-05
MAR06490	0.00016602190576359935
MAR06492	0.0009157522071853656
MAR06495	0.00016602190576359935
MAR06496	0.0009157522071853656
MAR06501	7.456973094148011e-05
MAR06992	0.002879028817266516
MAR06993	0.002879028817266516
MAR06994	0.002879028817266516
MAR06995	0.052651361529201156
MAR06996	0.0010866109839042849
MAR06997	7.456973094148011e-05
MAR06998	0.052651361529201156
MAR06999	0.002879028817266516
MAR07000	0.002879028817266516
MAR07001	0.002879028817266516
MAR07002	0.002879028817266516
MAR07003	0.052651361529201156
MAR07004	0.0010866109839042849
MAR07005	0.0037349326436005898
MAR07006	7.456973094148011e-05
MAR07007	7.456973094148011e-05
MAR07008	7.456973094148011e-05
MAR07009	7.456973094148011e-05
MAR07010	7.456973094148011e-05
MAR07011	7.456973094148011e-05
MAR07012	7.456973094148011e-05
MAR07013	0.052651361529201156
MAR07014	0.0010866109839042849
MAR07015	7.456973094148011e-05
MAR07016	7.456973094148011e-05
MAR07017	0.002879028817266516
MAR07018	2.9619989486946232e-05
MAR07019	0.002879028817266516
MAR07020	2.9619989486946232e-05
MAR07021	0.002879028817266516
MAR07022	0.052651361529201156
MAR07023	0.0010866109839042849
MAR07024	7.456973094148011e-05
MAR07025	0.003916009851720319
MAR07026	0.003916009851720319
MAR07027	0.003916009851720319
MAR07028	0.003916009851720319
MAR07029	0.052651361529201156
MAR07030	0.002879028817266516
MAR07031	7.456973094148011e-05
MAR07032	7.456973094148011e-05
MAR07033	0.002879028817266516
MAR07034	7.456973094148011e-05
MAR07035	0.010443919289222548
MAR07036	0.002879028817266516
MAR07037	7.456973094148011e-05
MAR07038	0.0030252016928409677
MAR07039	0.00016602190576359935
MAR07040	0.002879028817266516
MAR07041	0.052651361529201156
MAR07042	0.0010866109839042849
MAR07043	7.456973094148011e-05
MAR07044	6.448008502800297e-05
MAR07045	7.456973094148011e-05
MAR07046	7.456973094148011e-05
MAR07047	7.456973094148011e-05
MAR07048	0.002879028817266516
MAR07049	7.456973094148011e-05
MAR07050	0.052651361529201156
MAR07051	0.0010866109839042849
MAR07052	0.002879028817266516
MAR07053	0.002879028817266516
MAR07054	0.002879028817266516
MAR07055	0.0010866109839042849
MAR07056	0.002879028817266516
MAR07057	2.8841287887561833e-05
MAR07058	0.0010866109839042849
MAR07059	0.0037349326436005898
MAR07060	0.002879028817266516
MAR07061	6.448008502800297e-05
MAR07062	7.456973094148011e-05
MAR07063	2.8841287887561833e-05
MAR07064	2.8841287887561833e-05
MAR07065	0.00016602190576359935
MAR07066	0.00016602190576359935
MAR07067	7.456973094148011e-05
MAR07068	7.456973094148011e-05
MAR07069	7.456973094148011e-05
MAR07070	7.456973094148011e-05
MAR07071	7.456973094148011e-05
MAR07072	7.456973094148011e-05
MAR07073	7.456973094148011e-05
MAR07074	7.456973094148011e-05
MAR07075	7.456973094148011e-05
MAR07076	7.456973094148011e-05
MAR07077	7.456973094148011e-05
MAR07078	0.002879028817266516
MAR07079	0.052651361529201156
MAR07080	0.052651361529201156
MAR07081	0.0010866109839042849
MAR07082	0.002879028817266516
MAR07083	0.052651361529201156
MAR07084	0.052651361529201156
MAR07085	7.456973094148011e-05
MAR07086	7.456973094148011e-05
MAR07087	7.456973094148011e-05
MAR07088	0.002879028817266516
MAR07089	0.052651361529201156
MAR07090	7.456973094148011e-05
MAR07091	0.002879028817266516
MAR07092	0.052651361529201156
MAR07093	0.052651361529201156
MAR07094	7.456973094148011e-05
MAR07095	7.456973094148011e-05
MAR07096	0.002879028817266516
MAR07097	0.052651361529201156
MAR07098	7.456973094148011e-05
MAR07099	6.448008502800297e-05
MAR07100	0.052651361529201156
MAR07103	0.052651361529201156
MAR07104	7.456973094148011e-05
MAR07106	7.456973094148011e-05
MAR07688	5.306890242565636e-05
MAR08032	2.9418016522141188e-05
MAR08034	6.448008502800297e-05
MAR08036	2.8841287887561833e-05
MAR08037	2.8841287887561833e-05
MAR08038	2.8841287887561833e-05
MAR08040	3.849412210033307e-05
MAR08043	3.0443152899942364e-05
MAR08046	2.8841287887561833e-05
MAR08049	2.9751530589004282e-05
MAR08052	2.9418016522141188e-05
MAR08055	2.9457860559373696e-05
MAR08059	0.0002903239473730947
MAR08596	2.9418016522141188e-05
MAR08598	2.9418016522141188e-05
MAR08601	2.9418016522141188e-05
MAR06535	0.012613840959470973
MAR06536	0.012613840959470973
MAR09569	0.010443919289222548
MAR03955	0.015956857496100273
MAR03984	0.0033744146457214256
MAR04201	0.012613840959470973
MAR04202	0.0030252016928409677
MAR05127	7.456973094148011e-05
MAR05128	7.456973094148011e-05
MAR05363	7.456973094148011e-05
MAR07794	0.00582803469415637
MAR08617	7.456973094148011e-05
MAR08752	0.012613840959470973
MAR07741	0.0011501317479617017
MAR09464	0.0006956093648939233
MAR09465	2.8841287887561833e-05
MAR09466	0.0018724964874196216
MAR09467	0.0018724964874196216
MAR09468	0.0007113985442755772
MAR09469	0.0019954218764631874
MAR09470	0.001669162161854861
MAR09471	0.0026151702261675565
MAR09472	0.0031576921239823623
MAR09473	3.8973155217375094e-05
MAR09474	0.0031963432083020552
MAR09475	0.0001011442192227218
MAR09476	5.2541212137062844e-05
MAR09477	2.9072806675440285e-05
MAR09478	3.6897999022170134e-05
MAR09479	3.6897999022170134e-05
MAR09480	3.6897999022170134e-05
MAR09481	2.8841287887561833e-05
MAR09482	3.8973155217375094e-05
MAR09483	2.8841287887561833e-05
MAR09484	0.0017491431430397468
MAR09485	6.64739986636684e-05
MAR09487	0.004579204253169676
MAR09488	0.011830625462425606
MAR09489	7.456973094148011e-05
MAR09490	0.004322250692384946
MAR09491	0.013222762543112306
MAR09492	0.04434512805151785
MAR09493	0.00017785515789446
MAR09494	7.456973094148011e-05
MAR09495	0.0027442572404420655
MAR09496	0.0011864806717429353
MAR09497	3.2441002344579856e-05
MAR09498	0.0006157911626731744
MAR09499	0.004774237757046755
MAR09500	0.003910070575655771
MAR09501	0.0005676270095782618
MAR09502	0.0021182776241171473
MAR09503	2.9314923583482768e-05
MAR09504	0.0009729015666951414
MAR09505	0.0004995237917863062
MAR09506	0.0007138283672056778
MAR09507	0.000675507239657407
MAR09508	0.000675507239657407
MAR09509	0.00043574153992340114
MAR09510	0.0010802678143890599
MAR09511	0.0010843225083188998
MAR09512	0.0022482306981939193
MAR09513	0.0007698561238988586
MAR09514	6.120507331442176e-05
MAR09515	0.00025276647534505176
MAR09516	0.002702174049171607
MAR09517	0.0002003021094470607
MAR09518	0.0012347241980017684
MAR09519	0.0014259112391741893
MAR09520	0.0007051373150679352
MAR09521	0.00037424014839860316
MAR09522	0.003372137366109494
MAR09523	0.00038260580939498474
MAR09524	0.0009658827226987843
MAR09525	2.981476293369696e-05
MAR09527	0.00017258632822687037
MAR09528	0.0025639211678766326
MAR09529	0.00022077573466393671
MAR09530	0.000483963343267787
MAR09531	0.00025722078214480303
MAR09532	0.0008705327373930825
MAR09534	6.32271339139871e-05
MAR09535	0.0012154055511669603
MAR09536	0.0027466783773699055
MAR09537	0.0011219338633852499
MAR09538	0.011222218824231805
MAR09539	0.0003106929729516308
MAR09540	5.68739449512074e-05
MAR09541	0.0007252792655675312
MAR09542	0.0005373790590575451
MAR09543	2.8841287887561833e-05
MAR09544	0.00032343837816485897
MAR09545	0.001012270435773017
MAR09546	0.0012855610518054128
MAR09547	0.0006938978613788358
MAR09548	0.00036095159323190694
MAR09549	0.0008020096406245081
MAR09550	0.0006601585473590998
MAR09551	0.0015875051909781102
MAR09552	0.0005286286837750465
MAR09553	0.0017015908551456429
MAR09801	0.00013569656437819715
MAR09807	0.00022636581000688914
MAR09554	4.1385288534550125e-05
MAR09555	2.8841287887561833e-05
MAR09556	0.0011194736486495303
MAR09557	0.002529208307668548
MAR09558	0.00172467322521949
MAR09559	0.0017296913851697828
MAR09560	0.0009513149959853035
MAR09561	2.8841287887561833e-05
MAR09562	0.000373950861764097
MAR09563	0.0032024582666120606
MAR09564	0.0005106296085791845
MAR09565	0.0006785312226904101
MAR09566	0.0014380075415413663
MAR09567	0.0006785312226904101
MAR09568	0.0014380075415413663
MAR09570	0.0017491431430397468
MAR09571	0.0001951887641721657
MAR09572	0.0001951887641721657
MAR09573	0.00016602190576359935
MAR09574	0.00016602190576359935
MAR09575	0.0004593839837408153
MAR09580	0.0004087391112460808
MAR09581	0.0002401882628697339
MAR09582	0.00010249719425575736
MAR09583	6.955537276674729e-05
MAR09584	0.00010249719425575736
MAR09585	0.00031669418542692394
MAR09586	0.0007377464961903735
MAR09587	0.0017524332076325714
MAR09588	2.8841287887561833e-05
MAR09798	7.456973094148011e-05
MAR09806	0.011953669268329668
MAR00010	0.0033049012481635213
MAR00011	7.456973094148011e-05
MAR00012	7.456973094148011e-05
MAR00013	2.8841287887561833e-05
MAR00014	2.8841287887561833e-05
MAR00477	7.456973094148011e-05
MAR00545	7.456973094148011e-05
MAR00546	7.456973094148011e-05
MAR00547	7.456973094148011e-05
MAR00548	7.456973094148011e-05
MAR00549	7.456973094148011e-05
MAR00550	7.456973094148011e-05
MAR00551	7.456973094148011e-05
MAR00552	7.456973094148011e-05
MAR00553	7.456973094148011e-05
MAR00555	7.456973094148011e-05
MAR00556	7.456973094148011e-05
MAR00557	7.456973094148011e-05
MAR00558	7.456973094148011e-05
MAR00559	7.456973094148011e-05
MAR00560	7.456973094148011e-05
MAR00561	7.456973094148011e-05
MAR00685	7.456973094148011e-05
MAR00686	7.456973094148011e-05
MAR00687	7.456973094148011e-05
MAR00688	7.456973094148011e-05
MAR00689	7.456973094148011e-05
MAR00690	7.456973094148011e-05
MAR00691	7.456973094148011e-05
MAR00692	7.456973094148011e-05
MAR01185	7.456973094148011e-05
MAR01227	7.456973094148011e-05
MAR05233	7.456973094148011e-05
MAR05234	7.456973094148011e-05
MAR05238	7.456973094148011e-05
MAR05239	7.456973094148011e-05
MAR05243	7.456973094148011e-05
MAR05244	7.456973094148011e-05
MAR05247	7.456973094148011e-05
MAR05257	7.456973094148011e-05
MAR09022	7.456973094148011e-05
MAR00004	7.456973094148011e-05
MAR00006	0.010024135949173401
MAR00007	2.8841287887561833e-05
MAR00008	2.8841287887561833e-05
MAR00009	7.456973094148011e-05
MAR00015	7.456973094148011e-05
MAR00016	7.456973094148011e-05
MAR00017	7.456973094148011e-05
MAR00018	3.112522071926522e-05
MAR00019	0.0007629193566922629
MAR00155	0.003173139463699497
MAR00164	0.003173139463699497
MAR00167	0.003173139463699497
MAR00170	0.003173139463699497
MAR00173	0.003173139463699497
MAR00176	0.003173139463699497
MAR00179	0.003173139463699497
MAR00183	0.003173139463699497
MAR00187	0.003173139463699497
MAR00190	0.015956857496100273
MAR00191	0.003173139463699497
MAR00194	3.262101882673672e-05
MAR00195	0.003173139463699497
MAR00198	3.262101882673672e-05
MAR00199	0.003173139463699497
MAR00202	3.262101882673672e-05
MAR00203	0.003173139463699497
MAR00207	3.262101882673672e-05
MAR00208	0.003173139463699497
MAR00211	3.262101882673672e-05
MAR00212	0.003173139463699497
MAR00215	3.262101882673672e-05
MAR00216	0.003173139463699497
MAR00224	3.262101882673672e-05
MAR00225	0.003173139463699497
MAR00231	3.262101882673672e-05
MAR00232	0.003173139463699497
MAR00235	3.262101882673672e-05
MAR00236	0.003173139463699497
MAR00239	3.262101882673672e-05
MAR00240	0.003173139463699497
MAR00243	3.262101882673672e-05
MAR00244	0.003173139463699497
MAR00247	3.262101882673672e-05
MAR00248	0.003173139463699497
MAR00253	3.262101882673672e-05
MAR00254	0.003173139463699497
MAR00257	3.262101882673672e-05
MAR00258	0.003173139463699497
MAR00261	3.262101882673672e-05
MAR00262	0.003173139463699497
MAR00265	3.262101882673672e-05
MAR00266	0.003173139463699497
MAR00269	3.262101882673672e-05
MAR00270	0.003173139463699497
MAR00273	3.262101882673672e-05
MAR00274	0.003173139463699497
MAR00277	3.262101882673672e-05
MAR00278	0.003173139463699497
MAR00281	3.262101882673672e-05
MAR00282	0.003173139463699497
MAR00287	3.262101882673672e-05
MAR00288	0.003173139463699497
MAR00291	3.262101882673672e-05
MAR00292	0.003173139463699497
MAR00295	3.262101882673672e-05
MAR00296	0.003173139463699497
MAR00299	3.262101882673672e-05
MAR00300	0.003173139463699497
MAR00303	3.262101882673672e-05
MAR00304	0.003173139463699497
MAR00307	3.262101882673672e-05
MAR00308	0.003173139463699497
MAR00311	3.262101882673672e-05
MAR00312	0.003173139463699497
MAR00317	3.262101882673672e-05
MAR00318	0.003173139463699497
MAR00321	3.262101882673672e-05
MAR00322	0.003173139463699497
MAR00325	3.262101882673672e-05
MAR00326	0.003173139463699497
MAR00329	3.262101882673672e-05
MAR00330	0.003173139463699497
MAR00335	3.262101882673672e-05
MAR00336	0.003173139463699497
MAR00339	3.262101882673672e-05
MAR00340	0.003173139463699497
MAR00343	3.262101882673672e-05
MAR00344	0.003173139463699497
MAR00347	3.262101882673672e-05
MAR00348	0.003173139463699497
MAR00351	3.262101882673672e-05
MAR00352	0.003173139463699497
MAR00355	3.262101882673672e-05
MAR00356	0.003173139463699497
MAR00359	3.262101882673672e-05
MAR00360	0.003173139463699497
MAR00363	3.262101882673672e-05
MAR00364	0.003173139463699497
MAR00367	3.262101882673672e-05
MAR00368	0.003173139463699497
MAR00371	3.262101882673672e-05
MAR00372	0.003173139463699497
MAR00375	3.262101882673672e-05
MAR00376	0.003173139463699497
MAR00379	3.262101882673672e-05
MAR00380	0.003173139463699497
MAR00383	3.262101882673672e-05
MAR00384	0.003173139463699497
MAR00387	3.262101882673672e-05
MAR00388	0.003173139463699497
MAR00391	3.262101882673672e-05
MAR00392	0.003173139463699497
MAR00395	3.262101882673672e-05
MAR00396	0.003173139463699497
MAR00399	3.262101882673672e-05
MAR00400	0.003173139463699497
MAR00403	3.262101882673672e-05
MAR00404	0.003173139463699497
MAR00407	3.262101882673672e-05
MAR00408	0.003173139463699497
MAR00411	3.262101882673672e-05
MAR00412	0.003173139463699497
MAR00415	3.262101882673672e-05
MAR00416	0.003173139463699497
MAR00419	3.262101882673672e-05
MAR00420	0.003173139463699497
MAR00423	3.262101882673672e-05
MAR00424	0.003173139463699497
MAR00427	3.262101882673672e-05
MAR00428	0.003173139463699497
MAR00431	3.262101882673672e-05
MAR00432	0.003173139463699497
MAR00435	3.262101882673672e-05
MAR00436	0.003173139463699497
MAR00439	3.262101882673672e-05
MAR00440	7.456973094148011e-05
MAR00444	0.0015062942241247448
MAR00469	7.456973094148011e-05
MAR00470	3.022320527291853e-05
MAR00476	3.262101882673672e-05
MAR00770	0.001989224667560303
MAR00782	7.456973094148011e-05
MAR01082	0.0020184240650127877
MAR01086	2.8841287887561833e-05
MAR01898	0.00011087029077755572
MAR01899	0.00011087029077755572
MAR01900	0.00011087029077755572
MAR01901	0.00011087029077755572
MAR01902	0.00011087029077755572
MAR01903	0.00011087029077755572
MAR01904	0.00011087029077755572
MAR01905	0.00011087029077755572
MAR01906	0.00011087029077755572
MAR01907	0.00011087029077755572
MAR01908	0.00011087029077755572
MAR01909	0.00011087029077755572
MAR01910	7.456973094148011e-05
MAR01911	4.611853430619077e-05
MAR01913	7.456973094148011e-05
MAR01914	0.0003303794295740076
MAR01919	7.69513938181575e-05
MAR02013	7.456973094148011e-05
MAR03858	0.0031092116482532347
MAR03916	0.0003325061320537569
MAR03951	7.456973094148011e-05
MAR03959	7.456973094148011e-05
MAR03964	7.456973094148011e-05
MAR04062	7.456973094148011e-05
MAR04063	7.456973094148011e-05
MAR04249	7.456973094148011e-05
MAR04321	0.0006154970959841292
MAR04432	7.456973094148011e-05
MAR04433	0.00011087029077755572
MAR04434	0.00011087029077755572
MAR04435	0.00011087029077755572
MAR04436	0.00011087029077755572
MAR04691	0.0003879092362414786
MAR04721	0.0008702868469542278
MAR04844	0.0037823650067888527
MAR04845	2.9665033816694736e-05
MAR04847	0.0004116440395778328
MAR04848	0.0004116440395778328
MAR04849	3.060370028992088e-05
MAR04858	0.0038591200197431643
MAR04861	5.206505442196887e-05
MAR04873	2.8841287887561833e-05
MAR04875	7.456973094148011e-05
MAR04882	0.0004116440395778328
MAR04885	0.0015062942241247448
MAR04896	7.456973094148011e-05
MAR04910	0.003505204991210976
MAR04912	0.003505204991210976
MAR04919	7.456973094148011e-05
MAR04928	0.0031092116482532347
MAR04931	0.023519639993607094
MAR04932	0.001250835768134282
MAR04933	0.00039489985392727
MAR04934	7.456973094148011e-05
MAR04935	0.0031092116482532347
MAR04938	3.569071352192605e-05
MAR04939	3.366031671804715e-05
MAR04946	0.0003303794295740076
MAR04947	7.456973094148011e-05
MAR04948	7.456973094148011e-05
MAR04949	2.96666774050814e-05
MAR04952	7.456973094148011e-05
MAR04954	0.005071465960955893
MAR04956	0.0005310759528453969
MAR04958	7.456973094148011e-05
MAR04969	7.456973094148011e-05
MAR04973	0.0038591200197431643
MAR04975	2.9309710836459844e-05
MAR04976	0.0031092116482532347
MAR04980	0.0004116440395778328
MAR04982	7.456973094148011e-05
MAR04983	2.8841287887561833e-05
MAR04985	0.0004116440395778328
MAR04989	7.456973094148011e-05
MAR04990	7.456973094148011e-05
MAR04992	0.001908731232198843
MAR04993	7.456973094148011e-05
MAR04994	6.955537276674729e-05
MAR04995	7.456973094148011e-05
MAR04996	0.0038591200197431643
MAR04999	0.0002401882628697339
MAR05000	7.456973094148011e-05
MAR05002	7.456973094148011e-05
MAR05003	0.0017272380047431044
MAR05005	3.080612468440557e-05
MAR05007	0.0003325061320537569
MAR05008	0.0017272380047431044
MAR05009	7.456973094148011e-05
MAR05010	7.456973094148011e-05
MAR05011	7.456973094148011e-05
MAR05013	6.955537276674729e-05
MAR05018	0.0031092116482532347
MAR05020	7.456973094148011e-05
MAR05021	0.0008147525537906853
MAR05023	2.8841287887561833e-05
MAR05029	0.0038591200197431643
MAR05032	0.0017272380047431044
MAR05034	0.0017272380047431044
MAR05035	0.0017272380047431044
MAR05037	0.0017272380047431044
MAR05038	2.8841287887561833e-05
MAR05039	2.8841287887561833e-05
MAR05040	2.8841287887561833e-05
MAR05041	2.9665033816694736e-05
MAR05042	0.0017272380047431044
MAR05068	0.009013348366665145
MAR05070	0.06836198681739748
MAR05071	0.009013348366665145
MAR05073	0.06836198681739748
MAR05074	0.06836198681739748
MAR05076	0.06836198681739748
MAR05077	0.06836198681739748
MAR05078	0.06836198681739748
MAR05079	0.06836198681739748
MAR05080	0.06836198681739748
MAR05082	0.06836198681739748
MAR05084	0.06836198681739748
MAR05085	0.06836198681739748
MAR05087	0.06836198681739748
MAR05088	0.06836198681739748
MAR05089	0.06836198681739748
MAR05091	0.06836198681739748
MAR05092	0.06836198681739748
MAR05094	0.009013348366665145
MAR05129	2.9665033816694736e-05
MAR05198	7.456973094148011e-05
MAR05200	7.456973094148011e-05
MAR05202	7.456973094148011e-05
MAR05206	7.456973094148011e-05
MAR05213	7.456973094148011e-05
MAR05215	7.456973094148011e-05
MAR05216	7.456973094148011e-05
MAR05219	7.456973094148011e-05
MAR05221	7.456973094148011e-05
MAR05231	7.456973094148011e-05
MAR05232	7.456973094148011e-05
MAR05236	7.456973094148011e-05
MAR05237	7.456973094148011e-05
MAR05240	7.456973094148011e-05
MAR05241	0.00139181052056827
MAR05246	0.00139181052056827
MAR05296	7.456973094148011e-05
MAR05303	7.456973094148011e-05
MAR05305	0.010420217310016362
MAR05307	0.00406378087520967
MAR05308	0.010420217310016362
MAR05311	0.010420217310016362
MAR05313	0.00406378087520967
MAR05314	0.00010983099939067621
MAR05315	0.023519639993607094
MAR05316	0.00010983099939067621
MAR05317	2.8841287887561833e-05
MAR05318	2.8841287887561833e-05
MAR05319	0.010420217310016362
MAR05320	0.010420217310016362
MAR05322	0.010420217310016362
MAR05324	0.010420217310016362
MAR05326	0.010420217310016362
MAR05328	0.001250835768134282
MAR05330	0.001250835768134282
MAR05332	3.196784391127726e-05
MAR05333	0.010420217310016362
MAR05335	2.8841287887561833e-05
MAR05429	0.0190650309115162
MAR05430	0.0011811756244061759
MAR05432	0.00019746512806370444
MAR05433	3.8486959132745656e-05
MAR05435	3.092859332491893e-05
MAR05436	3.092859332491893e-05
MAR05437	3.092859332491893e-05
MAR05438	3.092859332491893e-05
MAR05439	3.092859332491893e-05
MAR05440	7.456973094148011e-05
MAR05441	6.11667729708216e-05
MAR05442	0.0013841548452956638
MAR05443	0.0013841548452956638
MAR05444	0.0013841548452956638
MAR05445	0.0013841548452956638
MAR05446	0.000713025325397543
MAR05447	0.001250835768134282
MAR05448	3.0191745964532508e-05
MAR05450	3.3440435798397184e-05
MAR05451	0.00040264952432449245
MAR05454	0.00040264952432449245
MAR05455	0.0018306950836183085
MAR05457	2.9412127499088146e-05
MAR05458	0.06836198681739748
MAR05459	0.06836198681739748
MAR05460	0.06836198681739748
MAR05461	0.06836198681739748
MAR05462	0.06836198681739748
MAR05463	0.06836198681739748
MAR05464	0.06836198681739748
MAR05465	0.06836198681739748
MAR05466	0.06836198681739748
MAR05467	0.06836198681739748
MAR05468	0.06836198681739748
MAR05469	0.06836198681739748
MAR05470	0.06836198681739748
MAR05471	0.06836198681739748
MAR05472	0.06836198681739748
MAR05473	0.06836198681739748
MAR05474	0.06836198681739748
MAR05475	0.06836198681739748
MAR05476	0.06836198681739748
MAR05477	0.06836198681739748
MAR05478	0.06836198681739748
MAR05479	0.06836198681739748
MAR05480	0.06836198681739748
MAR05481	0.06836198681739748
MAR05482	0.06836198681739748
MAR05483	0.06836198681739748
MAR05484	0.06836198681739748
MAR05485	0.06836198681739748
MAR05486	0.06836198681739748
MAR05487	0.06836198681739748
MAR05488	0.06836198681739748
MAR05489	0.06836198681739748
MAR05490	0.06836198681739748
MAR05491	0.06836198681739748
MAR05492	0.06836198681739748
MAR05493	0.06836198681739748
MAR05494	0.06836198681739748
MAR05495	0.06836198681739748
MAR05496	0.06836198681739748
MAR05497	0.06836198681739748
MAR05498	0.06836198681739748
MAR05499	0.06836198681739748
MAR05500	0.06836198681739748
MAR05501	0.06836198681739748
MAR05502	0.06836198681739748
MAR05503	0.06836198681739748
MAR05504	0.06836198681739748
MAR05505	0.06836198681739748
MAR05506	0.06836198681739748
MAR05507	0.06836198681739748
MAR05508	0.06836198681739748
MAR05509	0.06836198681739748
MAR05510	0.06836198681739748
MAR05511	0.06836198681739748
MAR05512	0.06836198681739748
MAR05513	0.06836198681739748
MAR05514	0.06836198681739748
MAR05515	0.06836198681739748
MAR05516	0.06836198681739748
MAR05517	0.06836198681739748
MAR05518	0.06836198681739748
MAR05519	0.06836198681739748
MAR05520	0.06836198681739748
MAR05521	0.06836198681739748
MAR05522	0.06836198681739748
MAR05523	0.06836198681739748
MAR05524	0.06836198681739748
MAR05525	0.06836198681739748
MAR05526	0.06836198681739748
MAR05527	0.06836198681739748
MAR05528	0.06836198681739748
MAR05529	0.06836198681739748
MAR05530	0.06836198681739748
MAR05531	0.06836198681739748
MAR05532	0.06836198681739748
MAR05533	0.06836198681739748
MAR05534	0.06836198681739748
MAR05535	0.06836198681739748
MAR05536	0.06836198681739748
MAR05537	0.06836198681739748
MAR05538	0.06836198681739748
MAR05539	0.06836198681739748
MAR05540	0.06836198681739748
MAR05541	0.06836198681739748
MAR05542	0.06836198681739748
MAR05543	0.06836198681739748
MAR05544	0.06836198681739748
MAR05545	0.06836198681739748
MAR05546	0.06836198681739748
MAR05547	0.06836198681739748
MAR05548	0.06836198681739748
MAR05549	0.06836198681739748
MAR05550	3.0597171430433636e-05
MAR05551	0.06836198681739748
MAR05552	0.06836198681739748
MAR05553	0.06836198681739748
MAR05554	0.06836198681739748
MAR05555	0.06836198681739748
MAR05556	0.06836198681739748
MAR05557	0.06836198681739748
MAR05558	0.06836198681739748
MAR05559	0.06836198681739748
MAR05560	0.06836198681739748
MAR05561	0.06836198681739748
MAR05562	0.06836198681739748
MAR05563	0.06836198681739748
MAR05564	0.06836198681739748
MAR05565	0.06836198681739748
MAR05566	0.06836198681739748
MAR05567	0.06836198681739748
MAR05568	0.06836198681739748
MAR05569	0.06836198681739748
MAR05570	0.06836198681739748
MAR05571	0.06836198681739748
MAR05572	0.06836198681739748
MAR05573	0.06836198681739748
MAR05574	0.06836198681739748
MAR05575	0.06836198681739748
MAR05576	0.06836198681739748
MAR05577	0.06836198681739748
MAR05578	0.06836198681739748
MAR05579	0.06836198681739748
MAR05580	0.06836198681739748
MAR05581	0.06836198681739748
MAR05582	0.06836198681739748
MAR05583	0.06836198681739748
MAR05584	0.06836198681739748
MAR05585	0.06836198681739748
MAR05586	0.06836198681739748
MAR05587	0.06836198681739748
MAR05588	0.06836198681739748
MAR05589	0.06836198681739748
MAR05590	0.06836198681739748
MAR05591	0.06836198681739748
MAR05592	0.06836198681739748
MAR05593	0.06836198681739748
MAR05594	0.06836198681739748
MAR05595	0.06836198681739748
MAR05596	0.06836198681739748
MAR05597	0.06836198681739748
MAR05598	0.06836198681739748
MAR05599	0.06836198681739748
MAR05600	0.06836198681739748
MAR05601	0.06836198681739748
MAR05602	0.06836198681739748
MAR05603	0.009892246080268865
MAR05604	0.009892246080268865
MAR05605	0.06836198681739748
MAR05606	0.06836198681739748
MAR05607	0.06836198681739748
MAR05608	0.06836198681739748
MAR05609	0.009892246080268865
MAR05610	0.06836198681739748
MAR05611	0.06836198681739748
MAR05612	0.009892246080268865
MAR05613	0.06836198681739748
MAR05614	0.009892246080268865
MAR05615	0.06836198681739748
MAR05616	0.06836198681739748
MAR05617	0.06836198681739748
MAR05618	0.009892246080268865
MAR05619	0.009892246080268865
MAR05620	0.06836198681739748
MAR05621	0.06836198681739748
MAR05622	0.06836198681739748
MAR05623	0.06836198681739748
MAR05624	0.009892246080268865
MAR05625	0.06836198681739748
MAR05626	0.06836198681739748
MAR05627	0.009892246080268865
MAR05628	0.06836198681739748
MAR05629	0.009892246080268865
MAR05630	0.06836198681739748
MAR05631	0.06836198681739748
MAR05632	0.06836198681739748
MAR05633	0.009892246080268865
MAR05634	0.009892246080268865
MAR05635	0.06836198681739748
MAR05636	0.06836198681739748
MAR05637	0.06836198681739748
MAR05638	0.06836198681739748
MAR05639	0.009892246080268865
MAR05640	0.06836198681739748
MAR05641	0.06836198681739748
MAR05642	0.009892246080268865
MAR05643	0.06836198681739748
MAR05644	0.009892246080268865
MAR05645	0.06836198681739748
MAR05646	0.06836198681739748
MAR05647	0.06836198681739748
MAR05648	0.06836198681739748
MAR05649	0.06836198681739748
MAR05650	0.06836198681739748
MAR05651	0.06836198681739748
MAR05652	0.06836198681739748
MAR05653	0.06836198681739748
MAR05654	0.06836198681739748
MAR05655	0.06836198681739748
MAR05656	0.06836198681739748
MAR05657	0.06836198681739748
MAR05658	0.06836198681739748
MAR05659	0.06836198681739748
MAR05660	0.06836198681739748
MAR05661	0.06836198681739748
MAR05662	0.06836198681739748
MAR05663	0.06836198681739748
MAR05664	0.06836198681739748
MAR05665	0.06836198681739748
MAR05666	0.06836198681739748
MAR05667	0.06836198681739748
MAR05668	0.06836198681739748
MAR05669	0.06836198681739748
MAR05670	0.06836198681739748
MAR05671	0.06836198681739748
MAR05672	0.06836198681739748
MAR05673	0.06836198681739748
MAR05674	0.06836198681739748
MAR05675	0.06836198681739748
MAR05676	0.06836198681739748
MAR05677	0.00037831880675848016
MAR05678	0.00037831880675848016
MAR05679	0.00037831880675848016
MAR05680	0.00037831880675848016
MAR05681	0.00037831880675848016
MAR05682	0.00037831880675848016
MAR05683	0.00037831880675848016
MAR05684	0.00037831880675848016
MAR05685	0.00037831880675848016
MAR05686	0.00037831880675848016
MAR05687	0.00037831880675848016
MAR05688	0.00037831880675848016
MAR05689	0.00037831880675848016
MAR05690	0.00037831880675848016
MAR05691	0.00037831880675848016
MAR05692	0.00037831880675848016
MAR05693	0.00037831880675848016
MAR05694	0.00037831880675848016
MAR05695	0.00037831880675848016
MAR05696	0.00037831880675848016
MAR05697	0.00037831880675848016
MAR05698	0.00037831880675848016
MAR05699	0.00037831880675848016
MAR05700	0.00037831880675848016
MAR05701	0.00037831880675848016
MAR05702	0.00037831880675848016
MAR05703	0.00037831880675848016
MAR05704	0.00037831880675848016
MAR05705	0.00037831880675848016
MAR05706	0.00037831880675848016
MAR05707	0.00037831880675848016
MAR05708	0.009892246080268865
MAR05709	0.009892246080268865
MAR05710	0.009892246080268865
MAR05711	0.00037831880675848016
MAR05712	0.00037831880675848016
MAR05713	0.00037831880675848016
MAR05714	0.00037831880675848016
MAR05715	0.00037831880675848016
MAR05716	0.00037831880675848016
MAR05717	0.009892246080268865
MAR05718	0.00037831880675848016
MAR05719	0.009892246080268865
MAR05720	0.00037831880675848016
MAR05721	0.00037831880675848016
MAR05722	0.00037831880675848016
MAR05723	0.00037831880675848016
MAR05724	0.00037831880675848016
MAR05725	0.00037831880675848016
MAR05726	0.00037831880675848016
MAR05727	0.00037831880675848016
MAR05728	0.00037831880675848016
MAR05729	0.00037831880675848016
MAR05730	0.00037831880675848016
MAR05731	0.00037831880675848016
MAR05732	0.00037831880675848016
MAR05733	0.00037831880675848016
MAR05734	0.00037831880675848016
MAR05735	0.00037831880675848016
MAR05736	0.00037831880675848016
MAR05737	0.00037831880675848016
MAR05738	0.00037831880675848016
MAR05739	0.00037831880675848016
MAR05740	0.00037831880675848016
MAR05741	0.00037831880675848016
MAR05742	0.00037831880675848016
MAR05743	0.00037831880675848016
MAR05744	0.00037831880675848016
MAR05745	0.00037831880675848016
MAR05746	0.00037831880675848016
MAR05747	0.00037831880675848016
MAR05748	0.00037831880675848016
MAR05749	0.00037831880675848016
MAR05750	0.00037831880675848016
MAR05751	0.00037831880675848016
MAR05752	0.00037831880675848016
MAR05753	0.009892246080268865
MAR05754	0.009892246080268865
MAR05755	0.009892246080268865
MAR05756	0.00037831880675848016
MAR05757	0.00037831880675848016
MAR05758	0.00037831880675848016
MAR05759	0.00037831880675848016
MAR05760	0.009892246080268865
MAR05761	0.00037831880675848016
MAR05762	0.00037831880675848016
MAR05763	0.00037831880675848016
MAR05764	0.009892246080268865
MAR05765	0.00037831880675848016
MAR05766	0.00037831880675848016
MAR05767	0.00037831880675848016
MAR05768	0.00037831880675848016
MAR05769	0.00037831880675848016
MAR05770	0.00037831880675848016
MAR05771	0.00037831880675848016
MAR05772	0.00037831880675848016
MAR05773	0.00037831880675848016
MAR05774	0.00037831880675848016
MAR05775	0.00037831880675848016
MAR05776	0.00037831880675848016
MAR05777	0.00037831880675848016
MAR05778	0.00037831880675848016
MAR05779	0.00037831880675848016
MAR05780	0.00037831880675848016
MAR05781	0.00037831880675848016
MAR05782	0.00037831880675848016
MAR05783	0.009892246080268865
MAR05784	0.009892246080268865
MAR05785	0.009892246080268865
MAR05786	0.00037831880675848016
MAR05787	0.00037831880675848016
MAR05788	0.00037831880675848016
MAR05789	0.00037831880675848016
MAR05790	0.009892246080268865
MAR05791	0.00037831880675848016
MAR05792	0.00037831880675848016
MAR05793	0.009892246080268865
MAR05794	0.00037831880675848016
MAR05795	0.00037831880675848016
MAR05796	0.00037831880675848016
MAR05797	0.00037831880675848016
MAR05798	0.00037831880675848016
MAR05799	0.00037831880675848016
MAR05800	0.00037831880675848016
MAR05801	0.00037831880675848016
MAR05802	0.00037831880675848016
MAR05803	0.00037831880675848016
MAR05804	0.00037831880675848016
MAR05805	0.00037831880675848016
MAR05806	0.00037831880675848016
MAR05807	0.00037831880675848016
MAR05808	0.00037831880675848016
MAR05809	0.00037831880675848016
MAR05810	0.00037831880675848016
MAR05811	0.00037831880675848016
MAR05812	0.00037831880675848016
MAR05813	0.00037831880675848016
MAR05814	0.00037831880675848016
MAR05815	0.00037831880675848016
MAR05816	0.00037831880675848016
MAR05817	0.00037831880675848016
MAR05818	0.00037831880675848016
MAR05819	0.00037831880675848016
MAR05820	0.00037831880675848016
MAR05821	0.00037831880675848016
MAR05822	0.00037831880675848016
MAR05823	0.00037831880675848016
MAR05824	0.00037831880675848016
MAR05825	0.00037831880675848016
MAR05826	0.00037831880675848016
MAR05827	0.00037831880675848016
MAR05828	0.00037831880675848016
MAR05829	0.00037831880675848016
MAR05830	0.00037831880675848016
MAR05831	0.00037831880675848016
MAR05832	0.00037831880675848016
MAR05833	0.00037831880675848016
MAR05834	0.00037831880675848016
MAR05835	0.00037831880675848016
MAR05836	0.00037831880675848016
MAR05837	0.00037831880675848016
MAR05838	0.00037831880675848016
MAR05839	0.00037831880675848016
MAR05840	0.00037831880675848016
MAR05841	0.00037831880675848016
MAR05842	0.00037831880675848016
MAR05843	0.00037831880675848016
MAR05844	0.00037831880675848016
MAR05845	0.00037831880675848016
MAR05846	0.00037831880675848016
MAR05847	0.00037831880675848016
MAR05848	0.00037831880675848016
MAR05849	0.00037831880675848016
MAR05850	0.00037831880675848016
MAR05851	0.00037831880675848016
MAR05852	0.00037831880675848016
MAR05853	0.00037831880675848016
MAR05854	0.00037831880675848016
MAR05855	0.00037831880675848016
MAR05856	0.00037831880675848016
MAR05857	0.00037831880675848016
MAR05858	0.00037831880675848016
MAR05859	0.00037831880675848016
MAR05860	0.00037831880675848016
MAR05861	0.00037831880675848016
MAR05862	0.00037831880675848016
MAR05863	0.00037831880675848016
MAR05864	0.00037831880675848016
MAR05865	0.00037831880675848016
MAR05866	0.00037831880675848016
MAR05867	0.00037831880675848016
MAR05868	0.00037831880675848016
MAR05869	0.00037831880675848016
MAR05870	0.00037831880675848016
MAR05871	0.00037831880675848016
MAR05872	0.00037831880675848016
MAR05873	0.023519639993607094
MAR05874	0.00037831880675848016
MAR05875	0.00037831880675848016
MAR05876	0.00037831880675848016
MAR05877	0.00037831880675848016
MAR05878	0.00037831880675848016
MAR05879	0.00037831880675848016
MAR05880	0.00037831880675848016
MAR05881	0.00037831880675848016
MAR05882	0.00037831880675848016
MAR05883	0.00037831880675848016
MAR05884	0.00037831880675848016
MAR05885	0.00037831880675848016
MAR05886	0.00037831880675848016
MAR05887	0.00037831880675848016
MAR05888	0.00037831880675848016
MAR05889	0.00037831880675848016
MAR05890	0.00037831880675848016
MAR05891	0.00037831880675848016
MAR05892	0.00037831880675848016
MAR05893	0.00037831880675848016
MAR05894	0.00037831880675848016
MAR05895	0.00037831880675848016
MAR05896	0.00037831880675848016
MAR05897	0.00037831880675848016
MAR05898	0.00037831880675848016
MAR05899	0.00037831880675848016
MAR05900	0.00037831880675848016
MAR05901	0.00037831880675848016
MAR05902	0.00037831880675848016
MAR05903	0.00037831880675848016
MAR05904	0.00037831880675848016
MAR05905	0.00037831880675848016
MAR05906	0.00037831880675848016
MAR05907	0.00037831880675848016
MAR05908	0.00037831880675848016
MAR05909	0.00037831880675848016
MAR05910	0.00037831880675848016
MAR05911	0.00037831880675848016
MAR05912	0.00037831880675848016
MAR05913	0.00037831880675848016
MAR05914	0.00037831880675848016
MAR05915	0.00037831880675848016
MAR05916	0.00037831880675848016
MAR05917	0.00037831880675848016
MAR05918	0.00037831880675848016
MAR05919	0.00037831880675848016
MAR05920	0.00037831880675848016
MAR05921	0.00037831880675848016
MAR05922	0.00037831880675848016
MAR05923	0.00037831880675848016
MAR05924	0.00037831880675848016
MAR05925	0.00037831880675848016
MAR05926	0.00037831880675848016
MAR05927	0.00037831880675848016
MAR05928	0.00037831880675848016
MAR05929	0.00037831880675848016
MAR05930	0.00037831880675848016
MAR05931	0.00037831880675848016
MAR05932	0.00037831880675848016
MAR05933	0.00037831880675848016
MAR05934	0.00037831880675848016
MAR05935	0.00037831880675848016
MAR05936	0.00037831880675848016
MAR05937	0.00037831880675848016
MAR05938	0.00037831880675848016
MAR05939	0.00037831880675848016
MAR05940	0.00037831880675848016
MAR05941	0.00037831880675848016
MAR05942	0.00037831880675848016
MAR05943	0.00037831880675848016
MAR05944	0.00037831880675848016
MAR05945	0.00037831880675848016
MAR05946	0.00037831880675848016
MAR05947	0.00037831880675848016
MAR05948	0.00037831880675848016
MAR05949	0.00037831880675848016
MAR05950	0.00037831880675848016
MAR05951	0.00037831880675848016
MAR05952	0.00037831880675848016
MAR05953	0.00037831880675848016
MAR05954	0.00037831880675848016
MAR05955	0.00037831880675848016
MAR05956	0.00037831880675848016
MAR05957	0.00037831880675848016
MAR05958	0.00037831880675848016
MAR05959	0.00037831880675848016
MAR05960	0.00037831880675848016
MAR05961	0.00037831880675848016
MAR05962	0.00037831880675848016
MAR05963	0.00037831880675848016
MAR05964	0.00037831880675848016
MAR05965	0.00037831880675848016
MAR05966	0.00037831880675848016
MAR05967	0.00037831880675848016
MAR05968	0.00037831880675848016
MAR05969	0.00037831880675848016
MAR05970	0.00037831880675848016
MAR05971	0.00037831880675848016
MAR05972	0.00037831880675848016
MAR05973	0.00037831880675848016
MAR05974	0.00037831880675848016
MAR05975	0.00037831880675848016
MAR05976	0.00037831880675848016
MAR05977	0.00037831880675848016
MAR05978	0.00037831880675848016
MAR05979	0.00037831880675848016
MAR05980	0.00037831880675848016
MAR05981	0.00037831880675848016
MAR05982	0.00037831880675848016
MAR05983	0.00037831880675848016
MAR05984	0.00037831880675848016
MAR05985	0.00037831880675848016
MAR05986	0.00037831880675848016
MAR05987	0.0005339898582896497
MAR05989	0.003538393858451425
MAR05990	0.0011066945456427995
MAR05992	3.569071352192605e-05
MAR05993	7.456973094148011e-05
MAR05994	3.366031671804715e-05
MAR05995	3.366031671804715e-05
MAR05996	0.00037831880675848016
MAR05997	2.9100737330055287e-05
MAR05998	0.0031092116482532347
MAR06000	0.0031092116482532347
MAR06001	0.0031092116482532347
MAR06002	0.0031092116482532347
MAR06003	0.0031092116482532347
MAR06004	0.0031092116482532347
MAR06005	0.0031092116482532347
MAR06006	0.0031092116482532347
MAR06007	0.0031092116482532347
MAR06008	0.0031092116482532347
MAR06009	0.0031092116482532347
MAR06010	0.0031092116482532347
MAR06011	0.0031092116482532347
MAR06012	0.0031092116482532347
MAR06013	0.0031092116482532347
MAR06014	0.0031092116482532347
MAR06015	0.0031092116482532347
MAR06016	0.0031092116482532347
MAR06017	0.0031092116482532347
MAR06018	0.0031092116482532347
MAR06019	0.0031092116482532347
MAR06020	0.0031092116482532347
MAR06021	0.0031092116482532347
MAR06022	0.0031092116482532347
MAR06023	0.0031092116482532347
MAR06024	0.0031092116482532347
MAR06025	0.0031092116482532347
MAR06026	0.0031092116482532347
MAR06027	0.0031092116482532347
MAR06028	0.0031092116482532347
MAR06029	0.0031092116482532347
MAR06030	0.0031092116482532347
MAR06031	0.0031092116482532347
MAR06032	0.0031092116482532347
MAR06033	0.0031092116482532347
MAR06034	0.0031092116482532347
MAR06035	0.0031092116482532347
MAR06036	0.0031092116482532347
MAR06037	0.0031092116482532347
MAR06038	0.0031092116482532347
MAR06039	0.0031092116482532347
MAR06040	0.0031092116482532347
MAR06041	0.0031092116482532347
MAR06042	0.0031092116482532347
MAR06043	0.0031092116482532347
MAR06044	0.0031092116482532347
MAR06045	0.0031092116482532347
MAR06046	0.0031092116482532347
MAR06047	0.0031092116482532347
MAR06048	0.0031092116482532347
MAR06049	0.0031092116482532347
MAR06050	0.0031092116482532347
MAR06051	0.0031092116482532347
MAR06052	0.0031092116482532347
MAR06053	0.0031092116482532347
MAR06054	0.0031092116482532347
MAR06055	0.0015481998972797437
MAR06056	0.0002966002553298758
MAR06057	2.8841287887561833e-05
MAR06058	3.273155538439371e-05
MAR06059	0.00036556102930459904
MAR06060	0.00011087029077755572
MAR06061	0.00011087029077755572
MAR06062	0.00011087029077755572
MAR06063	0.00011087029077755572
MAR06064	0.00011087029077755572
MAR06065	0.00011087029077755572
MAR06066	0.00011087029077755572
MAR06067	0.00011087029077755572
MAR06068	0.00011087029077755572
MAR06069	0.00011087029077755572
MAR06070	0.00011087029077755572
MAR06071	0.00011087029077755572
MAR06072	0.00011087029077755572
MAR06073	0.00011087029077755572
MAR06074	0.00011087029077755572
MAR06075	0.00011087029077755572
MAR06076	0.00011087029077755572
MAR06077	0.00011087029077755572
MAR06078	0.00011087029077755572
MAR06079	0.00011087029077755572
MAR06080	0.00011087029077755572
MAR06081	0.00011087029077755572
MAR06082	0.00011087029077755572
MAR06083	0.00011087029077755572
MAR06084	0.00011087029077755572
MAR06085	0.00011087029077755572
MAR06086	0.00011087029077755572
MAR06087	0.00011087029077755572
MAR06088	0.00011087029077755572
MAR06089	0.00011087029077755572
MAR06090	0.00011087029077755572
MAR06091	0.00011087029077755572
MAR06092	0.00011087029077755572
MAR06093	0.00011087029077755572
MAR06094	0.00011087029077755572
MAR06095	0.00011087029077755572
MAR06096	0.00040695677547617523
MAR06097	0.00011087029077755572
MAR06098	0.00040695677547617523
MAR06099	0.00011087029077755572
MAR06100	0.00011087029077755572
MAR06101	0.0015481998972797437
MAR06102	0.00011087029077755572
MAR06103	3.276296616824683e-05
MAR06104	3.276296616824683e-05
MAR06105	3.276296616824683e-05
MAR06106	3.276296616824683e-05
MAR06107	3.276296616824683e-05
MAR06108	0.00011087029077755572
MAR06109	0.00011087029077755572
MAR06110	0.00011087029077755572
MAR06111	0.00011087029077755572
MAR06112	0.00011087029077755572
MAR06113	0.00011087029077755572
MAR06114	0.00011087029077755572
MAR06115	0.00011087029077755572
MAR06116	0.00011087029077755572
MAR06117	0.00011087029077755572
MAR06118	0.00011087029077755572
MAR06119	0.00011087029077755572
MAR06120	0.00011087029077755572
MAR06121	0.00011087029077755572
MAR06122	0.00011087029077755572
MAR06123	3.276296616824683e-05
MAR06124	3.276296616824683e-05
MAR06125	3.276296616824683e-05
MAR06126	3.276296616824683e-05
MAR06127	3.276296616824683e-05
MAR06128	3.276296616824683e-05
MAR06129	0.0015481998972797437
MAR06130	3.276296616824683e-05
MAR06131	3.276296616824683e-05
MAR06132	3.276296616824683e-05
MAR06133	3.276296616824683e-05
MAR06134	3.276296616824683e-05
MAR06135	3.276296616824683e-05
MAR06136	3.276296616824683e-05
MAR06137	3.276296616824683e-05
MAR06138	3.276296616824683e-05
MAR06139	3.276296616824683e-05
MAR06140	3.276296616824683e-05
MAR06141	3.276296616824683e-05
MAR06145	3.276296616824683e-05
MAR06146	3.276296616824683e-05
MAR06147	3.276296616824683e-05
MAR06148	3.276296616824683e-05
MAR06149	3.276296616824683e-05
MAR06150	3.276296616824683e-05
MAR06151	3.276296616824683e-05
MAR06152	3.276296616824683e-05
MAR06153	3.276296616824683e-05
MAR06154	3.276296616824683e-05
MAR06155	3.276296616824683e-05
MAR06156	3.276296616824683e-05
MAR06157	3.276296616824683e-05
MAR06158	3.276296616824683e-05
MAR06159	3.276296616824683e-05
MAR06160	3.276296616824683e-05
MAR06161	3.276296616824683e-05
MAR06162	3.276296616824683e-05
MAR06163	3.276296616824683e-05
MAR06164	3.276296616824683e-05
MAR06165	3.276296616824683e-05
MAR06166	3.276296616824683e-05
MAR06167	3.276296616824683e-05
MAR06168	3.276296616824683e-05
MAR06169	3.276296616824683e-05
MAR06170	3.276296616824683e-05
MAR06171	3.276296616824683e-05
MAR06172	3.276296616824683e-05
MAR06173	3.276296616824683e-05
MAR06174	3.276296616824683e-05
MAR06175	3.276296616824683e-05
MAR06176	3.276296616824683e-05
MAR06177	3.276296616824683e-05
MAR06178	3.276296616824683e-05
MAR06179	3.276296616824683e-05
MAR06180	3.276296616824683e-05
MAR06181	3.276296616824683e-05
MAR06182	3.276296616824683e-05
MAR06183	3.276296616824683e-05
MAR06184	3.276296616824683e-05
MAR06185	3.276296616824683e-05
MAR06186	3.276296616824683e-05
MAR06187	3.276296616824683e-05
MAR06188	3.276296616824683e-05
MAR06189	3.276296616824683e-05
MAR06190	3.276296616824683e-05
MAR06191	3.276296616824683e-05
MAR06192	3.276296616824683e-05
MAR06193	3.276296616824683e-05
MAR06194	3.276296616824683e-05
MAR06195	3.276296616824683e-05
MAR06196	3.276296616824683e-05
MAR06197	3.276296616824683e-05
MAR06198	3.276296616824683e-05
MAR06199	3.276296616824683e-05
MAR06200	3.276296616824683e-05
MAR06201	3.276296616824683e-05
MAR06202	3.276296616824683e-05
MAR06203	3.276296616824683e-05
MAR06204	3.276296616824683e-05
MAR06205	3.276296616824683e-05
MAR06206	3.276296616824683e-05
MAR06207	3.276296616824683e-05
MAR06208	3.276296616824683e-05
MAR06209	3.276296616824683e-05
MAR06210	3.276296616824683e-05
MAR06211	3.276296616824683e-05
MAR06212	3.276296616824683e-05
MAR06213	3.276296616824683e-05
MAR06214	0.00011087029077755572
MAR06215	0.00011087029077755572
MAR06216	0.00011087029077755572
MAR06217	0.00011087029077755572
MAR06218	7.43681259301101e-05
MAR06219	7.43681259301101e-05
MAR06221	7.43681259301101e-05
MAR06222	7.43681259301101e-05
MAR06223	7.43681259301101e-05
MAR06224	7.43681259301101e-05
MAR06225	7.43681259301101e-05
MAR06226	7.43681259301101e-05
MAR06227	7.43681259301101e-05
MAR06228	7.43681259301101e-05
MAR06229	7.43681259301101e-05
MAR06230	7.43681259301101e-05
MAR06231	7.43681259301101e-05
MAR06232	7.43681259301101e-05
MAR06233	7.43681259301101e-05
MAR06234	7.43681259301101e-05
MAR06235	7.43681259301101e-05
MAR06236	7.43681259301101e-05
MAR06237	7.43681259301101e-05
MAR06238	7.43681259301101e-05
MAR06239	7.43681259301101e-05
MAR06240	7.43681259301101e-05
MAR06241	0.0002401882628697339
MAR06242	0.0002586620119573877
MAR06243	0.0002401882628697339
MAR06244	2.9453759441768228e-05
MAR06245	0.0002401882628697339
MAR06246	0.0015481998972797437
MAR06247	0.0002401882628697339
MAR06248	3.0244349662584257e-05
MAR06249	3.223420065287479e-05
MAR06250	2.8841287887561833e-05
MAR06251	7.456973094148011e-05
MAR06253	2.8841287887561833e-05
MAR06254	2.8841287887561833e-05
MAR06255	2.8841287887561833e-05
MAR06256	2.8841287887561833e-05
MAR06257	0.00040695677547617523
MAR06258	2.8841287887561833e-05
MAR06259	2.8841287887561833e-05
MAR06260	7.456973094148011e-05
MAR06261	2.8841287887561833e-05
MAR06262	2.8841287887561833e-05
MAR06263	2.8841287887561833e-05
MAR06264	2.8841287887561833e-05
MAR06265	2.8841287887561833e-05
MAR06266	7.43681259301101e-05
MAR06267	2.8841287887561833e-05
MAR06268	0.0015481998972797437
MAR06269	7.456973094148011e-05
MAR06270	2.8841287887561833e-05
MAR06271	2.8841287887561833e-05
MAR06272	2.8841287887561833e-05
MAR06273	2.8841287887561833e-05
MAR06274	2.8841287887561833e-05
MAR06275	0.0008147525537906853
MAR06351	2.9665033816694736e-05
MAR06352	2.9665033816694736e-05
MAR06353	2.9665033816694736e-05
MAR06354	2.9665033816694736e-05
MAR06355	2.922379920423363e-05
MAR06356	2.922379920423363e-05
MAR06357	2.922379920423363e-05
MAR06358	2.922379920423363e-05
MAR06359	2.922379920423363e-05
MAR06360	2.922379920423363e-05
MAR06361	2.922379920423363e-05
MAR06362	2.922379920423363e-05
MAR06363	2.922379920423363e-05
MAR06364	2.922379920423363e-05
MAR06365	2.922379920423363e-05
MAR06366	0.0017272380047431044
MAR06367	0.0017272380047431044
MAR06368	0.0017272380047431044
MAR06369	0.0017272380047431044
MAR06370	0.0009733059412519657
MAR06371	0.0005112141013607699
MAR06372	0.0005112141013607699
MAR06373	0.0005112141013607699
MAR06374	0.0005112141013607699
MAR06375	0.010420217310016362
MAR06377	0.009892246080268865
MAR06379	0.009013348366665145
MAR06380	0.00406378087520967
MAR06381	0.010420217310016362
MAR06382	0.010420217310016362
MAR06383	0.009013348366665145
MAR06384	0.010420217310016362
MAR06392	0.0020184240650127877
MAR06424	7.456973094148011e-05
MAR06439	7.456973094148011e-05
MAR06462	7.456973094148011e-05
MAR06474	0.0007629193566922629
MAR06505	7.456973094148011e-05
MAR06512	0.005285501227324215
MAR06514	7.456973094148011e-05
MAR06516	7.456973094148011e-05
MAR06524	3.100853643959837e-05
MAR06525	0.0015702592135023923
MAR06526	0.0005310759528453969
MAR06527	0.0011066945456427995
MAR06529	2.9944940766166564e-05
MAR06530	0.0002092239724614647
MAR06531	0.0002092239724614647
MAR06532	0.0002092239724614647
MAR06533	0.0002092239724614647
MAR06534	0.0003303794295740076
MAR06628	0.00014392010108298204
MAR06732	0.0002401882628697339
MAR06733	0.0002586620119573877
MAR06989	2.8841287887561833e-05
MAR06991	7.456973094148011e-05
MAR07109	7.456973094148011e-05
MAR07111	7.456973094148011e-05
MAR07113	7.456973094148011e-05
MAR07115	7.456973094148011e-05
MAR07117	7.456973094148011e-05
MAR07119	7.456973094148011e-05
MAR07121	7.456973094148011e-05
MAR07123	7.456973094148011e-05
MAR07125	7.456973094148011e-05
MAR07127	7.456973094148011e-05
MAR07173	7.456973094148011e-05
MAR07184	7.456973094148011e-05
MAR07223	7.456973094148011e-05
MAR07253	7.456973094148011e-05
MAR07372	7.456973094148011e-05
MAR07453	7.456973094148011e-05
MAR07482	7.456973094148011e-05
MAR07499	0.0004116440395778328
MAR07511	7.456973094148011e-05
MAR07523	7.456973094148011e-05
MAR07539	7.456973094148011e-05
MAR07555	7.456973094148011e-05
MAR07568	0.0015087375596405
MAR07569	0.0015087375596405
MAR07579	7.456973094148011e-05
MAR07583	7.456973094148011e-05
MAR07608	7.456973094148011e-05
MAR07609	7.456973094148011e-05
MAR07629	0.003033543371224472
MAR07630	3.638059571280958e-05
MAR07631	0.0002524091749069479
MAR07632	0.0002524091749069479
MAR07633	5.1020345657191586e-05
MAR07634	5.1020345657191586e-05
MAR07635	5.1020345657191586e-05
MAR07636	5.1020345657191586e-05
MAR07637	5.1020345657191586e-05
MAR07639	0.001250835768134282
MAR07643	0.023519639993607094
MAR07644	0.023519639993607094
MAR07645	0.0005112141013607699
MAR07650	0.000713025325397543
MAR07651	0.00040695677547617523
MAR07660	7.456973094148011e-05
MAR07666	0.0031092116482532347
MAR07667	0.0008702868469542278
MAR07679	7.456973094148011e-05
MAR07680	0.00016179644953068592
MAR07681	2.8841287887561833e-05
MAR07682	0.00021215533080909721
MAR07683	0.00021215533080909721
MAR07684	0.00021215533080909721
MAR07685	0.00021215533080909721
MAR07686	0.00021215533080909721
MAR07687	0.00021215533080909721
MAR07690	7.456973094148011e-05
MAR07691	0.0013841548452956638
MAR07692	0.0013841548452956638
MAR07699	4.1434641643252436e-05
MAR07700	2.8841287887561833e-05
MAR07734	2.8841287887561833e-05
MAR07735	0.00018043417254991534
MAR07736	2.8841287887561833e-05
MAR07737	2.8841287887561833e-05
MAR07738	2.8841287887561833e-05
MAR07739	2.8841287887561833e-05
MAR07774	7.456973094148011e-05
MAR07781	7.456973094148011e-05
MAR07787	7.456973094148011e-05
MAR07798	7.456973094148011e-05
MAR07896	7.456973094148011e-05
MAR07898	7.456973094148011e-05
MAR07900	7.456973094148011e-05
MAR07901	7.456973094148011e-05
MAR07902	0.0003303794295740076
MAR07903	7.456973094148011e-05
MAR07904	2.8841287887561833e-05
MAR07905	2.8841287887561833e-05
MAR07906	7.456973094148011e-05
MAR07946	3.092859332491893e-05
MAR07951	7.456973094148011e-05
MAR07961	7.456973094148011e-05
MAR07964	0.0009518544396327312
MAR07967	0.0020184240650127877
MAR07975	7.456973094148011e-05
MAR07977	7.456973094148011e-05
MAR07979	7.456973094148011e-05
MAR07982	0.0020184240650127877
MAR07986	0.0020184240650127877
MAR07990	0.0020184240650127877
MAR07994	7.456973094148011e-05
MAR07997	7.456973094148011e-05
MAR08002	7.456973094148011e-05
MAR08007	7.456973094148011e-05
MAR08010	7.456973094148011e-05
MAR08015	7.456973094148011e-05
MAR08023	7.456973094148011e-05
MAR08031	2.9529765601808792e-05
MAR08033	7.456973094148011e-05
MAR08035	7.456973094148011e-05
MAR08039	7.456973094148011e-05
MAR08041	7.456973094148011e-05
MAR08042	7.456973094148011e-05
MAR08044	7.456973094148011e-05
MAR08045	7.456973094148011e-05
MAR08047	7.456973094148011e-05
MAR08048	7.456973094148011e-05
MAR08050	7.456973094148011e-05
MAR08051	7.456973094148011e-05
MAR08053	7.456973094148011e-05
MAR08054	7.456973094148011e-05
MAR08056	7.456973094148011e-05
MAR08057	7.456973094148011e-05
MAR08061	7.456973094148011e-05
MAR08073	7.456973094148011e-05
MAR08075	0.0031092116482532347
MAR08076	0.00019746512806370444
MAR08077	0.00019746512806370444
MAR08079	7.456973094148011e-05
MAR08080	7.456973094148011e-05
MAR08081	2.920267905835586e-05
MAR08090	7.456973094148011e-05
MAR08095	7.456973094148011e-05
MAR08100	7.456973094148011e-05
MAR08101	7.456973094148011e-05
MAR08103	7.456973094148011e-05
MAR08104	7.456973094148011e-05
MAR08154	7.456973094148011e-05
MAR08158	7.456973094148011e-05
MAR08161	7.456973094148011e-05
MAR08164	7.456973094148011e-05
MAR08214	7.456973094148011e-05
MAR08223	7.456973094148011e-05
MAR08225	0.0002011319202775803
MAR08229	7.456973094148011e-05
MAR08231	7.456973094148011e-05
MAR08240	7.456973094148011e-05
MAR08247	7.456973094148011e-05
MAR08253	7.456973094148011e-05
MAR08266	7.456973094148011e-05
MAR08270	7.456973094148011e-05
MAR08273	7.456973094148011e-05
MAR08283	7.456973094148011e-05
MAR08290	7.456973094148011e-05
MAR08297	7.456973094148011e-05
MAR08300	7.456973094148011e-05
MAR08304	7.456973094148011e-05
MAR08311	7.456973094148011e-05
MAR08313	7.456973094148011e-05
MAR08315	7.456973094148011e-05
MAR08321	7.456973094148011e-05
MAR08324	7.456973094148011e-05
MAR08329	7.456973094148011e-05
MAR08336	7.456973094148011e-05
MAR08339	7.456973094148011e-05
MAR08340	7.456973094148011e-05
MAR08343	7.456973094148011e-05
MAR08354	0.0005112141013607699
MAR08364	0.0031092116482532347
MAR08374	7.456973094148011e-05
MAR08408	7.456973094148011e-05
MAR08420	7.456973094148011e-05
MAR08429	0.001908731232198843
MAR08515	2.8841287887561833e-05
MAR08520	7.456973094148011e-05
MAR08536	7.456973094148011e-05
MAR08551	0.00011087029077755572
MAR08567	7.456973094148011e-05
MAR08586	0.00021580850052721885
MAR08593	7.456973094148011e-05
MAR08595	7.456973094148011e-05
MAR08597	7.456973094148011e-05
MAR08599	7.456973094148011e-05
MAR08600	7.456973094148011e-05
MAR08602	7.456973094148011e-05
MAR08612	7.456973094148011e-05
MAR08618	7.456973094148011e-05
MAR08629	7.456973094148011e-05
MAR08631	3.276296616824683e-05
MAR08632	0.00011087029077755572
MAR08633	0.0020184240650127877
MAR08635	3.276296616824683e-05
MAR08636	0.0004116440395778328
MAR08656	7.456973094148011e-05
MAR08658	0.0009518544396327312
MAR08659	0.00011087029077755572
MAR08660	3.092859332491893e-05
MAR08670	0.0002092239724614647
MAR08671	2.9944940766166564e-05
MAR08676	0.00021676828237887058
MAR08677	0.0003429127849437077
MAR08678	7.456973094148011e-05
MAR08679	7.456973094148011e-05
MAR08686	7.456973094148011e-05
MAR08687	0.00037831880675848016
MAR08696	7.456973094148011e-05
MAR08714	7.456973094148011e-05
MAR08718	7.456973094148011e-05
MAR08720	7.456973094148011e-05
MAR08721	7.456973094148011e-05
MAR08723	7.456973094148011e-05
MAR08730	0.00024296417707083803
MAR08732	2.8841287887561833e-05
MAR08733	0.023519639993607094
MAR08734	0.023519639993607094
MAR08735	0.00406378087520967
MAR08736	0.0002092239724614647
MAR08760	7.456973094148011e-05
MAR08797	7.456973094148011e-05
MAR08798	7.456973094148011e-05
MAR08846	0.0038591200197431643
MAR08847	0.00011087029077755572
MAR08849	7.456973094148011e-05
MAR08850	0.0020184240650127877
MAR08852	7.456973094148011e-05
MAR08853	2.8841287887561833e-05
MAR08854	7.456973094148011e-05
MAR08861	2.96666774050814e-05
MAR08863	7.456973094148011e-05
MAR08864	7.456973094148011e-05
MAR08865	7.456973094148011e-05
MAR08866	7.456973094148011e-05
MAR08867	0.00021580850052721885
MAR08869	7.456973094148011e-05
MAR08870	7.456973094148011e-05
MAR08872	2.9309710836459844e-05
MAR08873	7.456973094148011e-05
MAR08876	2.9309710836459844e-05
MAR08877	2.9282009943475488e-05
MAR08878	7.456973094148011e-05
MAR08879	0.00011087029077755572
MAR08881	7.456973094148011e-05
MAR08883	7.456973094148011e-05
MAR08884	2.9282009943475488e-05
MAR08889	2.8841287887561833e-05
MAR08892	2.9846360387325934e-05
MAR08893	7.456973094148011e-05
MAR08896	7.456973094148011e-05
MAR08898	7.456973094148011e-05
MAR08899	7.456973094148011e-05
MAR08901	7.456973094148011e-05
MAR08903	7.456973094148011e-05
MAR08905	7.456973094148011e-05
MAR08907	7.456973094148011e-05
MAR08911	0.00014527415644286127
MAR08912	0.00014527415644286127
MAR08913	7.456973094148011e-05
MAR08917	0.00021676828237887058
MAR08922	7.456973094148011e-05
MAR08923	7.456973094148011e-05
MAR08924	2.8841287887561833e-05
MAR08925	0.0011811756244061759
MAR08927	7.456973094148011e-05
MAR08929	0.0005112141013607699
MAR08930	0.0008702868469542278
MAR08931	7.456973094148011e-05
MAR08932	7.43681259301101e-05
MAR08933	7.43681259301101e-05
MAR08934	0.000713025325397543
MAR08935	0.000713025325397543
MAR08936	7.43681259301101e-05
MAR08937	7.456973094148011e-05
MAR08938	3.01644408070381e-05
MAR08939	0.003173139463699497
MAR08940	0.003173139463699497
MAR08941	0.003173139463699497
MAR08942	0.003173139463699497
MAR08943	0.003173139463699497
MAR08944	0.003173139463699497
MAR08945	0.003173139463699497
MAR08946	0.003173139463699497
MAR08947	0.003173139463699497
MAR09173	7.456973094148011e-05
MAR09175	7.456973094148011e-05
MAR09176	7.456973094148011e-05
MAR09178	7.456973094148011e-05
MAR09180	7.456973094148011e-05
MAR09182	7.456973094148011e-05
MAR09183	7.456973094148011e-05
MAR09184	7.456973094148011e-05
MAR09185	7.456973094148011e-05
MAR09187	7.456973094148011e-05
MAR09188	7.456973094148011e-05
MAR09189	7.456973094148011e-05
MAR09190	0.023519639993607094
MAR09191	0.023519639993607094
MAR09192	6.955537276674729e-05
MAR09193	2.9529765601808792e-05
MAR09195	2.9529765601808792e-05
MAR09196	2.8841287887561833e-05
MAR09197	2.8841287887561833e-05
MAR09198	0.00012748656690505936
MAR09590	0.0003303794295740076
MAR09591	0.0018306950836183085
MAR09592	0.0018306950836183085
MAR09593	0.0018306950836183085
MAR09594	0.0018306950836183085
MAR09595	0.0018306950836183085
MAR09596	0.0018306950836183085
MAR09597	0.0018306950836183085
MAR09598	0.0018306950836183085
MAR09599	0.0018306950836183085
MAR09600	0.0018306950836183085
MAR09601	0.0018306950836183085
MAR09602	2.8841287887561833e-05
MAR09603	2.8841287887561833e-05
MAR09604	2.8841287887561833e-05
MAR09605	0.00406378087520967
MAR09606	0.00406378087520967
MAR09607	0.0008702868469542278
MAR09608	0.0008702868469542278
MAR09609	0.0008702868469542278
MAR09610	3.366031671804715e-05
MAR09611	5.206505442196887e-05
MAR09612	7.456973094148011e-05
MAR09613	0.0003879092362414786
MAR09614	2.8841287887561833e-05
MAR09615	0.0002586620119573877
MAR09616	0.0018306950836183085
MAR09617	3.01644408070381e-05
MAR09618	6.955537276674729e-05
MAR09619	0.00010249719425575736
MAR09620	2.8841287887561833e-05
MAR09621	8.886660218506554e-05
MAR09622	2.8841287887561833e-05
MAR09623	2.8841287887561833e-05
MAR09624	2.8841287887561833e-05
MAR09635	7.456973094148011e-05
MAR09636	7.456973094148011e-05
MAR09637	7.456973094148011e-05
MAR09638	7.456973094148011e-05
MAR09639	7.456973094148011e-05
MAR09640	7.456973094148011e-05
MAR09641	7.456973094148011e-05
MAR09642	7.456973094148011e-05
MAR09643	7.456973094148011e-05
MAR09644	7.456973094148011e-05
MAR09645	7.456973094148011e-05
MAR09646	7.456973094148011e-05
MAR09647	7.456973094148011e-05
MAR09648	7.456973094148011e-05
MAR09649	7.456973094148011e-05
MAR09650	7.456973094148011e-05
MAR09651	7.456973094148011e-05
MAR09652	7.456973094148011e-05
MAR09653	7.456973094148011e-05
MAR09654	7.456973094148011e-05
MAR09655	7.456973094148011e-05
MAR09656	7.456973094148011e-05
MAR09657	7.456973094148011e-05
MAR09658	7.456973094148011e-05
MAR09659	7.456973094148011e-05
MAR09660	7.456973094148011e-05
MAR09661	7.456973094148011e-05
MAR09662	7.456973094148011e-05
MAR09663	7.456973094148011e-05
MAR09720	7.456973094148011e-05
MAR09728	7.456973094148011e-05
MAR09731	7.456973094148011e-05
MAR09737	7.456973094148011e-05
MAR08071	7.456973094148011e-05
MAR04312	0.0064434536824483565
MAR08428	7.456973094148011e-05
MAR08430	7.456973094148011e-05
MAR08022	4.176984826651902e-05
MAR08070	7.456973094148011e-05
MAR09015	0.00028972858978967776
MAR09020	4.733827771339945e-05
MAR00157	7.456973094148011e-05
MAR00158	0.006300626779267857
MAR00166	7.456973094148011e-05
MAR00169	0.004203453652338184
MAR00172	7.456973094148011e-05
MAR00175	7.456973094148011e-05
MAR00178	7.456973094148011e-05
MAR00182	7.456973094148011e-05
MAR00185	7.456973094148011e-05
MAR00446	7.456973094148011e-05
MAR00578	7.456973094148011e-05
MAR00587	7.456973094148011e-05
MAR00962	7.456973094148011e-05
MAR01145	7.456973094148011e-05
MAR01173	7.456973094148011e-05
MAR01187	7.456973094148011e-05
MAR01215	7.456973094148011e-05
MAR01243	7.456973094148011e-05
MAR01267	7.456973094148011e-05
MAR01284	7.456973094148011e-05
MAR01572	7.456973094148011e-05
MAR01602	7.456973094148011e-05
MAR01915	7.456973094148011e-05
MAR01925	7.456973094148011e-05
MAR01930	7.456973094148011e-05
MAR01936	7.456973094148011e-05
MAR01994	7.456973094148011e-05
MAR01997	7.456973094148011e-05
MAR02008	7.456973094148011e-05
MAR02012	7.456973094148011e-05
MAR02065	7.456973094148011e-05
MAR02080	7.456973094148011e-05
MAR02094	7.456973094148011e-05
MAR02105	7.456973094148011e-05
MAR02116	0.0027875471030614444
MAR02127	7.456973094148011e-05
MAR02141	0.000953037234915787
MAR02590	0.00032145971342833227
MAR03746	7.456973094148011e-05
MAR03762	7.456973094148011e-05
MAR03789	7.456973094148011e-05
MAR03818	7.456973094148011e-05
MAR03825	0.001797622768018876
MAR03863	0.001797622768018876
MAR03864	0.001797622768018876
MAR03921	7.456973094148011e-05
MAR03946	7.456973094148011e-05
MAR03949	7.456973094148011e-05
MAR03950	7.456973094148011e-05
MAR03952	7.456973094148011e-05
MAR03954	7.456973094148011e-05
MAR03971	0.0008134204385415061
MAR04184	0.00047329893582003673
MAR04237	4.176984826651902e-05
MAR04266	7.456973094148011e-05
MAR04367	7.456973094148011e-05
MAR04684	7.456973094148011e-05
MAR04692	7.456973094148011e-05
MAR04720	7.456973094148011e-05
MAR04729	7.456973094148011e-05
MAR04738	7.456973094148011e-05
MAR04743	7.456973094148011e-05
MAR04754	7.06289065084333e-05
MAR04756	7.06289065084333e-05
MAR04760	7.06289065084333e-05
MAR04850	7.456973094148011e-05
MAR04851	0.0008134204385415061
MAR04852	0.005042270916298142
MAR04854	0.0008134204385415061
MAR04855	0.005042270916298142
MAR04862	0.0008134204385415061
MAR04863	0.0008134204385415061
MAR04864	0.0008134204385415061
MAR04865	0.0008134204385415061
MAR04867	0.0008134204385415061
MAR04868	0.0008134204385415061
MAR04870	0.0008134204385415061
MAR04871	0.0008134204385415061
MAR04872	0.0008134204385415061
MAR04874	7.456973094148011e-05
MAR04888	2.8841287887561833e-05
MAR04898	7.456973094148011e-05
MAR04905	7.456973094148011e-05
MAR04914	0.0002387962100288189
MAR04922	7.456973094148011e-05
MAR04926	0.0015094327284554373
MAR04944	0.00021215533080909721
MAR04951	2.8841287887561833e-05
MAR04953	7.456973094148011e-05
MAR04959	7.456973094148011e-05
MAR04963	7.456973094148011e-05
MAR04964	0.005472296504682771
MAR04971	0.005472296504682771
MAR04972	0.005472296504682771
MAR04957	7.456973094148011e-05
MAR04977	0.0031092116482532347
MAR04979	7.456973094148011e-05
MAR04997	0.0017272380047431044
MAR04998	7.456973094148011e-05
MAR05006	7.456973094148011e-05
MAR05014	7.456973094148011e-05
MAR05015	7.456973094148011e-05
MAR05016	0.0031092116482532347
MAR05022	3.0398998975046235e-05
MAR05031	0.0017272380047431044
MAR05033	0.0017272380047431044
MAR05036	0.0017272380047431044
MAR05043	0.006586773255987492
MAR05046	0.0013149631591082018
MAR05096	7.456973094148011e-05
MAR05099	7.456973094148011e-05
MAR05101	7.456973094148011e-05
MAR05102	7.456973094148011e-05
MAR05105	0.0011985696966128009
MAR05107	7.456973094148011e-05
MAR05109	7.456973094148011e-05
MAR05112	7.456973094148011e-05
MAR05113	0.0009142554298653856
MAR05114	0.001703172419348699
MAR05115	7.456973094148011e-05
MAR05116	7.456973094148011e-05
MAR05117	7.456973094148011e-05
MAR05118	7.456973094148011e-05
MAR05121	7.456973094148011e-05
MAR05122	0.0013444583352085564
MAR05124	0.0009731775407922004
MAR05125	7.456973094148011e-05
MAR05126	7.456973094148011e-05
MAR05222	7.456973094148011e-05
MAR05223	7.456973094148011e-05
MAR05225	7.456973094148011e-05
MAR05227	7.456973094148011e-05
MAR05292	0.0008589010474500404
MAR05304	7.456973094148011e-05
MAR05348	0.0031092116482532347
MAR05349	0.0031092116482532347
MAR05361	7.456973094148011e-05
MAR05411	0.0031092116482532347
MAR05420	0.001749923841425508
MAR05426	7.456973094148011e-05
MAR06276	0.005472296504682771
MAR06277	0.005472296504682771
MAR06286	0.005472296504682771
MAR06287	0.005472296504682771
MAR06288	0.005472296504682771
MAR06289	0.005472296504682771
MAR06290	0.005472296504682771
MAR06291	0.005472296504682771
MAR06292	0.005472296504682771
MAR06293	0.005472296504682771
MAR06294	0.005472296504682771
MAR06295	0.005472296504682771
MAR06296	0.005472296504682771
MAR06297	0.005472296504682771
MAR06298	0.005472296504682771
MAR06299	3.335870980442133e-05
MAR06300	3.335870980442133e-05
MAR06301	0.0011985696966128009
MAR06302	0.0011985696966128009
MAR06303	3.335870980442133e-05
MAR06304	3.335870980442133e-05
MAR06305	3.335870980442133e-05
MAR06306	3.335870980442133e-05
MAR06307	0.0011985696966128009
MAR06308	0.0011985696966128009
MAR06309	3.335870980442133e-05
MAR06310	3.335870980442133e-05
MAR06311	3.335870980442133e-05
MAR06312	3.335870980442133e-05
MAR06313	0.0011985696966128009
MAR06314	0.0011985696966128009
MAR06315	3.335870980442133e-05
MAR06316	3.335870980442133e-05
MAR06317	0.0011985696966128009
MAR06318	0.0011985696966128009
MAR06321	0.0011985696966128009
MAR06323	0.0011985696966128009
MAR06325	3.335870980442133e-05
MAR06326	3.335870980442133e-05
MAR06327	0.0011985696966128009
MAR06328	0.038947612915522255
MAR06330	0.0008134204385415061
MAR06331	0.0008134204385415061
MAR06332	0.00039489985392727
MAR06333	0.00039489985392727
MAR06334	0.00039489985392727
MAR06335	0.00039489985392727
MAR06336	0.00039489985392727
MAR06337	0.00039489985392727
MAR06338	0.00039489985392727
MAR06339	0.00039489985392727
MAR06340	0.00039489985392727
MAR06341	0.00039489985392727
MAR06342	0.00039489985392727
MAR06343	0.00039489985392727
MAR06389	0.0001564257574445045
MAR06431	7.456973094148011e-05
MAR06438	7.456973094148011e-05
MAR06446	7.456973094148011e-05
MAR06454	7.456973094148011e-05
MAR06455	7.456973094148011e-05
MAR06469	7.456973094148011e-05
MAR06481	7.456973094148011e-05
MAR06513	7.456973094148011e-05
MAR06517	7.456973094148011e-05
MAR06521	0.0008134204385415061
MAR06522	0.0008134204385415061
MAR06618	7.456973094148011e-05
MAR06620	7.456973094148011e-05
MAR06781	7.456973094148011e-05
MAR06890	7.456973094148011e-05
MAR06902	7.456973094148011e-05
MAR07638	0.00026853370120061715
MAR07708	7.456973094148011e-05
MAR07719	0.0017272380047431044
MAR07723	0.0017272380047431044
MAR07757	0.004203453652338184
MAR07760	3.460319185373081e-05
MAR07769	0.00028972858978967776
MAR07804	0.00039489985392727
MAR07806	0.00039489985392727
MAR07808	0.00039489985392727
MAR07810	0.00039489985392727
MAR07812	0.00039489985392727
MAR07814	0.00039489985392727
MAR07815	0.00039489985392727
MAR07816	0.00039489985392727
MAR07818	0.00039489985392727
MAR07820	0.00039489985392727
MAR07822	0.00039489985392727
MAR07824	0.00039489985392727
MAR07825	0.00039489985392727
MAR07826	0.00039489985392727
MAR07827	0.00039489985392727
MAR07828	0.00039489985392727
MAR07829	0.00039489985392727
MAR07830	0.00039489985392727
MAR07831	0.00039489985392727
MAR07832	0.00039489985392727
MAR07833	0.00039489985392727
MAR07834	0.00039489985392727
MAR07835	0.00039489985392727
MAR07836	0.00039489985392727
MAR07837	0.00039489985392727
MAR07838	0.00039489985392727
MAR07839	0.00039489985392727
MAR07840	0.00039489985392727
MAR07841	0.00039489985392727
MAR07842	0.00039489985392727
MAR07843	0.00039489985392727
MAR07844	0.00039489985392727
MAR07845	0.00039489985392727
MAR07846	0.00039489985392727
MAR07847	0.00039489985392727
MAR07848	0.00039489985392727
MAR07849	0.00039489985392727
MAR07850	0.00039489985392727
MAR07851	0.00039489985392727
MAR07852	0.00039489985392727
MAR07853	0.00039489985392727
MAR07854	0.00039489985392727
MAR07897	7.456973094148011e-05
MAR07899	7.456973094148011e-05
MAR07914	7.456973094148011e-05
MAR07917	7.456973094148011e-05
MAR07923	7.456973094148011e-05
MAR07995	7.456973094148011e-05
MAR07998	7.456973094148011e-05
MAR08000	7.456973094148011e-05
MAR08001	7.456973094148011e-05
MAR08009	7.456973094148011e-05
MAR08089	0.00015064806859191524
MAR08093	7.456973094148011e-05
MAR08099	7.456973094148011e-05
MAR08120	7.456973094148011e-05
MAR08122	7.456973094148011e-05
MAR08124	7.456973094148011e-05
MAR08126	7.456973094148011e-05
MAR08128	7.456973094148011e-05
MAR08356	7.456973094148011e-05
MAR08365	0.0031092116482532347
MAR08411	7.456973094148011e-05
MAR08438	7.456973094148011e-05
MAR08475	0.0017272380047431044
MAR08505	7.456973094148011e-05
MAR08510	7.456973094148011e-05
MAR08513	0.0031092116482532347
MAR08528	7.456973094148011e-05
MAR08532	7.456973094148011e-05
MAR08562	7.456973094148011e-05
MAR08614	7.293350303018364e-05
MAR08627	7.456973094148011e-05
MAR08655	7.456973094148011e-05
MAR08657	7.456973094148011e-05
MAR08680	7.456973094148011e-05
MAR08731	7.456973094148011e-05
MAR08741	0.0008134204385415061
MAR08742	0.0008134204385415061
MAR08776	7.456973094148011e-05
MAR08785	7.456973094148011e-05
MAR08848	7.456973094148011e-05
MAR08890	7.456973094148011e-05
MAR08891	7.456973094148011e-05
MAR08910	0.0017272380047431044
MAR09174	7.456973094148011e-05
MAR09194	7.456973094148011e-05
MAR09675	7.456973094148011e-05
MAR09676	7.456973094148011e-05
MAR09677	7.456973094148011e-05
MAR09014	7.456973094148011e-05
MAR00707	7.456973094148011e-05
MAR00713	0.0028876506669898243
MAR01104	7.456973094148011e-05
MAR01135	7.456973094148011e-05
MAR01144	7.456973094148011e-05
MAR01172	7.456973094148011e-05
MAR01188	7.456973094148011e-05
MAR01214	7.456973094148011e-05
MAR01242	7.456973094148011e-05
MAR01268	7.456973094148011e-05
MAR01283	7.456973094148011e-05
MAR01286	7.456973094148011e-05
MAR01443	0.0031092116482532347
MAR02067	7.456973094148011e-05
MAR02082	7.456973094148011e-05
MAR02093	7.456973094148011e-05
MAR02104	7.456973094148011e-05
MAR02407	0.00011122499709339157
MAR02509	0.00011122499709339157
MAR02547	7.456973094148011e-05
MAR02575	7.456973094148011e-05
MAR03007	0.0031092116482532347
MAR03008	0.007082930378381943
MAR03011	0.007082930378381943
MAR03013	0.007082930378381943
MAR03014	0.007082930378381943
MAR03017	0.007082930378381943
MAR03018	0.00011122499709339157
MAR03019	0.00011122499709339157
MAR03020	0.00011122499709339157
MAR03021	0.00011122499709339157
MAR03022	0.00011122499709339157
MAR03023	0.00011122499709339157
MAR03024	0.00011122499709339157
MAR03025	0.00011122499709339157
MAR03026	0.00021676828237887058
MAR03473	0.0007243698869206045
MAR03848	7.456973094148011e-05
MAR03850	7.456973094148011e-05
MAR03867	7.456973094148011e-05
MAR03947	7.456973094148011e-05
MAR03948	7.456973094148011e-05
MAR04393	7.456973094148011e-05
MAR04468	7.456973094148011e-05
MAR04469	7.456973094148011e-05
MAR04647	7.456973094148011e-05
MAR04790	7.456973094148011e-05
MAR04890	7.456973094148011e-05
MAR04900	7.456973094148011e-05
MAR04908	0.0019480456369048986
MAR04924	7.456973094148011e-05
MAR04930	0.0031092116482532347
MAR04945	7.456973094148011e-05
MAR04986	0.00040264952432449245
MAR05344	7.456973094148011e-05
MAR05346	7.456973094148011e-05
MAR05362	7.456973094148011e-05
MAR05414	7.456973094148011e-05
MAR05452	0.00040264952432449245
MAR05453	7.456973094148011e-05
MAR06928	7.456973094148011e-05
MAR06937	7.456973094148011e-05
MAR06986	7.456973094148011e-05
MAR06987	7.456973094148011e-05
MAR07590	7.456973094148011e-05
MAR07596	7.456973094148011e-05
MAR07640	7.456973094148011e-05
MAR07646	0.0005112141013607699
MAR07705	7.456973094148011e-05
MAR07707	7.456973094148011e-05
MAR07777	7.456973094148011e-05
MAR07779	7.456973094148011e-05
MAR07797	7.456973094148011e-05
MAR08016	7.456973094148011e-05
MAR08020	7.456973094148011e-05
MAR08359	7.456973094148011e-05
MAR08414	7.456973094148011e-05
MAR08754	7.456973094148011e-05
MAR08756	7.456973094148011e-05
MAR08860	7.456973094148011e-05
MAR08926	7.456973094148011e-05
MAR09179	7.456973094148011e-05
MAR09181	7.456973094148011e-05
MAR09678	7.456973094148011e-05
MAR09679	7.456973094148011e-05
MAR09680	7.456973094148011e-05
MAR09017	7.456973094148011e-05
MAR00984	7.456973094148011e-05
MAR01089	7.456973094148011e-05
MAR01090	7.456973094148011e-05
MAR01094	7.456973094148011e-05
MAR01095	7.456973094148011e-05
MAR02564	7.456973094148011e-05
MAR02585	0.00029627194114900185
MAR04274	7.456973094148011e-05
MAR04275	7.456973094148011e-05
MAR04277	7.456973094148011e-05
MAR04535	0.0002877725751446595
MAR04538	7.456973094148011e-05
MAR04893	7.456973094148011e-05
MAR04904	7.456973094148011e-05
MAR04916	7.456973094148011e-05
MAR05422	7.456973094148011e-05
MAR05423	7.456973094148011e-05
MAR05424	7.456973094148011e-05
MAR06617	7.456973094148011e-05
MAR06619	7.456973094148011e-05
MAR07653	7.456973094148011e-05
MAR07664	7.456973094148011e-05
MAR07665	7.456973094148011e-05
MAR07712	7.456973094148011e-05
MAR07763	7.456973094148011e-05
MAR07764	7.456973094148011e-05
MAR07765	7.456973094148011e-05
MAR07767	7.456973094148011e-05
MAR07773	7.456973094148011e-05
MAR07786	7.456973094148011e-05
MAR07792	7.456973094148011e-05
MAR07795	7.456973094148011e-05
MAR07796	0.0031129380829202943
MAR07855	7.456973094148011e-05
MAR07856	7.456973094148011e-05
MAR07857	7.456973094148011e-05
MAR07858	7.456973094148011e-05
MAR07859	7.456973094148011e-05
MAR07860	7.456973094148011e-05
MAR07861	7.456973094148011e-05
MAR07862	7.456973094148011e-05
MAR07877	7.456973094148011e-05
MAR08024	7.456973094148011e-05
MAR08028	7.456973094148011e-05
MAR08082	7.456973094148011e-05
MAR08361	7.456973094148011e-05
MAR08363	7.456973094148011e-05
MAR08412	7.456973094148011e-05
MAR08447	7.456973094148011e-05
MAR08476	0.0017272380047431044
MAR08789	7.456973094148011e-05
MAR08828	7.456973094148011e-05
MAR08837	7.456973094148011e-05
MAR08838	7.456973094148011e-05
MAR08839	7.456973094148011e-05
MAR08840	7.456973094148011e-05
MAR08841	7.456973094148011e-05
MAR08842	7.456973094148011e-05
MAR08843	7.456973094148011e-05
MAR08844	7.456973094148011e-05
MAR08845	7.456973094148011e-05
MAR08862	7.456973094148011e-05
MAR08868	7.456973094148011e-05
MAR08871	7.456973094148011e-05
MAR08894	7.456973094148011e-05
MAR08909	7.456973094148011e-05
MAR08918	7.456973094148011e-05
MAR09673	7.456973094148011e-05
MAR09674	7.456973094148011e-05
MAR08638	7.456973094148011e-05
MAR08642	7.456973094148011e-05
MAR04314	0.0064434536824483565
MAR09016	7.456973094148011e-05
MAR09018	7.456973094148011e-05
MAR00769	7.456973094148011e-05
MAR00791	7.456973094148011e-05
MAR00796	7.456973094148011e-05
MAR00798	7.456973094148011e-05
MAR00802	7.456973094148011e-05
MAR00831	7.456973094148011e-05
MAR00913	7.456973094148011e-05
MAR00929	7.456973094148011e-05
MAR01917	0.005986378884817088
MAR02040	7.456973094148011e-05
MAR02087	7.456973094148011e-05
MAR02090	7.456973094148011e-05
MAR02101	7.456973094148011e-05
MAR03987	7.456973094148011e-05
MAR04887	7.456973094148011e-05
MAR04903	7.456973094148011e-05
MAR04907	0.0019480456369048986
MAR04962	7.456973094148011e-05
MAR05047	0.00039489985392727
MAR05048	0.0005112141013607699
MAR05049	0.0005112141013607699
MAR05050	0.0005112141013607699
MAR05051	0.0005112141013607699
MAR05052	0.0005112141013607699
MAR05053	0.0005112141013607699
MAR05054	0.0005112141013607699
MAR05055	0.0005112141013607699
MAR05056	0.0005112141013607699
MAR05057	0.0005112141013607699
MAR05058	0.0005112141013607699
MAR05059	0.0005112141013607699
MAR05060	0.0005112141013607699
MAR05061	0.0005112141013607699
MAR05062	0.0005112141013607699
MAR05063	0.0005112141013607699
MAR05064	0.0005112141013607699
MAR05065	0.0005112141013607699
MAR05066	0.0005112141013607699
MAR05067	0.0005112141013607699
MAR05197	7.456973094148011e-05
MAR05199	7.456973094148011e-05
MAR05201	7.456973094148011e-05
MAR05204	7.456973094148011e-05
MAR05212	7.456973094148011e-05
MAR05214	7.456973094148011e-05
MAR05217	7.456973094148011e-05
MAR05218	7.456973094148011e-05
MAR05220	7.456973094148011e-05
MAR05224	7.456973094148011e-05
MAR05226	7.456973094148011e-05
MAR05228	7.456973094148011e-05
MAR05230	7.456973094148011e-05
MAR07196	0.0007530275956621995
MAR07199	7.456973094148011e-05
MAR07224	7.456973094148011e-05
MAR07252	7.456973094148011e-05
MAR07283	7.456973094148011e-05
MAR07374	7.456973094148011e-05
MAR07430	7.456973094148011e-05
MAR07454	7.456973094148011e-05
MAR07470	7.456973094148011e-05
MAR07483	7.456973094148011e-05
MAR07500	7.456973094148011e-05
MAR07512	7.456973094148011e-05
MAR07524	7.456973094148011e-05
MAR07540	7.456973094148011e-05
MAR07556	7.456973094148011e-05
MAR07570	7.456973094148011e-05
MAR07581	7.456973094148011e-05
MAR07584	7.456973094148011e-05
MAR07710	0.0007951738967279593
MAR07711	7.456973094148011e-05
MAR07714	0.0007951738967279593
MAR07715	7.456973094148011e-05
MAR07718	0.0007951738967279593
MAR07720	7.456973094148011e-05
MAR07722	0.0007951738967279593
MAR07724	7.456973094148011e-05
MAR07726	0.0007951738967279593
MAR07727	7.456973094148011e-05
MAR07729	0.0007951738967279593
MAR07730	7.456973094148011e-05
MAR07732	7.456973094148011e-05
MAR07762	7.456973094148011e-05
MAR07770	7.456973094148011e-05
MAR07799	0.00305320742928464
MAR07907	7.456973094148011e-05
MAR07915	7.456973094148011e-05
MAR07918	7.456973094148011e-05
MAR07924	7.456973094148011e-05
MAR07927	7.456973094148011e-05
MAR08118	7.456973094148011e-05
MAR08119	7.456973094148011e-05
MAR08121	7.456973094148011e-05
MAR08123	7.456973094148011e-05
MAR08125	7.456973094148011e-05
MAR08127	7.456973094148011e-05
MAR08131	7.456973094148011e-05
MAR08134	7.456973094148011e-05
MAR08196	7.456973094148011e-05
MAR08200	7.456973094148011e-05
MAR08202	7.456973094148011e-05
MAR08203	7.456973094148011e-05
MAR08208	7.456973094148011e-05
MAR08216	7.456973094148011e-05
MAR08244	7.456973094148011e-05
MAR08355	0.0005112141013607699
MAR08370	7.456973094148011e-05
MAR08490	7.456973094148011e-05
MAR08491	7.456973094148011e-05
MAR08492	7.456973094148011e-05
MAR08531	7.456973094148011e-05
MAR08588	7.456973094148011e-05
MAR08590	7.456973094148011e-05
MAR08688	0.0005112141013607699
MAR08753	7.456973094148011e-05
MAR08763	7.456973094148011e-05
MAR08765	7.456973094148011e-05
MAR08858	7.456973094148011e-05
MAR08875	7.456973094148011e-05
MAR08885	7.456973094148011e-05
MAR08887	0.0007530275956621995
MAR08908	0.0007530275956621995
MAR08928	0.0005112141013607699
MAR09672	7.456973094148011e-05
MAR00612	7.456973094148011e-05
MAR03597	7.456973094148011e-05
MAR04961	7.456973094148011e-05
MAR05045	7.456973094148011e-05
MAR05248	7.456973094148011e-05
MAR05249	7.456973094148011e-05
MAR05250	7.456973094148011e-05
MAR05251	7.456973094148011e-05
MAR05252	7.456973094148011e-05
MAR05253	7.456973094148011e-05
MAR05255	7.456973094148011e-05
MAR07198	7.456973094148011e-05
MAR07284	7.456973094148011e-05
MAR09738	7.456973094148011e-05
MAR09739	7.456973094148011e-05
MAR09740	7.456973094148011e-05
MAR09741	7.456973094148011e-05
MAR09742	7.456973094148011e-05
MAR09743	7.456973094148011e-05
MAR09744	7.456973094148011e-05
MAR09745	7.456973094148011e-05
MAR09746	7.456973094148011e-05
MAR09747	7.456973094148011e-05
MAR09748	7.456973094148011e-05
MAR09749	7.456973094148011e-05
MAR09750	7.456973094148011e-05
MAR09751	7.456973094148011e-05
MAR09752	7.456973094148011e-05
MAR09753	7.456973094148011e-05
MAR09754	7.456973094148011e-05
MAR09755	7.456973094148011e-05
MAR09756	7.456973094148011e-05
MAR09757	7.456973094148011e-05
MAR09758	7.456973094148011e-05
MAR09759	7.456973094148011e-05
MAR09760	7.456973094148011e-05
MAR09761	7.456973094148011e-05
MAR09762	7.456973094148011e-05
MAR09763	7.456973094148011e-05
MAR09764	7.456973094148011e-05
MAR09765	7.456973094148011e-05
MAR09766	7.456973094148011e-05
MAR09767	7.456973094148011e-05
MAR09768	7.456973094148011e-05
MAR09769	7.456973094148011e-05
MAR09770	7.456973094148011e-05
MAR09771	7.456973094148011e-05
MAR09772	7.456973094148011e-05
MAR09773	7.456973094148011e-05
MAR09774	7.456973094148011e-05
MAR09775	7.456973094148011e-05
MAR09776	7.456973094148011e-05
MAR09777	7.456973094148011e-05
MAR09778	7.456973094148011e-05
MAR09779	7.456973094148011e-05
MAR09780	7.456973094148011e-05
MAR09781	7.456973094148011e-05
MAR09782	7.456973094148011e-05
MAR09783	7.456973094148011e-05
MAR09784	7.456973094148011e-05
MAR09785	7.456973094148011e-05
MAR09786	7.456973094148011e-05
MAR09787	7.456973094148011e-05
MAR09788	7.456973094148011e-05
MAR09789	7.456973094148011e-05
MAR09790	7.456973094148011e-05
MAR09791	7.456973094148011e-05
MAR09792	7.456973094148011e-05
MAR09793	0.00010198114767459735
MAR09794	7.456973094148011e-05
MAR09795	7.456973094148011e-05
MAR09796	7.456973094148011e-05
MAR00652	7.456973094148011e-05
MAR00717	7.456973094148011e-05
MAR00731	0.0003284889275941155
MAR00732	7.456973094148011e-05
MAR00734	7.456973094148011e-05
MAR00917	7.456973094148011e-05
MAR00918	0.00041490888449632505
MAR01916	0.005986378884817088
MAR04125	0.0003244770566569528
MAR04892	7.456973094148011e-05
MAR04902	7.456973094148011e-05
MAR04955	7.456973094148011e-05
MAR06577	7.456973094148011e-05
MAR06578	0.0064434536824483565
MAR07201	7.456973094148011e-05
MAR07204	7.456973094148011e-05
MAR07331	7.456973094148011e-05
MAR07431	7.456973094148011e-05
MAR07433	0.0013627193605418998
MAR07434	0.00041490888449632505
MAR07435	7.456973094148011e-05
MAR07437	7.456973094148011e-05
MAR07675	0.0038591200197431643
MAR07693	0.0002877725751446595
MAR07694	0.00046858107605798205
MAR07695	0.00046858107605798205
MAR07733	0.0012973045442309784
MAR07740	0.004131336660065185
MAR07743	0.002112684791043315
MAR07759	0.001703172419348699
MAR07761	3.460319185373081e-05
MAR07793	7.456973094148011e-05
MAR08084	7.456973094148011e-05
MAR08086	7.456973094148011e-05
MAR08145	7.456973094148011e-05
MAR08146	0.0003284889275941155
MAR08153	7.456973094148011e-05
MAR08157	7.456973094148011e-05
MAR08160	7.456973094148011e-05
MAR08163	7.456973094148011e-05
MAR08193	7.456973094148011e-05
MAR08195	7.456973094148011e-05
MAR08199	7.456973094148011e-05
MAR08205	7.456973094148011e-05
MAR08207	7.456973094148011e-05
MAR08213	7.456973094148011e-05
MAR08215	7.456973094148011e-05
MAR08222	7.456973094148011e-05
MAR08230	7.456973094148011e-05
MAR08232	7.456973094148011e-05
MAR08241	7.456973094148011e-05
MAR08243	7.456973094148011e-05
MAR08252	7.456973094148011e-05
MAR08259	7.456973094148011e-05
MAR08265	7.456973094148011e-05
MAR08269	7.456973094148011e-05
MAR08272	7.456973094148011e-05
MAR08282	7.456973094148011e-05
MAR08289	7.456973094148011e-05
MAR08296	7.456973094148011e-05
MAR08299	7.456973094148011e-05
MAR08303	7.456973094148011e-05
MAR08310	7.456973094148011e-05
MAR08312	7.456973094148011e-05
MAR08314	7.456973094148011e-05
MAR08320	7.456973094148011e-05
MAR08323	7.456973094148011e-05
MAR08328	7.456973094148011e-05
MAR08335	7.456973094148011e-05
MAR08338	7.456973094148011e-05
MAR08496	0.0008589010474500404
MAR08524	7.456973094148011e-05
MAR08527	7.456973094148011e-05
MAR08661	3.262101882673672e-05
MAR08673	7.456973094148011e-05
MAR08793	7.456973094148011e-05
MAR08834	7.456973094148011e-05
MAR08856	7.456973094148011e-05
MAR08857	0.00041490888449632505
MAR08874	7.456973094148011e-05
MAR08880	7.456973094148011e-05
MAR08882	7.456973094148011e-05
MAR08895	7.456973094148011e-05
MAR08897	7.456973094148011e-05
MAR08900	7.456973094148011e-05
MAR08902	7.456973094148011e-05
MAR08904	7.456973094148011e-05
MAR08920	7.456973094148011e-05
MAR09199	0.0007080388269843065
MAR09664	7.456973094148011e-05
MAR09665	7.456973094148011e-05
MAR09666	7.456973094148011e-05
MAR09667	7.456973094148011e-05
MAR09668	7.456973094148011e-05
MAR09669	7.456973094148011e-05
MAR09670	7.456973094148011e-05
MAR09671	7.456973094148011e-05
MAR07182	7.456973094148011e-05
MAR07330	7.456973094148011e-05
MAR07432	7.456973094148011e-05
MAR04313	0.0064434536824483565
MAR07307	7.456973094148011e-05
MAR01809	7.456973094148011e-05
MAR00020	7.456973094148011e-05
MAR00461	0.0004721327510796005
MAR00462	7.456973094148011e-05
MAR00466	7.456973094148011e-05
MAR00467	7.456973094148011e-05
MAR00664	0.0007099132222193191
MAR00730	0.0024721738323002264
MAR00768	0.0003284889275941155
MAR00771	7.456973094148011e-05
MAR00966	7.456973094148011e-05
MAR01035	7.456973094148011e-05
MAR01143	7.456973094148011e-05
MAR01189	7.456973094148011e-05
MAR01240	7.456973094148011e-05
MAR01252	7.456973094148011e-05
MAR01269	7.456973094148011e-05
MAR01306	7.456973094148011e-05
MAR01309	7.456973094148011e-05
MAR01311	7.456973094148011e-05
MAR01316	7.456973094148011e-05
MAR01331	7.456973094148011e-05
MAR01392	0.00029627194114900185
MAR01530	7.456973094148011e-05
MAR01672	7.456973094148011e-05
MAR01937	7.456973094148011e-05
MAR01998	7.456973094148011e-05
MAR02039	7.456973094148011e-05
MAR02066	7.456973094148011e-05
MAR02081	7.456973094148011e-05
MAR02092	7.456973094148011e-05
MAR02103	7.456973094148011e-05
MAR02554	7.456973094148011e-05
MAR02569	7.456973094148011e-05
MAR02777	0.00021676828237887058
MAR03953	7.456973094148011e-05
MAR04123	7.456973094148011e-05
MAR04126	7.456973094148011e-05
MAR04765	7.456973094148011e-05
MAR04846	7.456973094148011e-05
MAR04856	7.456973094148011e-05
MAR04860	7.456973094148011e-05
MAR04876	7.456973094148011e-05
MAR04877	7.456973094148011e-05
MAR04878	7.456973094148011e-05
MAR04879	7.456973094148011e-05
MAR04880	0.0006329573420534568
MAR04881	0.00041490888449632505
MAR04883	7.456973094148011e-05
MAR04894	7.456973094148011e-05
MAR04906	0.0019480456369048986
MAR04913	7.456973094148011e-05
MAR04917	7.456973094148011e-05
MAR04941	7.456973094148011e-05
MAR04942	0.00021215533080909721
MAR04960	7.456973094148011e-05
MAR05004	3.080612468440557e-05
MAR05012	7.456973094148011e-05
MAR05027	0.0038591200197431643
MAR05203	7.456973094148011e-05
MAR05205	7.456973094148011e-05
MAR05207	7.456973094148011e-05
MAR05209	7.456973094148011e-05
MAR05210	7.456973094148011e-05
MAR05211	7.456973094148011e-05
MAR05245	7.456973094148011e-05
MAR05342	3.196784391127726e-05
MAR05347	7.456973094148011e-05
MAR05354	7.456973094148011e-05
MAR06385	0.0013627193605418998
MAR06386	7.456973094148011e-05
MAR06387	7.456973094148011e-05
MAR06388	7.456973094148011e-05
MAR06425	7.456973094148011e-05
MAR06430	7.456973094148011e-05
MAR06440	7.456973094148011e-05
MAR06445	7.456973094148011e-05
MAR06463	7.456973094148011e-05
MAR06468	7.456973094148011e-05
MAR06475	7.456973094148011e-05
MAR06480	7.456973094148011e-05
MAR06629	7.456973094148011e-05
MAR06797	7.456973094148011e-05
MAR06990	7.456973094148011e-05
MAR07257	7.456973094148011e-05
MAR07272	7.456973094148011e-05
MAR07273	7.456973094148011e-05
MAR07649	0.00040695677547617523
MAR07766	7.456973094148011e-05
MAR07768	7.456973094148011e-05
MAR07772	7.456973094148011e-05
MAR07776	7.456973094148011e-05
MAR07778	7.456973094148011e-05
MAR07780	7.456973094148011e-05
MAR07784	7.456973094148011e-05
MAR07789	7.456973094148011e-05
MAR07791	7.456973094148011e-05
MAR07929	7.456973094148011e-05
MAR07933	7.456973094148011e-05
MAR07944	7.456973094148011e-05
MAR07947	7.456973094148011e-05
MAR07949	7.456973094148011e-05
MAR07953	7.456973094148011e-05
MAR07956	7.456973094148011e-05
MAR07960	7.456973094148011e-05
MAR07963	7.456973094148011e-05
MAR07966	7.456973094148011e-05
MAR07969	7.456973094148011e-05
MAR07981	7.456973094148011e-05
MAR07983	7.456973094148011e-05
MAR07985	7.456973094148011e-05
MAR07988	7.456973094148011e-05
MAR07989	7.456973094148011e-05
MAR08030	7.456973094148011e-05
MAR08058	7.456973094148011e-05
MAR08060	7.456973094148011e-05
MAR08234	7.456973094148011e-05
MAR08236	7.456973094148011e-05
MAR08239	7.456973094148011e-05
MAR08347	7.456973094148011e-05
MAR08350	7.456973094148011e-05
MAR08351	7.456973094148011e-05
MAR08358	7.456973094148011e-05
MAR08369	0.0006329573420534568
MAR08382	7.456973094148011e-05
MAR08526	7.456973094148011e-05
MAR08553	7.456973094148011e-05
MAR08594	7.456973094148011e-05
MAR08651	7.456973094148011e-05
MAR08681	7.456973094148011e-05
MAR08715	7.456973094148011e-05
MAR08716	7.456973094148011e-05
MAR08719	7.456973094148011e-05
MAR08722	7.456973094148011e-05
MAR08737	7.456973094148011e-05
MAR08851	7.456973094148011e-05
MAR08855	7.456973094148011e-05
MAR08859	7.456973094148011e-05
MAR08886	7.456973094148011e-05
MAR08888	7.456973094148011e-05
MAR08906	7.456973094148011e-05
MAR08914	7.456973094148011e-05
MAR08915	7.456973094148011e-05
MAR08919	7.456973094148011e-05
MAR08921	7.456973094148011e-05
MAR09177	7.456973094148011e-05
MAR09200	0.0035924641984990693
MAR09625	7.456973094148011e-05
MAR09626	7.456973094148011e-05
MAR09627	7.456973094148011e-05
MAR09628	7.456973094148011e-05
MAR09629	7.456973094148011e-05
MAR09630	7.456973094148011e-05
MAR09631	7.456973094148011e-05
MAR09632	7.456973094148011e-05
MAR09633	7.456973094148011e-05
MAR09634	7.456973094148011e-05
MAR09716	7.456973094148011e-05
MAR09724	7.456973094148011e-05
MAR09732	7.456973094148011e-05
MAR07108	7.456973094148011e-05
MAR07110	7.456973094148011e-05
MAR07112	7.456973094148011e-05
MAR07114	7.456973094148011e-05
MAR07116	7.456973094148011e-05
MAR07118	7.456973094148011e-05
MAR07120	7.456973094148011e-05
MAR07122	7.456973094148011e-05
MAR07124	7.456973094148011e-05
MAR07126	7.456973094148011e-05
MAR09023	7.456973094148011e-05
MAR09024	7.456973094148011e-05
MAR09032	7.456973094148011e-05
MAR09808	7.456973094148011e-05
MAR09809	7.456973094148011e-05
MAR09810	7.456973094148011e-05
MAR09811	7.456973094148011e-05
MAR09812	7.456973094148011e-05
MAR09813	7.456973094148011e-05
MAR09814	7.456973094148011e-05
MAR09815	7.456973094148011e-05
MAR09816	7.456973094148011e-05
MAR09033	7.456973094148011e-05
MAR09034	7.456973094148011e-05
MAR09035	7.456973094148011e-05
MAR09036	7.456973094148011e-05
MAR09037	7.456973094148011e-05
MAR09038	7.456973094148011e-05
MAR09039	7.456973094148011e-05
MAR09040	7.456973094148011e-05
MAR09041	7.456973094148011e-05
MAR09042	7.456973094148011e-05
MAR09043	7.456973094148011e-05
MAR09044	7.456973094148011e-05
MAR09045	7.456973094148011e-05
MAR09046	7.456973094148011e-05
MAR09047	7.456973094148011e-05
MAR09048	7.456973094148011e-05
MAR09049	7.456973094148011e-05
MAR09050	7.456973094148011e-05
MAR09051	7.456973094148011e-05
MAR09052	7.456973094148011e-05
MAR09053	7.456973094148011e-05
MAR09054	7.456973094148011e-05
MAR09055	7.456973094148011e-05
MAR09056	7.456973094148011e-05
MAR09058	7.456973094148011e-05
MAR09061	7.456973094148011e-05
MAR09062	7.456973094148011e-05
MAR09063	7.456973094148011e-05
MAR09064	7.456973094148011e-05
MAR09065	7.456973094148011e-05
MAR09066	7.456973094148011e-05
MAR09067	7.456973094148011e-05
MAR09068	7.456973094148011e-05
MAR09069	7.456973094148011e-05
MAR09070	7.456973094148011e-05
MAR09071	7.456973094148011e-05
MAR09072	7.456973094148011e-05
MAR09073	7.456973094148011e-05
MAR09074	7.456973094148011e-05
MAR09075	7.456973094148011e-05
MAR09076	7.456973094148011e-05
MAR09077	7.456973094148011e-05
MAR09078	7.456973094148011e-05
MAR09079	7.456973094148011e-05
MAR09080	7.456973094148011e-05
MAR09081	7.456973094148011e-05
MAR09082	7.456973094148011e-05
MAR09083	7.456973094148011e-05
MAR09084	7.456973094148011e-05
MAR09085	7.456973094148011e-05
MAR09086	7.456973094148011e-05
MAR09087	7.456973094148011e-05
MAR09088	7.456973094148011e-05
MAR09089	7.456973094148011e-05
MAR09090	7.456973094148011e-05
MAR09091	7.456973094148011e-05
MAR09092	7.456973094148011e-05
MAR09093	7.456973094148011e-05
MAR09094	7.456973094148011e-05
MAR09095	7.456973094148011e-05
MAR09096	7.456973094148011e-05
MAR09097	7.456973094148011e-05
MAR09098	7.456973094148011e-05
MAR09099	7.456973094148011e-05
MAR09100	7.456973094148011e-05
MAR09101	7.456973094148011e-05
MAR09102	7.456973094148011e-05
MAR09103	7.456973094148011e-05
MAR09104	7.456973094148011e-05
MAR09105	7.456973094148011e-05
MAR09106	7.456973094148011e-05
MAR09107	7.456973094148011e-05
MAR09108	7.456973094148011e-05
MAR09109	7.456973094148011e-05
MAR09110	7.456973094148011e-05
MAR09111	7.456973094148011e-05
MAR09113	7.456973094148011e-05
MAR09114	7.456973094148011e-05
MAR09115	7.456973094148011e-05
MAR09116	7.456973094148011e-05
MAR09117	7.456973094148011e-05
MAR09118	7.456973094148011e-05
MAR09119	7.456973094148011e-05
MAR09120	7.456973094148011e-05
MAR09121	7.456973094148011e-05
MAR09122	7.456973094148011e-05
MAR09123	7.456973094148011e-05
MAR09124	7.456973094148011e-05
MAR09125	7.456973094148011e-05
MAR09126	7.456973094148011e-05
MAR09127	7.456973094148011e-05
MAR09128	7.456973094148011e-05
MAR09129	7.456973094148011e-05
MAR09130	7.456973094148011e-05
MAR09131	7.456973094148011e-05
MAR09132	7.456973094148011e-05
MAR09133	7.456973094148011e-05
MAR09134	7.456973094148011e-05
MAR09135	7.456973094148011e-05
MAR09136	7.456973094148011e-05
MAR09137	7.456973094148011e-05
MAR09138	7.456973094148011e-05
MAR09139	7.456973094148011e-05
MAR09140	7.456973094148011e-05
MAR09141	7.456973094148011e-05
MAR09142	7.456973094148011e-05
MAR09143	7.456973094148011e-05
MAR09144	7.456973094148011e-05
MAR09145	7.456973094148011e-05
MAR09146	7.456973094148011e-05
MAR09147	7.456973094148011e-05
MAR09148	7.456973094148011e-05
MAR09149	7.456973094148011e-05
MAR09150	7.456973094148011e-05
MAR09151	7.456973094148011e-05
MAR09152	7.456973094148011e-05
MAR09153	7.456973094148011e-05
MAR09154	7.456973094148011e-05
MAR09155	7.456973094148011e-05
MAR09156	7.456973094148011e-05
MAR09157	7.456973094148011e-05
MAR09158	7.456973094148011e-05
MAR09159	7.456973094148011e-05
MAR09160	7.456973094148011e-05
MAR09161	7.456973094148011e-05
MAR09162	7.456973094148011e-05
MAR09163	7.456973094148011e-05
MAR09164	7.456973094148011e-05
MAR09165	7.456973094148011e-05
MAR09166	7.456973094148011e-05
MAR09167	7.456973094148011e-05
MAR09168	7.456973094148011e-05
MAR09169	7.456973094148011e-05
MAR09171	7.456973094148011e-05
MAR09172	7.456973094148011e-05
MAR09201	7.456973094148011e-05
MAR09202	7.456973094148011e-05
MAR09203	7.456973094148011e-05
MAR09204	7.456973094148011e-05
MAR09205	7.456973094148011e-05
MAR09206	7.456973094148011e-05
MAR09207	7.456973094148011e-05
MAR09208	7.456973094148011e-05
MAR09209	7.456973094148011e-05
MAR09210	7.456973094148011e-05
MAR09211	7.456973094148011e-05
MAR09212	7.456973094148011e-05
MAR09213	7.456973094148011e-05
MAR09214	7.456973094148011e-05
MAR09215	7.456973094148011e-05
MAR09216	7.456973094148011e-05
MAR09217	7.456973094148011e-05
MAR09218	7.456973094148011e-05
MAR09219	7.456973094148011e-05
MAR09220	7.456973094148011e-05
MAR09221	7.456973094148011e-05
MAR09222	7.456973094148011e-05
MAR09223	7.456973094148011e-05
MAR09224	7.456973094148011e-05
MAR09225	7.456973094148011e-05
MAR09226	7.456973094148011e-05
MAR09227	7.456973094148011e-05
MAR09228	7.456973094148011e-05
MAR09229	7.456973094148011e-05
MAR09230	7.456973094148011e-05
MAR09231	7.456973094148011e-05
MAR09232	7.456973094148011e-05
MAR09233	7.456973094148011e-05
MAR09234	7.456973094148011e-05
MAR09235	7.456973094148011e-05
MAR09236	7.456973094148011e-05
MAR09237	7.456973094148011e-05
MAR09238	7.456973094148011e-05
MAR09239	7.456973094148011e-05
MAR09240	7.456973094148011e-05
MAR09241	7.456973094148011e-05
MAR09242	7.456973094148011e-05
MAR09243	7.456973094148011e-05
MAR09244	7.456973094148011e-05
MAR09245	7.456973094148011e-05
MAR09246	7.456973094148011e-05
MAR09247	7.456973094148011e-05
MAR09248	7.456973094148011e-05
MAR09249	7.456973094148011e-05
MAR09250	7.456973094148011e-05
MAR09251	7.456973094148011e-05
MAR09252	7.456973094148011e-05
MAR09253	7.456973094148011e-05
MAR09254	7.456973094148011e-05
MAR09255	7.456973094148011e-05
MAR09256	7.456973094148011e-05
MAR09257	7.456973094148011e-05
MAR09258	7.456973094148011e-05
MAR09259	7.456973094148011e-05
MAR09260	7.456973094148011e-05
MAR09261	7.456973094148011e-05
MAR09262	7.456973094148011e-05
MAR09263	7.456973094148011e-05
MAR09264	7.456973094148011e-05
MAR09265	7.456973094148011e-05
MAR09266	7.456973094148011e-05
MAR09267	7.456973094148011e-05
MAR09268	7.456973094148011e-05
MAR09269	7.456973094148011e-05
MAR09270	7.456973094148011e-05
MAR09271	7.456973094148011e-05
MAR09272	7.456973094148011e-05
MAR09273	7.456973094148011e-05
MAR09275	7.456973094148011e-05
MAR09276	7.456973094148011e-05
MAR09277	7.456973094148011e-05
MAR09278	7.456973094148011e-05
MAR09279	7.456973094148011e-05
MAR09280	7.456973094148011e-05
MAR09281	7.456973094148011e-05
MAR09282	7.456973094148011e-05
MAR09283	7.456973094148011e-05
MAR09284	7.456973094148011e-05
MAR09285	7.456973094148011e-05
MAR09286	7.456973094148011e-05
MAR09287	7.456973094148011e-05
MAR09288	7.456973094148011e-05
MAR09289	7.456973094148011e-05
MAR09290	7.456973094148011e-05
MAR09291	7.456973094148011e-05
MAR09292	7.456973094148011e-05
MAR09293	7.456973094148011e-05
MAR09294	7.456973094148011e-05
MAR09295	7.456973094148011e-05
MAR09296	7.456973094148011e-05
MAR09297	7.456973094148011e-05
MAR09298	7.456973094148011e-05
MAR09299	7.456973094148011e-05
MAR09300	7.456973094148011e-05
MAR09301	7.456973094148011e-05
MAR09302	7.456973094148011e-05
MAR09303	7.456973094148011e-05
MAR09304	7.456973094148011e-05
MAR09305	7.456973094148011e-05
MAR09306	7.456973094148011e-05
MAR09307	7.456973094148011e-05
MAR09308	7.456973094148011e-05
MAR09309	7.456973094148011e-05
MAR09310	7.456973094148011e-05
MAR09311	7.456973094148011e-05
MAR09312	7.456973094148011e-05
MAR09313	7.456973094148011e-05
MAR09314	7.456973094148011e-05
MAR09315	7.456973094148011e-05
MAR09316	7.456973094148011e-05
MAR09317	7.456973094148011e-05
MAR09318	7.456973094148011e-05
MAR09319	7.456973094148011e-05
MAR09320	7.456973094148011e-05
MAR09321	7.456973094148011e-05
MAR09322	7.456973094148011e-05
MAR09323	7.456973094148011e-05
MAR09324	7.456973094148011e-05
MAR09325	7.456973094148011e-05
MAR09326	7.456973094148011e-05
MAR09327	7.456973094148011e-05
MAR09328	7.456973094148011e-05
MAR09329	7.456973094148011e-05
MAR09330	7.456973094148011e-05
MAR09331	7.456973094148011e-05
MAR09332	7.456973094148011e-05
MAR09333	7.456973094148011e-05
MAR09334	7.456973094148011e-05
MAR09335	7.456973094148011e-05
MAR09336	7.456973094148011e-05
MAR09337	7.456973094148011e-05
MAR09338	7.456973094148011e-05
MAR09339	7.456973094148011e-05
MAR09340	7.456973094148011e-05
MAR09341	7.456973094148011e-05
MAR09342	7.456973094148011e-05
MAR09343	7.456973094148011e-05
MAR09344	7.456973094148011e-05
MAR09345	7.456973094148011e-05
MAR09346	7.456973094148011e-05
MAR09347	7.456973094148011e-05
MAR09348	7.456973094148011e-05
MAR09349	7.456973094148011e-05
MAR09350	7.456973094148011e-05
MAR09351	7.456973094148011e-05
MAR09352	7.456973094148011e-05
MAR09353	7.456973094148011e-05
MAR09354	7.456973094148011e-05
MAR09355	7.456973094148011e-05
MAR09356	7.456973094148011e-05
MAR09357	7.456973094148011e-05
MAR09358	7.456973094148011e-05
MAR09359	7.456973094148011e-05
MAR09360	7.456973094148011e-05
MAR09361	7.456973094148011e-05
MAR09362	7.456973094148011e-05
MAR09363	7.456973094148011e-05
MAR09364	7.456973094148011e-05
MAR09365	7.456973094148011e-05
MAR09366	7.456973094148011e-05
MAR09367	7.456973094148011e-05
MAR09368	7.456973094148011e-05
MAR09369	7.456973094148011e-05
MAR09370	7.456973094148011e-05
MAR09371	7.456973094148011e-05
MAR09372	7.456973094148011e-05
MAR09373	7.456973094148011e-05
MAR09374	7.456973094148011e-05
MAR09375	7.456973094148011e-05
MAR09376	7.456973094148011e-05
MAR09377	7.456973094148011e-05
MAR09378	7.456973094148011e-05
MAR09379	7.456973094148011e-05
MAR09380	7.456973094148011e-05
MAR09381	7.456973094148011e-05
MAR09382	7.456973094148011e-05
MAR09383	7.456973094148011e-05
MAR09384	7.456973094148011e-05
MAR09385	7.456973094148011e-05
MAR09386	7.456973094148011e-05
MAR09387	7.456973094148011e-05
MAR09388	7.456973094148011e-05
MAR09389	7.456973094148011e-05
MAR09390	7.456973094148011e-05
MAR09391	7.456973094148011e-05
MAR09392	7.456973094148011e-05
MAR09393	7.456973094148011e-05
MAR09394	7.456973094148011e-05
MAR09395	7.456973094148011e-05
MAR09396	7.456973094148011e-05
MAR09397	7.456973094148011e-05
MAR09398	7.456973094148011e-05
MAR09399	7.456973094148011e-05
MAR09400	7.456973094148011e-05
MAR09401	7.456973094148011e-05
MAR09404	7.456973094148011e-05
MAR09405	7.456973094148011e-05
MAR09406	7.456973094148011e-05
MAR09407	7.456973094148011e-05
MAR09408	7.456973094148011e-05
MAR09409	7.456973094148011e-05
MAR09410	7.456973094148011e-05
MAR09411	7.456973094148011e-05
MAR09412	7.456973094148011e-05
MAR09413	7.456973094148011e-05
MAR09414	7.456973094148011e-05
MAR09415	7.456973094148011e-05
MAR09416	7.456973094148011e-05
MAR09417	7.456973094148011e-05
MAR09418	7.456973094148011e-05
MAR09419	7.456973094148011e-05
MAR09420	7.456973094148011e-05
MAR09421	7.456973094148011e-05
MAR09422	7.456973094148011e-05
MAR09423	7.456973094148011e-05
MAR09424	7.456973094148011e-05
MAR09425	7.456973094148011e-05
MAR09426	7.456973094148011e-05
MAR09427	7.456973094148011e-05
MAR09428	7.456973094148011e-05
MAR09429	7.456973094148011e-05
MAR09430	7.456973094148011e-05
MAR09431	7.456973094148011e-05
MAR09432	7.456973094148011e-05
MAR09433	7.456973094148011e-05
MAR09434	7.456973094148011e-05
MAR09435	7.456973094148011e-05
MAR09436	7.456973094148011e-05
MAR09437	7.456973094148011e-05
MAR09438	7.456973094148011e-05
MAR09439	7.456973094148011e-05
MAR09440	7.456973094148011e-05
MAR09441	7.456973094148011e-05
MAR09442	7.456973094148011e-05
MAR09443	7.456973094148011e-05
MAR09444	7.456973094148011e-05
MAR09445	7.456973094148011e-05
MAR09446	7.456973094148011e-05
MAR09447	7.456973094148011e-05
MAR09448	7.456973094148011e-05
MAR09449	7.456973094148011e-05
MAR09450	7.456973094148011e-05
MAR09451	7.456973094148011e-05
MAR09452	7.456973094148011e-05
MAR09453	7.456973094148011e-05
MAR09454	7.456973094148011e-05
MAR09455	7.456973094148011e-05
MAR09456	7.456973094148011e-05
MAR09457	7.456973094148011e-05
MAR09458	7.456973094148011e-05
MAR09460	7.456973094148011e-05
MAR09461	7.456973094148011e-05
MAR09462	7.456973094148011e-05
MAR09463	7.456973094148011e-05
MAR09681	7.456973094148011e-05
MAR09682	7.456973094148011e-05
MAR09683	7.456973094148011e-05
MAR09684	7.456973094148011e-05
MAR09685	7.456973094148011e-05
MAR09686	7.456973094148011e-05
MAR09687	7.456973094148011e-05
MAR09688	7.456973094148011e-05
MAR09689	7.456973094148011e-05
MAR09690	7.456973094148011e-05
MAR09691	7.456973094148011e-05
MAR09692	7.456973094148011e-05
MAR09693	7.456973094148011e-05
MAR09694	7.456973094148011e-05
MAR09695	7.456973094148011e-05
MAR09696	7.456973094148011e-05
MAR09697	7.456973094148011e-05
MAR09698	7.456973094148011e-05
MAR09699	7.456973094148011e-05
MAR09700	7.456973094148011e-05
MAR09701	7.456973094148011e-05
MAR09702	7.456973094148011e-05
MAR09703	7.456973094148011e-05
MAR09704	7.456973094148011e-05
MAR09705	7.456973094148011e-05
MAR09706	7.456973094148011e-05
MAR09707	7.456973094148011e-05
MAR09708	7.456973094148011e-05
MAR09709	7.456973094148011e-05
MAR09710	7.456973094148011e-05
MAR09711	7.456973094148011e-05
MAR09712	7.456973094148011e-05
MAR09713	7.456973094148011e-05
MAR09714	7.456973094148011e-05
MAR09715	7.456973094148011e-05
MAR09721	7.456973094148011e-05
MAR09729	7.456973094148011e-05
MAR09730	7.456973094148011e-05
MAR09725	7.456973094148011e-05
MAR00031	0.0038554784479427613
MAR00021	7.456973094148011e-05
MAR00022	7.456973094148011e-05
MAR00023	7.456973094148011e-05
MAR00033	7.456973094148011e-05
MAR00034	7.456973094148011e-05
MAR00035	7.456973094148011e-05
MAR00036	7.456973094148011e-05
MAR00037	7.456973094148011e-05
MAR00038	7.456973094148011e-05
MAR00040	7.456973094148011e-05
MAR00041	7.456973094148011e-05
MAR00043	0.000473412411197843
MAR00044	7.456973094148011e-05
MAR00045	7.456973094148011e-05
MAR00046	0.0009120622491451325
MAR00047	7.456973094148011e-05
MAR00048	7.456973094148011e-05
MAR00049	7.456973094148011e-05
MAR00050	0.00021215533080909721
MAR00051	0.00047605230425922613
MAR00052	5.1020345657191586e-05
MAR00053	0.00021215533080909721
MAR00054	7.456973094148011e-05
MAR00055	0.0006659064776272022
MAR00056	7.456973094148011e-05
MAR00057	0.0002011319202775803
MAR00058	2.8841287887561833e-05
MAR00060	0.00032145971342833227
MAR00061	7.456973094148011e-05
MAR00062	0.00046645787632515104
MAR00063	7.456973094148011e-05
MAR00064	0.00032145971342833227
MAR00065	5.1020345657191586e-05
MAR00066	0.0005112141013607699
MAR00067	0.0032024582666120606
MAR00068	0.006804442530907432
MAR00069	6.854031611335766e-05
MAR00070	6.854031611335766e-05
MAR00071	6.854031611335766e-05
MAR00072	0.023519639993607094
MAR00073	7.456973094148011e-05
MAR00074	7.456973094148011e-05
MAR00075	7.456973094148011e-05
MAR00076	0.00032145971342833227
MAR00077	7.456973094148011e-05
MAR00078	7.456973094148011e-05
MAR00079	0.0011985696966128009
MAR00080	0.014086290658252839
MAR00081	0.0002625036753898682
MAR00082	0.0002625036753898682
MAR00083	2.998419423063764e-05
MAR00084	2.998419423063764e-05
MAR00085	2.998419423063764e-05
MAR00086	0.0004443962176573629
MAR00087	2.8841287887561833e-05
MAR00088	0.0008668066085081908
MAR00089	7.456973094148011e-05
MAR00090	7.456973094148011e-05
MAR00091	0.00018321836622634753
MAR00092	0.0004443962176573629
MAR00093	0.0031092116482532347
MAR00094	0.0008702868469542278
MAR00095	3.104848125855305e-05
MAR00097	0.0031092116482532347
MAR00098	7.456973094148011e-05
MAR00099	7.456973094148011e-05
MAR00100	7.456973094148011e-05
MAR00101	0.00032093487130438236
MAR00102	0.00032145971342833227
MAR00103	0.003321820610445286
MAR00104	0.00019306979054549347
MAR00105	0.00032145971342833227
MAR00106	0.00032145971342833227
MAR00107	0.00032145971342833227
MAR00108	0.003321820610445286
MAR00109	0.00019306979054549347
MAR00110	0.00032145971342833227
MAR00111	0.00032145971342833227
MAR00112	7.456973094148011e-05
MAR00113	0.0022874953791126246
MAR00114	0.0022874953791126246
MAR00115	0.0010805105705422244
MAR00116	0.0017973883911988368
MAR00117	0.0022874953791126246
MAR00118	0.0022874953791126246
MAR00119	0.0008285447046903629
MAR00120	7.456973094148011e-05
MAR00121	0.0010979979250469686
MAR00122	0.0010979979250469686
MAR00123	7.456973094148011e-05
MAR00124	0.0011985696966128009
MAR00125	0.005472296504682771
MAR00126	0.0002092239724614647
MAR00127	7.456973094148011e-05
MAR00128	0.00032145971342833227
MAR00129	0.0009426820533985538
MAR00130	7.456973094148011e-05
MAR00131	0.0012359710232723148
MAR00132	7.456973094148011e-05
MAR00133	0.00015946565759605196
MAR00134	0.00060623747021598
MAR00135	7.456973094148011e-05
MAR00136	7.456973094148011e-05
MAR00137	0.00016325969517885084
MAR00138	7.456973094148011e-05
MAR00139	0.0008356045012120254
MAR00140	7.456973094148011e-05
MAR00141	0.0011477918017057816
MAR00142	7.456973094148011e-05
MAR00143	0.00032145971342833227
MAR00144	0.021822025345502646
MAR00145	0.00017617882605474593
MAR00146	0.021822025345502646
MAR00147	0.021822025345502646
MAR00148	0.021822025345502646
MAR00149	0.00017617882605474593
MAR00150	0.00017617882605474593
MAR00151	0.00017617882605474593
MAR00152	0.0013351865309652734
MAR00181	0.0013351865309652734
MAR00186	0.0013351865309652734
MAR00205	7.456973094148011e-05
MAR00218	7.456973094148011e-05
MAR00219	7.456973094148011e-05
MAR00220	7.456973094148011e-05
MAR00221	7.456973094148011e-05
MAR00222	0.0061402897725202745
MAR00227	0.0034579949032751242
MAR00228	0.0034579949032751242
MAR00229	7.456973094148011e-05
MAR00251	7.456973094148011e-05
MAR00252	0.00032145971342833227
MAR00285	0.002331154526731895
MAR00286	7.456973094148011e-05
MAR00315	7.456973094148011e-05
MAR00316	7.456973094148011e-05
MAR00333	7.456973094148011e-05
MAR00334	5.1020345657191586e-05
MAR00441	0.001913399333286145
MAR00442	2.8841287887561833e-05
MAR00443	0.005365389802350434
MAR00447	7.456973094148011e-05
MAR00451	0.00032145971342833227
MAR00452	0.003321820610445286
MAR00455	0.00019306979054549347
MAR00465	0.00032145971342833227
MAR00471	0.00040090175247219664
MAR00472	0.00040090175247219664
MAR00473	7.456973094148011e-05
MAR00474	7.456973094148011e-05
MAR00475	7.456973094148011e-05
MAR00480	7.456973094148011e-05
MAR00485	7.456973094148011e-05
MAR00554	7.456973094148011e-05
MAR00564	7.456973094148011e-05
MAR00565	7.456973094148011e-05
MAR00566	7.456973094148011e-05
MAR00567	7.456973094148011e-05
MAR00568	7.456973094148011e-05
MAR00569	7.456973094148011e-05
MAR00570	7.456973094148011e-05
MAR00571	7.456973094148011e-05
MAR00572	7.456973094148011e-05
MAR00573	7.456973094148011e-05
MAR00574	7.456973094148011e-05
MAR00575	7.456973094148011e-05
MAR00576	7.456973094148011e-05
MAR00577	7.456973094148011e-05
MAR00583	7.456973094148011e-05
MAR00585	7.456973094148011e-05
MAR00595	7.456973094148011e-05
MAR00603	7.456973094148011e-05
MAR00606	7.456973094148011e-05
MAR00608	7.456973094148011e-05
MAR00609	7.456973094148011e-05
MAR00611	7.456973094148011e-05
MAR00617	7.456973094148011e-05
MAR00618	7.456973094148011e-05
MAR00619	7.456973094148011e-05
MAR00620	7.456973094148011e-05
MAR00621	7.456973094148011e-05
MAR00624	7.456973094148011e-05
MAR00626	7.456973094148011e-05
MAR00628	7.456973094148011e-05
MAR00631	7.456973094148011e-05
MAR00637	7.456973094148011e-05
MAR00639	7.456973094148011e-05
MAR00650	7.456973094148011e-05
MAR00655	7.456973094148011e-05
MAR00656	7.456973094148011e-05
MAR00658	7.456973094148011e-05
MAR00661	7.456973094148011e-05
MAR00662	7.456973094148011e-05
MAR00666	7.456973094148011e-05
MAR00693	7.456973094148011e-05
MAR00694	7.456973094148011e-05
MAR00695	7.456973094148011e-05
MAR00696	7.456973094148011e-05
MAR00697	7.456973094148011e-05
MAR00698	7.456973094148011e-05
MAR00699	7.456973094148011e-05
MAR00700	7.456973094148011e-05
MAR00701	7.456973094148011e-05
MAR00702	7.456973094148011e-05
MAR00704	7.456973094148011e-05
MAR00711	7.456973094148011e-05
MAR00714	7.456973094148011e-05
MAR00720	7.456973094148011e-05
MAR00721	7.456973094148011e-05
MAR00722	7.456973094148011e-05
MAR00723	2.8841287887561833e-05
MAR00724	2.8841287887561833e-05
MAR00725	2.8841287887561833e-05
MAR00726	2.8841287887561833e-05
MAR00727	7.456973094148011e-05
MAR00728	7.456973094148011e-05
MAR00729	2.8841287887561833e-05
MAR00737	0.0006900623989603503
MAR00739	0.0014838983154285186
MAR00742	3.424633634087572e-05
MAR00743	0.0014695386211485517
MAR00745	0.0014695386211485517
MAR00747	0.0014695386211485517
MAR00749	0.0014695386211485517
MAR00751	0.0006999305357125475
MAR00752	0.0006999305357125475
MAR00755	0.0006999305357125475
MAR00756	0.0006999305357125475
MAR00757	0.0006999305357125475
MAR00759	0.0010805105705422244
MAR00764	0.0006999305357125475
MAR00772	0.0006999305357125475
MAR00774	0.0006999305357125475
MAR00776	0.0006999305357125475
MAR00777	0.0010805105705422244
MAR00778	0.0006999305357125475
MAR00780	0.0006999305357125475
MAR00784	0.0006999305357125475
MAR00785	0.0006999305357125475
MAR00788	0.0006999305357125475
MAR00799	0.0006999305357125475
MAR00800	0.0010805105705422244
MAR00818	0.0006999305357125475
MAR00833	0.0010805105705422244
MAR00869	0.0006999305357125475
MAR00872	0.0010805105705422244
MAR00874	0.0006999305357125475
MAR00916	0.0006999305357125475
MAR00922	0.0006999305357125475
MAR00923	0.0006999305357125475
MAR00927	0.0010805105705422244
MAR00930	0.0006999305357125475
MAR00952	0.0010805105705422244
MAR00968	0.0010805105705422244
MAR00970	0.0061040911240064985
MAR00972	0.0010805105705422244
MAR00974	0.0010805105705422244
MAR00975	0.0010805105705422244
MAR00977	0.0010805105705422244
MAR00978	0.0010805105705422244
MAR00982	0.0010805105705422244
MAR01001	0.0010805105705422244
MAR01005	0.0010805105705422244
MAR01012	7.456973094148011e-05
MAR01019	7.456973094148011e-05
MAR01024	7.456973094148011e-05
MAR01031	7.456973094148011e-05
MAR01032	7.456973094148011e-05
MAR01036	0.0037823650067888527
MAR01038	2.938113492057722e-05
MAR01044	0.00109302523177095
MAR01046	7.456973094148011e-05
MAR01047	0.00021215533080909721
MAR01051	7.456973094148011e-05
MAR01052	7.456973094148011e-05
MAR01056	7.456973094148011e-05
MAR01060	7.456973094148011e-05
MAR01076	7.456973094148011e-05
MAR01078	7.456973094148011e-05
MAR01083	0.00030144998370686804
MAR01118	6.080691388916384e-05
MAR01141	4.634216809769333e-05
MAR01169	0.001520238452684469
MAR01314	2.8841287887561833e-05
MAR01340	7.456973094148011e-05
MAR01348	7.456973094148011e-05
MAR01349	7.456973094148011e-05
MAR01351	9.620059724197572e-05
MAR01353	0.003069540575664982
MAR01354	7.456973094148011e-05
MAR01368	7.456973094148011e-05
MAR01369	7.456973094148011e-05
MAR01371	0.00452731092914884
MAR01372	0.0008668066085081908
MAR01377	7.456973094148011e-05
MAR01378	2.9282009943475488e-05
MAR01380	0.0005493742168218216
MAR01381	7.456973094148011e-05
MAR01385	7.456973094148011e-05
MAR01386	0.0005112141013607699
MAR01396	2.8841287887561833e-05
MAR01397	0.002331154526731895
MAR01399	0.00023466970241423267
MAR01400	0.00023466970241423267
MAR01435	7.456973094148011e-05
MAR01438	7.456973094148011e-05
MAR01439	0.00019306979054549347
MAR01441	0.00032145971342833227
MAR01442	5.1020345657191586e-05
MAR01444	2.9846360387325934e-05
MAR01446	0.0016094127433055896
MAR01447	7.456973094148011e-05
MAR01449	0.0005755956717837769
MAR01450	0.0017211383870651216
MAR01452	0.00032145971342833227
MAR01453	0.030575403490925294
MAR01455	7.456973094148011e-05
MAR01456	0.0010805105705422244
MAR01461	7.456973094148011e-05
MAR01462	7.456973094148011e-05
MAR01463	0.0007951738967279593
MAR01464	7.456973094148011e-05
MAR01466	0.0007951738967279593
MAR01468	0.002065557035159181
MAR01469	7.456973094148011e-05
MAR01471	7.456973094148011e-05
MAR01472	0.00043920115259726703
MAR01474	0.002529208307668548
MAR01475	0.00021795140835310716
MAR01476	7.456973094148011e-05
MAR01480	7.456973094148011e-05
MAR01481	0.00019306979054549347
MAR01482	0.00032145971342833227
MAR01485	2.8841287887561833e-05
MAR01486	0.00032145971342833227
MAR01487	0.00032145971342833227
MAR01488	0.003321820610445286
MAR01489	0.00019306979054549347
MAR01491	0.00032145971342833227
MAR01492	0.00032145971342833227
MAR01497	2.9505372470643327e-05
MAR01498	0.0013141181392551397
MAR01499	7.456973094148011e-05
MAR01501	8.267941679500565e-05
MAR01506	7.456973094148011e-05
MAR01507	7.456973094148011e-05
MAR01508	0.0019533921283319384
MAR01510	0.0019533921283319384
MAR01511	0.0038528909361722403
MAR01513	0.0004690652790888911
MAR01514	7.456973094148011e-05
MAR01517	0.0009395336364999334
MAR01518	7.456973094148011e-05
MAR01520	0.0007708644154266993
MAR01521	0.00011128944048181511
MAR01522	0.00011128944048181511
MAR01523	0.0008668066085081908
MAR01524	0.0006458918049078128
MAR01525	3.064539280511385e-05
MAR01527	0.00037103705658416867
MAR01528	0.0011811756244061759
MAR01529	0.0002524091749069479
MAR01534	2.8841287887561833e-05
MAR01537	7.456973094148011e-05
MAR01541	7.456973094148011e-05
MAR01542	0.0001541735149023986
MAR01554	3.792523488983386e-05
MAR01555	5.1020345657191586e-05
MAR01556	0.00019306979054549347
MAR01559	0.00032145971342833227
MAR01560	2.8841287887561833e-05
MAR01561	7.456973094148011e-05
MAR01562	7.456973094148011e-05
MAR01563	7.456973094148011e-05
MAR01564	7.456973094148011e-05
MAR01566	7.456973094148011e-05
MAR01567	3.1626922738925516e-05
MAR01569	8.051239656327703e-05
MAR01571	2.8841287887561833e-05
MAR01574	5.4900050032132584e-05
MAR01575	7.456973094148011e-05
MAR01578	7.456973094148011e-05
MAR01579	7.456973094148011e-05
MAR01580	7.456973094148011e-05
MAR01582	7.456973094148011e-05
MAR01583	2.8841287887561833e-05
MAR01586	0.0003395319795852299
MAR01587	7.456973094148011e-05
MAR01588	0.00032145971342833227
MAR01591	7.456973094148011e-05
MAR01594	9.308697768133802e-05
MAR01596	9.308697768133802e-05
MAR01597	7.456973094148011e-05
MAR01600	0.0010805105705422244
MAR01601	7.456973094148011e-05
MAR01603	0.0019465877581513777
MAR01606	0.0019465877581513777
MAR01607	7.456973094148011e-05
MAR01612	0.00023636767922609388
MAR01615	0.0005246810021839319
MAR01616	0.00735862956566862
MAR01618	0.0007288593102928514
MAR01621	7.456973094148011e-05
MAR01626	7.456973094148011e-05
MAR01628	0.003934153209311432
MAR01633	7.456973094148011e-05
MAR01634	0.0009072729355485801
MAR01636	0.0008702868469542278
MAR01640	7.456973094148011e-05
MAR01641	7.456973094148011e-05
MAR01643	0.00035046426813970227
MAR01645	7.456973094148011e-05
MAR01647	7.456973094148011e-05
MAR01648	7.456973094148011e-05
MAR01649	0.009994833542970292
MAR01650	0.0005112141013607699
MAR01654	7.456973094148011e-05
MAR01655	0.00027841768788354395
MAR01657	7.456973094148011e-05
MAR01658	0.001168482470801719
MAR01661	9.308697768133802e-05
MAR01664	9.308697768133802e-05
MAR01669	7.456973094148011e-05
MAR01671	0.00032145971342833227
MAR01674	0.0009146167720681626
MAR01675	0.0009146167720681626
MAR01677	0.0009146167720681626
MAR01680	7.456973094148011e-05
MAR01683	7.456973094148011e-05
MAR01686	7.456973094148011e-05
MAR01688	7.456973094148011e-05
MAR01690	0.0011329879257148377
MAR01698	7.456973094148011e-05
MAR01705	7.456973094148011e-05
MAR01707	7.456973094148011e-05
MAR01711	0.0009773880001726733
MAR01712	7.456973094148011e-05
MAR01713	2.8841287887561833e-05
MAR01714	0.001989723522671858
MAR01715	0.0032761103862557974
MAR01719	7.456973094148011e-05
MAR01721	0.00032145971342833227
MAR01724	7.456973094148011e-05
MAR01728	7.456973094148011e-05
MAR01731	7.456973094148011e-05
MAR01732	7.456973094148011e-05
MAR01733	7.456973094148011e-05
MAR01734	7.456973094148011e-05
MAR01736	0.00019306979054549347
MAR01755	0.00032145971342833227
MAR01757	0.00019306979054549347
MAR01763	0.00032145971342833227
MAR01773	0.00019306979054549347
MAR01775	0.00032145971342833227
MAR01779	7.456973094148011e-05
MAR01780	0.00021215533080909721
MAR01782	0.00021215533080909721
MAR01791	7.456973094148011e-05
MAR01793	0.00021215533080909721
MAR01795	7.456973094148011e-05
MAR01799	0.00032145971342833227
MAR01801	0.002859982470966623
MAR01808	0.002859982470966623
MAR01812	7.473952912010299e-05
MAR01814	0.00032145971342833227
MAR01816	2.8841287887561833e-05
MAR01818	0.0013800337919790122
MAR01820	3.222732798247393e-05
MAR01821	7.456973094148011e-05
MAR01822	7.456973094148011e-05
MAR01824	7.456973094148011e-05
MAR01825	7.456973094148011e-05
MAR01826	7.456973094148011e-05
MAR01827	7.456973094148011e-05
MAR01828	7.456973094148011e-05
MAR01829	7.456973094148011e-05
MAR01849	7.456973094148011e-05
MAR01851	7.456973094148011e-05
MAR01856	7.456973094148011e-05
MAR01858	7.456973094148011e-05
MAR01860	7.456973094148011e-05
MAR01869	7.456973094148011e-05
MAR01871	7.456973094148011e-05
MAR01873	7.456973094148011e-05
MAR01912	7.456973094148011e-05
MAR01918	7.456973094148011e-05
MAR01921	7.456973094148011e-05
MAR01922	7.456973094148011e-05
MAR01923	7.456973094148011e-05
MAR01938	7.456973094148011e-05
MAR01939	7.456973094148011e-05
MAR01946	7.456973094148011e-05
MAR01947	7.456973094148011e-05
MAR01954	7.456973094148011e-05
MAR01955	7.456973094148011e-05
MAR01956	7.456973094148011e-05
MAR01957	7.456973094148011e-05
MAR01961	7.456973094148011e-05
MAR01964	7.456973094148011e-05
MAR01965	7.456973094148011e-05
MAR01966	7.456973094148011e-05
MAR01972	7.456973094148011e-05
MAR01975	7.456973094148011e-05
MAR01984	7.456973094148011e-05
MAR01986	7.456973094148011e-05
MAR02021	2.9076274719741422e-05
MAR02023	0.000265548498545607
MAR02026	0.0032761103862557974
MAR02028	0.0007588356526679322
MAR02119	3.570135976009606e-05
MAR02120	0.00473315991131433
MAR02121	0.003321820610445286
MAR02122	0.003321820610445286
MAR02123	0.003321820610445286
MAR02124	0.0005157106573219552
MAR02125	0.0005157106573219552
MAR02126	0.021822025345502646
MAR02128	0.021822025345502646
MAR02146	7.456973094148011e-05
MAR02147	0.0032761103862557974
MAR02148	0.0007588356526679322
MAR02149	0.0007588356526679322
MAR02183	0.0007588356526679322
MAR02184	0.0002306867890556726
MAR02186	2.954773882270482e-05
MAR02187	0.0007588356526679322
MAR02188	0.010443919289222548
MAR02189	0.010443919289222548
MAR02192	0.010443919289222548
MAR02195	0.010443919289222548
MAR02196	0.010443919289222548
MAR02197	0.010443919289222548
MAR02198	0.0015212764142478392
MAR02200	0.00024066073944650028
MAR02206	0.0061402897725202745
MAR02207	0.0007588356526679322
MAR02216	0.005472296504682771
MAR02220	0.005472296504682771
MAR02221	3.0511595330754417e-05
MAR02222	7.456973094148011e-05
MAR02223	7.456973094148011e-05
MAR02224	7.456973094148011e-05
MAR02225	7.456973094148011e-05
MAR02226	2.8841287887561833e-05
MAR02271	3.335870980442133e-05
MAR02272	0.00010198114767459735
MAR02273	7.456973094148011e-05
MAR02274	7.456973094148011e-05
MAR02275	7.456973094148011e-05
MAR02278	7.456973094148011e-05
MAR02279	7.456973094148011e-05
MAR02280	7.456973094148011e-05
MAR02283	7.456973094148011e-05
MAR02285	7.456973094148011e-05
MAR02290	7.456973094148011e-05
MAR02291	7.456973094148011e-05
MAR02297	7.456973094148011e-05
MAR02298	7.456973094148011e-05
MAR02299	7.456973094148011e-05
MAR02300	7.456973094148011e-05
MAR02301	0.0003032448602782753
MAR02302	7.456973094148011e-05
MAR02303	0.005472296504682771
MAR02304	7.456973094148011e-05
MAR02306	0.0009108163186403637
MAR02308	0.0006380193213200237
MAR02310	0.0023206935203411052
MAR02312	0.0023206935203411052
MAR02313	0.0023206935203411052
MAR02314	0.0023206935203411052
MAR02316	7.456973094148011e-05
MAR02318	7.456973094148011e-05
MAR02320	7.456973094148011e-05
MAR02322	0.0003936217523224141
MAR02323	0.0037823650067888527
MAR02325	0.0037823650067888527
MAR02327	0.0037823650067888527
MAR02329	2.8841287887561833e-05
MAR02331	7.456973094148011e-05
MAR02333	7.456973094148011e-05
MAR02335	7.456973094148011e-05
MAR02337	0.0061402897725202745
MAR02339	0.005365389802350434
MAR02340	7.456973094148011e-05
MAR02341	0.0011194736486495303
MAR02346	7.456973094148011e-05
MAR02351	0.0008837546532606959
MAR02352	0.0565856886662465
MAR02357	0.0565856886662465
MAR02360	7.456973094148011e-05
MAR02375	7.456973094148011e-05
MAR02377	7.456973094148011e-05
MAR02379	7.456973094148011e-05
MAR02381	0.002948295766741485
MAR02382	7.456973094148011e-05
MAR02385	3.262101882673672e-05
MAR02386	3.262101882673672e-05
MAR02388	0.00040264952432449245
MAR02396	3.276296616824683e-05
MAR02398	3.276296616824683e-05
MAR02400	3.276296616824683e-05
MAR02402	7.43681259301101e-05
MAR02404	2.8841287887561833e-05
MAR02405	0.005472296504682771
MAR02406	0.005472296504682771
MAR02413	0.005472296504682771
MAR02414	0.005472296504682771
MAR02416	0.005472296504682771
MAR02418	0.005472296504682771
MAR02420	0.005472296504682771
MAR02422	0.005472296504682771
MAR02424	0.00011122499709339157
MAR02425	0.00011122499709339157
MAR02427	7.456973094148011e-05
MAR02429	7.456973094148011e-05
MAR02431	7.456973094148011e-05
MAR02432	7.456973094148011e-05
MAR02471	7.456973094148011e-05
MAR02473	7.456973094148011e-05
MAR02474	7.456973094148011e-05
MAR02476	7.456973094148011e-05
MAR02477	7.456973094148011e-05
MAR02479	7.456973094148011e-05
MAR02481	7.456973094148011e-05
MAR02483	0.0019465877581513777
MAR02485	0.0019465877581513777
MAR02487	0.003795437725128862
MAR02488	0.000834687931510196
MAR02492	7.456973094148011e-05
MAR02494	0.001012270435773017
MAR02496	0.0008197334444975058
MAR02498	0.0006344709016921638
MAR02500	0.003795437725128862
MAR02502	0.000834687931510196
MAR02504	0.003795437725128862
MAR02506	0.000834687931510196
MAR02507	0.003795437725128862
MAR02508	0.000834687931510196
MAR02519	0.004952921735942963
MAR02521	0.004952921735942963
MAR02523	0.0006344709016921638
MAR02525	0.0021220761496833634
MAR02527	7.456973094148011e-05
MAR02529	2.8841287887561833e-05
MAR02531	0.012613840959470973
MAR02536	0.00015925760376443886
MAR02538	0.00015925760376443886
MAR02539	0.00015925760376443886
MAR02589	0.00015925760376443886
MAR02595	0.00015925760376443886
MAR02597	0.00015925760376443886
MAR02615	0.00012860882859094003
MAR02617	0.00016602190576359935
MAR02619	0.00012860882859094003
MAR02627	0.00016602190576359935
MAR02628	0.00012860882859094003
MAR02631	0.00016602190576359935
MAR02632	0.00012860882859094003
MAR02637	0.00016602190576359935
MAR02639	3.6897999022170134e-05
MAR02641	3.6897999022170134e-05
MAR02643	3.6897999022170134e-05
MAR02645	0.012613840959470973
MAR02647	2.8841287887561833e-05
MAR02694	0.012613840959470973
MAR02696	2.8841287887561833e-05
MAR02698	0.0007113985442755772
MAR02721	7.456973094148011e-05
MAR02723	2.9457920097090758e-05
MAR02725	0.00015925760376443886
MAR02728	0.00015925760376443886
MAR02743	0.00015925760376443886
MAR02747	0.00015925760376443886
MAR02749	0.00015925760376443886
MAR02751	2.9457920097090758e-05
MAR02756	0.00015925760376443886
MAR02763	0.00015925760376443886
MAR02765	0.0011382517079440374
MAR02767	0.000953037234915787
MAR02779	7.456973094148011e-05
MAR02781	0.0003936217523224141
MAR02782	7.456973094148011e-05
MAR02784	7.456973094148011e-05
MAR02786	0.0023206935203411052
MAR02802	0.0023206935203411052
MAR02804	0.0004555669424989481
MAR02808	0.0004555669424989481
MAR02810	0.0004555669424989481
MAR02818	0.0004555669424989481
MAR02820	7.456973094148011e-05
MAR02826	7.456973094148011e-05
MAR02828	7.456973094148011e-05
MAR02858	4.544412711733426e-05
MAR02860	7.456973094148011e-05
MAR02881	2.8841287887561833e-05
MAR02883	7.456973094148011e-05
MAR02885	3.1626922738925516e-05
MAR02887	7.456973094148011e-05
MAR02889	7.456973094148011e-05
MAR02891	3.1626922738925516e-05
MAR02893	7.456973094148011e-05
MAR02895	7.456973094148011e-05
MAR02933	7.456973094148011e-05
MAR02934	7.456973094148011e-05
MAR02935	7.456973094148011e-05
MAR02936	7.456973094148011e-05
MAR02937	7.456973094148011e-05
MAR02938	7.456973094148011e-05
MAR02939	7.456973094148011e-05
MAR02940	0.003795437725128862
MAR02941	7.456973094148011e-05
MAR02950	0.0009773880001726733
MAR02953	0.0009773880001726733
MAR02958	0.0026151702261675565
MAR02960	7.456973094148011e-05
MAR02993	7.456973094148011e-05
MAR02995	0.003426175350309039
MAR02997	0.0020352380865576152
MAR03004	0.0029011963103058075
MAR03005	3.2172946689975885e-05
MAR03006	0.00029627194114900185
MAR03010	0.00020562473186702158
MAR03012	0.00020562473186702158
MAR03016	7.456973094148011e-05
MAR03031	0.00012860882859094003
MAR03036	7.456973094148011e-05
MAR03038	2.8841287887561833e-05
MAR03039	7.456973094148011e-05
MAR03040	3.1626922738925516e-05
MAR03041	7.456973094148011e-05
MAR03042	2.8841287887561833e-05
MAR03043	3.8973155217375094e-05
MAR03044	0.0031576921239823623
MAR03045	3.8973155217375094e-05
MAR03046	0.003426175350309039
MAR03047	7.456973094148011e-05
MAR03048	0.0004136328354829065
MAR03049	7.456973094148011e-05
MAR03050	7.456973094148011e-05
MAR03051	0.00016602190576359935
MAR03052	0.00016602190576359935
MAR03061	0.0034579949032751242
MAR03119	7.456973094148011e-05
MAR03120	7.456973094148011e-05
MAR03124	0.003426175350309039
MAR03126	7.456973094148011e-05
MAR03127	3.6897999022170134e-05
MAR03131	7.456973094148011e-05
MAR03133	7.456973094148011e-05
MAR03134	2.9457860559373696e-05
MAR03138	7.456973094148011e-05
MAR03140	2.8841287887561833e-05
MAR03141	0.012613840959470973
MAR03145	2.8841287887561833e-05
MAR03147	2.8841287887561833e-05
MAR03148	0.012613840959470973
MAR03152	2.8841287887561833e-05
MAR03154	0.003426175350309039
MAR03155	0.003426175350309039
MAR03159	0.003426175350309039
MAR03161	0.003426175350309039
MAR03162	2.8841287887561833e-05
MAR03165	0.0009157522071853656
MAR03167	7.456973094148011e-05
MAR03168	7.456973094148011e-05
MAR03169	0.00012860882859094003
MAR03207	0.00016602190576359935
MAR03209	3.1626922738925516e-05
MAR03210	7.456973094148011e-05
MAR03214	3.1626922738925516e-05
MAR03216	7.456973094148011e-05
MAR03217	7.456973094148011e-05
MAR03238	7.456973094148011e-05
MAR03248	7.456973094148011e-05
MAR03249	7.456973094148011e-05
MAR03251	2.9483201970043878e-05
MAR03253	2.9483201970043878e-05
MAR03255	7.456973094148011e-05
MAR03257	2.9457920097090758e-05
MAR03259	7.456973094148011e-05
MAR03261	7.456973094148011e-05
MAR03263	2.8841287887561833e-05
MAR03265	7.456973094148011e-05
MAR03266	7.456973094148011e-05
MAR03267	7.456973094148011e-05
MAR03268	7.456973094148011e-05
MAR03269	0.008998160734830764
MAR03270	0.0010805105705422244
MAR03271	0.00321423840041873
MAR03273	0.0023206935203411052
MAR03274	0.0023206935203411052
MAR03276	0.0004555669424989481
MAR03289	0.0004555669424989481
MAR03291	0.0006999305357125475
MAR03295	0.0004555669424989481
MAR03297	0.009947721923987943
MAR03299	0.00027841768788354395
MAR03300	0.0016496420971123383
MAR03303	0.0016496420971123383
MAR03308	0.0016496420971123383
MAR03313	0.0013057300753356248
MAR03318	0.0020352380865576152
MAR03324	7.456973094148011e-05
MAR03325	0.0029011963103058075
MAR03354	0.00321423840041873
MAR03366	0.0004555669424989481
MAR03371	0.0004555669424989481
MAR03374	0.002901782338835272
MAR03376	0.0014380075415413663
MAR03377	0.001310307247546175
MAR03378	0.002901782338835272
MAR03379	0.009947721923987943
MAR03380	0.008998160734830764
MAR03381	0.0061040911240064985
MAR03382	7.456973094148011e-05
MAR03383	7.456973094148011e-05
MAR03384	0.00036092836339603624
MAR03385	0.00045393336827498923
MAR03386	0.0032024582666120606
MAR03387	0.0023206935203411052
MAR03388	7.456973094148011e-05
MAR03389	0.0014838983154285186
MAR03390	7.456973094148011e-05
MAR03391	0.012613840959470973
MAR03392	7.456973094148011e-05
MAR03393	0.004952921735942963
MAR03394	0.004952921735942963
MAR03395	0.004952921735942963
MAR03399	0.004952921735942963
MAR03400	2.8841287887561833e-05
MAR03401	0.004952921735942963
MAR03402	0.004952921735942963
MAR03403	0.004952921735942963
MAR03404	0.004952921735942963
MAR03405	0.004952921735942963
MAR03410	0.004952921735942963
MAR03412	0.004952921735942963
MAR03415	0.004952921735942963
MAR03417	0.004952921735942963
MAR03418	0.004952921735942963
MAR03419	7.456973094148011e-05
MAR03420	0.00032093487130438236
MAR03434	0.00032093487130438236
MAR03435	7.456973094148011e-05
MAR03436	0.000953037234915787
MAR03437	7.456973094148011e-05
MAR03438	0.004952921735942963
MAR03439	0.0014695386211485517
MAR03440	0.004952921735942963
MAR03442	0.004952921735942963
MAR03443	0.004952921735942963
MAR03451	0.004952921735942963
MAR03465	0.004952921735942963
MAR03474	0.004952921735942963
MAR03479	0.004952921735942963
MAR03483	0.00047217048653554997
MAR03485	0.004952921735942963
MAR03487	0.004952921735942963
MAR03490	0.004952921735942963
MAR03492	0.004952921735942963
MAR03494	0.004952921735942963
MAR03495	0.004952921735942963
MAR03496	0.004952921735942963
MAR03497	0.004952921735942963
MAR03499	0.004952921735942963
MAR03500	0.004952921735942963
MAR03502	0.004952921735942963
MAR03504	0.004952921735942963
MAR03507	0.004952921735942963
MAR03516	0.004952921735942963
MAR03518	0.004952921735942963
MAR03535	0.004952921735942963
MAR03536	7.456973094148011e-05
MAR03598	7.456973094148011e-05
MAR03599	7.456973094148011e-05
MAR03600	0.00015925760376443886
MAR03601	0.00015925760376443886
MAR03602	0.00015925760376443886
MAR03603	0.00015925760376443886
MAR03604	0.004952921735942963
MAR03605	0.004952921735942963
MAR03606	0.004952921735942963
MAR03607	0.004952921735942963
MAR03608	0.004952921735942963
MAR03609	0.004952921735942963
MAR03610	0.004952921735942963
MAR03611	0.004952921735942963
MAR03612	0.004952921735942963
MAR03613	2.8841287887561833e-05
MAR03614	2.8841287887561833e-05
MAR03615	0.004952921735942963
MAR03616	0.004952921735942963
MAR03617	0.004952921735942963
MAR03618	0.0014695386211485517
MAR03619	0.004952921735942963
MAR03620	7.456973094148011e-05
MAR03621	0.004952921735942963
MAR03623	7.456973094148011e-05
MAR03624	0.004952921735942963
MAR03745	7.456973094148011e-05
MAR03749	0.004952921735942963
MAR03756	0.00027841768788354395
MAR03758	7.456973094148011e-05
MAR03764	0.0010805105705422244
MAR03766	7.456973094148011e-05
MAR03768	3.1626922738925516e-05
MAR03774	7.456973094148011e-05
MAR03776	2.8841287887561833e-05
MAR03779	0.0014332574088627061
MAR03781	0.0003395319795852299
MAR03786	0.0003395319795852299
MAR03788	0.002879028817266516
MAR03791	0.0003395319795852299
MAR03798	0.0003395319795852299
MAR03801	0.0023206935203411052
MAR03803	0.0023206935203411052
MAR03805	0.0023206935203411052
MAR03808	0.008998160734830764
MAR03810	0.00018627791149623495
MAR03812	0.008998160734830764
MAR03814	0.00018627791149623495
MAR03815	0.002290186139115091
MAR03817	0.0005106296085791845
MAR03821	0.0032024582666120606
MAR03824	7.456973094148011e-05
MAR03826	2.8841287887561833e-05
MAR03828	0.0009157522071853656
MAR03830	7.456973094148011e-05
MAR03834	7.456973094148011e-05
MAR03836	7.456973094148011e-05
MAR03840	7.456973094148011e-05
MAR03842	0.00046956407529099745
MAR03844	0.00018627791149623495
MAR03846	0.0023206935203411052
MAR03872	0.0023206935203411052
MAR03874	0.0023206935203411052
MAR03876	0.008998160734830764
MAR03878	7.456973094148011e-05
MAR03880	7.456973094148011e-05
MAR03882	7.456973094148011e-05
MAR03884	7.456973094148011e-05
MAR03886	0.0021627186863768457
MAR03887	0.0009051884462711099
MAR03888	0.0009051884462711099
MAR03891	0.00046956407529099745
MAR03893	3.2172946689975885e-05
MAR03894	0.0009051884462711099
MAR03896	0.0009051884462711099
MAR03898	7.456973094148011e-05
MAR03900	3.2172946689975885e-05
MAR03902	0.0019465877581513777
MAR03904	0.0019465877581513777
MAR03906	3.2172946689975885e-05
MAR03909	7.456973094148011e-05
MAR03913	0.00046956407529099745
MAR03914	7.456973094148011e-05
MAR03918	0.019049887827642182
MAR03924	0.012789284382102438
MAR03926	0.003426175350309039
MAR03927	7.456973094148011e-05
MAR03930	7.456973094148011e-05
MAR03932	0.00015499127597899345
MAR03934	7.456973094148011e-05
MAR03936	7.456973094148011e-05
MAR03938	0.003426175350309039
MAR03941	0.0016293042949456966
MAR03942	0.003426175350309039
MAR03943	0.0016293042949456966
MAR03945	0.003426175350309039
MAR03961	0.0016293042949456966
MAR03962	7.456973094148011e-05
MAR03963	0.003426175350309039
MAR03973	0.0016293042949456966
MAR03976	0.003426175350309039
MAR03978	0.0016293042949456966
MAR03981	0.00018627791149623495
MAR03983	0.008998160734830764
MAR03985	0.011256183989019192
MAR03990	0.0009051884462711099
MAR03994	0.0009051884462711099
MAR03997	0.0004555669424989481
MAR04001	0.0004555669424989481
MAR04003	0.0004555669424989481
MAR04007	7.456973094148011e-05
MAR04009	6.120507331442176e-05
MAR04011	7.456973094148011e-05
MAR04013	7.456973094148011e-05
MAR04015	7.456973094148011e-05
MAR04017	7.456973094148011e-05
MAR04019	0.002879028817266516
MAR04021	0.00027335675486947264
MAR04023	0.0010866109839042849
MAR04025	0.00027335675486947264
MAR04027	0.00027335675486947264
MAR04029	0.0010866109839042849
MAR04031	0.00027335675486947264
MAR04033	0.00027335675486947264
MAR04035	0.0010866109839042849
MAR04037	0.00027335675486947264
MAR04039	7.456973094148011e-05
MAR04041	0.002879028817266516
MAR04043	0.00027335675486947264
MAR04045	0.0010866109839042849
MAR04047	0.00027335675486947264
MAR04049	7.456973094148011e-05
MAR04051	0.002879028817266516
MAR04053	7.456973094148011e-05
MAR04055	0.002879028817266516
MAR04057	0.00027335675486947264
MAR04074	0.0010866109839042849
MAR04076	0.00027335675486947264
MAR04088	7.456973094148011e-05
MAR04090	0.002879028817266516
MAR04092	7.456973094148011e-05
MAR04094	7.456973094148011e-05
MAR04096	7.456973094148011e-05
MAR04098	7.456973094148011e-05
MAR04100	7.456973094148011e-05
MAR04102	7.456973094148011e-05
MAR04104	7.456973094148011e-05
MAR04110	7.456973094148011e-05
MAR04117	7.456973094148011e-05
MAR04119	7.456973094148011e-05
MAR04129	7.456973094148011e-05
MAR04138	7.456973094148011e-05
MAR04140	7.456973094148011e-05
MAR04142	7.456973094148011e-05
MAR04146	7.456973094148011e-05
MAR04148	7.456973094148011e-05
MAR04150	7.456973094148011e-05
MAR04151	7.456973094148011e-05
MAR04153	7.456973094148011e-05
MAR04154	7.456973094148011e-05
MAR04155	7.456973094148011e-05
MAR04157	7.456973094148011e-05
MAR04161	7.456973094148011e-05
MAR04164	7.456973094148011e-05
MAR04173	7.456973094148011e-05
MAR04178	7.456973094148011e-05
MAR04181	7.456973094148011e-05
MAR04195	7.456973094148011e-05
MAR04203	7.456973094148011e-05
MAR04213	7.456973094148011e-05
MAR04215	7.456973094148011e-05
MAR04217	7.456973094148011e-05
MAR04221	7.456973094148011e-05
MAR04223	7.456973094148011e-05
MAR04226	7.456973094148011e-05
MAR04229	7.456973094148011e-05
MAR04230	7.456973094148011e-05
MAR04234	7.456973094148011e-05
MAR04236	7.456973094148011e-05
MAR04238	7.456973094148011e-05
MAR04240	7.456973094148011e-05
MAR04247	7.456973094148011e-05
MAR04256	7.456973094148011e-05
MAR04258	7.456973094148011e-05
MAR04272	7.456973094148011e-05
MAR04273	7.456973094148011e-05
MAR04286	7.456973094148011e-05
MAR04289	7.456973094148011e-05
MAR04292	7.456973094148011e-05
MAR04293	7.456973094148011e-05
MAR04294	7.456973094148011e-05
MAR04298	7.456973094148011e-05
MAR04305	7.456973094148011e-05
MAR04307	7.456973094148011e-05
MAR04309	7.456973094148011e-05
MAR04311	7.456973094148011e-05
MAR04322	7.456973094148011e-05
MAR04325	7.456973094148011e-05
MAR04327	7.456973094148011e-05
MAR04334	7.456973094148011e-05
MAR04337	7.456973094148011e-05
MAR04339	7.456973094148011e-05
MAR04341	7.456973094148011e-05
MAR04349	7.456973094148011e-05
MAR04353	7.456973094148011e-05
MAR04357	7.456973094148011e-05
MAR04359	7.456973094148011e-05
MAR04361	7.456973094148011e-05
MAR04362	7.456973094148011e-05
MAR04364	7.456973094148011e-05
MAR04366	7.456973094148011e-05
MAR04369	7.456973094148011e-05
MAR04374	7.456973094148011e-05
MAR04376	7.456973094148011e-05
MAR04378	7.456973094148011e-05
MAR04380	7.456973094148011e-05
MAR04382	7.456973094148011e-05
MAR04384	7.456973094148011e-05
MAR04389	7.456973094148011e-05
MAR04392	7.456973094148011e-05
MAR04395	7.456973094148011e-05
MAR04397	7.456973094148011e-05
MAR04405	7.456973094148011e-05
MAR04407	7.456973094148011e-05
MAR04409	7.456973094148011e-05
MAR04413	7.456973094148011e-05
MAR04438	0.004203453652338184
MAR04439	0.004203453652338184
MAR04441	7.456973094148011e-05
MAR04443	7.456973094148011e-05
MAR04445	0.0008356045012120254
MAR04447	0.000834687931510196
MAR04457	0.003321820610445286
MAR04462	0.003321820610445286
MAR04475	0.003321820610445286
MAR04479	0.00032145971342833227
MAR04491	0.003321820610445286
MAR04504	0.003321820610445286
MAR04508	0.003321820610445286
MAR04509	0.000834687931510196
MAR04511	7.456973094148011e-05
MAR04515	7.456973094148011e-05
MAR04522	0.003321820610445286
MAR04566	0.004203453652338184
MAR04569	0.003321820610445286
MAR04571	0.003321820610445286
MAR04578	0.004203453652338184
MAR04581	0.003321820610445286
MAR04598	0.003321820610445286
MAR04610	0.003321820610445286
MAR04613	0.003321820610445286
MAR04616	0.004203453652338184
MAR04620	0.003321820610445286
MAR04624	0.003321820610445286
MAR04634	0.003321820610445286
MAR04636	0.003321820610445286
MAR04638	0.003321820610445286
MAR04639	0.003321820610445286
MAR04645	0.00032145971342833227
MAR04661	0.00032145971342833227
MAR04671	0.003321820610445286
MAR04674	0.00032145971342833227
MAR04677	0.00032145971342833227
MAR04678	0.0008356045012120254
MAR04707	0.003321820610445286
MAR04711	0.003321820610445286
MAR04719	0.003321820610445286
MAR04722	0.0008356045012120254
MAR04726	0.00032145971342833227
MAR04728	0.00032145971342833227
MAR04745	0.003321820610445286
MAR04749	0.003321820610445286
MAR04759	0.003321820610445286
MAR04782	0.00032145971342833227
MAR04783	7.456973094148011e-05
MAR04793	0.00011122499709339157
MAR04803	0.00011122499709339157
MAR04805	0.003173139463699497
MAR04807	7.456973094148011e-05
MAR04809	7.456973094148011e-05
MAR04811	0.00011122499709339157
MAR04813	7.456973094148011e-05
MAR04815	7.456973094148011e-05
MAR04820	7.456973094148011e-05
MAR04821	7.456973094148011e-05
MAR04822	7.456973094148011e-05
MAR04823	7.456973094148011e-05
MAR04824	7.456973094148011e-05
MAR04825	7.456973094148011e-05
MAR04826	7.456973094148011e-05
MAR04827	7.456973094148011e-05
MAR04828	7.456973094148011e-05
MAR04829	7.456973094148011e-05
MAR04830	7.456973094148011e-05
MAR04853	7.456973094148011e-05
MAR04857	7.456973094148011e-05
MAR04859	7.456973094148011e-05
MAR04866	7.456973094148011e-05
MAR04869	7.456973094148011e-05
MAR04884	7.456973094148011e-05
MAR04886	7.456973094148011e-05
MAR04889	7.456973094148011e-05
MAR04891	7.456973094148011e-05
MAR04895	7.456973094148011e-05
MAR04897	7.456973094148011e-05
MAR04899	7.456973094148011e-05
MAR04901	7.456973094148011e-05
MAR04909	7.456973094148011e-05
MAR04918	7.456973094148011e-05
MAR04920	7.456973094148011e-05
MAR04921	7.456973094148011e-05
MAR04923	7.456973094148011e-05
MAR04925	7.456973094148011e-05
MAR04927	7.456973094148011e-05
MAR04929	7.456973094148011e-05
MAR04936	7.456973094148011e-05
MAR04943	7.456973094148011e-05
MAR04950	7.456973094148011e-05
MAR04965	7.456973094148011e-05
MAR04968	0.0010805105705422244
MAR04970	0.001310307247546175
MAR04974	0.00022358937086864464
MAR04978	0.0006999305357125475
MAR04981	0.0004555669424989481
MAR04984	0.009947721923987943
MAR04987	0.0010805105705422244
MAR04988	0.002901782338835272
MAR04991	0.0006795577921495611
MAR05001	0.001310307247546175
MAR05017	0.00022358937086864464
MAR05025	0.0010805105705422244
MAR05026	0.0010805105705422244
MAR05028	0.0010805105705422244
MAR05030	0.009947721923987943
MAR05044	0.009947721923987943
MAR05069	0.0010805105705422244
MAR05081	0.0006795577921495611
MAR05083	0.009947721923987943
MAR05086	0.0010805105705422244
MAR05090	0.002901782338835272
MAR05093	0.0006795577921495611
MAR05095	0.009947721923987943
MAR05097	0.0010805105705422244
MAR05098	0.009947721923987943
MAR05100	0.0010805105705422244
MAR05103	0.00032145971342833227
MAR05104	0.003321820610445286
MAR05106	0.0008356045012120254
MAR05108	0.0010805105705422244
MAR05110	0.0063255333240134545
MAR05111	0.0063255333240134545
MAR05119	0.0010805105705422244
MAR05120	0.0063255333240134545
MAR05175	0.0010805105705422244
MAR05176	0.0063255333240134545
MAR05177	0.0063255333240134545
MAR05178	0.0010805105705422244
MAR05179	0.0063255333240134545
MAR05180	0.0010805105705422244
MAR05181	0.0063255333240134545
MAR05182	0.0010805105705422244
MAR05183	0.0014838983154285186
MAR05184	0.0010805105705422244
MAR05185	0.0063255333240134545
MAR05188	0.0063255333240134545
MAR05189	0.0010805105705422244
MAR05190	0.0063255333240134545
MAR05192	0.0063255333240134545
MAR05193	0.0010805105705422244
MAR05194	0.0063255333240134545
MAR05196	0.0004555669424989481
MAR05235	0.0006795577921495611
MAR05242	0.0061040911240064985
MAR05256	0.0010805105705422244
MAR05293	0.00022358937086864464
MAR05298	0.0063255333240134545
MAR05300	0.0004555669424989481
MAR05306	0.002901782338835272
MAR05309	0.0006795577921495611
MAR05312	0.001310307247546175
MAR05321	0.00022358937086864464
MAR05325	0.0063255333240134545
MAR05327	0.0010805105705422244
MAR05329	0.0063255333240134545
MAR05331	0.0010805105705422244
MAR05334	4.464979788353832e-05
MAR05341	0.00046956407529099745
MAR05343	0.0063255333240134545
MAR05345	0.0063255333240134545
MAR05350	0.0010805105705422244
MAR05355	0.0063255333240134545
MAR05357	0.0063255333240134545
MAR05359	0.0063255333240134545
MAR05360	0.0061040911240064985
MAR05364	0.0010805105705422244
MAR05365	0.0063255333240134545
MAR05366	0.0010805105705422244
MAR05367	0.002901782338835272
MAR05368	0.0006795577921495611
MAR05369	0.0063255333240134545
MAR05370	0.002901782338835272
MAR05371	0.0063255333240134545
MAR05372	0.0010805105705422244
MAR05373	0.0063255333240134545
MAR05374	0.0004555669424989481
MAR05375	0.0010805105705422244
MAR05376	0.0063255333240134545
MAR05377	0.0010805105705422244
MAR05378	0.0061040911240064985
MAR05379	0.0010805105705422244
MAR05380	0.0063255333240134545
MAR05382	0.0004555669424989481
MAR05383	0.002901782338835272
MAR05402	0.0006795577921495611
MAR05403	0.0063255333240134545
MAR05404	0.001310307247546175
MAR05405	0.00022358937086864464
MAR05408	0.0063255333240134545
MAR05410	0.002901782338835272
MAR05412	0.001310307247546175
MAR05421	0.0010805105705422244
MAR05425	0.00046956407529099745
MAR05427	0.00046956407529099745
MAR05428	0.0010805105705422244
MAR05431	0.0010805105705422244
MAR05456	0.003321820610445286
MAR05988	0.009947721923987943
MAR05991	0.003321820610445286
MAR05999	0.0006785312226904101
MAR06278	0.003321820610445286
MAR06280	0.0010805105705422244
MAR06281	0.002901782338835272
MAR06282	0.0006795577921495611
MAR06284	0.0010805105705422244
MAR06285	0.0010805105705422244
MAR06319	0.009947721923987943
MAR06320	0.009947721923987943
MAR06322	0.0010805105705422244
MAR06344	0.0010805105705422244
MAR06345	0.0010805105705422244
MAR06346	7.456973094148011e-05
MAR06347	0.009947721923987943
MAR06348	0.00046956407529099745
MAR06349	0.0032024582666120606
MAR06350	0.0032024582666120606
MAR06376	0.0032024582666120606
MAR06378	0.0006999305357125475
MAR06390	0.001310307247546175
MAR06407	0.009947721923987943
MAR06418	0.002901782338835272
MAR06437	0.0063255333240134545
MAR06449	0.0063255333240134545
MAR06452	0.0063255333240134545
MAR06483	0.0010805105705422244
MAR06485	0.004203453652338184
MAR06487	0.004203453652338184
MAR06489	0.004203453652338184
MAR06491	0.004203453652338184
MAR06493	0.004203453652338184
MAR06498	7.456973094148011e-05
MAR06499	0.004203453652338184
MAR06502	0.004203453652338184
MAR06503	0.004203453652338184
MAR06528	0.004203453652338184
MAR06538	0.004203453652338184
MAR06586	0.004203453652338184
MAR06593	0.004203453652338184
MAR06596	0.00011122499709339157
MAR06597	0.00011122499709339157
MAR06598	0.003321820610445286
MAR06599	0.00032145971342833227
MAR06600	0.00019306979054549347
MAR06604	0.003173139463699497
MAR06688	0.004203453652338184
MAR06689	0.00032145971342833227
MAR06696	0.003321820610445286
MAR06698	0.00019306979054549347
MAR06724	7.456973094148011e-05
MAR06769	7.456973094148011e-05
MAR06773	7.456973094148011e-05
MAR06775	0.000953062236359071
MAR06777	0.000834687931510196
MAR06779	0.000953062236359071
MAR06804	7.456973094148011e-05
MAR06805	7.456973094148011e-05
MAR06809	0.0008356045012120254
MAR06810	0.000834687931510196
MAR06812	0.00011122499709339157
MAR06816	0.00011122499709339157
MAR06821	7.456973094148011e-05
MAR06825	0.00032145971342833227
MAR06832	0.0008356045012120254
MAR06833	7.456973094148011e-05
MAR06846	7.456973094148011e-05
MAR06847	0.0008356045012120254
MAR06852	0.000834687931510196
MAR06859	0.06836198681739748
MAR06860	0.00015282685027605974
MAR06861	0.0014858099414347728
MAR06862	2.8841287887561833e-05
MAR06863	0.023519639993607094
MAR06864	0.0008147525537906853
MAR06865	3.2352023466650604e-05
MAR06866	0.0005112141013607699
MAR06867	7.456973094148011e-05
MAR06868	7.456973094148011e-05
MAR06869	7.456973094148011e-05
MAR06870	7.456973094148011e-05
MAR06871	2.8841287887561833e-05
MAR06872	0.00046439744220713773
MAR06873	7.456973094148011e-05
MAR06884	0.0001605080862990948
MAR06887	0.00406378087520967
MAR06891	3.0597171430433636e-05
MAR06892	3.0597171430433636e-05
MAR06893	0.00018043417254991534
MAR06896	3.2352023466650604e-05
MAR06897	0.023519639993607094
MAR06898	0.0014858099414347728
MAR06899	2.8841287887561833e-05
MAR06900	2.8841287887561833e-05
MAR06913	2.8841287887561833e-05
MAR06915	0.0031576921239823623
MAR06917	2.8841287887561833e-05
MAR06919	7.456973094148011e-05
MAR06920	7.456973094148011e-05
MAR06922	7.456973094148011e-05
MAR07101	0.00046439744220713773
MAR07102	0.023519639993607094
MAR07105	0.023519639993607094
MAR07107	2.8841287887561833e-05
MAR07148	2.8841287887561833e-05
MAR07149	0.0013848621581787738
MAR07150	2.8841287887561833e-05
MAR07151	0.023519639993607094
MAR07152	0.003173139463699497
MAR07153	0.023519639993607094
MAR07154	3.55182044465391e-05
MAR07155	2.8841287887561833e-05
MAR07156	0.003173139463699497
MAR07157	0.003173139463699497
MAR07158	7.456973094148011e-05
MAR07159	7.456973094148011e-05
MAR07176	7.456973094148011e-05
MAR07177	7.456973094148011e-05
MAR07178	2.8841287887561833e-05
MAR07179	3.2352023466650604e-05
MAR07189	0.023519639993607094
MAR07190	2.8841287887561833e-05
MAR07192	2.8841287887561833e-05
MAR07193	0.0011929678249669876
MAR07194	0.00015282685027605974
MAR07195	7.456973094148011e-05
MAR07255	7.456973094148011e-05
MAR07439	7.456973094148011e-05
MAR07589	0.0005112141013607699
MAR07592	7.456973094148011e-05
MAR07593	3.2352023466650604e-05
MAR07595	3.2352023466650604e-05
MAR07657	3.2352023466650604e-05
MAR07658	3.262101882673672e-05
MAR07659	7.456973094148011e-05
MAR07750	7.456973094148011e-05
MAR07751	7.456973094148011e-05
MAR07752	7.456973094148011e-05
MAR07753	0.00140552746989862
MAR07754	7.456973094148011e-05
MAR07803	7.456973094148011e-05
MAR07805	7.456973094148011e-05
MAR07807	7.456973094148011e-05
MAR07809	7.456973094148011e-05
MAR07811	0.00140552746989862
MAR07813	3.222732798247393e-05
MAR07817	7.456973094148011e-05
MAR07819	7.456973094148011e-05
MAR07821	7.456973094148011e-05
MAR08111	7.456973094148011e-05
MAR08204	7.456973094148011e-05
MAR08218	0.0061402897725202745
MAR08274	0.003980237458604841
MAR08301	0.0002408210105459929
MAR08386	7.456973094148011e-05
MAR08400	7.456973094148011e-05
MAR08422	7.456973094148011e-05
MAR08423	7.456973094148011e-05
MAR08644	7.456973094148011e-05
MAR08646	7.456973094148011e-05
MAR08647	7.456973094148011e-05
MAR08649	7.456973094148011e-05
MAR08650	7.456973094148011e-05
MAR08701	7.456973094148011e-05
MAR08705	7.456973094148011e-05
MAR08707	7.456973094148011e-05
MAR08708	7.456973094148011e-05
MAR08832	7.456973094148011e-05
MAR08916	7.456973094148011e-05
MAR08948	7.456973094148011e-05
MAR08949	7.456973094148011e-05
MAR08950	7.456973094148011e-05
MAR08951	7.456973094148011e-05
MAR08952	7.456973094148011e-05
MAR08953	7.456973094148011e-05
MAR08954	7.456973094148011e-05
MAR08955	7.456973094148011e-05
MAR08956	7.456973094148011e-05
MAR08957	7.456973094148011e-05
MAR08958	7.456973094148011e-05
MAR08959	7.456973094148011e-05
MAR08960	7.456973094148011e-05
MAR08961	7.456973094148011e-05
MAR08962	7.456973094148011e-05
MAR08963	7.456973094148011e-05
MAR08964	7.456973094148011e-05
MAR08965	7.456973094148011e-05
MAR08966	7.456973094148011e-05
MAR08967	7.456973094148011e-05
MAR08968	2.9076274719741422e-05
MAR08969	2.8841287887561833e-05
MAR08970	7.456973094148011e-05
MAR08971	0.005614709106288334
MAR08972	0.00140552746989862
MAR08974	7.456973094148011e-05
MAR08975	7.456973094148011e-05
MAR08976	7.456973094148011e-05
MAR08977	7.456973094148011e-05
MAR08978	7.456973094148011e-05
MAR08979	7.456973094148011e-05
MAR08980	7.456973094148011e-05
MAR08981	7.456973094148011e-05
MAR08982	7.456973094148011e-05
MAR08983	7.456973094148011e-05
MAR08984	7.456973094148011e-05
MAR08986	7.456973094148011e-05
MAR08987	7.456973094148011e-05
MAR08988	7.456973094148011e-05
MAR08989	7.456973094148011e-05
MAR08991	7.456973094148011e-05
MAR08993	7.456973094148011e-05
MAR08994	7.456973094148011e-05
MAR08995	7.456973094148011e-05
MAR08996	7.456973094148011e-05
MAR08997	7.456973094148011e-05
MAR08998	7.456973094148011e-05
MAR08999	7.456973094148011e-05
MAR09000	7.456973094148011e-05
MAR09001	7.456973094148011e-05
MAR09002	7.456973094148011e-05
MAR09003	7.456973094148011e-05
MAR09004	7.456973094148011e-05
MAR09005	7.456973094148011e-05
MAR09006	7.456973094148011e-05
MAR09007	7.456973094148011e-05
MAR09008	7.456973094148011e-05
MAR09009	7.456973094148011e-05
MAR09010	7.456973094148011e-05
MAR09011	7.456973094148011e-05
MAR09012	7.456973094148011e-05
MAR09013	7.456973094148011e-05
MAR09021	7.456973094148011e-05
MAR09025	7.456973094148011e-05
MAR09026	7.456973094148011e-05
MAR09027	7.456973094148011e-05
MAR09028	7.456973094148011e-05
MAR09029	7.456973094148011e-05
MAR09030	7.456973094148011e-05
MAR09031	2.8841287887561833e-05
MAR09057	7.456973094148011e-05
MAR09059	2.8841287887561833e-05
MAR09060	7.456973094148011e-05
MAR09112	7.456973094148011e-05
MAR09170	7.456973094148011e-05
MAR09186	7.456973094148011e-05
MAR09274	0.00017526297376208082
MAR09402	0.0022440743668396663
MAR09403	6.11667729708216e-05
MAR09459	7.456973094148011e-05
MAR09526	7.456973094148011e-05
MAR09533	7.456973094148011e-05
MAR09576	2.8841287887561833e-05
MAR09589	7.456973094148011e-05
MAR09723	7.456973094148011e-05
MAR09736	0.06836198681739748
MAR09819	2.8841287887561833e-05
MAR09820	7.456973094148011e-05
MAR09821	7.456973094148011e-05
MAR09822	7.456973094148011e-05
MAR09823	7.456973094148011e-05
MAR09824	7.456973094148011e-05
MAR09825	7.456973094148011e-05
MAR09826	7.456973094148011e-05
MAR09827	7.456973094148011e-05
MAR09828	7.456973094148011e-05
MAR09829	7.456973094148011e-05
MAR09830	7.456973094148011e-05
MAR09831	7.456973094148011e-05
MAR09832	7.456973094148011e-05
MAR09833	7.456973094148011e-05
MAR09834	7.456973094148011e-05
MAR09835	7.456973094148011e-05
MAR09836	7.456973094148011e-05
MAR09837	7.456973094148011e-05
MAR09838	7.456973094148011e-05
MAR09839	7.456973094148011e-05
MAR09840	7.456973094148011e-05
MAR09841	7.456973094148011e-05
MAR09842	7.456973094148011e-05
MAR09843	7.456973094148011e-05
MAR09844	7.456973094148011e-05
MAR09845	7.456973094148011e-05
MAR09846	7.456973094148011e-05
MAR09847	7.456973094148011e-05
MAR09848	7.456973094148011e-05
MAR09849	7.456973094148011e-05
MAR09850	7.456973094148011e-05
MAR09851	7.456973094148011e-05
MAR09852	7.456973094148011e-05
MAR09853	7.456973094148011e-05
MAR09854	7.456973094148011e-05
MAR09855	7.456973094148011e-05
MAR09856	7.456973094148011e-05
MAR09857	7.456973094148011e-05
MAR09858	7.456973094148011e-05
MAR09859	7.456973094148011e-05
MAR09860	7.456973094148011e-05
MAR09861	7.456973094148011e-05
MAR09862	7.456973094148011e-05
MAR09863	7.456973094148011e-05
MAR09864	7.456973094148011e-05
MAR09865	7.456973094148011e-05
MAR09866	7.456973094148011e-05
MAR09867	7.456973094148011e-05
MAR09868	7.456973094148011e-05
MAR09869	0.00015282685027605974
MAR09870	0.003173139463699497
MAR09871	0.00015282685027605974
MAR09872	0.00015282685027605974
MAR09873	2.8841287887561833e-05
MAR09874	2.8841287887561833e-05
MAR09875	3.2352023466650604e-05
MAR09876	0.00015282685027605974
MAR09877	3.223420065287479e-05
MAR09878	3.460319185373081e-05
MAR09879	2.8841287887561833e-05
MAR09880	3.223420065287479e-05
MAR09881	2.8841287887561833e-05
MAR09882	0.0020184240650127877
MAR09883	2.8841287887561833e-05
MAR09884	2.8841287887561833e-05
MAR09885	3.276296616824683e-05
MAR09886	2.8841287887561833e-05
MAR09888	0.00015282685027605974
MAR09889	2.922379920423363e-05
MAR09890	0.0015062942241247448
MAR09891	0.00015282685027605974
MAR09892	0.00015282685027605974
MAR09893	2.8841287887561833e-05
MAR09894	0.0014838983154285186
MAR09895	0.00015282685027605974
MAR09896	2.8841287887561833e-05
MAR09897	4.402941014125324e-05
MAR09898	0.00015282685027605974
MAR09899	0.0007686953975585832
MAR09900	2.8841287887561833e-05
MAR09901	3.262101882673672e-05
MAR09902	2.8841287887561833e-05
MAR09903	9.841360106545108e-05
MAR09904	0.00015282685027605974
MAR09905	3.460319185373081e-05
MAR09906	2.8841287887561833e-05
MAR09907	0.00015282685027605974
MAR09908	0.00015282685027605974
MAR09909	0.00015282685027605974
MAR09910	0.00226617151371948
MAR09911	7.456973094148011e-05
MAR09912	0.00021676828237887058
MAR09913	0.00021676828237887058
MAR09914	0.00021676828237887058
MAR09915	0.00021676828237887058
MAR09916	0.00021676828237887058
MAR09917	0.00021676828237887058
MAR09918	0.00021676828237887058
MAR09919	7.456973094148011e-05
MAR09920	7.456973094148011e-05
MAR09921	7.456973094148011e-05
MAR09922	7.456973094148011e-05
MAR09923	7.456973094148011e-05
MAR09924	7.456973094148011e-05
MAR09925	7.456973094148011e-05
MAR09926	7.456973094148011e-05
MAR09927	7.456973094148011e-05
MAR09928	7.456973094148011e-05
MAR09929	7.456973094148011e-05
MAR09930	7.456973094148011e-05
MAR09931	7.456973094148011e-05
MAR09932	7.456973094148011e-05
MAR09933	7.456973094148011e-05
MAR09934	0.001482274613193709
MAR09935	7.456973094148011e-05
MAR09936	7.456973094148011e-05
MAR09937	5.739849101267972e-05
MAR09938	0.00017617882605474593
MAR09939	7.456973094148011e-05
MAR09940	7.456973094148011e-05
MAR09941	7.456973094148011e-05
MAR09942	0.00639132310635336
MAR09943	0.00639132310635336
MAR09944	0.00639132310635336
MAR09945	0.00639132310635336
MAR09946	0.00639132310635336
MAR09947	0.00639132310635336
MAR09948	7.456973094148011e-05
MAR09950	7.456973094148011e-05
MAR09951	0.00023230931446892767
MAR09952	7.456973094148011e-05
MAR09953	7.456973094148011e-05
MAR09954	7.456973094148011e-05
MAR09955	7.456973094148011e-05
MAR09956	7.456973094148011e-05
MAR09957	7.456973094148011e-05
MAR09958	7.456973094148011e-05
MAR09959	7.456973094148011e-05
MAR09960	7.456973094148011e-05
MAR09961	7.456973094148011e-05
MAR09962	7.456973094148011e-05
MAR09963	7.456973094148011e-05
MAR09964	7.456973094148011e-05
MAR09965	7.456973094148011e-05
MAR09966	7.456973094148011e-05
MAR09967	7.456973094148011e-05
MAR09968	7.456973094148011e-05
MAR09969	7.456973094148011e-05
MAR09970	7.456973094148011e-05
MAR09971	7.456973094148011e-05
MAR09972	7.456973094148011e-05
MAR09973	7.456973094148011e-05
MAR09974	7.456973094148011e-05
MAR09975	7.456973094148011e-05
MAR09976	7.456973094148011e-05
MAR09977	7.456973094148011e-05
MAR09978	7.456973094148011e-05
MAR09979	7.456973094148011e-05
MAR09980	7.456973094148011e-05
MAR09981	7.456973094148011e-05
MAR09982	7.456973094148011e-05
MAR09983	7.456973094148011e-05
MAR09984	7.456973094148011e-05
MAR09985	2.8841287887561833e-05
MAR09986	7.456973094148011e-05
MAR09987	7.456973094148011e-05
MAR09988	7.456973094148011e-05
MAR09989	7.456973094148011e-05
MAR09990	7.456973094148011e-05
MAR09991	7.456973094148011e-05
MAR09992	7.456973094148011e-05
MAR09993	7.456973094148011e-05
MAR09994	7.456973094148011e-05
MAR09995	7.456973094148011e-05
MAR09996	7.456973094148011e-05
MAR09997	7.456973094148011e-05
MAR09998	7.456973094148011e-05
MAR09999	7.456973094148011e-05
MAR10000	7.456973094148011e-05
MAR10001	7.456973094148011e-05
MAR10002	7.456973094148011e-05
MAR10003	7.456973094148011e-05
MAR10004	7.456973094148011e-05
MAR10005	7.456973094148011e-05
MAR10006	7.456973094148011e-05
MAR10007	7.456973094148011e-05
MAR10008	3.569071352192605e-05
MAR10009	7.456973094148011e-05
MAR10010	0.0009518544396327312
MAR10011	3.092859332491893e-05
MAR10012	7.456973094148011e-05
MAR10013	7.456973094148011e-05
MAR10014	0.0009518544396327312
MAR10015	7.456973094148011e-05
MAR10016	7.456973094148011e-05
MAR10017	7.456973094148011e-05
MAR10018	7.456973094148011e-05
MAR10019	7.456973094148011e-05
MAR10020	0.0009518544396327312
MAR10021	7.456973094148011e-05
MAR10022	7.456973094148011e-05
MAR10032	7.456973094148011e-05
MAR10133	7.456973094148011e-05
MAR10134	7.456973094148011e-05
MAR10135	7.456973094148011e-05
MAR10136	7.456973094148011e-05
MAR10137	7.456973094148011e-05
MAR10138	7.456973094148011e-05
MAR10139	7.456973094148011e-05
MAR10140	7.456973094148011e-05
MAR10141	7.456973094148011e-05
MAR10142	7.456973094148011e-05
MAR10143	7.456973094148011e-05
MAR10144	7.456973094148011e-05
MAR10145	7.456973094148011e-05
MAR10146	7.456973094148011e-05
MAR10147	7.456973094148011e-05
MAR10148	7.456973094148011e-05
MAR10149	7.456973094148011e-05
MAR10150	7.456973094148011e-05
MAR10151	7.456973094148011e-05
MAR10152	7.456973094148011e-05
MAR10153	7.456973094148011e-05
MAR10154	7.456973094148011e-05
MAR10155	0.0009518544396327312
MAR10156	7.456973094148011e-05
MAR10157	7.456973094148011e-05
MAR10158	7.456973094148011e-05
MAR10159	7.456973094148011e-05
MAR10160	7.456973094148011e-05
MAR10161	7.456973094148011e-05
MAR10162	7.456973094148011e-05
MAR10163	7.456973094148011e-05
MAR10165	7.456973094148011e-05
MAR10166	7.456973094148011e-05
MAR10167	7.456973094148011e-05
MAR10168	7.456973094148011e-05
MAR10169	7.456973094148011e-05
MAR10170	7.456973094148011e-05
MAR10171	7.456973094148011e-05
MAR10172	7.456973094148011e-05
MAR10173	7.456973094148011e-05
MAR10174	7.456973094148011e-05
MAR10175	7.456973094148011e-05
MAR10176	7.456973094148011e-05
MAR10177	7.456973094148011e-05
MAR10178	7.456973094148011e-05
MAR10179	7.456973094148011e-05
MAR10180	7.456973094148011e-05
MAR10181	7.456973094148011e-05
MAR10182	7.456973094148011e-05
MAR10183	7.456973094148011e-05
MAR10184	7.456973094148011e-05
MAR10185	7.456973094148011e-05
MAR10186	7.456973094148011e-05
MAR10187	7.456973094148011e-05
MAR10188	7.456973094148011e-05
MAR10189	7.456973094148011e-05
MAR10190	7.456973094148011e-05
MAR10191	7.456973094148011e-05
MAR10192	7.456973094148011e-05
MAR10193	7.456973094148011e-05
MAR10194	7.456973094148011e-05
MAR10195	7.456973094148011e-05
MAR10196	7.456973094148011e-05
MAR10197	7.456973094148011e-05
MAR10198	7.456973094148011e-05
MAR10199	7.456973094148011e-05
MAR10200	7.456973094148011e-05
MAR10201	7.456973094148011e-05
MAR10202	7.456973094148011e-05
MAR10203	7.456973094148011e-05
MAR10204	7.456973094148011e-05
MAR10205	7.456973094148011e-05
MAR10206	7.456973094148011e-05
MAR10207	7.456973094148011e-05
MAR10208	7.456973094148011e-05
MAR10209	7.456973094148011e-05
MAR10210	7.456973094148011e-05
MAR10211	7.456973094148011e-05
MAR10212	7.456973094148011e-05
MAR10213	7.456973094148011e-05
MAR10214	7.456973094148011e-05
MAR10215	7.456973094148011e-05
MAR10216	7.456973094148011e-05
MAR10217	7.456973094148011e-05
MAR10218	7.456973094148011e-05
MAR10219	7.456973094148011e-05
MAR10220	7.456973094148011e-05
MAR10221	7.456973094148011e-05
MAR10222	7.456973094148011e-05
MAR10223	7.456973094148011e-05
MAR10224	7.456973094148011e-05
MAR10225	7.456973094148011e-05
MAR10226	7.456973094148011e-05
MAR10227	7.456973094148011e-05
MAR10228	7.456973094148011e-05
MAR10229	7.456973094148011e-05
MAR10230	7.456973094148011e-05
MAR10231	7.456973094148011e-05
MAR10232	7.456973094148011e-05
MAR10233	7.456973094148011e-05
MAR10234	7.456973094148011e-05
MAR10235	7.456973094148011e-05
MAR10236	7.456973094148011e-05
MAR10237	7.456973094148011e-05
MAR10238	7.456973094148011e-05
MAR10239	7.456973094148011e-05
MAR10240	7.456973094148011e-05
MAR10241	7.456973094148011e-05
MAR10242	7.456973094148011e-05
MAR10243	7.456973094148011e-05
MAR10244	7.456973094148011e-05
MAR10245	7.456973094148011e-05
MAR10246	7.456973094148011e-05
MAR10247	7.456973094148011e-05
MAR10248	7.456973094148011e-05
MAR10249	7.456973094148011e-05
MAR10250	7.456973094148011e-05
MAR10251	7.456973094148011e-05
MAR10252	7.456973094148011e-05
MAR10253	7.456973094148011e-05
MAR10254	7.456973094148011e-05
MAR10255	7.456973094148011e-05
MAR10256	7.456973094148011e-05
MAR10257	7.456973094148011e-05
MAR10258	7.456973094148011e-05
MAR10259	7.456973094148011e-05
MAR10260	7.456973094148011e-05
MAR10261	7.456973094148011e-05
MAR10262	7.456973094148011e-05
MAR10263	7.456973094148011e-05
MAR10264	7.456973094148011e-05
MAR10265	7.456973094148011e-05
MAR10266	7.456973094148011e-05
MAR10267	7.456973094148011e-05
MAR10268	7.456973094148011e-05
MAR10269	7.456973094148011e-05
MAR10270	7.456973094148011e-05
MAR10271	7.456973094148011e-05
MAR10272	7.456973094148011e-05
MAR10273	7.456973094148011e-05
MAR10274	7.456973094148011e-05
MAR10275	7.456973094148011e-05
MAR10276	7.456973094148011e-05
MAR10277	7.456973094148011e-05
MAR10278	7.456973094148011e-05
MAR10279	7.456973094148011e-05
MAR10280	7.456973094148011e-05
MAR10281	7.456973094148011e-05
MAR10282	7.456973094148011e-05
MAR10283	7.456973094148011e-05
MAR10284	7.456973094148011e-05
MAR10285	7.456973094148011e-05
MAR10286	7.456973094148011e-05
MAR10287	7.456973094148011e-05
MAR10288	7.456973094148011e-05
MAR10289	7.456973094148011e-05
MAR10290	7.456973094148011e-05
MAR10291	7.456973094148011e-05
MAR10292	7.456973094148011e-05
MAR10293	7.456973094148011e-05
MAR10294	7.456973094148011e-05
MAR10295	7.456973094148011e-05
MAR10296	7.456973094148011e-05
MAR10297	7.456973094148011e-05
MAR10298	7.456973094148011e-05
MAR10299	7.456973094148011e-05
MAR10300	7.456973094148011e-05
MAR10301	7.456973094148011e-05
MAR10302	7.456973094148011e-05
MAR10303	7.456973094148011e-05
MAR10304	7.456973094148011e-05
MAR10305	7.456973094148011e-05
MAR10306	7.456973094148011e-05
MAR10307	7.456973094148011e-05
MAR10308	7.456973094148011e-05
MAR10309	7.456973094148011e-05
MAR10310	7.456973094148011e-05
MAR10311	7.456973094148011e-05
MAR10312	7.456973094148011e-05
MAR10313	7.456973094148011e-05
MAR10314	7.456973094148011e-05
MAR10315	7.456973094148011e-05
MAR10316	7.456973094148011e-05
MAR10317	7.456973094148011e-05
MAR10318	7.456973094148011e-05
MAR10319	7.456973094148011e-05
MAR10320	7.456973094148011e-05
MAR10321	7.456973094148011e-05
MAR10322	7.456973094148011e-05
MAR10323	7.456973094148011e-05
MAR10324	7.456973094148011e-05
MAR10325	7.456973094148011e-05
MAR10326	7.456973094148011e-05
MAR10327	7.456973094148011e-05
MAR10328	7.456973094148011e-05
MAR10329	7.456973094148011e-05
MAR10330	7.456973094148011e-05
MAR10331	7.456973094148011e-05
MAR10332	7.456973094148011e-05
MAR10333	7.456973094148011e-05
MAR10334	7.456973094148011e-05
MAR10335	7.456973094148011e-05
MAR10336	7.456973094148011e-05
MAR10337	7.456973094148011e-05
MAR10338	7.456973094148011e-05
MAR10339	7.456973094148011e-05
MAR10340	7.456973094148011e-05
MAR10341	7.456973094148011e-05
MAR10342	7.456973094148011e-05
MAR10343	7.456973094148011e-05
MAR10344	7.456973094148011e-05
MAR10345	7.456973094148011e-05
MAR10346	7.456973094148011e-05
MAR10347	7.456973094148011e-05
MAR10348	7.456973094148011e-05
MAR10349	7.456973094148011e-05
MAR10350	7.456973094148011e-05
MAR10351	7.456973094148011e-05
MAR10352	7.456973094148011e-05
MAR10353	7.456973094148011e-05
MAR10354	7.456973094148011e-05
MAR10355	7.456973094148011e-05
MAR10356	7.456973094148011e-05
MAR10357	7.456973094148011e-05
MAR10358	7.456973094148011e-05
MAR10359	7.456973094148011e-05
MAR10360	7.456973094148011e-05
MAR10361	7.456973094148011e-05
MAR10362	7.456973094148011e-05
MAR10363	7.456973094148011e-05
MAR10364	7.456973094148011e-05
MAR10365	7.456973094148011e-05
MAR10366	7.456973094148011e-05
MAR10367	7.456973094148011e-05
MAR10368	7.456973094148011e-05
MAR10369	7.456973094148011e-05
MAR10370	7.456973094148011e-05
MAR10371	7.456973094148011e-05
MAR10372	7.456973094148011e-05
MAR10373	7.456973094148011e-05
MAR10374	0.0012670051621402262
MAR10375	7.456973094148011e-05
MAR10376	7.456973094148011e-05
MAR10377	0.000834687931510196
MAR10378	7.456973094148011e-05
MAR10379	7.456973094148011e-05
MAR10380	7.456973094148011e-05
MAR10381	7.456973094148011e-05
MAR10382	7.456973094148011e-05
MAR10383	7.456973094148011e-05
MAR10384	7.456973094148011e-05
MAR10385	7.456973094148011e-05
MAR10386	7.456973094148011e-05
MAR10387	7.456973094148011e-05
MAR10388	7.456973094148011e-05
MAR10389	7.456973094148011e-05
MAR10390	7.456973094148011e-05
MAR10391	7.456973094148011e-05
MAR10392	7.456973094148011e-05
MAR10393	7.456973094148011e-05
MAR10394	7.456973094148011e-05
MAR10395	7.456973094148011e-05
MAR10396	7.456973094148011e-05
MAR10397	7.456973094148011e-05
MAR10398	7.456973094148011e-05
MAR10399	7.456973094148011e-05
MAR10400	7.456973094148011e-05
MAR10401	7.456973094148011e-05
MAR10402	7.456973094148011e-05
MAR10403	7.456973094148011e-05
MAR10404	7.456973094148011e-05
MAR10405	7.456973094148011e-05
MAR10406	7.456973094148011e-05
MAR10407	7.456973094148011e-05
MAR10408	7.456973094148011e-05
MAR10409	7.456973094148011e-05
MAR10411	7.456973094148011e-05
MAR10412	7.456973094148011e-05
MAR10413	7.456973094148011e-05
MAR10414	7.456973094148011e-05
MAR10415	7.456973094148011e-05
MAR10416	7.456973094148011e-05
MAR10417	7.456973094148011e-05
MAR10418	7.456973094148011e-05
MAR10419	7.456973094148011e-05
MAR10420	7.456973094148011e-05
MAR10421	7.456973094148011e-05
MAR10422	7.456973094148011e-05
MAR10423	7.456973094148011e-05
MAR10424	7.456973094148011e-05
MAR10425	7.456973094148011e-05
MAR10426	7.456973094148011e-05
MAR10427	7.456973094148011e-05
MAR10428	7.456973094148011e-05
MAR10429	7.456973094148011e-05
MAR10430	7.456973094148011e-05
MAR10431	7.456973094148011e-05
MAR10432	7.456973094148011e-05
MAR10434	7.456973094148011e-05
MAR10435	7.456973094148011e-05
MAR10436	7.456973094148011e-05
MAR10437	7.456973094148011e-05
MAR10438	7.456973094148011e-05
MAR10439	7.456973094148011e-05
MAR10440	7.456973094148011e-05
MAR10441	7.456973094148011e-05
MAR10442	7.456973094148011e-05
MAR10443	7.456973094148011e-05
MAR10444	7.456973094148011e-05
MAR10445	2.998419423063764e-05
MAR10446	2.998419423063764e-05
MAR10448	7.456973094148011e-05
MAR10449	7.456973094148011e-05
MAR10450	7.456973094148011e-05
MAR10451	0.0009518544396327312
MAR10452	0.0009518544396327312
MAR10453	0.0009518544396327312
MAR10454	0.0009518544396327312
MAR10455	7.456973094148011e-05
MAR10456	7.456973094148011e-05
MAR10457	7.456973094148011e-05
MAR10458	7.456973094148011e-05
MAR10459	3.0145383194029066e-05
MAR10460	3.283800157893043e-05
MAR10461	6.448008502800297e-05
MAR10462	3.283800157893043e-05
MAR10463	7.456973094148011e-05
MAR10464	2.8841287887561833e-05
MAR10465	7.456973094148011e-05
MAR10466	7.456973094148011e-05
MAR10468	7.456973094148011e-05
MAR10470	7.456973094148011e-05
MAR10472	7.456973094148011e-05
MAR10473	7.456973094148011e-05
MAR10474	7.456973094148011e-05
MAR10475	7.456973094148011e-05
MAR10476	7.456973094148011e-05
MAR10477	7.456973094148011e-05
MAR10478	7.456973094148011e-05
MAR10479	7.456973094148011e-05
MAR10480	7.456973094148011e-05
MAR10481	7.456973094148011e-05
MAR10482	7.456973094148011e-05
MAR10483	7.456973094148011e-05
MAR10484	7.456973094148011e-05
MAR10485	7.456973094148011e-05
MAR10486	7.456973094148011e-05
MAR10487	7.456973094148011e-05
MAR10488	7.456973094148011e-05
MAR10489	7.456973094148011e-05
MAR10490	7.456973094148011e-05
MAR10491	7.456973094148011e-05
MAR10492	7.456973094148011e-05
MAR10493	7.456973094148011e-05
MAR10494	7.456973094148011e-05
MAR10495	7.456973094148011e-05
MAR10496	7.456973094148011e-05
MAR10497	7.456973094148011e-05
MAR10498	7.456973094148011e-05
MAR10499	7.456973094148011e-05
MAR10500	7.456973094148011e-05
MAR10501	7.456973094148011e-05
MAR10502	7.456973094148011e-05
MAR10503	7.456973094148011e-05
MAR10504	7.456973094148011e-05
MAR10505	7.456973094148011e-05
MAR10506	7.456973094148011e-05
MAR10507	7.456973094148011e-05
MAR10508	7.456973094148011e-05
MAR10509	7.456973094148011e-05
MAR10510	7.456973094148011e-05
MAR10511	7.456973094148011e-05
MAR10512	7.456973094148011e-05
MAR10513	7.456973094148011e-05
MAR10514	7.456973094148011e-05
MAR10515	7.456973094148011e-05
MAR10516	7.456973094148011e-05
MAR10517	7.456973094148011e-05
MAR10518	7.456973094148011e-05
MAR10519	7.456973094148011e-05
MAR10520	7.456973094148011e-05
MAR10521	7.456973094148011e-05
MAR10522	7.456973094148011e-05
MAR10523	7.456973094148011e-05
MAR10524	7.456973094148011e-05
MAR10525	7.456973094148011e-05
MAR10526	7.456973094148011e-05
MAR10527	7.456973094148011e-05
MAR10528	7.456973094148011e-05
MAR10529	7.456973094148011e-05
MAR10530	7.456973094148011e-05
MAR10531	7.456973094148011e-05
MAR10532	7.456973094148011e-05
MAR10533	7.456973094148011e-05
MAR10534	7.456973094148011e-05
MAR10535	7.456973094148011e-05
MAR10536	7.456973094148011e-05
MAR10537	7.456973094148011e-05
MAR10538	7.456973094148011e-05
MAR10539	7.456973094148011e-05
MAR10540	7.456973094148011e-05
MAR10541	7.456973094148011e-05
MAR10542	7.456973094148011e-05
MAR10543	7.456973094148011e-05
MAR10544	7.456973094148011e-05
MAR10545	7.456973094148011e-05
MAR10546	7.456973094148011e-05
MAR10547	7.456973094148011e-05
MAR10548	7.456973094148011e-05
MAR10549	7.456973094148011e-05
MAR10550	7.456973094148011e-05
MAR10551	7.456973094148011e-05
MAR10552	7.456973094148011e-05
MAR10553	7.456973094148011e-05
MAR10554	7.456973094148011e-05
MAR10555	7.456973094148011e-05
MAR10556	7.456973094148011e-05
MAR10557	7.456973094148011e-05
MAR10558	7.456973094148011e-05
MAR10559	7.456973094148011e-05
MAR10560	7.456973094148011e-05
MAR10561	7.456973094148011e-05
MAR10562	7.456973094148011e-05
MAR10563	7.456973094148011e-05
MAR10564	7.456973094148011e-05
MAR10565	7.456973094148011e-05
MAR10566	7.456973094148011e-05
MAR10567	7.456973094148011e-05
MAR10568	7.456973094148011e-05
MAR10569	7.456973094148011e-05
MAR10570	7.456973094148011e-05
MAR10571	7.456973094148011e-05
MAR10572	7.456973094148011e-05
MAR10573	7.456973094148011e-05
MAR10574	7.456973094148011e-05
MAR10575	7.456973094148011e-05
MAR10576	7.456973094148011e-05
MAR10577	7.456973094148011e-05
MAR10578	7.456973094148011e-05
MAR10579	7.456973094148011e-05
MAR10580	7.456973094148011e-05
MAR10581	7.456973094148011e-05
MAR10582	7.456973094148011e-05
MAR10583	7.456973094148011e-05
MAR10584	7.456973094148011e-05
MAR10585	7.456973094148011e-05
MAR10586	7.456973094148011e-05
MAR10587	7.456973094148011e-05
MAR10588	7.456973094148011e-05
MAR10589	7.456973094148011e-05
MAR10590	7.456973094148011e-05
MAR10591	7.456973094148011e-05
MAR10592	7.456973094148011e-05
MAR10593	7.456973094148011e-05
MAR10594	7.456973094148011e-05
MAR10595	7.456973094148011e-05
MAR10596	7.456973094148011e-05
MAR10597	7.456973094148011e-05
MAR10598	7.456973094148011e-05
MAR10599	7.456973094148011e-05
MAR10600	7.456973094148011e-05
MAR10601	7.456973094148011e-05
MAR10602	7.456973094148011e-05
MAR10603	7.456973094148011e-05
MAR10604	7.456973094148011e-05
MAR10605	7.456973094148011e-05
MAR10606	7.456973094148011e-05
MAR10607	7.456973094148011e-05
MAR10608	7.456973094148011e-05
MAR10609	7.456973094148011e-05
MAR10610	7.456973094148011e-05
MAR10611	7.456973094148011e-05
MAR10612	7.456973094148011e-05
MAR10613	7.456973094148011e-05
MAR10614	7.456973094148011e-05
MAR10615	7.456973094148011e-05
MAR10616	7.456973094148011e-05
MAR10617	7.456973094148011e-05
MAR10618	7.456973094148011e-05
MAR10619	7.456973094148011e-05
MAR10620	7.456973094148011e-05
MAR10621	7.456973094148011e-05
MAR10622	7.456973094148011e-05
MAR10623	7.456973094148011e-05
MAR10624	7.456973094148011e-05
MAR10625	7.456973094148011e-05
MAR10626	7.456973094148011e-05
MAR10627	7.456973094148011e-05
MAR10628	7.456973094148011e-05
MAR10629	7.456973094148011e-05
MAR10630	7.456973094148011e-05
MAR10631	7.456973094148011e-05
MAR10632	7.456973094148011e-05
MAR10633	7.456973094148011e-05
MAR10634	7.456973094148011e-05
MAR10635	7.456973094148011e-05
MAR10636	7.456973094148011e-05
MAR10637	7.456973094148011e-05
MAR10638	7.456973094148011e-05
MAR10639	7.456973094148011e-05
MAR10640	7.456973094148011e-05
MAR10641	7.456973094148011e-05
MAR10642	7.456973094148011e-05
MAR10643	7.456973094148011e-05
MAR10644	7.456973094148011e-05
MAR10645	7.456973094148011e-05
MAR10646	7.456973094148011e-05
MAR10647	7.456973094148011e-05
MAR10648	7.456973094148011e-05
MAR10649	7.456973094148011e-05
MAR10650	7.456973094148011e-05
MAR10651	7.456973094148011e-05
MAR10652	7.456973094148011e-05
MAR10653	7.456973094148011e-05
MAR10654	7.456973094148011e-05
MAR10655	7.456973094148011e-05
MAR10656	7.456973094148011e-05
MAR10657	7.456973094148011e-05
MAR10658	7.456973094148011e-05
MAR10659	7.456973094148011e-05
MAR10660	7.456973094148011e-05
MAR10661	7.456973094148011e-05
MAR10662	7.456973094148011e-05
MAR10663	7.456973094148011e-05
MAR10664	7.456973094148011e-05
MAR10665	7.456973094148011e-05
MAR10666	7.456973094148011e-05
MAR10667	7.456973094148011e-05
MAR10668	7.456973094148011e-05
MAR10669	7.456973094148011e-05
MAR10670	7.456973094148011e-05
MAR10671	7.456973094148011e-05
MAR10672	7.456973094148011e-05
MAR10673	7.456973094148011e-05
MAR10674	7.456973094148011e-05
MAR10675	7.456973094148011e-05
MAR10676	7.456973094148011e-05
MAR10677	7.456973094148011e-05
MAR10678	7.456973094148011e-05
MAR10679	7.456973094148011e-05
MAR10680	7.456973094148011e-05
MAR10681	7.456973094148011e-05
MAR10682	7.456973094148011e-05
MAR10683	7.456973094148011e-05
MAR10684	7.456973094148011e-05
MAR10685	7.456973094148011e-05
MAR10686	7.456973094148011e-05
MAR10687	7.456973094148011e-05
MAR10688	7.456973094148011e-05
MAR10689	7.456973094148011e-05
MAR10690	7.456973094148011e-05
MAR10691	7.456973094148011e-05
MAR10692	7.456973094148011e-05
MAR10693	7.456973094148011e-05
MAR10694	7.456973094148011e-05
MAR10695	7.456973094148011e-05
MAR10696	7.456973094148011e-05
MAR10697	7.456973094148011e-05
MAR10698	7.456973094148011e-05
MAR10699	7.456973094148011e-05
MAR10700	7.456973094148011e-05
MAR10701	7.456973094148011e-05
MAR10702	7.456973094148011e-05
MAR10703	7.456973094148011e-05
MAR10704	7.456973094148011e-05
MAR10705	7.456973094148011e-05
MAR10706	7.456973094148011e-05
MAR10707	7.456973094148011e-05
MAR10708	7.456973094148011e-05
MAR10709	7.456973094148011e-05
MAR10710	7.456973094148011e-05
MAR10711	7.456973094148011e-05
MAR10712	7.456973094148011e-05
MAR10713	7.456973094148011e-05
MAR10714	7.456973094148011e-05
MAR10715	7.456973094148011e-05
MAR10716	7.456973094148011e-05
MAR10717	7.456973094148011e-05
MAR10718	7.456973094148011e-05
MAR10719	7.456973094148011e-05
MAR10720	7.456973094148011e-05
MAR10721	7.456973094148011e-05
MAR10722	7.456973094148011e-05
MAR10723	7.456973094148011e-05
MAR10724	7.456973094148011e-05
MAR10725	7.456973094148011e-05
MAR10726	7.456973094148011e-05
MAR10727	7.456973094148011e-05
MAR10728	7.456973094148011e-05
MAR10729	7.456973094148011e-05
MAR10730	7.456973094148011e-05
MAR10731	7.456973094148011e-05
MAR10732	7.456973094148011e-05
MAR10733	7.456973094148011e-05
MAR10734	7.456973094148011e-05
MAR10735	7.456973094148011e-05
MAR10736	7.456973094148011e-05
MAR10737	7.456973094148011e-05
MAR10738	7.456973094148011e-05
MAR10739	0.00016179644953068592
MAR10740	0.00016179644953068592
MAR10741	0.00016179644953068592
MAR10742	0.00016179644953068592
MAR10743	0.00016179644953068592
MAR10744	0.00016179644953068592
MAR10745	0.00016179644953068592
MAR10746	0.00016179644953068592
MAR10747	0.00016179644953068592
MAR10748	0.00016179644953068592
MAR10749	0.00016179644953068592
MAR10750	0.00016179644953068592
MAR10751	0.00016179644953068592
MAR10752	0.00016179644953068592
MAR10753	0.00016179644953068592
MAR10754	0.00016179644953068592
MAR10755	0.00016179644953068592
MAR10756	0.00016179644953068592
MAR10757	0.00016179644953068592
MAR10758	0.00016179644953068592
MAR10759	0.00016179644953068592
MAR10760	0.00016179644953068592
MAR10761	0.00016179644953068592
MAR10762	0.00016179644953068592
MAR10763	0.00016179644953068592
MAR10764	0.00016179644953068592
MAR10765	0.00016179644953068592
MAR10766	0.00016179644953068592
MAR10767	0.00016179644953068592
MAR10768	0.00016179644953068592
MAR10769	0.00016179644953068592
MAR10770	0.00016179644953068592
MAR10771	0.00016179644953068592
MAR10772	0.00016179644953068592
MAR10773	0.00016179644953068592
MAR10774	0.00016179644953068592
MAR10775	0.00016179644953068592
MAR10776	0.00016179644953068592
MAR10777	0.00016179644953068592
MAR10778	0.00016179644953068592
MAR10779	0.00016179644953068592
MAR10780	0.00016179644953068592
MAR10781	0.00016179644953068592
MAR10782	0.00016179644953068592
MAR10783	0.00016179644953068592
MAR10784	0.00016179644953068592
MAR10785	0.00016179644953068592
MAR10786	0.00016179644953068592
MAR10787	0.00016179644953068592
MAR10788	0.00016179644953068592
MAR10789	0.00016179644953068592
MAR10790	0.00016179644953068592
MAR10791	0.00016179644953068592
MAR10792	0.00016179644953068592
MAR10793	0.00016179644953068592
MAR10794	0.00016179644953068592
MAR10795	0.00016179644953068592
MAR10796	0.00016179644953068592
MAR10797	0.00016179644953068592
MAR10798	0.00016179644953068592
MAR10799	0.00016179644953068592
MAR10800	0.00016179644953068592
MAR10801	0.00016179644953068592
MAR10802	0.00016179644953068592
MAR10803	0.00016179644953068592
MAR10804	0.00016179644953068592
MAR10805	0.00016179644953068592
MAR10806	0.00016179644953068592
MAR10807	0.00016179644953068592
MAR10808	0.00016179644953068592
MAR10809	0.00016179644953068592
MAR10810	0.00016179644953068592
MAR10811	0.00016179644953068592
MAR10812	0.00016179644953068592
MAR10813	0.00016179644953068592
MAR10814	0.00016179644953068592
MAR10815	0.00016179644953068592
MAR10816	0.00016179644953068592
MAR10817	0.00016179644953068592
MAR10818	0.00016179644953068592
MAR10819	0.00016179644953068592
MAR10820	0.00016179644953068592
MAR10821	0.00016179644953068592
MAR10822	0.00016179644953068592
MAR10823	0.00016179644953068592
MAR10824	0.00016179644953068592
MAR10825	0.00016179644953068592
MAR10826	0.00016179644953068592
MAR10827	0.00016179644953068592
MAR10828	0.00016179644953068592
MAR10829	0.00016179644953068592
MAR10830	0.00016179644953068592
MAR10831	0.00016179644953068592
MAR10832	0.00016179644953068592
MAR10833	0.00016179644953068592
MAR10834	0.00016179644953068592
MAR10835	0.00016179644953068592
MAR10836	0.00016179644953068592
MAR10837	0.00016179644953068592
MAR10838	0.00016179644953068592
MAR10839	0.00016179644953068592
MAR10840	0.00016179644953068592
MAR10841	0.00016179644953068592
MAR10842	0.00016179644953068592
MAR10843	0.00016179644953068592
MAR10844	0.00016179644953068592
MAR10845	0.00016179644953068592
MAR10846	0.00016179644953068592
MAR10847	0.00016179644953068592
MAR10848	0.00016179644953068592
MAR10849	0.00016179644953068592
MAR10850	0.00016179644953068592
MAR10851	0.00016179644953068592
MAR10852	0.00016179644953068592
MAR10853	0.00016179644953068592
MAR10854	0.00016179644953068592
MAR10855	0.00016179644953068592
MAR10856	0.00016179644953068592
MAR10857	0.00016179644953068592
MAR10858	0.00016179644953068592
MAR10859	0.00016179644953068592
MAR10860	0.00016179644953068592
MAR10861	0.00016179644953068592
MAR10862	0.00016179644953068592
MAR10863	0.00016179644953068592
MAR10864	0.00016179644953068592
MAR10865	0.00016179644953068592
MAR10866	0.00016179644953068592
MAR10867	0.00016179644953068592
MAR10868	0.00016179644953068592
MAR10869	0.00016179644953068592
MAR10870	0.00016179644953068592
MAR10871	0.00016179644953068592
MAR10872	0.00016179644953068592
MAR10873	0.00016179644953068592
MAR10874	0.00016179644953068592
MAR10875	0.00016179644953068592
MAR10876	0.00016179644953068592
MAR10877	0.00016179644953068592
MAR10878	0.00016179644953068592
MAR10879	0.00016179644953068592
MAR10880	0.00016179644953068592
MAR10881	0.00016179644953068592
MAR10882	0.00016179644953068592
MAR10883	0.00016179644953068592
MAR10884	0.00016179644953068592
MAR10885	0.00016179644953068592
MAR10886	0.00016179644953068592
MAR10887	0.00016179644953068592
MAR10888	0.00016179644953068592
MAR10889	0.00016179644953068592
MAR10890	0.00016179644953068592
MAR10891	0.00016179644953068592
MAR10892	0.00016179644953068592
MAR10893	0.00016179644953068592
MAR10894	0.00016179644953068592
MAR10895	0.00016179644953068592
MAR10896	0.00016179644953068592
MAR10897	0.00016179644953068592
MAR10898	0.00016179644953068592
MAR10899	0.00016179644953068592
MAR10900	0.00016179644953068592
MAR10901	0.00016179644953068592
MAR10902	0.00016179644953068592
MAR10903	0.00016179644953068592
MAR10904	0.00016179644953068592
MAR10905	0.00016179644953068592
MAR10906	0.00016179644953068592
MAR10907	0.00016179644953068592
MAR10908	0.00016179644953068592
MAR10909	0.00016179644953068592
MAR10910	0.00016179644953068592
MAR10911	0.00016179644953068592
MAR10912	0.00016179644953068592
MAR10913	0.00016179644953068592
MAR10914	0.00016179644953068592
MAR10915	0.00016179644953068592
MAR10916	0.00016179644953068592
MAR10917	0.00016179644953068592
MAR10918	0.00016179644953068592
MAR10919	0.00016179644953068592
MAR10920	0.00016179644953068592
MAR10921	0.00016179644953068592
MAR10922	0.00016179644953068592
MAR10923	0.00016179644953068592
MAR10924	0.00016179644953068592
MAR10925	0.00016179644953068592
MAR10926	0.00016179644953068592
MAR10927	0.00016179644953068592
MAR10928	0.00016179644953068592
MAR10929	0.00016179644953068592
MAR10930	0.00016179644953068592
MAR10931	0.00016179644953068592
MAR10932	0.00016179644953068592
MAR10933	0.00016179644953068592
MAR10934	0.00016179644953068592
MAR10935	0.00016179644953068592
MAR10936	0.00016179644953068592
MAR10937	0.00016179644953068592
MAR10938	0.00016179644953068592
MAR10939	0.00016179644953068592
MAR10940	0.00016179644953068592
MAR10941	0.00016179644953068592
MAR10942	0.00016179644953068592
MAR10943	0.00016179644953068592
MAR10944	0.00016179644953068592
MAR10945	0.00016179644953068592
MAR10946	0.00016179644953068592
MAR10947	0.00016179644953068592
MAR10948	0.00016179644953068592
MAR10949	0.00016179644953068592
MAR10950	0.00016179644953068592
MAR10951	0.00016179644953068592
MAR10952	0.00016179644953068592
MAR10953	0.00016179644953068592
MAR10954	0.00016179644953068592
MAR10955	0.00016179644953068592
MAR10956	0.00016179644953068592
MAR10957	0.00016179644953068592
MAR10958	0.00016179644953068592
MAR10959	0.00016179644953068592
MAR10960	0.00016179644953068592
MAR10961	0.00016179644953068592
MAR10962	0.00016179644953068592
MAR10963	0.00016179644953068592
MAR10964	0.00016179644953068592
MAR10965	0.00016179644953068592
MAR10966	0.00016179644953068592
MAR10967	0.00016179644953068592
MAR10968	0.00016179644953068592
MAR10969	0.00016179644953068592
MAR10970	0.00016179644953068592
MAR10971	0.00016179644953068592
MAR10972	0.00016179644953068592
MAR10973	0.00016179644953068592
MAR10974	0.00016179644953068592
MAR10975	0.00016179644953068592
MAR10976	0.00016179644953068592
MAR10977	0.00016179644953068592
MAR10978	0.00016179644953068592
MAR10979	0.00016179644953068592
MAR10980	0.00016179644953068592
MAR10981	7.456973094148011e-05
MAR10982	7.456973094148011e-05
MAR10983	7.456973094148011e-05
MAR10984	7.456973094148011e-05
MAR10985	7.456973094148011e-05
MAR10986	7.456973094148011e-05
MAR10987	7.456973094148011e-05
MAR10988	7.456973094148011e-05
MAR10989	7.456973094148011e-05
MAR10990	7.456973094148011e-05
MAR10991	7.456973094148011e-05
MAR10992	7.456973094148011e-05
MAR10993	7.456973094148011e-05
MAR10994	7.456973094148011e-05
MAR10995	7.456973094148011e-05
MAR10996	7.456973094148011e-05
MAR10997	7.456973094148011e-05
MAR10998	7.456973094148011e-05
MAR10999	7.456973094148011e-05
MAR11000	7.456973094148011e-05
MAR11001	7.456973094148011e-05
MAR11002	7.456973094148011e-05
MAR11003	7.456973094148011e-05
MAR11004	7.456973094148011e-05
MAR11005	7.456973094148011e-05
MAR11006	7.456973094148011e-05
MAR11007	7.456973094148011e-05
MAR11008	7.456973094148011e-05
MAR11009	7.456973094148011e-05
MAR11010	7.456973094148011e-05
MAR11011	7.456973094148011e-05
MAR11012	7.456973094148011e-05
MAR11013	7.456973094148011e-05
MAR11014	7.456973094148011e-05
MAR11015	7.456973094148011e-05
MAR11016	7.456973094148011e-05
MAR11017	7.456973094148011e-05
MAR11018	7.456973094148011e-05
MAR11019	7.456973094148011e-05
MAR11020	7.456973094148011e-05
MAR11021	7.456973094148011e-05
MAR11022	7.456973094148011e-05
MAR11023	7.456973094148011e-05
MAR11024	7.456973094148011e-05
MAR11025	7.456973094148011e-05
MAR11026	7.456973094148011e-05
MAR11027	7.456973094148011e-05
MAR11028	7.456973094148011e-05
MAR11029	7.456973094148011e-05
MAR11030	7.456973094148011e-05
MAR11031	7.456973094148011e-05
MAR11032	7.456973094148011e-05
MAR11033	7.456973094148011e-05
MAR11034	7.456973094148011e-05
MAR11035	7.456973094148011e-05
MAR11036	7.456973094148011e-05
MAR11037	7.456973094148011e-05
MAR11038	7.456973094148011e-05
MAR11039	7.456973094148011e-05
MAR11040	7.456973094148011e-05
MAR11041	7.456973094148011e-05
MAR11042	7.456973094148011e-05
MAR11043	7.456973094148011e-05
MAR11044	7.456973094148011e-05
MAR11045	7.456973094148011e-05
MAR11046	7.456973094148011e-05
MAR11047	7.456973094148011e-05
MAR11048	7.456973094148011e-05
MAR11049	7.456973094148011e-05
MAR11050	7.456973094148011e-05
MAR11051	7.456973094148011e-05
MAR11052	7.456973094148011e-05
MAR11053	7.456973094148011e-05
MAR11054	7.456973094148011e-05
MAR11055	7.456973094148011e-05
MAR11056	7.456973094148011e-05
MAR11057	7.456973094148011e-05
MAR11058	7.456973094148011e-05
MAR11059	7.456973094148011e-05
MAR11060	7.456973094148011e-05
MAR11061	7.456973094148011e-05
MAR11062	7.456973094148011e-05
MAR11063	7.456973094148011e-05
MAR11064	7.456973094148011e-05
MAR11065	7.456973094148011e-05
MAR11066	7.456973094148011e-05
MAR11067	7.456973094148011e-05
MAR11068	7.456973094148011e-05
MAR11069	7.456973094148011e-05
MAR11070	7.456973094148011e-05
MAR11071	7.456973094148011e-05
MAR11072	7.456973094148011e-05
MAR11073	7.456973094148011e-05
MAR11074	7.456973094148011e-05
MAR11075	7.456973094148011e-05
MAR11076	7.456973094148011e-05
MAR11077	7.456973094148011e-05
MAR11078	7.456973094148011e-05
MAR11079	7.456973094148011e-05
MAR11080	7.456973094148011e-05
MAR11081	7.456973094148011e-05
MAR11082	7.456973094148011e-05
MAR11083	7.456973094148011e-05
MAR11084	7.456973094148011e-05
MAR11085	7.456973094148011e-05
MAR11086	7.456973094148011e-05
MAR11087	7.456973094148011e-05
MAR11088	7.456973094148011e-05
MAR11089	7.456973094148011e-05
MAR11090	7.456973094148011e-05
MAR11091	7.456973094148011e-05
MAR11092	7.456973094148011e-05
MAR11093	7.456973094148011e-05
MAR11094	7.456973094148011e-05
MAR11095	7.456973094148011e-05
MAR11096	7.456973094148011e-05
MAR11097	7.456973094148011e-05
MAR11098	7.456973094148011e-05
MAR11099	7.456973094148011e-05
MAR11100	7.456973094148011e-05
MAR11101	7.456973094148011e-05
MAR11102	7.456973094148011e-05
MAR11103	7.456973094148011e-05
MAR11104	7.456973094148011e-05
MAR11105	7.456973094148011e-05
MAR11106	7.456973094148011e-05
MAR11107	7.456973094148011e-05
MAR11108	7.456973094148011e-05
MAR11109	7.456973094148011e-05
MAR11110	7.456973094148011e-05
MAR11111	7.456973094148011e-05
MAR11112	7.456973094148011e-05
MAR11113	7.456973094148011e-05
MAR11114	7.456973094148011e-05
MAR11115	7.456973094148011e-05
MAR11116	7.456973094148011e-05
MAR11117	7.456973094148011e-05
MAR11118	7.456973094148011e-05
MAR11119	7.456973094148011e-05
MAR11120	7.456973094148011e-05
MAR11121	7.456973094148011e-05
MAR11122	7.456973094148011e-05
MAR11123	7.456973094148011e-05
MAR11124	7.456973094148011e-05
MAR11125	7.456973094148011e-05
MAR11126	7.456973094148011e-05
MAR11127	7.456973094148011e-05
MAR11128	7.456973094148011e-05
MAR11129	7.456973094148011e-05
MAR11130	7.456973094148011e-05
MAR11131	7.456973094148011e-05
MAR11132	7.456973094148011e-05
MAR11133	7.456973094148011e-05
MAR11134	7.456973094148011e-05
MAR11135	7.456973094148011e-05
MAR11136	7.456973094148011e-05
MAR11137	7.456973094148011e-05
MAR11138	7.456973094148011e-05
MAR11139	7.456973094148011e-05
MAR11140	7.456973094148011e-05
MAR11141	7.456973094148011e-05
MAR11142	7.456973094148011e-05
MAR11143	7.456973094148011e-05
MAR11144	7.456973094148011e-05
MAR11145	7.456973094148011e-05
MAR11146	7.456973094148011e-05
MAR11147	7.456973094148011e-05
MAR11148	7.456973094148011e-05
MAR11149	7.456973094148011e-05
MAR11150	7.456973094148011e-05
MAR11151	7.456973094148011e-05
MAR11152	7.456973094148011e-05
MAR11153	7.456973094148011e-05
MAR11154	7.456973094148011e-05
MAR11155	7.456973094148011e-05
MAR11156	7.456973094148011e-05
MAR11157	7.456973094148011e-05
MAR11158	7.456973094148011e-05
MAR11159	7.456973094148011e-05
MAR11160	7.456973094148011e-05
MAR11161	7.456973094148011e-05
MAR11162	7.456973094148011e-05
MAR11163	7.456973094148011e-05
MAR11164	7.456973094148011e-05
MAR11165	7.456973094148011e-05
MAR11166	7.456973094148011e-05
MAR11167	7.456973094148011e-05
MAR11168	7.456973094148011e-05
MAR11169	7.456973094148011e-05
MAR11170	7.456973094148011e-05
MAR11171	7.456973094148011e-05
MAR11172	7.456973094148011e-05
MAR11173	7.456973094148011e-05
MAR11174	7.456973094148011e-05
MAR11175	7.456973094148011e-05
MAR11176	7.456973094148011e-05
MAR11177	7.456973094148011e-05
MAR11178	7.456973094148011e-05
MAR11179	7.456973094148011e-05
MAR11180	7.456973094148011e-05
MAR11181	7.456973094148011e-05
MAR11182	7.456973094148011e-05
MAR11183	7.456973094148011e-05
MAR11184	7.456973094148011e-05
MAR11185	7.456973094148011e-05
MAR11186	7.456973094148011e-05
MAR11187	7.456973094148011e-05
MAR11188	7.456973094148011e-05
MAR11189	7.456973094148011e-05
MAR11190	7.456973094148011e-05
MAR11191	7.456973094148011e-05
MAR11192	7.456973094148011e-05
MAR11193	7.456973094148011e-05
MAR11194	7.456973094148011e-05
MAR11195	7.456973094148011e-05
MAR11196	7.456973094148011e-05
MAR11197	7.456973094148011e-05
MAR11198	7.456973094148011e-05
MAR11199	7.456973094148011e-05
MAR11200	7.456973094148011e-05
MAR11201	7.456973094148011e-05
MAR11202	7.456973094148011e-05
MAR11203	7.456973094148011e-05
MAR11204	7.456973094148011e-05
MAR11205	7.456973094148011e-05
MAR11206	7.456973094148011e-05
MAR11207	7.456973094148011e-05
MAR11208	7.456973094148011e-05
MAR11209	7.456973094148011e-05
MAR11210	7.456973094148011e-05
MAR11211	7.456973094148011e-05
MAR11212	7.456973094148011e-05
MAR11213	7.456973094148011e-05
MAR11214	7.456973094148011e-05
MAR11215	7.456973094148011e-05
MAR11216	7.456973094148011e-05
MAR11217	7.456973094148011e-05
MAR11218	7.456973094148011e-05
MAR11219	7.456973094148011e-05
MAR11220	7.456973094148011e-05
MAR11221	7.456973094148011e-05
MAR11222	7.456973094148011e-05
MAR11223	2.8841287887561833e-05
MAR11224	7.456973094148011e-05
MAR11225	7.456973094148011e-05
MAR11226	7.456973094148011e-05
MAR11227	7.456973094148011e-05
MAR11228	7.456973094148011e-05
MAR11229	7.456973094148011e-05
MAR11230	7.456973094148011e-05
MAR11231	7.456973094148011e-05
MAR11232	7.456973094148011e-05
MAR11233	7.456973094148011e-05
MAR11234	7.456973094148011e-05
MAR11235	7.456973094148011e-05
MAR11236	7.456973094148011e-05
MAR11237	7.456973094148011e-05
MAR11238	7.456973094148011e-05
MAR11239	7.456973094148011e-05
MAR11240	7.456973094148011e-05
MAR11241	7.456973094148011e-05
MAR11242	7.456973094148011e-05
MAR11243	7.456973094148011e-05
MAR11244	7.456973094148011e-05
MAR11245	7.456973094148011e-05
MAR11246	7.456973094148011e-05
MAR11247	7.456973094148011e-05
MAR11248	7.456973094148011e-05
MAR11249	7.456973094148011e-05
MAR11250	7.456973094148011e-05
MAR11251	7.456973094148011e-05
MAR11252	7.456973094148011e-05
MAR11253	7.456973094148011e-05
MAR11254	7.456973094148011e-05
MAR11255	7.456973094148011e-05
MAR11256	7.456973094148011e-05
MAR11257	7.456973094148011e-05
MAR11258	7.456973094148011e-05
MAR11259	7.456973094148011e-05
MAR11260	7.456973094148011e-05
MAR11261	7.456973094148011e-05
MAR11262	7.456973094148011e-05
MAR11263	7.456973094148011e-05
MAR11264	7.456973094148011e-05
MAR11265	7.456973094148011e-05
MAR11266	7.456973094148011e-05
MAR11267	7.456973094148011e-05
MAR11268	7.456973094148011e-05
MAR11270	7.456973094148011e-05
MAR11271	7.456973094148011e-05
MAR11272	7.456973094148011e-05
MAR11274	7.456973094148011e-05
MAR11276	7.456973094148011e-05
MAR11277	7.456973094148011e-05
MAR11278	7.456973094148011e-05
MAR11279	7.456973094148011e-05
MAR11280	7.456973094148011e-05
MAR11281	7.456973094148011e-05
MAR11282	7.456973094148011e-05
MAR11283	7.456973094148011e-05
MAR11284	7.456973094148011e-05
MAR11285	7.456973094148011e-05
MAR11286	7.456973094148011e-05
MAR11287	7.456973094148011e-05
MAR11288	7.456973094148011e-05
MAR11289	7.456973094148011e-05
MAR11290	7.456973094148011e-05
MAR11291	7.456973094148011e-05
MAR11294	0.00018627791149623495
MAR11295	7.456973094148011e-05
MAR11296	7.456973094148011e-05
MAR11297	7.456973094148011e-05
MAR11298	7.456973094148011e-05
MAR11299	7.456973094148011e-05
MAR11300	7.456973094148011e-05
MAR11301	7.456973094148011e-05
MAR11302	7.456973094148011e-05
MAR11303	7.456973094148011e-05
MAR11304	7.456973094148011e-05
MAR11305	7.456973094148011e-05
MAR11306	7.456973094148011e-05
MAR11307	0.0005112141013607699
MAR11308	7.456973094148011e-05
MAR11309	7.456973094148011e-05
MAR11311	7.456973094148011e-05
MAR11312	7.456973094148011e-05
MAR11313	7.456973094148011e-05
MAR11314	7.456973094148011e-05
MAR11315	7.456973094148011e-05
MAR11316	7.456973094148011e-05
MAR11317	7.456973094148011e-05
MAR11318	7.456973094148011e-05
MAR11319	7.456973094148011e-05
MAR11320	7.456973094148011e-05
MAR11321	7.456973094148011e-05
MAR11322	7.456973094148011e-05
MAR11323	7.456973094148011e-05
MAR11324	7.456973094148011e-05
MAR11325	7.456973094148011e-05
MAR11326	7.456973094148011e-05
MAR11327	7.456973094148011e-05
MAR11328	7.456973094148011e-05
MAR11329	7.456973094148011e-05
MAR11330	7.456973094148011e-05
MAR11331	7.456973094148011e-05
MAR11332	7.456973094148011e-05
MAR11333	7.456973094148011e-05
MAR11334	7.456973094148011e-05
MAR11335	7.456973094148011e-05
MAR11336	7.456973094148011e-05
MAR11337	7.456973094148011e-05
MAR11338	7.456973094148011e-05
MAR11339	7.456973094148011e-05
MAR11340	7.456973094148011e-05
MAR11341	7.456973094148011e-05
MAR11342	7.456973094148011e-05
MAR11343	7.456973094148011e-05
MAR11344	7.456973094148011e-05
MAR11345	7.456973094148011e-05
MAR11346	7.456973094148011e-05
MAR11347	7.456973094148011e-05
MAR11348	7.456973094148011e-05
MAR11349	7.456973094148011e-05
MAR11350	7.456973094148011e-05
MAR11351	7.456973094148011e-05
MAR11352	7.456973094148011e-05
MAR11353	7.456973094148011e-05
MAR11354	7.456973094148011e-05
MAR11355	7.456973094148011e-05
MAR11356	7.456973094148011e-05
MAR11357	7.456973094148011e-05
MAR11358	7.456973094148011e-05
MAR11359	7.456973094148011e-05
MAR11360	7.456973094148011e-05
MAR11361	7.456973094148011e-05
MAR11362	7.456973094148011e-05
MAR11363	7.456973094148011e-05
MAR11364	7.456973094148011e-05
MAR11365	7.456973094148011e-05
MAR11366	7.456973094148011e-05
MAR11367	7.456973094148011e-05
MAR11368	7.456973094148011e-05
MAR11369	7.456973094148011e-05
MAR11370	7.456973094148011e-05
MAR11371	7.456973094148011e-05
MAR11372	7.456973094148011e-05
MAR11373	7.456973094148011e-05
MAR11374	0.0009518544396327312
MAR11375	3.092859332491893e-05
MAR11376	7.456973094148011e-05
MAR11377	0.0009518544396327312
MAR11378	3.092859332491893e-05
MAR11379	7.456973094148011e-05
MAR11380	0.0009518544396327312
MAR11381	3.092859332491893e-05
MAR11382	7.456973094148011e-05
MAR11383	0.0009518544396327312
MAR11384	3.092859332491893e-05
MAR11385	7.456973094148011e-05
MAR11386	0.0009518544396327312
MAR11387	7.456973094148011e-05
MAR11388	0.0009518544396327312
MAR11389	3.092859332491893e-05
MAR11390	7.456973094148011e-05
MAR11391	7.456973094148011e-05
MAR11392	7.456973094148011e-05
MAR11393	7.456973094148011e-05
MAR11394	0.0009559409197925247
MAR11395	3.460319185373081e-05
MAR11396	0.0031092116482532347
MAR11397	2.922379920423363e-05
MAR11398	7.456973094148011e-05
MAR11399	0.0032755948938447597
MAR11400	7.456973094148011e-05
MAR11401	7.456973094148011e-05
MAR11402	7.456973094148011e-05
MAR11403	7.456973094148011e-05
MAR11404	7.456973094148011e-05
MAR11405	7.456973094148011e-05
MAR11406	7.456973094148011e-05
MAR11407	2.8841287887561833e-05
MAR11408	0.0004866858125557459
MAR11409	7.456973094148011e-05
MAR11410	2.9282009943475488e-05
MAR11411	0.0014858099414347728
MAR11412	2.8841287887561833e-05
MAR11413	7.456973094148011e-05
MAR11414	0.0011929678249669876
MAR11415	2.922379920423363e-05
MAR11416	0.0016854347785924258
MAR11417	2.922379920423363e-05
MAR11418	2.922379920423363e-05
MAR11419	7.456973094148011e-05
MAR11420	7.456973094148011e-05
MAR11422	7.456973094148011e-05
MAR11423	7.456973094148011e-05
MAR11424	7.456973094148011e-05
MAR11425	7.456973094148011e-05
MAR11426	7.456973094148011e-05
MAR11427	7.456973094148011e-05
MAR11428	7.456973094148011e-05
MAR11429	7.456973094148011e-05
MAR11430	0.0019835718854380674
MAR11431	7.456973094148011e-05
MAR11432	7.456973094148011e-05
MAR11433	0.00036556102930459904
MAR11434	7.456973094148011e-05
MAR11435	7.456973094148011e-05
MAR11436	7.456973094148011e-05
MAR11437	7.456973094148011e-05
MAR11438	7.456973094148011e-05
MAR11439	7.456973094148011e-05
MAR11440	7.456973094148011e-05
MAR11441	7.456973094148011e-05
MAR11442	0.0031092116482532347
MAR11443	0.0015094327284554373
MAR11444	7.456973094148011e-05
MAR11445	7.456973094148011e-05
MAR11446	7.456973094148011e-05
MAR11447	7.456973094148011e-05
MAR11448	7.456973094148011e-05
MAR11449	7.456973094148011e-05
MAR11450	2.9412127499088146e-05
MAR11451	7.456973094148011e-05
MAR11452	7.456973094148011e-05
MAR11453	2.9412127499088146e-05
MAR11454	7.456973094148011e-05
MAR11455	7.456973094148011e-05
MAR11456	2.9412127499088146e-05
MAR11457	7.456973094148011e-05
MAR11458	7.456973094148011e-05
MAR11459	7.456973094148011e-05
MAR11460	7.456973094148011e-05
MAR11461	7.456973094148011e-05
MAR11462	7.456973094148011e-05
MAR11463	7.456973094148011e-05
MAR11464	7.456973094148011e-05
MAR11465	7.456973094148011e-05
MAR11466	7.456973094148011e-05
MAR11467	0.001359586431173727
MAR11468	7.456973094148011e-05
MAR11469	7.456973094148011e-05
MAR11470	7.456973094148011e-05
MAR11471	7.456973094148011e-05
MAR11472	7.456973094148011e-05
MAR11473	7.456973094148011e-05
MAR11474	7.456973094148011e-05
MAR11475	7.456973094148011e-05
MAR11476	0.030575403490925294
MAR11477	7.456973094148011e-05
MAR11478	7.456973094148011e-05
MAR11479	0.030575403490925294
MAR11480	7.456973094148011e-05
MAR11481	7.456973094148011e-05
MAR11482	7.456973094148011e-05
MAR11483	7.456973094148011e-05
MAR11484	7.456973094148011e-05
MAR11485	7.456973094148011e-05
MAR11486	0.001636352629699206
MAR11487	7.456973094148011e-05
MAR11488	7.456973094148011e-05
MAR11489	7.456973094148011e-05
MAR11490	7.456973094148011e-05
MAR11491	7.456973094148011e-05
MAR11492	7.456973094148011e-05
MAR11493	7.456973094148011e-05
MAR11494	7.456973094148011e-05
MAR11495	7.456973094148011e-05
MAR11496	7.456973094148011e-05
MAR11497	7.456973094148011e-05
MAR11498	7.456973094148011e-05
MAR11499	7.456973094148011e-05
MAR11500	7.456973094148011e-05
MAR11501	7.456973094148011e-05
MAR11502	3.0145383194029066e-05
MAR11503	7.456973094148011e-05
MAR11504	7.456973094148011e-05
MAR11505	7.456973094148011e-05
MAR11506	7.456973094148011e-05
MAR11507	7.456973094148011e-05
MAR11508	7.456973094148011e-05
MAR11509	3.0145383194029066e-05
MAR11510	7.456973094148011e-05
MAR11511	7.456973094148011e-05
MAR11512	7.456973094148011e-05
MAR11513	7.456973094148011e-05
MAR11514	0.0006785312226904101
MAR11515	7.456973094148011e-05
MAR11516	7.456973094148011e-05
MAR11517	7.456973094148011e-05
MAR11518	2.8841287887561833e-05
MAR11519	7.456973094148011e-05
MAR11520	7.456973094148011e-05
MAR11521	7.456973094148011e-05
MAR11522	7.456973094148011e-05
MAR11523	7.456973094148011e-05
MAR11524	7.456973094148011e-05
MAR11525	7.456973094148011e-05
MAR11526	7.456973094148011e-05
MAR11527	7.456973094148011e-05
MAR11528	7.456973094148011e-05
MAR11529	0.0014380075415413663
MAR11530	7.456973094148011e-05
MAR11531	7.456973094148011e-05
MAR11532	7.456973094148011e-05
MAR11533	7.456973094148011e-05
MAR11534	0.0014380075415413663
MAR11535	7.456973094148011e-05
MAR11536	7.456973094148011e-05
MAR11537	7.456973094148011e-05
MAR11538	7.456973094148011e-05
MAR11539	0.0014380075415413663
MAR11540	7.456973094148011e-05
MAR11541	7.456973094148011e-05
MAR11542	7.456973094148011e-05
MAR11543	7.456973094148011e-05
MAR11544	2.8841287887561833e-05
MAR11545	7.456973094148011e-05
MAR11546	7.456973094148011e-05
MAR11547	7.456973094148011e-05
MAR11548	7.456973094148011e-05
MAR11549	7.456973094148011e-05
MAR11550	7.456973094148011e-05
MAR11551	7.456973094148011e-05
MAR11552	7.456973094148011e-05
MAR11553	7.456973094148011e-05
MAR11554	7.456973094148011e-05
MAR11555	3.0145383194029066e-05
MAR11556	7.456973094148011e-05
MAR11557	7.456973094148011e-05
MAR11558	7.456973094148011e-05
MAR11559	7.456973094148011e-05
MAR11560	7.456973094148011e-05
MAR11561	7.456973094148011e-05
MAR11562	3.0145383194029066e-05
MAR11563	7.456973094148011e-05
MAR11564	7.456973094148011e-05
MAR11565	7.456973094148011e-05
MAR11566	7.456973094148011e-05
MAR11567	7.456973094148011e-05
MAR11568	7.456973094148011e-05
MAR11569	7.456973094148011e-05
MAR11570	7.456973094148011e-05
MAR11571	7.456973094148011e-05
MAR11572	0.0013665683165131884
MAR11573	7.456973094148011e-05
MAR11574	7.456973094148011e-05
MAR11575	7.456973094148011e-05
MAR11576	7.456973094148011e-05
MAR11577	0.003173139463699497
MAR11578	0.003173139463699497
MAR11579	7.456973094148011e-05
MAR11580	7.456973094148011e-05
MAR11581	0.003173139463699497
MAR11582	0.0013665683165131884
MAR11583	7.456973094148011e-05
MAR11584	7.456973094148011e-05
MAR11585	7.456973094148011e-05
MAR11586	7.456973094148011e-05
MAR11587	0.0013665683165131884
MAR11588	0.0013665683165131884
MAR11589	0.0013665683165131884
MAR11590	0.0013665683165131884
MAR11591	0.0013665683165131884
MAR11592	0.0013665683165131884
MAR11593	0.0013665683165131884
MAR11594	0.0013665683165131884
MAR11595	0.0013665683165131884
MAR11596	0.0013665683165131884
MAR11597	0.0013665683165131884
MAR11598	0.0013665683165131884
MAR11599	0.0013665683165131884
MAR11600	0.0013665683165131884
MAR11601	0.0013665683165131884
MAR11602	0.0013665683165131884
MAR11603	0.0013665683165131884
MAR11604	0.0013665683165131884
MAR11605	0.0013665683165131884
MAR11606	0.0013665683165131884
MAR11607	0.0013665683165131884
MAR11608	0.0013665683165131884
MAR11609	0.0013665683165131884
MAR11610	0.0013665683165131884
MAR11611	0.0013665683165131884
MAR11612	0.0013665683165131884
MAR11613	0.0007353376863417397
MAR11614	0.0007353376863417397
MAR11615	0.0007353376863417397
MAR11616	0.0007353376863417397
MAR11617	0.0007353376863417397
MAR11618	0.0007353376863417397
MAR11619	0.0007353376863417397
MAR11620	0.0007353376863417397
MAR11621	0.0007353376863417397
MAR11622	0.0007353376863417397
MAR11623	0.0007353376863417397
MAR11624	0.0007353376863417397
MAR11625	0.0007353376863417397
MAR11626	0.0007353376863417397
MAR11627	0.0013665683165131884
MAR11628	0.0007353376863417397
MAR11629	7.456973094148011e-05
MAR11630	7.456973094148011e-05
MAR11631	7.456973094148011e-05
MAR11632	7.456973094148011e-05
MAR11633	7.456973094148011e-05
MAR11634	7.456973094148011e-05
MAR11635	7.456973094148011e-05
MAR11636	7.456973094148011e-05
MAR11637	7.456973094148011e-05
MAR11638	7.456973094148011e-05
MAR11639	7.456973094148011e-05
MAR11640	7.456973094148011e-05
MAR11641	7.456973094148011e-05
MAR11642	7.456973094148011e-05
MAR11643	7.456973094148011e-05
MAR11644	7.456973094148011e-05
MAR11645	7.456973094148011e-05
MAR11646	7.456973094148011e-05
MAR11647	0.00021215533080909721
MAR11648	0.0020184240650127877
MAR11653	7.456973094148011e-05
MAR11654	7.456973094148011e-05
MAR11655	7.456973094148011e-05
MAR11656	7.456973094148011e-05
MAR11657	7.456973094148011e-05
MAR11658	7.456973094148011e-05
MAR11659	7.456973094148011e-05
MAR11660	7.456973094148011e-05
MAR11661	7.456973094148011e-05
MAR11662	7.456973094148011e-05
MAR11663	7.456973094148011e-05
MAR11664	7.456973094148011e-05
MAR11665	7.456973094148011e-05
MAR11666	7.456973094148011e-05
MAR11667	7.456973094148011e-05
MAR11668	7.456973094148011e-05
MAR11669	7.456973094148011e-05
MAR11670	7.456973094148011e-05
MAR11671	7.456973094148011e-05
MAR11672	7.456973094148011e-05
MAR11673	7.456973094148011e-05
MAR11674	7.456973094148011e-05
MAR11675	7.456973094148011e-05
MAR11676	7.456973094148011e-05
MAR11677	7.456973094148011e-05
MAR11678	7.456973094148011e-05
MAR11679	7.456973094148011e-05
MAR11680	7.456973094148011e-05
MAR11681	7.456973094148011e-05
MAR11682	7.456973094148011e-05
MAR11683	7.456973094148011e-05
MAR11684	7.456973094148011e-05
MAR11685	7.456973094148011e-05
MAR11686	7.456973094148011e-05
MAR11687	7.456973094148011e-05
MAR11688	7.456973094148011e-05
MAR11689	7.456973094148011e-05
MAR11690	7.456973094148011e-05
MAR11691	7.456973094148011e-05
MAR11692	7.456973094148011e-05
MAR11693	7.456973094148011e-05
MAR11694	7.456973094148011e-05
MAR11695	0.0020184240650127877
MAR11696	0.0020184240650127877
MAR11698	0.0020184240650127877
MAR11700	0.0020184240650127877
MAR11702	0.0020184240650127877
MAR11704	0.0020184240650127877
MAR11706	0.0020184240650127877
MAR11708	0.0020184240650127877
MAR11710	0.0020184240650127877
MAR11712	0.0020184240650127877
MAR11714	0.0020184240650127877
MAR11716	0.0020184240650127877
MAR11718	0.0020184240650127877
MAR11720	0.0020184240650127877
MAR11722	0.0020184240650127877
MAR11724	0.0020184240650127877
MAR11726	0.0020184240650127877
MAR11728	7.456973094148011e-05
MAR11730	7.456973094148011e-05
MAR11731	2.8841287887561833e-05
MAR11732	7.456973094148011e-05
MAR11733	7.456973094148011e-05
MAR11734	2.8841287887561833e-05
MAR11735	7.456973094148011e-05
MAR11736	0.003795437725128862
MAR11737	2.8841287887561833e-05
MAR11738	7.456973094148011e-05
MAR11739	7.456973094148011e-05
MAR11740	0.003795437725128862
MAR11741	2.8841287887561833e-05
MAR11742	7.456973094148011e-05
MAR11743	7.456973094148011e-05
MAR11744	3.0393824071985e-05
MAR11745	0.003795437725128862
MAR11746	2.8841287887561833e-05
MAR11747	7.456973094148011e-05
MAR11748	7.456973094148011e-05
MAR11749	0.003795437725128862
MAR11750	7.456973094148011e-05
MAR11751	7.456973094148011e-05
MAR11752	0.003795437725128862
MAR11753	2.8841287887561833e-05
MAR11754	7.456973094148011e-05
MAR11755	7.456973094148011e-05
MAR11756	2.8841287887561833e-05
MAR11757	3.0207850491992453e-05
MAR11758	3.0207850491992453e-05
MAR11759	3.0207850491992453e-05
MAR11760	3.0207850491992453e-05
MAR11761	3.0207850491992453e-05
MAR11762	3.0207850491992453e-05
MAR11763	3.0207850491992453e-05
MAR11764	3.0207850491992453e-05
MAR11765	3.0207850491992453e-05
MAR11766	3.0207850491992453e-05
MAR11767	3.0207850491992453e-05
MAR11768	3.0207850491992453e-05
MAR11769	3.0207850491992453e-05
MAR11770	3.0207850491992453e-05
MAR11771	3.0207850491992453e-05
MAR11772	3.0207850491992453e-05
MAR11773	3.0207850491992453e-05
MAR11774	3.0207850491992453e-05
MAR11775	2.8841287887561833e-05
MAR11776	6.738052001757399e-05
MAR11777	2.8841287887561833e-05
MAR11778	0.0020184240650127877
MAR11779	2.9508332873677193e-05
MAR11780	0.0031092116482532347
MAR11781	6.955537276674729e-05
MAR11782	0.0002401882628697339
MAR11783	2.9529765601808792e-05
MAR11784	2.9529765601808792e-05
MAR11785	4.857243213078275e-05
MAR11786	0.0007686953975585832
MAR11787	0.00018043417254991534
MAR11788	3.460319185373081e-05
MAR11789	3.460319185373081e-05
MAR11790	3.460319185373081e-05
MAR11791	0.010420217310016362
MAR11792	0.0020184240650127877
MAR11793	0.0020184240650127877
MAR11794	0.0020184240650127877
MAR11795	0.0020184240650127877
MAR11796	0.0020184240650127877
MAR11797	0.00011087029077755572
MAR11798	0.00011087029077755572
MAR11799	7.06289065084333e-05
MAR11800	0.0003325061320537569
MAR11801	0.0017272380047431044
MAR11802	0.0020184240650127877
MAR11803	3.0398998975046235e-05
MAR11804	0.023519639993607094
MAR11805	0.00021215533080909721
MAR11806	0.0002401882628697339
MAR11807	0.0002401882628697339
MAR11808	0.009892246080268865
MAR11809	0.0020184240650127877
MAR11810	0.023519639993607094
MAR11811	2.8841287887561833e-05
MAR11812	2.8841287887561833e-05
MAR11813	2.8841287887561833e-05
MAR11814	2.8841287887561833e-05
MAR11815	0.0007629193566922629
MAR11816	7.456973094148011e-05
MAR11817	7.456973094148011e-05
MAR11818	7.456973094148011e-05
MAR11819	7.456973094148011e-05
MAR11820	7.456973094148011e-05
MAR11821	7.456973094148011e-05
MAR11822	7.456973094148011e-05
MAR11823	7.456973094148011e-05
MAR11824	7.456973094148011e-05
MAR11825	7.456973094148011e-05
MAR11826	7.456973094148011e-05
MAR11827	7.456973094148011e-05
MAR11828	7.456973094148011e-05
MAR11829	7.456973094148011e-05
MAR11830	7.456973094148011e-05
MAR11831	7.456973094148011e-05
MAR11832	7.456973094148011e-05
MAR11833	7.456973094148011e-05
MAR11834	7.456973094148011e-05
MAR11835	7.456973094148011e-05
MAR11836	7.456973094148011e-05
MAR11837	7.456973094148011e-05
MAR11838	7.456973094148011e-05
MAR11839	7.456973094148011e-05
MAR11840	7.456973094148011e-05
MAR11841	7.456973094148011e-05
MAR11842	7.456973094148011e-05
MAR11843	7.456973094148011e-05
MAR11844	7.456973094148011e-05
MAR11845	7.456973094148011e-05
MAR11846	7.456973094148011e-05
MAR11847	7.456973094148011e-05
MAR11848	7.456973094148011e-05
MAR11849	7.456973094148011e-05
MAR11850	7.456973094148011e-05
MAR11851	7.456973094148011e-05
MAR11852	7.456973094148011e-05
MAR11853	7.456973094148011e-05
MAR11854	7.456973094148011e-05
MAR11855	7.456973094148011e-05
MAR11856	7.456973094148011e-05
MAR11857	7.456973094148011e-05
MAR11858	7.456973094148011e-05
MAR11859	7.456973094148011e-05
MAR11860	7.456973094148011e-05
MAR11861	7.456973094148011e-05
MAR11862	7.456973094148011e-05
MAR11863	7.456973094148011e-05
MAR11864	7.456973094148011e-05
MAR11865	7.456973094148011e-05
MAR11866	7.456973094148011e-05
MAR11867	7.456973094148011e-05
MAR11868	7.456973094148011e-05
MAR11869	7.456973094148011e-05
MAR11870	7.456973094148011e-05
MAR11871	7.456973094148011e-05
MAR11872	7.456973094148011e-05
MAR11873	7.456973094148011e-05
MAR11874	7.456973094148011e-05
MAR11875	7.456973094148011e-05
MAR11876	7.456973094148011e-05
MAR11877	7.456973094148011e-05
MAR11878	7.456973094148011e-05
MAR11879	7.456973094148011e-05
MAR11880	7.456973094148011e-05
MAR11881	7.456973094148011e-05
MAR11882	7.456973094148011e-05
MAR11883	7.456973094148011e-05
MAR11884	7.456973094148011e-05
MAR11885	7.456973094148011e-05
MAR11886	7.456973094148011e-05
MAR11887	7.456973094148011e-05
MAR11888	7.456973094148011e-05
MAR11889	7.456973094148011e-05
MAR11890	7.456973094148011e-05
MAR11891	7.456973094148011e-05
MAR11892	7.456973094148011e-05
MAR11893	7.456973094148011e-05
MAR11894	7.456973094148011e-05
MAR11895	7.456973094148011e-05
MAR11896	7.456973094148011e-05
MAR11897	7.456973094148011e-05
MAR11898	7.456973094148011e-05
MAR11899	7.456973094148011e-05
MAR11900	7.456973094148011e-05
MAR11901	7.456973094148011e-05
MAR11902	7.456973094148011e-05
MAR11903	7.456973094148011e-05
MAR11904	7.456973094148011e-05
MAR11905	7.456973094148011e-05
MAR11906	7.456973094148011e-05
MAR11907	7.456973094148011e-05
MAR11908	7.456973094148011e-05
MAR11909	7.456973094148011e-05
MAR11910	7.456973094148011e-05
MAR11911	7.456973094148011e-05
MAR11912	7.456973094148011e-05
MAR11913	7.456973094148011e-05
MAR11914	7.456973094148011e-05
MAR11915	7.456973094148011e-05
MAR11916	7.456973094148011e-05
MAR11917	7.456973094148011e-05
MAR11918	7.456973094148011e-05
MAR11919	7.456973094148011e-05
MAR11920	7.456973094148011e-05
MAR11921	7.456973094148011e-05
MAR11922	7.456973094148011e-05
MAR11923	7.456973094148011e-05
MAR11924	7.456973094148011e-05
MAR11925	7.456973094148011e-05
MAR11926	7.456973094148011e-05
MAR11927	7.456973094148011e-05
MAR11928	7.456973094148011e-05
MAR11929	7.456973094148011e-05
MAR11930	7.456973094148011e-05
MAR11931	7.456973094148011e-05
MAR11932	7.456973094148011e-05
MAR11933	7.456973094148011e-05
MAR11934	7.456973094148011e-05
MAR11935	7.456973094148011e-05
MAR11936	7.456973094148011e-05
MAR11937	7.456973094148011e-05
MAR11938	7.456973094148011e-05
MAR11939	7.456973094148011e-05
MAR11940	7.456973094148011e-05
MAR11941	7.456973094148011e-05
MAR11942	7.456973094148011e-05
MAR11943	7.456973094148011e-05
MAR11944	7.456973094148011e-05
MAR11945	7.456973094148011e-05
MAR11946	7.456973094148011e-05
MAR11947	7.456973094148011e-05
MAR11948	7.456973094148011e-05
MAR11949	7.456973094148011e-05
MAR11950	7.456973094148011e-05
MAR11951	7.456973094148011e-05
MAR11952	7.456973094148011e-05
MAR11953	7.456973094148011e-05
MAR11954	7.456973094148011e-05
MAR11955	7.456973094148011e-05
MAR11956	7.456973094148011e-05
MAR11957	7.456973094148011e-05
MAR11958	7.456973094148011e-05
MAR11959	7.456973094148011e-05
MAR11960	7.456973094148011e-05
MAR11961	7.456973094148011e-05
MAR11962	7.456973094148011e-05
MAR11963	7.456973094148011e-05
MAR11964	7.456973094148011e-05
MAR11965	7.456973094148011e-05
MAR11966	7.456973094148011e-05
MAR11967	7.456973094148011e-05
MAR11968	7.456973094148011e-05
MAR11969	7.456973094148011e-05
MAR11970	7.456973094148011e-05
MAR11971	7.456973094148011e-05
MAR11972	7.456973094148011e-05
MAR11973	7.456973094148011e-05
MAR11974	7.456973094148011e-05
MAR11975	7.456973094148011e-05
MAR11976	7.456973094148011e-05
MAR11977	7.456973094148011e-05
MAR11978	7.456973094148011e-05
MAR11979	7.456973094148011e-05
MAR11980	7.456973094148011e-05
MAR11981	7.456973094148011e-05
MAR11982	7.456973094148011e-05
MAR11983	7.456973094148011e-05
MAR11984	7.456973094148011e-05
MAR11985	7.456973094148011e-05
MAR11986	7.456973094148011e-05
MAR11987	7.456973094148011e-05
MAR11989	7.456973094148011e-05
MAR11990	7.456973094148011e-05
MAR11992	7.456973094148011e-05
MAR11993	7.456973094148011e-05
MAR11995	7.456973094148011e-05
MAR11996	7.456973094148011e-05
MAR11998	7.456973094148011e-05
MAR11999	7.456973094148011e-05
MAR12001	5.306890242565636e-05
MAR12002	0.0038174332960807006
MAR12003	0.0038174332960807006
MAR12004	2.8841287887561833e-05
MAR12005	0.00321423840041873
MAR12006	7.456973094148011e-05
MAR12007	7.456973094148011e-05
MAR12008	0.0020184240650127877
MAR12009	7.456973094148011e-05
MAR12010	0.0020184240650127877
MAR12011	7.456973094148011e-05
MAR12012	7.456973094148011e-05
MAR12013	0.0020184240650127877
MAR12014	2.8841287887561833e-05
MAR12015	7.456973094148011e-05
MAR12016	7.456973094148011e-05
MAR12017	7.456973094148011e-05
MAR12018	7.456973094148011e-05
MAR12019	7.456973094148011e-05
MAR12020	0.011222218824231805
MAR12021	0.011222218824231805
MAR12022	7.456973094148011e-05
MAR12023	3.1924255354472764e-05
MAR12024	2.8841287887561833e-05
MAR12025	7.456973094148011e-05
MAR12026	7.456973094148011e-05
MAR12027	7.456973094148011e-05
MAR12028	7.456973094148011e-05
MAR12029	0.0020184240650127877
MAR12030	7.456973094148011e-05
MAR12031	7.456973094148011e-05
MAR12032	7.456973094148011e-05
MAR12033	7.456973094148011e-05
MAR12034	7.456973094148011e-05
MAR12035	0.0011194736486495303
MAR12036	0.030219324278204132
MAR12037	0.030219324278204132
MAR12038	0.0011194736486495303
MAR12039	0.0011194736486495303
MAR12040	7.456973094148011e-05
MAR12041	3.1364641725478685e-05
MAR12042	7.456973094148011e-05
MAR12043	7.456973094148011e-05
MAR12044	7.456973094148011e-05
MAR12045	7.456973094148011e-05
MAR12046	7.456973094148011e-05
MAR12047	7.456973094148011e-05
MAR12048	7.456973094148011e-05
MAR12049	7.456973094148011e-05
MAR12050	0.0008002149505011347
MAR12051	7.456973094148011e-05
MAR12052	7.456973094148011e-05
MAR12053	0.030219324278204132
MAR12054	7.456973094148011e-05
MAR12055	7.456973094148011e-05
MAR12056	7.456973094148011e-05
MAR12057	7.456973094148011e-05
MAR12058	7.456973094148011e-05
MAR12059	7.456973094148011e-05
MAR12060	7.456973094148011e-05
MAR12061	0.0028337491612728
MAR12062	0.0028337491612728
MAR12063	0.0028337491612728
MAR12064	0.0028337491612728
MAR12065	0.005060066926191334
MAR12066	2.8841287887561833e-05
MAR12067	2.8841287887561833e-05
MAR12068	2.8841287887561833e-05
MAR12069	7.456973094148011e-05
MAR12070	0.0003252321858291337
MAR12071	0.0003252321858291337
MAR12072	0.0003252321858291337
MAR12073	0.0003252321858291337
MAR12074	0.0003252321858291337
MAR12075	0.0003252321858291337
MAR12076	0.0003252321858291337
MAR12077	0.0010540848039399377
MAR12078	0.0003252321858291337
MAR12079	0.00016370670095851165
MAR12080	7.456973094148011e-05
MAR12081	0.0005866515117078108
MAR12082	0.0002698883500898173
MAR12083	0.0002698883500898173
MAR12084	7.456973094148011e-05
MAR12085	7.456973094148011e-05
MAR12086	5.077490831108133e-05
MAR12087	2.8841287887561833e-05
MAR12088	7.456973094148011e-05
MAR12089	7.456973094148011e-05
MAR12090	7.456973094148011e-05
MAR12091	7.456973094148011e-05
MAR12092	7.456973094148011e-05
MAR12093	7.456973094148011e-05
MAR12094	7.456973094148011e-05
MAR12095	7.456973094148011e-05
MAR12096	7.456973094148011e-05
MAR12097	7.456973094148011e-05
MAR12098	7.456973094148011e-05
MAR12099	7.456973094148011e-05
MAR12100	7.456973094148011e-05
MAR12101	7.456973094148011e-05
MAR12102	7.456973094148011e-05
MAR12103	7.456973094148011e-05
MAR12104	7.456973094148011e-05
MAR12105	7.456973094148011e-05
MAR12106	7.456973094148011e-05
MAR12107	7.456973094148011e-05
MAR12108	7.456973094148011e-05
MAR12109	7.456973094148011e-05
MAR12110	7.456973094148011e-05
MAR12111	7.456973094148011e-05
MAR12112	7.456973094148011e-05
MAR12113	7.456973094148011e-05
MAR12114	7.456973094148011e-05
MAR12115	7.456973094148011e-05
MAR12116	7.456973094148011e-05
MAR12117	7.456973094148011e-05
MAR12118	7.456973094148011e-05
MAR12119	7.456973094148011e-05
MAR12120	7.456973094148011e-05
MAR12121	7.456973094148011e-05
MAR12122	7.456973094148011e-05
MAR12123	7.456973094148011e-05
MAR12124	7.456973094148011e-05
MAR12125	7.456973094148011e-05
MAR12126	7.456973094148011e-05
MAR12127	7.456973094148011e-05
MAR12128	7.456973094148011e-05
MAR12129	7.456973094148011e-05
MAR12130	7.456973094148011e-05
MAR12131	7.456973094148011e-05
MAR12132	7.456973094148011e-05
MAR12133	7.456973094148011e-05
MAR12134	7.456973094148011e-05
MAR12135	7.456973094148011e-05
MAR12136	7.456973094148011e-05
MAR12137	7.456973094148011e-05
MAR12138	7.456973094148011e-05
MAR12139	7.456973094148011e-05
MAR12140	7.456973094148011e-05
MAR12141	7.456973094148011e-05
MAR12142	0.0009518544396327312
MAR12143	0.00011087029077755572
MAR12144	3.092859332491893e-05
MAR12145	2.9457860559373696e-05
MAR12146	2.9457860559373696e-05
MAR12147	0.0009518544396327312
MAR12148	0.00011087029077755572
MAR12149	3.092859332491893e-05
MAR12150	0.0009518544396327312
MAR12151	0.00011087029077755572
MAR12152	3.092859332491893e-05
MAR12153	0.0009518544396327312
MAR12154	2.9457860559373696e-05
MAR12155	0.00011087029077755572
MAR12156	3.092859332491893e-05
MAR12157	0.0009518544396327312
MAR12158	2.9457860559373696e-05
MAR12159	0.00011087029077755572
MAR12160	3.092859332491893e-05
MAR12161	0.0009518544396327312
MAR12162	0.00011087029077755572
MAR12163	3.092859332491893e-05
MAR12164	0.0009518544396327312
MAR12165	0.00011087029077755572
MAR12166	3.092859332491893e-05
MAR12167	2.8841287887561833e-05
MAR12168	2.8841287887561833e-05
MAR12169	0.0009518544396327312
MAR12170	7.456973094148011e-05
MAR12171	0.0009518544396327312
MAR12172	0.00011087029077755572
MAR12173	2.8841287887561833e-05
MAR12174	2.8841287887561833e-05
MAR12175	2.8841287887561833e-05
MAR12176	0.0009518544396327312
MAR12177	7.456973094148011e-05
MAR12178	2.8841287887561833e-05
MAR12179	2.8841287887561833e-05
MAR12180	0.0009518544396327312
MAR12181	7.456973094148011e-05
MAR12182	0.00011087029077755572
MAR12183	2.9457860559373696e-05
MAR12184	0.0009518544396327312
MAR12185	0.00011087029077755572
MAR12186	3.092859332491893e-05
MAR12187	2.8841287887561833e-05
MAR12188	2.8841287887561833e-05
MAR12189	0.0009518544396327312
MAR12190	7.456973094148011e-05
MAR12191	2.8841287887561833e-05
MAR12192	2.8841287887561833e-05
MAR12193	0.0009518544396327312
MAR12194	7.456973094148011e-05
MAR12195	0.0009518544396327312
MAR12196	0.00011087029077755572
MAR12197	2.8841287887561833e-05
MAR12198	7.456973094148011e-05
MAR12199	7.456973094148011e-05
MAR12200	7.456973094148011e-05
MAR12201	7.456973094148011e-05
MAR12202	7.456973094148011e-05
MAR12203	7.456973094148011e-05
MAR12204	7.456973094148011e-05
MAR12205	7.456973094148011e-05
MAR12206	7.456973094148011e-05
MAR12207	7.456973094148011e-05
MAR12208	7.456973094148011e-05
MAR12209	7.456973094148011e-05
MAR12210	7.456973094148011e-05
MAR12211	7.456973094148011e-05
MAR12212	7.456973094148011e-05
MAR12213	7.456973094148011e-05
MAR12214	7.456973094148011e-05
MAR12215	7.456973094148011e-05
MAR12216	7.456973094148011e-05
MAR12217	7.456973094148011e-05
MAR12218	7.456973094148011e-05
MAR12219	7.456973094148011e-05
MAR12220	7.456973094148011e-05
MAR12221	7.456973094148011e-05
MAR12222	7.456973094148011e-05
MAR12223	7.456973094148011e-05
MAR12224	7.456973094148011e-05
MAR12225	7.456973094148011e-05
MAR12226	7.456973094148011e-05
MAR12227	7.456973094148011e-05
MAR12228	7.456973094148011e-05
MAR12229	7.456973094148011e-05
MAR12230	7.456973094148011e-05
MAR12231	7.456973094148011e-05
MAR12232	7.456973094148011e-05
MAR12233	7.456973094148011e-05
MAR12234	0.0009518544396327312
MAR12235	0.00011087029077755572
MAR12236	2.8841287887561833e-05
MAR12237	0.0009518544396327312
MAR12238	0.00011087029077755572
MAR12239	2.8841287887561833e-05
MAR12240	0.0009518544396327312
MAR12241	0.00011087029077755572
MAR12242	2.8841287887561833e-05
MAR12243	0.0009518544396327312
MAR12244	0.00011087029077755572
MAR12245	2.8841287887561833e-05
MAR12246	2.8841287887561833e-05
MAR12247	2.8841287887561833e-05
MAR12248	0.0009518544396327312
MAR12249	7.456973094148011e-05
MAR12250	2.8841287887561833e-05
MAR12251	2.8841287887561833e-05
MAR12252	0.0009518544396327312
MAR12253	7.456973094148011e-05
MAR12254	2.8841287887561833e-05
MAR12255	2.8841287887561833e-05
MAR12256	0.0009518544396327312
MAR12257	7.456973094148011e-05
MAR12258	2.8841287887561833e-05
MAR12259	2.8841287887561833e-05
MAR12260	0.0009518544396327312
MAR12261	7.456973094148011e-05
MAR12262	0.0009518544396327312
MAR12263	0.00011087029077755572
MAR12264	3.092859332491893e-05
MAR12265	7.456973094148011e-05
MAR12266	0.0009518544396327312
MAR12267	0.00011087029077755572
MAR12268	3.092859332491893e-05
MAR12269	0.0009518544396327312
MAR12270	0.00011087029077755572
MAR12271	3.092859332491893e-05
MAR12272	2.8841287887561833e-05
MAR12273	2.8841287887561833e-05
MAR12274	0.0009518544396327312
MAR12275	7.456973094148011e-05
MAR12276	2.8841287887561833e-05
MAR12277	2.8841287887561833e-05
MAR12278	0.0009518544396327312
MAR12279	7.456973094148011e-05
MAR12280	0.0009518544396327312
MAR12281	0.00011087029077755572
MAR12282	2.8841287887561833e-05
MAR12283	7.456973094148011e-05
MAR12284	0.0009518544396327312
MAR12285	0.00011087029077755572
MAR12286	2.8841287887561833e-05
MAR12287	0.0009518544396327312
MAR12288	0.00011087029077755572
MAR12289	2.9457860559373696e-05
MAR12290	2.8841287887561833e-05
MAR12291	0.0009518544396327312
MAR12292	0.00011087029077755572
MAR12293	2.8841287887561833e-05
MAR12294	0.0009518544396327312
MAR12295	0.00011087029077755572
MAR12296	3.092859332491893e-05
MAR12297	0.0009518544396327312
MAR12298	0.00011087029077755572
MAR12299	2.8841287887561833e-05
MAR12300	0.0009518544396327312
MAR12301	0.00011087029077755572
MAR12302	3.092859332491893e-05
MAR12303	0.0009518544396327312
MAR12304	0.00011087029077755572
MAR12305	2.8841287887561833e-05
MAR12306	0.00011087029077755572
MAR12307	3.092859332491893e-05
MAR12308	4.067851433658209e-05
MAR12309	7.456973094148011e-05
MAR12310	7.456973094148011e-05
MAR12311	7.456973094148011e-05
MAR12312	7.456973094148011e-05
MAR12313	7.456973094148011e-05
MAR12314	7.456973094148011e-05
MAR12315	7.456973094148011e-05
MAR12316	7.456973094148011e-05
MAR12317	7.456973094148011e-05
MAR12318	4.067851433658209e-05
MAR12319	4.067851433658209e-05
MAR12320	7.456973094148011e-05
MAR12321	7.456973094148011e-05
MAR12322	7.456973094148011e-05
MAR12323	7.456973094148011e-05
MAR12324	7.456973094148011e-05
MAR12325	7.456973094148011e-05
MAR12326	7.456973094148011e-05
MAR12327	7.456973094148011e-05
MAR12328	7.456973094148011e-05
MAR12329	7.456973094148011e-05
MAR12330	7.456973094148011e-05
MAR12331	7.456973094148011e-05
MAR12332	7.456973094148011e-05
MAR12333	2.8841287887561833e-05
MAR12334	7.456973094148011e-05
MAR12335	3.0451499156558264e-05
MAR12336	7.456973094148011e-05
MAR12337	4.067851433658209e-05
MAR12338	7.456973094148011e-05
MAR12339	7.456973094148011e-05
MAR12340	3.0451499156558264e-05
MAR12341	6.738052001757399e-05
MAR12342	4.067851433658209e-05
MAR12343	2.8841287887561833e-05
MAR12344	6.738052001757399e-05
MAR12345	7.456973094148011e-05
MAR12346	3.276296616824683e-05
MAR12347	3.0451499156558264e-05
MAR12348	6.738052001757399e-05
MAR12349	4.067851433658209e-05
MAR12350	6.738052001757399e-05
MAR12351	7.456973094148011e-05
MAR12352	3.276296616824683e-05
MAR12353	7.456973094148011e-05
MAR12354	7.456973094148011e-05
MAR12355	2.8841287887561833e-05
MAR12356	7.456973094148011e-05
MAR12357	7.456973094148011e-05
MAR12358	7.456973094148011e-05
MAR12359	7.456973094148011e-05
MAR12360	2.9457860559373696e-05
MAR12361	7.456973094148011e-05
MAR12362	3.276296616824683e-05
MAR12363	5.739849101267972e-05
MAR12364	7.456973094148011e-05
MAR12365	7.456973094148011e-05
MAR12366	7.456973094148011e-05
MAR12367	2.8841287887561833e-05
MAR12368	7.456973094148011e-05
MAR12369	2.8841287887561833e-05
MAR12370	7.456973094148011e-05
MAR12371	0.0063255333240134545
MAR12372	0.0010805105705422244
MAR12373	0.0007686953975585832
MAR12374	7.456973094148011e-05
MAR12375	0.00046956407529099745
MAR12376	0.0007686953975585832
MAR12377	7.456973094148011e-05
MAR12378	3.276296616824683e-05
MAR12379	2.8841287887561833e-05
MAR12380	7.456973094148011e-05
MAR12381	5.739849101267972e-05
MAR12382	7.456973094148011e-05
MAR12383	0.0007686953975585832
MAR12384	7.456973094148011e-05
MAR12385	3.276296616824683e-05
MAR12386	7.456973094148011e-05
MAR12387	6.448008502800297e-05
MAR12388	7.456973094148011e-05
MAR12389	7.456973094148011e-05
MAR12390	7.456973094148011e-05
MAR12391	7.456973094148011e-05
MAR12392	4.067851433658209e-05
MAR12393	2.8841287887561833e-05
MAR12394	6.738052001757399e-05
MAR12395	7.456973094148011e-05
MAR12396	3.276296616824683e-05
MAR12397	4.067851433658209e-05
MAR12398	7.456973094148011e-05
MAR12399	6.738052001757399e-05
MAR12400	7.456973094148011e-05
MAR12401	3.276296616824683e-05
MAR12402	7.456973094148011e-05
MAR12403	3.0451499156558264e-05
MAR12404	4.067851433658209e-05
MAR12405	7.456973094148011e-05
MAR12406	2.9457860559373696e-05
MAR12407	0.0007686953975585832
MAR12408	7.456973094148011e-05
MAR12409	2.9457860559373696e-05
MAR12410	0.0007686953975585832
MAR12411	7.456973094148011e-05
MAR12412	7.456973094148011e-05
MAR12413	7.456973094148011e-05
MAR12414	5.739849101267972e-05
MAR12415	7.456973094148011e-05
MAR12416	7.456973094148011e-05
MAR12417	7.456973094148011e-05
MAR12418	7.456973094148011e-05
MAR12419	7.456973094148011e-05
MAR12420	7.456973094148011e-05
MAR12421	7.456973094148011e-05
MAR12422	7.456973094148011e-05
MAR12423	5.739849101267972e-05
MAR12424	7.456973094148011e-05
MAR12425	2.8841287887561833e-05
MAR12426	7.456973094148011e-05
MAR12427	5.739849101267972e-05
MAR12428	0.0007686953975585832
MAR12429	7.456973094148011e-05
MAR12430	7.456973094148011e-05
MAR12431	3.276296616824683e-05
MAR12432	2.8841287887561833e-05
MAR12433	7.456973094148011e-05
MAR12434	2.8841287887561833e-05
MAR12435	7.456973094148011e-05
MAR12436	5.739849101267972e-05
MAR12437	2.8841287887561833e-05
MAR12438	7.456973094148011e-05
MAR12439	5.739849101267972e-05
MAR12440	2.8841287887561833e-05
MAR12441	3.0207850491992453e-05
MAR12442	7.456973094148011e-05
MAR12443	5.739849101267972e-05
MAR12444	7.456973094148011e-05
MAR12445	7.456973094148011e-05
MAR12446	2.9418016522141188e-05
MAR12447	7.456973094148011e-05
MAR12448	7.456973094148011e-05
MAR12449	7.456973094148011e-05
MAR12450	7.456973094148011e-05
MAR12451	7.456973094148011e-05
MAR12452	7.456973094148011e-05
MAR12453	7.456973094148011e-05
MAR12454	7.456973094148011e-05
MAR12455	2.9751530589004282e-05
MAR12456	7.456973094148011e-05
MAR12457	2.9457860559373696e-05
MAR12458	0.0007686953975585832
MAR12459	7.456973094148011e-05
MAR12460	2.922379920423363e-05
MAR12461	3.0207850491992453e-05
MAR12462	0.00016602190576359935
MAR12463	7.456973094148011e-05
MAR12464	0.0009518544396327312
MAR12465	0.0009518544396327312
MAR12466	0.0009518544396327312
MAR12467	0.0009518544396327312
MAR12468	3.283800157893043e-05
MAR12469	7.456973094148011e-05
MAR12470	0.0009518544396327312
MAR12471	2.9665033816694736e-05
MAR12472	0.00033130067411381466
MAR12473	2.8841287887561833e-05
MAR12474	4.067851433658209e-05
MAR12475	7.456973094148011e-05
MAR12476	7.456973094148011e-05
MAR12477	7.456973094148011e-05
MAR12478	7.456973094148011e-05
MAR12479	7.456973094148011e-05
MAR12480	7.456973094148011e-05
MAR12481	7.456973094148011e-05
MAR12482	7.456973094148011e-05
MAR12483	7.456973094148011e-05
MAR12484	7.456973094148011e-05
MAR12485	7.456973094148011e-05
MAR12486	7.456973094148011e-05
MAR12487	7.456973094148011e-05
MAR12488	7.456973094148011e-05
MAR12489	7.456973094148011e-05
MAR12490	7.456973094148011e-05
MAR12491	7.456973094148011e-05
MAR12492	7.456973094148011e-05
MAR12493	7.456973094148011e-05
MAR12494	7.456973094148011e-05
MAR12495	7.456973094148011e-05
MAR12496	7.456973094148011e-05
MAR12497	4.067851433658209e-05
MAR12498	7.456973094148011e-05
MAR12499	7.456973094148011e-05
MAR12500	7.456973094148011e-05
MAR12501	7.456973094148011e-05
MAR12502	7.456973094148011e-05
MAR12503	7.456973094148011e-05
MAR12504	7.456973094148011e-05
MAR12505	7.456973094148011e-05
MAR12506	4.067851433658209e-05
MAR12507	7.456973094148011e-05
MAR12508	7.456973094148011e-05
MAR12509	0.0031092116482532347
MAR12510	3.0244349662584257e-05
MAR12511	2.8841287887561833e-05
MAR12512	7.456973094148011e-05
MAR12513	7.456973094148011e-05
MAR12514	3.0207850491992453e-05
MAR12515	0.00012860882859094003
MAR12516	3.0451499156558264e-05
MAR12517	0.00012860882859094003
MAR12518	3.276296616824683e-05
MAR12519	7.456973094148011e-05
MAR12520	7.456973094148011e-05
MAR12521	7.456973094148011e-05
MAR12522	7.456973094148011e-05
MAR12523	3.0207850491992453e-05
MAR12524	7.456973094148011e-05
MAR12525	7.456973094148011e-05
MAR12526	7.456973094148011e-05
MAR12527	7.456973094148011e-05
MAR12528	2.8841287887561833e-05
MAR12529	7.456973094148011e-05
MAR12530	7.456973094148011e-05
MAR12531	7.456973094148011e-05
MAR12532	7.456973094148011e-05
MAR12533	2.9751530589004282e-05
MAR12534	7.456973094148011e-05
MAR12535	2.9751530589004282e-05
MAR12536	7.456973094148011e-05
MAR12537	0.0007686953975585832
MAR12538	7.456973094148011e-05
MAR12539	2.9751530589004282e-05
MAR12540	0.0009157522071853656
MAR12541	0.0007686953975585832
MAR12542	7.456973094148011e-05
MAR12543	2.9751530589004282e-05
MAR12544	0.0009157522071853656
MAR12545	0.0007686953975585832
MAR12546	7.456973094148011e-05
MAR12547	0.0007686953975585832
MAR12548	7.456973094148011e-05
MAR12549	7.456973094148011e-05
MAR12550	7.456973094148011e-05
MAR12551	3.276296616824683e-05
MAR12552	7.456973094148011e-05
MAR12553	7.456973094148011e-05
MAR12554	7.456973094148011e-05
MAR12555	7.456973094148011e-05
MAR12556	3.0207850491992453e-05
MAR12557	0.00012860882859094003
MAR12558	0.00012860882859094003
MAR12559	7.456973094148011e-05
MAR12560	7.456973094148011e-05
MAR12561	7.456973094148011e-05
MAR12562	0.0010805105705422244
MAR12563	7.456973094148011e-05
MAR12564	2.9418016522141188e-05
MAR12565	7.456973094148011e-05
MAR12566	7.456973094148011e-05
MAR12567	7.456973094148011e-05
MAR12568	7.456973094148011e-05
MAR12569	2.9457860559373696e-05
MAR12570	0.0007686953975585832
MAR12571	7.456973094148011e-05
MAR12572	7.456973094148011e-05
MAR12573	7.456973094148011e-05
MAR12574	7.456973094148011e-05
MAR12575	7.456973094148011e-05
MAR12576	7.456973094148011e-05
MAR12577	7.456973094148011e-05
MAR12578	7.456973094148011e-05
MAR12579	7.456973094148011e-05
MAR12580	7.456973094148011e-05
MAR12581	7.456973094148011e-05
MAR12582	7.456973094148011e-05
MAR12583	7.456973094148011e-05
MAR12584	7.456973094148011e-05
MAR12585	7.456973094148011e-05
MAR12586	7.456973094148011e-05
MAR12587	7.456973094148011e-05
MAR12588	7.456973094148011e-05
MAR12589	7.456973094148011e-05
MAR12590	7.456973094148011e-05
MAR12591	7.456973094148011e-05
MAR12592	7.456973094148011e-05
MAR12593	7.456973094148011e-05
MAR12594	7.456973094148011e-05
MAR12595	7.456973094148011e-05
MAR12596	7.456973094148011e-05
MAR12597	7.456973094148011e-05
MAR12598	7.456973094148011e-05
MAR12599	7.456973094148011e-05
MAR12600	7.456973094148011e-05
MAR12601	7.456973094148011e-05
MAR12602	7.456973094148011e-05
MAR12603	7.456973094148011e-05
MAR12604	7.456973094148011e-05
MAR12605	7.456973094148011e-05
MAR12606	7.456973094148011e-05
MAR12607	7.456973094148011e-05
MAR12608	7.456973094148011e-05
MAR12609	7.456973094148011e-05
MAR12610	7.456973094148011e-05
MAR12611	7.456973094148011e-05
MAR12612	7.456973094148011e-05
MAR12613	7.456973094148011e-05
MAR12614	7.456973094148011e-05
MAR12615	7.456973094148011e-05
MAR12616	7.456973094148011e-05
MAR12617	7.456973094148011e-05
MAR12618	7.456973094148011e-05
MAR12619	7.456973094148011e-05
MAR12620	7.456973094148011e-05
MAR12621	7.456973094148011e-05
MAR12622	7.456973094148011e-05
MAR12623	7.456973094148011e-05
MAR12624	7.456973094148011e-05
MAR12625	7.456973094148011e-05
MAR12626	7.456973094148011e-05
MAR12627	7.456973094148011e-05
MAR12628	7.456973094148011e-05
MAR12629	7.456973094148011e-05
MAR12630	7.456973094148011e-05
MAR12631	7.456973094148011e-05
MAR12632	7.456973094148011e-05
MAR12633	7.456973094148011e-05
MAR12634	7.456973094148011e-05
MAR12635	7.456973094148011e-05
MAR12636	7.456973094148011e-05
MAR12637	7.456973094148011e-05
MAR12638	7.456973094148011e-05
MAR12639	7.456973094148011e-05
MAR12640	7.456973094148011e-05
MAR12641	7.456973094148011e-05
MAR12642	7.456973094148011e-05
MAR12643	7.456973094148011e-05
MAR12644	7.456973094148011e-05
MAR12645	7.456973094148011e-05
MAR12646	7.456973094148011e-05
MAR12647	7.456973094148011e-05
MAR12648	7.456973094148011e-05
MAR12649	7.456973094148011e-05
MAR12650	7.456973094148011e-05
MAR12651	7.456973094148011e-05
MAR12652	7.456973094148011e-05
MAR12653	7.456973094148011e-05
MAR12654	7.456973094148011e-05
MAR12655	7.456973094148011e-05
MAR12656	7.456973094148011e-05
MAR12657	7.456973094148011e-05
MAR12658	7.456973094148011e-05
MAR12659	7.456973094148011e-05
MAR12660	7.456973094148011e-05
MAR12661	7.456973094148011e-05
MAR12662	7.456973094148011e-05
MAR12663	7.456973094148011e-05
MAR12664	7.456973094148011e-05
MAR12665	7.456973094148011e-05
MAR12666	7.456973094148011e-05
MAR12667	7.456973094148011e-05
MAR12668	7.456973094148011e-05
MAR12669	7.456973094148011e-05
MAR12670	7.456973094148011e-05
MAR12671	7.456973094148011e-05
MAR12672	7.456973094148011e-05
MAR12673	7.456973094148011e-05
MAR12674	7.456973094148011e-05
MAR12675	7.456973094148011e-05
MAR12676	7.456973094148011e-05
MAR12677	7.456973094148011e-05
MAR12678	7.456973094148011e-05
MAR12679	7.456973094148011e-05
MAR12680	7.456973094148011e-05
MAR12681	7.456973094148011e-05
MAR12682	7.456973094148011e-05
MAR12683	7.456973094148011e-05
MAR12684	7.456973094148011e-05
MAR12685	7.456973094148011e-05
MAR12686	7.456973094148011e-05
MAR12687	7.456973094148011e-05
MAR12688	7.456973094148011e-05
MAR12689	7.456973094148011e-05
MAR12690	7.456973094148011e-05
MAR12691	7.456973094148011e-05
MAR12692	7.456973094148011e-05
MAR12693	7.456973094148011e-05
MAR12694	7.456973094148011e-05
MAR12695	7.456973094148011e-05
MAR12696	7.456973094148011e-05
MAR12697	7.456973094148011e-05
MAR12698	7.456973094148011e-05
MAR12699	7.456973094148011e-05
MAR12700	7.456973094148011e-05
MAR12701	7.456973094148011e-05
MAR12702	7.456973094148011e-05
MAR12703	7.456973094148011e-05
MAR12704	7.456973094148011e-05
MAR12705	7.456973094148011e-05
MAR12706	7.456973094148011e-05
MAR12707	7.456973094148011e-05
MAR12708	7.456973094148011e-05
MAR12709	7.456973094148011e-05
MAR12710	7.456973094148011e-05
MAR12711	7.456973094148011e-05
MAR12712	7.456973094148011e-05
MAR12713	7.456973094148011e-05
MAR12714	7.456973094148011e-05
MAR12715	7.456973094148011e-05
MAR12716	7.456973094148011e-05
MAR12717	7.456973094148011e-05
MAR12718	7.456973094148011e-05
MAR12719	7.456973094148011e-05
MAR12720	7.456973094148011e-05
MAR12721	7.456973094148011e-05
MAR12722	7.456973094148011e-05
MAR12723	7.456973094148011e-05
MAR12724	7.456973094148011e-05
MAR12725	7.456973094148011e-05
MAR12726	7.456973094148011e-05
MAR12727	3.0244349662584257e-05
MAR12728	0.00016602190576359935
MAR12729	7.456973094148011e-05
MAR12730	7.456973094148011e-05
MAR12731	7.456973094148011e-05
MAR12732	7.456973094148011e-05
MAR12733	7.456973094148011e-05
MAR12734	7.456973094148011e-05
MAR12735	7.456973094148011e-05
MAR12736	2.8841287887561833e-05
MAR12737	0.0006900623989603503
MAR12738	2.9751530589004282e-05
MAR12739	2.9751530589004282e-05
MAR12740	2.9418016522141188e-05
MAR12741	6.854031611335766e-05
MAR12742	7.456973094148011e-05
MAR12743	7.456973094148011e-05
MAR12744	0.0009146167720681626
MAR12745	7.456973094148011e-05
MAR12746	2.9418016522141188e-05
MAR12747	2.9751530589004282e-05
MAR12748	2.9751530589004282e-05
MAR12749	2.9418016522141188e-05
MAR12750	7.456973094148011e-05
MAR12751	7.456973094148011e-05
MAR12752	7.456973094148011e-05
MAR12753	7.456973094148011e-05
MAR12754	3.0207850491992453e-05
MAR12755	7.456973094148011e-05
MAR12756	2.9457860559373696e-05
MAR12757	7.456973094148011e-05
MAR12758	2.8841287887561833e-05
MAR12759	7.456973094148011e-05
MAR12760	3.0207850491992453e-05
MAR12761	2.9457860559373696e-05
MAR12762	7.456973094148011e-05
MAR12763	2.9457860559373696e-05
MAR12764	7.456973094148011e-05
MAR12765	7.456973094148011e-05
MAR12766	7.456973094148011e-05
MAR12767	2.9457860559373696e-05
MAR12768	7.456973094148011e-05
MAR12769	7.456973094148011e-05
MAR12770	0.00012860882859094003
MAR12771	7.456973094148011e-05
MAR12772	7.456973094148011e-05
MAR12773	7.456973094148011e-05
MAR12774	7.456973094148011e-05
MAR12775	2.8841287887561833e-05
MAR12776	3.0207850491992453e-05
MAR12777	4.067851433658209e-05
MAR12778	4.067851433658209e-05
MAR12779	4.067851433658209e-05
MAR12780	4.067851433658209e-05
MAR12781	4.067851433658209e-05
MAR12782	3.0207850491992453e-05
MAR12783	7.456973094148011e-05
MAR12784	7.456973094148011e-05
MAR12785	7.456973094148011e-05
MAR12786	3.0207850491992453e-05
MAR12787	0.0009518544396327312
MAR12788	0.0009518544396327312
MAR12789	7.456973094148011e-05
MAR12790	3.0443152899942364e-05
MAR12791	7.456973094148011e-05
MAR12792	2.9418016522141188e-05
MAR12793	0.0007686953975585832
MAR12794	4.067851433658209e-05
MAR12795	7.456973094148011e-05
MAR12796	7.456973094148011e-05
MAR12797	7.456973094148011e-05
MAR12798	7.456973094148011e-05
MAR12799	7.456973094148011e-05
MAR12800	7.456973094148011e-05
MAR12801	7.456973094148011e-05
MAR12802	7.456973094148011e-05
MAR12803	7.456973094148011e-05
MAR12804	7.456973094148011e-05
MAR12805	7.456973094148011e-05
MAR12806	2.8841287887561833e-05
MAR12807	7.456973094148011e-05
MAR12808	0.0010805105705422244
MAR12809	7.456973094148011e-05
MAR12810	7.456973094148011e-05
MAR12811	0.0007686953975585832
MAR12812	0.00016602190576359935
MAR12813	7.456973094148011e-05
MAR12814	7.456973094148011e-05
MAR12815	2.9751530589004282e-05
MAR12816	0.0007686953975585832
MAR12817	2.9457860559373696e-05
MAR12818	2.8841287887561833e-05
MAR12819	7.456973094148011e-05
MAR12820	3.0244349662584257e-05
MAR12821	0.0007686953975585832
MAR12822	7.456973094148011e-05
MAR12823	0.0007686953975585832
MAR12824	7.456973094148011e-05
MAR12825	7.456973094148011e-05
MAR12826	3.0244349662584257e-05
MAR12827	7.456973094148011e-05
MAR12828	0.0007686953975585832
MAR12829	7.456973094148011e-05
MAR12830	7.456973094148011e-05
MAR12831	0.0007686953975585832
MAR12832	2.8841287887561833e-05
MAR12833	7.456973094148011e-05
MAR12834	7.456973094148011e-05
MAR12835	3.0244349662584257e-05
MAR12836	7.456973094148011e-05
MAR12837	7.456973094148011e-05
MAR12838	3.0207850491992453e-05
MAR12839	0.0009157522071853656
MAR12840	7.456973094148011e-05
MAR12841	3.0207850491992453e-05
MAR12842	7.456973094148011e-05
MAR12843	0.00012860882859094003
MAR12844	2.8841287887561833e-05
MAR12845	7.456973094148011e-05
MAR12846	7.456973094148011e-05
MAR12847	3.276296616824683e-05
MAR12848	7.456973094148011e-05
MAR12849	7.456973094148011e-05
MAR12850	0.0009518544396327312
MAR12851	7.456973094148011e-05
MAR12852	3.0207850491992453e-05
MAR12853	7.456973094148011e-05
MAR12854	7.456973094148011e-05
MAR12855	7.456973094148011e-05
MAR12856	7.456973094148011e-05
MAR12857	7.456973094148011e-05
MAR12858	7.456973094148011e-05
MAR12859	7.456973094148011e-05
MAR12860	2.9418016522141188e-05
MAR12861	7.456973094148011e-05
MAR12862	7.456973094148011e-05
MAR12863	7.456973094148011e-05
MAR12864	2.9418016522141188e-05
MAR12865	7.456973094148011e-05
MAR12866	7.456973094148011e-05
MAR12867	2.8841287887561833e-05
MAR12868	7.456973094148011e-05
MAR12869	2.9457860559373696e-05
MAR12870	0.0007686953975585832
MAR12871	7.456973094148011e-05
MAR12872	7.456973094148011e-05
MAR12873	7.456973094148011e-05
MAR12874	7.456973094148011e-05
MAR12875	7.456973094148011e-05
MAR12876	7.456973094148011e-05
MAR12877	7.456973094148011e-05
MAR12878	7.456973094148011e-05
MAR12879	7.456973094148011e-05
MAR12880	7.456973094148011e-05
MAR12881	7.456973094148011e-05
MAR12882	7.456973094148011e-05
MAR12883	7.456973094148011e-05
MAR12884	7.456973094148011e-05
MAR12885	7.456973094148011e-05
MAR12886	7.456973094148011e-05
MAR12887	7.456973094148011e-05
MAR12888	7.456973094148011e-05
MAR12889	7.456973094148011e-05
MAR12890	7.456973094148011e-05
MAR12891	7.456973094148011e-05
MAR12892	7.456973094148011e-05
MAR12893	7.456973094148011e-05
MAR12894	7.456973094148011e-05
MAR12895	7.456973094148011e-05
MAR12896	7.456973094148011e-05
MAR12897	7.456973094148011e-05
MAR12898	7.456973094148011e-05
MAR12899	7.456973094148011e-05
MAR12900	7.456973094148011e-05
MAR12901	7.456973094148011e-05
MAR12902	7.456973094148011e-05
MAR12903	7.456973094148011e-05
MAR12904	7.456973094148011e-05
MAR12905	7.456973094148011e-05
MAR12906	7.456973094148011e-05
MAR12907	7.456973094148011e-05
MAR12908	7.456973094148011e-05
MAR12909	7.456973094148011e-05
MAR12910	7.456973094148011e-05
MAR12911	7.456973094148011e-05
MAR12912	7.456973094148011e-05
MAR12913	7.456973094148011e-05
MAR12914	7.456973094148011e-05
MAR12915	7.456973094148011e-05
MAR12916	7.456973094148011e-05
MAR12917	7.456973094148011e-05
MAR12918	7.456973094148011e-05
MAR12919	7.456973094148011e-05
MAR12920	7.456973094148011e-05
MAR12921	7.456973094148011e-05
MAR12922	7.456973094148011e-05
MAR12923	7.456973094148011e-05
MAR12924	7.456973094148011e-05
MAR12925	7.456973094148011e-05
MAR12926	7.456973094148011e-05
MAR12927	7.456973094148011e-05
MAR12928	7.456973094148011e-05
MAR12929	7.456973094148011e-05
MAR12930	7.456973094148011e-05
MAR12931	7.456973094148011e-05
MAR12932	7.456973094148011e-05
MAR12933	7.456973094148011e-05
MAR12934	7.456973094148011e-05
MAR12935	7.456973094148011e-05
MAR12936	7.456973094148011e-05
MAR12937	7.456973094148011e-05
MAR12938	7.456973094148011e-05
MAR12939	7.456973094148011e-05
MAR12940	7.456973094148011e-05
MAR12941	7.456973094148011e-05
MAR12942	7.456973094148011e-05
MAR12943	7.456973094148011e-05
MAR12944	7.456973094148011e-05
MAR12945	7.456973094148011e-05
MAR12946	7.456973094148011e-05
MAR12947	7.456973094148011e-05
MAR12948	7.456973094148011e-05
MAR12949	7.456973094148011e-05
MAR12950	7.456973094148011e-05
MAR12951	7.456973094148011e-05
MAR12952	7.456973094148011e-05
MAR12953	7.456973094148011e-05
MAR12954	7.456973094148011e-05
MAR12955	7.456973094148011e-05
MAR12956	7.456973094148011e-05
MAR12957	7.456973094148011e-05
MAR12958	7.456973094148011e-05
MAR12959	7.456973094148011e-05
MAR12960	7.456973094148011e-05
MAR12961	7.456973094148011e-05
MAR12962	7.456973094148011e-05
MAR12963	7.456973094148011e-05
MAR12964	7.456973094148011e-05
MAR12965	7.456973094148011e-05
MAR12966	7.456973094148011e-05
MAR12967	7.456973094148011e-05
MAR12968	7.456973094148011e-05
MAR12969	7.456973094148011e-05
MAR12970	7.456973094148011e-05
MAR12971	7.456973094148011e-05
MAR12972	7.456973094148011e-05
MAR12973	7.456973094148011e-05
MAR12974	7.456973094148011e-05
MAR12975	7.456973094148011e-05
MAR12976	7.456973094148011e-05
MAR12977	7.456973094148011e-05
MAR12978	7.456973094148011e-05
MAR12979	7.456973094148011e-05
MAR12980	7.456973094148011e-05
MAR12981	7.456973094148011e-05
MAR12982	7.456973094148011e-05
MAR12983	7.456973094148011e-05
MAR12984	7.456973094148011e-05
MAR12985	7.456973094148011e-05
MAR12986	7.456973094148011e-05
MAR12987	7.456973094148011e-05
MAR12988	7.456973094148011e-05
MAR12989	7.456973094148011e-05
MAR12990	7.456973094148011e-05
MAR12991	7.456973094148011e-05
MAR12992	7.456973094148011e-05
MAR12993	7.456973094148011e-05
MAR12994	7.456973094148011e-05
MAR12995	7.456973094148011e-05
MAR12996	7.456973094148011e-05
MAR12997	7.456973094148011e-05
MAR12998	7.456973094148011e-05
MAR12999	7.456973094148011e-05
MAR13000	7.456973094148011e-05
MAR13001	7.456973094148011e-05
MAR13002	7.456973094148011e-05
MAR13003	7.456973094148011e-05
MAR13004	7.456973094148011e-05
MAR13005	7.456973094148011e-05
MAR13006	7.456973094148011e-05
MAR13007	7.456973094148011e-05
MAR13008	7.456973094148011e-05
MAR13009	7.456973094148011e-05
MAR13010	7.456973094148011e-05
MAR13011	7.456973094148011e-05
MAR13012	7.456973094148011e-05
MAR13013	7.456973094148011e-05
MAR13014	7.456973094148011e-05
MAR13015	7.456973094148011e-05
MAR13016	7.456973094148011e-05
MAR13017	7.456973094148011e-05
MAR13018	7.456973094148011e-05
MAR13019	7.456973094148011e-05
MAR13020	7.456973094148011e-05
MAR13021	7.456973094148011e-05
MAR13022	7.456973094148011e-05
MAR13023	7.456973094148011e-05
MAR13024	7.456973094148011e-05
MAR13025	7.456973094148011e-05
MAR13026	7.456973094148011e-05
MAR13027	7.456973094148011e-05
MAR13028	7.456973094148011e-05
MAR13029	7.456973094148011e-05
MAR13030	7.456973094148011e-05
MAR13031	7.456973094148011e-05
MAR13032	7.456973094148011e-05
MAR13033	7.456973094148011e-05
MAR13034	7.456973094148011e-05
MAR13035	7.456973094148011e-05
MAR13036	7.456973094148011e-05
MAR13037	7.456973094148011e-05
MAR13038	7.456973094148011e-05
MAR13039	7.456973094148011e-05
MAR13040	7.456973094148011e-05
MAR13041	7.456973094148011e-05
MAR13042	7.456973094148011e-05
MAR13043	7.456973094148011e-05
MAR13044	7.456973094148011e-05
MAR13045	7.456973094148011e-05
MAR13046	7.456973094148011e-05
MAR13047	7.456973094148011e-05
MAR13048	7.456973094148011e-05
MAR13049	7.456973094148011e-05
MAR13050	7.456973094148011e-05
MAR13051	7.456973094148011e-05
MAR13052	7.456973094148011e-05
MAR13053	7.456973094148011e-05
MAR13054	7.456973094148011e-05
MAR13055	7.456973094148011e-05
MAR13056	7.456973094148011e-05
MAR13057	7.456973094148011e-05
MAR13058	7.456973094148011e-05
MAR13059	7.456973094148011e-05
MAR13060	7.456973094148011e-05
MAR13061	7.456973094148011e-05
MAR13062	7.456973094148011e-05
MAR13063	7.456973094148011e-05
MAR13065	7.456973094148011e-05
MAR13067	7.456973094148011e-05
MAR13068	7.456973094148011e-05
MAR13069	7.456973094148011e-05
MAR13070	7.456973094148011e-05
MAR13071	7.456973094148011e-05
MAR13072	7.456973094148011e-05
MAR13073	7.456973094148011e-05
MAR13074	7.456973094148011e-05
MAR13075	7.456973094148011e-05
MAR13076	7.456973094148011e-05
MAR13077	7.456973094148011e-05
MAR13078	7.456973094148011e-05
MAR13079	0.006586773255987492
MAR13080	0.00026853370120061715
MAR13081	1.0
MAR10023	7.456973094148011e-05
MAR10024	7.456973094148011e-05
MAR10026	7.456973094148011e-05
MAR10027	7.456973094148011e-05
MAR10028	7.456973094148011e-05
MAR10029	7.456973094148011e-05
MAR10030	7.456973094148011e-05
MAR10031	7.456973094148011e-05
MAR10033	7.456973094148011e-05
MAR10034	7.456973094148011e-05
MAR10035	7.456973094148011e-05
MAR10036	7.456973094148011e-05
MAR10037	7.456973094148011e-05
MAR10038	7.456973094148011e-05
MAR10039	7.456973094148011e-05
MAR10040	7.456973094148011e-05
MAR10041	7.456973094148011e-05
MAR10042	7.456973094148011e-05
MAR10043	7.456973094148011e-05
MAR10044	7.456973094148011e-05
MAR10045	7.456973094148011e-05
MAR10046	7.456973094148011e-05
MAR10047	7.456973094148011e-05
MAR10048	7.456973094148011e-05
MAR10049	7.456973094148011e-05
MAR10050	7.456973094148011e-05
MAR10051	7.456973094148011e-05
MAR10052	7.456973094148011e-05
MAR10053	7.456973094148011e-05
MAR10054	7.456973094148011e-05
MAR10055	7.456973094148011e-05
MAR10056	7.456973094148011e-05
MAR10057	7.456973094148011e-05
MAR10058	7.456973094148011e-05
MAR10059	7.456973094148011e-05
MAR10060	7.456973094148011e-05
MAR10061	0.0023944126537321867
MAR10062	7.456973094148011e-05
MAR10063	7.456973094148011e-05
MAR10064	7.456973094148011e-05
MAR10065	7.456973094148011e-05
MAR13082	1.0
MAR10066	0.0004826849453417545
MAR10067	0.00023326986964567525
MAR10068	7.456973094148011e-05
MAR10069	7.456973094148011e-05
MAR10070	7.456973094148011e-05
MAR10071	0.0005483717637229093
MAR10072	0.0005483717637229093
MAR10073	0.0009518544396327312
MAR10074	7.456973094148011e-05
MAR10075	0.0009518544396327312
MAR10076	7.456973094148011e-05
MAR10077	7.456973094148011e-05
MAR10078	7.456973094148011e-05
MAR10079	0.0009518544396327312
MAR10080	7.456973094148011e-05
MAR10081	7.456973094148011e-05
MAR10082	0.0009518544396327312
MAR10083	7.456973094148011e-05
MAR10084	7.456973094148011e-05
MAR10085	7.456973094148011e-05
MAR10086	7.456973094148011e-05
MAR10087	7.456973094148011e-05
MAR10088	7.456973094148011e-05
MAR10089	7.456973094148011e-05
MAR10090	7.456973094148011e-05
MAR10091	7.456973094148011e-05
MAR10092	7.456973094148011e-05
MAR10093	7.456973094148011e-05
MAR10094	7.456973094148011e-05
MAR10095	7.456973094148011e-05
MAR10096	7.456973094148011e-05
MAR10097	7.456973094148011e-05
MAR10098	7.456973094148011e-05
MAR10099	7.456973094148011e-05
MAR10100	0.0009518544396327312
MAR10101	0.0009518544396327312
MAR10102	0.0009518544396327312
MAR10103	0.0009518544396327312
MAR10104	0.0009518544396327312
MAR10105	7.456973094148011e-05
MAR10106	7.456973094148011e-05
MAR10107	7.456973094148011e-05
MAR10108	7.456973094148011e-05
MAR10109	0.0009518544396327312
MAR10110	0.0009518544396327312
MAR10111	7.456973094148011e-05
MAR10112	7.456973094148011e-05
MAR10113	7.456973094148011e-05
MAR10114	7.456973094148011e-05
MAR10115	0.0009518544396327312
MAR10116	2.8841287887561833e-05
MAR10117	0.0009518544396327312
MAR10118	3.092859332491893e-05
MAR10119	3.092859332491893e-05
MAR10120	3.092859332491893e-05
MAR10121	7.456973094148011e-05
MAR10122	7.456973094148011e-05
MAR10123	7.456973094148011e-05
MAR10124	7.456973094148011e-05
MAR10125	0.0009518544396327312
MAR10126	0.0009518544396327312
MAR10127	3.092859332491893e-05
MAR10128	7.456973094148011e-05
MAR10129	7.456973094148011e-05
MAR10130	7.456973094148011e-05
MAR10131	7.456973094148011e-05
MAR10132	7.456973094148011e-05
MAR13083	2.8841287887561833e-05
MAR13084	7.456973094148011e-05
MAR13085	7.456973094148011e-05
MAR13086	0.004288331295508292
MAR13087	2.8841287887561833e-05
MAR20001	3.0496792502531204e-05
MAR20003	3.0496792502531204e-05
MAR20005	3.0496792502531204e-05
MAR20006	0.0030252016928409677
MAR20007	3.0496792502531204e-05
MAR20008	0.0030252016928409677
MAR20009	3.0496792502531204e-05
MAR20010	3.0496792502531204e-05
MAR20011	0.010443919289222548
MAR20013	4.544412711733426e-05
MAR20016	0.0032024582666120606
MAR20017	0.0032024582666120606
MAR20018	0.0006846173755311747
MAR20019	0.0006846173755311747
MAR20021	6.448008502800297e-05
MAR20022	6.448008502800297e-05
MAR20023	6.448008502800297e-05
MAR20024	6.448008502800297e-05
MAR20025	6.448008502800297e-05
MAR20026	6.448008502800297e-05
MAR20027	6.448008502800297e-05
MAR20028	6.448008502800297e-05
MAR20029	6.448008502800297e-05
MAR20030	6.448008502800297e-05
MAR20031	6.448008502800297e-05
MAR20032	6.448008502800297e-05
MAR20033	0.0003574297595414846
MAR20034	0.0003574297595414846
MAR20035	0.0003574297595414846
MAR20036	0.0003574297595414846
MAR20037	0.0008180287150515598
MAR20038	0.0008180287150515598
MAR20039	0.0008180287150515598
MAR20040	0.0008180287150515598
MAR20041	0.0008180287150515598
MAR20042	0.0008180287150515598
MAR20043	0.0008180287150515598
MAR20044	0.0030252016928409677
MAR20046	0.0032024582666120606
MAR20047	0.0032024582666120606
MAR20048	0.0032024582666120606
MAR20049	0.0032024582666120606
MAR20050	0.0032024582666120606
MAR20051	0.0032024582666120606
MAR20053	0.0032024582666120606
MAR20054	0.0032024582666120606
MAR20055	0.0032024582666120606
MAR20056	0.0032024582666120606
MAR20057	0.0032024582666120606
MAR20058	0.0032024582666120606
MAR20059	0.0032024582666120606
MAR20060	0.0032024582666120606
MAR20061	0.0032024582666120606
MAR20062	0.0032024582666120606
MAR20063	0.0032024582666120606
MAR20064	0.0032024582666120606
MAR20065	0.0032024582666120606
MAR20067	2.8841287887561833e-05
MAR20068	2.8841287887561833e-05
MAR20069	0.003268363643776411
MAR20070	0.0006036467621089777
MAR20071	7.06589976319507e-05
MAR20072	7.06589976319507e-05
MAR20073	0.0006608224624574076
MAR20074	0.0006608224624574076
MAR20075	0.0006608224624574076
MAR20076	0.0006608224624574076
MAR20077	0.0006608224624574076
MAR20078	0.0006608224624574076
MAR20079	0.0006608224624574076
MAR20080	0.0006608224624574076
MAR20081	0.0006608224624574076
MAR20082	0.0006608224624574076
MAR20083	0.0006608224624574076
MAR20084	0.0006608224624574076
MAR20085	0.0006608224624574076
MAR20086	0.0006608224624574076
MAR20087	0.0006608224624574076
MAR20088	0.0006608224624574076
MAR20090	0.0012622696043390513
MAR20091	0.0012622696043390513
MAR20092	0.0012622696043390513
MAR20093	0.0004393513327743789
MAR20094	0.0004393513327743789
MAR20095	0.0004393513327743789
MAR20096	0.0004393513327743789
MAR20097	0.0004393513327743789
MAR20098	0.0006230963224421745
MAR20099	0.0025489979710940818
MAR20100	0.0025489979710940818
MAR20101	0.0025489979710940818
MAR20102	0.0007440959293986549
MAR20103	0.0007440959293986549
MAR20104	0.0007440959293986549
MAR20105	0.0007440959293986549
MAR20106	0.0007440959293986549
MAR20107	0.0007440959293986549
MAR20108	0.0007440959293986549
MAR20109	0.0007440959293986549
MAR20110	0.0019835718854380674
MAR20111	6.583680306537377e-05
MAR20112	0.00012515305733788398
MAR20113	7.456973094148011e-05
MAR20114	0.0004555669424989481
MAR20115	0.0007243698869206045
MAR20116	0.0007243698869206045
MAR20117	0.0005056644617734781
MAR20118	0.0007243698869206045
MAR20119	0.0007243698869206045
MAR20120	0.0007243698869206045
MAR20121	0.0007243698869206045
MAR20122	0.0007243698869206045
MAR20123	0.0007243698869206045
MAR20124	0.0007243698869206045
MAR20125	0.0007243698869206045
MAR20126	0.0007243698869206045
MAR20127	0.0007243698869206045
MAR20128	0.0007243698869206045
MAR20129	0.0007243698869206045
MAR20130	0.0007243698869206045
MAR20131	0.0007243698869206045
MAR20132	0.001128636278126465
MAR20133	0.001128636278126465
MAR20134	0.001128636278126465
MAR20135	0.001128636278126465
MAR20136	0.001128636278126465
MAR20137	0.001128636278126465
MAR20138	0.001128636278126465
MAR20139	0.001128636278126465
MAR20140	0.001128636278126465
MAR20141	0.001128636278126465
MAR20142	0.001128636278126465
MAR20143	0.001128636278126465
MAR20144	0.001128636278126465
MAR20145	0.001128636278126465
MAR20146	0.001128636278126465
MAR20147	0.001128636278126465
MAR20148	0.001128636278126465
MAR20149	0.001128636278126465
MAR20150	0.001128636278126465
MAR20151	0.001128636278126465
MAR20152	0.0002408210105459929
MAR20153	0.0002408210105459929
MAR20154	0.0002408210105459929
MAR20155	0.0002408210105459929
MAR20156	0.0002408210105459929
MAR20157	0.0002408210105459929
MAR20158	0.0002408210105459929
MAR20159	0.0002408210105459929
MAR20160	0.0002408210105459929
MAR20161	0.0002408210105459929
MAR20162	0.0002408210105459929
MAR20163	0.0002408210105459929
MAR20164	0.001128636278126465
MAR20165	0.001128636278126465
MAR20166	0.001128636278126465
MAR20167	0.0003142976054236459
MAR20168	0.0001390327816410153
MAR20169	2.8841287887561833e-05
MAR20170	0.003795437725128862
MAR20171	0.003795437725128862
MAR20172	0.003795437725128862
MAR20173	0.005976041523592712
MAR20174	0.00047360943233200174
MAR20175	0.00047360943233200174
MAR20176	0.00047360943233200174
MAR20177	0.0004905898350021977
MAR20178	0.0004905898350021977
MAR20179	7.456973094148011e-05
MAR20180	7.456973094148011e-05
MAR20181	0.00039489985392727
MAR20182	0.00039489985392727
MAR20183	0.00039489985392727
