reaction	linear_coefficient
MAR03905	0.009242668090335308
MAR03907	0.003413442796784935
MAR04097	0.0011637089184967572
MAR04099	0.0001546221798819167
MAR04108	0.0011637089184967572
MAR04133	0.0011637089184967572
MAR04281	0.03789239928803354
MAR04388	0.03789239928803354
MAR04283	0.0011456683312159623
MAR08357	0.0038857095939221057
MAR04379	0.005238448399435459
MAR04301	0.005238448399435459
MAR04355	0.0008252691775143008
MAR04358	0.0511885515679778
MAR04360	0.0009488105283726931
MAR04363	0.04199136439870916
MAR04365	0.029023489082661866
MAR04368	0.012806200993671392
MAR04370	0.00046932993322330174
MAR04371	0.029023489082661866
MAR04372	0.00046932993322330174
MAR04373	0.14137199884340326
MAR04375	0.0008252691775143008
MAR04377	4.2131772740275936e-05
MAR04381	0.0035422411932685993
MAR04391	0.025588229493169735
MAR04394	0.009502910111042026
MAR04396	0.0030386900146304216
MAR04521	0.0019879817963332634
MAR06412	0.0020800347175927675
MAR07745	0.0013506080852476025
MAR07747	0.0015472499439230399
MAR08360	0.001993075452575728
MAR08652	0.0019879817963332634
MAR08757	4.5942101016318514e-05
MAR03989	0.0014843612262063041
MAR04122	0.004437861104489287
MAR04837	0.0003963042598582823
MAR05395	0.008149766739350441
MAR05396	0.008149766739350441
MAR09727	0.00428228066490067
MAR05397	0.0032840343075371137
MAR05398	0.005658564554630346
MAR05399	0.0007473306337640786
MAR05400	0.0007473306337640786
MAR05401	0.005658564554630346
MAR08568	4.188352170862891e-05
MAR08569	4.188352170862891e-05
MAR08570	4.188352170862891e-05
MAR08571	4.188352170862891e-05
MAR08572	4.188352170862891e-05
MAR08573	4.188352170862891e-05
MAR08574	4.188352170862891e-05
MAR08575	4.188352170862891e-05
MAR08576	4.188352170862891e-05
MAR08577	4.188352170862891e-05
MAR08578	4.188352170862891e-05
MAR08579	4.188352170862891e-05
MAR08581	4.188352170862891e-05
MAR08591	0.0003454612687051193
MAR08592	0.0014843612262063041
MAR08580	4.188352170862891e-05
MAR08582	4.188352170862891e-05
MAR08587	0.0003454612687051193
MAR08589	0.0014843612262063041
MAR08583	5.688068968035318e-05
MAR08584	3.728206335263105e-05
MAR08585	0.000785629067348504
MAR03944	0.004297937242164506
MAR04128	0.0011222384489449455
MAR04130	0.0019045035719707278
MAR04131	0.0005088560404137629
MAR04132	0.0005088560404137629
MAR04303	0.0014843612262063041
MAR04414	0.0019045035719707278
MAR04415	0.003165893444634384
MAR04416	0.004901190005071915
MAR04831	9.858754595081572e-05
MAR04832	0.003165893444634384
MAR07674	0.0044600696559815925
MAR08761	9.67976211706059e-05
MAR08762	0.0008252691775143008
MAR08764	3.908086794887023e-05
MAR08766	0.01551004687875111
MAR08767	0.0005088560404137629
MAR00454	9.858754595081572e-05
MAR04297	0.001880980932448724
MAR04310	9.67976211706059e-05
MAR04315	0.0004993990167468304
MAR04316	0.01551004687875111
MAR04317	0.0024481887566796174
MAR04318	0.0024481887566796174
MAR04319	0.009502910111042026
MAR04320	0.0024481887566796174
MAR04356	0.0008252691775143008
MAR04383	0.0006485837464231871
MAR04385	0.0014005478278888617
MAR04386	0.0010775762355405138
MAR04387	0.0007774082151660027
MAR04399	0.00011261491231801501
MAR04400	0.0028525000019871483
MAR04401	0.00046605490929074896
MAR04402	0.0002603073705930772
MAR04403	9.858754595081572e-05
MAR04490	0.009502910111042026
MAR04706	0.001880980932448724
MAR08768	0.0028525000019871483
MAR04590	0.0020503931913438025
MAR04591	0.0006436714804199218
MAR04592	0.01551004687875111
MAR04593	0.0004993990167468304
MAR04594	5.8201299129251385e-05
MAR04595	0.00032463363332331237
MAR08341	0.01551004687875111
MAR08342	9.858754595081572e-05
MAR08344	0.003413442796784935
MAR08352	0.0004933797182754248
MAR08353	9.858754595081572e-05
MAR08726	0.00010918632184961946
MAR08727	0.0023634900970441633
MAR08728	9.858754595081572e-05
MAR08729	0.0013099483734978583
MAR06537	0.003413442796784935
MAR01568	0.0011456683312159623
MAR03853	0.009288915722336383
MAR03854	0.01551004687875111
MAR03855	0.01551004687875111
MAR03857	0.0009615066797397627
MAR03859	7.471066302870324e-05
MAR04087	0.0006724005795531527
MAR04089	0.002149770865678355
MAR04091	0.0006724005795531527
MAR04093	3.8533767433270495e-05
MAR04095	3.8533767433270495e-05
MAR04101	3.728206335263105e-05
MAR04103	0.0007760830965048557
MAR04143	0.0001379956814056943
MAR04193	0.0511885515679778
MAR08497	0.01551004687875111
MAR08498	4.5942101016318514e-05
MAR08499	4.5942101016318514e-05
MAR08500	0.01551004687875111
MAR08501	0.0022897122605639135
MAR08502	0.009242668090335308
MAR08503	0.0038857095939221057
MAR08504	0.0038857095939221057
MAR08506	0.0038857095939221057
MAR08507	0.009242668090335308
MAR08508	0.009242668090335308
MAR08509	0.01551004687875111
MAR08511	0.0009615066797397627
MAR08512	7.471066302870324e-05
MAR08514	7.471066302870324e-05
MAR08516	0.0004446584198549688
MAR08517	9.858754595081572e-05
MAR04280	0.0010789743209068485
MAR00153	0.0011637089184967572
MAR03212	0.0014272305559882342
MAR03797	0.0011637089184967572
MAR03800	0.00019260087064277748
MAR04105	9.736622974032591e-05
MAR04106	9.736622974032591e-05
MAR04107	9.736622974032591e-05
MAR04282	0.00017004502278844625
MAR04331	0.0011637089184967572
MAR04459	0.0011637089184967572
MAR04460	0.0011637089184967572
MAR04464	9.858754595081572e-05
MAR04497	0.00771448606154231
MAR04741	0.0003568236273892475
MAR08078	9.858754595081572e-05
MAR09803	9.858754595081572e-05
MAR09804	0.009242668090335308
MAR00718	0.00021343453735673016
MAR00719	0.0004953377183570255
MAR01434	0.0017271059860171907
MAR01436	0.0005015824025174987
MAR03163	0.0014272305559882342
MAR04461	0.0010590297655443145
MAR04604	0.0016498011480404883
MAR05351	0.0010789743209068485
MAR07709	0.00038857733110157154
MAR04052	0.009256422557372397
MAR04304	0.008279140548866908
MAR04350	0.00010918632184961946
MAR04351	0.0011030122114070763
MAR04352	0.0011030122114070763
MAR04354	0.0030386900146304216
MAR04398	0.0015513179856129853
MAR04404	0.006476825048395127
MAR04473	0.006329115291829517
MAR04474	0.006329115291829517
MAR04476	0.0001527896214212241
MAR04477	0.0025675839079809543
MAR04501	0.006476825048395127
MAR04565	0.010514274987746137
MAR04567	0.005238448399435459
MAR09799	0.00014919045676059907
MAR09800	9.67976211706059e-05
MAR04623	0.0011075998696108934
MAR04625	0.002330571370705708
MAR04710	0.0030386900146304216
MAR04841	0.0011456683312159623
MAR08074	0.00010918632184961946
MAR08653	0.002330571370705708
MAR03998	0.00482907184438752
MAR04000	0.0029409461753605107
MAR04002	0.00421053700848982
MAR04004	0.00421053700848982
MAR04010	0.01777415149072298
MAR04081	0.01777415149072298
MAR04082	0.01777415149072298
MAR04012	0.002110710587066041
MAR04014	0.0013573534323143832
MAR04020	0.005870148937305433
MAR04022	0.0029409461753605107
MAR04038	0.005129322662932821
MAR04040	0.00885932138290823
MAR04042	0.0037286709063739103
MAR04046	0.0014153645011761489
MAR04048	0.0013573534323143832
MAR04080	0.002409153198865369
MAR04085	0.004488589352002974
MAR04086	0.004488589352002974
MAR04134	0.00482907184438752
MAR04135	0.005870148937305433
MAR04168	0.003445665612237536
MAR04171	0.0511885515679778
MAR04290	7.353990905776609e-05
MAR04406	0.0005803283335949873
MAR04412	0.00039349754334147845
MAR04417	0.01777415149072298
MAR04418	0.002139735764203713
MAR04419	0.0018140473521813698
MAR04421	0.0511885515679778
MAR04449	0.01777415149072298
MAR04450	0.01777415149072298
MAR04451	9.858754595081572e-05
MAR04452	0.002139735764203713
MAR04453	0.0014153645011761489
MAR04480	0.004463099911056798
MAR04481	0.002315646653838991
MAR04482	0.002315646653838991
MAR04486	0.009502910111042026
MAR04487	0.009502910111042026
MAR04488	0.009502910111042026
MAR04489	0.009502910111042026
MAR04492	0.009502910111042026
MAR04493	0.009502910111042026
MAR04495	0.009502910111042026
MAR04496	0.009502910111042026
MAR04518	3.728206335263105e-05
MAR04519	0.00026174312102021565
MAR04520	0.00026174312102021565
MAR04573	0.0511885515679778
MAR04574	0.0026096742056353397
MAR04600	0.0030374187822847848
MAR04602	0.01777415149072298
MAR04603	0.0026096742056353397
MAR04611	0.050536170740270725
MAR04612	0.050536170740270725
MAR04614	0.050536170740270725
MAR04615	0.050536170740270725
MAR04617	0.050536170740270725
MAR04618	0.050536170740270725
MAR04619	0.050536170740270725
MAR04621	0.050536170740270725
MAR04632	0.01777415149072298
MAR04646	0.00026174312102021565
MAR04648	0.00026174312102021565
MAR04649	0.00026174312102021565
MAR04650	0.00026174312102021565
MAR04651	0.0026096742056353397
MAR04663	0.0026096742056353397
MAR04664	0.002139735764203713
MAR04694	0.002315646653838991
MAR04695	0.0026096742056353397
MAR04705	0.01777415149072298
MAR04709	0.0026096742056353397
MAR04799	0.0021079299458444997
MAR04802	0.0021079299458444997
MAR04804	0.002622451422533293
MAR04808	0.0007541359184580835
MAR04810	0.002622451422533293
MAR04812	0.00039349754334147845
MAR04814	0.005129322662932821
MAR05301	0.002472878077131911
MAR05353	0.005870148937305433
MAR06601	3.848200874589372e-05
MAR06602	0.01344803661900209
MAR06603	0.01344803661900209
MAR06605	9.858754595081572e-05
MAR06606	9.858754595081572e-05
MAR06607	9.858754595081572e-05
MAR06609	9.858754595081572e-05
MAR06610	9.858754595081572e-05
MAR06611	9.858754595081572e-05
MAR07144	0.0018682854158246999
MAR08755	0.00026174312102021565
MAR09797	9.858754595081572e-05
MAR04016	0.005312458535612697
MAR04018	0.005312458535612697
MAR04044	0.005312458535612697
MAR04291	0.005312458535612697
MAR04420	0.005312458535612697
MAR04570	0.005312458535612697
MAR04572	0.005312458535612697
MAR04006	0.005312458535612697
MAR04028	0.005312458535612697
MAR04030	0.005312458535612697
MAR04670	0.005312458535612697
MAR04673	0.005312458535612697
MAR04675	0.005312458535612697
MAR06614	0.005312458535612697
MAR06615	0.005312458535612697
MAR06616	0.005312458535612697
MAR04635	0.005312458535612697
MAR03793	3.728206335263105e-05
MAR03931	0.022363908151524864
MAR03969	0.002472878077131911
MAR03970	0.01777415149072298
MAR04008	0.0062946839618430285
MAR04032	0.0026921657331467346
MAR04034	0.0015015477237722927
MAR04036	0.0009250757208212445
MAR04050	0.0015015477237722927
MAR04056	0.01777415149072298
MAR04059	0.00482907184438752
MAR04060	0.00482907184438752
MAR04127	0.0012179864468800836
MAR04177	0.01777415149072298
MAR04179	0.01777415149072298
MAR04182	0.0024481887566796174
MAR04183	7.353990905776609e-05
MAR04192	7.353990905776609e-05
MAR04194	0.0026921657331467346
MAR04210	0.0511885515679778
MAR04211	0.003445665612237536
MAR04343	0.0008262659509725113
MAR04345	0.00018867739670095848
MAR04346	0.0019901918152111088
MAR04470	0.00018867739670095848
MAR04471	0.00018867739670095848
MAR04472	0.00018867739670095848
MAR04484	0.01777415149072298
MAR04485	0.0002854148112549269
MAR04510	0.01777415149072298
MAR04512	0.0062946839618430285
MAR04513	0.002110710587066041
MAR04514	0.0019305214724953884
MAR04577	0.0009250757208212445
MAR04579	0.002701060456204966
MAR04580	0.0019305214724953884
MAR04608	0.0015015477237722927
MAR04575	0.00018589133318131393
MAR04637	0.0016043575684437522
MAR04642	0.0011856710254923427
MAR04643	0.003445665612237536
MAR04644	0.0017839648288724308
MAR04672	9.858754595081572e-05
MAR04676	0.002472878077131911
MAR04736	3.728206335263105e-05
MAR04819	3.77324040927204e-05
MAR05299	0.002472878077131911
MAR05352	0.002472878077131911
MAR05415	0.050536170740270725
MAR05416	0.050536170740270725
MAR05417	0.022363908151524864
MAR06612	0.0016043575684437522
MAR06613	0.0016043575684437522
MAR06621	0.050536170740270725
MAR06622	0.050536170740270725
MAR06623	0.0038292119963505024
MAR06624	0.0005669473587781673
MAR06627	0.0511885515679778
MAR07744	0.0009339285426115533
MAR08072	9.858754595081572e-05
MAR08637	9.858754595081572e-05
MAR03965	0.0011697283607916722
MAR03966	0.003445665612237536
MAR03967	0.0062946839618430285
MAR03968	0.0016043575684437522
MAR03999	7.353990905776609e-05
MAR04024	0.0062946839618430285
MAR04026	5.2851066643306704e-05
MAR04054	0.0038292119963505024
MAR04061	7.353990905776609e-05
MAR04083	0.002110710587066041
MAR04136	0.18797777847236286
MAR04180	0.002472878077131911
MAR04185	0.01943119034105603
MAR04186	0.01943119034105603
MAR04342	0.00482907184438752
MAR04344	9.858754595081572e-05
MAR04483	0.0005669473587781673
MAR04507	0.006858333112064942
MAR04516	0.0021648807622913395
MAR04601	0.0030374187822847848
MAR04633	0.002315646653838991
MAR04640	0.0016043575684437522
MAR04641	0.0038292119963505024
MAR04680	0.002701060456204966
MAR04806	0.0021079299458444997
MAR05394	9.858754595081572e-05
MAR06625	0.0005669473587781673
MAR06626	0.0011856710254923427
MAR07160	0.003455559092362725
MAR07161	0.02303689495584868
MAR07162	0.02303689495584868
MAR07163	0.0011722822906210337
MAR07164	0.0011722822906210337
MAR07713	0.01777415149072298
MAR07716	0.01777415149072298
MAR07717	0.01777415149072298
MAR07721	0.01777415149072298
MAR07725	0.01777415149072298
MAR07728	0.01777415149072298
MAR07800	0.000881481775164387
MAR07801	0.003082032424967203
MAR07802	0.000881481775164387
MAR07863	0.0062946839618430285
MAR07864	0.0062946839618430285
MAR07865	0.0062946839618430285
MAR07866	0.0062946839618430285
MAR07867	0.0062946839618430285
MAR07868	0.0062946839618430285
MAR07869	0.0062946839618430285
MAR07870	0.0062946839618430285
MAR07871	0.0062946839618430285
MAR07872	0.0062946839618430285
MAR07873	0.0062946839618430285
MAR07874	0.0062946839618430285
MAR07875	5.2851066643306704e-05
MAR07876	0.0062946839618430285
MAR07878	0.005312458535612697
MAR07879	0.003445665612237536
MAR07880	0.0011856710254923427
MAR07881	0.0023671019264984187
MAR07882	0.0023671019264984187
MAR07883	0.005312458535612697
MAR07884	0.0023671019264984187
MAR07885	0.0023671019264984187
MAR07886	0.005312458535612697
MAR07887	0.0023671019264984187
MAR07888	0.0023671019264984187
MAR07889	0.0023671019264984187
MAR07890	0.005312458535612697
MAR07891	0.0023671019264984187
MAR07892	0.0023671019264984187
MAR07893	0.0023671019264984187
MAR07894	0.005312458535612697
MAR07895	0.005312458535612697
MAR08083	0.0013573534323143832
MAR08085	0.0013573534323143832
MAR08087	0.0013573534323143832
MAR08443	0.0018682854158246999
MAR08444	0.0018682854158246999
MAR08445	0.002472878077131911
MAR08446	3.728206335263105e-05
MAR08448	0.0062946839618430285
MAR08449	0.0062946839618430285
MAR08450	0.0062946839618430285
MAR08451	0.0062946839618430285
MAR08452	0.0062946839618430285
MAR08453	0.0062946839618430285
MAR08454	0.0062946839618430285
MAR08455	0.0062946839618430285
MAR08456	0.0062946839618430285
MAR08457	0.0062946839618430285
MAR08458	0.0062946839618430285
MAR08459	0.0062946839618430285
MAR08460	0.0062946839618430285
MAR08461	0.000881481775164387
MAR08462	0.0062946839618430285
MAR08463	0.0062946839618430285
MAR08464	0.0062946839618430285
MAR08465	0.0062946839618430285
MAR08466	0.0062946839618430285
MAR08467	0.0062946839618430285
MAR08468	0.0062946839618430285
MAR08469	0.0062946839618430285
MAR08470	0.0062946839618430285
MAR08471	0.0062946839618430285
MAR08472	0.0062946839618430285
MAR08473	0.002315646653838991
MAR08474	0.00482907184438752
MAR08477	0.002110710587066041
MAR08478	0.002110710587066041
MAR08479	0.002110710587066041
MAR08480	3.728206335263105e-05
MAR08481	9.858754595081572e-05
MAR08482	0.0006424886457149366
MAR08483	0.0011697283607916722
MAR08484	9.858754595081572e-05
MAR08485	0.00482907184438752
MAR08486	0.0026096742056353397
MAR08487	0.01777415149072298
MAR08488	0.003445665612237536
MAR08489	0.003445665612237536
MAR08493	0.002318360171056862
MAR08494	0.002318360171056862
MAR08495	0.002318360171056862
MAR03802	0.005777862219840109
MAR03804	0.005777862219840109
MAR03811	0.0034653863563793266
MAR03813	0.0011261588071024876
MAR03822	0.0007531316495767234
MAR03827	0.006694979509823568
MAR03829	0.0022618491700352405
MAR03862	8.54067354827333e-05
MAR03865	0.006694979509823568
MAR03870	0.004369744453189996
MAR03873	6.49751102739305e-05
MAR08654	6.49751102739305e-05
MAR03890	0.0027751292329045224
MAR03892	0.008046239280791307
MAR09802	4.182460847499991e-05
MAR03899	6.014847968704583e-05
MAR03903	3.9857821447868875e-05
MAR04109	0.00033677502401813426
MAR04114	0.0007138883357897326
MAR04115	0.0007138883357897326
MAR04118	0.004369744453189996
MAR04172	8.54067354827333e-05
MAR04196	0.00032780368269481143
MAR04197	0.001173933702514908
MAR04287	0.03789239928803354
MAR04690	4.888479857212604e-05
MAR04693	4.7927288833991355e-05
MAR06780	0.006694979509823568
MAR06968	0.00013403808466298385
MAR06969	6.342949753902352e-05
MAR06970	6.014847968704583e-05
MAR06971	0.0011558045741127388
MAR06972	0.0011558045741127388
MAR07641	4.428858877033903e-05
MAR07642	9.858754595081572e-05
MAR08626	5.247114580109575e-05
MAR08628	6.342949753902352e-05
MAR03806	0.0007531316495767234
MAR03807	0.00762721535570198
MAR03809	3.728206335263105e-05
MAR03816	4.313082132284377e-05
MAR03819	0.0007531316495767234
MAR03820	0.0007531316495767234
MAR03832	9.858754595081572e-05
MAR03833	0.00137138910046171
MAR03835	0.00137138910046171
MAR03837	0.00137138910046171
MAR03895	0.003565791766479524
MAR03897	0.003565791766479524
MAR03956	0.0001263901045333508
MAR03993	6.892926857213197e-05
MAR04073	0.004666711029827412
MAR04075	0.012045013670151686
MAR04077	0.012045013670151686
MAR04190	6.892926857213197e-05
MAR04191	0.00011702534146843333
MAR04212	0.00787380498439783
MAR04422	0.00787380498439783
MAR04423	0.00013832394644551073
MAR04424	0.0002901250131118445
MAR04583	0.0029605356449248135
MAR04605	0.0038857095939221057
MAR04606	5.260596092456286e-05
MAR04607	0.0011328647811981714
MAR04776	0.005212195627334101
MAR04777	0.005212195627334101
MAR04778	0.00137138910046171
MAR04779	0.00137138910046171
MAR04780	0.00137138910046171
MAR04781	0.00137138910046171
MAR04784	0.0007531316495767234
MAR04785	0.0007531316495767234
MAR04786	0.006694979509823568
MAR04787	5.7841229114331034e-05
MAR05384	0.0003457174275812964
MAR06929	0.014018363815507107
MAR06930	0.014018363815507107
MAR06931	0.00013832394644551073
MAR06932	0.00013832394644551073
MAR06933	0.00013832394644551073
MAR06934	0.00013832394644551073
MAR06935	0.00013832394644551073
MAR06936	0.00013832394644551073
MAR06938	0.014018363815507107
MAR06939	0.014018363815507107
MAR06940	9.858754595081572e-05
MAR06941	0.00013832394644551073
MAR06942	0.00013832394644551073
MAR06943	0.00013832394644551073
MAR06944	0.00013832394644551073
MAR06945	0.00013832394644551073
MAR06946	0.00013832394644551073
MAR06947	0.00013832394644551073
MAR06948	0.00013832394644551073
MAR06949	0.00013832394644551073
MAR06950	0.00013832394644551073
MAR06951	0.00013832394644551073
MAR06952	0.00013832394644551073
MAR06953	0.0016744564581749018
MAR06954	0.0016744564581749018
MAR06955	9.858754595081572e-05
MAR06956	9.858754595081572e-05
MAR06957	9.858754595081572e-05
MAR06958	0.0011584037947339728
MAR06959	0.0011584037947339728
MAR06960	9.858754595081572e-05
MAR06961	0.0011584037947339728
MAR06962	0.0011584037947339728
MAR06963	0.0011584037947339728
MAR06964	0.0011584037947339728
MAR06965	0.00012448236922567922
MAR06966	0.00012448236922567922
MAR06967	0.00012448236922567922
MAR06973	0.0016744564581749018
MAR08096	0.0007531316495767234
MAR08097	0.0007531316495767234
MAR08098	0.006694979509823568
MAR08416	0.00013403808466298385
MAR08425	5.035376248495588e-05
MAR08426	0.00012034063123352093
MAR08427	0.0011034717600347747
MAR08431	9.858754595081572e-05
MAR08432	6.827874465430648e-05
MAR08603	0.014018363815507107
MAR08604	0.00025008458702919107
MAR08605	0.0038857095939221057
MAR08606	0.00013832394644551073
MAR08607	9.858754595081572e-05
MAR08608	3.728206335263105e-05
MAR08609	0.00137138910046171
MAR08610	3.728206335263105e-05
MAR08611	3.758826663985302e-05
MAR04285	8.948987487049198e-05
MAR00457	0.00031394306920684914
MAR00460	0.00031394306920684914
MAR03750	4.040366354449016e-05
MAR03752	0.0009565953971425964
MAR03770	0.0018868932632502403
MAR03771	4.040366354449016e-05
MAR03772	4.040366354449016e-05
MAR03782	4.040366354449016e-05
MAR03784	0.0009565953971425964
MAR03794	0.00013403808466298385
MAR03839	0.0015395151347937055
MAR03841	0.0020894895903710393
MAR03843	0.0025897187431914797
MAR03845	0.0006093925600641329
MAR03847	0.0013248261081161713
MAR03849	6.827874465430648e-05
MAR03852	6.799785885887202e-05
MAR03856	0.0022897122605639135
MAR03860	9.858754595081572e-05
MAR03883	0.00037184772610495114
MAR03901	0.00013509984254816626
MAR03939	0.009141181223915815
MAR03974	0.00037184772610495114
MAR04198	3.728206335263105e-05
MAR04199	5.035376248495588e-05
MAR04200	0.00037184772610495114
MAR04284	9.858754595081572e-05
MAR04348	0.0003328895915169256
MAR04466	3.728206335263105e-05
MAR04467	3.728206335263105e-05
MAR04582	3.901052601048339e-05
MAR04584	0.0011034717600347747
MAR04696	4.40842149271457e-05
MAR04697	0.0005600014729169247
MAR04698	0.0005600014729169247
MAR04699	0.001948092340177132
MAR04700	0.0004595554570377163
MAR04742	0.009141181223915815
MAR04788	3.728206335263105e-05
MAR04789	3.728206335263105e-05
MAR04791	3.728206335263105e-05
MAR04792	0.003693784533886892
MAR04937	0.0012731785641390395
MAR05392	0.002814332042720155
MAR05393	0.002857240892999463
MAR06409	0.0034522891466193884
MAR07702	0.0022897122605639135
MAR07703	3.728206335263105e-05
MAR08433	0.00017360136202817996
MAR08434	0.00017360136202817996
MAR08439	0.00017530939121927538
MAR08440	0.0005600014729169247
MAR08441	4.40842149271457e-05
MAR08442	9.858754595081572e-05
MAR09718	9.858754595081572e-05
MAR09486	0.0003556425197416416
MAR04426	0.00485502568933925
MAR04428	3.796134541038181e-05
MAR04429	0.00010637895996338154
MAR04430	0.00025008458702919107
MAR04431	0.0011456683312159623
MAR04437	4.018216035562843e-05
MAR04658	8.220956365154548e-05
MAR04660	7.99657752879669e-05
MAR04712	3.728206335263105e-05
MAR05336	0.0019224697814403627
MAR05337	0.0020116731412722984
MAR05338	0.013354140153604465
MAR05339	0.0019224697814403627
MAR05340	0.0019224697814403627
MAR08783	0.00013832394644551073
MAR08784	0.0038857095939221057
MAR08786	0.003115758374340153
MAR04241	0.0016215851791620507
MAR04288	0.0002892446813115571
MAR04596	0.0006188981374606515
MAR04597	0.0006188981374606515
MAR04599	0.005042757357293844
MAR04667	0.002589147661023897
MAR04668	0.0002892446813115571
MAR04737	0.0005600014729169247
MAR04739	0.0005600014729169247
MAR04740	9.858754595081572e-05
MAR06415	0.005042757357293844
MAR06974	9.858754595081572e-05
MAR06975	0.0016215851791620507
MAR06976	0.0016215851791620507
MAR06977	0.0016215851791620507
MAR06978	0.005099489344092276
MAR06979	0.0004389201123655478
MAR06980	0.003693784533886892
MAR06981	0.0038857095939221057
MAR06982	3.728206335263105e-05
MAR06983	0.008441706839084632
MAR06984	0.008520779805674979
MAR06985	0.005368570431048363
MAR08017	9.858754595081572e-05
MAR08018	9.858754595081572e-05
MAR08019	9.858754595081572e-05
MAR08021	4.378585773387672e-05
MAR08025	0.0016215851791620507
MAR08026	0.0016215851791620507
MAR08027	0.0016215851791620507
MAR08029	0.005099489344092276
MAR03164	0.012621316076293352
MAR03166	0.00804147039389877
MAR03885	0.001868077846229988
MAR04250	9.858754595081572e-05
MAR08091	3.728206335263105e-05
MAR08092	0.00025008458702919107
MAR08563	0.003115758374340153
MAR08566	0.000521775352098585
MAR03935	0.0010831245072692077
MAR04681	3.728206335263105e-05
MAR04682	0.00025008458702919107
MAR04683	0.0011456683312159623
MAR04685	0.0011456683312159623
MAR04686	0.0011456683312159623
MAR04687	0.0011456683312159623
MAR04702	9.858754595081572e-05
MAR04703	0.0013944837852234763
MAR04704	0.0013944837852234763
MAR06988	3.728206335263105e-05
MAR07689	5.19220771021517e-05
MAR07701	4.607379873951447e-05
MAR08094	5.19220771021517e-05
MAR08529	0.00013832394644551073
MAR08530	0.009242668090335308
MAR08533	3.728206335263105e-05
MAR08534	5.19220771021517e-05
MAR08535	5.19220771021517e-05
MAR08537	4.1052570782256704e-05
MAR08541	3.728206335263105e-05
MAR08542	3.728206335263105e-05
MAR08543	3.728206335263105e-05
MAR08544	3.728206335263105e-05
MAR08630	3.728206335263105e-05
MAR08540	9.858754595081572e-05
MAR03206	0.00749955454686122
MAR03208	0.0006088584872553497
MAR03213	0.00057121991137702
MAR03215	0.0014742176610916054
MAR03747	0.0018569489348927506
MAR03744	0.0008741377728527217
MAR03757	0.00804147039389877
MAR03761	0.00017004502278844625
MAR03777	0.0018569489348927506
MAR03778	0.0008741377728527217
MAR03795	0.00017004502278844625
MAR04797	0.0038857095939221057
MAR06417	0.00039173324066823085
MAR06419	0.00039173324066823085
MAR06420	0.00039173324066823085
MAR06421	0.00039173324066823085
MAR06422	0.00039173324066823085
MAR06923	0.0018569489348927506
MAR03765	0.0008741377728527217
MAR06924	9.283986566867964e-05
MAR06925	0.009242668090335308
MAR06926	0.0012481711551518382
MAR06927	0.0012481711551518382
MAR08088	4.7927288833991355e-05
MAR08787	9.736622974032591e-05
MAR03743	4.040366354449016e-05
MAR04214	4.062087886337792e-05
MAR04216	0.0005402202857333919
MAR04218	3.821929995024956e-05
MAR04219	0.0005402202857333919
MAR04220	3.824849533910701e-05
MAR04222	0.001173933702514908
MAR04224	3.821929995024956e-05
MAR04225	3.821929995024956e-05
MAR04227	0.001993075452575728
MAR04231	4.37327839208059e-05
MAR04232	9.858754595081572e-05
MAR04233	9.858754595081572e-05
MAR04235	9.858754595081572e-05
MAR04243	0.000655388959034044
MAR04244	0.001173933702514908
MAR04245	9.858754595081572e-05
MAR04246	0.001173933702514908
MAR04248	9.858754595081572e-05
MAR06707	3.728206335263105e-05
MAR06708	9.858754595081572e-05
MAR06709	9.858754595081572e-05
MAR06711	6.685561117756805e-05
MAR06712	9.858754595081572e-05
MAR06713	0.00025008458702919107
MAR06714	0.0038857095939221057
MAR06715	0.004779720285102033
MAR06716	3.728206335263105e-05
MAR06717	0.0005402202857333919
MAR06718	3.728206335263105e-05
MAR06719	0.00025008458702919107
MAR06720	9.858754595081572e-05
MAR06721	9.858754595081572e-05
MAR06722	3.728206335263105e-05
MAR06723	0.026562137270910786
MAR06725	0.006694979509823568
MAR06726	7.118533771028801e-05
MAR06727	5.833584168831528e-05
MAR06728	4.1052570782256704e-05
MAR06729	3.728206335263105e-05
MAR06730	0.004779720285102033
MAR06731	3.728206335263105e-05
MAR06734	9.858754595081572e-05
MAR06735	0.004779720285102033
MAR06736	0.004779720285102033
MAR06738	9.858754595081572e-05
MAR06739	0.004779720285102033
MAR06740	3.728206335263105e-05
MAR06741	3.728206335263105e-05
MAR06742	9.858754595081572e-05
MAR06743	3.937558513904536e-05
MAR06744	9.858754595081572e-05
MAR06745	0.00025008458702919107
MAR06746	0.004779720285102033
MAR06747	0.00025008458702919107
MAR06748	0.0011456683312159623
MAR06749	0.0011456683312159623
MAR06750	0.004779720285102033
MAR06751	0.00025008458702919107
MAR06752	0.00025008458702919107
MAR06753	0.0011456683312159623
MAR06754	0.0011456683312159623
MAR06755	0.004779720285102033
MAR06756	0.009242668090335308
MAR06757	0.004779720285102033
MAR06758	0.00025008458702919107
MAR06759	9.858754595081572e-05
MAR06760	0.0011456683312159623
MAR06761	0.0011456683312159623
MAR06762	0.004779720285102033
MAR06763	0.004779720285102033
MAR06764	0.00025008458702919107
MAR06765	9.858754595081572e-05
MAR06766	0.0011456683312159623
MAR06767	0.0011456683312159623
MAR06768	0.006694979509823568
MAR06770	8.492149895772359e-05
MAR06771	5.833584168831528e-05
MAR06772	7.118533771028801e-05
MAR06774	4.317694381321128e-05
MAR06776	0.00021923885768221983
MAR06778	0.000745533517245473
MAR06782	9.858754595081572e-05
MAR06783	9.858754595081572e-05
MAR06784	9.858754595081572e-05
MAR06785	9.858754595081572e-05
MAR06786	9.858754595081572e-05
MAR06787	3.728206335263105e-05
MAR06788	0.004779720285102033
MAR06789	0.00025008458702919107
MAR06790	0.0011456683312159623
MAR06791	0.0011456683312159623
MAR06792	9.858754595081572e-05
MAR06798	3.728206335263105e-05
MAR06799	3.728206335263105e-05
MAR06800	3.728206335263105e-05
MAR06801	3.728206335263105e-05
MAR06802	9.858754595081572e-05
MAR06803	3.728206335263105e-05
MAR06806	9.858754595081572e-05
MAR06807	9.858754595081572e-05
MAR06808	0.01344803661900209
MAR06811	0.026562137270910786
MAR06813	0.01344803661900209
MAR06814	0.0018807862251907263
MAR06815	0.026562137270910786
MAR06817	0.0018807862251907263
MAR06818	9.858754595081572e-05
MAR06819	0.0018807862251907263
MAR06820	0.026562137270910786
MAR06822	9.858754595081572e-05
MAR06823	0.0018807862251907263
MAR06824	0.026562137270910786
MAR06826	0.0003364763435769987
MAR06827	0.0003364763435769987
MAR06828	3.728206335263105e-05
MAR06829	0.004993486472860331
MAR06830	3.728206335263105e-05
MAR06831	0.0006337390225567117
MAR06834	0.0003364763435769987
MAR06835	0.0003364763435769987
MAR06836	3.728206335263105e-05
MAR06837	3.728206335263105e-05
MAR06838	4.0827315107291e-05
MAR06839	0.0006337390225567117
MAR06840	0.0003364763435769987
MAR06841	0.0003364763435769987
MAR06842	3.728206335263105e-05
MAR06843	3.728206335263105e-05
MAR06844	4.0827315107291e-05
MAR06845	0.0006337390225567117
MAR06848	0.0003364763435769987
MAR06849	0.0003364763435769987
MAR06850	4.0827315107291e-05
MAR06851	0.0006337390225567117
MAR06854	0.0003364763435769987
MAR06855	0.0003364763435769987
MAR06874	3.728206335263105e-05
MAR06875	9.858754595081572e-05
MAR06876	9.858754595081572e-05
MAR06877	9.858754595081572e-05
MAR06878	9.858754595081572e-05
MAR06879	9.858754595081572e-05
MAR06880	9.858754595081572e-05
MAR06881	9.858754595081572e-05
MAR06882	9.858754595081572e-05
MAR06883	0.026562137270910786
MAR06885	0.0018807862251907263
MAR06886	0.026562137270910786
MAR06888	3.728206335263105e-05
MAR06889	3.8917543058933306e-05
MAR07628	0.01344803661900209
MAR07756	3.728206335263105e-05
MAR08539	3.728206335263105e-05
MAR08794	9.858754595081572e-05
MAR08795	9.858754595081572e-05
MAR08796	3.728206335263105e-05
MAR03875	0.007423360464652921
MAR03877	0.006646290492606894
MAR03879	0.00022346557401760705
MAR03881	0.00015498916189700783
MAR03912	0.006694979509823568
MAR03917	0.0008711357509151123
MAR03919	5.035376248495588e-05
MAR03920	0.002477573705607772
MAR03922	0.00013403808466298385
MAR03928	0.003376031513714013
MAR03995	0.022363908151524864
MAR03996	9.858754595081572e-05
MAR04072	0.0020623786923882853
MAR04189	0.0006267454244582838
MAR04302	0.00015498916189700783
MAR04323	0.00022346557401760705
MAR05381	5.19220771021517e-05
MAR05385	0.001709995822203325
MAR05386	0.0006699949269627742
MAR05387	0.003639040222754129
MAR05388	0.0023104370950441577
MAR05389	0.0023104370950441577
MAR05390	8.492149895772359e-05
MAR05391	3.728206335263105e-05
MAR05418	0.00013403808466298385
MAR05419	0.00013403808466298385
MAR06515	0.003376031513714013
MAR06518	0.003376031513714013
MAR06519	0.0010789743209068485
MAR06520	0.003376031513714013
MAR06523	3.841174016386261e-05
MAR08062	5.19220771021517e-05
MAR08066	0.006694979509823568
MAR08067	0.006694979509823568
MAR08068	0.00478492550519652
MAR08069	0.008144821945581809
MAR08641	0.0020623786923882853
MAR08682	9.858754595081572e-05
MAR08683	0.00015498916189700783
MAR08684	0.006694979509823568
MAR08685	9.858754595081572e-05
MAR03868	0.004369744453189996
MAR03869	0.004369744453189996
MAR03889	0.0006775434153557954
MAR03933	0.009242668090335308
MAR03937	0.004080445805154746
MAR04116	0.06528775939913394
MAR04120	0.06528775939913394
MAR04121	0.06528775939913394
MAR04175	0.0012731785641390395
MAR04176	0.0012731785641390395
MAR04324	0.002020100275346754
MAR04326	0.0029678891186291274
MAR04328	0.009747224134989293
MAR04329	0.009747224134989293
MAR04708	0.0011558045741127388
MAR08769	0.0012731785641390395
MAR08770	0.0011558045741127388
MAR08771	0.00457574354953785
MAR04078	0.0011584037947339728
MAR04079	0.0038857095939221057
MAR04174	4.888479857212604e-05
MAR04330	4.7927288833991355e-05
MAR04347	3.77324040927204e-05
MAR04425	5.260596092456286e-05
MAR04427	0.0011328647811981714
MAR04688	0.0038857095939221057
MAR04689	0.0038857095939221057
MAR04735	0.012621316076293352
MAR07991	9.858754595081572e-05
MAR07992	0.00013832394644551073
MAR07993	0.0038857095939221057
MAR07128	0.01943119034105603
MAR07129	0.01943119034105603
MAR07130	9.858754595081572e-05
MAR07131	0.022363908151524864
MAR07132	0.004419799204151039
MAR07133	7.071580218769964e-05
MAR07134	0.00015498916189700783
MAR07135	0.00022346557401760705
MAR07136	0.006646290492606894
MAR07137	0.00015498916189700783
MAR07138	0.00016905957828406147
MAR07139	0.007423360464652921
MAR07140	9.858754595081572e-05
MAR07141	7.071580218769964e-05
MAR07620	0.0028253625346065753
MAR07647	3.728206335263105e-05
MAR08640	0.0020623786923882853
MAR08689	3.728206335263105e-05
MAR08690	3.728206335263105e-05
MAR03753	0.012621316076293352
MAR03755	0.0003568236273892475
MAR03759	0.0038857095939221057
MAR03763	0.00017004502278844625
MAR03773	0.0012481711551518382
MAR03775	0.0004446584198549688
MAR03785	0.012621316076293352
MAR03790	0.0013944837852234763
MAR03792	4.7927288833991355e-05
MAR03796	0.0011637089184967572
MAR03823	0.00804147039389877
MAR06416	0.00039173324066823085
MAR03986	3.886161686868696e-05
MAR03988	0.009099262424900442
MAR04124	0.0013099483734978583
MAR04158	0.008741725131693714
MAR04159	0.0011222384489449455
MAR04299	0.007358567238230836
MAR04300	0.003906520767559844
MAR04494	0.009502910111042026
MAR04524	0.002451147757661002
MAR04525	0.0009212837574900479
MAR04526	0.0009212837574900479
MAR04527	0.0031888926963521127
MAR04528	0.0009212837574900479
MAR04529	0.0021604757243923424
MAR04530	0.0006646281669177136
MAR04531	9.858754595081572e-05
MAR04532	0.0039591407236824385
MAR04533	9.858754595081572e-05
MAR04534	9.858754595081572e-05
MAR04536	0.0039591407236824385
MAR04628	0.0016102581806898644
MAR04629	0.000983896952848077
MAR04631	0.0022931385527943334
MAR07696	9.858754595081572e-05
MAR07697	0.00067986623167709
MAR07698	0.0011222384489449455
MAR08366	9.858754595081572e-05
MAR08367	9.858754595081572e-05
MAR08368	9.858754595081572e-05
MAR08371	0.0021604757243923424
MAR08372	9.858754595081572e-05
MAR08373	0.00015741995299554238
MAR08375	0.0003675125875087602
MAR08376	3.728206335263105e-05
MAR08377	0.0039591407236824385
MAR08672	0.0013099483734978583
MAR08674	9.858754595081572e-05
MAR08675	9.858754595081572e-05
MAR05130	0.0020815654957921145
MAR05131	0.005633672147743799
MAR05132	0.00824035663616242
MAR05133	0.011140862267850233
MAR05134	0.002980600838780888
MAR05135	0.0010597229415798652
MAR05136	0.004462792665942828
MAR05137	0.005370730240487847
MAR05138	0.009177924055275056
MAR05139	0.0024435745743258274
MAR05140	0.00597089525809199
MAR05141	0.0015271721293948811
MAR05142	0.006796246726844724
MAR05143	0.0028253625346065753
MAR05144	0.0008163414727921316
MAR05145	0.006389431653804981
MAR05146	0.005370730240487847
MAR05147	0.010534005126202537
MAR05148	0.00447854661470954
MAR05149	0.002077702052568596
MAR05150	0.003456228562640625
MAR07171	0.0012678956488415608
MAR07172	3.728206335263105e-05
MAR07174	3.728206335263105e-05
MAR07175	4.779295331809973e-05
MAR07180	0.00034289948568122275
MAR07181	0.0026573378572116147
MAR07183	3.728206335263105e-05
MAR07197	9.858754595081572e-05
MAR07436	0.003659404901033081
MAR07438	0.003188372977345015
MAR07440	0.00034289948568122275
MAR08254	3.900942914198396e-05
MAR08255	3.900942914198396e-05
MAR08256	9.858754595081572e-05
MAR08257	0.00019765671677669076
MAR08258	9.858754595081572e-05
MAR08260	9.858754595081572e-05
MAR08261	9.858754595081572e-05
MAR01532	0.0017363789105484717
MAR07254	0.0020116731412722984
MAR07256	0.0009750932881899014
MAR07258	9.858754595081572e-05
MAR07259	9.858754595081572e-05
MAR07260	9.858754595081572e-05
MAR07261	0.00016651239013884566
MAR07263	0.004705126369937507
MAR07264	0.0014326155394561993
MAR07265	0.00040848820194050645
MAR07266	0.0016623413431096881
MAR07267	0.0032697864631824297
MAR07268	0.0032697864631824297
MAR07269	0.0002546918120370257
MAR07270	0.0002546918120370257
MAR07271	0.0056322281675464415
MAR07274	0.0022731750382906776
MAR07275	0.0056322281675464415
MAR07276	0.0022731750382906776
MAR07277	0.00022157820567607087
MAR07278	0.0023634900970441633
MAR07279	0.00026835781992773394
MAR07280	0.001625431111665202
MAR07281	0.001625431111665202
MAR07285	0.033827616872881355
MAR07286	0.002296720684677203
MAR07287	0.011989936112553685
MAR07288	9.858754595081572e-05
MAR07289	0.002947442976599075
MAR07290	9.858754595081572e-05
MAR07291	0.002947442976599075
MAR07292	9.858754595081572e-05
MAR07293	0.002947442976599075
MAR07294	9.858754595081572e-05
MAR07295	9.858754595081572e-05
MAR07296	9.858754595081572e-05
MAR07297	9.858754595081572e-05
MAR07298	9.858754595081572e-05
MAR07299	9.858754595081572e-05
MAR07300	9.858754595081572e-05
MAR07301	9.858754595081572e-05
MAR07302	9.858754595081572e-05
MAR07303	9.858754595081572e-05
MAR07304	9.858754595081572e-05
MAR07305	9.858754595081572e-05
MAR07306	9.858754595081572e-05
MAR07308	0.002947442976599075
MAR07309	0.002947442976599075
MAR07310	0.002947442976599075
MAR07311	0.002947442976599075
MAR07312	0.002947442976599075
MAR07313	0.002947442976599075
MAR07314	0.002947442976599075
MAR07315	0.002947442976599075
MAR07316	0.002947442976599075
MAR07317	0.002947442976599075
MAR07318	0.002947442976599075
MAR07319	0.002947442976599075
MAR07320	0.002947442976599075
MAR07321	0.002947442976599075
MAR07322	0.002947442976599075
MAR07323	0.0038769446528500906
MAR07324	0.0006718910395484105
MAR07325	0.00027531948832566517
MAR07326	3.8960583994725516e-05
MAR07327	0.007024808131058317
MAR07328	0.0008073295114886338
MAR07329	3.728206335263105e-05
MAR07332	0.0009514983160201826
MAR07333	0.0044600696559815925
MAR07334	4.38025403794937e-05
MAR07428	0.0014754581228944871
MAR07429	0.0006281719484383614
MAR07574	0.0017037397776995577
MAR07575	0.0005508121404014829
MAR07576	0.009989803890794034
MAR07577	0.009989803890794034
MAR07578	0.009099262424900442
MAR07580	0.007271084828788085
MAR07582	0.007271084828788085
MAR07585	0.0017037397776995577
MAR07586	0.0005508121404014829
MAR07587	0.009099262424900442
MAR08691	0.0009750932881899014
MAR08692	9.858754595081572e-05
MAR08693	0.007024808131058317
MAR08694	0.0008073295114886338
MAR08695	9.858754595081572e-05
MAR05151	3.728206335263105e-05
MAR05152	3.728206335263105e-05
MAR05153	3.728206335263105e-05
MAR05154	3.728206335263105e-05
MAR05155	9.858754595081572e-05
MAR05156	9.858754595081572e-05
MAR05157	0.00013891855435875207
MAR05158	3.728206335263105e-05
MAR05159	3.728206335263105e-05
MAR05160	3.728206335263105e-05
MAR05161	9.858754595081572e-05
MAR05162	3.728206335263105e-05
MAR05163	3.8481735838703785e-05
MAR05164	0.00683909946489854
MAR05165	0.0006589463089069351
MAR05166	0.0017255243240690572
MAR05167	9.858754595081572e-05
MAR05168	9.858754595081572e-05
MAR05169	9.858754595081572e-05
MAR05170	9.858754595081572e-05
MAR05171	9.858754595081572e-05
MAR05172	9.858754595081572e-05
MAR05174	9.858754595081572e-05
MAR07282	9.858754595081572e-05
MAR07616	9.858754595081572e-05
MAR07619	0.0021255281086524943
MAR09735	9.858754595081572e-05
MAR07621	9.858754595081572e-05
MAR07622	0.0002424873408505528
MAR07624	0.0004476156550440766
MAR07626	0.0004476156550440766
MAR05258	3.728206335263105e-05
MAR05259	0.08478584302088499
MAR05260	9.858754595081572e-05
MAR05261	0.08478584302088499
MAR05262	9.858754595081572e-05
MAR05263	0.08478584302088499
MAR05264	9.858754595081572e-05
MAR05265	0.08478584302088499
MAR05266	9.858754595081572e-05
MAR05267	9.858754595081572e-05
MAR05268	9.858754595081572e-05
MAR05269	9.858754595081572e-05
MAR05270	9.858754595081572e-05
MAR05271	9.858754595081572e-05
MAR05272	0.08478584302088499
MAR05273	9.858754595081572e-05
MAR05274	0.08478584302088499
MAR05275	9.858754595081572e-05
MAR05276	0.08478584302088499
MAR05277	9.858754595081572e-05
MAR05278	0.08478584302088499
MAR05279	9.858754595081572e-05
MAR05280	0.08478584302088499
MAR05281	9.858754595081572e-05
MAR05282	0.08478584302088499
MAR05283	9.858754595081572e-05
MAR05284	0.08478584302088499
MAR05285	0.08478584302088499
MAR05286	0.08478584302088499
MAR05287	0.08478584302088499
MAR05288	0.0049304602345515425
MAR05290	0.08478584302088499
MAR05291	9.858754595081572e-05
MAR09817	9.858754595081572e-05
MAR09818	9.858754595081572e-05
MAR05407	0.0024853561279089328
MAR03851	9.858754595081572e-05
MAR03861	0.0022618491700352405
MAR03866	9.858754595081572e-05
MAR03915	0.00010637895996338154
MAR04084	0.0031355322964532043
MAR04187	0.0031355322964532043
MAR04188	9.858754595081572e-05
MAR04701	0.00017530939121927538
MAR04840	9.858754595081572e-05
MAR04842	0.0011456683312159623
MAR08662	0.0029018934537260455
MAR08663	0.0029018934537260455
MAR08664	0.0004446584198549688
MAR08665	9.858754595081572e-05
MAR08666	3.881962819015248e-05
MAR08667	0.0029018934537260455
MAR08668	0.0029018934537260455
MAR08669	9.858754595081572e-05
MAR00710	0.0039377526875138125
MAR03787	0.0007321537310170819
MAR03957	0.0047169555049070945
MAR03958	0.003734722318475367
MAR04139	0.00478492550519652
MAR04141	0.008144821945581809
MAR04145	0.003941924466402732
MAR04147	0.0029018934537260455
MAR04149	0.01230884855588283
MAR04152	0.0029018934537260455
MAR04209	0.004609970838673948
MAR04408	0.008157912410278705
MAR04410	0.008157912410278705
MAR04454	0.003946359777754786
MAR04458	0.0029085808585760046
MAR04465	0.0022897122605639135
MAR04589	0.0029085808585760046
MAR04652	0.005261922272161451
MAR06413	0.004609970838673948
MAR06414	0.005042757357293844
MAR07704	3.728206335263105e-05
MAR07706	3.728206335263105e-05
MAR08772	9.67976211706059e-05
MAR08773	0.0008252691775143008
MAR08774	9.858754595081572e-05
MAR08775	0.0038857095939221057
MAR08777	9.858754595081572e-05
MAR08778	0.0038857095939221057
MAR08779	0.0022897122605639135
MAR08780	0.0010789743209068485
MAR08781	9.858754595081572e-05
MAR08782	0.0022897122605639135
MAR03975	0.0031200966701978128
MAR03977	0.0031200966701978128
MAR03979	0.0031200966701978128
MAR06911	0.003124282048414869
MAR06912	0.0031200966701978128
MAR06914	1.0
MAR06916	0.23260544279614545
MAR06918	0.08358223803671651
MAR06921	0.24369900871023925
MAR03960	0.011491939649054941
MAR03980	0.001993075452575728
MAR03982	0.001993075452575728
MAR04767	9.858754595081572e-05
MAR06608	9.858754595081572e-05
MAR08409	0.004477043131146749
MAR08410	0.00124886892972006
MAR08413	0.011491939649054941
MAR08415	0.011491939649054941
MAR00156	4.9805530381460026e-05
MAR00165	4.9805530381460026e-05
MAR00168	4.9805530381460026e-05
MAR00171	4.9805530381460026e-05
MAR00174	4.9805530381460026e-05
MAR00177	4.9805530381460026e-05
MAR00180	4.9805530381460026e-05
MAR00184	4.9805530381460026e-05
MAR00188	0.00459697388961915
MAR00192	0.00459697388961915
MAR00196	0.00459697388961915
MAR00200	0.00459697388961915
MAR00204	0.00459697388961915
MAR00209	0.00459697388961915
MAR00213	0.00459697388961915
MAR00217	0.00459697388961915
MAR00226	0.00459697388961915
MAR00233	0.00459697388961915
MAR00237	0.00459697388961915
MAR00241	0.00459697388961915
MAR00245	0.00459697388961915
MAR00249	0.00459697388961915
MAR00255	0.00459697388961915
MAR00259	0.00459697388961915
MAR00263	0.00459697388961915
MAR00267	0.00459697388961915
MAR00271	0.00459697388961915
MAR00275	0.00459697388961915
MAR00279	0.00459697388961915
MAR00283	0.00459697388961915
MAR00289	0.00459697388961915
MAR00293	0.00459697388961915
MAR00297	0.00459697388961915
MAR00301	0.00459697388961915
MAR00305	0.00459697388961915
MAR00309	0.00459697388961915
MAR00313	0.00459697388961915
MAR00319	0.00459697388961915
MAR00323	0.00459697388961915
MAR00327	0.00459697388961915
MAR00331	0.00459697388961915
MAR00337	0.00459697388961915
MAR00341	0.00459697388961915
MAR00345	0.00459697388961915
MAR00349	0.00459697388961915
MAR00353	0.00459697388961915
MAR00357	0.00459697388961915
MAR00361	0.00459697388961915
MAR00365	0.00459697388961915
MAR00369	0.00459697388961915
MAR00373	0.00459697388961915
MAR00377	0.00459697388961915
MAR00381	0.00459697388961915
MAR00385	0.00459697388961915
MAR00389	0.00459697388961915
MAR00393	0.00459697388961915
MAR00397	0.00459697388961915
MAR00401	0.00459697388961915
MAR00405	0.00459697388961915
MAR00409	0.00459697388961915
MAR00413	0.00459697388961915
MAR00417	0.00459697388961915
MAR00421	0.00459697388961915
MAR00425	0.00459697388961915
MAR00429	0.00459697388961915
MAR00433	0.00459697388961915
MAR00437	0.00459697388961915
MAR02942	0.00459697388961915
MAR02943	0.00459697388961915
MAR02944	0.00459697388961915
MAR02945	0.00459697388961915
MAR02946	0.00459697388961915
MAR02947	0.00459697388961915
MAR02948	0.00459697388961915
MAR02949	0.00459697388961915
MAR02951	0.00459697388961915
MAR02952	0.00459697388961915
MAR02954	0.00459697388961915
MAR02955	0.00459697388961915
MAR02956	0.00459697388961915
MAR02957	0.00459697388961915
MAR02959	0.00459697388961915
MAR02961	0.00459697388961915
MAR02962	0.00459697388961915
MAR02963	0.00459697388961915
MAR02964	0.00459697388961915
MAR02965	0.00459697388961915
MAR02966	0.00459697388961915
MAR02967	0.00459697388961915
MAR02968	0.00459697388961915
MAR02969	0.00459697388961915
MAR02970	0.00459697388961915
MAR02971	0.00459697388961915
MAR02972	0.00459697388961915
MAR02973	0.00459697388961915
MAR02974	0.00459697388961915
MAR02975	0.00459697388961915
MAR02976	0.00459697388961915
MAR02977	0.00459697388961915
MAR02978	0.00459697388961915
MAR02979	0.00459697388961915
MAR02980	0.00459697388961915
MAR02981	0.00459697388961915
MAR02982	0.00459697388961915
MAR02983	0.00459697388961915
MAR02984	0.00459697388961915
MAR02985	0.00459697388961915
MAR02986	0.00459697388961915
MAR02987	0.00459697388961915
MAR02988	0.00459697388961915
MAR02989	0.00459697388961915
MAR02990	0.00459697388961915
MAR02991	0.00459697388961915
MAR02992	0.00459697388961915
MAR02994	0.00459697388961915
MAR02996	0.00459697388961915
MAR02998	0.00459697388961915
MAR02999	0.00459697388961915
MAR03000	0.00459697388961915
MAR03001	0.00459697388961915
MAR03002	0.00459697388961915
MAR03003	0.00459697388961915
MAR02152	0.005183721565527906
MAR02153	0.005183721565527906
MAR02154	0.005183721565527906
MAR02155	0.005183721565527906
MAR02156	0.005183721565527906
MAR02157	0.005183721565527906
MAR02158	0.005183721565527906
MAR02159	0.005183721565527906
MAR02160	0.005183721565527906
MAR02161	0.005183721565527906
MAR02162	0.005183721565527906
MAR02163	0.005183721565527906
MAR02164	0.005183721565527906
MAR02165	0.005183721565527906
MAR02166	0.005183721565527906
MAR02167	0.005183721565527906
MAR02168	0.005183721565527906
MAR02169	0.005183721565527906
MAR02170	0.005183721565527906
MAR02171	0.005183721565527906
MAR02173	0.005183721565527906
MAR02174	0.005183721565527906
MAR02175	0.005183721565527906
MAR02176	0.005183721565527906
MAR02178	0.005183721565527906
MAR02179	0.005183721565527906
MAR02180	0.005183721565527906
MAR02181	0.005183721565527906
MAR04295	6.72274093948909e-05
MAR02227	0.005183721565527906
MAR02228	0.005183721565527906
MAR02229	0.005183721565527906
MAR02230	0.005183721565527906
MAR02231	0.005183721565527906
MAR02232	0.005183721565527906
MAR02233	0.005183721565527906
MAR02234	0.005183721565527906
MAR02235	0.005183721565527906
MAR02236	0.005183721565527906
MAR02237	0.005183721565527906
MAR02238	0.005183721565527906
MAR02239	0.005183721565527906
MAR02240	0.005183721565527906
MAR02241	0.005183721565527906
MAR02242	0.005183721565527906
MAR02243	0.005183721565527906
MAR02244	0.005183721565527906
MAR02245	0.005183721565527906
MAR02246	0.005183721565527906
MAR02247	0.005183721565527906
MAR02249	0.005183721565527906
MAR02250	0.005183721565527906
MAR02251	0.005183721565527906
MAR02252	0.005183721565527906
MAR02254	0.005183721565527906
MAR02255	0.005183721565527906
MAR02256	0.005183721565527906
MAR02257	0.005183721565527906
MAR02305	0.013354140153604465
MAR02307	0.0011473708568195354
MAR02309	0.005480978624519523
MAR02311	0.0011739449092897565
MAR02315	0.013354140153604465
MAR02317	0.0011473708568195354
MAR02319	0.005480978624519523
MAR02321	0.0011739449092897565
MAR02324	0.013354140153604465
MAR02326	0.0011473708568195354
MAR02328	0.005480978624519523
MAR02330	0.0011739449092897565
MAR02332	0.013354140153604465
MAR02334	0.0011473708568195354
MAR02336	0.005480978624519523
MAR02338	0.0011739449092897565
MAR02342	0.013354140153604465
MAR02343	0.0011473708568195354
MAR02344	0.005480978624519523
MAR02345	0.0011739449092897565
MAR02347	0.013354140153604465
MAR02348	0.0011473708568195354
MAR02349	0.005480978624519523
MAR02350	0.0011739449092897565
MAR02353	0.013354140153604465
MAR02354	0.0011473708568195354
MAR02355	0.005480978624519523
MAR02356	0.0011739449092897565
MAR02361	0.013354140153604465
MAR02362	0.0011473708568195354
MAR02363	0.005480978624519523
MAR02364	0.0011739449092897565
MAR02190	0.013354140153604465
MAR02191	0.0011473708568195354
MAR02193	0.005480978624519523
MAR02194	0.0011739449092897565
MAR02201	0.013354140153604465
MAR02202	0.0011473708568195354
MAR02203	0.005480978624519523
MAR02204	0.0011739449092897565
MAR02205	0.013354140153604465
MAR02208	0.0011473708568195354
MAR02209	0.005480978624519523
MAR02210	0.0011739449092897565
MAR02211	0.013354140153604465
MAR02212	0.0011473708568195354
MAR02213	0.005480978624519523
MAR02214	0.0011739449092897565
MAR02215	0.013354140153604465
MAR02217	0.0011473708568195354
MAR02218	0.005480978624519523
MAR02219	0.0011739449092897565
MAR02259	0.013354140153604465
MAR02260	0.0011473708568195354
MAR02261	0.005480978624519523
MAR02262	0.0011739449092897565
MAR02263	0.013354140153604465
MAR02264	0.0011473708568195354
MAR02265	0.005480978624519523
MAR02266	0.0011739449092897565
MAR02267	0.013354140153604465
MAR02268	0.0011473708568195354
MAR02269	0.005480978624519523
MAR02270	0.0011739449092897565
MAR02281	0.005429157187097488
MAR02282	0.005429157187097488
MAR02284	0.005429157187097488
MAR02286	0.005429157187097488
MAR02287	0.005429157187097488
MAR02292	0.005429157187097488
MAR02293	0.005429157187097488
MAR02294	0.005429157187097488
MAR02295	0.005429157187097488
MAR02296	0.005429157187097488
MAR02359	0.004505244000760349
MAR02365	0.004505244000760349
MAR02288	0.005429157187097488
MAR02289	0.005429157187097488
MAR00709	0.0045479093818826
MAR02150	0.005183721565527906
MAR02151	0.005183721565527906
MAR02172	0.005183721565527906
MAR02177	0.005183721565527906
MAR02182	0.005183721565527906
MAR02248	0.005183721565527906
MAR02253	0.005183721565527906
MAR02258	0.005183721565527906
MAR02437	9.858754595081572e-05
MAR02438	0.00391576184035012
MAR02439	9.858754595081572e-05
MAR02440	4.018423059147297e-05
MAR02441	0.06528775939913394
MAR02442	9.858754595081572e-05
MAR02443	9.858754595081572e-05
MAR02444	9.858754595081572e-05
MAR02445	9.858754595081572e-05
MAR02446	9.858754595081572e-05
MAR02447	9.858754595081572e-05
MAR02448	9.858754595081572e-05
MAR02449	9.858754595081572e-05
MAR02450	9.858754595081572e-05
MAR02451	9.858754595081572e-05
MAR02452	9.858754595081572e-05
MAR02453	9.858754595081572e-05
MAR02454	9.858754595081572e-05
MAR02455	0.0008407587973284737
MAR02456	0.0008407587973284737
MAR02457	0.0008407587973284737
MAR02458	0.0008407587973284737
MAR02459	0.005938969176443775
MAR02460	0.005938969176443775
MAR02461	3.728206335263105e-05
MAR02462	3.728206335263105e-05
MAR02463	3.728206335263105e-05
MAR02464	3.728206335263105e-05
MAR02465	0.005938969176443775
MAR02466	0.005938969176443775
MAR02467	3.728206335263105e-05
MAR02468	3.728206335263105e-05
MAR02469	3.728206335263105e-05
MAR02470	3.728206335263105e-05
MAR06397	0.0034522891466193884
MAR06402	6.949514258536532e-05
MAR06403	0.00013208147389591487
MAR06404	0.0034522891466193884
MAR02472	0.004505244000760349
MAR02475	0.013354140153604465
MAR02478	0.0011473708568195354
MAR02480	0.005480978624519523
MAR02482	0.0011739449092897565
MAR02484	0.004505244000760349
MAR02486	0.013354140153604465
MAR02489	0.0011473708568195354
MAR02491	0.005480978624519523
MAR02493	0.0011739449092897565
MAR02495	9.858754595081572e-05
MAR02497	0.013354140153604465
MAR02499	0.0011473708568195354
MAR02501	0.005480978624519523
MAR02503	0.0011739449092897565
MAR02505	0.004505244000760349
MAR02510	0.00142662808009166
MAR02511	0.00749955454686122
MAR02512	0.0008738040910973287
MAR02513	0.0008738040910973287
MAR02514	9.858754595081572e-05
MAR02515	0.013354140153604465
MAR02516	0.0011473708568195354
MAR02518	0.005480978624519523
MAR02520	0.0011739449092897565
MAR02522	0.013354140153604465
MAR02524	0.0011473708568195354
MAR02526	0.005480978624519523
MAR02528	0.0011739449092897565
MAR02530	0.013354140153604465
MAR02533	0.0011473708568195354
MAR02535	0.005480978624519523
MAR02537	0.0011739449092897565
MAR02540	0.013354140153604465
MAR02541	0.0011473708568195354
MAR02542	0.005480978624519523
MAR02543	0.0011739449092897565
MAR02544	3.891759217537176e-05
MAR02545	9.858754595081572e-05
MAR02546	0.005665274266570246
MAR02548	0.005665274266570246
MAR02549	9.858754595081572e-05
MAR02550	9.858754595081572e-05
MAR02551	0.0017651981404519556
MAR02552	6.484375940191456e-05
MAR02553	3.8992591605744e-05
MAR02555	3.8992591605744e-05
MAR02556	0.0012731785641390395
MAR02557	0.00391576184035012
MAR02558	9.858754595081572e-05
MAR02559	9.858754595081572e-05
MAR02560	9.858754595081572e-05
MAR02561	3.891759217537176e-05
MAR02562	0.005938969176443775
MAR02563	0.005938969176443775
MAR02565	3.891759217537176e-05
MAR02566	0.00391576184035012
MAR02567	9.858754595081572e-05
MAR02568	3.891759217537176e-05
MAR02570	0.00391576184035012
MAR02571	9.858754595081572e-05
MAR02572	3.891759217537176e-05
MAR02573	0.005938969176443775
MAR02574	0.005938969176443775
MAR02576	0.00391576184035012
MAR02577	9.858754595081572e-05
MAR02578	3.891759217537176e-05
MAR02579	0.005938969176443775
MAR02580	0.005938969176443775
MAR02581	0.00391576184035012
MAR02582	0.00391576184035012
MAR02583	0.009611969703910983
MAR02584	0.009611969703910983
MAR02586	3.891759217537176e-05
MAR02587	9.858754595081572e-05
MAR02368	0.004505244000760349
MAR02371	0.013354140153604465
MAR02374	9.858754595081572e-05
MAR02376	9.858754595081572e-05
MAR02378	0.0011739449092897565
MAR02380	0.004505244000760349
MAR02383	0.013354140153604465
MAR02387	0.0011473708568195354
MAR02389	0.005480978624519523
MAR02391	9.858754595081572e-05
MAR02393	9.858754595081572e-05
MAR02395	0.013354140153604465
MAR02397	0.0011473708568195354
MAR02399	0.005480978624519523
MAR02401	0.0011739449092897565
MAR02403	9.858754595081572e-05
MAR02408	0.00142662808009166
MAR02409	0.00749955454686122
MAR02410	0.0008738040910973287
MAR02411	0.0008738040910973287
MAR02412	9.858754595081572e-05
MAR02415	0.013354140153604465
MAR02417	0.0011473708568195354
MAR02419	0.005480978624519523
MAR02421	0.0011739449092897565
MAR02423	0.013354140153604465
MAR02426	0.0011473708568195354
MAR02428	0.005480978624519523
MAR02430	0.0011739449092897565
MAR02433	0.013354140153604465
MAR02434	0.0011473708568195354
MAR02435	0.005480978624519523
MAR02436	0.0011739449092897565
MAR03444	0.004463099911056798
MAR03445	0.0017333433966354546
MAR03446	0.0023923892775402755
MAR03447	0.0017333433966354546
MAR03448	0.004463099911056798
MAR03449	0.00749955454686122
MAR03450	0.00804147039389877
MAR03452	0.004463099911056798
MAR03453	0.00749955454686122
MAR03454	0.00804147039389877
MAR03455	0.00749955454686122
MAR03456	0.004463099911056798
MAR03457	0.0023923892775402755
MAR03458	0.0017333433966354546
MAR03459	0.00142662808009166
MAR03460	0.00749955454686122
MAR03461	0.0006934494529048477
MAR03462	0.00749955454686122
MAR03463	0.00749955454686122
MAR03464	0.0008738040910973287
MAR03466	0.00142662808009166
MAR03467	0.00749955454686122
MAR03468	0.0008738040910973287
MAR03469	0.0008738040910973287
MAR03470	0.00142662808009166
MAR03471	0.0006934494529048477
MAR03472	0.00749955454686122
MAR00931	0.0008407587973284737
MAR00932	0.0008407587973284737
MAR00933	0.0008407587973284737
MAR00934	0.0008407587973284737
MAR00935	0.0008407587973284737
MAR00936	0.0008407587973284737
MAR00937	0.0008407587973284737
MAR00938	0.0008407587973284737
MAR00939	0.0008407587973284737
MAR00940	0.0008407587973284737
MAR00942	0.0008407587973284737
MAR00943	0.0008407587973284737
MAR00944	0.0008407587973284737
MAR00945	0.005938969176443775
MAR00946	0.0008407587973284737
MAR00947	0.0008407587973284737
MAR00948	0.0008407587973284737
MAR00949	0.005938969176443775
MAR00950	0.0008407587973284737
MAR00951	0.0008407587973284737
MAR00953	0.005938969176443775
MAR00954	0.0008407587973284737
MAR00955	0.0008407587973284737
MAR00956	0.0008407587973284737
MAR00957	0.005938969176443775
MAR00958	3.891759217537176e-05
MAR00959	3.891759217537176e-05
MAR00960	0.06528775939913394
MAR00961	0.00015921194803586723
MAR00963	0.06528775939913394
MAR00964	0.00015921194803586723
MAR00967	0.00015921194803586723
MAR00969	3.8992591605744e-05
MAR00971	3.891759217537176e-05
MAR00973	0.005665274266570246
MAR00976	0.00015921194803586723
MAR00979	9.858754595081572e-05
MAR00980	0.005665274266570246
MAR00981	3.8992591605744e-05
MAR00983	4.018423059147297e-05
MAR00985	4.018423059147297e-05
MAR00986	4.018423059147297e-05
MAR00987	4.018423059147297e-05
MAR00988	0.06528775939913394
MAR00989	9.858754595081572e-05
MAR00990	9.858754595081572e-05
MAR00991	0.0008407587973284737
MAR00992	0.0008407587973284737
MAR00993	0.0008407587973284737
MAR00994	0.0008407587973284737
MAR00995	0.00391576184035012
MAR00996	0.00391576184035012
MAR00997	0.00391576184035012
MAR00998	3.891759217537176e-05
MAR00999	3.891759217537176e-05
MAR01000	3.891759217537176e-05
MAR01002	0.005938969176443775
MAR01003	0.005938969176443775
MAR01004	0.005938969176443775
MAR01006	0.005938969176443775
MAR01007	0.005938969176443775
MAR01008	0.005938969176443775
MAR01010	0.00015921194803586723
MAR01011	0.00015921194803586723
MAR01013	3.891759217537176e-05
MAR01014	3.891759217537176e-05
MAR01015	3.891759217537176e-05
MAR01016	3.891759217537176e-05
MAR01017	3.891759217537176e-05
MAR01018	3.891759217537176e-05
MAR01020	0.005938969176443775
MAR01021	0.005938969176443775
MAR01022	0.005938969176443775
MAR01023	0.005938969176443775
MAR01025	0.005938969176443775
MAR01026	0.005938969176443775
MAR01027	0.005938969176443775
MAR01028	0.005938969176443775
MAR01029	0.00015921194803586723
MAR01030	0.00015921194803586723
MAR01033	0.00015921194803586723
MAR01034	0.00015921194803586723
MAR01037	0.00015921194803586723
MAR01039	0.00015921194803586723
MAR01040	9.858754595081572e-05
MAR01041	9.858754595081572e-05
MAR01042	9.858754595081572e-05
MAR01043	0.06528775939913394
MAR01045	0.06528775939913394
MAR01048	0.06528775939913394
MAR01049	0.06528775939913394
MAR01050	0.026562137270910786
MAR01053	0.026562137270910786
MAR01054	0.026562137270910786
MAR01055	0.005938969176443775
MAR01057	0.005938969176443775
MAR01058	0.005938969176443775
MAR01059	3.8992591605744e-05
MAR01061	3.8992591605744e-05
MAR01062	0.00015921194803586723
MAR01063	0.00015921194803586723
MAR01064	0.00015921194803586723
MAR01065	0.012621316076293352
MAR01066	0.012621316076293352
MAR01067	0.012621316076293352
MAR01068	0.012621316076293352
MAR01069	0.012621316076293352
MAR01070	0.012621316076293352
MAR01071	3.8992591605744e-05
MAR01072	3.8992591605744e-05
MAR01073	0.00015921194803586723
MAR01074	0.004302793311469842
MAR01075	3.891759217537176e-05
MAR01077	3.891759217537176e-05
MAR01079	9.462871789354733e-05
MAR03015	0.0045479093818826
MAR01080	0.004333100521672657
MAR01081	6.484375940191456e-05
MAR01084	0.0012731785641390395
MAR01085	4.429068745748042e-05
MAR01087	9.858754595081572e-05
MAR01088	0.009508033697461143
MAR01091	0.009508033697461143
MAR01092	9.858754595081572e-05
MAR01093	0.00015921194803586723
MAR01096	0.00015921194803586723
MAR01097	3.8388652156830775e-05
MAR01098	0.009242668090335308
MAR01099	3.8388652156830775e-05
MAR01100	0.005665274266570246
MAR01101	0.005665274266570246
MAR01102	0.005665274266570246
MAR01103	0.005665274266570246
MAR01105	0.005665274266570246
MAR01106	0.005665274266570246
MAR01107	3.8992591605744e-05
MAR01108	3.8992591605744e-05
MAR01109	3.8992591605744e-05
MAR01110	3.8992591605744e-05
MAR01111	3.8992591605744e-05
MAR01112	3.8992591605744e-05
MAR01113	9.858754595081572e-05
MAR01114	9.858754595081572e-05
MAR01115	9.858754595081572e-05
MAR01116	0.005665274266570246
MAR01117	0.005665274266570246
MAR01119	0.026562137270910786
MAR01120	0.026562137270910786
MAR01121	0.026562137270910786
MAR01122	0.026562137270910786
MAR01123	0.005665274266570246
MAR01124	0.005665274266570246
MAR01125	0.005665274266570246
MAR01126	3.8992591605744e-05
MAR01127	3.8992591605744e-05
MAR01128	3.8992591605744e-05
MAR01129	0.009242668090335308
MAR01130	0.009242668090335308
MAR01131	0.009242668090335308
MAR01132	0.0038857095939221057
MAR01133	0.0038857095939221057
MAR01134	0.0038857095939221057
MAR01136	9.858754595081572e-05
MAR01137	3.8992591605744e-05
MAR01138	3.8992591605744e-05
MAR01139	3.8992591605744e-05
MAR01140	3.8992591605744e-05
MAR01142	9.858754595081572e-05
MAR01146	0.005665274266570246
MAR01147	0.005665274266570246
MAR01148	0.005665274266570246
MAR01149	0.0008407587973284737
MAR01150	0.0008407587973284737
MAR01151	0.0008407587973284737
MAR01152	0.0008407587973284737
MAR01153	0.0008407587973284737
MAR01154	0.0008407587973284737
MAR01155	0.0008407587973284737
MAR01156	0.0008407587973284737
MAR01157	0.00459697388961915
MAR01158	0.00459697388961915
MAR01159	0.00459697388961915
MAR01160	0.00459697388961915
MAR01161	0.00142662808009166
MAR01162	0.00142662808009166
MAR01163	0.00749955454686122
MAR01164	0.00749955454686122
MAR01165	0.00804147039389877
MAR01166	0.0008738040910973287
MAR01167	0.00749955454686122
MAR01168	0.0008738040910973287
MAR01170	0.002188839859397899
MAR01171	0.002188839859397899
MAR01186	9.858754595081572e-05
MAR01190	0.005665274266570246
MAR01191	0.005665274266570246
MAR01192	0.005665274266570246
MAR01193	0.0008407587973284737
MAR01194	0.0008407587973284737
MAR01195	0.0008407587973284737
MAR01196	0.0008407587973284737
MAR01197	9.858754595081572e-05
MAR01198	9.858754595081572e-05
MAR01199	9.858754595081572e-05
MAR01200	0.00459697388961915
MAR01201	0.00459697388961915
MAR01202	0.00459697388961915
MAR01203	0.00459697388961915
MAR01204	0.00142662808009166
MAR01205	0.00142662808009166
MAR01206	0.00749955454686122
MAR01207	0.00749955454686122
MAR01208	0.00804147039389877
MAR01209	0.0008738040910973287
MAR01210	0.00749955454686122
MAR01211	0.0008738040910973287
MAR01212	0.002188839859397899
MAR01213	0.002188839859397899
MAR01228	0.004302793311469842
MAR01229	0.004302793311469842
MAR01230	0.004302793311469842
MAR01231	0.005665274266570246
MAR01232	0.005665274266570246
MAR01233	0.005665274266570246
MAR01234	3.8992591605744e-05
MAR01235	3.8992591605744e-05
MAR01236	3.8992591605744e-05
MAR01237	3.8992591605744e-05
MAR01238	3.8992591605744e-05
MAR01239	3.8992591605744e-05
MAR01241	9.858754595081572e-05
MAR01244	0.005665274266570246
MAR01245	0.005665274266570246
MAR01246	0.005665274266570246
MAR01247	9.858754595081572e-05
MAR01248	0.00459697388961915
MAR01249	0.00459697388961915
MAR01250	0.00459697388961915
MAR01251	0.00459697388961915
MAR01253	0.00142662808009166
MAR01254	0.00142662808009166
MAR01255	0.00749955454686122
MAR01256	0.00749955454686122
MAR01257	0.00804147039389877
MAR01258	0.0008738040910973287
MAR01259	0.00749955454686122
MAR01260	0.0008738040910973287
MAR01261	0.002188839859397899
MAR01262	0.002188839859397899
MAR01263	0.00459697388961915
MAR01264	0.00459697388961915
MAR01265	0.00459697388961915
MAR01266	0.00459697388961915
MAR01270	0.00142662808009166
MAR01271	0.00142662808009166
MAR01272	0.00749955454686122
MAR01273	0.00749955454686122
MAR01274	0.00804147039389877
MAR01275	0.0008738040910973287
MAR01276	0.00749955454686122
MAR01277	0.0008738040910973287
MAR01278	0.002188839859397899
MAR01279	0.002188839859397899
MAR01280	0.005665274266570246
MAR01281	0.005665274266570246
MAR01282	0.005665274266570246
MAR01285	9.858754595081572e-05
MAR01287	9.858754595081572e-05
MAR01288	0.009242668090335308
MAR01289	0.0038857095939221057
MAR01290	0.00459697388961915
MAR01291	0.00142662808009166
MAR01292	0.00749955454686122
MAR01293	0.0008738040910973287
MAR01294	0.0008738040910973287
MAR01295	0.002188839859397899
MAR01296	0.00142662808009166
MAR01297	0.0006934494529048477
MAR01298	0.00749955454686122
MAR01299	0.00749955454686122
MAR01300	0.0008738040910973287
MAR01301	0.0008738040910973287
MAR01302	0.000654518330986825
MAR01303	0.00142662808009166
MAR01304	0.002188839859397899
MAR04796	0.0012731785641390395
MAR08545	4.0624195324787976e-05
MAR08546	0.005665274266570246
MAR08547	9.858754595081572e-05
MAR08548	0.0012731785641390395
MAR08549	9.858754595081572e-05
MAR08550	6.484375940191456e-05
MAR08552	9.858754595081572e-05
MAR08554	3.9325593615092805e-05
MAR08555	3.728206335263105e-05
MAR08556	3.728206335263105e-05
MAR08557	0.00391576184035012
MAR08558	0.00391576184035012
MAR08559	4.250605532875738e-05
MAR08560	0.009611969703910983
MAR08561	9.858754595081572e-05
MAR00154	0.002188839859397899
MAR00189	0.002188839859397899
MAR00193	0.002188839859397899
MAR00197	0.002188839859397899
MAR00201	0.002188839859397899
MAR00206	0.002188839859397899
MAR00210	0.002188839859397899
MAR00214	0.002188839859397899
MAR00223	0.002188839859397899
MAR00230	0.002188839859397899
MAR00234	0.002188839859397899
MAR00238	0.002188839859397899
MAR00242	0.002188839859397899
MAR00246	0.002188839859397899
MAR00250	0.002188839859397899
MAR00256	0.002188839859397899
MAR00260	0.002188839859397899
MAR00264	0.002188839859397899
MAR00268	0.002188839859397899
MAR00272	0.002188839859397899
MAR00276	0.002188839859397899
MAR00280	0.0005264450842138454
MAR00284	0.0005264450842138454
MAR00290	0.0005264450842138454
MAR00294	0.0005264450842138454
MAR00298	0.0005264450842138454
MAR00302	0.0005264450842138454
MAR00306	0.0005264450842138454
MAR00310	4.041039851981052e-05
MAR00314	4.041039851981052e-05
MAR00320	4.041039851981052e-05
MAR00324	4.041039851981052e-05
MAR00328	4.041039851981052e-05
MAR00332	4.041039851981052e-05
MAR00338	4.041039851981052e-05
MAR00342	4.041039851981052e-05
MAR00346	4.041039851981052e-05
MAR00350	0.002188839859397899
MAR00354	0.002188839859397899
MAR00358	0.0005264450842138454
MAR00362	0.0005264450842138454
MAR00366	4.041039851981052e-05
MAR00370	4.041039851981052e-05
MAR00374	4.041039851981052e-05
MAR00378	4.041039851981052e-05
MAR00382	0.002188839859397899
MAR00386	4.041039851981052e-05
MAR00390	4.041039851981052e-05
MAR00394	4.041039851981052e-05
MAR00398	0.002188839859397899
MAR00402	0.002188839859397899
MAR00406	0.002188839859397899
MAR00410	0.002188839859397899
MAR00414	4.041039851981052e-05
MAR00418	4.041039851981052e-05
MAR00422	4.041039851981052e-05
MAR00426	4.041039851981052e-05
MAR00430	0.0005264450842138454
MAR00434	4.041039851981052e-05
MAR00438	4.041039851981052e-05
MAR03009	0.000654518330986825
MAR03475	0.000654518330986825
MAR03476	9.858754595081572e-05
MAR03477	9.858754595081572e-05
MAR00159	0.002106543691908336
MAR02591	0.002106543691908336
MAR02594	0.002106543691908336
MAR02599	0.002106543691908336
MAR02602	0.002106543691908336
MAR02605	0.002106543691908336
MAR02608	0.002106543691908336
MAR02611	0.002106543691908336
MAR02614	0.002106543691908336
MAR02620	0.002106543691908336
MAR02623	0.002106543691908336
MAR02626	0.002106543691908336
MAR02633	0.002106543691908336
MAR02636	0.002106543691908336
MAR02642	0.002106543691908336
MAR02648	0.002106543691908336
MAR02651	0.002106543691908336
MAR02654	0.002106543691908336
MAR02657	0.002106543691908336
MAR02660	0.002106543691908336
MAR02663	0.002106543691908336
MAR02666	0.002106543691908336
MAR02669	0.002106543691908336
MAR02672	0.002106543691908336
MAR02675	0.002106543691908336
MAR02678	0.002106543691908336
MAR02681	0.002106543691908336
MAR02684	0.002106543691908336
MAR02687	0.002106543691908336
MAR02690	0.002106543691908336
MAR02693	0.002106543691908336
MAR02699	0.002106543691908336
MAR02702	0.002106543691908336
MAR02705	0.002106543691908336
MAR02708	0.002106543691908336
MAR02711	0.002106543691908336
MAR02714	0.002106543691908336
MAR02717	0.002106543691908336
MAR02720	0.002106543691908336
MAR02726	0.002106543691908336
MAR02730	0.002106543691908336
MAR02733	0.002106543691908336
MAR02736	0.002106543691908336
MAR02739	0.002106543691908336
MAR02742	0.002106543691908336
MAR02746	0.002106543691908336
MAR02752	0.002106543691908336
MAR02755	0.002106543691908336
MAR02759	0.002106543691908336
MAR02762	0.002106543691908336
MAR02768	0.002106543691908336
MAR02771	0.002106543691908336
MAR02774	0.002106543691908336
MAR02877	0.002106543691908336
MAR03032	0.002106543691908336
MAR03521	9.858754595081572e-05
MAR08419	9.858754595081572e-05
MAR00160	0.0019395509112199725
MAR00161	0.0024957133651521855
MAR00162	0.0019395509112199725
MAR00163	0.0017314241715580215
MAR02592	0.0019395509112199725
MAR02593	0.0024957133651521855
MAR02596	0.0019395509112199725
MAR02598	0.0024957133651521855
MAR02600	0.0019395509112199725
MAR02601	0.0024957133651521855
MAR02603	0.0019395509112199725
MAR02604	0.0024957133651521855
MAR02606	0.0019395509112199725
MAR02607	0.0024957133651521855
MAR02609	0.0019395509112199725
MAR02610	0.0024957133651521855
MAR02612	0.0019395509112199725
MAR02613	0.0024957133651521855
MAR02616	0.0019395509112199725
MAR02618	0.0024957133651521855
MAR02621	0.0019395509112199725
MAR02622	0.0024957133651521855
MAR02624	0.0019395509112199725
MAR02625	0.0024957133651521855
MAR02629	0.0019395509112199725
MAR02630	0.0024957133651521855
MAR02634	0.0019395509112199725
MAR02635	0.0024957133651521855
MAR02638	0.0019395509112199725
MAR02640	0.0024957133651521855
MAR02644	0.0019395509112199725
MAR02646	0.0024957133651521855
MAR02649	0.0019395509112199725
MAR02650	0.0024957133651521855
MAR02652	0.0019395509112199725
MAR02653	0.0024957133651521855
MAR02655	0.0019395509112199725
MAR02656	0.0024957133651521855
MAR02658	0.0019395509112199725
MAR02659	0.0024957133651521855
MAR02661	0.0019395509112199725
MAR02662	0.0024957133651521855
MAR02664	0.0019395509112199725
MAR02665	0.0024957133651521855
MAR02667	0.0019395509112199725
MAR02668	0.0024957133651521855
MAR02670	0.0019395509112199725
MAR02671	0.0024957133651521855
MAR02673	0.0019395509112199725
MAR02674	0.0024957133651521855
MAR02676	0.0019395509112199725
MAR02677	0.0024957133651521855
MAR02679	0.0019395509112199725
MAR02680	0.0024957133651521855
MAR02682	0.0019395509112199725
MAR02683	0.0024957133651521855
MAR02685	0.0019395509112199725
MAR02686	0.0024957133651521855
MAR02688	0.0019395509112199725
MAR02689	0.0024957133651521855
MAR02691	0.0019395509112199725
MAR02692	0.0024957133651521855
MAR02695	0.0019395509112199725
MAR02697	0.0024957133651521855
MAR02700	0.0019395509112199725
MAR02701	0.0024957133651521855
MAR02703	0.0019395509112199725
MAR02704	0.0024957133651521855
MAR02706	0.0019395509112199725
MAR02707	0.0024957133651521855
MAR02709	0.0019395509112199725
MAR02710	0.0024957133651521855
MAR02712	0.0019395509112199725
MAR02713	0.0024957133651521855
MAR02715	0.0019395509112199725
MAR02716	0.0024957133651521855
MAR02718	0.0019395509112199725
MAR02719	0.0024957133651521855
MAR02722	0.0019395509112199725
MAR02724	0.0024957133651521855
MAR02727	0.0019395509112199725
MAR02729	0.0024957133651521855
MAR02731	0.0019395509112199725
MAR02732	0.0024957133651521855
MAR02734	0.0019395509112199725
MAR02735	0.0024957133651521855
MAR02737	0.0019395509112199725
MAR02738	0.0024957133651521855
MAR02740	0.0019395509112199725
MAR02741	0.0024957133651521855
MAR02744	0.0019395509112199725
MAR02745	0.0024957133651521855
MAR02748	0.0019395509112199725
MAR02750	0.0024957133651521855
MAR02753	0.0019395509112199725
MAR02754	0.0024957133651521855
MAR02757	0.0019395509112199725
MAR02758	0.0024957133651521855
MAR02760	0.0019395509112199725
MAR02761	0.0024957133651521855
MAR02764	0.0019395509112199725
MAR02766	0.0024957133651521855
MAR02769	0.0019395509112199725
MAR02770	0.0024957133651521855
MAR02772	0.0019395509112199725
MAR02773	0.0024957133651521855
MAR02775	0.0019395509112199725
MAR02776	0.0024957133651521855
MAR03519	9.858754595081572e-05
MAR03520	9.858754595081572e-05
MAR08417	9.858754595081572e-05
MAR08418	9.858754595081572e-05
MAR03027	9.858754595081572e-05
MAR03028	0.002106543691908336
MAR03029	0.0024957133651521855
MAR03030	0.0024957133651521855
MAR03033	0.0019395509112199725
MAR03034	0.0017314241715580215
MAR03035	0.0019395509112199725
MAR03037	0.0024957133651521855
MAR02778	0.00020508829467750993
MAR02780	0.0024957133651521855
MAR02783	0.0019395509112199725
MAR02785	0.0024957133651521855
MAR02787	0.00020508829467750993
MAR02788	0.0024957133651521855
MAR02789	0.00020508829467750993
MAR02790	0.0024957133651521855
MAR02791	0.00020508829467750993
MAR02792	0.0024957133651521855
MAR02793	0.00020508829467750993
MAR02794	0.0024957133651521855
MAR02795	0.00020508829467750993
MAR02796	0.0024957133651521855
MAR02797	0.00020508829467750993
MAR02798	0.0024957133651521855
MAR02799	0.00020508829467750993
MAR02800	0.0024957133651521855
MAR02801	0.00020508829467750993
MAR02803	0.0024957133651521855
MAR02805	0.00020508829467750993
MAR02806	0.0024957133651521855
MAR02807	0.00020508829467750993
MAR02809	0.0024957133651521855
MAR02811	0.00020508829467750993
MAR02812	0.0024957133651521855
MAR02813	0.00020508829467750993
MAR02814	0.0024957133651521855
MAR02815	0.00020508829467750993
MAR02816	0.0024957133651521855
MAR02817	0.00020508829467750993
MAR02819	0.0024957133651521855
MAR02821	0.00020508829467750993
MAR02822	0.0024957133651521855
MAR02823	0.00020508829467750993
MAR02824	0.0024957133651521855
MAR02825	0.00020508829467750993
MAR02827	0.0024957133651521855
MAR02829	0.00020508829467750993
MAR02830	0.0024957133651521855
MAR02831	0.00020508829467750993
MAR02832	0.0024957133651521855
MAR02833	0.00020508829467750993
MAR02834	0.0024957133651521855
MAR02835	0.00020508829467750993
MAR02836	0.0024957133651521855
MAR02837	0.00020508829467750993
MAR02838	0.0024957133651521855
MAR02839	0.00020508829467750993
MAR02840	0.0024957133651521855
MAR02841	0.00020508829467750993
MAR02842	0.0024957133651521855
MAR02843	0.00020508829467750993
MAR02844	0.0024957133651521855
MAR02845	0.00020508829467750993
MAR02846	0.0024957133651521855
MAR02847	0.00020508829467750993
MAR02848	0.0024957133651521855
MAR02849	0.00020508829467750993
MAR02850	0.0024957133651521855
MAR02851	0.00020508829467750993
MAR02852	0.0024957133651521855
MAR02853	0.00020508829467750993
MAR02854	0.0024957133651521855
MAR02855	0.00020508829467750993
MAR02856	0.0024957133651521855
MAR02857	0.00020508829467750993
MAR02859	0.0024957133651521855
MAR02861	0.00020508829467750993
MAR02862	0.0024957133651521855
MAR02863	0.00020508829467750993
MAR02864	0.0024957133651521855
MAR02865	0.00020508829467750993
MAR02866	0.0024957133651521855
MAR02867	0.00020508829467750993
MAR02868	0.0024957133651521855
MAR02869	0.00020508829467750993
MAR02870	0.0024957133651521855
MAR02871	0.00020508829467750993
MAR02872	0.0024957133651521855
MAR02873	0.00020508829467750993
MAR02874	0.0024957133651521855
MAR02875	0.00020508829467750993
MAR02876	0.0024957133651521855
MAR02878	0.00020508829467750993
MAR02879	0.0024957133651521855
MAR02880	0.00020508829467750993
MAR02882	0.0024957133651521855
MAR02884	0.00020508829467750993
MAR02886	0.0024957133651521855
MAR02888	0.00020508829467750993
MAR02890	0.0024957133651521855
MAR02892	0.00020508829467750993
MAR02894	0.0024957133651521855
MAR02896	0.00020508829467750993
MAR02897	0.0024957133651521855
MAR02898	0.00020508829467750993
MAR02899	0.0024957133651521855
MAR02900	0.00020508829467750993
MAR02901	0.0024957133651521855
MAR02902	0.00020508829467750993
MAR02903	0.0024957133651521855
MAR02904	0.00020508829467750993
MAR02905	0.0024957133651521855
MAR02906	0.002106543691908336
MAR02907	0.00020508829467750993
MAR02908	0.0024957133651521855
MAR02909	0.002106543691908336
MAR02910	0.00020508829467750993
MAR02911	0.0024957133651521855
MAR02912	0.002106543691908336
MAR02913	0.00020508829467750993
MAR02914	0.0024957133651521855
MAR02915	0.002106543691908336
MAR02916	0.00020508829467750993
MAR02917	0.0024957133651521855
MAR02918	0.002106543691908336
MAR02919	0.00020508829467750993
MAR02920	0.0024957133651521855
MAR02921	0.002106543691908336
MAR02922	0.00020508829467750993
MAR02923	0.0024957133651521855
MAR02924	0.002106543691908336
MAR02925	0.00020508829467750993
MAR02926	0.0024957133651521855
MAR02927	0.002106543691908336
MAR02928	0.00020508829467750993
MAR02929	0.0024957133651521855
MAR02930	0.002106543691908336
MAR02931	0.00020508829467750993
MAR02932	0.0024957133651521855
MAR00001	0.006727738802635778
MAR00002	3.728206335263105e-05
MAR00003	0.003552278369582222
MAR00005	0.006616541921414123
MAR00449	0.001697960745875894
MAR00604	0.0015456556905376311
MAR00605	0.0013093127166313606
MAR00665	0.003552278369582222
MAR00667	0.003552278369582222
MAR00668	0.003552278369582222
MAR00669	0.003552278369582222
MAR00670	0.003552278369582222
MAR00671	0.003552278369582222
MAR00672	0.003552278369582222
MAR00679	0.006616541921414123
MAR00680	0.006616541921414123
MAR00681	0.006616541921414123
MAR00682	0.006616541921414123
MAR00683	0.006616541921414123
MAR00684	0.006616541921414123
MAR07588	0.002631380830219833
MAR03053	9.858754595081572e-05
MAR03054	9.858754595081572e-05
MAR03055	9.858754595081572e-05
MAR03057	0.00142662808009166
MAR03058	0.00749955454686122
MAR03059	0.0008738040910973287
MAR03060	0.0008738040910973287
MAR03062	0.00142662808009166
MAR03063	0.00749955454686122
MAR03064	0.0008738040910973287
MAR03065	0.0008738040910973287
MAR03066	0.00142662808009166
MAR03067	0.00749955454686122
MAR03068	0.0008738040910973287
MAR03069	0.0008738040910973287
MAR03070	0.00142662808009166
MAR03071	0.00749955454686122
MAR03072	0.0008738040910973287
MAR03073	0.0008738040910973287
MAR03074	0.00142662808009166
MAR03075	0.00749955454686122
MAR03076	0.0008738040910973287
MAR03077	0.0008738040910973287
MAR03078	0.00142662808009166
MAR03079	0.00749955454686122
MAR03080	0.0008738040910973287
MAR03081	0.0008738040910973287
MAR03082	0.00142662808009166
MAR03083	0.00749955454686122
MAR03084	0.0008738040910973287
MAR03085	0.0008738040910973287
MAR03086	0.00142662808009166
MAR03087	0.00749955454686122
MAR03088	0.0008738040910973287
MAR03089	0.0008738040910973287
MAR03090	0.00142662808009166
MAR03091	0.00749955454686122
MAR03092	0.0008738040910973287
MAR03093	0.0008738040910973287
MAR03094	0.00142662808009166
MAR03095	0.00749955454686122
MAR03096	0.0008738040910973287
MAR03097	0.0008738040910973287
MAR03098	0.00142662808009166
MAR03099	0.00749955454686122
MAR03100	0.0008738040910973287
MAR03101	0.0008738040910973287
MAR03102	0.00142662808009166
MAR03103	0.00749955454686122
MAR03104	0.0008738040910973287
MAR03106	9.858754595081572e-05
MAR03056	9.858754595081572e-05
MAR03326	0.00142662808009166
MAR03327	0.00749955454686122
MAR03328	0.0008738040910973287
MAR03329	0.0008738040910973287
MAR03330	0.00142662808009166
MAR03331	0.00749955454686122
MAR03332	0.0008738040910973287
MAR03333	0.0008738040910973287
MAR03334	0.00142662808009166
MAR03335	0.00749955454686122
MAR03336	0.0008738040910973287
MAR03337	0.0008738040910973287
MAR03338	0.00142662808009166
MAR03339	0.00749955454686122
MAR03340	0.0008738040910973287
MAR03341	0.0008738040910973287
MAR03342	0.00142662808009166
MAR03343	0.00749955454686122
MAR03344	0.0008738040910973287
MAR03345	0.0008738040910973287
MAR03346	0.00142662808009166
MAR03347	0.00749955454686122
MAR03348	0.0008738040910973287
MAR03349	0.0008738040910973287
MAR03350	0.00142662808009166
MAR03351	0.00749955454686122
MAR03352	0.0008738040910973287
MAR03353	0.0008738040910973287
MAR03355	0.00749955454686122
MAR03365	0.00749955454686122
MAR03367	0.0008738040910973287
MAR03368	0.0008738040910973287
MAR03370	0.00749955454686122
MAR03372	0.0008738040910973287
MAR03373	0.0008738040910973287
MAR03375	0.00749955454686122
MAR03478	9.858754595081572e-05
MAR03480	5.355273042056006e-05
MAR03481	0.0011114349681442274
MAR03482	5.355273042056006e-05
MAR03484	0.002362629325339067
MAR03486	0.001422484707594534
MAR03488	0.002362629325339067
MAR03491	0.00020792599343234645
MAR03493	5.355273042056006e-05
MAR03498	0.00142662808009166
MAR03501	0.00749955454686122
MAR03503	0.0008738040910973287
MAR03505	0.0008738040910973287
MAR03506	0.00142662808009166
MAR03508	0.00749955454686122
MAR03509	0.0008738040910973287
MAR03510	0.0008738040910973287
MAR03511	0.00020792599343234645
MAR03512	0.00142662808009166
MAR03513	0.00749955454686122
MAR03514	0.0008738040910973287
MAR03515	0.0008738040910973287
MAR03517	0.0028312883731632103
MAR03302	0.00749955454686122
MAR03304	0.0008738040910973287
MAR03305	0.0008738040910973287
MAR03307	0.00749955454686122
MAR03309	0.0008738040910973287
MAR03310	0.0008738040910973287
MAR03312	0.00749955454686122
MAR03314	0.0008738040910973287
MAR03315	0.0008738040910973287
MAR03316	0.00749955454686122
MAR03317	0.00749955454686122
MAR03319	0.0008738040910973287
MAR03320	0.0008738040910973287
MAR03321	0.00142662808009166
MAR03323	0.00749955454686122
MAR03107	0.004463099911056798
MAR03108	0.00749955454686122
MAR03109	0.00804147039389877
MAR03110	0.00749955454686122
MAR03111	0.004463099911056798
MAR03112	0.00749955454686122
MAR03113	0.00804147039389877
MAR03114	0.00749955454686122
MAR03115	0.004463099911056798
MAR03116	0.00749955454686122
MAR03117	0.00804147039389877
MAR03118	0.00749955454686122
MAR03121	0.004463099911056798
MAR03122	0.00749955454686122
MAR03123	0.00804147039389877
MAR03125	0.00749955454686122
MAR03128	0.004463099911056798
MAR03129	0.00749955454686122
MAR03130	0.00804147039389877
MAR03132	0.00749955454686122
MAR03135	0.004463099911056798
MAR03136	0.012621316076293352
MAR03137	0.00804147039389877
MAR03139	0.00749955454686122
MAR03142	0.0014272305559882342
MAR03143	0.012621316076293352
MAR03144	0.00804147039389877
MAR03146	0.00749955454686122
MAR03149	0.0014272305559882342
MAR03150	0.012621316076293352
MAR03151	0.00804147039389877
MAR03153	0.00749955454686122
MAR03156	0.00142662808009166
MAR03157	0.012621316076293352
MAR03158	0.00804147039389877
MAR03160	0.00749955454686122
MAR03398	0.012621316076293352
MAR03406	0.012621316076293352
MAR03407	0.012621316076293352
MAR03408	0.012621316076293352
MAR03409	0.012621316076293352
MAR03411	0.012621316076293352
MAR03413	0.012621316076293352
MAR03414	0.012621316076293352
MAR03416	0.012621316076293352
MAR03421	0.012621316076293352
MAR03423	0.012621316076293352
MAR03424	0.012621316076293352
MAR03425	0.012621316076293352
MAR09719	0.012621316076293352
MAR03427	0.012621316076293352
MAR03428	0.012621316076293352
MAR03429	0.012621316076293352
MAR03430	0.012621316076293352
MAR03431	0.012621316076293352
MAR03432	0.012621316076293352
MAR03433	0.012621316076293352
MAR03170	0.004463099911056798
MAR03171	0.00749955454686122
MAR03172	0.00804147039389877
MAR03173	0.00749955454686122
MAR03174	0.004463099911056798
MAR03175	0.00749955454686122
MAR03176	0.00804147039389877
MAR03177	0.00749955454686122
MAR03178	0.004463099911056798
MAR03179	0.00749955454686122
MAR03180	0.00804147039389877
MAR03181	0.00749955454686122
MAR03182	0.004463099911056798
MAR03183	0.00749955454686122
MAR03184	0.00804147039389877
MAR03185	0.00749955454686122
MAR03186	0.004463099911056798
MAR03187	0.00749955454686122
MAR03188	0.00804147039389877
MAR03189	0.00749955454686122
MAR03190	0.0014272305559882342
MAR03191	0.012621316076293352
MAR03192	0.00804147039389877
MAR03193	0.00749955454686122
MAR03194	0.0014272305559882342
MAR03195	0.012621316076293352
MAR03196	0.00804147039389877
MAR03197	0.00749955454686122
MAR03198	0.0014272305559882342
MAR03199	0.012621316076293352
MAR03200	0.00804147039389877
MAR03201	0.00749955454686122
MAR03202	0.00048511867963999667
MAR03203	0.012621316076293352
MAR03204	0.00804147039389877
MAR03205	0.00749955454686122
MAR03396	9.858754595081572e-05
MAR03397	9.858754595081572e-05
MAR03240	0.004463099911056798
MAR03241	0.00749955454686122
MAR03242	0.00804147039389877
MAR03243	0.00749955454686122
MAR03244	0.004463099911056798
MAR03245	0.00749955454686122
MAR03246	0.00804147039389877
MAR03247	0.00749955454686122
MAR03250	0.004463099911056798
MAR03252	0.00749955454686122
MAR03254	0.00804147039389877
MAR03256	0.00749955454686122
MAR03258	0.004463099911056798
MAR03260	0.00749955454686122
MAR03262	0.00804147039389877
MAR03264	0.00749955454686122
MAR03272	0.0017333433966354546
MAR03356	0.00142662808009166
MAR03357	0.00749955454686122
MAR03358	0.0008738040910973287
MAR03359	0.0008738040910973287
MAR03360	0.00142662808009166
MAR03361	0.00749955454686122
MAR03362	0.0008738040910973287
MAR03363	0.0008738040910973287
MAR03218	0.004463099911056798
MAR03219	0.00749955454686122
MAR03220	0.00804147039389877
MAR03221	0.00749955454686122
MAR03222	0.004463099911056798
MAR03223	0.00749955454686122
MAR03224	0.00804147039389877
MAR03225	0.00749955454686122
MAR03226	0.004463099911056798
MAR03227	0.00749955454686122
MAR03228	0.00804147039389877
MAR03229	0.00749955454686122
MAR03230	0.004463099911056798
MAR03231	0.00749955454686122
MAR03232	0.00804147039389877
MAR03233	0.00749955454686122
MAR03234	0.004463099911056798
MAR03235	0.00749955454686122
MAR03236	0.00804147039389877
MAR03237	0.00749955454686122
MAR03239	0.0017333433966354546
MAR03275	0.004463099911056798
MAR03277	0.00749955454686122
MAR03278	0.00804147039389877
MAR03279	0.00749955454686122
MAR03280	0.004463099911056798
MAR03281	0.00749955454686122
MAR03282	0.00804147039389877
MAR03283	0.00749955454686122
MAR03284	0.004463099911056798
MAR03285	0.00749955454686122
MAR03286	0.00804147039389877
MAR03287	0.00749955454686122
MAR03288	0.0017333433966354546
MAR03290	0.012621316076293352
MAR03292	0.00804147039389877
MAR03293	0.00749955454686122
MAR03294	0.004463099911056798
MAR03298	0.0017333433966354546
MAR01174	0.00749955454686122
MAR01175	0.00142662808009166
MAR01176	0.0023923892775402755
MAR01177	0.00749955454686122
MAR01178	0.00804147039389877
MAR01179	0.00749955454686122
MAR01180	0.00142662808009166
MAR01181	0.0023923892775402755
MAR01182	0.00749955454686122
MAR01183	0.00804147039389877
MAR01184	0.00749955454686122
MAR01216	0.00749955454686122
MAR01217	0.00142662808009166
MAR01218	0.0023923892775402755
MAR01219	0.00749955454686122
MAR01220	0.00804147039389877
MAR01221	0.00749955454686122
MAR01222	0.0023923892775402755
MAR01223	0.00142662808009166
MAR01224	0.00749955454686122
MAR01225	0.00804147039389877
MAR01226	0.00749955454686122
MAR03522	0.0011587537125328704
MAR03523	0.012621316076293352
MAR03524	0.00804147039389877
MAR03525	0.00749955454686122
MAR03526	0.00020792599343234645
MAR03527	0.0011587537125328704
MAR03528	0.012621316076293352
MAR03529	0.00804147039389877
MAR03530	0.00749955454686122
MAR03531	0.0011587537125328704
MAR03532	0.012621316076293352
MAR03533	0.00804147039389877
MAR03534	0.00749955454686122
MAR01573	3.728206335263105e-05
MAR06901	0.0007907982959158706
MAR06903	0.0008519598961187698
MAR06904	0.0001879858535543812
MAR06905	0.001185977275251649
MAR06906	9.858754595081572e-05
MAR06907	0.0001879858535543812
MAR06908	0.0010700342963813863
MAR06909	0.0003643734100469429
MAR06910	0.001185977275251649
MAR07165	9.858754595081572e-05
MAR07166	0.0008393509133550913
MAR07167	0.005861733139187445
MAR07168	0.005235069074860524
MAR07169	9.858754595081572e-05
MAR07170	0.005041360441221944
MAR09722	0.03146443482610795
MAR01920	0.0006337390225567117
MAR01924	0.007277093600671413
MAR01926	9.858754595081572e-05
MAR01927	0.00022428779612528098
MAR01928	7.357392500714337e-05
MAR01929	7.357392500714337e-05
MAR01931	0.01551004687875111
MAR01932	7.357392500714337e-05
MAR01933	3.728206335263105e-05
MAR01934	7.357392500714337e-05
MAR01935	7.357392500714337e-05
MAR01940	3.728206335263105e-05
MAR01941	3.728206335263105e-05
MAR01942	3.728206335263105e-05
MAR01943	4.130375239541845e-05
MAR01948	3.728206335263105e-05
MAR01949	3.728206335263105e-05
MAR01950	3.728206335263105e-05
MAR01951	3.728206335263105e-05
MAR01989	3.728206335263105e-05
MAR01990	3.728206335263105e-05
MAR01991	3.728206335263105e-05
MAR01992	3.728206335263105e-05
MAR01993	3.728206335263105e-05
MAR02002	0.0007429763568962259
MAR02003	0.0027747754907322506
MAR02004	3.728206335263105e-05
MAR02005	3.728206335263105e-05
MAR02007	3.728206335263105e-05
MAR02009	3.728206335263105e-05
MAR02010	3.728206335263105e-05
MAR02011	3.728206335263105e-05
MAR04766	3.728206335263105e-05
MAR06793	3.728206335263105e-05
MAR06794	3.728206335263105e-05
MAR06795	3.728206335263105e-05
MAR06796	3.728206335263105e-05
MAR07648	3.728206335263105e-05
MAR07928	3.728206335263105e-05
MAR07930	3.728206335263105e-05
MAR07931	3.728206335263105e-05
MAR07932	3.728206335263105e-05
MAR07934	3.728206335263105e-05
MAR07935	7.357392500714337e-05
MAR07936	3.728206335263105e-05
MAR07937	3.728206335263105e-05
MAR07938	3.728206335263105e-05
MAR07939	3.728206335263105e-05
MAR07940	0.0008407587973284737
MAR07941	0.0008407587973284737
MAR07942	9.163048262277387e-05
MAR07943	4.6434388859811494e-05
MAR07945	0.0006337390225567117
MAR07948	0.0006337390225567117
MAR07950	0.0006337390225567117
MAR07952	0.0006337390225567117
MAR07954	3.728206335263105e-05
MAR07955	0.00015253283162162417
MAR07957	0.0008407587973284737
MAR07958	3.878796914424757e-05
MAR07959	3.728206335263105e-05
MAR07962	3.728206335263105e-05
MAR07965	3.728206335263105e-05
MAR07968	0.0015601641942641644
MAR02041	0.0015601641942641644
MAR07970	0.0004086159164821433
MAR07971	3.728206335263105e-05
MAR07972	3.728206335263105e-05
MAR07973	3.728206335263105e-05
MAR07974	3.728206335263105e-05
MAR07976	0.0027747754907322506
MAR07978	3.728206335263105e-05
MAR07980	3.728206335263105e-05
MAR07984	3.728206335263105e-05
MAR07987	3.728206335263105e-05
MAR01944	3.728206335263105e-05
MAR01945	3.728206335263105e-05
MAR01952	4.03960826205414e-05
MAR01953	0.0006337390225567117
MAR01958	3.728206335263105e-05
MAR01959	5.2037787008389905e-05
MAR01960	5.2037787008389905e-05
MAR01962	4.03960826205414e-05
MAR01963	0.0006337390225567117
MAR01967	3.728206335263105e-05
MAR01968	3.728206335263105e-05
MAR01969	3.728206335263105e-05
MAR01970	3.728206335263105e-05
MAR01971	3.728206335263105e-05
MAR01973	0.0015601641942641644
MAR01974	0.0015601641942641644
MAR01976	0.0007429763568962259
MAR01977	0.0007429763568962259
MAR01978	3.728206335263105e-05
MAR01982	3.728206335263105e-05
MAR01983	3.728206335263105e-05
MAR02014	4.605184809878327e-05
MAR02015	0.0007429763568962259
MAR02016	0.0027747754907322506
MAR02017	0.0027747754907322506
MAR02018	0.0027747754907322506
MAR02019	0.0027747754907322506
MAR02020	0.0006337390225567117
MAR02022	3.728206335263105e-05
MAR02024	3.728206335263105e-05
MAR02025	0.0006337390225567117
MAR01440	0.0017768750203386787
MAR01445	0.0006430994548053773
MAR01448	0.0025704641517571543
MAR01454	0.0030860770461470094
MAR01465	0.004976056526263763
MAR01467	0.004976056526263763
MAR01470	0.0028833205093329157
MAR01473	0.0032373142899868074
MAR01477	0.0009043305896951091
MAR01478	0.0009043305896951091
MAR01479	0.0009043305896951091
MAR01484	0.0008482493454144851
MAR01490	0.005165007879767774
MAR01493	0.005165007879767774
MAR01494	0.005165007879767774
MAR01495	0.003551209013633756
MAR01496	0.003551209013633756
MAR01500	0.0004086159164821433
MAR01502	0.005165007879767774
MAR01503	0.005165007879767774
MAR01504	0.005165007879767774
MAR01505	0.003551209013633756
MAR01509	0.0004086159164821433
MAR01512	0.002554230906371465
MAR01516	0.0016888664347666214
MAR01519	0.003079657182895596
MAR01526	0.00771448606154231
MAR01533	0.00771448606154231
MAR01557	0.0016888664347666214
MAR01558	0.0016888664347666214
MAR01565	0.003079657182895596
MAR01535	0.00771448606154231
MAR01536	0.0009043305896951091
MAR01538	0.0009043305896951091
MAR01539	0.0009043305896951091
MAR01540	0.0008482493454144851
MAR01543	0.005165007879767774
MAR01544	0.005165007879767774
MAR01545	0.005165007879767774
MAR01546	0.003551209013633756
MAR01547	0.0004086159164821433
MAR01548	0.005165007879767774
MAR01549	0.005165007879767774
MAR01550	0.005165007879767774
MAR01551	0.003551209013633756
MAR01552	0.0004086159164821433
MAR01553	0.002554230906371465
MAR01437	0.0016498011480404883
MAR01451	0.0014512491055319158
MAR01457	0.0017363789105484717
MAR01460	0.0017363789105484717
MAR01531	0.0012395058224128864
MAR01570	0.00771448606154231
MAR01576	0.0005015824025174987
MAR01577	0.0010831245072692077
MAR03105	0.0017271059860171907
MAR04630	0.0017768750203386787
MAR02029	0.0008407587973284737
MAR02030	0.0008407587973284737
MAR02031	0.0008407587973284737
MAR02032	0.0008407587973284737
MAR02033	0.0008407587973284737
MAR02034	0.0008407587973284737
MAR02036	0.0015601641942641644
MAR02037	5.19220771021517e-05
MAR02038	0.0006337390225567117
MAR02042	0.0008407587973284737
MAR02043	0.0008407587973284737
MAR02044	0.004779720285102033
MAR02045	0.004779720285102033
MAR02046	3.728206335263105e-05
MAR02047	3.728206335263105e-05
MAR02048	0.004779720285102033
MAR02049	3.728206335263105e-05
MAR02050	3.728206335263105e-05
MAR02051	3.728206335263105e-05
MAR02052	0.004779720285102033
MAR02053	0.0008407587973284737
MAR02054	0.0008407587973284737
MAR02055	3.728206335263105e-05
MAR02056	3.728206335263105e-05
MAR02057	3.728206335263105e-05
MAR02058	0.004779720285102033
MAR02059	0.004779720285102033
MAR02060	0.004779720285102033
MAR02061	0.01344803661900209
MAR02062	0.01344803661900209
MAR02063	0.01344803661900209
MAR02064	9.858754595081572e-05
MAR02068	0.026562137270910786
MAR02069	0.026562137270910786
MAR02070	0.026562137270910786
MAR02071	0.026562137270910786
MAR02072	0.026562137270910786
MAR02073	0.026562137270910786
MAR02074	0.026562137270910786
MAR02075	0.026562137270910786
MAR02076	0.01344803661900209
MAR02077	0.01344803661900209
MAR02078	0.01344803661900209
MAR02079	9.858754595081572e-05
MAR02083	0.026562137270910786
MAR02084	0.026562137270910786
MAR02085	0.026562137270910786
MAR02086	0.026562137270910786
MAR02088	0.01344803661900209
MAR02089	0.01344803661900209
MAR02091	9.858754595081572e-05
MAR02095	0.026562137270910786
MAR02096	0.026562137270910786
MAR02097	0.026562137270910786
MAR02098	0.026562137270910786
MAR02099	0.01344803661900209
MAR02100	0.01344803661900209
MAR02102	9.858754595081572e-05
MAR02106	0.026562137270910786
MAR02107	0.026562137270910786
MAR02108	0.026562137270910786
MAR02109	0.026562137270910786
MAR02110	0.026562137270910786
MAR02111	0.026562137270910786
MAR02112	0.026562137270910786
MAR02113	0.026562137270910786
MAR03537	9.858754595081572e-05
MAR03538	0.00762995585464111
MAR03539	0.00762995585464111
MAR03540	0.00762995585464111
MAR03541	0.00762995585464111
MAR03542	0.00762995585464111
MAR03543	0.00762995585464111
MAR03544	0.00762995585464111
MAR03545	0.00762995585464111
MAR03546	0.00762995585464111
MAR03547	0.00762995585464111
MAR03548	0.00762995585464111
MAR03549	0.00762995585464111
MAR03550	0.00762995585464111
MAR03551	0.00762995585464111
MAR03552	0.00762995585464111
MAR03553	0.00762995585464111
MAR03554	0.00762995585464111
MAR03555	0.00762995585464111
MAR03556	0.00762995585464111
MAR03557	0.00762995585464111
MAR03558	0.00762995585464111
MAR03559	0.00762995585464111
MAR03560	0.00762995585464111
MAR03561	0.00762995585464111
MAR03562	0.00762995585464111
MAR03563	0.00762995585464111
MAR03564	0.00762995585464111
MAR03565	0.00762995585464111
MAR03566	0.00762995585464111
MAR03567	0.00762995585464111
MAR03568	0.00762995585464111
MAR03569	0.00762995585464111
MAR03570	0.00762995585464111
MAR03571	0.00762995585464111
MAR03572	0.00762995585464111
MAR03573	0.00762995585464111
MAR03574	0.00762995585464111
MAR03575	0.00762995585464111
MAR03576	0.00762995585464111
MAR03577	0.00762995585464111
MAR03578	0.00762995585464111
MAR03579	0.00762995585464111
MAR03580	0.00762995585464111
MAR03581	0.00762995585464111
MAR03582	0.00762995585464111
MAR03583	0.00762995585464111
MAR03584	0.00762995585464111
MAR03585	0.00762995585464111
MAR03586	0.00762995585464111
MAR03587	0.00762995585464111
MAR03588	0.00762995585464111
MAR03589	0.00762995585464111
MAR03590	0.00762995585464111
MAR03591	0.00762995585464111
MAR03592	0.00762995585464111
MAR03593	0.00762995585464111
MAR03594	0.00762995585464111
MAR03595	0.00762995585464111
MAR03596	0.00762995585464111
MAR03622	9.858754595081572e-05
MAR03625	0.003201087340871996
MAR03626	0.003201087340871996
MAR03627	0.003201087340871996
MAR03628	0.003201087340871996
MAR03629	0.003201087340871996
MAR03630	0.003201087340871996
MAR03631	0.003201087340871996
MAR03632	0.003201087340871996
MAR03633	0.003201087340871996
MAR03634	0.003201087340871996
MAR03635	0.003201087340871996
MAR03636	0.003201087340871996
MAR03637	0.003201087340871996
MAR03638	0.003201087340871996
MAR03639	0.003201087340871996
MAR03640	0.003201087340871996
MAR03641	0.003201087340871996
MAR03642	0.003201087340871996
MAR03643	0.003201087340871996
MAR03644	0.003201087340871996
MAR03645	0.003201087340871996
MAR03646	0.003201087340871996
MAR03647	0.003201087340871996
MAR03648	0.003201087340871996
MAR03649	0.003201087340871996
MAR03650	0.003201087340871996
MAR03651	0.003201087340871996
MAR03652	0.003201087340871996
MAR03653	0.003201087340871996
MAR03654	0.003201087340871996
MAR03655	0.003201087340871996
MAR03656	0.003201087340871996
MAR03657	0.003201087340871996
MAR03658	0.003201087340871996
MAR03659	0.003201087340871996
MAR03660	0.003201087340871996
MAR03661	0.003201087340871996
MAR03662	0.003201087340871996
MAR03663	0.003201087340871996
MAR03664	0.003201087340871996
MAR03665	0.003201087340871996
MAR03666	0.003201087340871996
MAR03667	0.003201087340871996
MAR03668	0.003201087340871996
MAR03669	0.003201087340871996
MAR03670	0.003201087340871996
MAR03671	0.003201087340871996
MAR03672	0.003201087340871996
MAR03673	0.003201087340871996
MAR03674	0.003201087340871996
MAR03675	0.003201087340871996
MAR03676	0.003201087340871996
MAR03677	0.003201087340871996
MAR03678	0.003201087340871996
MAR03679	0.003201087340871996
MAR03680	0.003201087340871996
MAR03681	0.003201087340871996
MAR03682	0.003201087340871996
MAR03683	0.003201087340871996
MAR03684	0.00762995585464111
MAR03685	0.00762995585464111
MAR03686	0.00762995585464111
MAR03687	0.00762995585464111
MAR03688	0.00762995585464111
MAR03689	0.00762995585464111
MAR03690	0.00762995585464111
MAR03691	0.00762995585464111
MAR03692	0.00762995585464111
MAR03693	0.00762995585464111
MAR03694	0.00762995585464111
MAR03695	0.00762995585464111
MAR03696	0.00762995585464111
MAR03697	0.00762995585464111
MAR03698	0.00762995585464111
MAR03699	0.00762995585464111
MAR03700	0.00762995585464111
MAR03701	0.00762995585464111
MAR03702	0.00762995585464111
MAR03703	0.00762995585464111
MAR03704	0.00762995585464111
MAR03705	0.00762995585464111
MAR03706	0.00762995585464111
MAR03707	0.00762995585464111
MAR03708	0.00762995585464111
MAR03709	0.00762995585464111
MAR03710	0.00762995585464111
MAR03711	0.00762995585464111
MAR03712	0.00762995585464111
MAR03713	0.00762995585464111
MAR03714	0.00762995585464111
MAR03715	0.00762995585464111
MAR03716	0.00762995585464111
MAR03717	0.00762995585464111
MAR03718	0.00762995585464111
MAR03719	0.00762995585464111
MAR03720	0.00762995585464111
MAR03721	0.00762995585464111
MAR03722	0.00762995585464111
MAR03723	0.00762995585464111
MAR03724	0.00762995585464111
MAR03725	0.00762995585464111
MAR03726	0.00762995585464111
MAR03727	0.00762995585464111
MAR03728	0.00762995585464111
MAR03729	0.00762995585464111
MAR03730	0.00762995585464111
MAR03731	0.00762995585464111
MAR03732	0.00762995585464111
MAR03733	0.00762995585464111
MAR03734	0.00762995585464111
MAR03735	0.00762995585464111
MAR03736	0.00762995585464111
MAR03737	0.00762995585464111
MAR03738	0.00762995585464111
MAR03739	0.00762995585464111
MAR03740	0.00762995585464111
MAR03741	0.00762995585464111
MAR03742	0.00762995585464111
MAR00715	0.013291864346897305
MAR00716	0.0027642037400149506
MAR00733	0.0027642037400149506
MAR00735	0.001023403272626789
MAR00736	0.001023403272626789
MAR00738	0.002785655441959048
MAR00741	0.002491798292863637
MAR00744	0.0113920007569749
MAR00746	0.0022264142957205556
MAR00748	0.0009517935728056076
MAR00750	0.005027333051324672
MAR00753	0.0027642037400149506
MAR00754	0.013291864346897305
MAR00758	0.005027333051324672
MAR00760	0.002093382881502401
MAR00761	0.003140479364366801
MAR00762	0.010458964786685043
MAR00763	9.858754595081572e-05
MAR00765	0.006603865203213223
MAR00766	0.003165893444634384
MAR00767	0.003969283304950314
MAR00773	0.0113920007569749
MAR00775	0.0022264142957205556
MAR00779	0.0009517935728056076
MAR00781	9.858754595081572e-05
MAR00783	0.001727597781472061
MAR00795	0.008964387053241343
MAR08147	4.4766377519551676e-05
MAR08148	0.0008769368820999697
MAR08149	0.0006219503335295904
MAR08150	3.893802128384054e-05
MAR08151	4.4766377519551676e-05
MAR08152	4.4766377519551676e-05
MAR08155	0.0012678956488415608
MAR08156	5.4567588277179744e-05
MAR08159	5.4567588277179744e-05
MAR08162	3.820978546441411e-05
MAR08165	0.00011266301773155533
MAR08166	0.0002699887539394875
MAR08167	0.0012678956488415608
MAR08168	0.0018054208822489526
MAR08169	5.4567588277179744e-05
MAR08170	5.4567588277179744e-05
MAR08171	3.8226708109696967e-05
MAR08172	5.4567588277179744e-05
MAR08173	4.4766377519551676e-05
MAR08174	5.4567588277179744e-05
MAR08175	4.607621626726481e-05
MAR08176	5.4567588277179744e-05
MAR08177	3.8226708109696967e-05
MAR08178	4.607621626726481e-05
MAR08179	3.820978546441411e-05
MAR08180	3.8226708109696967e-05
MAR08181	3.8226708109696967e-05
MAR08182	3.8226708109696967e-05
MAR08183	3.8226708109696967e-05
MAR08184	0.00012908284113946752
MAR08185	0.0002699887539394875
MAR08186	0.0002699887539394875
MAR08187	0.0002699887539394875
MAR08188	0.0012678956488415608
MAR08189	0.0012678956488415608
MAR08190	0.00011266301773155533
MAR08191	0.00011266301773155533
MAR08192	0.00011266301773155533
MAR08194	4.4766377519551676e-05
MAR08197	9.858754595081572e-05
MAR08198	0.00019460236560771228
MAR08201	0.0017222826601390295
MAR00786	0.003165893444634384
MAR08206	4.1326161782705414e-05
MAR08209	0.0019536244358010256
MAR08210	0.000531722296421937
MAR08211	0.0027642037400149506
MAR08212	4.1326161782705414e-05
MAR08217	0.004901190005071915
MAR08219	0.013291864346897305
MAR08220	0.013291864346897305
MAR08221	5.434744139738667e-05
MAR08224	0.0002878151221020794
MAR08226	0.0002878151221020794
MAR08227	0.0002878151221020794
MAR08228	0.0002878151221020794
MAR08233	0.002883073650015307
MAR08235	0.002883073650015307
MAR08237	0.0009517935728056076
MAR08238	0.0009517935728056076
MAR08242	4.577363726391762e-05
MAR08245	9.858754595081572e-05
MAR08246	0.008964387053241343
MAR08248	0.003140479364366801
MAR08249	4.4766377519551676e-05
MAR08250	4.4766377519551676e-05
MAR08251	4.4766377519551676e-05
MAR00453	0.01551004687875111
MAR00456	0.0038857095939221057
MAR00458	0.01551004687875111
MAR00459	0.0038857095939221057
MAR00463	0.0007855175296951798
MAR00486	0.0018841607816025394
MAR00487	0.0018841607816025394
MAR00488	0.0018841607816025394
MAR00489	0.0018841607816025394
MAR00490	0.0018841607816025394
MAR00491	0.0018841607816025394
MAR00492	0.0018841607816025394
MAR00493	0.0018841607816025394
MAR00494	0.0018841607816025394
MAR00495	0.0018841607816025394
MAR00496	0.0018841607816025394
MAR00497	0.0018841607816025394
MAR00498	0.0018841607816025394
MAR00499	0.0018841607816025394
MAR00500	0.0018841607816025394
MAR00501	0.0018841607816025394
MAR00502	0.0018841607816025394
MAR00503	0.0018841607816025394
MAR00504	0.0018841607816025394
MAR00505	0.0018841607816025394
MAR00506	0.0018841607816025394
MAR00507	0.0018841607816025394
MAR00508	0.0018841607816025394
MAR00509	0.0018841607816025394
MAR00510	0.0018841607816025394
MAR00511	0.0018841607816025394
MAR00512	0.0018841607816025394
MAR00513	0.0018841607816025394
MAR00514	0.0018841607816025394
MAR00515	0.0018841607816025394
MAR00516	0.0018841607816025394
MAR00517	0.0018841607816025394
MAR00518	0.0018841607816025394
MAR00519	0.0018841607816025394
MAR00520	0.0018841607816025394
MAR00521	0.0018841607816025394
MAR00522	0.0018841607816025394
MAR00523	0.0018841607816025394
MAR00524	0.0018841607816025394
MAR00525	0.0018841607816025394
MAR00526	0.0018841607816025394
MAR00527	0.0018841607816025394
MAR00528	0.0018841607816025394
MAR00529	0.0018841607816025394
MAR00530	0.0018841607816025394
MAR00531	0.0018841607816025394
MAR00532	0.0018841607816025394
MAR00533	0.0018841607816025394
MAR00534	0.0018841607816025394
MAR00535	0.0018841607816025394
MAR00536	0.0018841607816025394
MAR00537	0.0018841607816025394
MAR00538	0.0018841607816025394
MAR00539	0.0018841607816025394
MAR00540	0.0018841607816025394
MAR00541	0.0018841607816025394
MAR00542	0.0018841607816025394
MAR00543	0.0018841607816025394
MAR00544	0.0018841607816025394
MAR00588	0.006244435733738577
MAR00596	0.003969283304950314
MAR00673	0.0004462713445386023
MAR00674	0.0004462713445386023
MAR00675	0.0004462713445386023
MAR00676	0.0004462713445386023
MAR00677	0.0004462713445386023
MAR00678	0.0004462713445386023
MAR04296	3.728206335263105e-05
MAR04390	0.00017070924779309345
MAR05254	0.0007855175296951798
MAR07599	0.0011426214065210355
MAR00448	0.0008619836586498029
MAR00450	0.0008619836586498029
MAR00468	0.001057371381858474
MAR00479	0.0004959855756880719
MAR00481	0.0004959855756880719
MAR00484	0.000659099165139747
MAR00579	0.0018841607816025394
MAR00580	0.006244435733738577
MAR00581	0.0009869389623733526
MAR00582	0.0009246689346093768
MAR00584	9.858754595081572e-05
MAR00586	0.0008971038648043331
MAR00589	0.006244435733738577
MAR00590	0.006244435733738577
MAR00591	0.006244435733738577
MAR00592	0.006244435733738577
MAR00593	0.006244435733738577
MAR00594	0.006244435733738577
MAR00597	0.003969283304950314
MAR00598	0.003969283304950314
MAR00599	0.003969283304950314
MAR00600	0.003969283304950314
MAR00601	0.003969283304950314
MAR00602	0.003969283304950314
MAR00610	0.007324307553302255
MAR00613	0.007324307553302255
MAR00614	0.0011426214065210355
MAR00615	0.0011426214065210355
MAR00616	0.0020970125549636437
MAR00622	0.0008139152261149379
MAR00623	0.0036179627141270593
MAR00625	0.001057371381858474
MAR00627	0.0020970125549636437
MAR00629	0.0009273626047706106
MAR00630	0.0007855175296951798
MAR00632	0.002018198903580519
MAR00633	0.005490676629544486
MAR00634	0.0003527061395000343
MAR00635	0.0004599994815409351
MAR00636	0.0005778085304840795
MAR00638	0.0024055277279691786
MAR00640	3.728206335263105e-05
MAR00641	7.043673433709184e-05
MAR00642	0.0009273626047706106
MAR00643	0.0007855175296951798
MAR00644	0.002018198903580519
MAR00645	0.005490676629544486
MAR00646	0.0004599994815409351
MAR00647	9.858754595081572e-05
MAR00648	0.0011916578212218135
MAR00649	7.065956489403007e-05
MAR00651	0.0013653222990978593
MAR00653	0.0011928870636646778
MAR00654	0.0011928870636646778
MAR00657	0.0011928870636646778
MAR00659	9.858754595081572e-05
MAR00660	0.0009273626047706106
MAR04627	0.0012395058224128864
MAR04838	0.0012395058224128864
MAR04839	0.0012395058224128864
MAR07591	0.003413442796784935
MAR07594	0.0012462301125818252
MAR07597	9.858754595081572e-05
MAR07601	9.858754595081572e-05
MAR07611	0.0034978058545207607
MAR07612	3.728206335263105e-05
MAR07613	0.002018198903580519
MAR07755	0.00048442795364796426
MAR08362	3.728206335263105e-05
MAR08421	7.043673433709184e-05
MAR08424	7.065956489403007e-05
MAR08518	0.0034978058545207607
MAR08519	3.728206335263105e-05
MAR08521	0.002018198903580519
MAR08522	9.858754595081572e-05
MAR08523	0.0009273626047706106
MAR08525	0.0009273626047706106
MAR09805	3.728206335263105e-05
MAR00815	0.00011266301773155533
MAR00816	0.0002699887539394875
MAR00817	0.0012678956488415608
MAR00819	0.003165893444634384
MAR00820	0.00012908284113946752
MAR00821	0.009099262424900442
MAR00822	3.8226708109696967e-05
MAR00823	0.0018054208822489526
MAR00824	0.00012908284113946752
MAR00825	0.0067765371051522515
MAR00827	0.00011266301773155533
MAR00828	0.009099262424900442
MAR00829	0.0002699887539394875
MAR00830	0.003165893444634384
MAR00837	0.0012678956488415608
MAR00838	0.0067765371051522515
MAR00839	3.8226708109696967e-05
MAR00840	4.607621626726481e-05
MAR00841	3.820978546441411e-05
MAR00842	0.00011266301773155533
MAR00843	0.0002699887539394875
MAR00844	0.0012678956488415608
MAR00845	0.0067765371051522515
MAR00846	3.8226708109696967e-05
MAR00847	0.0067765371051522515
MAR00848	4.607621626726481e-05
MAR00849	0.00012908284113946752
MAR00850	0.0067765371051522515
MAR00851	3.820978546441411e-05
MAR00852	3.820978546441411e-05
MAR00853	3.820978546441411e-05
MAR00854	3.820978546441411e-05
MAR00855	3.8226708109696967e-05
MAR00856	0.00011266301773155533
MAR00857	0.0002699887539394875
MAR00858	5.4567588277179744e-05
MAR00928	4.1326161782705414e-05
MAR00801	0.0008769368820999697
MAR00803	0.004901190005071915
MAR00805	0.0006219503335295904
MAR00806	0.0006219503335295904
MAR00807	0.009099262424900442
MAR00809	3.893802128384054e-05
MAR00810	0.00019460236560771228
MAR00811	0.0017222826601390295
MAR00812	0.0012678956488415608
MAR00813	5.434744139738667e-05
MAR00814	3.820978546441411e-05
MAR00859	6.817228303553939e-05
MAR00860	0.00011527453185944462
MAR00861	0.0012388508392807021
MAR00862	3.728206335263105e-05
MAR00863	3.728206335263105e-05
MAR00864	5.434744139738667e-05
MAR00865	0.00019460236560771228
MAR00866	5.434744139738667e-05
MAR00867	3.728206335263105e-05
MAR00868	3.728206335263105e-05
MAR00870	3.728206335263105e-05
MAR00871	3.728206335263105e-05
MAR00873	3.728206335263105e-05
MAR00875	0.0044600696559815925
MAR00876	0.00018916399291393443
MAR00877	3.820978546441411e-05
MAR00878	0.00017621968257793368
MAR00879	0.00019460236560771228
MAR00880	5.434744139738667e-05
MAR00881	3.728206335263105e-05
MAR00882	0.00017621968257793368
MAR00883	5.434744139738667e-05
MAR00884	3.728206335263105e-05
MAR00885	9.858754595081572e-05
MAR00886	5.434744139738667e-05
MAR00887	3.728206335263105e-05
MAR00888	0.00017621968257793368
MAR00889	0.002435080122328361
MAR00890	0.0044600696559815925
MAR00891	0.002435080122328361
MAR00892	4.4766377519551676e-05
MAR00893	0.00017621968257793368
MAR00894	0.00017621968257793368
MAR00895	0.00017621968257793368
MAR00896	0.00017621968257793368
MAR00897	0.00017621968257793368
MAR00898	5.434744139738667e-05
MAR00899	0.00017621968257793368
MAR00900	0.00017621968257793368
MAR00901	3.728206335263105e-05
MAR00902	3.728206335263105e-05
MAR00903	9.858754595081572e-05
MAR00904	5.434744139738667e-05
MAR00905	3.728206335263105e-05
MAR00906	9.13082498944938e-05
MAR00907	9.858754595081572e-05
MAR00908	5.434744139738667e-05
MAR00909	5.434744139738667e-05
MAR00910	0.00018916399291393443
MAR00911	0.00017621968257793368
MAR00912	9.858754595081572e-05
MAR00787	0.010458964786685043
MAR00790	0.0019536244358010256
MAR00792	4.1326161782705414e-05
MAR00793	0.000531722296421937
MAR00794	0.0006337390225567117
MAR00797	0.008964387053241343
MAR00804	0.009099262424900442
MAR00808	0.009099262424900442
MAR00826	0.0067765371051522515
MAR00832	0.003165893444634384
MAR00834	0.0067765371051522515
MAR00835	0.004215315601143177
MAR00836	0.009099262424900442
MAR00914	0.000531722296421937
MAR00915	4.1326161782705414e-05
MAR00919	3.728206335263105e-05
MAR00920	3.728206335263105e-05
MAR00921	3.728206335263105e-05
MAR00924	0.006603865203213223
MAR00925	0.006603865203213223
MAR00926	0.006603865203213223
MAR07188	3.914416689359389e-05
MAR08378	0.001286730937354246
MAR08379	0.008182511504861918
MAR07185	0.008182511504861918
MAR08380	0.0001690441830473846
MAR07186	0.0001690441830473846
MAR08381	0.0010691449706903356
MAR07187	0.0010691449706903356
MAR08383	0.0009928922073150102
MAR08384	0.0009195830440039274
MAR08385	0.0005111087356982199
MAR08387	0.0009195830440039274
MAR08388	0.0005111087356982199
MAR08389	0.0003100134760815478
MAR08390	0.0003100134760815478
MAR08391	0.0002623216145302646
MAR08392	0.0002623216145302646
MAR08393	0.0011959969416773864
MAR08394	0.0002623216145302646
MAR08395	0.0011959969416773864
MAR08396	0.0011959969416773864
MAR08397	0.0002623216145302646
MAR08398	0.0011959969416773864
MAR08399	0.0002623216145302646
MAR08401	0.0011959969416773864
MAR08402	0.0046929633538575705
MAR08403	0.00023784526564843005
MAR08404	0.0046929633538575705
MAR08405	0.00023784526564843005
MAR08406	0.0046929633538575705
MAR08407	0.0046929633538575705
MAR01979	3.728206335263105e-05
MAR01980	3.728206335263105e-05
MAR01981	3.728206335263105e-05
MAR01985	5.2037787008389905e-05
MAR01987	5.2037787008389905e-05
MAR01988	3.728206335263105e-05
MAR01995	3.728206335263105e-05
MAR01996	9.163048262277387e-05
MAR01999	5.2037787008389905e-05
MAR02000	5.2037787008389905e-05
MAR02001	5.2037787008389905e-05
MAR01305	0.00391576184035012
MAR01307	0.00391576184035012
MAR01308	0.00020268820566232768
MAR01310	9.858754595081572e-05
MAR01312	0.009611969703910983
MAR01313	4.881112768509901e-05
MAR01315	9.858754595081572e-05
MAR01317	9.858754595081572e-05
MAR01318	9.858754595081572e-05
MAR01319	9.858754595081572e-05
MAR01320	9.858754595081572e-05
MAR01321	0.004035038322320651
MAR01322	9.858754595081572e-05
MAR01323	9.858754595081572e-05
MAR01324	9.858754595081572e-05
MAR01325	0.0008884290819744777
MAR01326	0.0008884290819744777
MAR01327	0.005665274266570246
MAR01328	9.858754595081572e-05
MAR01329	0.0008884290819744777
MAR01330	4.250605532875738e-05
MAR01332	9.858754595081572e-05
MAR01333	9.858754595081572e-05
MAR01334	9.858754595081572e-05
MAR01335	9.858754595081572e-05
MAR01336	9.858754595081572e-05
MAR01337	9.858754595081572e-05
MAR01338	9.858754595081572e-05
MAR01339	4.881112768509901e-05
MAR01341	9.858754595081572e-05
MAR01342	9.858754595081572e-05
MAR01343	9.858754595081572e-05
MAR01344	3.8388652156830775e-05
MAR01345	9.858754595081572e-05
MAR01346	9.462871789354733e-05
MAR01347	9.462871789354733e-05
MAR01350	0.00391576184035012
MAR01352	0.003969283304950314
MAR01355	9.858754595081572e-05
MAR01356	9.858754595081572e-05
MAR01357	9.858754595081572e-05
MAR01358	9.858754595081572e-05
MAR01359	9.858754595081572e-05
MAR01360	9.858754595081572e-05
MAR01361	9.858754595081572e-05
MAR01362	9.858754595081572e-05
MAR01363	9.858754595081572e-05
MAR01364	9.858754595081572e-05
MAR01365	9.858754595081572e-05
MAR01366	9.858754595081572e-05
MAR01367	0.026562137270910786
MAR01370	0.026562137270910786
MAR01373	9.858754595081572e-05
MAR01374	9.858754595081572e-05
MAR01375	9.858754595081572e-05
MAR01376	9.858754595081572e-05
MAR01379	0.026562137270910786
MAR01382	0.0008884290819744777
MAR01383	9.858754595081572e-05
MAR01384	0.026562137270910786
MAR01387	0.0008884290819744777
MAR01388	4.018423059147297e-05
MAR01389	9.858754595081572e-05
MAR01390	0.00391576184035012
MAR01391	0.00391576184035012
MAR01393	0.00391576184035012
MAR01394	0.009611969703910983
MAR01395	0.004035038322320651
MAR01398	0.026562137270910786
MAR01401	9.858754595081572e-05
MAR01402	9.858754595081572e-05
MAR00703	0.0016744564581749018
MAR00705	0.002631380830219833
MAR00706	0.002631380830219833
MAR00708	0.002631380830219833
MAR07598	0.003969283304950314
MAR07600	0.001057371381858474
MAR07602	0.002018198903580519
MAR07603	0.0007855175296951798
MAR07604	0.0011426214065210355
MAR07605	0.0009273626047706106
MAR07606	3.728206335263105e-05
MAR07607	0.0019269370527560832
MAR07610	0.001057371381858474
MAR07614	0.002018198903580519
MAR07615	0.0007855175296951798
MAR07200	0.0015810137098685186
MAR07202	0.001055498009204451
MAR07203	0.0021536528859827236
MAR07205	0.003618786007002473
MAR07206	0.0034800326040969076
MAR07207	0.0012316312781914193
MAR07208	0.006154144415902866
MAR07209	0.006154144415902866
MAR07210	0.006154144415902866
MAR07211	0.006154144415902866
MAR07212	0.006154144415902866
MAR07213	0.006154144415902866
MAR07214	0.006154144415902866
MAR07215	0.006154144415902866
MAR07216	0.004993486472860331
MAR07217	0.0006338357196022541
MAR07218	0.00070112722403973
MAR07219	0.0012043159263002898
MAR07220	3.8680089955529945e-05
MAR07221	5.0775748398167915e-05
MAR07222	0.0015041822695922547
MAR07490	9.858754595081572e-05
MAR07491	0.001289721462078725
MAR07492	0.0014376563492511203
MAR07493	0.011241003479991383
MAR07494	0.011241003479991383
MAR07495	0.011241003479991383
MAR07496	0.011241003479991383
MAR07497	9.858754595081572e-05
MAR07498	0.001289721462078725
MAR07509	0.001289721462078725
MAR07510	0.0007742944952977981
MAR07519	0.0024458524855392664
MAR07520	0.011241003479991383
MAR07521	0.011241003479991383
MAR07522	0.0024458524855392664
MAR07534	0.0005687463569019885
MAR07535	0.011241003479991383
MAR07536	0.011241003479991383
MAR07537	0.0024458524855392664
MAR07538	0.0005687463569019885
MAR07551	0.001289721462078725
MAR07552	0.0024458524855392664
MAR07553	0.0014376563492511203
MAR07554	9.858754595081572e-05
MAR07501	9.858754595081572e-05
MAR07502	0.0008645854996305798
MAR07503	0.009099262424900442
MAR07504	0.009099262424900442
MAR07505	0.0019191073763276895
MAR07506	0.0008645854996305798
MAR07507	0.009099262424900442
MAR07508	9.858754595081572e-05
MAR07513	9.858754595081572e-05
MAR07514	0.0008645854996305798
MAR07515	0.009099262424900442
MAR07516	0.009099262424900442
MAR07517	0.0010557157309662166
MAR07518	0.0006396448628388011
MAR07525	9.858754595081572e-05
MAR07526	0.009989803890794034
MAR07527	0.009099262424900442
MAR07528	0.009099262424900442
MAR07529	0.0019191073763276895
MAR07530	0.009989803890794034
MAR07531	0.009099262424900442
MAR07532	0.009099262424900442
MAR07533	9.858754595081572e-05
MAR07541	9.858754595081572e-05
MAR07542	0.009989803890794034
MAR07543	0.009099262424900442
MAR07544	0.009099262424900442
MAR07545	9.858754595081572e-05
MAR07546	0.0019191073763276895
MAR07547	0.009989803890794034
MAR07548	0.009099262424900442
MAR07549	0.009099262424900442
MAR07550	9.858754595081572e-05
MAR07557	9.858754595081572e-05
MAR07558	0.0008645854996305798
MAR07559	0.009099262424900442
MAR07560	0.009989803890794034
MAR07561	0.009099262424900442
MAR07562	0.0019191073763276895
MAR07563	0.009099262424900442
MAR07564	0.0008645854996305798
MAR07565	0.009989803890794034
MAR07566	0.009099262424900442
MAR07567	9.858754595081572e-05
MAR07225	8.061720641530266e-05
MAR07226	0.009057710348900318
MAR07227	0.0013825535545203265
MAR07228	0.0019054568152875426
MAR07229	0.00292654574097138
MAR07230	0.0006396448628388011
MAR07231	0.009057710348900318
MAR07232	0.0013825535545203265
MAR07233	0.0019054568152875426
MAR07234	0.00292654574097138
MAR07235	0.0019191073763276895
MAR07236	9.858754595081572e-05
MAR07237	0.009057710348900318
MAR07238	0.0013825535545203265
MAR07239	0.0019054568152875426
MAR07240	0.00292654574097138
MAR07241	0.0010557157309662166
MAR07242	0.0006396448628388011
MAR07243	9.858754595081572e-05
MAR07244	0.0013825535545203265
MAR07245	0.0019054568152875426
MAR07246	0.00292654574097138
MAR07247	0.0010557157309662166
MAR07248	0.0006396448628388011
MAR07249	9.858754595081572e-05
MAR07250	0.00292654574097138
MAR07251	9.858754595081572e-05
MAR07571	0.0019191073763276895
MAR07572	0.009099262424900442
MAR07573	0.0019191073763276895
MAR07335	0.0012388508392807021
MAR07336	0.002435080122328361
MAR07337	0.0044600696559815925
MAR07338	0.002435080122328361
MAR07339	0.001023832759741555
MAR07340	0.0044600696559815925
MAR07341	0.002435080122328361
MAR07342	0.001023832759741555
MAR07343	0.0044600696559815925
MAR07344	0.002435080122328361
MAR07345	0.001023832759741555
MAR07346	0.0044600696559815925
MAR07347	0.002435080122328361
MAR07348	0.001023832759741555
MAR07349	0.0044600696559815925
MAR07350	0.002435080122328361
MAR07351	0.001023832759741555
MAR07352	0.0044600696559815925
MAR07353	0.002435080122328361
MAR07354	0.001023832759741555
MAR07355	0.0044600696559815925
MAR07356	0.002435080122328361
MAR07357	0.001023832759741555
MAR07358	0.0044600696559815925
MAR07359	0.002435080122328361
MAR07360	0.001023832759741555
MAR07361	0.0044600696559815925
MAR07362	0.002435080122328361
MAR07363	0.001023832759741555
MAR07364	0.0044600696559815925
MAR07365	0.002435080122328361
MAR07366	0.001023832759741555
MAR07367	0.0044600696559815925
MAR07368	0.002435080122328361
MAR07369	0.001023832759741555
MAR07370	0.0044600696559815925
MAR07371	0.0024458524855392664
MAR07442	0.0012678956488415608
MAR07443	0.0044600696559815925
MAR07444	0.002435080122328361
MAR07445	0.0044600696559815925
MAR07446	0.002435080122328361
MAR07447	0.001023832759741555
MAR07448	0.0044600696559815925
MAR07449	0.002435080122328361
MAR07450	0.001023832759741555
MAR07451	0.0044600696559815925
MAR07452	0.0024458524855392664
MAR07471	0.0044600696559815925
MAR07472	0.0012678956488415608
MAR07473	0.002435080122328361
MAR07474	0.0044600696559815925
MAR07475	0.002435080122328361
MAR07476	0.001023832759741555
MAR07477	0.0044600696559815925
MAR07478	0.002435080122328361
MAR07479	0.001023832759741555
MAR07480	0.0044600696559815925
MAR07481	0.0024458524855392664
MAR07373	0.007271084828788085
MAR07375	0.007271084828788085
MAR07376	0.0017037397776995577
MAR07377	0.0005508121404014829
MAR07378	0.009989803890794034
MAR07379	0.009989803890794034
MAR07380	0.009989803890794034
MAR07381	0.009057710348900318
MAR07382	0.009099262424900442
MAR07383	0.009099262424900442
MAR07384	0.009989803890794034
MAR07385	0.009057710348900318
MAR07386	0.009099262424900442
MAR07387	0.009099262424900442
MAR07388	0.009989803890794034
MAR07389	0.009057710348900318
MAR07390	0.009099262424900442
MAR07391	0.009099262424900442
MAR07392	0.009989803890794034
MAR07393	0.009057710348900318
MAR07394	0.009099262424900442
MAR07395	0.009099262424900442
MAR07396	0.009989803890794034
MAR07397	0.009057710348900318
MAR07398	0.009099262424900442
MAR07399	0.009099262424900442
MAR07400	0.009989803890794034
MAR07401	0.009057710348900318
MAR07402	0.009099262424900442
MAR07403	0.009099262424900442
MAR07404	0.009989803890794034
MAR07405	0.009057710348900318
MAR07406	0.009099262424900442
MAR07407	0.009099262424900442
MAR07408	0.009989803890794034
MAR07409	0.009057710348900318
MAR07410	0.009099262424900442
MAR07411	0.009099262424900442
MAR07412	0.009989803890794034
MAR07413	0.009057710348900318
MAR07414	0.009099262424900442
MAR07415	0.009099262424900442
MAR07416	0.009989803890794034
MAR07417	0.009057710348900318
MAR07418	0.009099262424900442
MAR07419	0.009099262424900442
MAR07420	0.009989803890794034
MAR07421	0.009057710348900318
MAR07422	0.009099262424900442
MAR07423	0.009099262424900442
MAR07424	0.009989803890794034
MAR07425	0.009099262424900442
MAR07426	0.009989803890794034
MAR07427	0.009099262424900442
MAR07455	0.009989803890794034
MAR07456	0.009989803890794034
MAR07457	0.009989803890794034
MAR07458	0.009057710348900318
MAR07459	0.009099262424900442
MAR07460	0.009099262424900442
MAR07461	0.009989803890794034
MAR07462	0.009099262424900442
MAR07463	0.009057710348900318
MAR07464	0.009099262424900442
MAR07465	0.009989803890794034
MAR07466	0.009099262424900442
MAR07467	0.009989803890794034
MAR07468	9.858754595081572e-05
MAR07469	0.0017222826601390295
MAR07484	0.009989803890794034
MAR07485	0.009989803890794034
MAR07486	0.009989803890794034
MAR07487	0.009057710348900318
MAR07488	0.009099262424900442
MAR07489	0.009099262424900442
MAR08643	0.0023003150021378834
MAR08645	0.0023003150021378834
MAR08648	3.728206335263105e-05
MAR01581	3.728206335263105e-05
MAR01584	0.000634182055818707
MAR01585	0.000634182055818707
MAR01589	3.728206335263105e-05
MAR01590	3.728206335263105e-05
MAR01592	9.858754595081572e-05
MAR01593	9.858754595081572e-05
MAR01595	4.605184809878327e-05
MAR01598	3.728206335263105e-05
MAR01599	0.0027747754907322506
MAR01604	0.0012395058224128864
MAR01605	0.0012395058224128864
MAR01608	0.0012395058224128864
MAR01609	0.0012395058224128864
MAR01610	0.0012395058224128864
MAR01611	0.0012395058224128864
MAR01613	0.0012395058224128864
MAR01614	0.0012395058224128864
MAR01617	9.858754595081572e-05
MAR01619	7.173573999643887e-05
MAR01620	7.173573999643887e-05
MAR01622	0.0011114349681442274
MAR01623	9.858754595081572e-05
MAR01624	7.173573999643887e-05
MAR01625	7.173573999643887e-05
MAR01627	7.173573999643887e-05
MAR01629	3.728206335263105e-05
MAR01631	3.728206335263105e-05
MAR01632	0.00020792599343234645
MAR01638	0.00142662808009166
MAR01642	0.0008738040910973287
MAR01646	0.0008738040910973287
MAR01652	0.0028312883731632103
MAR01659	0.010024825689005588
MAR01660	0.000654518330986825
MAR01663	0.000654518330986825
MAR01665	7.173573999643887e-05
MAR01667	3.818211092224567e-05
MAR01668	3.818211092224567e-05
MAR01670	3.818211092224567e-05
MAR01673	4.605184809878327e-05
MAR01676	0.0027747754907322506
MAR01678	3.728206335263105e-05
MAR01679	9.858754595081572e-05
MAR01681	0.0012395058224128864
MAR01682	0.0012395058224128864
MAR01684	0.009242668090335308
MAR01685	0.0012395058224128864
MAR01687	0.0012395058224128864
MAR01689	0.0012395058224128864
MAR01691	0.0012395058224128864
MAR01692	0.0038857095939221057
MAR01693	0.0012395058224128864
MAR01694	0.005150559968929743
MAR01695	9.858754595081572e-05
MAR01696	0.0011114349681442274
MAR01697	7.173573999643887e-05
MAR01699	7.173573999643887e-05
MAR01700	7.173573999643887e-05
MAR01701	9.858754595081572e-05
MAR01702	9.858754595081572e-05
MAR01703	0.00020792599343234645
MAR01704	0.0002309748403636224
MAR01706	0.0007766509092707459
MAR01708	0.0008738040910973287
MAR01710	0.0028312883731632103
MAR01716	0.002188839859397899
MAR01717	9.858754595081572e-05
MAR01718	0.002188839859397899
MAR01720	3.818211092224567e-05
MAR01722	3.818211092224567e-05
MAR01723	3.818211092224567e-05
MAR01725	9.858754595081572e-05
MAR01726	7.173573999643887e-05
MAR01727	7.173573999643887e-05
MAR01729	3.728206335263105e-05
MAR01730	0.0006337390225567117
MAR01735	3.9204022349947006e-05
MAR01737	3.728206335263105e-05
MAR01738	0.000634182055818707
MAR01739	3.728206335263105e-05
MAR01740	4.605184809878327e-05
MAR01741	4.605184809878327e-05
MAR01742	3.728206335263105e-05
MAR01743	3.728206335263105e-05
MAR01744	9.858754595081572e-05
MAR01745	9.858754595081572e-05
MAR01746	0.0012395058224128864
MAR01747	0.0012395058224128864
MAR01748	0.0012395058224128864
MAR01749	0.0012395058224128864
MAR01750	0.0012395058224128864
MAR01751	0.0012395058224128864
MAR01752	9.858754595081572e-05
MAR01753	9.858754595081572e-05
MAR01754	7.173573999643887e-05
MAR01756	7.173573999643887e-05
MAR01758	9.858754595081572e-05
MAR01759	9.858754595081572e-05
MAR01760	0.00020792599343234645
MAR01761	0.00020792599343234645
MAR01762	0.0012395058224128864
MAR01764	9.858754595081572e-05
MAR01765	4.130375239541845e-05
MAR01766	0.000634182055818707
MAR01767	3.728206335263105e-05
MAR01768	4.605184809878327e-05
MAR01769	4.605184809878327e-05
MAR01770	3.728206335263105e-05
MAR01771	3.728206335263105e-05
MAR01772	9.858754595081572e-05
MAR01774	9.858754595081572e-05
MAR01776	4.091096583759578e-05
MAR01777	4.130375239541845e-05
MAR01778	0.000634182055818707
MAR01781	4.091096583759578e-05
MAR01783	3.728206335263105e-05
MAR01784	4.091096583759578e-05
MAR01785	4.091096583759578e-05
MAR01786	4.091096583759578e-05
MAR01787	9.858754595081572e-05
MAR01790	0.0012395058224128864
MAR01792	0.0012395058224128864
MAR01794	0.0012395058224128864
MAR01796	0.0012395058224128864
MAR01797	0.0012395058224128864
MAR01798	0.0012395058224128864
MAR01800	0.0012395058224128864
MAR01802	0.0012395058224128864
MAR01803	0.0012395058224128864
MAR01804	0.0012395058224128864
MAR01805	0.0012395058224128864
MAR01806	0.0012395058224128864
MAR01807	0.0012395058224128864
MAR01810	3.728206335263105e-05
MAR01811	0.0012395058224128864
MAR01813	0.009242668090335308
MAR01815	3.728206335263105e-05
MAR01817	3.728206335263105e-05
MAR01819	3.728206335263105e-05
MAR01830	3.728206335263105e-05
MAR01831	3.728206335263105e-05
MAR01832	7.173573999643887e-05
MAR01833	7.173573999643887e-05
MAR01834	9.858754595081572e-05
MAR01835	3.818211092224567e-05
MAR01836	9.858754595081572e-05
MAR01837	3.818211092224567e-05
MAR01838	3.728206335263105e-05
MAR01839	3.728206335263105e-05
MAR01840	3.728206335263105e-05
MAR01841	3.818211092224567e-05
MAR01842	3.818211092224567e-05
MAR01843	3.728206335263105e-05
MAR01844	3.818211092224567e-05
MAR01845	3.818211092224567e-05
MAR01846	3.728206335263105e-05
MAR03799	0.002292006427702487
MAR03908	4.811018483726432e-05
MAR03910	0.0003203236451348729
MAR03911	9.858754595081572e-05
MAR04679	0.0020685959256014626
MAR08063	9.858754595081572e-05
MAR08064	9.858754595081572e-05
MAR08065	0.0003203236451348729
MAR08759	9.858754595081572e-05
MAR01847	0.0006337390225567117
MAR01848	7.173573999643887e-05
MAR01850	9.858754595081572e-05
MAR01852	5.1849070780614454e-05
MAR01853	0.002675318211529951
MAR01854	9.858754595081572e-05
MAR01855	5.1849070780614454e-05
MAR01857	9.858754595081572e-05
MAR01859	9.858754595081572e-05
MAR01861	9.858754595081572e-05
MAR01862	5.1849070780614454e-05
MAR01863	5.1849070780614454e-05
MAR01864	5.1849070780614454e-05
MAR01865	5.1849070780614454e-05
MAR01866	5.1849070780614454e-05
MAR01867	5.1849070780614454e-05
MAR01868	0.0008105333049796499
MAR01870	0.0008105333049796499
MAR01872	0.002675318211529951
MAR01874	0.0008105333049796499
MAR01875	3.8460024365156446e-05
MAR01876	3.8460024365156446e-05
MAR01877	3.8460024365156446e-05
MAR01878	0.00016887349397263807
MAR01879	3.8460024365156446e-05
MAR01880	3.8460024365156446e-05
MAR01881	3.8460024365156446e-05
MAR01882	3.8460024365156446e-05
MAR01883	3.8460024365156446e-05
MAR01884	3.8460024365156446e-05
MAR01885	3.8460024365156446e-05
MAR01886	3.8460024365156446e-05
MAR01887	3.8460024365156446e-05
MAR01888	3.8460024365156446e-05
MAR01889	3.8460024365156446e-05
MAR01890	3.8460024365156446e-05
MAR01891	3.8460024365156446e-05
MAR01892	3.8460024365156446e-05
MAR01893	3.8460024365156446e-05
MAR01894	3.8460024365156446e-05
MAR01895	0.002675318211529951
MAR01896	0.002675318211529951
MAR01897	0.002675318211529951
MAR01403	9.858754595081572e-05
MAR01404	9.858754595081572e-05
MAR01405	9.858754595081572e-05
MAR01406	9.858754595081572e-05
MAR01407	9.858754595081572e-05
MAR01408	9.858754595081572e-05
MAR01409	9.858754595081572e-05
MAR01410	9.858754595081572e-05
MAR01411	9.858754595081572e-05
MAR01412	9.858754595081572e-05
MAR01413	9.858754595081572e-05
MAR01414	9.858754595081572e-05
MAR01415	9.858754595081572e-05
MAR01416	9.858754595081572e-05
MAR01417	9.858754595081572e-05
MAR01418	9.858754595081572e-05
MAR01419	9.858754595081572e-05
MAR01420	9.858754595081572e-05
MAR01421	9.858754595081572e-05
MAR01422	9.858754595081572e-05
MAR01423	9.858754595081572e-05
MAR01424	9.858754595081572e-05
MAR01425	9.858754595081572e-05
MAR01426	9.858754595081572e-05
MAR01427	9.858754595081572e-05
MAR01428	9.858754595081572e-05
MAR01429	9.858754595081572e-05
MAR01430	9.858754595081572e-05
MAR01431	9.858754595081572e-05
MAR01432	9.858754595081572e-05
MAR01433	9.858754595081572e-05
MAR08262	5.434744139738667e-05
MAR08263	3.728206335263105e-05
MAR08264	3.728206335263105e-05
MAR08267	3.728206335263105e-05
MAR08268	3.728206335263105e-05
MAR08271	3.728206335263105e-05
MAR08275	6.817228303553939e-05
MAR08276	3.893802128384054e-05
MAR08277	4.4766377519551676e-05
MAR08278	0.0018278810480002175
MAR08279	4.4766377519551676e-05
MAR08280	5.434744139738667e-05
MAR08281	3.728206335263105e-05
MAR08284	3.728206335263105e-05
MAR08285	4.4766377519551676e-05
MAR08286	5.434744139738667e-05
MAR08287	3.728206335263105e-05
MAR08288	3.728206335263105e-05
MAR08291	5.434744139738667e-05
MAR08292	3.728206335263105e-05
MAR08293	4.4766377519551676e-05
MAR08294	5.434744139738667e-05
MAR08295	3.728206335263105e-05
MAR08298	3.728206335263105e-05
MAR08302	3.728206335263105e-05
MAR08305	0.0018278810480002175
MAR08306	4.4766377519551676e-05
MAR08307	3.728206335263105e-05
MAR08308	3.728206335263105e-05
MAR08309	3.728206335263105e-05
MAR08316	9.13082498944938e-05
MAR08317	4.4766377519551676e-05
MAR08318	0.0012388508392807021
MAR08319	3.728206335263105e-05
MAR08322	3.728206335263105e-05
MAR08325	0.00018916399291393443
MAR08326	3.728206335263105e-05
MAR08327	3.8226708109696967e-05
MAR08330	3.728206335263105e-05
MAR08331	3.728206335263105e-05
MAR08332	3.728206335263105e-05
MAR08333	3.728206335263105e-05
MAR08334	3.728206335263105e-05
MAR08337	0.00018916399291393443
MAR00712	0.0039377526875138125
MAR03992	0.01151667255826516
MAR04228	0.00012820987264253818
MAR04251	0.0017934428852952264
MAR04252	0.01777415149072298
MAR04253	0.0004333585333629914
MAR04254	0.00134760102018296
MAR04255	0.0005673806944082855
MAR04257	0.0005792330283008894
MAR04259	9.858754595081572e-05
MAR04260	0.0006185208323258784
MAR04261	0.0006185208323258784
MAR04262	0.0023048643669528594
MAR04263	0.0005673806944082855
MAR04264	0.01777415149072298
MAR04265	0.0004333585333629914
MAR04267	0.0005792330283008894
MAR04268	0.0007923246335582495
MAR04269	0.002175554458265607
MAR04270	0.0015299844939593201
MAR04271	0.001232783164790134
MAR04276	0.0005792330283008894
MAR04278	0.0006185208323258784
MAR04662	0.0026096742056353397
MAR07142	0.0012913309754959384
MAR07143	0.0012913309754959384
MAR07623	0.0015405574949176875
MAR07625	0.0015405574949176875
MAR07627	0.0012913309754959384
MAR07676	0.007349625092100492
MAR07677	0.0013944837852234763
MAR07678	0.0013944837852234763
MAR08788	0.0012913309754959384
MAR08790	0.0005792330283008894
MAR08791	0.0026096742056353397
MAR03871	0.002621079774738803
MAR04058	0.002621079774738803
MAR04498	9.858754595081572e-05
MAR04499	9.858754595081572e-05
MAR04500	0.0012177648325793586
MAR04714	0.001313672028399365
MAR04715	0.001313672028399365
MAR04716	9.858754595081572e-05
MAR04717	3.728206335263105e-05
MAR04718	0.001313672028399365
MAR04723	0.0016671390362302297
MAR04725	0.0003690658065828018
MAR04727	0.002621079774738803
MAR04730	0.001313672028399365
MAR04731	0.001313672028399365
MAR04732	0.00041234635669964726
MAR04733	0.0003690658065828018
MAR04734	0.002621079774738803
MAR07731	0.002318360171056862
MAR08792	0.0008657691857198112
MAR00663	0.003641682841396967
MAR04308	0.0012467000279120872
MAR06539	3.728206335263105e-05
MAR06540	0.0030202349433235422
MAR06542	0.00044792546694492376
MAR06543	0.001050112247316839
MAR06544	0.0008116025944764645
MAR06545	0.007743145662041426
MAR06546	0.004195673136753655
MAR06547	0.007743145662041426
MAR06548	0.0016306752784020595
MAR06549	0.0009024650967771064
MAR06550	0.0012452759888418332
MAR06551	0.004504962048408553
MAR06552	0.0022479352915081934
MAR06553	0.0023189218980854587
MAR06554	0.0045803488047463465
MAR06555	0.0007954119559116858
MAR06556	0.0012452759888418332
MAR06557	0.007743145662041426
MAR06558	0.0012452759888418332
MAR06559	0.003641682841396967
MAR06560	0.0017616650118879255
MAR06561	0.0017852479030297794
MAR06562	0.0030202349433235422
MAR06563	0.0013039519732765562
MAR06564	0.0017945050064853512
MAR06565	0.0017616650118879255
MAR06566	0.0009069260226211472
MAR06567	0.0009069260226211472
MAR06568	0.00032050416278601947
MAR06569	0.0017852479030297794
MAR06570	0.0009024650967771064
MAR06571	0.0030202349433235422
MAR06572	0.0012467000279120872
MAR06573	0.00032050416278601947
MAR06574	0.00032050416278601947
MAR06575	0.0009069260226211472
MAR06576	0.00030097950664709086
MAR06579	0.004504962048408553
MAR06580	0.004504962048408553
MAR06581	0.004504962048408553
MAR06583	0.0012452759888418332
MAR06584	0.0012452759888418332
MAR06585	0.0012452759888418332
MAR06587	0.00044792546694492376
MAR06588	0.00044792546694492376
MAR06589	0.00044792546694492376
MAR06591	0.007743145662041426
MAR06592	0.004504962048408553
MAR06595	0.004504962048408553
MAR07652	0.002441010330925841
MAR07654	0.002441010330925841
MAR07655	0.0011143481968653227
MAR07656	0.0008210581015080875
MAR08799	0.00032050416278601947
MAR08800	0.00032050416278601947
MAR08801	9.858754595081572e-05
MAR08802	0.0007902165903964189
MAR08803	0.00032050416278601947
MAR08804	0.00032050416278601947
MAR08805	0.00032050416278601947
MAR08806	9.858754595081572e-05
MAR08807	0.0012452759888418332
MAR08808	0.007662519317324003
MAR08809	0.0007902165903964189
MAR08810	0.0009024650967771064
MAR08811	0.004504962048408553
MAR08812	0.0007902165903964189
MAR08813	0.004504962048408553
MAR08814	0.004504962048408553
MAR08815	0.004504962048408553
MAR08816	0.0007954119559116858
MAR08817	0.0022479352915081934
MAR08818	0.003641682841396967
MAR08819	0.0016306752784020595
MAR08820	9.858754595081572e-05
MAR08821	0.004504962048408553
MAR08822	0.003641682841396967
MAR08823	6.619282793381917e-05
MAR08824	0.00044792546694492376
MAR08825	0.0016306752784020595
MAR08826	0.0045803488047463465
MAR08827	0.0016306752784020595
MAR08829	0.00044792546694492376
MAR08830	0.004195673136753655
MAR08831	0.004504962048408553
MAR08833	6.619282793381917e-05
MAR08835	0.002441010330925841
MAR08836	0.002441010330925841
MAR03925	0.0030257704795466044
MAR03929	8.220956365154548e-05
MAR03972	9.858754595081572e-05
MAR04332	0.0007019776143514029
MAR04333	0.0007019776143514029
MAR04335	0.0007019776143514029
MAR04336	0.0005440472564510675
MAR04338	0.0014547189120865736
MAR04340	0.002328170093493853
MAR04440	0.0019771861657399393
MAR04442	0.0014547189120865736
MAR04444	0.002328170093493853
MAR04446	0.0004895832157136575
MAR04448	0.0004895832157136575
MAR04503	0.0014547189120865736
MAR04505	0.002328170093493853
MAR04654	0.0007019776143514029
MAR04655	0.0007019776143514029
MAR04656	0.0007019776143514029
MAR04665	0.003693784533886892
MAR09726	8.220956365154548e-05
MAR04666	0.00014055889321356368
MAR07145	0.0007548614839690465
MAR07146	0.0015864999100737545
MAR07147	5.0139647329064764e-05
MAR07908	0.002814332042720155
MAR07909	0.002814332042720155
MAR07910	0.002814332042720155
MAR07911	0.002814332042720155
MAR07912	0.002814332042720155
MAR07913	0.002814332042720155
MAR07916	0.002857240892999463
MAR07919	0.002857240892999463
MAR07920	0.002857240892999463
MAR07921	0.002857240892999463
MAR07922	0.002857240892999463
MAR07925	0.002857240892999463
MAR08105	0.002814332042720155
MAR08106	0.002814332042720155
MAR08107	0.002814332042720155
MAR08108	0.002814332042720155
MAR08109	0.002814332042720155
MAR08110	0.002814332042720155
MAR08112	0.002814332042720155
MAR08113	0.002814332042720155
MAR08114	0.002814332042720155
MAR08115	0.002814332042720155
MAR08116	0.002814332042720155
MAR08117	0.002814332042720155
MAR08129	0.002857240892999463
MAR08130	0.002857240892999463
MAR08132	0.002857240892999463
MAR08133	0.002857240892999463
MAR08135	0.002857240892999463
MAR08136	0.002857240892999463
MAR08137	0.002857240892999463
MAR08138	0.002857240892999463
MAR08139	0.002857240892999463
MAR08140	0.002857240892999463
MAR08141	0.002857240892999463
MAR08142	0.002857240892999463
MAR08143	0.00014055889321356368
MAR08144	0.0014547189120865736
MAR08758	0.0005440472564510675
MAR07661	0.0005869984910827113
MAR07662	0.0005869984910827113
MAR07663	0.0005869984910827113
MAR07668	0.0004314711612508014
MAR07669	9.858754595081572e-05
MAR07670	0.0004314711612508014
MAR07671	9.858754595081572e-05
MAR07672	0.0005665433810178066
MAR07673	0.0005665433810178066
MAR04160	0.00025120693496264406
MAR04162	0.00025120693496264406
MAR04163	0.0020473568214434035
MAR04165	0.005478283272059059
MAR04166	0.005478283272059059
MAR04167	0.005478283272059059
MAR04169	0.00025120693496264406
MAR04170	0.00025120693496264406
MAR04523	0.0030257704795466044
MAR04539	0.0025712450688499
MAR04540	0.0025712450688499
MAR04541	0.0025712450688499
MAR04542	0.0025712450688499
MAR04543	0.0025712450688499
MAR04544	0.0025712450688499
MAR04816	0.00017070924779309345
MAR04817	0.00025120693496264406
MAR04818	0.00025120693496264406
MAR04833	0.00025120693496264406
MAR04834	0.00025120693496264406
MAR04835	0.00025120693496264406
MAR04836	0.00025120693496264406
MAR08538	0.0025712450688499
MAR08738	0.0020473568214434035
MAR08739	0.005478283272059059
MAR08740	9.858754595081572e-05
MAR06393	9.858754595081572e-05
MAR06394	9.858754595081572e-05
MAR06396	0.00748232047299746
MAR06405	0.00762995585464111
MAR08345	9.858754595081572e-05
MAR08346	0.00055094487960864
MAR08348	9.858754595081572e-05
MAR08349	0.0038857095939221057
MAR08619	9.858754595081572e-05
MAR08620	9.858754595081572e-05
MAR08621	9.858754595081572e-05
MAR08622	9.858754595081572e-05
MAR08623	9.858754595081572e-05
MAR08624	9.858754595081572e-05
MAR08625	9.858754595081572e-05
MAR03991	0.11709214730562806
MAR04657	0.009141181223915815
MAR04744	0.0014592017365167352
MAR04746	0.000864883809715161
MAR04748	0.0009543773976025302
MAR04750	0.005805840749669396
MAR04752	0.0022353055238234416
MAR04755	0.0003465897531572681
MAR04757	0.0003465897531572681
MAR04762	0.004278400281157991
MAR04763	0.026785853182258103
MAR04764	0.005324091514805594
MAR04768	9.858754595081572e-05
MAR04769	9.858754595081572e-05
MAR04770	9.858754595081572e-05
MAR04771	9.858754595081572e-05
MAR04772	0.005805840749669396
MAR04773	9.858754595081572e-05
MAR06395	0.00926362365503911
MAR08634	0.005324091514805594
MAR09717	9.858754595081572e-05
MAR06630	0.003049246451106648
MAR06631	0.009242668090335308
MAR06632	0.003049246451106648
MAR06633	0.009242668090335308
MAR06634	3.830839619021431e-05
MAR06635	0.0013093127166313606
MAR06636	0.003552278369582222
MAR06637	3.728206335263105e-05
MAR06638	0.0010380867564320918
MAR06639	0.0013093127166313606
MAR06640	0.004035038322320651
MAR06641	5.453322464414043e-05
MAR06642	5.453322464414043e-05
MAR06643	4.090237672896617e-05
MAR06644	0.0010380867564320918
MAR06645	4.090237672896617e-05
MAR06646	0.0060893121539097456
MAR06647	0.0060893121539097456
MAR06648	3.9518325246378065e-05
MAR06649	3.9518325246378065e-05
MAR06650	4.090237672896617e-05
MAR06651	4.090237672896617e-05
MAR06652	0.0060893121539097456
MAR06653	3.9518325246378065e-05
MAR06654	3.9518325246378065e-05
MAR06655	3.9518325246378065e-05
MAR06656	3.9518325246378065e-05
MAR06657	0.0008407587973284737
MAR06658	0.0008407587973284737
MAR06659	9.858754595081572e-05
MAR06660	9.858754595081572e-05
MAR06661	3.728206335263105e-05
MAR06662	9.858754595081572e-05
MAR06663	9.858754595081572e-05
MAR06664	5.453322464414043e-05
MAR06665	5.453322464414043e-05
MAR06666	3.728206335263105e-05
MAR06667	3.728206335263105e-05
MAR06668	3.728206335263105e-05
MAR06669	3.728206335263105e-05
MAR06670	0.009242668090335308
MAR06671	0.0013093127166313606
MAR06672	9.858754595081572e-05
MAR06673	9.858754595081572e-05
MAR06674	0.0060893121539097456
MAR06675	0.0060893121539097456
MAR06676	0.0060893121539097456
MAR06677	3.830839619021431e-05
MAR06678	3.830839619021431e-05
MAR06679	3.728206335263105e-05
MAR06680	3.728206335263105e-05
MAR06681	5.453322464414043e-05
MAR06682	5.453322464414043e-05
MAR06683	5.453322464414043e-05
MAR06684	5.453322464414043e-05
MAR06685	3.728206335263105e-05
MAR06686	3.728206335263105e-05
MAR06687	5.453322464414043e-05
MAR06690	9.858754595081572e-05
MAR06691	9.858754595081572e-05
MAR06692	9.858754595081572e-05
MAR06693	9.858754595081572e-05
MAR06694	9.858754595081572e-05
MAR06695	9.858754595081572e-05
MAR06697	9.858754595081572e-05
MAR06699	9.858754595081572e-05
MAR06700	3.830839619021431e-05
MAR06701	3.830839619021431e-05
MAR06702	5.453322464414043e-05
MAR06703	5.453322464414043e-05
MAR06704	3.728206335263105e-05
MAR06705	3.728206335263105e-05
MAR08697	3.728206335263105e-05
MAR08698	9.858754595081572e-05
MAR08699	9.858754595081572e-05
MAR08700	3.728206335263105e-05
MAR08702	9.858754595081572e-05
MAR08703	9.858754595081572e-05
MAR08704	9.858754595081572e-05
MAR08706	9.858754595081572e-05
MAR08709	0.0010380867564320918
MAR08710	8.254755482350544e-05
MAR08711	9.858754595081572e-05
MAR08712	9.858754595081572e-05
MAR08713	3.728206335263105e-05
MAR08717	3.728206335263105e-05
MAR06506	0.0028683921266071935
MAR06507	0.0015299844939593201
MAR06508	0.0011550414641039548
MAR06509	0.00041234635669964726
MAR06510	9.858754595081572e-05
MAR06511	0.005324091514805594
MAR04537	3.999292475701924e-05
MAR04545	3.728206335263105e-05
MAR04546	4.00676900640692e-05
MAR04547	3.8737772927660174e-05
MAR04548	0.000521775352098585
MAR04549	0.004993486472860331
MAR04550	3.728206335263105e-05
MAR04551	9.858754595081572e-05
MAR04552	9.858754595081572e-05
MAR04553	9.858754595081572e-05
MAR04554	9.858754595081572e-05
MAR04555	6.685561117756805e-05
MAR04556	6.685561117756805e-05
MAR04557	3.728206335263105e-05
MAR04558	0.00025008458702919107
MAR04559	0.0038857095939221057
MAR04560	0.0013944837852234763
MAR04561	0.009242668090335308
MAR04563	0.004779720285102033
MAR04564	3.8737772927660174e-05
MAR04204	5.62596178496607e-05
MAR04206	5.62596178496607e-05
MAR04207	0.0005540910679890783
MAR04208	0.00032660880280765704
MAR08744	0.00032660880280765704
MAR08746	0.0029699973034108392
MAR08748	9.858754595081572e-05
MAR08613	9.858754595081572e-05
MAR08615	0.00034597224381090376
MAR08616	0.00034597224381090376
MAR04064	0.0002491945819838524
MAR04065	0.0015745632678879989
MAR04066	0.0015745632678879989
MAR04067	0.0007736127490443349
MAR04068	0.0015745632678879989
MAR04069	0.0007736127490443349
MAR04070	0.0007736127490443349
MAR04071	0.0007736127490443349
MAR08102	0.0013944837852234763
MAR08724	0.0002491945819838524
MAR08725	0.0002491945819838524
MAR02114	9.858754595081572e-05
MAR02115	0.00023403460736672572
MAR02117	0.0012395058224128864
MAR02118	8.194431005634286e-05
MAR02129	0.00022428779612528098
MAR02130	0.00022428779612528098
MAR02131	0.00022428779612528098
MAR02132	0.00022428779612528098
MAR02133	0.00022428779612528098
MAR02134	0.00022428779612528098
MAR02135	0.00022428779612528098
MAR02136	0.00022428779612528098
MAR02137	5.952015013130168e-05
MAR02138	5.952015013130168e-05
MAR02139	5.952015013130168e-05
MAR02140	5.952015013130168e-05
MAR02142	0.00022428779612528098
MAR02143	0.00022428779612528098
MAR02144	0.00022428779612528098
MAR02145	0.00022428779612528098
MAR07996	0.0012395058224128864
MAR07999	5.952015013130168e-05
MAR08003	9.858754595081572e-05
MAR08004	8.194431005634286e-05
MAR08005	9.858754595081572e-05
MAR08006	9.858754595081572e-05
MAR08008	8.194431005634286e-05
MAR08011	9.858754595081572e-05
MAR08012	9.858754595081572e-05
MAR08013	9.858754595081572e-05
MAR08014	9.858754595081572e-05
MAR06423	9.858754595081572e-05
MAR06426	3.8992591605744e-05
MAR06427	3.8992591605744e-05
MAR06428	3.8992591605744e-05
MAR06429	3.8992591605744e-05
MAR06432	0.012621316076293352
MAR06433	0.012621316076293352
MAR06434	9.858754595081572e-05
MAR06435	0.012621316076293352
MAR06436	0.012621316076293352
MAR06441	3.8992591605744e-05
MAR06442	3.8992591605744e-05
MAR06443	3.8992591605744e-05
MAR06444	3.8992591605744e-05
MAR06447	9.858754595081572e-05
MAR06448	0.012621316076293352
MAR06450	0.012621316076293352
MAR06451	0.012621316076293352
MAR06453	0.012621316076293352
MAR06456	9.858754595081572e-05
MAR06457	9.858754595081572e-05
MAR06458	9.858754595081572e-05
MAR06459	9.858754595081572e-05
MAR06460	9.858754595081572e-05
MAR06461	9.858754595081572e-05
MAR06464	3.8992591605744e-05
MAR06465	3.8992591605744e-05
MAR06466	3.8992591605744e-05
MAR06467	3.8992591605744e-05
MAR06470	9.858754595081572e-05
MAR06471	0.012621316076293352
MAR06472	0.012621316076293352
MAR06473	0.012621316076293352
MAR06476	3.8992591605744e-05
MAR06500	9.858754595081572e-05
MAR06477	3.8992591605744e-05
MAR06478	3.8992591605744e-05
MAR06479	3.8992591605744e-05
MAR06482	9.858754595081572e-05
MAR06484	0.012621316076293352
MAR06486	0.012621316076293352
MAR06488	9.858754595081572e-05
MAR06490	3.728206335263105e-05
MAR06492	0.0019191073763276895
MAR06495	3.728206335263105e-05
MAR06496	0.0019191073763276895
MAR06501	9.858754595081572e-05
MAR06992	0.000521775352098585
MAR06993	0.000521775352098585
MAR06994	0.000521775352098585
MAR06995	0.026562137270910786
MAR06996	0.005938969176443775
MAR06997	9.858754595081572e-05
MAR06998	0.026562137270910786
MAR06999	0.000521775352098585
MAR07000	0.000521775352098585
MAR07001	0.000521775352098585
MAR07002	0.000521775352098585
MAR07003	0.026562137270910786
MAR07004	0.005938969176443775
MAR07005	0.0027747754907322506
MAR07006	9.858754595081572e-05
MAR07007	9.858754595081572e-05
MAR07008	9.858754595081572e-05
MAR07009	9.858754595081572e-05
MAR07010	9.858754595081572e-05
MAR07011	9.858754595081572e-05
MAR07012	9.858754595081572e-05
MAR07013	0.026562137270910786
MAR07014	0.005938969176443775
MAR07015	9.858754595081572e-05
MAR07016	9.858754595081572e-05
MAR07017	0.000521775352098585
MAR07018	3.9518325246378065e-05
MAR07019	0.000521775352098585
MAR07020	3.9518325246378065e-05
MAR07021	0.000521775352098585
MAR07022	0.026562137270910786
MAR07023	0.005938969176443775
MAR07024	9.858754595081572e-05
MAR07025	0.004275680841565179
MAR07026	0.004275680841565179
MAR07027	0.004275680841565179
MAR07028	0.004275680841565179
MAR07029	0.026562137270910786
MAR07030	0.000521775352098585
MAR07031	9.858754595081572e-05
MAR07032	9.858754595081572e-05
MAR07033	0.000521775352098585
MAR07034	9.858754595081572e-05
MAR07035	0.0011456683312159623
MAR07036	0.000521775352098585
MAR07037	9.858754595081572e-05
MAR07038	0.009242668090335308
MAR07039	3.728206335263105e-05
MAR07040	0.000521775352098585
MAR07041	0.026562137270910786
MAR07042	0.005938969176443775
MAR07043	9.858754595081572e-05
MAR07044	4.5942101016318514e-05
MAR07045	9.858754595081572e-05
MAR07046	9.858754595081572e-05
MAR07047	9.858754595081572e-05
MAR07048	0.000521775352098585
MAR07049	9.858754595081572e-05
MAR07050	0.026562137270910786
MAR07051	0.005938969176443775
MAR07052	0.000521775352098585
MAR07053	0.000521775352098585
MAR07054	0.000521775352098585
MAR07055	0.005938969176443775
MAR07056	0.000521775352098585
MAR07057	3.728206335263105e-05
MAR07058	0.005938969176443775
MAR07059	0.005665274266570246
MAR07060	0.000521775352098585
MAR07061	6.04287666340996e-05
MAR07062	9.858754595081572e-05
MAR07063	3.728206335263105e-05
MAR07064	3.728206335263105e-05
MAR07065	3.728206335263105e-05
MAR07066	3.728206335263105e-05
MAR07067	9.858754595081572e-05
MAR07068	9.858754595081572e-05
MAR07069	9.858754595081572e-05
MAR07070	9.858754595081572e-05
MAR07071	9.858754595081572e-05
MAR07072	9.858754595081572e-05
MAR07073	9.858754595081572e-05
MAR07074	9.858754595081572e-05
MAR07075	9.858754595081572e-05
MAR07076	9.858754595081572e-05
MAR07077	9.858754595081572e-05
MAR07078	0.000521775352098585
MAR07079	0.026562137270910786
MAR07080	0.026562137270910786
MAR07081	0.005938969176443775
MAR07082	0.000521775352098585
MAR07083	0.026562137270910786
MAR07084	0.026562137270910786
MAR07085	9.858754595081572e-05
MAR07086	9.858754595081572e-05
MAR07087	9.858754595081572e-05
MAR07088	0.000521775352098585
MAR07089	0.026562137270910786
MAR07090	9.858754595081572e-05
MAR07091	0.000521775352098585
MAR07092	0.026562137270910786
MAR07093	0.026562137270910786
MAR07094	9.858754595081572e-05
MAR07095	9.858754595081572e-05
MAR07096	0.000521775352098585
MAR07097	0.026562137270910786
MAR07098	9.858754595081572e-05
MAR07099	4.5942101016318514e-05
MAR07100	0.026562137270910786
MAR07103	0.026562137270910786
MAR07104	9.858754595081572e-05
MAR07106	9.858754595081572e-05
MAR07688	5.19220771021517e-05
MAR08032	3.728206335263105e-05
MAR08034	4.5942101016318514e-05
MAR08036	3.728206335263105e-05
MAR08037	3.728206335263105e-05
MAR08038	3.728206335263105e-05
MAR08040	5.87534235758285e-05
MAR08043	3.728206335263105e-05
MAR08046	3.728206335263105e-05
MAR08049	3.728206335263105e-05
MAR08052	3.728206335263105e-05
MAR08055	3.728206335263105e-05
MAR08059	3.728206335263105e-05
MAR08596	3.728206335263105e-05
MAR08598	3.728206335263105e-05
MAR08601	3.728206335263105e-05
MAR06535	0.01344803661900209
MAR06536	0.01344803661900209
MAR09569	0.002318360171056862
MAR03955	7.515667163036363e-05
MAR03984	0.001993075452575728
MAR04201	0.01344803661900209
MAR04202	0.009242668090335308
MAR05127	9.858754595081572e-05
MAR05128	9.858754595081572e-05
MAR05363	9.858754595081572e-05
MAR07794	0.0031200966701978128
MAR08617	9.858754595081572e-05
MAR08752	0.01344803661900209
MAR07741	0.004348414016451483
MAR09464	0.0011009934586004267
MAR09465	3.728206335263105e-05
MAR09466	0.0024481887566796174
MAR09467	0.0024481887566796174
MAR09468	0.0010572131782509394
MAR09469	0.0016404135138545868
MAR09470	0.0004993990167468304
MAR09471	0.0037066472608881995
MAR09472	0.00326700172517002
MAR09473	0.00010187519959011674
MAR09474	0.004779720285102033
MAR09475	3.9542147355632086e-05
MAR09476	0.0002707317778713595
MAR09477	5.744677029603303e-05
MAR09478	3.728206335263105e-05
MAR09479	3.728206335263105e-05
MAR09480	3.728206335263105e-05
MAR09481	3.728206335263105e-05
MAR09482	0.00010187519959011674
MAR09483	3.728206335263105e-05
MAR09484	0.003892152004214153
MAR09485	0.0003675125875087602
MAR09487	0.003671394150205379
MAR09488	0.01697862741892555
MAR09489	9.858754595081572e-05
MAR09490	0.006223635833866004
MAR09491	0.011587034384647173
MAR09492	0.03617012606535107
MAR09493	0.00343601555572774
MAR09494	9.858754595081572e-05
MAR09495	0.002951050248948881
MAR09496	0.005941052850017008
MAR09497	3.784287621804434e-05
MAR09498	0.00037551252002331737
MAR09499	0.0045479093818826
MAR09500	0.00674219814785903
MAR09501	0.0026355973687281335
MAR09502	0.0019290347183930842
MAR09503	4.0112748985217595e-05
MAR09504	0.0020078326113814986
MAR09505	0.0009989929931897997
MAR09506	0.0012194334025640153
MAR09507	0.000684001583503889
MAR09508	0.000684001583503889
MAR09509	0.0011932810454707852
MAR09510	0.002695014043892509
MAR09511	0.0008011862740263439
MAR09512	0.0033162881637953047
MAR09513	0.010952145192412218
MAR09514	0.00016905957828406147
MAR09515	0.00042526528416953803
MAR09516	0.0013143236008527643
MAR09517	0.0008022530403191627
MAR09518	0.0012137749274547774
MAR09519	0.002605557213856434
MAR09520	0.0007640506958725363
MAR09521	0.0006305752393752234
MAR09522	0.0036181102926198206
MAR09523	0.0005069503738238803
MAR09524	0.0007367774982748913
MAR09525	4.1088545757676204e-05
MAR09527	0.0006312655875673329
MAR09528	0.0016404256617258601
MAR09529	6.169251442782246e-05
MAR09530	0.0017037397776995577
MAR09531	0.0007425763151107978
MAR09532	0.004311788591009174
MAR09534	3.728206335263105e-05
MAR09535	0.00281470455001627
MAR09536	0.0005119635568708941
MAR09537	0.0031638455863959034
MAR09538	0.03146443482610795
MAR09539	0.0008003213030371539
MAR09540	7.071580218769964e-05
MAR09541	0.0007668876738448628
MAR09542	0.004981305904631805
MAR09543	0.0010841751542129115
MAR09544	0.00023765494263244068
MAR09545	0.019307441302978116
MAR09546	0.0034847680780998288
MAR09547	0.002219599303698707
MAR09548	0.0008805333855604637
MAR09549	0.0009127412222132697
MAR09550	0.0008727120146581521
MAR09551	0.0012292561502677865
MAR09552	0.0011143481968653227
MAR09553	0.008441706839084632
MAR09801	7.74814529519831e-05
MAR09807	0.00044372631110167
MAR09554	3.728206335263105e-05
MAR09555	3.728206335263105e-05
MAR09556	0.003165893444634384
MAR09557	0.003565791766479524
MAR09558	0.0016567824298124598
MAR09559	0.0024055277279691786
MAR09560	0.0013653222990978593
MAR09561	3.728206335263105e-05
MAR09562	0.00013832394644551073
MAR09563	0.0038857095939221057
MAR09564	0.003115758374340153
MAR09565	0.0004446584198549688
MAR09566	0.0007479899805710692
MAR09567	0.0004446584198549688
MAR09568	0.0007479899805710692
MAR09570	0.003892152004214153
MAR09571	0.0012731785641390395
MAR09572	0.0012731785641390395
MAR09573	3.728206335263105e-05
MAR09574	3.728206335263105e-05
MAR09575	0.0008711357509151123
MAR09580	0.0007488533322848153
MAR09581	7.465022698960405e-05
MAR09582	8.797745671903789e-05
MAR09583	7.465022698960405e-05
MAR09584	8.797745671903789e-05
MAR09585	0.0003101391279776172
MAR09586	0.002080494790243405
MAR09587	0.0027007186234223575
MAR09588	3.728206335263105e-05
MAR09798	9.858754595081572e-05
MAR09806	0.021248841076329423
MAR00010	0.006616541921414123
MAR00011	9.858754595081572e-05
MAR00012	9.858754595081572e-05
MAR00013	3.728206335263105e-05
MAR00014	3.728206335263105e-05
MAR00477	9.858754595081572e-05
MAR00545	9.858754595081572e-05
MAR00546	9.858754595081572e-05
MAR00547	9.858754595081572e-05
MAR00548	9.858754595081572e-05
MAR00549	9.858754595081572e-05
MAR00550	9.858754595081572e-05
MAR00551	9.858754595081572e-05
MAR00552	9.858754595081572e-05
MAR00553	9.858754595081572e-05
MAR00555	9.858754595081572e-05
MAR00556	9.858754595081572e-05
MAR00557	9.858754595081572e-05
MAR00558	9.858754595081572e-05
MAR00559	9.858754595081572e-05
MAR00560	9.858754595081572e-05
MAR00561	9.858754595081572e-05
MAR00685	9.858754595081572e-05
MAR00686	9.858754595081572e-05
MAR00687	9.858754595081572e-05
MAR00688	9.858754595081572e-05
MAR00689	9.858754595081572e-05
MAR00690	9.858754595081572e-05
MAR00691	9.858754595081572e-05
MAR00692	9.858754595081572e-05
MAR01185	9.858754595081572e-05
MAR01227	9.858754595081572e-05
MAR05233	9.858754595081572e-05
MAR05234	9.858754595081572e-05
MAR05238	9.858754595081572e-05
MAR05239	9.858754595081572e-05
MAR05243	9.858754595081572e-05
MAR05244	9.858754595081572e-05
MAR05247	9.858754595081572e-05
MAR05257	9.858754595081572e-05
MAR09022	9.858754595081572e-05
MAR00004	9.858754595081572e-05
MAR00006	0.006727738802635778
MAR00007	3.728206335263105e-05
MAR00008	3.728206335263105e-05
MAR00009	9.858754595081572e-05
MAR00015	9.858754595081572e-05
MAR00016	9.858754595081572e-05
MAR00017	9.858754595081572e-05
MAR00018	3.786284422941992e-05
MAR00019	0.0009441793381176686
MAR00155	0.004182140406196268
MAR00164	0.004182140406196268
MAR00167	0.004182140406196268
MAR00170	0.004182140406196268
MAR00173	0.004182140406196268
MAR00176	0.004182140406196268
MAR00179	0.004182140406196268
MAR00183	0.004182140406196268
MAR00187	0.004182140406196268
MAR00190	0.0024853561279089328
MAR00191	0.004182140406196268
MAR00194	0.00036494509982845153
MAR00195	0.004182140406196268
MAR00198	0.00036494509982845153
MAR00199	0.004182140406196268
MAR00202	0.00036494509982845153
MAR00203	0.004182140406196268
MAR00207	0.00036494509982845153
MAR00208	0.004182140406196268
MAR00211	0.00036494509982845153
MAR00212	0.004182140406196268
MAR00215	0.00036494509982845153
MAR00216	0.004182140406196268
MAR00224	0.00036494509982845153
MAR00225	0.004182140406196268
MAR00231	0.00036494509982845153
MAR00232	0.004182140406196268
MAR00235	0.00036494509982845153
MAR00236	0.004182140406196268
MAR00239	0.00036494509982845153
MAR00240	0.004182140406196268
MAR00243	0.00036494509982845153
MAR00244	0.004182140406196268
MAR00247	0.00036494509982845153
MAR00248	0.004182140406196268
MAR00253	0.00036494509982845153
MAR00254	0.004182140406196268
MAR00257	0.00036494509982845153
MAR00258	0.004182140406196268
MAR00261	0.00036494509982845153
MAR00262	0.004182140406196268
MAR00265	0.00036494509982845153
MAR00266	0.004182140406196268
MAR00269	0.00036494509982845153
MAR00270	0.004182140406196268
MAR00273	0.00036494509982845153
MAR00274	0.004182140406196268
MAR00277	0.00036494509982845153
MAR00278	0.004182140406196268
MAR00281	0.00036494509982845153
MAR00282	0.004182140406196268
MAR00287	0.00036494509982845153
MAR00288	0.004182140406196268
MAR00291	0.00036494509982845153
MAR00292	0.004182140406196268
MAR00295	0.00036494509982845153
MAR00296	0.004182140406196268
MAR00299	0.00036494509982845153
MAR00300	0.004182140406196268
MAR00303	0.00036494509982845153
MAR00304	0.004182140406196268
MAR00307	0.00036494509982845153
MAR00308	0.004182140406196268
MAR00311	0.00036494509982845153
MAR00312	0.004182140406196268
MAR00317	0.00036494509982845153
MAR00318	0.004182140406196268
MAR00321	0.00036494509982845153
MAR00322	0.004182140406196268
MAR00325	0.00036494509982845153
MAR00326	0.004182140406196268
MAR00329	0.00036494509982845153
MAR00330	0.004182140406196268
MAR00335	0.00036494509982845153
MAR00336	0.004182140406196268
MAR00339	0.00036494509982845153
MAR00340	0.004182140406196268
MAR00343	0.00036494509982845153
MAR00344	0.004182140406196268
MAR00347	0.00036494509982845153
MAR00348	0.004182140406196268
MAR00351	0.00036494509982845153
MAR00352	0.004182140406196268
MAR00355	0.00036494509982845153
MAR00356	0.004182140406196268
MAR00359	0.00036494509982845153
MAR00360	0.004182140406196268
MAR00363	0.00036494509982845153
MAR00364	0.004182140406196268
MAR00367	0.00036494509982845153
MAR00368	0.004182140406196268
MAR00371	0.00036494509982845153
MAR00372	0.004182140406196268
MAR00375	0.00036494509982845153
MAR00376	0.004182140406196268
MAR00379	0.00036494509982845153
MAR00380	0.004182140406196268
MAR00383	0.00036494509982845153
MAR00384	0.004182140406196268
MAR00387	0.00036494509982845153
MAR00388	0.004182140406196268
MAR00391	0.00036494509982845153
MAR00392	0.004182140406196268
MAR00395	0.00036494509982845153
MAR00396	0.004182140406196268
MAR00399	0.00036494509982845153
MAR00400	0.004182140406196268
MAR00403	0.00036494509982845153
MAR00404	0.004182140406196268
MAR00407	0.00036494509982845153
MAR00408	0.004182140406196268
MAR00411	0.00036494509982845153
MAR00412	0.004182140406196268
MAR00415	0.00036494509982845153
MAR00416	0.004182140406196268
MAR00419	0.00036494509982845153
MAR00420	0.004182140406196268
MAR00423	0.00036494509982845153
MAR00424	0.004182140406196268
MAR00427	0.00036494509982845153
MAR00428	0.004182140406196268
MAR00431	0.00036494509982845153
MAR00432	0.004182140406196268
MAR00435	0.00036494509982845153
MAR00436	0.004182140406196268
MAR00439	0.00036494509982845153
MAR00440	9.858754595081572e-05
MAR00444	0.00022204233599092235
MAR00469	9.858754595081572e-05
MAR00470	4.490677311270307e-05
MAR00476	0.00036494509982845153
MAR00770	0.005220435046509728
MAR00782	9.858754595081572e-05
MAR01082	0.002675318211529951
MAR01086	3.728206335263105e-05
MAR01898	3.8460024365156446e-05
MAR01899	3.8460024365156446e-05
MAR01900	3.8460024365156446e-05
MAR01901	3.8460024365156446e-05
MAR01902	3.8460024365156446e-05
MAR01903	3.8460024365156446e-05
MAR01904	3.8460024365156446e-05
MAR01905	3.8460024365156446e-05
MAR01906	3.8460024365156446e-05
MAR01907	3.8460024365156446e-05
MAR01908	3.8460024365156446e-05
MAR01909	3.8460024365156446e-05
MAR01910	9.858754595081572e-05
MAR01911	0.00036494509982845153
MAR01913	9.858754595081572e-05
MAR01914	0.0014310954544392717
MAR01919	5.19220771021517e-05
MAR02013	9.858754595081572e-05
MAR03858	0.006636517029453973
MAR03916	0.004286982699080733
MAR03951	9.858754595081572e-05
MAR03959	9.858754595081572e-05
MAR03964	9.858754595081572e-05
MAR04062	9.858754595081572e-05
MAR04063	9.858754595081572e-05
MAR04249	9.858754595081572e-05
MAR04321	0.0006667280060183281
MAR04432	9.858754595081572e-05
MAR04433	3.728206335263105e-05
MAR04434	3.728206335263105e-05
MAR04435	3.728206335263105e-05
MAR04436	3.728206335263105e-05
MAR04691	4.430197219182047e-05
MAR04721	0.0009663169060728079
MAR04844	0.005183721565527906
MAR04845	8.837687463265571e-05
MAR04847	0.0001228308735939091
MAR04848	0.0001228308735939091
MAR04849	3.7667928165346465e-05
MAR04858	0.00349533847040237
MAR04861	7.704659030501516e-05
MAR04873	3.728206335263105e-05
MAR04875	9.858754595081572e-05
MAR04882	0.0001228308735939091
MAR04885	0.00022204233599092235
MAR04896	9.858754595081572e-05
MAR04910	0.0036596561994385714
MAR04912	0.0036596561994385714
MAR04919	9.858754595081572e-05
MAR04928	0.006636517029453973
MAR04931	0.0085769840233653
MAR04932	0.0011428836543175254
MAR04933	0.0003393705988089005
MAR04934	9.858754595081572e-05
MAR04935	0.006636517029453973
MAR04938	9.683424200515478e-05
MAR04939	3.728206335263105e-05
MAR04946	0.0014310954544392717
MAR04947	9.858754595081572e-05
MAR04948	9.858754595081572e-05
MAR04949	3.784598666464225e-05
MAR04952	9.858754595081572e-05
MAR04954	0.006197797913502931
MAR04956	0.0005373664383456616
MAR04958	9.858754595081572e-05
MAR04969	9.858754595081572e-05
MAR04973	0.00349533847040237
MAR04975	3.728206335263105e-05
MAR04976	0.006636517029453973
MAR04980	0.0001228308735939091
MAR04982	9.858754595081572e-05
MAR04983	3.728206335263105e-05
MAR04985	0.0001228308735939091
MAR04989	9.858754595081572e-05
MAR04990	9.858754595081572e-05
MAR04992	0.005182176186083839
MAR04993	9.858754595081572e-05
MAR04994	7.465022698960405e-05
MAR04995	9.858754595081572e-05
MAR04996	0.00349533847040237
MAR04999	7.465022698960405e-05
MAR05000	9.858754595081572e-05
MAR05002	9.858754595081572e-05
MAR05003	0.0025264766114472923
MAR05005	3.812065019573406e-05
MAR05007	0.004286982699080733
MAR05008	0.0025264766114472923
MAR05009	9.858754595081572e-05
MAR05010	9.858754595081572e-05
MAR05011	9.858754595081572e-05
MAR05013	7.465022698960405e-05
MAR05018	0.006636517029453973
MAR05020	9.858754595081572e-05
MAR05021	0.0006730357840881034
MAR05023	3.728206335263105e-05
MAR05029	0.00349533847040237
MAR05032	0.0025264766114472923
MAR05034	0.0025264766114472923
MAR05035	0.0025264766114472923
MAR05037	0.0025264766114472923
MAR05038	3.728206335263105e-05
MAR05039	3.728206335263105e-05
MAR05040	3.728206335263105e-05
MAR05041	3.728206335263105e-05
MAR05042	0.0025264766114472923
MAR05068	0.003407930323741353
MAR05070	0.0085769840233653
MAR05071	0.003407930323741353
MAR05073	0.0085769840233653
MAR05074	0.0085769840233653
MAR05076	0.0085769840233653
MAR05077	0.0085769840233653
MAR05078	0.0085769840233653
MAR05079	0.0085769840233653
MAR05080	0.0085769840233653
MAR05082	0.0085769840233653
MAR05084	0.0085769840233653
MAR05085	0.0085769840233653
MAR05087	0.006361782362284913
MAR05088	0.0085769840233653
MAR05089	0.0085769840233653
MAR05091	0.0085769840233653
MAR05092	0.0085769840233653
MAR05094	0.003407930323741353
MAR05129	8.837687463265571e-05
MAR05198	9.858754595081572e-05
MAR05200	9.858754595081572e-05
MAR05202	9.858754595081572e-05
MAR05206	9.858754595081572e-05
MAR05213	9.858754595081572e-05
MAR05215	9.858754595081572e-05
MAR05216	9.858754595081572e-05
MAR05219	9.858754595081572e-05
MAR05221	9.858754595081572e-05
MAR05231	9.858754595081572e-05
MAR05232	9.858754595081572e-05
MAR05236	9.858754595081572e-05
MAR05237	9.858754595081572e-05
MAR05240	9.858754595081572e-05
MAR05241	0.002343686778032639
MAR05246	0.002343686778032639
MAR05296	9.858754595081572e-05
MAR05303	9.858754595081572e-05
MAR05305	0.02141058326126723
MAR05307	4.3006207629777034e-05
MAR05308	0.02141058326126723
MAR05311	0.02141058326126723
MAR05313	4.3006207629777034e-05
MAR05314	0.00024667659725849687
MAR05315	0.02141058326126723
MAR05316	0.00024667659725849687
MAR05317	3.728206335263105e-05
MAR05318	3.728206335263105e-05
MAR05319	0.02141058326126723
MAR05320	0.02141058326126723
MAR05322	0.02141058326126723
MAR05324	0.02141058326126723
MAR05326	0.02141058326126723
MAR05328	0.0019395509112199725
MAR05330	0.0019395509112199725
MAR05332	6.615583747725887e-05
MAR05333	0.02141058326126723
MAR05335	4.1130126177240207e-05
MAR05429	0.020694656364104044
MAR05430	0.00485171437560617
MAR05432	0.0012637970342988527
MAR05433	0.0023066017529853526
MAR05435	5.1849070780614454e-05
MAR05436	5.1849070780614454e-05
MAR05437	5.1849070780614454e-05
MAR05438	5.1849070780614454e-05
MAR05439	5.1849070780614454e-05
MAR05440	9.858754595081572e-05
MAR05441	0.0006829932169012396
MAR05442	0.0006347690021062142
MAR05443	0.0006347690021062142
MAR05444	0.0006347690021062142
MAR05445	0.0006347690021062142
MAR05446	0.000770280977065916
MAR05447	0.0011428836543175254
MAR05448	0.00017185258940472499
MAR05450	4.70709529358195e-05
MAR05451	0.0027289526963359856
MAR05454	0.0027289526963359856
MAR05455	0.00017366777680614983
MAR05457	3.728206335263105e-05
MAR05458	0.0085769840233653
MAR05459	0.006361782362284913
MAR05460	0.0085769840233653
MAR05461	0.006361782362284913
MAR05462	0.006361782362284913
MAR05463	0.006361782362284913
MAR05464	0.006361782362284913
MAR05465	0.0085769840233653
MAR05466	0.006361782362284913
MAR05467	0.006361782362284913
MAR05468	0.006361782362284913
MAR05469	0.006361782362284913
MAR05470	0.0085769840233653
MAR05471	0.006361782362284913
MAR05472	0.006361782362284913
MAR05473	0.0085769840233653
MAR05474	0.006361782362284913
MAR05475	0.006361782362284913
MAR05476	0.006361782362284913
MAR05477	0.006361782362284913
MAR05478	0.006361782362284913
MAR05479	0.006361782362284913
MAR05480	0.006361782362284913
MAR05481	0.006361782362284913
MAR05482	0.006361782362284913
MAR05483	0.006361782362284913
MAR05484	0.006361782362284913
MAR05485	0.006361782362284913
MAR05486	0.006361782362284913
MAR05487	0.0085769840233653
MAR05488	0.006361782362284913
MAR05489	0.006361782362284913
MAR05490	0.006361782362284913
MAR05491	0.006361782362284913
MAR05492	0.0085769840233653
MAR05493	0.006361782362284913
MAR05494	0.006361782362284913
MAR05495	0.006361782362284913
MAR05496	0.006361782362284913
MAR05497	0.0085769840233653
MAR05498	0.006361782362284913
MAR05499	0.006361782362284913
MAR05500	0.006361782362284913
MAR05501	0.006361782362284913
MAR05502	0.006361782362284913
MAR05503	0.006361782362284913
MAR05504	0.006361782362284913
MAR05505	0.006361782362284913
MAR05506	0.006361782362284913
MAR05507	0.006361782362284913
MAR05508	0.006361782362284913
MAR05509	0.006361782362284913
MAR05510	0.006361782362284913
MAR05511	0.006361782362284913
MAR05512	0.006361782362284913
MAR05513	0.006361782362284913
MAR05514	0.006361782362284913
MAR05515	0.006361782362284913
MAR05516	0.0085769840233653
MAR05517	0.006361782362284913
MAR05518	0.006361782362284913
MAR05519	0.006361782362284913
MAR05520	0.006361782362284913
MAR05521	0.006361782362284913
MAR05522	0.006361782362284913
MAR05523	0.006361782362284913
MAR05524	0.006361782362284913
MAR05525	0.006361782362284913
MAR05526	0.006361782362284913
MAR05527	0.006361782362284913
MAR05528	0.006361782362284913
MAR05529	0.006361782362284913
MAR05530	0.006361782362284913
MAR05531	0.006361782362284913
MAR05532	0.006361782362284913
MAR05533	0.006361782362284913
MAR05534	0.006361782362284913
MAR05535	0.006361782362284913
MAR05536	0.006361782362284913
MAR05537	0.006361782362284913
MAR05538	0.006361782362284913
MAR05539	0.006361782362284913
MAR05540	0.006361782362284913
MAR05541	0.006361782362284913
MAR05542	0.006361782362284913
MAR05543	0.006361782362284913
MAR05544	0.006361782362284913
MAR05545	0.006361782362284913
MAR05546	0.006361782362284913
MAR05547	0.006361782362284913
MAR05548	0.006361782362284913
MAR05549	0.006361782362284913
MAR05550	3.8460024365156446e-05
MAR05551	0.006361782362284913
MAR05552	0.006361782362284913
MAR05553	0.006361782362284913
MAR05554	0.006361782362284913
MAR05555	0.006361782362284913
MAR05556	0.006361782362284913
MAR05557	0.006361782362284913
MAR05558	0.006361782362284913
MAR05559	0.006361782362284913
MAR05560	0.006361782362284913
MAR05561	0.006361782362284913
MAR05562	0.006361782362284913
MAR05563	0.006361782362284913
MAR05564	0.006361782362284913
MAR05565	0.006361782362284913
MAR05566	0.006361782362284913
MAR05567	0.006361782362284913
MAR05568	0.006361782362284913
MAR05569	0.006361782362284913
MAR05570	0.006361782362284913
MAR05571	0.006361782362284913
MAR05572	0.006361782362284913
MAR05573	0.006361782362284913
MAR05574	0.006361782362284913
MAR05575	0.006361782362284913
MAR05576	0.006361782362284913
MAR05577	0.006361782362284913
MAR05578	0.0085769840233653
MAR05579	0.006361782362284913
MAR05580	0.006361782362284913
MAR05581	0.006361782362284913
MAR05582	0.006361782362284913
MAR05583	0.006361782362284913
MAR05584	0.006361782362284913
MAR05585	0.006361782362284913
MAR05586	0.006361782362284913
MAR05587	0.006361782362284913
MAR05588	0.006361782362284913
MAR05589	0.006361782362284913
MAR05590	0.006361782362284913
MAR05591	0.006361782362284913
MAR05592	0.006361782362284913
MAR05593	0.006361782362284913
MAR05594	0.006361782362284913
MAR05595	0.006361782362284913
MAR05596	0.006361782362284913
MAR05597	0.006361782362284913
MAR05598	0.006361782362284913
MAR05599	0.006361782362284913
MAR05600	0.006361782362284913
MAR05601	0.006361782362284913
MAR05602	0.006361782362284913
MAR05603	0.0066017277052709345
MAR05604	0.0066017277052709345
MAR05605	0.006361782362284913
MAR05606	0.006361782362284913
MAR05607	0.006361782362284913
MAR05608	0.006361782362284913
MAR05609	0.0066017277052709345
MAR05610	0.006361782362284913
MAR05611	0.006361782362284913
MAR05612	0.0066017277052709345
MAR05613	0.006361782362284913
MAR05614	0.0066017277052709345
MAR05615	0.006361782362284913
MAR05616	0.006361782362284913
MAR05617	0.006361782362284913
MAR05618	0.0066017277052709345
MAR05619	0.0066017277052709345
MAR05620	0.006361782362284913
MAR05621	0.006361782362284913
MAR05622	0.006361782362284913
MAR05623	0.006361782362284913
MAR05624	0.0066017277052709345
MAR05625	0.006361782362284913
MAR05626	0.006361782362284913
MAR05627	0.0066017277052709345
MAR05628	0.006361782362284913
MAR05629	0.0066017277052709345
MAR05630	0.006361782362284913
MAR05631	0.006361782362284913
MAR05632	0.006361782362284913
MAR05633	0.0066017277052709345
MAR05634	0.0066017277052709345
MAR05635	0.006361782362284913
MAR05636	0.006361782362284913
MAR05637	0.006361782362284913
MAR05638	0.006361782362284913
MAR05639	0.0066017277052709345
MAR05640	0.006361782362284913
MAR05641	0.006361782362284913
MAR05642	0.0066017277052709345
MAR05643	0.006361782362284913
MAR05644	0.0066017277052709345
MAR05645	0.006361782362284913
MAR05646	0.006361782362284913
MAR05647	0.006361782362284913
MAR05648	0.006361782362284913
MAR05649	0.006361782362284913
MAR05650	0.006361782362284913
MAR05651	0.006361782362284913
MAR05652	0.006361782362284913
MAR05653	0.006361782362284913
MAR05654	0.006361782362284913
MAR05655	0.006361782362284913
MAR05656	0.006361782362284913
MAR05657	0.006361782362284913
MAR05658	0.006361782362284913
MAR05659	0.006361782362284913
MAR05660	0.006361782362284913
MAR05661	0.006361782362284913
MAR05662	0.006361782362284913
MAR05663	0.006361782362284913
MAR05664	0.006361782362284913
MAR05665	0.006361782362284913
MAR05666	0.006361782362284913
MAR05667	0.006361782362284913
MAR05668	0.006361782362284913
MAR05669	0.006361782362284913
MAR05670	0.006361782362284913
MAR05671	0.006361782362284913
MAR05672	0.006361782362284913
MAR05673	0.006361782362284913
MAR05674	0.006361782362284913
MAR05675	0.006361782362284913
MAR05676	0.006361782362284913
MAR05677	0.0007371165894004309
MAR05678	0.0007371165894004309
MAR05679	0.0007371165894004309
MAR05680	0.0007371165894004309
MAR05681	0.0007371165894004309
MAR05682	0.0007371165894004309
MAR05683	0.0007371165894004309
MAR05684	0.0007371165894004309
MAR05685	0.0007371165894004309
MAR05686	0.0007371165894004309
MAR05687	0.0007371165894004309
MAR05688	0.0007371165894004309
MAR05689	0.0007371165894004309
MAR05690	0.0007371165894004309
MAR05691	0.0007371165894004309
MAR05692	0.0007371165894004309
MAR05693	0.0007371165894004309
MAR05694	0.0007371165894004309
MAR05695	0.0007371165894004309
MAR05696	0.0007371165894004309
MAR05697	0.0007371165894004309
MAR05698	0.0007371165894004309
MAR05699	0.0007371165894004309
MAR05700	0.0007371165894004309
MAR05701	0.0007371165894004309
MAR05702	0.0007371165894004309
MAR05703	0.0007371165894004309
MAR05704	0.0007371165894004309
MAR05705	0.0007371165894004309
MAR05706	0.0007371165894004309
MAR05707	0.0007371165894004309
MAR05708	0.0066017277052709345
MAR05709	0.0066017277052709345
MAR05710	0.0066017277052709345
MAR05711	0.0007371165894004309
MAR05712	0.0007371165894004309
MAR05713	0.0007371165894004309
MAR05714	0.0007371165894004309
MAR05715	0.0007371165894004309
MAR05716	0.0007371165894004309
MAR05717	0.0066017277052709345
MAR05718	0.0007371165894004309
MAR05719	0.0066017277052709345
MAR05720	0.0007371165894004309
MAR05721	0.0007371165894004309
MAR05722	0.0007371165894004309
MAR05723	0.0007371165894004309
MAR05724	0.0007371165894004309
MAR05725	0.0007371165894004309
MAR05726	0.0007371165894004309
MAR05727	0.0007371165894004309
MAR05728	0.0007371165894004309
MAR05729	0.0007371165894004309
MAR05730	0.0007371165894004309
MAR05731	0.0007371165894004309
MAR05732	0.0007371165894004309
MAR05733	0.0007371165894004309
MAR05734	0.0007371165894004309
MAR05735	0.0007371165894004309
MAR05736	0.0007371165894004309
MAR05737	0.0007371165894004309
MAR05738	0.0007371165894004309
MAR05739	0.0007371165894004309
MAR05740	0.0007371165894004309
MAR05741	0.0007371165894004309
MAR05742	0.0007371165894004309
MAR05743	0.0007371165894004309
MAR05744	0.0007371165894004309
MAR05745	0.0007371165894004309
MAR05746	0.0007371165894004309
MAR05747	0.0007371165894004309
MAR05748	0.0007371165894004309
MAR05749	0.0007371165894004309
MAR05750	0.0007371165894004309
MAR05751	0.0007371165894004309
MAR05752	0.0007371165894004309
MAR05753	0.0066017277052709345
MAR05754	0.0066017277052709345
MAR05755	0.0066017277052709345
MAR05756	0.0007371165894004309
MAR05757	0.0007371165894004309
MAR05758	0.0007371165894004309
MAR05759	0.0007371165894004309
MAR05760	0.0066017277052709345
MAR05761	0.0007371165894004309
MAR05762	0.0007371165894004309
MAR05763	0.0007371165894004309
MAR05764	0.0066017277052709345
MAR05765	0.0007371165894004309
MAR05766	0.0007371165894004309
MAR05767	0.0007371165894004309
MAR05768	0.0007371165894004309
MAR05769	0.0007371165894004309
MAR05770	0.0007371165894004309
MAR05771	0.0007371165894004309
MAR05772	0.0007371165894004309
MAR05773	0.0007371165894004309
MAR05774	0.0007371165894004309
MAR05775	0.0007371165894004309
MAR05776	0.0007371165894004309
MAR05777	0.0007371165894004309
MAR05778	0.0007371165894004309
MAR05779	0.0007371165894004309
MAR05780	0.0007371165894004309
MAR05781	0.0007371165894004309
MAR05782	0.0007371165894004309
MAR05783	0.0066017277052709345
MAR05784	0.0066017277052709345
MAR05785	0.0066017277052709345
MAR05786	0.0007371165894004309
MAR05787	0.0007371165894004309
MAR05788	0.0007371165894004309
MAR05789	0.0007371165894004309
MAR05790	0.0066017277052709345
MAR05791	0.0007371165894004309
MAR05792	0.0007371165894004309
MAR05793	0.0066017277052709345
MAR05794	0.0007371165894004309
MAR05795	0.0007371165894004309
MAR05796	0.0007371165894004309
MAR05797	0.0007371165894004309
MAR05798	0.0007371165894004309
MAR05799	0.0007371165894004309
MAR05800	0.0007371165894004309
MAR05801	0.0007371165894004309
MAR05802	0.0007371165894004309
MAR05803	0.0007371165894004309
MAR05804	0.0007371165894004309
MAR05805	0.0007371165894004309
MAR05806	0.0007371165894004309
MAR05807	0.0007371165894004309
MAR05808	0.0007371165894004309
MAR05809	0.0007371165894004309
MAR05810	0.0007371165894004309
MAR05811	0.0007371165894004309
MAR05812	0.0007371165894004309
MAR05813	0.0007371165894004309
MAR05814	0.0007371165894004309
MAR05815	0.0007371165894004309
MAR05816	0.0007371165894004309
MAR05817	0.0007371165894004309
MAR05818	0.0007371165894004309
MAR05819	0.0007371165894004309
MAR05820	0.0007371165894004309
MAR05821	0.0007371165894004309
MAR05822	0.0007371165894004309
MAR05823	0.0007371165894004309
MAR05824	0.0007371165894004309
MAR05825	0.0007371165894004309
MAR05826	0.0007371165894004309
MAR05827	0.0007371165894004309
MAR05828	0.0007371165894004309
MAR05829	0.0007371165894004309
MAR05830	0.0007371165894004309
MAR05831	0.0007371165894004309
MAR05832	0.0007371165894004309
MAR05833	0.0007371165894004309
MAR05834	0.0007371165894004309
MAR05835	0.0007371165894004309
MAR05836	0.0007371165894004309
MAR05837	0.0007371165894004309
MAR05838	0.0007371165894004309
MAR05839	0.0007371165894004309
MAR05840	0.0007371165894004309
MAR05841	0.0007371165894004309
MAR05842	0.0007371165894004309
MAR05843	0.0007371165894004309
MAR05844	0.0007371165894004309
MAR05845	0.0007371165894004309
MAR05846	0.0007371165894004309
MAR05847	0.0007371165894004309
MAR05848	0.0007371165894004309
MAR05849	0.0007371165894004309
MAR05850	0.0007371165894004309
MAR05851	0.0007371165894004309
MAR05852	0.0007371165894004309
MAR05853	0.0007371165894004309
MAR05854	0.0007371165894004309
MAR05855	0.0007371165894004309
MAR05856	0.0007371165894004309
MAR05857	0.0007371165894004309
MAR05858	0.0007371165894004309
MAR05859	0.0007371165894004309
MAR05860	0.0007371165894004309
MAR05861	0.0007371165894004309
MAR05862	0.0007371165894004309
MAR05863	0.0007371165894004309
MAR05864	0.0007371165894004309
MAR05865	0.0007371165894004309
MAR05866	0.0007371165894004309
MAR05867	0.0007371165894004309
MAR05868	0.0007371165894004309
MAR05869	0.0007371165894004309
MAR05870	0.0007371165894004309
MAR05871	0.0007371165894004309
MAR05872	0.0007371165894004309
MAR05873	0.0085769840233653
MAR05874	0.0007371165894004309
MAR05875	0.0007371165894004309
MAR05876	0.0007371165894004309
MAR05877	0.0007371165894004309
MAR05878	0.0007371165894004309
MAR05879	0.0007371165894004309
MAR05880	0.0007371165894004309
MAR05881	0.0007371165894004309
MAR05882	0.0007371165894004309
MAR05883	0.0007371165894004309
MAR05884	0.0007371165894004309
MAR05885	0.0007371165894004309
MAR05886	0.0007371165894004309
MAR05887	0.0007371165894004309
MAR05888	0.0007371165894004309
MAR05889	0.0007371165894004309
MAR05890	0.0007371165894004309
MAR05891	0.0007371165894004309
MAR05892	0.0007371165894004309
MAR05893	0.0007371165894004309
MAR05894	0.0007371165894004309
MAR05895	0.0007371165894004309
MAR05896	0.0007371165894004309
MAR05897	0.0007371165894004309
MAR05898	0.0007371165894004309
MAR05899	0.0007371165894004309
MAR05900	0.0007371165894004309
MAR05901	0.0007371165894004309
MAR05902	0.0007371165894004309
MAR05903	0.0007371165894004309
MAR05904	0.0007371165894004309
MAR05905	0.0007371165894004309
MAR05906	0.0007371165894004309
MAR05907	0.0007371165894004309
MAR05908	0.0007371165894004309
MAR05909	0.0007371165894004309
MAR05910	0.0007371165894004309
MAR05911	0.0007371165894004309
MAR05912	0.0007371165894004309
MAR05913	0.0007371165894004309
MAR05914	0.0007371165894004309
MAR05915	0.0007371165894004309
MAR05916	0.0007371165894004309
MAR05917	0.0007371165894004309
MAR05918	0.0007371165894004309
MAR05919	0.0007371165894004309
MAR05920	0.0007371165894004309
MAR05921	0.0007371165894004309
MAR05922	0.0007371165894004309
MAR05923	0.0007371165894004309
MAR05924	0.0007371165894004309
MAR05925	0.0007371165894004309
MAR05926	0.0007371165894004309
MAR05927	0.0007371165894004309
MAR05928	0.0007371165894004309
MAR05929	0.0007371165894004309
MAR05930	0.0007371165894004309
MAR05931	0.0007371165894004309
MAR05932	0.0007371165894004309
MAR05933	0.0007371165894004309
MAR05934	0.0007371165894004309
MAR05935	0.0007371165894004309
MAR05936	0.0007371165894004309
MAR05937	0.0007371165894004309
MAR05938	0.0007371165894004309
MAR05939	0.0007371165894004309
MAR05940	0.0007371165894004309
MAR05941	0.0007371165894004309
MAR05942	0.0007371165894004309
MAR05943	0.0007371165894004309
MAR05944	0.0007371165894004309
MAR05945	0.0007371165894004309
MAR05946	0.0007371165894004309
MAR05947	0.0007371165894004309
MAR05948	0.0007371165894004309
MAR05949	0.0007371165894004309
MAR05950	0.0007371165894004309
MAR05951	0.0007371165894004309
MAR05952	0.0007371165894004309
MAR05953	0.0007371165894004309
MAR05954	0.0007371165894004309
MAR05955	0.0007371165894004309
MAR05956	0.0007371165894004309
MAR05957	0.0007371165894004309
MAR05958	0.0007371165894004309
MAR05959	0.0007371165894004309
MAR05960	0.0007371165894004309
MAR05961	0.0007371165894004309
MAR05962	0.0007371165894004309
MAR05963	0.0007371165894004309
MAR05964	0.0007371165894004309
MAR05965	0.0007371165894004309
MAR05966	0.0007371165894004309
MAR05967	0.0007371165894004309
MAR05968	0.0007371165894004309
MAR05969	0.0007371165894004309
MAR05970	0.0007371165894004309
MAR05971	0.0007371165894004309
MAR05972	0.0007371165894004309
MAR05973	0.0007371165894004309
MAR05974	0.0007371165894004309
MAR05975	0.0007371165894004309
MAR05976	0.0007371165894004309
MAR05977	0.0007371165894004309
MAR05978	0.0007371165894004309
MAR05979	0.0007371165894004309
MAR05980	0.0007371165894004309
MAR05981	0.0007371165894004309
MAR05982	0.0007371165894004309
MAR05983	0.0007371165894004309
MAR05984	0.0007371165894004309
MAR05985	0.0007371165894004309
MAR05986	0.0007371165894004309
MAR05987	0.0008055826767853536
MAR05989	0.008919747026755624
MAR05990	0.0034327033061869448
MAR05992	9.683424200515478e-05
MAR05993	9.858754595081572e-05
MAR05994	3.728206335263105e-05
MAR05995	3.728206335263105e-05
MAR05996	0.0007371165894004309
MAR05997	3.728206335263105e-05
MAR05998	0.006636517029453973
MAR06000	0.006636517029453973
MAR06001	0.006636517029453973
MAR06002	0.006636517029453973
MAR06003	0.006636517029453973
MAR06004	0.006636517029453973
MAR06005	0.006636517029453973
MAR06006	0.006636517029453973
MAR06007	0.006636517029453973
MAR06008	0.006636517029453973
MAR06009	0.006636517029453973
MAR06010	0.006636517029453973
MAR06011	0.006636517029453973
MAR06012	0.006636517029453973
MAR06013	0.006636517029453973
MAR06014	0.006636517029453973
MAR06015	0.006636517029453973
MAR06016	0.006636517029453973
MAR06017	0.006636517029453973
MAR06018	0.006636517029453973
MAR06019	0.006636517029453973
MAR06020	0.006636517029453973
MAR06021	0.006636517029453973
MAR06022	0.006636517029453973
MAR06023	0.006636517029453973
MAR06024	0.006636517029453973
MAR06025	0.006636517029453973
MAR06026	0.006636517029453973
MAR06027	0.006636517029453973
MAR06028	0.006636517029453973
MAR06029	0.006636517029453973
MAR06030	0.006636517029453973
MAR06031	0.006636517029453973
MAR06032	0.006636517029453973
MAR06033	0.006636517029453973
MAR06034	0.006636517029453973
MAR06035	0.006636517029453973
MAR06036	0.006636517029453973
MAR06037	0.006636517029453973
MAR06038	0.006636517029453973
MAR06039	0.006636517029453973
MAR06040	0.006636517029453973
MAR06041	0.006636517029453973
MAR06042	0.006636517029453973
MAR06043	0.006636517029453973
MAR06044	0.006636517029453973
MAR06045	0.006636517029453973
MAR06046	0.006636517029453973
MAR06047	0.006636517029453973
MAR06048	0.006636517029453973
MAR06049	0.006636517029453973
MAR06050	0.006636517029453973
MAR06051	0.006636517029453973
MAR06052	0.006636517029453973
MAR06053	0.006636517029453973
MAR06054	0.006636517029453973
MAR06055	0.00630276236626629
MAR06056	0.00630276236626629
MAR06057	3.728206335263105e-05
MAR06058	3.728206335263105e-05
MAR06059	0.00046255180786304156
MAR06060	3.728206335263105e-05
MAR06061	3.728206335263105e-05
MAR06062	3.728206335263105e-05
MAR06063	3.728206335263105e-05
MAR06064	3.728206335263105e-05
MAR06065	3.728206335263105e-05
MAR06066	3.728206335263105e-05
MAR06067	3.728206335263105e-05
MAR06068	3.728206335263105e-05
MAR06069	3.728206335263105e-05
MAR06070	3.728206335263105e-05
MAR06071	3.728206335263105e-05
MAR06072	3.728206335263105e-05
MAR06073	3.728206335263105e-05
MAR06074	3.728206335263105e-05
MAR06075	3.728206335263105e-05
MAR06076	3.728206335263105e-05
MAR06077	3.728206335263105e-05
MAR06078	3.728206335263105e-05
MAR06079	3.728206335263105e-05
MAR06080	3.728206335263105e-05
MAR06081	3.728206335263105e-05
MAR06082	3.728206335263105e-05
MAR06083	3.728206335263105e-05
MAR06084	3.728206335263105e-05
MAR06085	3.728206335263105e-05
MAR06086	3.728206335263105e-05
MAR06087	3.728206335263105e-05
MAR06088	3.728206335263105e-05
MAR06089	3.728206335263105e-05
MAR06090	3.728206335263105e-05
MAR06091	3.728206335263105e-05
MAR06092	3.728206335263105e-05
MAR06093	3.728206335263105e-05
MAR06094	3.728206335263105e-05
MAR06095	3.728206335263105e-05
MAR06096	0.00016887349397263807
MAR06097	3.728206335263105e-05
MAR06098	0.00016887349397263807
MAR06099	3.728206335263105e-05
MAR06100	3.728206335263105e-05
MAR06101	0.00016887349397263807
MAR06102	3.728206335263105e-05
MAR06103	3.728206335263105e-05
MAR06104	3.728206335263105e-05
MAR06105	3.728206335263105e-05
MAR06106	3.728206335263105e-05
MAR06107	3.728206335263105e-05
MAR06108	3.728206335263105e-05
MAR06109	3.728206335263105e-05
MAR06110	3.728206335263105e-05
MAR06111	3.728206335263105e-05
MAR06112	3.728206335263105e-05
MAR06113	3.728206335263105e-05
MAR06114	3.728206335263105e-05
MAR06115	3.728206335263105e-05
MAR06116	3.728206335263105e-05
MAR06117	3.728206335263105e-05
MAR06118	3.728206335263105e-05
MAR06119	3.728206335263105e-05
MAR06120	3.728206335263105e-05
MAR06121	3.728206335263105e-05
MAR06122	3.728206335263105e-05
MAR06123	3.728206335263105e-05
MAR06124	3.728206335263105e-05
MAR06125	3.728206335263105e-05
MAR06126	3.728206335263105e-05
MAR06127	3.728206335263105e-05
MAR06128	3.728206335263105e-05
MAR06129	0.00016887349397263807
MAR06130	3.728206335263105e-05
MAR06131	3.728206335263105e-05
MAR06132	3.728206335263105e-05
MAR06133	3.728206335263105e-05
MAR06134	3.728206335263105e-05
MAR06135	3.728206335263105e-05
MAR06136	3.728206335263105e-05
MAR06137	3.728206335263105e-05
MAR06138	3.728206335263105e-05
MAR06139	3.728206335263105e-05
MAR06140	3.728206335263105e-05
MAR06141	3.728206335263105e-05
MAR06145	3.728206335263105e-05
MAR06146	3.728206335263105e-05
MAR06147	3.728206335263105e-05
MAR06148	3.728206335263105e-05
MAR06149	3.728206335263105e-05
MAR06150	3.728206335263105e-05
MAR06151	3.728206335263105e-05
MAR06152	3.728206335263105e-05
MAR06153	3.728206335263105e-05
MAR06154	3.728206335263105e-05
MAR06155	3.728206335263105e-05
MAR06156	3.728206335263105e-05
MAR06157	3.728206335263105e-05
MAR06158	3.728206335263105e-05
MAR06159	3.728206335263105e-05
MAR06160	3.728206335263105e-05
MAR06161	3.728206335263105e-05
MAR06162	3.728206335263105e-05
MAR06163	3.728206335263105e-05
MAR06164	3.728206335263105e-05
MAR06165	3.728206335263105e-05
MAR06166	3.728206335263105e-05
MAR06167	3.728206335263105e-05
MAR06168	3.728206335263105e-05
MAR06169	3.728206335263105e-05
MAR06170	3.728206335263105e-05
MAR06171	3.728206335263105e-05
MAR06172	3.728206335263105e-05
MAR06173	3.728206335263105e-05
MAR06174	3.728206335263105e-05
MAR06175	3.728206335263105e-05
MAR06176	3.728206335263105e-05
MAR06177	3.728206335263105e-05
MAR06178	3.728206335263105e-05
MAR06179	3.728206335263105e-05
MAR06180	3.728206335263105e-05
MAR06181	3.728206335263105e-05
MAR06182	3.728206335263105e-05
MAR06183	3.728206335263105e-05
MAR06184	3.728206335263105e-05
MAR06185	3.728206335263105e-05
MAR06186	3.728206335263105e-05
MAR06187	3.728206335263105e-05
MAR06188	3.728206335263105e-05
MAR06189	3.728206335263105e-05
MAR06190	3.728206335263105e-05
MAR06191	3.728206335263105e-05
MAR06192	3.728206335263105e-05
MAR06193	3.728206335263105e-05
MAR06194	3.728206335263105e-05
MAR06195	3.728206335263105e-05
MAR06196	3.728206335263105e-05
MAR06197	3.728206335263105e-05
MAR06198	3.728206335263105e-05
MAR06199	3.728206335263105e-05
MAR06200	3.728206335263105e-05
MAR06201	3.728206335263105e-05
MAR06202	3.728206335263105e-05
MAR06203	3.728206335263105e-05
MAR06204	3.728206335263105e-05
MAR06205	3.728206335263105e-05
MAR06206	3.728206335263105e-05
MAR06207	3.728206335263105e-05
MAR06208	3.728206335263105e-05
MAR06209	3.728206335263105e-05
MAR06210	3.728206335263105e-05
MAR06211	3.728206335263105e-05
MAR06212	3.728206335263105e-05
MAR06213	3.728206335263105e-05
MAR06214	3.728206335263105e-05
MAR06215	3.728206335263105e-05
MAR06216	3.728206335263105e-05
MAR06217	3.728206335263105e-05
MAR06218	4.664904405167795e-05
MAR06219	4.664904405167795e-05
MAR06221	4.664904405167795e-05
MAR06222	4.664904405167795e-05
MAR06223	4.664904405167795e-05
MAR06224	4.664904405167795e-05
MAR06225	4.664904405167795e-05
MAR06226	4.664904405167795e-05
MAR06227	4.664904405167795e-05
MAR06228	4.664904405167795e-05
MAR06229	4.664904405167795e-05
MAR06230	4.664904405167795e-05
MAR06231	4.664904405167795e-05
MAR06232	4.664904405167795e-05
MAR06233	4.664904405167795e-05
MAR06234	4.664904405167795e-05
MAR06235	4.664904405167795e-05
MAR06236	4.664904405167795e-05
MAR06237	4.664904405167795e-05
MAR06238	4.664904405167795e-05
MAR06239	4.664904405167795e-05
MAR06240	4.664904405167795e-05
MAR06241	0.00014352431003584318
MAR06242	3.728206335263105e-05
MAR06243	0.00014352431003584318
MAR06244	3.859632576282447e-05
MAR06245	7.465022698960405e-05
MAR06246	0.00011263404412569864
MAR06247	7.465022698960405e-05
MAR06248	3.757760626701875e-05
MAR06249	4.357473539977279e-05
MAR06250	3.728206335263105e-05
MAR06251	9.858754595081572e-05
MAR06253	3.728206335263105e-05
MAR06254	3.728206335263105e-05
MAR06255	3.728206335263105e-05
MAR06256	3.728206335263105e-05
MAR06257	0.00016887349397263807
MAR06258	3.728206335263105e-05
MAR06259	3.728206335263105e-05
MAR06260	9.858754595081572e-05
MAR06261	3.728206335263105e-05
MAR06262	3.728206335263105e-05
MAR06263	3.728206335263105e-05
MAR06264	3.728206335263105e-05
MAR06265	3.728206335263105e-05
MAR06266	4.664904405167795e-05
MAR06267	3.728206335263105e-05
MAR06268	0.00011263404412569864
MAR06269	9.858754595081572e-05
MAR06270	3.728206335263105e-05
MAR06271	3.728206335263105e-05
MAR06272	3.728206335263105e-05
MAR06273	3.728206335263105e-05
MAR06274	3.728206335263105e-05
MAR06275	0.0006730357840881034
MAR06351	3.728206335263105e-05
MAR06352	8.837687463265571e-05
MAR06353	8.837687463265571e-05
MAR06354	8.837687463265571e-05
MAR06355	8.837687463265571e-05
MAR06356	8.837687463265571e-05
MAR06357	8.837687463265571e-05
MAR06358	8.837687463265571e-05
MAR06359	8.837687463265571e-05
MAR06360	8.837687463265571e-05
MAR06361	8.837687463265571e-05
MAR06362	8.837687463265571e-05
MAR06363	8.837687463265571e-05
MAR06364	8.837687463265571e-05
MAR06365	8.837687463265571e-05
MAR06366	0.0025264766114472923
MAR06367	0.0025264766114472923
MAR06368	0.0025264766114472923
MAR06369	0.0025264766114472923
MAR06370	0.003153266478986131
MAR06371	0.0014070258287455202
MAR06372	0.0014070258287455202
MAR06373	0.0014070258287455202
MAR06374	0.0014070258287455202
MAR06375	0.02141058326126723
MAR06377	0.0066017277052709345
MAR06379	0.003407930323741353
MAR06380	4.3006207629777034e-05
MAR06381	0.02141058326126723
MAR06382	0.02141058326126723
MAR06383	0.003407930323741353
MAR06384	0.02141058326126723
MAR06392	0.002675318211529951
MAR06424	9.858754595081572e-05
MAR06439	9.858754595081572e-05
MAR06462	9.858754595081572e-05
MAR06474	0.0009441793381176686
MAR06505	9.858754595081572e-05
MAR06512	0.007743145662041426
MAR06514	9.858754595081572e-05
MAR06516	9.858754595081572e-05
MAR06524	3.728206335263105e-05
MAR06525	0.004850267703553756
MAR06526	0.0005373664383456616
MAR06527	0.0034327033061869448
MAR06529	4.037645122571411e-05
MAR06530	0.0005286584712159547
MAR06531	0.0005286584712159547
MAR06532	0.0005286584712159547
MAR06533	0.0005286584712159547
MAR06534	0.0014310954544392717
MAR06628	4.090237672896617e-05
MAR06732	0.00014352431003584318
MAR06733	3.728206335263105e-05
MAR06989	3.9795068366494616e-05
MAR06991	9.858754595081572e-05
MAR07109	9.858754595081572e-05
MAR07111	9.858754595081572e-05
MAR07113	9.858754595081572e-05
MAR07115	9.858754595081572e-05
MAR07117	9.858754595081572e-05
MAR07119	9.858754595081572e-05
MAR07121	9.858754595081572e-05
MAR07123	9.858754595081572e-05
MAR07125	9.858754595081572e-05
MAR07127	9.858754595081572e-05
MAR07173	9.858754595081572e-05
MAR07184	9.858754595081572e-05
MAR07223	9.858754595081572e-05
MAR07253	9.858754595081572e-05
MAR07372	9.858754595081572e-05
MAR07453	9.858754595081572e-05
MAR07482	9.858754595081572e-05
MAR07499	0.0001228308735939091
MAR07511	9.858754595081572e-05
MAR07523	9.858754595081572e-05
MAR07539	9.858754595081572e-05
MAR07555	9.858754595081572e-05
MAR07568	0.0005469668553244856
MAR07569	0.0005469668553244856
MAR07579	9.858754595081572e-05
MAR07583	9.858754595081572e-05
MAR07608	9.858754595081572e-05
MAR07609	9.858754595081572e-05
MAR07629	0.009155952918836831
MAR07630	0.00014666441409910447
MAR07631	0.0002070268576264084
MAR07632	0.0002070268576264084
MAR07633	4.992359944376898e-05
MAR07634	4.992359944376898e-05
MAR07635	4.992359944376898e-05
MAR07636	4.992359944376898e-05
MAR07637	4.992359944376898e-05
MAR07639	0.0011428836543175254
MAR07643	0.0085769840233653
MAR07644	0.0085769840233653
MAR07645	0.0014070258287455202
MAR07650	0.000770280977065916
MAR07651	0.00016887349397263807
MAR07660	9.858754595081572e-05
MAR07666	0.003781585572879916
MAR07667	0.0009663169060728079
MAR07679	9.858754595081572e-05
MAR07680	3.80118259440596e-05
MAR07681	3.8392493081905683e-05
MAR07682	0.0002160574409158143
MAR07683	0.0002160574409158143
MAR07684	0.0002160574409158143
MAR07685	0.0002160574409158143
MAR07686	0.0002160574409158143
MAR07687	0.0002160574409158143
MAR07690	9.858754595081572e-05
MAR07691	0.000770280977065916
MAR07692	0.000770280977065916
MAR07699	6.743169597438199e-05
MAR07700	3.728206335263105e-05
MAR07734	3.728206335263105e-05
MAR07735	0.00021100900235371405
MAR07736	3.728206335263105e-05
MAR07737	3.728206335263105e-05
MAR07738	3.728206335263105e-05
MAR07739	3.728206335263105e-05
MAR07774	9.858754595081572e-05
MAR07781	9.858754595081572e-05
MAR07787	9.858754595081572e-05
MAR07798	9.858754595081572e-05
MAR07896	9.858754595081572e-05
MAR07898	9.858754595081572e-05
MAR07900	9.858754595081572e-05
MAR07901	9.858754595081572e-05
MAR07902	0.0014310954544392717
MAR07903	9.858754595081572e-05
MAR07904	3.728206335263105e-05
MAR07905	3.728206335263105e-05
MAR07906	9.858754595081572e-05
MAR07946	5.1849070780614454e-05
MAR07951	9.858754595081572e-05
MAR07961	9.858754595081572e-05
MAR07964	0.0008105333049796499
MAR07967	0.002675318211529951
MAR07975	9.858754595081572e-05
MAR07977	9.858754595081572e-05
MAR07979	9.858754595081572e-05
MAR07982	0.002675318211529951
MAR07986	0.002675318211529951
MAR07990	0.002675318211529951
MAR07994	9.858754595081572e-05
MAR07997	9.858754595081572e-05
MAR08002	9.858754595081572e-05
MAR08007	9.858754595081572e-05
MAR08010	9.858754595081572e-05
MAR08015	9.858754595081572e-05
MAR08023	9.858754595081572e-05
MAR08031	3.8272085381759e-05
MAR08033	9.858754595081572e-05
MAR08035	9.858754595081572e-05
MAR08039	9.858754595081572e-05
MAR08041	9.858754595081572e-05
MAR08042	9.858754595081572e-05
MAR08044	9.858754595081572e-05
MAR08045	9.858754595081572e-05
MAR08047	9.858754595081572e-05
MAR08048	9.858754595081572e-05
MAR08050	9.858754595081572e-05
MAR08051	9.858754595081572e-05
MAR08053	9.858754595081572e-05
MAR08054	9.858754595081572e-05
MAR08056	9.858754595081572e-05
MAR08057	9.858754595081572e-05
MAR08061	9.858754595081572e-05
MAR08073	9.858754595081572e-05
MAR08075	0.006636517029453973
MAR08076	0.0012637970342988527
MAR08077	0.0012637970342988527
MAR08079	9.858754595081572e-05
MAR08080	9.858754595081572e-05
MAR08081	3.728206335263105e-05
MAR08090	9.858754595081572e-05
MAR08095	9.858754595081572e-05
MAR08100	9.858754595081572e-05
MAR08101	9.858754595081572e-05
MAR08103	9.858754595081572e-05
MAR08104	9.858754595081572e-05
MAR08154	9.858754595081572e-05
MAR08158	9.858754595081572e-05
MAR08161	9.858754595081572e-05
MAR08164	9.858754595081572e-05
MAR08214	9.858754595081572e-05
MAR08223	9.858754595081572e-05
MAR08225	0.0002878151221020794
MAR08229	9.858754595081572e-05
MAR08231	9.858754595081572e-05
MAR08240	9.858754595081572e-05
MAR08247	9.858754595081572e-05
MAR08253	9.858754595081572e-05
MAR08266	9.858754595081572e-05
MAR08270	9.858754595081572e-05
MAR08273	9.858754595081572e-05
MAR08283	9.858754595081572e-05
MAR08290	9.858754595081572e-05
MAR08297	9.858754595081572e-05
MAR08300	9.858754595081572e-05
MAR08304	9.858754595081572e-05
MAR08311	9.858754595081572e-05
MAR08313	9.858754595081572e-05
MAR08315	9.858754595081572e-05
MAR08321	9.858754595081572e-05
MAR08324	9.858754595081572e-05
MAR08329	9.858754595081572e-05
MAR08336	9.858754595081572e-05
MAR08339	9.858754595081572e-05
MAR08340	9.858754595081572e-05
MAR08343	9.858754595081572e-05
MAR08354	0.0014070258287455202
MAR08364	0.006636517029453973
MAR08374	9.858754595081572e-05
MAR08408	9.858754595081572e-05
MAR08420	9.858754595081572e-05
MAR08429	0.005182176186083839
MAR08515	3.728206335263105e-05
MAR08520	9.858754595081572e-05
MAR08536	9.858754595081572e-05
MAR08551	3.728206335263105e-05
MAR08567	9.858754595081572e-05
MAR08586	0.0030702717768233035
MAR08593	9.858754595081572e-05
MAR08595	9.858754595081572e-05
MAR08597	9.858754595081572e-05
MAR08599	9.858754595081572e-05
MAR08600	9.858754595081572e-05
MAR08602	9.858754595081572e-05
MAR08612	9.858754595081572e-05
MAR08618	9.858754595081572e-05
MAR08629	9.858754595081572e-05
MAR08631	3.728206335263105e-05
MAR08632	3.728206335263105e-05
MAR08633	0.002675318211529951
MAR08635	3.728206335263105e-05
MAR08636	0.0001228308735939091
MAR08656	9.858754595081572e-05
MAR08658	0.0008105333049796499
MAR08659	3.728206335263105e-05
MAR08660	5.1849070780614454e-05
MAR08670	0.0005286584712159547
MAR08671	4.037645122571411e-05
MAR08676	0.0011067983590189669
MAR08677	0.0003326400157125871
MAR08678	9.858754595081572e-05
MAR08679	9.858754595081572e-05
MAR08686	9.858754595081572e-05
MAR08687	0.0007371165894004309
MAR08696	9.858754595081572e-05
MAR08714	9.858754595081572e-05
MAR08718	9.858754595081572e-05
MAR08720	9.858754595081572e-05
MAR08721	9.858754595081572e-05
MAR08723	9.858754595081572e-05
MAR08730	3.728206335263105e-05
MAR08732	3.728206335263105e-05
MAR08733	0.0085769840233653
MAR08734	0.0085769840233653
MAR08735	4.3006207629777034e-05
MAR08736	0.0005286584712159547
MAR08760	9.858754595081572e-05
MAR08797	9.858754595081572e-05
MAR08798	9.858754595081572e-05
MAR08846	0.00349533847040237
MAR08847	3.757760626701875e-05
MAR08849	9.858754595081572e-05
MAR08850	0.002675318211529951
MAR08852	9.858754595081572e-05
MAR08853	3.728206335263105e-05
MAR08854	9.858754595081572e-05
MAR08861	3.784598666464225e-05
MAR08863	9.858754595081572e-05
MAR08864	9.858754595081572e-05
MAR08865	9.858754595081572e-05
MAR08866	9.858754595081572e-05
MAR08867	0.0030702717768233035
MAR08869	9.858754595081572e-05
MAR08870	9.858754595081572e-05
MAR08872	3.728206335263105e-05
MAR08873	9.858754595081572e-05
MAR08876	3.728206335263105e-05
MAR08877	3.728206335263105e-05
MAR08878	9.858754595081572e-05
MAR08879	3.728206335263105e-05
MAR08881	9.858754595081572e-05
MAR08883	9.858754595081572e-05
MAR08884	3.728206335263105e-05
MAR08889	3.786145060556951e-05
MAR08892	4.1393843990047224e-05
MAR08893	9.858754595081572e-05
MAR08896	9.858754595081572e-05
MAR08898	9.858754595081572e-05
MAR08899	9.858754595081572e-05
MAR08901	9.858754595081572e-05
MAR08903	9.858754595081572e-05
MAR08905	9.858754595081572e-05
MAR08907	9.858754595081572e-05
MAR08911	0.0012035802572490165
MAR08912	0.0012035802572490165
MAR08913	9.858754595081572e-05
MAR08917	0.00020508829467750993
MAR08922	9.858754595081572e-05
MAR08923	9.858754595081572e-05
MAR08924	3.9795068366494616e-05
MAR08925	0.00485171437560617
MAR08927	9.858754595081572e-05
MAR08929	0.0014070258287455202
MAR08930	0.0009663169060728079
MAR08931	9.858754595081572e-05
MAR08932	4.664904405167795e-05
MAR08933	4.664904405167795e-05
MAR08934	0.000770280977065916
MAR08935	0.000770280977065916
MAR08936	4.664904405167795e-05
MAR08937	9.858754595081572e-05
MAR08938	3.728206335263105e-05
MAR08939	0.004182140406196268
MAR08940	0.004182140406196268
MAR08941	0.004182140406196268
MAR08942	0.004182140406196268
MAR08943	0.004182140406196268
MAR08944	0.004182140406196268
MAR08945	0.004182140406196268
MAR08946	0.004182140406196268
MAR08947	0.004182140406196268
MAR09173	9.858754595081572e-05
MAR09175	9.858754595081572e-05
MAR09176	9.858754595081572e-05
MAR09178	9.858754595081572e-05
MAR09180	9.858754595081572e-05
MAR09182	9.858754595081572e-05
MAR09183	9.858754595081572e-05
MAR09184	9.858754595081572e-05
MAR09185	9.858754595081572e-05
MAR09187	9.858754595081572e-05
MAR09188	9.858754595081572e-05
MAR09189	9.858754595081572e-05
MAR09190	0.0085769840233653
MAR09191	0.0085769840233653
MAR09192	0.00014352431003584318
MAR09193	3.8272085381759e-05
MAR09195	3.8272085381759e-05
MAR09196	0.00030586638880485573
MAR09197	0.00030586638880485573
MAR09198	5.590889146588612e-05
MAR09590	0.0014310954544392717
MAR09591	0.00017366777680614983
MAR09592	0.00017366777680614983
MAR09593	0.00017366777680614983
MAR09594	0.00017366777680614983
MAR09595	0.00017366777680614983
MAR09596	0.00017366777680614983
MAR09597	0.00017366777680614983
MAR09598	0.00017366777680614983
MAR09599	0.00017366777680614983
MAR09600	0.00017366777680614983
MAR09601	0.0027289526963359856
MAR09602	3.786145060556951e-05
MAR09603	3.786145060556951e-05
MAR09604	3.786145060556951e-05
MAR09605	4.3006207629777034e-05
MAR09606	4.3006207629777034e-05
MAR09607	0.0009663169060728079
MAR09608	0.0009663169060728079
MAR09609	0.0009663169060728079
MAR09610	3.728206335263105e-05
MAR09611	7.704659030501516e-05
MAR09612	9.858754595081572e-05
MAR09613	4.430197219182047e-05
MAR09614	3.728206335263105e-05
MAR09615	3.728206335263105e-05
MAR09616	0.00017366777680614983
MAR09617	3.728206335263105e-05
MAR09618	7.465022698960405e-05
MAR09619	8.797745671903789e-05
MAR09620	3.728206335263105e-05
MAR09621	8.875960833363159e-05
MAR09622	3.728206335263105e-05
MAR09623	3.831126286649256e-05
MAR09624	3.831126286649256e-05
MAR09635	9.858754595081572e-05
MAR09636	9.858754595081572e-05
MAR09637	9.858754595081572e-05
MAR09638	9.858754595081572e-05
MAR09639	9.858754595081572e-05
MAR09640	9.858754595081572e-05
MAR09641	9.858754595081572e-05
MAR09642	9.858754595081572e-05
MAR09643	9.858754595081572e-05
MAR09644	9.858754595081572e-05
MAR09645	9.858754595081572e-05
MAR09646	9.858754595081572e-05
MAR09647	9.858754595081572e-05
MAR09648	9.858754595081572e-05
MAR09649	9.858754595081572e-05
MAR09650	9.858754595081572e-05
MAR09651	9.858754595081572e-05
MAR09652	9.858754595081572e-05
MAR09653	9.858754595081572e-05
MAR09654	9.858754595081572e-05
MAR09655	9.858754595081572e-05
MAR09656	9.858754595081572e-05
MAR09657	9.858754595081572e-05
MAR09658	9.858754595081572e-05
MAR09659	9.858754595081572e-05
MAR09660	9.858754595081572e-05
MAR09661	9.858754595081572e-05
MAR09662	9.858754595081572e-05
MAR09663	9.858754595081572e-05
MAR09720	9.858754595081572e-05
MAR09728	9.858754595081572e-05
MAR09731	9.858754595081572e-05
MAR09737	9.858754595081572e-05
MAR08071	9.858754595081572e-05
MAR04312	0.014710513886030232
MAR08428	9.858754595081572e-05
MAR08430	9.858754595081572e-05
MAR08022	3.728206335263105e-05
MAR08070	9.858754595081572e-05
MAR09015	0.0003264017279521049
MAR09020	5.1284256223159726e-05
MAR00157	9.858754595081572e-05
MAR00158	0.007652908451128957
MAR00166	9.858754595081572e-05
MAR00169	0.0034139963875261447
MAR00172	9.858754595081572e-05
MAR00175	9.858754595081572e-05
MAR00178	9.858754595081572e-05
MAR00182	9.858754595081572e-05
MAR00185	9.858754595081572e-05
MAR00446	9.858754595081572e-05
MAR00578	9.858754595081572e-05
MAR00587	9.858754595081572e-05
MAR00962	9.858754595081572e-05
MAR01145	9.858754595081572e-05
MAR01173	9.858754595081572e-05
MAR01187	9.858754595081572e-05
MAR01215	9.858754595081572e-05
MAR01243	9.858754595081572e-05
MAR01267	9.858754595081572e-05
MAR01284	9.858754595081572e-05
MAR01572	9.858754595081572e-05
MAR01602	9.858754595081572e-05
MAR01915	9.858754595081572e-05
MAR01925	9.858754595081572e-05
MAR01930	9.858754595081572e-05
MAR01936	9.858754595081572e-05
MAR01994	9.858754595081572e-05
MAR01997	9.858754595081572e-05
MAR02008	9.858754595081572e-05
MAR02012	9.858754595081572e-05
MAR02065	9.858754595081572e-05
MAR02080	9.858754595081572e-05
MAR02094	9.858754595081572e-05
MAR02105	9.858754595081572e-05
MAR02116	0.01204465848827524
MAR02127	9.858754595081572e-05
MAR02141	5.952015013130168e-05
MAR02590	0.0019395509112199725
MAR03746	9.858754595081572e-05
MAR03762	9.858754595081572e-05
MAR03789	9.858754595081572e-05
MAR03818	9.858754595081572e-05
MAR03825	0.0012190032706674494
MAR03863	0.0012190032706674494
MAR03864	0.0012190032706674494
MAR03921	9.858754595081572e-05
MAR03946	9.858754595081572e-05
MAR03949	9.858754595081572e-05
MAR03950	9.858754595081572e-05
MAR03952	9.858754595081572e-05
MAR03954	9.858754595081572e-05
MAR03971	0.0003149145673360371
MAR04184	0.0006267454244582838
MAR04237	3.728206335263105e-05
MAR04266	9.858754595081572e-05
MAR04367	9.858754595081572e-05
MAR04684	9.858754595081572e-05
MAR04692	9.858754595081572e-05
MAR04720	9.858754595081572e-05
MAR04729	9.858754595081572e-05
MAR04738	9.858754595081572e-05
MAR04743	9.858754595081572e-05
MAR04754	7.381460745516318e-05
MAR04756	7.381460745516318e-05
MAR04760	7.381460745516318e-05
MAR04850	9.858754595081572e-05
MAR04851	0.0003149145673360371
MAR04852	0.0035972774817953105
MAR04854	0.0003149145673360371
MAR04855	0.0035972774817953105
MAR04862	0.0003149145673360371
MAR04863	0.0003149145673360371
MAR04864	0.0003149145673360371
MAR04865	0.0003149145673360371
MAR04867	0.0003149145673360371
MAR04868	0.0003149145673360371
MAR04870	0.0003149145673360371
MAR04871	0.0003149145673360371
MAR04872	0.0003149145673360371
MAR04874	9.858754595081572e-05
MAR04888	3.728206335263105e-05
MAR04898	9.858754595081572e-05
MAR04905	9.858754595081572e-05
MAR04914	0.0004769509387322567
MAR04922	9.858754595081572e-05
MAR04926	0.005778946671625546
MAR04944	0.0002160574409158143
MAR04951	3.728206335263105e-05
MAR04953	9.858754595081572e-05
MAR04959	9.858754595081572e-05
MAR04963	9.858754595081572e-05
MAR04964	0.006177830639118772
MAR04971	0.006177830639118772
MAR04972	0.006177830639118772
MAR04957	9.858754595081572e-05
MAR04977	0.003781585572879916
MAR04979	9.858754595081572e-05
MAR04997	0.0025264766114472923
MAR04998	9.858754595081572e-05
MAR05006	9.858754595081572e-05
MAR05014	9.858754595081572e-05
MAR05015	9.858754595081572e-05
MAR05016	0.003781585572879916
MAR05022	5.4153306054527846e-05
MAR05031	0.0025264766114472923
MAR05033	0.0025264766114472923
MAR05036	0.0025264766114472923
MAR05043	0.008699975623770954
MAR05046	0.0015968621368224057
MAR05096	9.858754595081572e-05
MAR05099	9.858754595081572e-05
MAR05101	9.858754595081572e-05
MAR05102	9.858754595081572e-05
MAR05105	0.0010455174218836612
MAR05107	9.858754595081572e-05
MAR05109	9.858754595081572e-05
MAR05112	9.858754595081572e-05
MAR05113	0.0014997997073363178
MAR05114	0.003981981796473276
MAR05115	9.858754595081572e-05
MAR05116	9.858754595081572e-05
MAR05117	9.858754595081572e-05
MAR05118	9.858754595081572e-05
MAR05121	9.858754595081572e-05
MAR05122	0.0012491206111652133
MAR05124	0.002246837085161207
MAR05125	9.858754595081572e-05
MAR05126	9.858754595081572e-05
MAR05222	9.858754595081572e-05
MAR05223	9.858754595081572e-05
MAR05225	9.858754595081572e-05
MAR05227	9.858754595081572e-05
MAR05292	0.0006921777797844727
MAR05304	9.858754595081572e-05
MAR05348	0.006636517029453973
MAR05349	0.006636517029453973
MAR05361	9.858754595081572e-05
MAR05411	0.003781585572879916
MAR05420	0.002006572660146457
MAR05426	9.858754595081572e-05
MAR06276	0.006177830639118772
MAR06277	0.006177830639118772
MAR06286	0.006177830639118772
MAR06287	0.006177830639118772
MAR06288	0.006177830639118772
MAR06289	0.006177830639118772
MAR06290	0.006177830639118772
MAR06291	0.006177830639118772
MAR06292	0.006177830639118772
MAR06293	0.006177830639118772
MAR06294	0.006177830639118772
MAR06295	0.006177830639118772
MAR06296	0.006177830639118772
MAR06297	0.006177830639118772
MAR06298	0.006177830639118772
MAR06299	3.728206335263105e-05
MAR06300	3.728206335263105e-05
MAR06301	0.0010455174218836612
MAR06302	0.0010455174218836612
MAR06303	3.728206335263105e-05
MAR06304	3.728206335263105e-05
MAR06305	3.728206335263105e-05
MAR06306	3.728206335263105e-05
MAR06307	0.0010455174218836612
MAR06308	0.0010455174218836612
MAR06309	3.728206335263105e-05
MAR06310	3.728206335263105e-05
MAR06311	3.728206335263105e-05
MAR06312	3.728206335263105e-05
MAR06313	0.0010455174218836612
MAR06314	0.0010455174218836612
MAR06315	3.728206335263105e-05
MAR06316	3.728206335263105e-05
MAR06317	0.0010455174218836612
MAR06318	0.0010455174218836612
MAR06321	0.0010455174218836612
MAR06323	0.0010455174218836612
MAR06325	3.728206335263105e-05
MAR06326	3.728206335263105e-05
MAR06327	0.0010455174218836612
MAR06328	0.02978999547112878
MAR06330	0.0003149145673360371
MAR06331	0.0003149145673360371
MAR06332	0.0003393705988089005
MAR06333	0.0003393705988089005
MAR06334	0.0003393705988089005
MAR06335	0.0003393705988089005
MAR06336	0.0003393705988089005
MAR06337	0.0003393705988089005
MAR06338	0.0003393705988089005
MAR06339	0.0003393705988089005
MAR06340	0.0003393705988089005
MAR06341	0.0003393705988089005
MAR06342	0.0003393705988089005
MAR06343	0.0003393705988089005
MAR06389	7.793233686209772e-05
MAR06431	9.858754595081572e-05
MAR06438	9.858754595081572e-05
MAR06446	9.858754595081572e-05
MAR06454	9.858754595081572e-05
MAR06455	9.858754595081572e-05
MAR06469	9.858754595081572e-05
MAR06481	9.858754595081572e-05
MAR06513	9.858754595081572e-05
MAR06517	9.858754595081572e-05
MAR06521	0.0003149145673360371
MAR06522	0.0003149145673360371
MAR06618	9.858754595081572e-05
MAR06620	9.858754595081572e-05
MAR06781	9.858754595081572e-05
MAR06890	9.858754595081572e-05
MAR06902	9.858754595081572e-05
MAR07638	0.0007857405900661217
MAR07708	9.858754595081572e-05
MAR07719	0.0025264766114472923
MAR07723	0.0025264766114472923
MAR07757	0.0034139963875261447
MAR07760	0.00014352431003584318
MAR07769	0.0003264017279521049
MAR07804	0.0003393705988089005
MAR07806	0.0003393705988089005
MAR07808	0.0003393705988089005
MAR07810	0.0003393705988089005
MAR07812	0.0003393705988089005
MAR07814	0.0003393705988089005
MAR07815	0.0003393705988089005
MAR07816	0.0003393705988089005
MAR07818	0.0003393705988089005
MAR07820	0.0003393705988089005
MAR07822	0.0003393705988089005
MAR07824	0.0003393705988089005
MAR07825	0.0003393705988089005
MAR07826	0.0003393705988089005
MAR07827	0.0003393705988089005
MAR07828	0.0003393705988089005
MAR07829	0.0003393705988089005
MAR07830	0.0003393705988089005
MAR07831	0.0003393705988089005
MAR07832	0.0003393705988089005
MAR07833	0.0003393705988089005
MAR07834	0.0003393705988089005
MAR07835	0.0003393705988089005
MAR07836	0.0003393705988089005
MAR07837	0.0003393705988089005
MAR07838	0.0003393705988089005
MAR07839	0.0003393705988089005
MAR07840	0.0003393705988089005
MAR07841	0.0003393705988089005
MAR07842	0.0003393705988089005
MAR07843	0.0003393705988089005
MAR07844	0.0003393705988089005
MAR07845	0.0003393705988089005
MAR07846	0.0003393705988089005
MAR07847	0.0003393705988089005
MAR07848	0.0003393705988089005
MAR07849	0.0003393705988089005
MAR07850	0.0003393705988089005
MAR07851	0.0003393705988089005
MAR07852	0.0003393705988089005
MAR07853	0.0003393705988089005
MAR07854	0.0003393705988089005
MAR07897	9.858754595081572e-05
MAR07899	9.858754595081572e-05
MAR07914	9.858754595081572e-05
MAR07917	9.858754595081572e-05
MAR07923	9.858754595081572e-05
MAR07995	9.858754595081572e-05
MAR07998	9.858754595081572e-05
MAR08000	9.858754595081572e-05
MAR08001	9.858754595081572e-05
MAR08009	9.858754595081572e-05
MAR08089	4.7927288833991355e-05
MAR08093	9.858754595081572e-05
MAR08099	9.858754595081572e-05
MAR08120	9.858754595081572e-05
MAR08122	9.858754595081572e-05
MAR08124	9.858754595081572e-05
MAR08126	9.858754595081572e-05
MAR08128	9.858754595081572e-05
MAR08356	9.858754595081572e-05
MAR08365	0.003781585572879916
MAR08411	9.858754595081572e-05
MAR08438	9.858754595081572e-05
MAR08475	0.0025264766114472923
MAR08505	9.858754595081572e-05
MAR08510	9.858754595081572e-05
MAR08513	0.003781585572879916
MAR08528	9.858754595081572e-05
MAR08532	9.858754595081572e-05
MAR08562	9.858754595081572e-05
MAR08614	0.00014697326511983665
MAR08627	9.858754595081572e-05
MAR08655	9.858754595081572e-05
MAR08657	9.858754595081572e-05
MAR08680	9.858754595081572e-05
MAR08731	9.858754595081572e-05
MAR08741	0.0003149145673360371
MAR08742	0.0003149145673360371
MAR08776	9.858754595081572e-05
MAR08785	9.858754595081572e-05
MAR08848	9.858754595081572e-05
MAR08890	9.858754595081572e-05
MAR08891	9.858754595081572e-05
MAR08910	0.0025264766114472923
MAR09174	9.858754595081572e-05
MAR09194	9.858754595081572e-05
MAR09675	9.858754595081572e-05
MAR09676	9.858754595081572e-05
MAR09677	9.858754595081572e-05
MAR09014	9.858754595081572e-05
MAR00707	9.858754595081572e-05
MAR00713	0.019236602632371178
MAR01104	9.858754595081572e-05
MAR01135	9.858754595081572e-05
MAR01144	9.858754595081572e-05
MAR01172	9.858754595081572e-05
MAR01188	9.858754595081572e-05
MAR01214	9.858754595081572e-05
MAR01242	9.858754595081572e-05
MAR01268	9.858754595081572e-05
MAR01283	9.858754595081572e-05
MAR01286	9.858754595081572e-05
MAR01443	0.003781585572879916
MAR02067	9.858754595081572e-05
MAR02082	9.858754595081572e-05
MAR02093	9.858754595081572e-05
MAR02104	9.858754595081572e-05
MAR02407	0.001773216393153208
MAR02509	0.001773216393153208
MAR02547	9.858754595081572e-05
MAR02575	9.858754595081572e-05
MAR03007	0.003781585572879916
MAR03008	0.010024825689005588
MAR03011	0.010024825689005588
MAR03013	0.010024825689005588
MAR03014	0.010024825689005588
MAR03017	0.010024825689005588
MAR03018	0.001773216393153208
MAR03019	0.001773216393153208
MAR03020	0.001773216393153208
MAR03021	0.001773216393153208
MAR03022	0.001773216393153208
MAR03023	0.001773216393153208
MAR03024	0.001773216393153208
MAR03025	0.001773216393153208
MAR03026	0.00020508829467750993
MAR03473	0.001463862606028542
MAR03848	9.858754595081572e-05
MAR03850	9.858754595081572e-05
MAR03867	9.858754595081572e-05
MAR03947	9.858754595081572e-05
MAR03948	9.858754595081572e-05
MAR04393	9.858754595081572e-05
MAR04468	9.858754595081572e-05
MAR04469	9.858754595081572e-05
MAR04647	9.858754595081572e-05
MAR04790	9.858754595081572e-05
MAR04890	9.858754595081572e-05
MAR04900	9.858754595081572e-05
MAR04908	0.005312458535612697
MAR04924	9.858754595081572e-05
MAR04930	0.006636517029453973
MAR04945	9.858754595081572e-05
MAR04986	0.0027289526963359856
MAR05344	9.858754595081572e-05
MAR05346	9.858754595081572e-05
MAR05362	9.858754595081572e-05
MAR05414	9.858754595081572e-05
MAR05452	0.0027289526963359856
MAR05453	9.858754595081572e-05
MAR06928	9.858754595081572e-05
MAR06937	9.858754595081572e-05
MAR06986	9.858754595081572e-05
MAR06987	9.858754595081572e-05
MAR07590	9.858754595081572e-05
MAR07596	9.858754595081572e-05
MAR07640	9.858754595081572e-05
MAR07646	0.0014070258287455202
MAR07705	9.858754595081572e-05
MAR07707	9.858754595081572e-05
MAR07777	9.858754595081572e-05
MAR07779	9.858754595081572e-05
MAR07797	9.858754595081572e-05
MAR08016	9.858754595081572e-05
MAR08020	9.858754595081572e-05
MAR08359	9.858754595081572e-05
MAR08414	9.858754595081572e-05
MAR08754	9.858754595081572e-05
MAR08756	9.858754595081572e-05
MAR08860	9.858754595081572e-05
MAR08926	9.858754595081572e-05
MAR09179	9.858754595081572e-05
MAR09181	9.858754595081572e-05
MAR09678	9.858754595081572e-05
MAR09679	9.858754595081572e-05
MAR09680	9.858754595081572e-05
MAR09017	9.858754595081572e-05
MAR00984	9.858754595081572e-05
MAR01089	9.858754595081572e-05
MAR01090	9.858754595081572e-05
MAR01094	9.858754595081572e-05
MAR01095	9.858754595081572e-05
MAR02564	9.858754595081572e-05
MAR02585	0.00391576184035012
MAR04274	9.858754595081572e-05
MAR04275	9.858754595081572e-05
MAR04277	9.858754595081572e-05
MAR04535	0.0003605233659151554
MAR04538	9.858754595081572e-05
MAR04893	9.858754595081572e-05
MAR04904	9.858754595081572e-05
MAR04916	9.858754595081572e-05
MAR05422	9.858754595081572e-05
MAR05423	9.858754595081572e-05
MAR05424	9.858754595081572e-05
MAR06617	9.858754595081572e-05
MAR06619	9.858754595081572e-05
MAR07653	9.858754595081572e-05
MAR07664	9.858754595081572e-05
MAR07665	9.858754595081572e-05
MAR07712	9.858754595081572e-05
MAR07763	9.858754595081572e-05
MAR07764	9.858754595081572e-05
MAR07765	9.858754595081572e-05
MAR07767	9.858754595081572e-05
MAR07773	9.858754595081572e-05
MAR07786	9.858754595081572e-05
MAR07792	9.858754595081572e-05
MAR07795	9.858754595081572e-05
MAR07796	0.0025417184863299087
MAR07855	9.858754595081572e-05
MAR07856	9.858754595081572e-05
MAR07857	9.858754595081572e-05
MAR07858	9.858754595081572e-05
MAR07859	9.858754595081572e-05
MAR07860	9.858754595081572e-05
MAR07861	9.858754595081572e-05
MAR07862	9.858754595081572e-05
MAR07877	9.858754595081572e-05
MAR08024	9.858754595081572e-05
MAR08028	9.858754595081572e-05
MAR08082	9.858754595081572e-05
MAR08361	9.858754595081572e-05
MAR08363	9.858754595081572e-05
MAR08412	9.858754595081572e-05
MAR08447	9.858754595081572e-05
MAR08476	0.0025264766114472923
MAR08789	9.858754595081572e-05
MAR08828	9.858754595081572e-05
MAR08837	9.858754595081572e-05
MAR08838	9.858754595081572e-05
MAR08839	9.858754595081572e-05
MAR08840	9.858754595081572e-05
MAR08841	9.858754595081572e-05
MAR08842	9.858754595081572e-05
MAR08843	9.858754595081572e-05
MAR08844	9.858754595081572e-05
MAR08845	9.858754595081572e-05
MAR08862	9.858754595081572e-05
MAR08868	9.858754595081572e-05
MAR08871	9.858754595081572e-05
MAR08894	9.858754595081572e-05
MAR08909	9.858754595081572e-05
MAR08918	9.858754595081572e-05
MAR09673	9.858754595081572e-05
MAR09674	9.858754595081572e-05
MAR08638	9.858754595081572e-05
MAR08642	9.858754595081572e-05
MAR04314	0.014710513886030232
MAR09016	9.858754595081572e-05
MAR09018	9.858754595081572e-05
MAR00769	9.858754595081572e-05
MAR00791	9.858754595081572e-05
MAR00796	9.858754595081572e-05
MAR00798	9.858754595081572e-05
MAR00802	9.858754595081572e-05
MAR00831	9.858754595081572e-05
MAR00913	9.858754595081572e-05
MAR00929	9.858754595081572e-05
MAR01917	0.013483300218468509
MAR02040	9.858754595081572e-05
MAR02087	9.858754595081572e-05
MAR02090	9.858754595081572e-05
MAR02101	9.858754595081572e-05
MAR03987	9.858754595081572e-05
MAR04887	9.858754595081572e-05
MAR04903	9.858754595081572e-05
MAR04907	0.005312458535612697
MAR04962	9.858754595081572e-05
MAR05047	0.0003393705988089005
MAR05048	0.0014070258287455202
MAR05049	0.0014070258287455202
MAR05050	0.0014070258287455202
MAR05051	0.0014070258287455202
MAR05052	0.0014070258287455202
MAR05053	0.0014070258287455202
MAR05054	0.0014070258287455202
MAR05055	0.0014070258287455202
MAR05056	0.0014070258287455202
MAR05057	0.0014070258287455202
MAR05058	0.0014070258287455202
MAR05059	0.0014070258287455202
MAR05060	0.0014070258287455202
MAR05061	0.0014070258287455202
MAR05062	0.0014070258287455202
MAR05063	0.0014070258287455202
MAR05064	0.0014070258287455202
MAR05065	0.0014070258287455202
MAR05066	0.0014070258287455202
MAR05067	0.0014070258287455202
MAR05197	9.858754595081572e-05
MAR05199	9.858754595081572e-05
MAR05201	9.858754595081572e-05
MAR05204	9.858754595081572e-05
MAR05212	9.858754595081572e-05
MAR05214	9.858754595081572e-05
MAR05217	9.858754595081572e-05
MAR05218	9.858754595081572e-05
MAR05220	9.858754595081572e-05
MAR05224	9.858754595081572e-05
MAR05226	9.858754595081572e-05
MAR05228	9.858754595081572e-05
MAR05230	9.858754595081572e-05
MAR07196	0.004955827931859829
MAR07199	9.858754595081572e-05
MAR07224	9.858754595081572e-05
MAR07252	9.858754595081572e-05
MAR07283	9.858754595081572e-05
MAR07374	9.858754595081572e-05
MAR07430	9.858754595081572e-05
MAR07454	9.858754595081572e-05
MAR07470	9.858754595081572e-05
MAR07483	9.858754595081572e-05
MAR07500	9.858754595081572e-05
MAR07512	9.858754595081572e-05
MAR07524	9.858754595081572e-05
MAR07540	9.858754595081572e-05
MAR07556	9.858754595081572e-05
MAR07570	9.858754595081572e-05
MAR07581	9.858754595081572e-05
MAR07584	9.858754595081572e-05
MAR07710	0.00033026222325889515
MAR07711	9.858754595081572e-05
MAR07714	0.00033026222325889515
MAR07715	9.858754595081572e-05
MAR07718	0.00033026222325889515
MAR07720	9.858754595081572e-05
MAR07722	0.00033026222325889515
MAR07724	9.858754595081572e-05
MAR07726	0.00033026222325889515
MAR07727	9.858754595081572e-05
MAR07729	0.00033026222325889515
MAR07730	9.858754595081572e-05
MAR07732	9.858754595081572e-05
MAR07762	9.858754595081572e-05
MAR07770	9.858754595081572e-05
MAR07799	0.0062370817561378
MAR07907	9.858754595081572e-05
MAR07915	9.858754595081572e-05
MAR07918	9.858754595081572e-05
MAR07924	9.858754595081572e-05
MAR07927	9.858754595081572e-05
MAR08118	9.858754595081572e-05
MAR08119	9.858754595081572e-05
MAR08121	9.858754595081572e-05
MAR08123	9.858754595081572e-05
MAR08125	9.858754595081572e-05
MAR08127	9.858754595081572e-05
MAR08131	9.858754595081572e-05
MAR08134	9.858754595081572e-05
MAR08196	9.858754595081572e-05
MAR08200	9.858754595081572e-05
MAR08202	9.858754595081572e-05
MAR08203	9.858754595081572e-05
MAR08208	9.858754595081572e-05
MAR08216	9.858754595081572e-05
MAR08244	9.858754595081572e-05
MAR08355	0.0014070258287455202
MAR08370	9.858754595081572e-05
MAR08490	9.858754595081572e-05
MAR08491	9.858754595081572e-05
MAR08492	9.858754595081572e-05
MAR08531	9.858754595081572e-05
MAR08588	9.858754595081572e-05
MAR08590	9.858754595081572e-05
MAR08688	0.0014070258287455202
MAR08753	9.858754595081572e-05
MAR08763	9.858754595081572e-05
MAR08765	9.858754595081572e-05
MAR08858	9.858754595081572e-05
MAR08875	9.858754595081572e-05
MAR08885	9.858754595081572e-05
MAR08887	0.004955827931859829
MAR08908	0.004955827931859829
MAR08928	0.0014070258287455202
MAR09672	9.858754595081572e-05
MAR00612	9.858754595081572e-05
MAR03597	9.858754595081572e-05
MAR04961	9.858754595081572e-05
MAR05045	9.858754595081572e-05
MAR05248	9.858754595081572e-05
MAR05249	9.858754595081572e-05
MAR05250	9.858754595081572e-05
MAR05251	9.858754595081572e-05
MAR05252	9.858754595081572e-05
MAR05253	9.858754595081572e-05
MAR05255	9.858754595081572e-05
MAR07198	9.858754595081572e-05
MAR07284	9.858754595081572e-05
MAR09738	9.858754595081572e-05
MAR09739	9.858754595081572e-05
MAR09740	9.858754595081572e-05
MAR09741	9.858754595081572e-05
MAR09742	9.858754595081572e-05
MAR09743	9.858754595081572e-05
MAR09744	9.858754595081572e-05
MAR09745	9.858754595081572e-05
MAR09746	9.858754595081572e-05
MAR09747	9.858754595081572e-05
MAR09748	9.858754595081572e-05
MAR09749	9.858754595081572e-05
MAR09750	9.858754595081572e-05
MAR09751	9.858754595081572e-05
MAR09752	9.858754595081572e-05
MAR09753	9.858754595081572e-05
MAR09754	9.858754595081572e-05
MAR09755	9.858754595081572e-05
MAR09756	9.858754595081572e-05
MAR09757	9.858754595081572e-05
MAR09758	9.858754595081572e-05
MAR09759	9.858754595081572e-05
MAR09760	9.858754595081572e-05
MAR09761	9.858754595081572e-05
MAR09762	9.858754595081572e-05
MAR09763	9.858754595081572e-05
MAR09764	9.858754595081572e-05
MAR09765	9.858754595081572e-05
MAR09766	9.858754595081572e-05
MAR09767	9.858754595081572e-05
MAR09768	9.858754595081572e-05
MAR09769	9.858754595081572e-05
MAR09770	9.858754595081572e-05
MAR09771	9.858754595081572e-05
MAR09772	9.858754595081572e-05
MAR09773	9.858754595081572e-05
MAR09774	9.858754595081572e-05
MAR09775	9.858754595081572e-05
MAR09776	9.858754595081572e-05
MAR09777	9.858754595081572e-05
MAR09778	9.858754595081572e-05
MAR09779	9.858754595081572e-05
MAR09780	9.858754595081572e-05
MAR09781	9.858754595081572e-05
MAR09782	9.858754595081572e-05
MAR09783	9.858754595081572e-05
MAR09784	9.858754595081572e-05
MAR09785	9.858754595081572e-05
MAR09786	9.858754595081572e-05
MAR09787	9.858754595081572e-05
MAR09788	9.858754595081572e-05
MAR09789	9.858754595081572e-05
MAR09790	9.858754595081572e-05
MAR09791	9.858754595081572e-05
MAR09792	9.858754595081572e-05
MAR09793	7.173573999643887e-05
MAR09794	9.858754595081572e-05
MAR09795	9.858754595081572e-05
MAR09796	9.858754595081572e-05
MAR00652	9.858754595081572e-05
MAR00717	9.858754595081572e-05
MAR00731	0.0006780156572773904
MAR00732	9.858754595081572e-05
MAR00734	9.858754595081572e-05
MAR00917	9.858754595081572e-05
MAR00918	0.001537874070063553
MAR01916	0.013483300218468509
MAR04125	0.001537874070063553
MAR04892	9.858754595081572e-05
MAR04902	9.858754595081572e-05
MAR04955	9.858754595081572e-05
MAR06577	9.858754595081572e-05
MAR06578	0.014710513886030232
MAR07201	9.858754595081572e-05
MAR07204	9.858754595081572e-05
MAR07331	9.858754595081572e-05
MAR07431	9.858754595081572e-05
MAR07433	0.0017211422651219486
MAR07434	0.0003898570711195098
MAR07435	9.858754595081572e-05
MAR07437	9.858754595081572e-05
MAR07675	0.00349533847040237
MAR07693	0.0003605233659151554
MAR07694	0.0005740659225136728
MAR07695	0.0005740659225136728
MAR07733	0.0022412519716964153
MAR07740	0.011738839425288793
MAR07743	0.0043877630659329295
MAR07759	0.003981981796473276
MAR07761	0.00014352431003584318
MAR07793	9.858754595081572e-05
MAR08084	9.858754595081572e-05
MAR08086	9.858754595081572e-05
MAR08145	9.858754595081572e-05
MAR08146	0.0006780156572773904
MAR08153	9.858754595081572e-05
MAR08157	9.858754595081572e-05
MAR08160	9.858754595081572e-05
MAR08163	9.858754595081572e-05
MAR08193	9.858754595081572e-05
MAR08195	9.858754595081572e-05
MAR08199	9.858754595081572e-05
MAR08205	9.858754595081572e-05
MAR08207	9.858754595081572e-05
MAR08213	9.858754595081572e-05
MAR08215	9.858754595081572e-05
MAR08222	9.858754595081572e-05
MAR08230	9.858754595081572e-05
MAR08232	9.858754595081572e-05
MAR08241	9.858754595081572e-05
MAR08243	9.858754595081572e-05
MAR08252	9.858754595081572e-05
MAR08259	9.858754595081572e-05
MAR08265	9.858754595081572e-05
MAR08269	9.858754595081572e-05
MAR08272	9.858754595081572e-05
MAR08282	9.858754595081572e-05
MAR08289	9.858754595081572e-05
MAR08296	9.858754595081572e-05
MAR08299	9.858754595081572e-05
MAR08303	9.858754595081572e-05
MAR08310	9.858754595081572e-05
MAR08312	9.858754595081572e-05
MAR08314	9.858754595081572e-05
MAR08320	9.858754595081572e-05
MAR08323	9.858754595081572e-05
MAR08328	9.858754595081572e-05
MAR08335	9.858754595081572e-05
MAR08338	9.858754595081572e-05
MAR08496	0.0006921777797844727
MAR08524	9.858754595081572e-05
MAR08527	9.858754595081572e-05
MAR08661	0.00036494509982845153
MAR08673	9.858754595081572e-05
MAR08793	9.858754595081572e-05
MAR08834	9.858754595081572e-05
MAR08856	9.858754595081572e-05
MAR08857	0.001537874070063553
MAR08874	9.858754595081572e-05
MAR08880	9.858754595081572e-05
MAR08882	9.858754595081572e-05
MAR08895	9.858754595081572e-05
MAR08897	9.858754595081572e-05
MAR08900	9.858754595081572e-05
MAR08902	9.858754595081572e-05
MAR08904	9.858754595081572e-05
MAR08920	9.858754595081572e-05
MAR09199	0.001632986249385836
MAR09664	9.858754595081572e-05
MAR09665	9.858754595081572e-05
MAR09666	9.858754595081572e-05
MAR09667	9.858754595081572e-05
MAR09668	9.858754595081572e-05
MAR09669	9.858754595081572e-05
MAR09670	9.858754595081572e-05
MAR09671	9.858754595081572e-05
MAR07182	9.858754595081572e-05
MAR07330	9.858754595081572e-05
MAR07432	9.858754595081572e-05
MAR04313	0.014710513886030232
MAR07307	9.858754595081572e-05
MAR01809	9.858754595081572e-05
MAR00020	9.858754595081572e-05
MAR00461	0.0003690796604055871
MAR00462	9.858754595081572e-05
MAR00466	9.858754595081572e-05
MAR00467	9.858754595081572e-05
MAR00664	0.00103218658270812
MAR00730	0.0037998447469692214
MAR00768	0.0006780156572773904
MAR00771	9.858754595081572e-05
MAR00966	9.858754595081572e-05
MAR01035	9.858754595081572e-05
MAR01143	9.858754595081572e-05
MAR01189	9.858754595081572e-05
MAR01240	9.858754595081572e-05
MAR01252	9.858754595081572e-05
MAR01269	9.858754595081572e-05
MAR01306	9.858754595081572e-05
MAR01309	9.858754595081572e-05
MAR01311	9.858754595081572e-05
MAR01316	9.858754595081572e-05
MAR01331	9.858754595081572e-05
MAR01392	0.00391576184035012
MAR01530	9.858754595081572e-05
MAR01672	9.858754595081572e-05
MAR01937	9.858754595081572e-05
MAR01998	9.858754595081572e-05
MAR02039	9.858754595081572e-05
MAR02066	9.858754595081572e-05
MAR02081	9.858754595081572e-05
MAR02092	9.858754595081572e-05
MAR02103	9.858754595081572e-05
MAR02554	9.858754595081572e-05
MAR02569	9.858754595081572e-05
MAR02777	0.00020508829467750993
MAR03953	9.858754595081572e-05
MAR04123	9.858754595081572e-05
MAR04126	9.858754595081572e-05
MAR04765	9.858754595081572e-05
MAR04846	9.858754595081572e-05
MAR04856	9.858754595081572e-05
MAR04860	9.858754595081572e-05
MAR04876	9.858754595081572e-05
MAR04877	9.858754595081572e-05
MAR04878	9.858754595081572e-05
MAR04879	9.858754595081572e-05
MAR04880	0.0015644025409608333
MAR04881	0.0003898570711195098
MAR04883	9.858754595081572e-05
MAR04894	9.858754595081572e-05
MAR04906	0.005312458535612697
MAR04913	9.858754595081572e-05
MAR04917	9.858754595081572e-05
MAR04941	9.858754595081572e-05
MAR04942	0.0002160574409158143
MAR04960	9.858754595081572e-05
MAR05004	3.812065019573406e-05
MAR05012	9.858754595081572e-05
MAR05027	0.00349533847040237
MAR05203	9.858754595081572e-05
MAR05205	9.858754595081572e-05
MAR05207	9.858754595081572e-05
MAR05209	9.858754595081572e-05
MAR05210	9.858754595081572e-05
MAR05211	9.858754595081572e-05
MAR05245	9.858754595081572e-05
MAR05342	6.615583747725887e-05
MAR05347	9.858754595081572e-05
MAR05354	9.858754595081572e-05
MAR06385	0.0017211422651219486
MAR06386	9.858754595081572e-05
MAR06387	9.858754595081572e-05
MAR06388	9.858754595081572e-05
MAR06425	9.858754595081572e-05
MAR06430	9.858754595081572e-05
MAR06440	9.858754595081572e-05
MAR06445	9.858754595081572e-05
MAR06463	9.858754595081572e-05
MAR06468	9.858754595081572e-05
MAR06475	9.858754595081572e-05
MAR06480	9.858754595081572e-05
MAR06629	9.858754595081572e-05
MAR06797	9.858754595081572e-05
MAR06990	9.858754595081572e-05
MAR07257	9.858754595081572e-05
MAR07272	9.858754595081572e-05
MAR07273	9.858754595081572e-05
MAR07649	0.00016887349397263807
MAR07766	9.858754595081572e-05
MAR07768	9.858754595081572e-05
MAR07772	9.858754595081572e-05
MAR07776	9.858754595081572e-05
MAR07778	9.858754595081572e-05
MAR07780	9.858754595081572e-05
MAR07784	9.858754595081572e-05
MAR07789	9.858754595081572e-05
MAR07791	9.858754595081572e-05
MAR07929	9.858754595081572e-05
MAR07933	9.858754595081572e-05
MAR07944	9.858754595081572e-05
MAR07947	9.858754595081572e-05
MAR07949	9.858754595081572e-05
MAR07953	9.858754595081572e-05
MAR07956	9.858754595081572e-05
MAR07960	9.858754595081572e-05
MAR07963	9.858754595081572e-05
MAR07966	9.858754595081572e-05
MAR07969	9.858754595081572e-05
MAR07981	9.858754595081572e-05
MAR07983	9.858754595081572e-05
MAR07985	9.858754595081572e-05
MAR07988	9.858754595081572e-05
MAR07989	9.858754595081572e-05
MAR08030	9.858754595081572e-05
MAR08058	9.858754595081572e-05
MAR08060	9.858754595081572e-05
MAR08234	9.858754595081572e-05
MAR08236	9.858754595081572e-05
MAR08239	9.858754595081572e-05
MAR08347	9.858754595081572e-05
MAR08350	9.858754595081572e-05
MAR08351	9.858754595081572e-05
MAR08358	9.858754595081572e-05
MAR08369	0.0015644025409608333
MAR08382	9.858754595081572e-05
MAR08526	9.858754595081572e-05
MAR08553	9.858754595081572e-05
MAR08594	9.858754595081572e-05
MAR08651	9.858754595081572e-05
MAR08681	9.858754595081572e-05
MAR08715	9.858754595081572e-05
MAR08716	9.858754595081572e-05
MAR08719	9.858754595081572e-05
MAR08722	9.858754595081572e-05
MAR08737	9.858754595081572e-05
MAR08851	9.858754595081572e-05
MAR08855	9.858754595081572e-05
MAR08859	9.858754595081572e-05
MAR08886	9.858754595081572e-05
MAR08888	9.858754595081572e-05
MAR08906	9.858754595081572e-05
MAR08914	9.858754595081572e-05
MAR08915	9.858754595081572e-05
MAR08919	9.858754595081572e-05
MAR08921	9.858754595081572e-05
MAR09177	9.858754595081572e-05
MAR09200	0.012398045915478276
MAR09625	9.858754595081572e-05
MAR09626	9.858754595081572e-05
MAR09627	9.858754595081572e-05
MAR09628	9.858754595081572e-05
MAR09629	9.858754595081572e-05
MAR09630	9.858754595081572e-05
MAR09631	9.858754595081572e-05
MAR09632	9.858754595081572e-05
MAR09633	9.858754595081572e-05
MAR09634	9.858754595081572e-05
MAR09716	9.858754595081572e-05
MAR09724	9.858754595081572e-05
MAR09732	9.858754595081572e-05
MAR07108	9.858754595081572e-05
MAR07110	9.858754595081572e-05
MAR07112	9.858754595081572e-05
MAR07114	9.858754595081572e-05
MAR07116	9.858754595081572e-05
MAR07118	9.858754595081572e-05
MAR07120	9.858754595081572e-05
MAR07122	9.858754595081572e-05
MAR07124	9.858754595081572e-05
MAR07126	9.858754595081572e-05
MAR09023	9.858754595081572e-05
MAR09024	9.858754595081572e-05
MAR09032	9.858754595081572e-05
MAR09808	9.858754595081572e-05
MAR09809	9.858754595081572e-05
MAR09810	9.858754595081572e-05
MAR09811	9.858754595081572e-05
MAR09812	9.858754595081572e-05
MAR09813	9.858754595081572e-05
MAR09814	9.858754595081572e-05
MAR09815	9.858754595081572e-05
MAR09816	9.858754595081572e-05
MAR09033	9.858754595081572e-05
MAR09034	9.858754595081572e-05
MAR09035	9.858754595081572e-05
MAR09036	9.858754595081572e-05
MAR09037	9.858754595081572e-05
MAR09038	9.858754595081572e-05
MAR09039	9.858754595081572e-05
MAR09040	9.858754595081572e-05
MAR09041	9.858754595081572e-05
MAR09042	9.858754595081572e-05
MAR09043	9.858754595081572e-05
MAR09044	9.858754595081572e-05
MAR09045	9.858754595081572e-05
MAR09046	9.858754595081572e-05
MAR09047	9.858754595081572e-05
MAR09048	9.858754595081572e-05
MAR09049	9.858754595081572e-05
MAR09050	9.858754595081572e-05
MAR09051	9.858754595081572e-05
MAR09052	9.858754595081572e-05
MAR09053	9.858754595081572e-05
MAR09054	9.858754595081572e-05
MAR09055	9.858754595081572e-05
MAR09056	9.858754595081572e-05
MAR09058	9.858754595081572e-05
MAR09061	9.858754595081572e-05
MAR09062	9.858754595081572e-05
MAR09063	9.858754595081572e-05
MAR09064	9.858754595081572e-05
MAR09065	9.858754595081572e-05
MAR09066	9.858754595081572e-05
MAR09067	9.858754595081572e-05
MAR09068	9.858754595081572e-05
MAR09069	9.858754595081572e-05
MAR09070	9.858754595081572e-05
MAR09071	9.858754595081572e-05
MAR09072	9.858754595081572e-05
MAR09073	9.858754595081572e-05
MAR09074	9.858754595081572e-05
MAR09075	9.858754595081572e-05
MAR09076	9.858754595081572e-05
MAR09077	9.858754595081572e-05
MAR09078	9.858754595081572e-05
MAR09079	9.858754595081572e-05
MAR09080	9.858754595081572e-05
MAR09081	9.858754595081572e-05
MAR09082	9.858754595081572e-05
MAR09083	9.858754595081572e-05
MAR09084	9.858754595081572e-05
MAR09085	9.858754595081572e-05
MAR09086	9.858754595081572e-05
MAR09087	9.858754595081572e-05
MAR09088	9.858754595081572e-05
MAR09089	9.858754595081572e-05
MAR09090	9.858754595081572e-05
MAR09091	9.858754595081572e-05
MAR09092	9.858754595081572e-05
MAR09093	9.858754595081572e-05
MAR09094	9.858754595081572e-05
MAR09095	9.858754595081572e-05
MAR09096	9.858754595081572e-05
MAR09097	9.858754595081572e-05
MAR09098	9.858754595081572e-05
MAR09099	9.858754595081572e-05
MAR09100	9.858754595081572e-05
MAR09101	9.858754595081572e-05
MAR09102	9.858754595081572e-05
MAR09103	9.858754595081572e-05
MAR09104	9.858754595081572e-05
MAR09105	9.858754595081572e-05
MAR09106	9.858754595081572e-05
MAR09107	9.858754595081572e-05
MAR09108	9.858754595081572e-05
MAR09109	9.858754595081572e-05
MAR09110	9.858754595081572e-05
MAR09111	9.858754595081572e-05
MAR09113	9.858754595081572e-05
MAR09114	9.858754595081572e-05
MAR09115	9.858754595081572e-05
MAR09116	9.858754595081572e-05
MAR09117	9.858754595081572e-05
MAR09118	9.858754595081572e-05
MAR09119	9.858754595081572e-05
MAR09120	9.858754595081572e-05
MAR09121	9.858754595081572e-05
MAR09122	9.858754595081572e-05
MAR09123	9.858754595081572e-05
MAR09124	9.858754595081572e-05
MAR09125	9.858754595081572e-05
MAR09126	9.858754595081572e-05
MAR09127	9.858754595081572e-05
MAR09128	9.858754595081572e-05
MAR09129	9.858754595081572e-05
MAR09130	9.858754595081572e-05
MAR09131	9.858754595081572e-05
MAR09132	9.858754595081572e-05
MAR09133	9.858754595081572e-05
MAR09134	9.858754595081572e-05
MAR09135	9.858754595081572e-05
MAR09136	9.858754595081572e-05
MAR09137	9.858754595081572e-05
MAR09138	9.858754595081572e-05
MAR09139	9.858754595081572e-05
MAR09140	9.858754595081572e-05
MAR09141	9.858754595081572e-05
MAR09142	9.858754595081572e-05
MAR09143	9.858754595081572e-05
MAR09144	9.858754595081572e-05
MAR09145	9.858754595081572e-05
MAR09146	9.858754595081572e-05
MAR09147	9.858754595081572e-05
MAR09148	9.858754595081572e-05
MAR09149	9.858754595081572e-05
MAR09150	9.858754595081572e-05
MAR09151	9.858754595081572e-05
MAR09152	9.858754595081572e-05
MAR09153	9.858754595081572e-05
MAR09154	9.858754595081572e-05
MAR09155	9.858754595081572e-05
MAR09156	9.858754595081572e-05
MAR09157	9.858754595081572e-05
MAR09158	9.858754595081572e-05
MAR09159	9.858754595081572e-05
MAR09160	9.858754595081572e-05
MAR09161	9.858754595081572e-05
MAR09162	9.858754595081572e-05
MAR09163	9.858754595081572e-05
MAR09164	9.858754595081572e-05
MAR09165	9.858754595081572e-05
MAR09166	9.858754595081572e-05
MAR09167	9.858754595081572e-05
MAR09168	9.858754595081572e-05
MAR09169	9.858754595081572e-05
MAR09171	9.858754595081572e-05
MAR09172	9.858754595081572e-05
MAR09201	9.858754595081572e-05
MAR09202	9.858754595081572e-05
MAR09203	9.858754595081572e-05
MAR09204	9.858754595081572e-05
MAR09205	9.858754595081572e-05
MAR09206	9.858754595081572e-05
MAR09207	9.858754595081572e-05
MAR09208	9.858754595081572e-05
MAR09209	9.858754595081572e-05
MAR09210	9.858754595081572e-05
MAR09211	9.858754595081572e-05
MAR09212	9.858754595081572e-05
MAR09213	9.858754595081572e-05
MAR09214	9.858754595081572e-05
MAR09215	9.858754595081572e-05
MAR09216	9.858754595081572e-05
MAR09217	9.858754595081572e-05
MAR09218	9.858754595081572e-05
MAR09219	9.858754595081572e-05
MAR09220	9.858754595081572e-05
MAR09221	9.858754595081572e-05
MAR09222	9.858754595081572e-05
MAR09223	9.858754595081572e-05
MAR09224	9.858754595081572e-05
MAR09225	9.858754595081572e-05
MAR09226	9.858754595081572e-05
MAR09227	9.858754595081572e-05
MAR09228	9.858754595081572e-05
MAR09229	9.858754595081572e-05
MAR09230	9.858754595081572e-05
MAR09231	9.858754595081572e-05
MAR09232	9.858754595081572e-05
MAR09233	9.858754595081572e-05
MAR09234	9.858754595081572e-05
MAR09235	9.858754595081572e-05
MAR09236	9.858754595081572e-05
MAR09237	9.858754595081572e-05
MAR09238	9.858754595081572e-05
MAR09239	9.858754595081572e-05
MAR09240	9.858754595081572e-05
MAR09241	9.858754595081572e-05
MAR09242	9.858754595081572e-05
MAR09243	9.858754595081572e-05
MAR09244	9.858754595081572e-05
MAR09245	9.858754595081572e-05
MAR09246	9.858754595081572e-05
MAR09247	9.858754595081572e-05
MAR09248	9.858754595081572e-05
MAR09249	9.858754595081572e-05
MAR09250	9.858754595081572e-05
MAR09251	9.858754595081572e-05
MAR09252	9.858754595081572e-05
MAR09253	9.858754595081572e-05
MAR09254	9.858754595081572e-05
MAR09255	9.858754595081572e-05
MAR09256	9.858754595081572e-05
MAR09257	9.858754595081572e-05
MAR09258	9.858754595081572e-05
MAR09259	9.858754595081572e-05
MAR09260	9.858754595081572e-05
MAR09261	9.858754595081572e-05
MAR09262	9.858754595081572e-05
MAR09263	9.858754595081572e-05
MAR09264	9.858754595081572e-05
MAR09265	9.858754595081572e-05
MAR09266	9.858754595081572e-05
MAR09267	9.858754595081572e-05
MAR09268	9.858754595081572e-05
MAR09269	9.858754595081572e-05
MAR09270	9.858754595081572e-05
MAR09271	9.858754595081572e-05
MAR09272	9.858754595081572e-05
MAR09273	9.858754595081572e-05
MAR09275	9.858754595081572e-05
MAR09276	9.858754595081572e-05
MAR09277	9.858754595081572e-05
MAR09278	9.858754595081572e-05
MAR09279	9.858754595081572e-05
MAR09280	9.858754595081572e-05
MAR09281	9.858754595081572e-05
MAR09282	9.858754595081572e-05
MAR09283	9.858754595081572e-05
MAR09284	9.858754595081572e-05
MAR09285	9.858754595081572e-05
MAR09286	9.858754595081572e-05
MAR09287	9.858754595081572e-05
MAR09288	9.858754595081572e-05
MAR09289	9.858754595081572e-05
MAR09290	9.858754595081572e-05
MAR09291	9.858754595081572e-05
MAR09292	9.858754595081572e-05
MAR09293	9.858754595081572e-05
MAR09294	9.858754595081572e-05
MAR09295	9.858754595081572e-05
MAR09296	9.858754595081572e-05
MAR09297	9.858754595081572e-05
MAR09298	9.858754595081572e-05
MAR09299	9.858754595081572e-05
MAR09300	9.858754595081572e-05
MAR09301	9.858754595081572e-05
MAR09302	9.858754595081572e-05
MAR09303	9.858754595081572e-05
MAR09304	9.858754595081572e-05
MAR09305	9.858754595081572e-05
MAR09306	9.858754595081572e-05
MAR09307	9.858754595081572e-05
MAR09308	9.858754595081572e-05
MAR09309	9.858754595081572e-05
MAR09310	9.858754595081572e-05
MAR09311	9.858754595081572e-05
MAR09312	9.858754595081572e-05
MAR09313	9.858754595081572e-05
MAR09314	9.858754595081572e-05
MAR09315	9.858754595081572e-05
MAR09316	9.858754595081572e-05
MAR09317	9.858754595081572e-05
MAR09318	9.858754595081572e-05
MAR09319	9.858754595081572e-05
MAR09320	9.858754595081572e-05
MAR09321	9.858754595081572e-05
MAR09322	9.858754595081572e-05
MAR09323	9.858754595081572e-05
MAR09324	9.858754595081572e-05
MAR09325	9.858754595081572e-05
MAR09326	9.858754595081572e-05
MAR09327	9.858754595081572e-05
MAR09328	9.858754595081572e-05
MAR09329	9.858754595081572e-05
MAR09330	9.858754595081572e-05
MAR09331	9.858754595081572e-05
MAR09332	9.858754595081572e-05
MAR09333	9.858754595081572e-05
MAR09334	9.858754595081572e-05
MAR09335	9.858754595081572e-05
MAR09336	9.858754595081572e-05
MAR09337	9.858754595081572e-05
MAR09338	9.858754595081572e-05
MAR09339	9.858754595081572e-05
MAR09340	9.858754595081572e-05
MAR09341	9.858754595081572e-05
MAR09342	9.858754595081572e-05
MAR09343	9.858754595081572e-05
MAR09344	9.858754595081572e-05
MAR09345	9.858754595081572e-05
MAR09346	9.858754595081572e-05
MAR09347	9.858754595081572e-05
MAR09348	9.858754595081572e-05
MAR09349	9.858754595081572e-05
MAR09350	9.858754595081572e-05
MAR09351	9.858754595081572e-05
MAR09352	9.858754595081572e-05
MAR09353	9.858754595081572e-05
MAR09354	9.858754595081572e-05
MAR09355	9.858754595081572e-05
MAR09356	9.858754595081572e-05
MAR09357	9.858754595081572e-05
MAR09358	9.858754595081572e-05
MAR09359	9.858754595081572e-05
MAR09360	9.858754595081572e-05
MAR09361	9.858754595081572e-05
MAR09362	9.858754595081572e-05
MAR09363	9.858754595081572e-05
MAR09364	9.858754595081572e-05
MAR09365	9.858754595081572e-05
MAR09366	9.858754595081572e-05
MAR09367	9.858754595081572e-05
MAR09368	9.858754595081572e-05
MAR09369	9.858754595081572e-05
MAR09370	9.858754595081572e-05
MAR09371	9.858754595081572e-05
MAR09372	9.858754595081572e-05
MAR09373	9.858754595081572e-05
MAR09374	9.858754595081572e-05
MAR09375	9.858754595081572e-05
MAR09376	9.858754595081572e-05
MAR09377	9.858754595081572e-05
MAR09378	9.858754595081572e-05
MAR09379	9.858754595081572e-05
MAR09380	9.858754595081572e-05
MAR09381	9.858754595081572e-05
MAR09382	9.858754595081572e-05
MAR09383	9.858754595081572e-05
MAR09384	9.858754595081572e-05
MAR09385	9.858754595081572e-05
MAR09386	9.858754595081572e-05
MAR09387	9.858754595081572e-05
MAR09388	9.858754595081572e-05
MAR09389	9.858754595081572e-05
MAR09390	9.858754595081572e-05
MAR09391	9.858754595081572e-05
MAR09392	9.858754595081572e-05
MAR09393	9.858754595081572e-05
MAR09394	9.858754595081572e-05
MAR09395	9.858754595081572e-05
MAR09396	9.858754595081572e-05
MAR09397	9.858754595081572e-05
MAR09398	9.858754595081572e-05
MAR09399	9.858754595081572e-05
MAR09400	9.858754595081572e-05
MAR09401	9.858754595081572e-05
MAR09404	9.858754595081572e-05
MAR09405	9.858754595081572e-05
MAR09406	9.858754595081572e-05
MAR09407	9.858754595081572e-05
MAR09408	9.858754595081572e-05
MAR09409	9.858754595081572e-05
MAR09410	9.858754595081572e-05
MAR09411	9.858754595081572e-05
MAR09412	9.858754595081572e-05
MAR09413	9.858754595081572e-05
MAR09414	9.858754595081572e-05
MAR09415	9.858754595081572e-05
MAR09416	9.858754595081572e-05
MAR09417	9.858754595081572e-05
MAR09418	9.858754595081572e-05
MAR09419	9.858754595081572e-05
MAR09420	9.858754595081572e-05
MAR09421	9.858754595081572e-05
MAR09422	9.858754595081572e-05
MAR09423	9.858754595081572e-05
MAR09424	9.858754595081572e-05
MAR09425	9.858754595081572e-05
MAR09426	9.858754595081572e-05
MAR09427	9.858754595081572e-05
MAR09428	9.858754595081572e-05
MAR09429	9.858754595081572e-05
MAR09430	9.858754595081572e-05
MAR09431	9.858754595081572e-05
MAR09432	9.858754595081572e-05
MAR09433	9.858754595081572e-05
MAR09434	9.858754595081572e-05
MAR09435	9.858754595081572e-05
MAR09436	9.858754595081572e-05
MAR09437	9.858754595081572e-05
MAR09438	9.858754595081572e-05
MAR09439	9.858754595081572e-05
MAR09440	9.858754595081572e-05
MAR09441	9.858754595081572e-05
MAR09442	9.858754595081572e-05
MAR09443	9.858754595081572e-05
MAR09444	9.858754595081572e-05
MAR09445	9.858754595081572e-05
MAR09446	9.858754595081572e-05
MAR09447	9.858754595081572e-05
MAR09448	9.858754595081572e-05
MAR09449	9.858754595081572e-05
MAR09450	9.858754595081572e-05
MAR09451	9.858754595081572e-05
MAR09452	9.858754595081572e-05
MAR09453	9.858754595081572e-05
MAR09454	9.858754595081572e-05
MAR09455	9.858754595081572e-05
MAR09456	9.858754595081572e-05
MAR09457	9.858754595081572e-05
MAR09458	9.858754595081572e-05
MAR09460	9.858754595081572e-05
MAR09461	9.858754595081572e-05
MAR09462	9.858754595081572e-05
MAR09463	9.858754595081572e-05
MAR09681	9.858754595081572e-05
MAR09682	9.858754595081572e-05
MAR09683	9.858754595081572e-05
MAR09684	9.858754595081572e-05
MAR09685	9.858754595081572e-05
MAR09686	9.858754595081572e-05
MAR09687	9.858754595081572e-05
MAR09688	9.858754595081572e-05
MAR09689	9.858754595081572e-05
MAR09690	9.858754595081572e-05
MAR09691	9.858754595081572e-05
MAR09692	9.858754595081572e-05
MAR09693	9.858754595081572e-05
MAR09694	9.858754595081572e-05
MAR09695	9.858754595081572e-05
MAR09696	9.858754595081572e-05
MAR09697	9.858754595081572e-05
MAR09698	9.858754595081572e-05
MAR09699	9.858754595081572e-05
MAR09700	9.858754595081572e-05
MAR09701	9.858754595081572e-05
MAR09702	9.858754595081572e-05
MAR09703	9.858754595081572e-05
MAR09704	9.858754595081572e-05
MAR09705	9.858754595081572e-05
MAR09706	9.858754595081572e-05
MAR09707	9.858754595081572e-05
MAR09708	9.858754595081572e-05
MAR09709	9.858754595081572e-05
MAR09710	9.858754595081572e-05
MAR09711	9.858754595081572e-05
MAR09712	9.858754595081572e-05
MAR09713	9.858754595081572e-05
MAR09714	9.858754595081572e-05
MAR09715	9.858754595081572e-05
MAR09721	9.858754595081572e-05
MAR09729	9.858754595081572e-05
MAR09730	9.858754595081572e-05
MAR09725	9.858754595081572e-05
MAR00031	0.018419251807856155
MAR00021	9.858754595081572e-05
MAR00022	9.858754595081572e-05
MAR00023	9.858754595081572e-05
MAR00033	9.858754595081572e-05
MAR00034	9.858754595081572e-05
MAR00035	9.858754595081572e-05
MAR00036	9.858754595081572e-05
MAR00037	9.858754595081572e-05
MAR00038	9.858754595081572e-05
MAR00040	9.858754595081572e-05
MAR00041	9.858754595081572e-05
MAR00043	0.0003568236273892475
MAR00044	9.858754595081572e-05
MAR00045	9.858754595081572e-05
MAR00046	0.002318360171056862
MAR00047	9.858754595081572e-05
MAR00048	9.858754595081572e-05
MAR00049	9.858754595081572e-05
MAR00050	0.0002160574409158143
MAR00051	0.003115758374340153
MAR00052	4.992359944376898e-05
MAR00053	0.0002160574409158143
MAR00054	9.858754595081572e-05
MAR00055	0.0004700830229399764
MAR00056	9.858754595081572e-05
MAR00057	0.0002878151221020794
MAR00058	3.8392493081905683e-05
MAR00060	0.0019395509112199725
MAR00061	9.858754595081572e-05
MAR00062	0.0018682854158246999
MAR00063	9.858754595081572e-05
MAR00064	0.0019395509112199725
MAR00065	4.992359944376898e-05
MAR00066	0.0014070258287455202
MAR00067	0.0006201329683062637
MAR00068	0.00017070924779309345
MAR00069	0.00020792599343234645
MAR00070	0.00020792599343234645
MAR00071	0.00020792599343234645
MAR00072	0.0085769840233653
MAR00073	9.858754595081572e-05
MAR00074	9.858754595081572e-05
MAR00075	9.858754595081572e-05
MAR00076	0.0019395509112199725
MAR00077	9.858754595081572e-05
MAR00078	9.858754595081572e-05
MAR00079	0.0010455174218836612
MAR00080	0.04743112393405757
MAR00081	4.4766377519551676e-05
MAR00082	4.4766377519551676e-05
MAR00083	3.818211092224567e-05
MAR00084	3.818211092224567e-05
MAR00085	3.818211092224567e-05
MAR00086	0.0004314711612508014
MAR00087	3.728206335263105e-05
MAR00088	0.003115758374340153
MAR00089	9.858754595081572e-05
MAR00090	9.858754595081572e-05
MAR00091	0.0005869984910827113
MAR00092	0.0004314711612508014
MAR00093	0.003781585572879916
MAR00094	0.0009663169060728079
MAR00095	3.920841276211652e-05
MAR00097	0.003781585572879916
MAR00098	9.858754595081572e-05
MAR00099	9.858754595081572e-05
MAR00100	9.858754595081572e-05
MAR00101	0.0003500336971892707
MAR00102	0.0019395509112199725
MAR00103	0.002106543691908336
MAR00104	0.0002362215483252622
MAR00105	0.0019395509112199725
MAR00106	0.0019395509112199725
MAR00107	0.0019395509112199725
MAR00108	0.002106543691908336
MAR00109	0.0002362215483252622
MAR00110	0.0019395509112199725
MAR00111	0.0019395509112199725
MAR00112	9.858754595081572e-05
MAR00113	0.003551209013633756
MAR00114	0.003551209013633756
MAR00115	0.0007766509092707459
MAR00116	0.005165007879767774
MAR00117	0.003551209013633756
MAR00118	0.005165007879767774
MAR00119	0.009155952918836831
MAR00120	9.858754595081572e-05
MAR00121	0.0009869389623733526
MAR00122	0.0009869389623733526
MAR00123	9.858754595081572e-05
MAR00124	0.0010455174218836612
MAR00125	0.006177830639118772
MAR00126	0.0005286584712159547
MAR00127	9.858754595081572e-05
MAR00128	0.0019395509112199725
MAR00129	0.0008971038648043331
MAR00130	9.858754595081572e-05
MAR00131	0.001185977275251649
MAR00132	9.858754595081572e-05
MAR00133	0.0001879858535543812
MAR00134	0.0003643734100469429
MAR00135	9.858754595081572e-05
MAR00136	9.858754595081572e-05
MAR00137	0.0011067983590189669
MAR00138	9.858754595081572e-05
MAR00139	0.0024957133651521855
MAR00140	9.858754595081572e-05
MAR00141	0.0012377006248445236
MAR00142	9.858754595081572e-05
MAR00143	0.0019395509112199725
MAR00144	0.005429157187097488
MAR00145	0.0029175686085604253
MAR00146	0.005429157187097488
MAR00147	0.005429157187097488
MAR00148	0.005429157187097488
MAR00149	0.0029175686085604253
MAR00150	0.0029175686085604253
MAR00151	0.0029175686085604253
MAR00152	0.0029175686085604253
MAR00181	0.0020542390442224983
MAR00186	0.0020542390442224983
MAR00205	9.858754595081572e-05
MAR00218	9.858754595081572e-05
MAR00219	9.858754595081572e-05
MAR00220	9.858754595081572e-05
MAR00221	9.858754595081572e-05
MAR00222	0.00771448606154231
MAR00227	0.003079657182895596
MAR00228	0.003079657182895596
MAR00229	9.858754595081572e-05
MAR00251	9.858754595081572e-05
MAR00252	0.0019395509112199725
MAR00285	0.0017363789105484717
MAR00286	9.858754595081572e-05
MAR00315	9.858754595081572e-05
MAR00316	9.858754595081572e-05
MAR00333	9.858754595081572e-05
MAR00334	4.992359944376898e-05
MAR00441	0.0014512491055319158
MAR00442	3.728206335263105e-05
MAR00443	0.002554230906371465
MAR00447	9.858754595081572e-05
MAR00451	0.0019395509112199725
MAR00452	0.002106543691908336
MAR00455	0.0002362215483252622
MAR00465	0.0019395509112199725
MAR00471	0.0005508121404014829
MAR00472	0.0005508121404014829
MAR00473	9.858754595081572e-05
MAR00474	9.858754595081572e-05
MAR00475	9.858754595081572e-05
MAR00480	9.858754595081572e-05
MAR00485	9.858754595081572e-05
MAR00554	9.858754595081572e-05
MAR00564	9.858754595081572e-05
MAR00565	9.858754595081572e-05
MAR00566	9.858754595081572e-05
MAR00567	9.858754595081572e-05
MAR00568	9.858754595081572e-05
MAR00569	9.858754595081572e-05
MAR00570	9.858754595081572e-05
MAR00571	9.858754595081572e-05
MAR00572	9.858754595081572e-05
MAR00573	9.858754595081572e-05
MAR00574	9.858754595081572e-05
MAR00575	9.858754595081572e-05
MAR00576	9.858754595081572e-05
MAR00577	9.858754595081572e-05
MAR00583	9.858754595081572e-05
MAR00585	9.858754595081572e-05
MAR00595	9.858754595081572e-05
MAR00603	9.858754595081572e-05
MAR00606	9.858754595081572e-05
MAR00608	9.858754595081572e-05
MAR00609	9.858754595081572e-05
MAR00611	9.858754595081572e-05
MAR00617	9.858754595081572e-05
MAR00618	9.858754595081572e-05
MAR00619	9.858754595081572e-05
MAR00620	9.858754595081572e-05
MAR00621	9.858754595081572e-05
MAR00624	9.858754595081572e-05
MAR00626	9.858754595081572e-05
MAR00628	9.858754595081572e-05
MAR00631	9.858754595081572e-05
MAR00637	9.858754595081572e-05
MAR00639	9.858754595081572e-05
MAR00650	9.858754595081572e-05
MAR00655	9.858754595081572e-05
MAR00656	9.858754595081572e-05
MAR00658	9.858754595081572e-05
MAR00661	9.858754595081572e-05
MAR00662	9.858754595081572e-05
MAR00666	9.858754595081572e-05
MAR00693	9.858754595081572e-05
MAR00694	9.858754595081572e-05
MAR00695	9.858754595081572e-05
MAR00696	9.858754595081572e-05
MAR00697	9.858754595081572e-05
MAR00698	9.858754595081572e-05
MAR00699	9.858754595081572e-05
MAR00700	9.858754595081572e-05
MAR00701	9.858754595081572e-05
MAR00702	9.858754595081572e-05
MAR00704	9.858754595081572e-05
MAR00711	9.858754595081572e-05
MAR00714	9.858754595081572e-05
MAR00720	9.858754595081572e-05
MAR00721	9.858754595081572e-05
MAR00722	9.858754595081572e-05
MAR00723	3.9555531952382246e-05
MAR00724	3.9555531952382246e-05
MAR00725	3.9555531952382246e-05
MAR00726	3.9555531952382246e-05
MAR00727	9.858754595081572e-05
MAR00728	9.858754595081572e-05
MAR00729	3.9555531952382246e-05
MAR00737	0.0015937547278044232
MAR00739	5.355273042056006e-05
MAR00742	3.728206335263105e-05
MAR00743	0.004647345763338031
MAR00745	0.004647345763338031
MAR00747	0.004647345763338031
MAR00749	0.004647345763338031
MAR00751	0.0011587537125328704
MAR00752	0.0011587537125328704
MAR00755	0.0011587537125328704
MAR00756	0.0011587537125328704
MAR00757	0.0011587537125328704
MAR00759	0.00142662808009166
MAR00764	0.0011587537125328704
MAR00772	0.0011587537125328704
MAR00774	0.0011587537125328704
MAR00776	0.0011587537125328704
MAR00777	0.00142662808009166
MAR00778	0.0011587537125328704
MAR00780	0.0011587537125328704
MAR00784	0.0011587537125328704
MAR00785	0.0011587537125328704
MAR00788	0.0011587537125328704
MAR00799	0.0011587537125328704
MAR00800	0.00142662808009166
MAR00818	0.0011587537125328704
MAR00833	0.00142662808009166
MAR00869	0.0011587537125328704
MAR00872	0.00142662808009166
MAR00874	0.0011587537125328704
MAR00916	0.0011587537125328704
MAR00922	0.0011587537125328704
MAR00923	0.0011587537125328704
MAR00927	0.00142662808009166
MAR00930	0.0011587537125328704
MAR00952	0.00142662808009166
MAR00968	0.00142662808009166
MAR00970	0.00749955454686122
MAR00972	0.00142662808009166
MAR00974	0.00142662808009166
MAR00975	0.00142662808009166
MAR00977	0.00142662808009166
MAR00978	0.00142662808009166
MAR00982	0.00142662808009166
MAR01001	0.00142662808009166
MAR01005	0.00142662808009166
MAR01012	9.858754595081572e-05
MAR01019	9.858754595081572e-05
MAR01024	9.858754595081572e-05
MAR01031	9.858754595081572e-05
MAR01032	9.858754595081572e-05
MAR01036	0.005183721565527906
MAR01038	4.271950841660472e-05
MAR01044	0.0011007846851877616
MAR01046	9.858754595081572e-05
MAR01047	0.0002160574409158143
MAR01051	9.858754595081572e-05
MAR01052	9.858754595081572e-05
MAR01056	9.858754595081572e-05
MAR01060	9.858754595081572e-05
MAR01076	9.858754595081572e-05
MAR01078	9.858754595081572e-05
MAR01083	4.8814149937573646e-05
MAR01118	3.728206335263105e-05
MAR01141	3.728206335263105e-05
MAR01169	0.001697960745875894
MAR01314	3.728206335263105e-05
MAR01340	9.858754595081572e-05
MAR01348	9.858754595081572e-05
MAR01349	9.858754595081572e-05
MAR01351	0.00011266301773155533
MAR01353	0.003659404901033081
MAR01354	9.858754595081572e-05
MAR01368	9.858754595081572e-05
MAR01369	9.858754595081572e-05
MAR01371	0.003693784533886892
MAR01372	0.003115758374340153
MAR01377	9.858754595081572e-05
MAR01378	3.728206335263105e-05
MAR01380	0.0007473306337640786
MAR01381	9.858754595081572e-05
MAR01385	9.858754595081572e-05
MAR01386	0.0014070258287455202
MAR01396	3.728206335263105e-05
MAR01397	0.0017363789105484717
MAR01399	0.0003100134760815478
MAR01400	0.0003100134760815478
MAR01435	9.858754595081572e-05
MAR01438	9.858754595081572e-05
MAR01439	0.0002362215483252622
MAR01441	0.0019395509112199725
MAR01442	4.992359944376898e-05
MAR01444	4.1393843990047224e-05
MAR01446	0.0017768750203386787
MAR01447	9.858754595081572e-05
MAR01449	0.0010831245072692077
MAR01450	0.026785853182258103
MAR01452	0.0019395509112199725
MAR01453	0.03789239928803354
MAR01455	9.858754595081572e-05
MAR01456	0.0007766509092707459
MAR01461	9.858754595081572e-05
MAR01462	9.858754595081572e-05
MAR01463	0.00033026222325889515
MAR01464	9.858754595081572e-05
MAR01466	0.00033026222325889515
MAR01468	0.0030860770461470094
MAR01469	9.858754595081572e-05
MAR01471	9.858754595081572e-05
MAR01472	9.67976211706059e-05
MAR01474	0.003565791766479524
MAR01475	0.0003527061395000343
MAR01476	9.858754595081572e-05
MAR01480	9.858754595081572e-05
MAR01481	0.0002362215483252622
MAR01482	0.0019395509112199725
MAR01485	3.728206335263105e-05
MAR01486	0.0019395509112199725
MAR01487	0.0019395509112199725
MAR01488	0.002106543691908336
MAR01489	0.0002362215483252622
MAR01491	0.0019395509112199725
MAR01492	0.0019395509112199725
MAR01497	3.728206335263105e-05
MAR01498	0.0032373142899868074
MAR01499	9.858754595081572e-05
MAR01501	3.728206335263105e-05
MAR01506	9.858754595081572e-05
MAR01507	9.858754595081572e-05
MAR01508	0.0016888664347666214
MAR01510	0.0016888664347666214
MAR01511	0.0046929633538575705
MAR01513	0.0011959969416773864
MAR01514	9.858754595081572e-05
MAR01517	0.0012497560693623283
MAR01518	9.858754595081572e-05
MAR01520	0.0006430994548053773
MAR01521	9.736622974032591e-05
MAR01522	9.736622974032591e-05
MAR01523	0.003115758374340153
MAR01524	0.0017222826601390295
MAR01525	0.00019423507209744164
MAR01527	0.0007464023872376002
MAR01528	0.00485171437560617
MAR01529	0.0002070268576264084
MAR01534	3.887073607247735e-05
MAR01537	9.858754595081572e-05
MAR01541	9.858754595081572e-05
MAR01542	0.0003437671492600123
MAR01554	3.728206335263105e-05
MAR01555	4.992359944376898e-05
MAR01556	0.0002362215483252622
MAR01559	0.0019395509112199725
MAR01560	3.728206335263105e-05
MAR01561	9.858754595081572e-05
MAR01562	9.858754595081572e-05
MAR01563	9.858754595081572e-05
MAR01564	9.858754595081572e-05
MAR01566	9.858754595081572e-05
MAR01567	0.0012395058224128864
MAR01569	3.728206335263105e-05
MAR01571	3.9204022349947006e-05
MAR01574	4.130375239541845e-05
MAR01575	9.858754595081572e-05
MAR01578	9.858754595081572e-05
MAR01579	9.858754595081572e-05
MAR01580	9.858754595081572e-05
MAR01582	9.858754595081572e-05
MAR01583	0.001297167212104274
MAR01586	9.585771078768724e-05
MAR01587	9.858754595081572e-05
MAR01588	0.0019395509112199725
MAR01591	9.858754595081572e-05
MAR01594	0.001297167212104274
MAR01596	0.001297167212104274
MAR01597	9.858754595081572e-05
MAR01600	0.0009178270336349891
MAR01601	9.858754595081572e-05
MAR01603	0.0011928870636646778
MAR01606	0.0011928870636646778
MAR01607	9.858754595081572e-05
MAR01612	0.0003325439774541298
MAR01615	0.0009246689346093768
MAR01616	0.006694979509823568
MAR01618	0.00013351262672080293
MAR01621	9.858754595081572e-05
MAR01626	9.858754595081572e-05
MAR01628	0.0025704641517571543
MAR01633	9.858754595081572e-05
MAR01634	0.0009673468583952521
MAR01636	0.0009663169060728079
MAR01640	9.858754595081572e-05
MAR01641	9.858754595081572e-05
MAR01643	0.0003465897531572681
MAR01645	9.858754595081572e-05
MAR01647	9.858754595081572e-05
MAR01648	9.858754595081572e-05
MAR01649	0.021248841076329423
MAR01650	0.0014070258287455202
MAR01654	9.858754595081572e-05
MAR01655	0.0003380202596156349
MAR01657	9.858754595081572e-05
MAR01658	0.0020970125549636437
MAR01661	0.001297167212104274
MAR01664	0.001297167212104274
MAR01669	9.858754595081572e-05
MAR01671	0.0019395509112199725
MAR01674	0.0014480527376335
MAR01675	0.0014480527376335
MAR01677	0.0014480527376335
MAR01680	9.858754595081572e-05
MAR01683	9.858754595081572e-05
MAR01686	9.858754595081572e-05
MAR01688	9.858754595081572e-05
MAR01690	0.0019926598212425283
MAR01698	9.858754595081572e-05
MAR01705	9.858754595081572e-05
MAR01707	9.858754595081572e-05
MAR01711	0.0028312883731632103
MAR01712	9.858754595081572e-05
MAR01713	3.728206335263105e-05
MAR01714	0.0028833205093329157
MAR01715	0.004976056526263763
MAR01719	9.858754595081572e-05
MAR01721	0.0019395509112199725
MAR01724	9.858754595081572e-05
MAR01728	9.858754595081572e-05
MAR01731	9.858754595081572e-05
MAR01732	9.858754595081572e-05
MAR01733	9.858754595081572e-05
MAR01734	9.858754595081572e-05
MAR01736	0.0002362215483252622
MAR01755	0.0019395509112199725
MAR01757	0.0002362215483252622
MAR01763	0.0019395509112199725
MAR01773	0.0002362215483252622
MAR01775	0.0019395509112199725
MAR01779	9.858754595081572e-05
MAR01780	0.0002160574409158143
MAR01782	0.0002160574409158143
MAR01791	9.858754595081572e-05
MAR01793	0.0002160574409158143
MAR01795	9.858754595081572e-05
MAR01799	0.0019395509112199725
MAR01801	0.022363908151524864
MAR01808	0.022363908151524864
MAR01812	0.0003963042598582823
MAR01814	0.0019395509112199725
MAR01816	3.8917543058933306e-05
MAR01818	0.0023634900970441633
MAR01820	3.728206335263105e-05
MAR01821	9.858754595081572e-05
MAR01822	9.858754595081572e-05
MAR01824	9.858754595081572e-05
MAR01825	9.858754595081572e-05
MAR01826	9.858754595081572e-05
MAR01827	9.858754595081572e-05
MAR01828	9.858754595081572e-05
MAR01829	9.858754595081572e-05
MAR01849	9.858754595081572e-05
MAR01851	9.858754595081572e-05
MAR01856	9.858754595081572e-05
MAR01858	9.858754595081572e-05
MAR01860	9.858754595081572e-05
MAR01869	9.858754595081572e-05
MAR01871	9.858754595081572e-05
MAR01873	9.858754595081572e-05
MAR01912	9.858754595081572e-05
MAR01918	9.858754595081572e-05
MAR01921	9.858754595081572e-05
MAR01922	9.858754595081572e-05
MAR01923	9.858754595081572e-05
MAR01938	9.858754595081572e-05
MAR01939	9.858754595081572e-05
MAR01946	9.858754595081572e-05
MAR01947	9.858754595081572e-05
MAR01954	9.858754595081572e-05
MAR01955	9.858754595081572e-05
MAR01956	9.858754595081572e-05
MAR01957	9.858754595081572e-05
MAR01961	9.858754595081572e-05
MAR01964	9.858754595081572e-05
MAR01965	9.858754595081572e-05
MAR01966	9.858754595081572e-05
MAR01972	9.858754595081572e-05
MAR01975	9.858754595081572e-05
MAR01984	9.858754595081572e-05
MAR01986	9.858754595081572e-05
MAR02021	0.00041234635669964726
MAR02023	6.892926857213197e-05
MAR02026	0.004976056526263763
MAR02028	0.0006436714804199218
MAR02119	3.999292475701924e-05
MAR02120	0.003445665612237536
MAR02121	0.002106543691908336
MAR02122	0.002106543691908336
MAR02123	0.002106543691908336
MAR02124	7.353990905776609e-05
MAR02125	7.353990905776609e-05
MAR02126	0.005429157187097488
MAR02128	0.005429157187097488
MAR02146	9.858754595081572e-05
MAR02147	0.004976056526263763
MAR02148	0.0006436714804199218
MAR02149	0.0006436714804199218
MAR02183	0.0006436714804199218
MAR02184	0.000634182055818707
MAR02186	0.00017070924779309345
MAR02187	0.0006436714804199218
MAR02188	0.0011456683312159623
MAR02189	0.0011456683312159623
MAR02192	0.0011456683312159623
MAR02195	0.0011456683312159623
MAR02196	0.0011456683312159623
MAR02197	0.0011456683312159623
MAR02198	0.005805840749669396
MAR02200	0.0009043305896951091
MAR02206	0.00771448606154231
MAR02207	0.0006436714804199218
MAR02216	0.006177830639118772
MAR02220	0.006177830639118772
MAR02221	3.882679581126918e-05
MAR02222	9.858754595081572e-05
MAR02223	9.858754595081572e-05
MAR02224	9.858754595081572e-05
MAR02225	9.858754595081572e-05
MAR02226	3.8460024365156446e-05
MAR02271	3.728206335263105e-05
MAR02272	7.173573999643887e-05
MAR02273	9.858754595081572e-05
MAR02274	9.858754595081572e-05
MAR02275	9.858754595081572e-05
MAR02278	9.858754595081572e-05
MAR02279	9.858754595081572e-05
MAR02280	9.858754595081572e-05
MAR02283	9.858754595081572e-05
MAR02285	9.858754595081572e-05
MAR02290	9.858754595081572e-05
MAR02291	9.858754595081572e-05
MAR02297	9.858754595081572e-05
MAR02298	9.858754595081572e-05
MAR02299	9.858754595081572e-05
MAR02300	9.858754595081572e-05
MAR02301	0.0004086159164821433
MAR02302	9.858754595081572e-05
MAR02303	0.006177830639118772
MAR02304	9.858754595081572e-05
MAR02306	0.003201087340871996
MAR02308	0.0018841607816025394
MAR02310	0.00459697388961915
MAR02312	0.00459697388961915
MAR02313	0.00459697388961915
MAR02314	0.00459697388961915
MAR02316	9.858754595081572e-05
MAR02318	9.858754595081572e-05
MAR02320	9.858754595081572e-05
MAR02322	0.0007497700818919807
MAR02323	0.005183721565527906
MAR02325	0.005183721565527906
MAR02327	0.005183721565527906
MAR02329	3.9555531952382246e-05
MAR02331	9.858754595081572e-05
MAR02333	9.858754595081572e-05
MAR02335	9.858754595081572e-05
MAR02337	0.00771448606154231
MAR02339	0.002554230906371465
MAR02340	9.858754595081572e-05
MAR02341	0.003165893444634384
MAR02346	9.858754595081572e-05
MAR02351	0.0007742934348626289
MAR02352	0.050536170740270725
MAR02357	0.050536170740270725
MAR02360	9.858754595081572e-05
MAR02375	9.858754595081572e-05
MAR02377	9.858754595081572e-05
MAR02379	9.858754595081572e-05
MAR02381	0.005150559968929743
MAR02382	9.858754595081572e-05
MAR02385	0.00036494509982845153
MAR02386	0.00036494509982845153
MAR02388	0.0027289526963359856
MAR02396	3.728206335263105e-05
MAR02398	3.728206335263105e-05
MAR02400	3.728206335263105e-05
MAR02402	4.664904405167795e-05
MAR02404	3.728206335263105e-05
MAR02405	0.006177830639118772
MAR02406	0.006177830639118772
MAR02413	0.006177830639118772
MAR02414	0.006177830639118772
MAR02416	0.006177830639118772
MAR02418	0.006177830639118772
MAR02420	0.006177830639118772
MAR02422	0.006177830639118772
MAR02424	0.001773216393153208
MAR02425	0.001773216393153208
MAR02427	9.858754595081572e-05
MAR02429	9.858754595081572e-05
MAR02431	9.858754595081572e-05
MAR02432	9.858754595081572e-05
MAR02471	9.858754595081572e-05
MAR02473	9.858754595081572e-05
MAR02474	9.858754595081572e-05
MAR02476	9.858754595081572e-05
MAR02477	9.858754595081572e-05
MAR02479	9.858754595081572e-05
MAR02481	9.858754595081572e-05
MAR02483	0.0011928870636646778
MAR02485	0.0011928870636646778
MAR02487	0.002188839859397899
MAR02488	0.000654518330986825
MAR02492	9.858754595081572e-05
MAR02494	0.017781632639254648
MAR02496	0.001167129708559771
MAR02498	0.0003225326157709617
MAR02500	0.002188839859397899
MAR02502	0.000654518330986825
MAR02504	0.002188839859397899
MAR02506	0.000654518330986825
MAR02507	0.002188839859397899
MAR02508	0.000654518330986825
MAR02519	0.013354140153604465
MAR02521	0.013354140153604465
MAR02523	0.0003225326157709617
MAR02525	0.001996450052080728
MAR02527	9.858754595081572e-05
MAR02529	3.769979067964797e-05
MAR02531	0.01344803661900209
MAR02536	0.0006337390225567117
MAR02538	0.0006337390225567117
MAR02539	0.0006337390225567117
MAR02589	0.0006337390225567117
MAR02595	0.0006337390225567117
MAR02597	0.0006337390225567117
MAR02615	3.728206335263105e-05
MAR02617	3.728206335263105e-05
MAR02619	3.728206335263105e-05
MAR02627	3.728206335263105e-05
MAR02628	3.728206335263105e-05
MAR02631	3.728206335263105e-05
MAR02632	3.728206335263105e-05
MAR02637	3.728206335263105e-05
MAR02639	3.728206335263105e-05
MAR02641	3.728206335263105e-05
MAR02643	3.728206335263105e-05
MAR02645	0.01344803661900209
MAR02647	3.769979067964797e-05
MAR02694	0.01344803661900209
MAR02696	3.901474228700469e-05
MAR02698	0.0010572131782509394
MAR02721	9.858754595081572e-05
MAR02723	3.728206335263105e-05
MAR02725	0.0006337390225567117
MAR02728	0.0006337390225567117
MAR02743	0.0006337390225567117
MAR02747	0.0006337390225567117
MAR02749	0.0006337390225567117
MAR02751	3.728206335263105e-05
MAR02756	0.0006337390225567117
MAR02763	0.0006337390225567117
MAR02765	0.001173933702514908
MAR02767	5.952015013130168e-05
MAR02779	9.858754595081572e-05
MAR02781	0.0007497700818919807
MAR02782	9.858754595081572e-05
MAR02784	9.858754595081572e-05
MAR02786	0.00459697388961915
MAR02802	0.00459697388961915
MAR02804	0.00142662808009166
MAR02808	0.00142662808009166
MAR02810	0.00142662808009166
MAR02818	0.00142662808009166
MAR02820	9.858754595081572e-05
MAR02826	9.858754595081572e-05
MAR02828	9.858754595081572e-05
MAR02858	4.825693256195158e-05
MAR02860	9.858754595081572e-05
MAR02881	3.728206335263105e-05
MAR02883	9.858754595081572e-05
MAR02885	0.0012395058224128864
MAR02887	9.858754595081572e-05
MAR02889	9.858754595081572e-05
MAR02891	0.0012395058224128864
MAR02893	9.858754595081572e-05
MAR02895	9.858754595081572e-05
MAR02933	9.858754595081572e-05
MAR02934	9.858754595081572e-05
MAR02935	9.858754595081572e-05
MAR02936	9.858754595081572e-05
MAR02937	9.858754595081572e-05
MAR02938	9.858754595081572e-05
MAR02939	9.858754595081572e-05
MAR02940	0.002188839859397899
MAR02941	9.858754595081572e-05
MAR02950	0.0028312883731632103
MAR02953	0.0028312883731632103
MAR02958	0.0037066472608881995
MAR02960	9.858754595081572e-05
MAR02993	9.858754595081572e-05
MAR02995	0.0025377623364409283
MAR02997	0.004504962048408553
MAR03004	0.0045803488047463465
MAR03005	3.891759217537176e-05
MAR03006	0.00391576184035012
MAR03010	0.0013716459094573652
MAR03012	0.0013716459094573652
MAR03016	9.858754595081572e-05
MAR03031	3.728206335263105e-05
MAR03036	9.858754595081572e-05
MAR03038	3.728206335263105e-05
MAR03039	9.858754595081572e-05
MAR03040	0.0012395058224128864
MAR03041	9.858754595081572e-05
MAR03042	3.728206335263105e-05
MAR03043	4.0196246000168125e-05
MAR03044	0.00326700172517002
MAR03045	4.0196246000168125e-05
MAR03046	0.0025377623364409283
MAR03047	9.858754595081572e-05
MAR03048	0.0006188981374606515
MAR03049	9.858754595081572e-05
MAR03050	9.858754595081572e-05
MAR03051	3.728206335263105e-05
MAR03052	3.728206335263105e-05
MAR03061	0.003079657182895596
MAR03119	9.858754595081572e-05
MAR03120	9.858754595081572e-05
MAR03124	0.006067442730612913
MAR03126	9.858754595081572e-05
MAR03127	5.744677029603303e-05
MAR03131	9.858754595081572e-05
MAR03133	9.858754595081572e-05
MAR03134	3.728206335263105e-05
MAR03138	9.858754595081572e-05
MAR03140	3.769979067964797e-05
MAR03141	0.01344803661900209
MAR03145	3.901474228700469e-05
MAR03147	3.769979067964797e-05
MAR03148	0.01344803661900209
MAR03152	3.901474228700469e-05
MAR03154	0.0025377623364409283
MAR03155	0.0025377623364409283
MAR03159	0.0025377623364409283
MAR03161	0.0025377623364409283
MAR03162	4.2576926138066763e-05
MAR03165	0.0019191073763276895
MAR03167	9.858754595081572e-05
MAR03168	9.858754595081572e-05
MAR03169	3.728206335263105e-05
MAR03207	3.728206335263105e-05
MAR03209	0.0012395058224128864
MAR03210	9.858754595081572e-05
MAR03214	0.0012395058224128864
MAR03216	9.858754595081572e-05
MAR03217	9.858754595081572e-05
MAR03238	9.858754595081572e-05
MAR03248	9.858754595081572e-05
MAR03249	9.858754595081572e-05
MAR03251	4.1326161782705414e-05
MAR03253	4.1326161782705414e-05
MAR03255	9.858754595081572e-05
MAR03257	3.728206335263105e-05
MAR03259	9.858754595081572e-05
MAR03261	9.858754595081572e-05
MAR03263	3.901474228700469e-05
MAR03265	9.858754595081572e-05
MAR03266	9.858754595081572e-05
MAR03267	9.858754595081572e-05
MAR03268	9.858754595081572e-05
MAR03269	0.00804147039389877
MAR03270	0.0007766509092707459
MAR03271	0.003413442796784935
MAR03273	0.00459697388961915
MAR03274	0.00459697388961915
MAR03276	0.00142662808009166
MAR03289	0.00142662808009166
MAR03291	0.00142662808009166
MAR03295	0.00142662808009166
MAR03297	0.012621316076293352
MAR03299	0.0003380202596156349
MAR03300	0.004195673136753655
MAR03303	0.004195673136753655
MAR03308	0.004195673136753655
MAR03313	0.0016306752784020595
MAR03318	0.004504962048408553
MAR03324	9.858754595081572e-05
MAR03325	0.0045803488047463465
MAR03354	0.003413442796784935
MAR03366	0.00142662808009166
MAR03371	0.00142662808009166
MAR03374	0.0017333433966354546
MAR03376	0.0007479899805710692
MAR03377	0.0023923892775402755
MAR03378	0.0017333433966354546
MAR03379	0.012621316076293352
MAR03380	0.00804147039389877
MAR03381	0.00749955454686122
MAR03382	9.858754595081572e-05
MAR03383	9.858754595081572e-05
MAR03384	0.002362629325339067
MAR03385	0.001422484707594534
MAR03386	0.0006201329683062637
MAR03387	0.00459697388961915
MAR03388	9.858754595081572e-05
MAR03389	5.355273042056006e-05
MAR03390	9.858754595081572e-05
MAR03391	0.01344803661900209
MAR03392	9.858754595081572e-05
MAR03393	0.013354140153604465
MAR03394	0.013354140153604465
MAR03395	0.013354140153604465
MAR03399	0.013354140153604465
MAR03400	3.728206335263105e-05
MAR03401	0.013354140153604465
MAR03402	0.013354140153604465
MAR03403	0.013354140153604465
MAR03404	0.013354140153604465
MAR03405	0.013354140153604465
MAR03410	0.013354140153604465
MAR03412	0.013354140153604465
MAR03415	0.013354140153604465
MAR03417	0.013354140153604465
MAR03418	0.013354140153604465
MAR03419	9.858754595081572e-05
MAR03420	0.0003500336971892707
MAR03434	0.0003500336971892707
MAR03435	9.858754595081572e-05
MAR03436	5.952015013130168e-05
MAR03437	9.858754595081572e-05
MAR03438	0.013354140153604465
MAR03439	0.004647345763338031
MAR03440	0.013354140153604465
MAR03442	0.013354140153604465
MAR03443	0.013354140153604465
MAR03451	0.013354140153604465
MAR03465	0.013354140153604465
MAR03474	0.013354140153604465
MAR03479	0.013354140153604465
MAR03483	0.0008738040910973287
MAR03485	0.013354140153604465
MAR03487	0.013354140153604465
MAR03490	0.013354140153604465
MAR03492	0.013354140153604465
MAR03494	0.013354140153604465
MAR03495	0.013354140153604465
MAR03496	0.013354140153604465
MAR03497	0.013354140153604465
MAR03499	0.013354140153604465
MAR03500	0.013354140153604465
MAR03502	0.013354140153604465
MAR03504	0.013354140153604465
MAR03507	0.013354140153604465
MAR03516	0.013354140153604465
MAR03518	0.013354140153604465
MAR03535	0.013354140153604465
MAR03536	9.858754595081572e-05
MAR03598	9.858754595081572e-05
MAR03599	9.858754595081572e-05
MAR03600	0.0006337390225567117
MAR03601	0.0006337390225567117
MAR03602	0.0006337390225567117
MAR03603	0.0006337390225567117
MAR03604	0.013354140153604465
MAR03605	0.013354140153604465
MAR03606	0.013354140153604465
MAR03607	0.013354140153604465
MAR03608	0.013354140153604465
MAR03609	0.013354140153604465
MAR03610	0.013354140153604465
MAR03611	0.013354140153604465
MAR03612	0.013354140153604465
MAR03613	3.728206335263105e-05
MAR03614	3.728206335263105e-05
MAR03615	0.013354140153604465
MAR03616	0.013354140153604465
MAR03617	0.013354140153604465
MAR03618	0.004647345763338031
MAR03619	0.013354140153604465
MAR03620	9.858754595081572e-05
MAR03621	0.013354140153604465
MAR03623	9.858754595081572e-05
MAR03624	0.013354140153604465
MAR03745	9.858754595081572e-05
MAR03749	0.013354140153604465
MAR03756	0.0003380202596156349
MAR03758	9.858754595081572e-05
MAR03764	0.0007766509092707459
MAR03766	9.858754595081572e-05
MAR03768	0.0012395058224128864
MAR03774	9.858754595081572e-05
MAR03776	3.861969554053114e-05
MAR03779	0.0009273626047706106
MAR03781	9.585771078768724e-05
MAR03786	9.585771078768724e-05
MAR03788	0.000521775352098585
MAR03791	9.585771078768724e-05
MAR03798	9.585771078768724e-05
MAR03801	0.00459697388961915
MAR03803	0.00459697388961915
MAR03805	0.00459697388961915
MAR03808	0.00804147039389877
MAR03810	0.0005264450842138454
MAR03812	0.00804147039389877
MAR03814	0.0005264450842138454
MAR03815	0.0038857095939221057
MAR03817	0.003115758374340153
MAR03821	0.0006201329683062637
MAR03824	9.858754595081572e-05
MAR03826	4.2576926138066763e-05
MAR03828	0.0019191073763276895
MAR03830	9.858754595081572e-05
MAR03834	9.858754595081572e-05
MAR03836	9.858754595081572e-05
MAR03840	9.858754595081572e-05
MAR03842	3.8992591605744e-05
MAR03844	0.0005264450842138454
MAR03846	0.00459697388961915
MAR03872	0.00459697388961915
MAR03874	0.00459697388961915
MAR03876	0.00804147039389877
MAR03878	9.858754595081572e-05
MAR03880	9.858754595081572e-05
MAR03882	9.858754595081572e-05
MAR03884	9.858754595081572e-05
MAR03886	0.005665274266570246
MAR03887	0.0010380867564320918
MAR03888	0.0010380867564320918
MAR03891	3.8992591605744e-05
MAR03893	3.891759217537176e-05
MAR03894	0.0010380867564320918
MAR03896	0.0010380867564320918
MAR03898	9.858754595081572e-05
MAR03900	3.891759217537176e-05
MAR03902	0.0011928870636646778
MAR03904	0.0011928870636646778
MAR03906	3.891759217537176e-05
MAR03909	9.858754595081572e-05
MAR03913	3.8992591605744e-05
MAR03914	9.858754595081572e-05
MAR03918	0.06528775939913394
MAR03924	0.012189508630458496
MAR03926	0.006067442730612913
MAR03927	9.858754595081572e-05
MAR03930	9.858754595081572e-05
MAR03932	0.00015921194803586723
MAR03934	9.858754595081572e-05
MAR03936	9.858754595081572e-05
MAR03938	0.006067442730612913
MAR03941	0.006067442730612913
MAR03942	0.006067442730612913
MAR03943	0.006067442730612913
MAR03945	0.006067442730612913
MAR03961	0.006067442730612913
MAR03962	9.858754595081572e-05
MAR03963	0.006067442730612913
MAR03973	0.006067442730612913
MAR03976	0.006067442730612913
MAR03978	0.006067442730612913
MAR03981	0.0005264450842138454
MAR03983	0.00804147039389877
MAR03985	0.009611969703910983
MAR03990	0.0010380867564320918
MAR03994	0.0010380867564320918
MAR03997	0.00142662808009166
MAR04001	0.00142662808009166
MAR04003	0.00142662808009166
MAR04007	9.858754595081572e-05
MAR04009	0.00016905957828406147
MAR04011	9.858754595081572e-05
MAR04013	9.858754595081572e-05
MAR04015	9.858754595081572e-05
MAR04017	9.858754595081572e-05
MAR04019	0.000521775352098585
MAR04021	7.814251217446359e-05
MAR04023	0.005938969176443775
MAR04025	7.814251217446359e-05
MAR04027	7.814251217446359e-05
MAR04029	0.005938969176443775
MAR04031	7.814251217446359e-05
MAR04033	7.814251217446359e-05
MAR04035	0.005938969176443775
MAR04037	7.814251217446359e-05
MAR04039	9.858754595081572e-05
MAR04041	0.000521775352098585
MAR04043	7.814251217446359e-05
MAR04045	0.005938969176443775
MAR04047	7.814251217446359e-05
MAR04049	9.858754595081572e-05
MAR04051	0.000521775352098585
MAR04053	9.858754595081572e-05
MAR04055	0.000521775352098585
MAR04057	7.814251217446359e-05
MAR04074	0.005938969176443775
MAR04076	7.814251217446359e-05
MAR04088	9.858754595081572e-05
MAR04090	0.000521775352098585
MAR04092	9.858754595081572e-05
MAR04094	9.858754595081572e-05
MAR04096	9.858754595081572e-05
MAR04098	9.858754595081572e-05
MAR04100	9.858754595081572e-05
MAR04102	9.858754595081572e-05
MAR04104	9.858754595081572e-05
MAR04110	9.858754595081572e-05
MAR04117	9.858754595081572e-05
MAR04119	9.858754595081572e-05
MAR04129	9.858754595081572e-05
MAR04138	9.858754595081572e-05
MAR04140	9.858754595081572e-05
MAR04142	9.858754595081572e-05
MAR04146	9.858754595081572e-05
MAR04148	9.858754595081572e-05
MAR04150	9.858754595081572e-05
MAR04151	9.858754595081572e-05
MAR04153	9.858754595081572e-05
MAR04154	9.858754595081572e-05
MAR04155	9.858754595081572e-05
MAR04157	9.858754595081572e-05
MAR04161	9.858754595081572e-05
MAR04164	9.858754595081572e-05
MAR04173	9.858754595081572e-05
MAR04178	9.858754595081572e-05
MAR04181	9.858754595081572e-05
MAR04195	9.858754595081572e-05
MAR04203	9.858754595081572e-05
MAR04213	9.858754595081572e-05
MAR04215	9.858754595081572e-05
MAR04217	9.858754595081572e-05
MAR04221	9.858754595081572e-05
MAR04223	9.858754595081572e-05
MAR04226	9.858754595081572e-05
MAR04229	9.858754595081572e-05
MAR04230	9.858754595081572e-05
MAR04234	9.858754595081572e-05
MAR04236	9.858754595081572e-05
MAR04238	9.858754595081572e-05
MAR04240	9.858754595081572e-05
MAR04247	9.858754595081572e-05
MAR04256	9.858754595081572e-05
MAR04258	9.858754595081572e-05
MAR04272	9.858754595081572e-05
MAR04273	9.858754595081572e-05
MAR04286	9.858754595081572e-05
MAR04289	9.858754595081572e-05
MAR04292	9.858754595081572e-05
MAR04293	9.858754595081572e-05
MAR04294	9.858754595081572e-05
MAR04298	9.858754595081572e-05
MAR04305	9.858754595081572e-05
MAR04307	9.858754595081572e-05
MAR04309	9.858754595081572e-05
MAR04311	9.858754595081572e-05
MAR04322	9.858754595081572e-05
MAR04325	9.858754595081572e-05
MAR04327	9.858754595081572e-05
MAR04334	9.858754595081572e-05
MAR04337	9.858754595081572e-05
MAR04339	9.858754595081572e-05
MAR04341	9.858754595081572e-05
MAR04349	9.858754595081572e-05
MAR04353	9.858754595081572e-05
MAR04357	9.858754595081572e-05
MAR04359	9.858754595081572e-05
MAR04361	9.858754595081572e-05
MAR04362	9.858754595081572e-05
MAR04364	9.858754595081572e-05
MAR04366	9.858754595081572e-05
MAR04369	9.858754595081572e-05
MAR04374	9.858754595081572e-05
MAR04376	9.858754595081572e-05
MAR04378	9.858754595081572e-05
MAR04380	9.858754595081572e-05
MAR04382	9.858754595081572e-05
MAR04384	9.858754595081572e-05
MAR04389	9.858754595081572e-05
MAR04392	9.858754595081572e-05
MAR04395	9.858754595081572e-05
MAR04397	9.858754595081572e-05
MAR04405	9.858754595081572e-05
MAR04407	9.858754595081572e-05
MAR04409	9.858754595081572e-05
MAR04413	9.858754595081572e-05
MAR04438	0.0034139963875261447
MAR04439	0.0034139963875261447
MAR04441	9.858754595081572e-05
MAR04443	9.858754595081572e-05
MAR04445	0.0017314241715580215
MAR04447	0.000654518330986825
MAR04457	0.002106543691908336
MAR04462	0.002106543691908336
MAR04475	0.002106543691908336
MAR04479	0.0019395509112199725
MAR04491	0.002106543691908336
MAR04504	0.002106543691908336
MAR04508	0.002106543691908336
MAR04509	0.000654518330986825
MAR04511	9.858754595081572e-05
MAR04515	9.858754595081572e-05
MAR04522	0.002106543691908336
MAR04566	0.0034139963875261447
MAR04569	0.002106543691908336
MAR04571	0.002106543691908336
MAR04578	0.0034139963875261447
MAR04581	0.002106543691908336
MAR04598	0.002106543691908336
MAR04610	0.002106543691908336
MAR04613	0.002106543691908336
MAR04616	0.0034139963875261447
MAR04620	0.002106543691908336
MAR04624	0.002106543691908336
MAR04634	0.002106543691908336
MAR04636	0.002106543691908336
MAR04638	0.002106543691908336
MAR04639	0.002106543691908336
MAR04645	0.0019395509112199725
MAR04661	0.0019395509112199725
MAR04671	0.002106543691908336
MAR04674	0.0019395509112199725
MAR04677	0.0019395509112199725
MAR04678	0.0017314241715580215
MAR04707	0.002106543691908336
MAR04711	0.002106543691908336
MAR04719	0.002106543691908336
MAR04722	0.0017314241715580215
MAR04726	0.0019395509112199725
MAR04728	0.0019395509112199725
MAR04745	0.002106543691908336
MAR04749	0.002106543691908336
MAR04759	0.002106543691908336
MAR04782	0.0019395509112199725
MAR04783	9.858754595081572e-05
MAR04793	0.001773216393153208
MAR04803	0.001773216393153208
MAR04805	0.004182140406196268
MAR04807	9.858754595081572e-05
MAR04809	9.858754595081572e-05
MAR04811	0.001773216393153208
MAR04813	9.858754595081572e-05
MAR04815	9.858754595081572e-05
MAR04820	9.858754595081572e-05
MAR04821	9.858754595081572e-05
MAR04822	9.858754595081572e-05
MAR04823	9.858754595081572e-05
MAR04824	9.858754595081572e-05
MAR04825	9.858754595081572e-05
MAR04826	9.858754595081572e-05
MAR04827	9.858754595081572e-05
MAR04828	9.858754595081572e-05
MAR04829	9.858754595081572e-05
MAR04830	9.858754595081572e-05
MAR04853	9.858754595081572e-05
MAR04857	9.858754595081572e-05
MAR04859	9.858754595081572e-05
MAR04866	9.858754595081572e-05
MAR04869	9.858754595081572e-05
MAR04884	9.858754595081572e-05
MAR04886	9.858754595081572e-05
MAR04889	9.858754595081572e-05
MAR04891	9.858754595081572e-05
MAR04895	9.858754595081572e-05
MAR04897	9.858754595081572e-05
MAR04899	9.858754595081572e-05
MAR04901	9.858754595081572e-05
MAR04909	9.858754595081572e-05
MAR04918	9.858754595081572e-05
MAR04920	9.858754595081572e-05
MAR04921	9.858754595081572e-05
MAR04923	9.858754595081572e-05
MAR04925	9.858754595081572e-05
MAR04927	9.858754595081572e-05
MAR04929	9.858754595081572e-05
MAR04936	9.858754595081572e-05
MAR04943	9.858754595081572e-05
MAR04950	9.858754595081572e-05
MAR04965	9.858754595081572e-05
MAR04968	0.0008738040910973287
MAR04970	0.0023923892775402755
MAR04974	0.0006934494529048477
MAR04978	0.0011587537125328704
MAR04981	0.00142662808009166
MAR04984	0.012621316076293352
MAR04987	0.0008738040910973287
MAR04988	0.0017333433966354546
MAR04991	0.0014754533232929261
MAR05001	0.0023923892775402755
MAR05017	0.0006934494529048477
MAR05025	0.00142662808009166
MAR05026	0.00142662808009166
MAR05028	0.0009178270336349891
MAR05030	0.012621316076293352
MAR05044	0.012621316076293352
MAR05069	0.0008738040910973287
MAR05081	0.0014754533232929261
MAR05083	0.012621316076293352
MAR05086	0.0008738040910973287
MAR05090	0.0017333433966354546
MAR05093	0.0014754533232929261
MAR05095	0.012621316076293352
MAR05097	0.00142662808009166
MAR05098	0.012621316076293352
MAR05100	0.00142662808009166
MAR05103	0.0019395509112199725
MAR05104	0.002106543691908336
MAR05106	0.0017314241715580215
MAR05108	0.0009178270336349891
MAR05110	0.00749955454686122
MAR05111	0.00749955454686122
MAR05119	0.00142662808009166
MAR05120	0.00749955454686122
MAR05175	0.00142662808009166
MAR05176	0.00749955454686122
MAR05177	0.00749955454686122
MAR05178	0.00142662808009166
MAR05179	0.00749955454686122
MAR05180	0.00142662808009166
MAR05181	0.00749955454686122
MAR05182	0.00142662808009166
MAR05183	5.355273042056006e-05
MAR05184	0.0009178270336349891
MAR05185	0.00749955454686122
MAR05188	0.00749955454686122
MAR05189	0.00142662808009166
MAR05190	0.00749955454686122
MAR05192	0.00749955454686122
MAR05193	0.0008738040910973287
MAR05194	0.00749955454686122
MAR05196	0.00142662808009166
MAR05235	0.0014754533232929261
MAR05242	0.00749955454686122
MAR05256	0.0008738040910973287
MAR05293	0.0006934494529048477
MAR05298	0.004463099911056798
MAR05300	0.00142662808009166
MAR05306	0.0017333433966354546
MAR05309	0.0014754533232929261
MAR05312	0.0023923892775402755
MAR05321	0.0006934494529048477
MAR05325	0.00749955454686122
MAR05327	0.00142662808009166
MAR05329	0.00749955454686122
MAR05331	0.00142662808009166
MAR05334	0.00013414239593175555
MAR05341	3.8992591605744e-05
MAR05343	0.00749955454686122
MAR05345	0.00749955454686122
MAR05350	0.00142662808009166
MAR05355	0.00749955454686122
MAR05357	0.00749955454686122
MAR05359	0.00749955454686122
MAR05360	0.00749955454686122
MAR05364	0.0008738040910973287
MAR05365	0.00749955454686122
MAR05366	0.00142662808009166
MAR05367	0.0017333433966354546
MAR05368	0.0014754533232929261
MAR05369	0.00749955454686122
MAR05370	0.0017333433966354546
MAR05371	0.00749955454686122
MAR05372	0.00142662808009166
MAR05373	0.00749955454686122
MAR05374	0.00142662808009166
MAR05375	0.0008738040910973287
MAR05376	0.00749955454686122
MAR05377	0.00142662808009166
MAR05378	0.00749955454686122
MAR05379	0.0008738040910973287
MAR05380	0.004463099911056798
MAR05382	0.00142662808009166
MAR05383	0.0017333433966354546
MAR05402	0.0014754533232929261
MAR05403	0.00749955454686122
MAR05404	0.0023923892775402755
MAR05405	0.0006934494529048477
MAR05408	0.004463099911056798
MAR05410	0.0017333433966354546
MAR05412	0.0023923892775402755
MAR05421	0.00142662808009166
MAR05425	3.8992591605744e-05
MAR05427	3.8992591605744e-05
MAR05428	0.00142662808009166
MAR05431	0.00142662808009166
MAR05456	0.002106543691908336
MAR05988	0.012621316076293352
MAR05991	0.002106543691908336
MAR05999	0.0004446584198549688
MAR06278	0.002106543691908336
MAR06280	0.0008738040910973287
MAR06281	0.0017333433966354546
MAR06282	0.0014754533232929261
MAR06284	0.00142662808009166
MAR06285	0.00142662808009166
MAR06319	0.012621316076293352
MAR06320	0.012621316076293352
MAR06322	0.00142662808009166
MAR06344	0.00142662808009166
MAR06345	0.00142662808009166
MAR06346	9.858754595081572e-05
MAR06347	0.012621316076293352
MAR06348	3.8992591605744e-05
MAR06349	0.009242668090335308
MAR06350	0.009242668090335308
MAR06376	0.009242668090335308
MAR06378	0.0011587537125328704
MAR06390	0.0023923892775402755
MAR06407	0.012621316076293352
MAR06418	0.0017333433966354546
MAR06437	0.00749955454686122
MAR06449	0.00749955454686122
MAR06452	0.00749955454686122
MAR06483	0.0008738040910973287
MAR06485	0.0034139963875261447
MAR06487	0.0034139963875261447
MAR06489	0.0034139963875261447
MAR06491	0.0034139963875261447
MAR06493	0.0034139963875261447
MAR06498	9.858754595081572e-05
MAR06499	0.0034139963875261447
MAR06502	0.0034139963875261447
MAR06503	0.0034139963875261447
MAR06528	0.0034139963875261447
MAR06538	0.0034139963875261447
MAR06586	0.0034139963875261447
MAR06593	0.0034139963875261447
MAR06596	0.001773216393153208
MAR06597	0.001773216393153208
MAR06598	0.002106543691908336
MAR06599	0.0019395509112199725
MAR06600	0.0002362215483252622
MAR06604	0.004182140406196268
MAR06688	0.0034139963875261447
MAR06689	0.0019395509112199725
MAR06696	0.002106543691908336
MAR06698	0.0002362215483252622
MAR06724	9.858754595081572e-05
MAR06769	9.858754595081572e-05
MAR06773	9.858754595081572e-05
MAR06775	0.0011114349681442274
MAR06777	0.000654518330986825
MAR06779	0.0011114349681442274
MAR06804	9.858754595081572e-05
MAR06805	9.858754595081572e-05
MAR06809	0.0017314241715580215
MAR06810	0.000654518330986825
MAR06812	0.001773216393153208
MAR06816	0.001773216393153208
MAR06821	9.858754595081572e-05
MAR06825	0.0019395509112199725
MAR06832	0.0017314241715580215
MAR06833	9.858754595081572e-05
MAR06846	9.858754595081572e-05
MAR06847	0.0017314241715580215
MAR06852	0.000654518330986825
MAR06859	0.0085769840233653
MAR06860	3.8800361618322676e-05
MAR06861	0.0011328647811981714
MAR06862	3.80118259440596e-05
MAR06863	0.0085769840233653
MAR06864	0.0006730357840881034
MAR06865	3.728206335263105e-05
MAR06866	0.0014070258287455202
MAR06867	9.858754595081572e-05
MAR06868	9.858754595081572e-05
MAR06869	9.858754595081572e-05
MAR06870	9.858754595081572e-05
MAR06871	3.80118259440596e-05
MAR06872	0.0014561556683968249
MAR06873	9.858754595081572e-05
MAR06884	4.863853957198435e-05
MAR06887	4.3006207629777034e-05
MAR06891	3.8460024365156446e-05
MAR06892	3.8460024365156446e-05
MAR06893	0.00021100900235371405
MAR06896	3.728206335263105e-05
MAR06897	0.0085769840233653
MAR06898	0.0011328647811981714
MAR06899	3.80118259440596e-05
MAR06900	3.80118259440596e-05
MAR06913	3.80118259440596e-05
MAR06915	0.00326700172517002
MAR06917	3.80118259440596e-05
MAR06919	9.858754595081572e-05
MAR06920	9.858754595081572e-05
MAR06922	9.858754595081572e-05
MAR07101	0.0014561556683968249
MAR07102	0.0085769840233653
MAR07105	0.0085769840233653
MAR07107	3.728206335263105e-05
MAR07148	3.80118259440596e-05
MAR07149	0.004492835642928535
MAR07150	3.80118259440596e-05
MAR07151	0.0085769840233653
MAR07152	0.004182140406196268
MAR07153	0.0085769840233653
MAR07154	4.2255734355083e-05
MAR07155	3.728206335263105e-05
MAR07156	0.004182140406196268
MAR07157	0.004182140406196268
MAR07158	9.858754595081572e-05
MAR07159	9.858754595081572e-05
MAR07176	9.858754595081572e-05
MAR07177	9.858754595081572e-05
MAR07178	3.728206335263105e-05
MAR07179	3.728206335263105e-05
MAR07189	0.0085769840233653
MAR07190	3.728206335263105e-05
MAR07192	3.80118259440596e-05
MAR07193	0.005175854722205735
MAR07194	3.8800361618322676e-05
MAR07195	9.858754595081572e-05
MAR07255	9.858754595081572e-05
MAR07439	9.858754595081572e-05
MAR07589	0.0014070258287455202
MAR07592	9.858754595081572e-05
MAR07593	3.728206335263105e-05
MAR07595	3.728206335263105e-05
MAR07657	3.728206335263105e-05
MAR07658	0.00036494509982845153
MAR07659	9.858754595081572e-05
MAR07750	9.858754595081572e-05
MAR07751	9.858754595081572e-05
MAR07752	9.858754595081572e-05
MAR07753	0.00040391450210942073
MAR07754	9.858754595081572e-05
MAR07803	9.858754595081572e-05
MAR07805	9.858754595081572e-05
MAR07807	9.858754595081572e-05
MAR07809	9.858754595081572e-05
MAR07811	0.00040391450210942073
MAR07813	3.728206335263105e-05
MAR07817	9.858754595081572e-05
MAR07819	9.858754595081572e-05
MAR07821	9.858754595081572e-05
MAR08111	9.858754595081572e-05
MAR08204	9.858754595081572e-05
MAR08218	0.00771448606154231
MAR08274	0.0016043575684437522
MAR08301	0.0006117128944627454
MAR08386	9.858754595081572e-05
MAR08400	9.858754595081572e-05
MAR08422	9.858754595081572e-05
MAR08423	9.858754595081572e-05
MAR08644	9.858754595081572e-05
MAR08646	9.858754595081572e-05
MAR08647	9.858754595081572e-05
MAR08649	9.858754595081572e-05
MAR08650	9.858754595081572e-05
MAR08701	9.858754595081572e-05
MAR08705	9.858754595081572e-05
MAR08707	9.858754595081572e-05
MAR08708	9.858754595081572e-05
MAR08832	9.858754595081572e-05
MAR08916	9.858754595081572e-05
MAR08948	9.858754595081572e-05
MAR08949	9.858754595081572e-05
MAR08950	9.858754595081572e-05
MAR08951	9.858754595081572e-05
MAR08952	9.858754595081572e-05
MAR08953	9.858754595081572e-05
MAR08954	9.858754595081572e-05
MAR08955	9.858754595081572e-05
MAR08956	9.858754595081572e-05
MAR08957	9.858754595081572e-05
MAR08958	9.858754595081572e-05
MAR08959	9.858754595081572e-05
MAR08960	9.858754595081572e-05
MAR08961	9.858754595081572e-05
MAR08962	9.858754595081572e-05
MAR08963	9.858754595081572e-05
MAR08964	9.858754595081572e-05
MAR08965	9.858754595081572e-05
MAR08966	9.858754595081572e-05
MAR08967	9.858754595081572e-05
MAR08968	0.00041234635669964726
MAR08969	3.728206335263105e-05
MAR08970	9.858754595081572e-05
MAR08971	0.008279140548866908
MAR08972	0.00040391450210942073
MAR08974	9.858754595081572e-05
MAR08975	9.858754595081572e-05
MAR08976	9.858754595081572e-05
MAR08977	9.858754595081572e-05
MAR08978	9.858754595081572e-05
MAR08979	9.858754595081572e-05
MAR08980	9.858754595081572e-05
MAR08981	9.858754595081572e-05
MAR08982	9.858754595081572e-05
MAR08983	9.858754595081572e-05
MAR08984	9.858754595081572e-05
MAR08986	9.858754595081572e-05
MAR08987	9.858754595081572e-05
MAR08988	9.858754595081572e-05
MAR08989	9.858754595081572e-05
MAR08991	9.858754595081572e-05
MAR08993	9.858754595081572e-05
MAR08994	9.858754595081572e-05
MAR08995	9.858754595081572e-05
MAR08996	9.858754595081572e-05
MAR08997	9.858754595081572e-05
MAR08998	9.858754595081572e-05
MAR08999	9.858754595081572e-05
MAR09000	9.858754595081572e-05
MAR09001	9.858754595081572e-05
MAR09002	9.858754595081572e-05
MAR09003	9.858754595081572e-05
MAR09004	9.858754595081572e-05
MAR09005	9.858754595081572e-05
MAR09006	9.858754595081572e-05
MAR09007	9.858754595081572e-05
MAR09008	9.858754595081572e-05
MAR09009	9.858754595081572e-05
MAR09010	9.858754595081572e-05
MAR09011	9.858754595081572e-05
MAR09012	9.858754595081572e-05
MAR09013	9.858754595081572e-05
MAR09021	9.858754595081572e-05
MAR09025	9.858754595081572e-05
MAR09026	9.858754595081572e-05
MAR09027	9.858754595081572e-05
MAR09028	9.858754595081572e-05
MAR09029	9.858754595081572e-05
MAR09030	9.858754595081572e-05
MAR09031	3.728206335263105e-05
MAR09057	9.858754595081572e-05
MAR09059	3.728206335263105e-05
MAR09060	9.858754595081572e-05
MAR09112	9.858754595081572e-05
MAR09170	9.858754595081572e-05
MAR09186	9.858754595081572e-05
MAR09274	0.0006829932169012396
MAR09402	0.0033083320823194713
MAR09403	0.0006829932169012396
MAR09459	9.858754595081572e-05
MAR09526	9.858754595081572e-05
MAR09533	9.858754595081572e-05
MAR09576	3.728206335263105e-05
MAR09589	9.858754595081572e-05
MAR09723	9.858754595081572e-05
MAR09736	0.006361782362284913
MAR09819	3.728206335263105e-05
MAR09820	9.858754595081572e-05
MAR09821	9.858754595081572e-05
MAR09822	9.858754595081572e-05
MAR09823	9.858754595081572e-05
MAR09824	9.858754595081572e-05
MAR09825	9.858754595081572e-05
MAR09826	9.858754595081572e-05
MAR09827	9.858754595081572e-05
MAR09828	9.858754595081572e-05
MAR09829	9.858754595081572e-05
MAR09830	9.858754595081572e-05
MAR09831	9.858754595081572e-05
MAR09832	9.858754595081572e-05
MAR09833	9.858754595081572e-05
MAR09834	9.858754595081572e-05
MAR09835	9.858754595081572e-05
MAR09836	9.858754595081572e-05
MAR09837	9.858754595081572e-05
MAR09838	9.858754595081572e-05
MAR09839	9.858754595081572e-05
MAR09840	9.858754595081572e-05
MAR09841	9.858754595081572e-05
MAR09842	9.858754595081572e-05
MAR09843	9.858754595081572e-05
MAR09844	9.858754595081572e-05
MAR09845	9.858754595081572e-05
MAR09846	9.858754595081572e-05
MAR09847	9.858754595081572e-05
MAR09848	9.858754595081572e-05
MAR09849	9.858754595081572e-05
MAR09850	9.858754595081572e-05
MAR09851	9.858754595081572e-05
MAR09852	9.858754595081572e-05
MAR09853	9.858754595081572e-05
MAR09854	9.858754595081572e-05
MAR09855	9.858754595081572e-05
MAR09856	9.858754595081572e-05
MAR09857	9.858754595081572e-05
MAR09858	9.858754595081572e-05
MAR09859	9.858754595081572e-05
MAR09860	9.858754595081572e-05
MAR09861	9.858754595081572e-05
MAR09862	9.858754595081572e-05
MAR09863	9.858754595081572e-05
MAR09864	9.858754595081572e-05
MAR09865	9.858754595081572e-05
MAR09866	9.858754595081572e-05
MAR09867	9.858754595081572e-05
MAR09868	9.858754595081572e-05
MAR09869	3.8800361618322676e-05
MAR09870	0.004182140406196268
MAR09871	3.8800361618322676e-05
MAR09872	3.8800361618322676e-05
MAR09873	3.786145060556951e-05
MAR09874	3.728206335263105e-05
MAR09875	3.728206335263105e-05
MAR09876	3.8800361618322676e-05
MAR09877	4.357473539977279e-05
MAR09878	0.00014352431003584318
MAR09879	5.179823830292554e-05
MAR09880	4.357473539977279e-05
MAR09881	5.179823830292554e-05
MAR09882	0.002675318211529951
MAR09883	3.728206335263105e-05
MAR09884	3.831126286649256e-05
MAR09885	3.728206335263105e-05
MAR09886	3.786145060556951e-05
MAR09888	3.8800361618322676e-05
MAR09889	8.837687463265571e-05
MAR09890	0.00022204233599092235
MAR09891	3.8800361618322676e-05
MAR09892	3.8800361618322676e-05
MAR09893	5.179823830292554e-05
MAR09894	0.00030130946015629695
MAR09895	3.8800361618322676e-05
MAR09896	3.728206335263105e-05
MAR09897	0.00016215380434412123
MAR09898	3.8800361618322676e-05
MAR09899	0.00018133333861299866
MAR09900	3.728206335263105e-05
MAR09901	0.00036494509982845153
MAR09902	3.728206335263105e-05
MAR09903	4.2353257614533505e-05
MAR09904	3.8800361618322676e-05
MAR09905	0.00014352431003584318
MAR09906	5.179823830292554e-05
MAR09907	3.8800361618322676e-05
MAR09908	3.8800361618322676e-05
MAR09909	3.8800361618322676e-05
MAR09910	0.004369725025508414
MAR09911	9.858754595081572e-05
MAR09912	0.00020508829467750993
MAR09913	0.00020508829467750993
MAR09914	0.00020508829467750993
MAR09915	0.00020508829467750993
MAR09916	0.00020508829467750993
MAR09917	0.00020508829467750993
MAR09918	0.00020508829467750993
MAR09919	9.858754595081572e-05
MAR09920	9.858754595081572e-05
MAR09921	9.858754595081572e-05
MAR09922	9.858754595081572e-05
MAR09923	9.858754595081572e-05
MAR09924	9.858754595081572e-05
MAR09925	9.858754595081572e-05
MAR09926	9.858754595081572e-05
MAR09927	9.858754595081572e-05
MAR09928	9.858754595081572e-05
MAR09929	9.858754595081572e-05
MAR09930	9.858754595081572e-05
MAR09931	9.858754595081572e-05
MAR09932	9.858754595081572e-05
MAR09933	9.858754595081572e-05
MAR09934	3.8388652156830775e-05
MAR09935	9.858754595081572e-05
MAR09936	9.858754595081572e-05
MAR09937	6.04287666340996e-05
MAR09938	0.0029175686085604253
MAR09939	9.858754595081572e-05
MAR09940	9.858754595081572e-05
MAR09941	9.858754595081572e-05
MAR09942	0.00762995585464111
MAR09943	0.00762995585464111
MAR09944	0.00762995585464111
MAR09945	0.00762995585464111
MAR09946	0.00762995585464111
MAR09947	0.00762995585464111
MAR09948	9.858754595081572e-05
MAR09950	9.858754595081572e-05
MAR09951	0.0004599994815409351
MAR09952	9.858754595081572e-05
MAR09953	9.858754595081572e-05
MAR09954	9.858754595081572e-05
MAR09955	9.858754595081572e-05
MAR09956	9.858754595081572e-05
MAR09957	9.858754595081572e-05
MAR09958	9.858754595081572e-05
MAR09959	9.858754595081572e-05
MAR09960	9.858754595081572e-05
MAR09961	9.858754595081572e-05
MAR09962	9.858754595081572e-05
MAR09963	9.858754595081572e-05
MAR09964	9.858754595081572e-05
MAR09965	9.858754595081572e-05
MAR09966	9.858754595081572e-05
MAR09967	9.858754595081572e-05
MAR09968	9.858754595081572e-05
MAR09969	9.858754595081572e-05
MAR09970	9.858754595081572e-05
MAR09971	9.858754595081572e-05
MAR09972	9.858754595081572e-05
MAR09973	9.858754595081572e-05
MAR09974	9.858754595081572e-05
MAR09975	9.858754595081572e-05
MAR09976	9.858754595081572e-05
MAR09977	9.858754595081572e-05
MAR09978	9.858754595081572e-05
MAR09979	9.858754595081572e-05
MAR09980	9.858754595081572e-05
MAR09981	9.858754595081572e-05
MAR09982	9.858754595081572e-05
MAR09983	9.858754595081572e-05
MAR09984	9.858754595081572e-05
MAR09985	3.80118259440596e-05
MAR09986	9.858754595081572e-05
MAR09987	9.858754595081572e-05
MAR09988	9.858754595081572e-05
MAR09989	9.858754595081572e-05
MAR09990	9.858754595081572e-05
MAR09991	9.858754595081572e-05
MAR09992	9.858754595081572e-05
MAR09993	9.858754595081572e-05
MAR09994	9.858754595081572e-05
MAR09995	9.858754595081572e-05
MAR09996	9.858754595081572e-05
MAR09997	9.858754595081572e-05
MAR09998	9.858754595081572e-05
MAR09999	9.858754595081572e-05
MAR10000	9.858754595081572e-05
MAR10001	9.858754595081572e-05
MAR10002	9.858754595081572e-05
MAR10003	9.858754595081572e-05
MAR10004	9.858754595081572e-05
MAR10005	9.858754595081572e-05
MAR10006	9.858754595081572e-05
MAR10007	9.858754595081572e-05
MAR10008	9.683424200515478e-05
MAR10009	9.858754595081572e-05
MAR10010	0.0008105333049796499
MAR10011	5.1849070780614454e-05
MAR10012	9.858754595081572e-05
MAR10013	9.858754595081572e-05
MAR10014	0.0008105333049796499
MAR10015	9.858754595081572e-05
MAR10016	9.858754595081572e-05
MAR10017	9.858754595081572e-05
MAR10018	9.858754595081572e-05
MAR10019	9.858754595081572e-05
MAR10020	0.0008105333049796499
MAR10021	9.858754595081572e-05
MAR10022	9.858754595081572e-05
MAR10032	9.858754595081572e-05
MAR10133	9.858754595081572e-05
MAR10134	9.858754595081572e-05
MAR10135	9.858754595081572e-05
MAR10136	9.858754595081572e-05
MAR10137	9.858754595081572e-05
MAR10138	9.858754595081572e-05
MAR10139	9.858754595081572e-05
MAR10140	9.858754595081572e-05
MAR10141	9.858754595081572e-05
MAR10142	9.858754595081572e-05
MAR10143	9.858754595081572e-05
MAR10144	9.858754595081572e-05
MAR10145	9.858754595081572e-05
MAR10146	9.858754595081572e-05
MAR10147	9.858754595081572e-05
MAR10148	9.858754595081572e-05
MAR10149	9.858754595081572e-05
MAR10150	9.858754595081572e-05
MAR10151	9.858754595081572e-05
MAR10152	9.858754595081572e-05
MAR10153	9.858754595081572e-05
MAR10154	9.858754595081572e-05
MAR10155	0.0008105333049796499
MAR10156	9.858754595081572e-05
MAR10157	9.858754595081572e-05
MAR10158	9.858754595081572e-05
MAR10159	9.858754595081572e-05
MAR10160	9.858754595081572e-05
MAR10161	9.858754595081572e-05
MAR10162	9.858754595081572e-05
MAR10163	9.858754595081572e-05
MAR10165	9.858754595081572e-05
MAR10166	9.858754595081572e-05
MAR10167	9.858754595081572e-05
MAR10168	9.858754595081572e-05
MAR10169	9.858754595081572e-05
MAR10170	9.858754595081572e-05
MAR10171	9.858754595081572e-05
MAR10172	9.858754595081572e-05
MAR10173	9.858754595081572e-05
MAR10174	9.858754595081572e-05
MAR10175	9.858754595081572e-05
MAR10176	9.858754595081572e-05
MAR10177	9.858754595081572e-05
MAR10178	9.858754595081572e-05
MAR10179	9.858754595081572e-05
MAR10180	9.858754595081572e-05
MAR10181	9.858754595081572e-05
MAR10182	9.858754595081572e-05
MAR10183	9.858754595081572e-05
MAR10184	9.858754595081572e-05
MAR10185	9.858754595081572e-05
MAR10186	9.858754595081572e-05
MAR10187	9.858754595081572e-05
MAR10188	9.858754595081572e-05
MAR10189	9.858754595081572e-05
MAR10190	9.858754595081572e-05
MAR10191	9.858754595081572e-05
MAR10192	9.858754595081572e-05
MAR10193	9.858754595081572e-05
MAR10194	9.858754595081572e-05
MAR10195	9.858754595081572e-05
MAR10196	9.858754595081572e-05
MAR10197	9.858754595081572e-05
MAR10198	9.858754595081572e-05
MAR10199	9.858754595081572e-05
MAR10200	9.858754595081572e-05
MAR10201	9.858754595081572e-05
MAR10202	9.858754595081572e-05
MAR10203	9.858754595081572e-05
MAR10204	9.858754595081572e-05
MAR10205	9.858754595081572e-05
MAR10206	9.858754595081572e-05
MAR10207	9.858754595081572e-05
MAR10208	9.858754595081572e-05
MAR10209	9.858754595081572e-05
MAR10210	9.858754595081572e-05
MAR10211	9.858754595081572e-05
MAR10212	9.858754595081572e-05
MAR10213	9.858754595081572e-05
MAR10214	9.858754595081572e-05
MAR10215	9.858754595081572e-05
MAR10216	9.858754595081572e-05
MAR10217	9.858754595081572e-05
MAR10218	9.858754595081572e-05
MAR10219	9.858754595081572e-05
MAR10220	9.858754595081572e-05
MAR10221	9.858754595081572e-05
MAR10222	9.858754595081572e-05
MAR10223	9.858754595081572e-05
MAR10224	9.858754595081572e-05
MAR10225	9.858754595081572e-05
MAR10226	9.858754595081572e-05
MAR10227	9.858754595081572e-05
MAR10228	9.858754595081572e-05
MAR10229	9.858754595081572e-05
MAR10230	9.858754595081572e-05
MAR10231	9.858754595081572e-05
MAR10232	9.858754595081572e-05
MAR10233	9.858754595081572e-05
MAR10234	9.858754595081572e-05
MAR10235	9.858754595081572e-05
MAR10236	9.858754595081572e-05
MAR10237	9.858754595081572e-05
MAR10238	9.858754595081572e-05
MAR10239	9.858754595081572e-05
MAR10240	9.858754595081572e-05
MAR10241	9.858754595081572e-05
MAR10242	9.858754595081572e-05
MAR10243	9.858754595081572e-05
MAR10244	9.858754595081572e-05
MAR10245	9.858754595081572e-05
MAR10246	9.858754595081572e-05
MAR10247	9.858754595081572e-05
MAR10248	9.858754595081572e-05
MAR10249	9.858754595081572e-05
MAR10250	9.858754595081572e-05
MAR10251	9.858754595081572e-05
MAR10252	9.858754595081572e-05
MAR10253	9.858754595081572e-05
MAR10254	9.858754595081572e-05
MAR10255	9.858754595081572e-05
MAR10256	9.858754595081572e-05
MAR10257	9.858754595081572e-05
MAR10258	9.858754595081572e-05
MAR10259	9.858754595081572e-05
MAR10260	9.858754595081572e-05
MAR10261	9.858754595081572e-05
MAR10262	9.858754595081572e-05
MAR10263	9.858754595081572e-05
MAR10264	9.858754595081572e-05
MAR10265	9.858754595081572e-05
MAR10266	9.858754595081572e-05
MAR10267	9.858754595081572e-05
MAR10268	9.858754595081572e-05
MAR10269	9.858754595081572e-05
MAR10270	9.858754595081572e-05
MAR10271	9.858754595081572e-05
MAR10272	9.858754595081572e-05
MAR10273	9.858754595081572e-05
MAR10274	9.858754595081572e-05
MAR10275	9.858754595081572e-05
MAR10276	9.858754595081572e-05
MAR10277	9.858754595081572e-05
MAR10278	9.858754595081572e-05
MAR10279	9.858754595081572e-05
MAR10280	9.858754595081572e-05
MAR10281	9.858754595081572e-05
MAR10282	9.858754595081572e-05
MAR10283	9.858754595081572e-05
MAR10284	9.858754595081572e-05
MAR10285	9.858754595081572e-05
MAR10286	9.858754595081572e-05
MAR10287	9.858754595081572e-05
MAR10288	9.858754595081572e-05
MAR10289	9.858754595081572e-05
MAR10290	9.858754595081572e-05
MAR10291	9.858754595081572e-05
MAR10292	9.858754595081572e-05
MAR10293	9.858754595081572e-05
MAR10294	9.858754595081572e-05
MAR10295	9.858754595081572e-05
MAR10296	9.858754595081572e-05
MAR10297	9.858754595081572e-05
MAR10298	9.858754595081572e-05
MAR10299	9.858754595081572e-05
MAR10300	9.858754595081572e-05
MAR10301	9.858754595081572e-05
MAR10302	9.858754595081572e-05
MAR10303	9.858754595081572e-05
MAR10304	9.858754595081572e-05
MAR10305	9.858754595081572e-05
MAR10306	9.858754595081572e-05
MAR10307	9.858754595081572e-05
MAR10308	9.858754595081572e-05
MAR10309	9.858754595081572e-05
MAR10310	9.858754595081572e-05
MAR10311	9.858754595081572e-05
MAR10312	9.858754595081572e-05
MAR10313	9.858754595081572e-05
MAR10314	9.858754595081572e-05
MAR10315	9.858754595081572e-05
MAR10316	9.858754595081572e-05
MAR10317	9.858754595081572e-05
MAR10318	9.858754595081572e-05
MAR10319	9.858754595081572e-05
MAR10320	9.858754595081572e-05
MAR10321	9.858754595081572e-05
MAR10322	9.858754595081572e-05
MAR10323	9.858754595081572e-05
MAR10324	9.858754595081572e-05
MAR10325	9.858754595081572e-05
MAR10326	9.858754595081572e-05
MAR10327	9.858754595081572e-05
MAR10328	9.858754595081572e-05
MAR10329	9.858754595081572e-05
MAR10330	9.858754595081572e-05
MAR10331	9.858754595081572e-05
MAR10332	9.858754595081572e-05
MAR10333	9.858754595081572e-05
MAR10334	9.858754595081572e-05
MAR10335	9.858754595081572e-05
MAR10336	9.858754595081572e-05
MAR10337	9.858754595081572e-05
MAR10338	9.858754595081572e-05
MAR10339	9.858754595081572e-05
MAR10340	9.858754595081572e-05
MAR10341	9.858754595081572e-05
MAR10342	9.858754595081572e-05
MAR10343	9.858754595081572e-05
MAR10344	9.858754595081572e-05
MAR10345	9.858754595081572e-05
MAR10346	9.858754595081572e-05
MAR10347	9.858754595081572e-05
MAR10348	9.858754595081572e-05
MAR10349	9.858754595081572e-05
MAR10350	9.858754595081572e-05
MAR10351	9.858754595081572e-05
MAR10352	9.858754595081572e-05
MAR10353	9.858754595081572e-05
MAR10354	9.858754595081572e-05
MAR10355	9.858754595081572e-05
MAR10356	9.858754595081572e-05
MAR10357	9.858754595081572e-05
MAR10358	9.858754595081572e-05
MAR10359	9.858754595081572e-05
MAR10360	9.858754595081572e-05
MAR10361	9.858754595081572e-05
MAR10362	9.858754595081572e-05
MAR10363	9.858754595081572e-05
MAR10364	9.858754595081572e-05
MAR10365	9.858754595081572e-05
MAR10366	9.858754595081572e-05
MAR10367	9.858754595081572e-05
MAR10368	9.858754595081572e-05
MAR10369	9.858754595081572e-05
MAR10370	9.858754595081572e-05
MAR10371	9.858754595081572e-05
MAR10372	9.858754595081572e-05
MAR10373	9.858754595081572e-05
MAR10374	0.002292006427702487
MAR10375	9.858754595081572e-05
MAR10376	9.858754595081572e-05
MAR10377	0.000654518330986825
MAR10378	9.858754595081572e-05
MAR10379	9.858754595081572e-05
MAR10380	9.858754595081572e-05
MAR10381	9.858754595081572e-05
MAR10382	9.858754595081572e-05
MAR10383	9.858754595081572e-05
MAR10384	9.858754595081572e-05
MAR10385	9.858754595081572e-05
MAR10386	9.858754595081572e-05
MAR10387	9.858754595081572e-05
MAR10388	9.858754595081572e-05
MAR10389	9.858754595081572e-05
MAR10390	9.858754595081572e-05
MAR10391	9.858754595081572e-05
MAR10392	9.858754595081572e-05
MAR10393	9.858754595081572e-05
MAR10394	9.858754595081572e-05
MAR10395	9.858754595081572e-05
MAR10396	9.858754595081572e-05
MAR10397	9.858754595081572e-05
MAR10398	9.858754595081572e-05
MAR10399	9.858754595081572e-05
MAR10400	9.858754595081572e-05
MAR10401	9.858754595081572e-05
MAR10402	9.858754595081572e-05
MAR10403	9.858754595081572e-05
MAR10404	9.858754595081572e-05
MAR10405	9.858754595081572e-05
MAR10406	9.858754595081572e-05
MAR10407	9.858754595081572e-05
MAR10408	9.858754595081572e-05
MAR10409	9.858754595081572e-05
MAR10411	9.858754595081572e-05
MAR10412	9.858754595081572e-05
MAR10413	9.858754595081572e-05
MAR10414	9.858754595081572e-05
MAR10415	9.858754595081572e-05
MAR10416	9.858754595081572e-05
MAR10417	9.858754595081572e-05
MAR10418	9.858754595081572e-05
MAR10419	9.858754595081572e-05
MAR10420	9.858754595081572e-05
MAR10421	9.858754595081572e-05
MAR10422	9.858754595081572e-05
MAR10423	9.858754595081572e-05
MAR10424	9.858754595081572e-05
MAR10425	9.858754595081572e-05
MAR10426	9.858754595081572e-05
MAR10427	9.858754595081572e-05
MAR10428	9.858754595081572e-05
MAR10429	9.858754595081572e-05
MAR10430	9.858754595081572e-05
MAR10431	9.858754595081572e-05
MAR10432	9.858754595081572e-05
MAR10434	9.858754595081572e-05
MAR10435	9.858754595081572e-05
MAR10436	9.858754595081572e-05
MAR10437	9.858754595081572e-05
MAR10438	9.858754595081572e-05
MAR10439	9.858754595081572e-05
MAR10440	9.858754595081572e-05
MAR10441	9.858754595081572e-05
MAR10442	9.858754595081572e-05
MAR10443	9.858754595081572e-05
MAR10444	9.858754595081572e-05
MAR10445	3.818211092224567e-05
MAR10446	3.818211092224567e-05
MAR10448	9.858754595081572e-05
MAR10449	9.858754595081572e-05
MAR10450	9.858754595081572e-05
MAR10451	0.0008105333049796499
MAR10452	0.0008105333049796499
MAR10453	0.0008105333049796499
MAR10454	0.0008105333049796499
MAR10455	9.858754595081572e-05
MAR10456	9.858754595081572e-05
MAR10457	9.858754595081572e-05
MAR10458	9.858754595081572e-05
MAR10459	3.728206335263105e-05
MAR10460	3.796882163747572e-05
MAR10461	4.5942101016318514e-05
MAR10462	3.796882163747572e-05
MAR10463	9.858754595081572e-05
MAR10464	3.728206335263105e-05
MAR10465	9.858754595081572e-05
MAR10466	9.858754595081572e-05
MAR10468	9.858754595081572e-05
MAR10470	9.858754595081572e-05
MAR10472	9.858754595081572e-05
MAR10473	9.858754595081572e-05
MAR10474	9.858754595081572e-05
MAR10475	9.858754595081572e-05
MAR10476	9.858754595081572e-05
MAR10477	9.858754595081572e-05
MAR10478	9.858754595081572e-05
MAR10479	9.858754595081572e-05
MAR10480	9.858754595081572e-05
MAR10481	9.858754595081572e-05
MAR10482	9.858754595081572e-05
MAR10483	9.858754595081572e-05
MAR10484	9.858754595081572e-05
MAR10485	9.858754595081572e-05
MAR10486	9.858754595081572e-05
MAR10487	9.858754595081572e-05
MAR10488	9.858754595081572e-05
MAR10489	9.858754595081572e-05
MAR10490	9.858754595081572e-05
MAR10491	9.858754595081572e-05
MAR10492	9.858754595081572e-05
MAR10493	9.858754595081572e-05
MAR10494	9.858754595081572e-05
MAR10495	9.858754595081572e-05
MAR10496	9.858754595081572e-05
MAR10497	9.858754595081572e-05
MAR10498	9.858754595081572e-05
MAR10499	9.858754595081572e-05
MAR10500	9.858754595081572e-05
MAR10501	9.858754595081572e-05
MAR10502	9.858754595081572e-05
MAR10503	9.858754595081572e-05
MAR10504	9.858754595081572e-05
MAR10505	9.858754595081572e-05
MAR10506	9.858754595081572e-05
MAR10507	9.858754595081572e-05
MAR10508	9.858754595081572e-05
MAR10509	9.858754595081572e-05
MAR10510	9.858754595081572e-05
MAR10511	9.858754595081572e-05
MAR10512	9.858754595081572e-05
MAR10513	9.858754595081572e-05
MAR10514	9.858754595081572e-05
MAR10515	9.858754595081572e-05
MAR10516	9.858754595081572e-05
MAR10517	9.858754595081572e-05
MAR10518	9.858754595081572e-05
MAR10519	9.858754595081572e-05
MAR10520	9.858754595081572e-05
MAR10521	9.858754595081572e-05
MAR10522	9.858754595081572e-05
MAR10523	9.858754595081572e-05
MAR10524	9.858754595081572e-05
MAR10525	9.858754595081572e-05
MAR10526	9.858754595081572e-05
MAR10527	9.858754595081572e-05
MAR10528	9.858754595081572e-05
MAR10529	9.858754595081572e-05
MAR10530	9.858754595081572e-05
MAR10531	9.858754595081572e-05
MAR10532	9.858754595081572e-05
MAR10533	9.858754595081572e-05
MAR10534	9.858754595081572e-05
MAR10535	9.858754595081572e-05
MAR10536	9.858754595081572e-05
MAR10537	9.858754595081572e-05
MAR10538	9.858754595081572e-05
MAR10539	9.858754595081572e-05
MAR10540	9.858754595081572e-05
MAR10541	9.858754595081572e-05
MAR10542	9.858754595081572e-05
MAR10543	9.858754595081572e-05
MAR10544	9.858754595081572e-05
MAR10545	9.858754595081572e-05
MAR10546	9.858754595081572e-05
MAR10547	9.858754595081572e-05
MAR10548	9.858754595081572e-05
MAR10549	9.858754595081572e-05
MAR10550	9.858754595081572e-05
MAR10551	9.858754595081572e-05
MAR10552	9.858754595081572e-05
MAR10553	9.858754595081572e-05
MAR10554	9.858754595081572e-05
MAR10555	9.858754595081572e-05
MAR10556	9.858754595081572e-05
MAR10557	9.858754595081572e-05
MAR10558	9.858754595081572e-05
MAR10559	9.858754595081572e-05
MAR10560	9.858754595081572e-05
MAR10561	9.858754595081572e-05
MAR10562	9.858754595081572e-05
MAR10563	9.858754595081572e-05
MAR10564	9.858754595081572e-05
MAR10565	9.858754595081572e-05
MAR10566	9.858754595081572e-05
MAR10567	9.858754595081572e-05
MAR10568	9.858754595081572e-05
MAR10569	9.858754595081572e-05
MAR10570	9.858754595081572e-05
MAR10571	9.858754595081572e-05
MAR10572	9.858754595081572e-05
MAR10573	9.858754595081572e-05
MAR10574	9.858754595081572e-05
MAR10575	9.858754595081572e-05
MAR10576	9.858754595081572e-05
MAR10577	9.858754595081572e-05
MAR10578	9.858754595081572e-05
MAR10579	9.858754595081572e-05
MAR10580	9.858754595081572e-05
MAR10581	9.858754595081572e-05
MAR10582	9.858754595081572e-05
MAR10583	9.858754595081572e-05
MAR10584	9.858754595081572e-05
MAR10585	9.858754595081572e-05
MAR10586	9.858754595081572e-05
MAR10587	9.858754595081572e-05
MAR10588	9.858754595081572e-05
MAR10589	9.858754595081572e-05
MAR10590	9.858754595081572e-05
MAR10591	9.858754595081572e-05
MAR10592	9.858754595081572e-05
MAR10593	9.858754595081572e-05
MAR10594	9.858754595081572e-05
MAR10595	9.858754595081572e-05
MAR10596	9.858754595081572e-05
MAR10597	9.858754595081572e-05
MAR10598	9.858754595081572e-05
MAR10599	9.858754595081572e-05
MAR10600	9.858754595081572e-05
MAR10601	9.858754595081572e-05
MAR10602	9.858754595081572e-05
MAR10603	9.858754595081572e-05
MAR10604	9.858754595081572e-05
MAR10605	9.858754595081572e-05
MAR10606	9.858754595081572e-05
MAR10607	9.858754595081572e-05
MAR10608	9.858754595081572e-05
MAR10609	9.858754595081572e-05
MAR10610	9.858754595081572e-05
MAR10611	9.858754595081572e-05
MAR10612	9.858754595081572e-05
MAR10613	9.858754595081572e-05
MAR10614	9.858754595081572e-05
MAR10615	9.858754595081572e-05
MAR10616	9.858754595081572e-05
MAR10617	9.858754595081572e-05
MAR10618	9.858754595081572e-05
MAR10619	9.858754595081572e-05
MAR10620	9.858754595081572e-05
MAR10621	9.858754595081572e-05
MAR10622	9.858754595081572e-05
MAR10623	9.858754595081572e-05
MAR10624	9.858754595081572e-05
MAR10625	9.858754595081572e-05
MAR10626	9.858754595081572e-05
MAR10627	9.858754595081572e-05
MAR10628	9.858754595081572e-05
MAR10629	9.858754595081572e-05
MAR10630	9.858754595081572e-05
MAR10631	9.858754595081572e-05
MAR10632	9.858754595081572e-05
MAR10633	9.858754595081572e-05
MAR10634	9.858754595081572e-05
MAR10635	9.858754595081572e-05
MAR10636	9.858754595081572e-05
MAR10637	9.858754595081572e-05
MAR10638	9.858754595081572e-05
MAR10639	9.858754595081572e-05
MAR10640	9.858754595081572e-05
MAR10641	9.858754595081572e-05
MAR10642	9.858754595081572e-05
MAR10643	9.858754595081572e-05
MAR10644	9.858754595081572e-05
MAR10645	9.858754595081572e-05
MAR10646	9.858754595081572e-05
MAR10647	9.858754595081572e-05
MAR10648	9.858754595081572e-05
MAR10649	9.858754595081572e-05
MAR10650	9.858754595081572e-05
MAR10651	9.858754595081572e-05
MAR10652	9.858754595081572e-05
MAR10653	9.858754595081572e-05
MAR10654	9.858754595081572e-05
MAR10655	9.858754595081572e-05
MAR10656	9.858754595081572e-05
MAR10657	9.858754595081572e-05
MAR10658	9.858754595081572e-05
MAR10659	9.858754595081572e-05
MAR10660	9.858754595081572e-05
MAR10661	9.858754595081572e-05
MAR10662	9.858754595081572e-05
MAR10663	9.858754595081572e-05
MAR10664	9.858754595081572e-05
MAR10665	9.858754595081572e-05
MAR10666	9.858754595081572e-05
MAR10667	9.858754595081572e-05
MAR10668	9.858754595081572e-05
MAR10669	9.858754595081572e-05
MAR10670	9.858754595081572e-05
MAR10671	9.858754595081572e-05
MAR10672	9.858754595081572e-05
MAR10673	9.858754595081572e-05
MAR10674	9.858754595081572e-05
MAR10675	9.858754595081572e-05
MAR10676	9.858754595081572e-05
MAR10677	9.858754595081572e-05
MAR10678	9.858754595081572e-05
MAR10679	9.858754595081572e-05
MAR10680	9.858754595081572e-05
MAR10681	9.858754595081572e-05
MAR10682	9.858754595081572e-05
MAR10683	9.858754595081572e-05
MAR10684	9.858754595081572e-05
MAR10685	9.858754595081572e-05
MAR10686	9.858754595081572e-05
MAR10687	9.858754595081572e-05
MAR10688	9.858754595081572e-05
MAR10689	9.858754595081572e-05
MAR10690	9.858754595081572e-05
MAR10691	9.858754595081572e-05
MAR10692	9.858754595081572e-05
MAR10693	9.858754595081572e-05
MAR10694	9.858754595081572e-05
MAR10695	9.858754595081572e-05
MAR10696	9.858754595081572e-05
MAR10697	9.858754595081572e-05
MAR10698	9.858754595081572e-05
MAR10699	9.858754595081572e-05
MAR10700	9.858754595081572e-05
MAR10701	9.858754595081572e-05
MAR10702	9.858754595081572e-05
MAR10703	9.858754595081572e-05
MAR10704	9.858754595081572e-05
MAR10705	9.858754595081572e-05
MAR10706	9.858754595081572e-05
MAR10707	9.858754595081572e-05
MAR10708	9.858754595081572e-05
MAR10709	9.858754595081572e-05
MAR10710	9.858754595081572e-05
MAR10711	9.858754595081572e-05
MAR10712	9.858754595081572e-05
MAR10713	9.858754595081572e-05
MAR10714	9.858754595081572e-05
MAR10715	9.858754595081572e-05
MAR10716	9.858754595081572e-05
MAR10717	9.858754595081572e-05
MAR10718	9.858754595081572e-05
MAR10719	9.858754595081572e-05
MAR10720	9.858754595081572e-05
MAR10721	9.858754595081572e-05
MAR10722	9.858754595081572e-05
MAR10723	9.858754595081572e-05
MAR10724	9.858754595081572e-05
MAR10725	9.858754595081572e-05
MAR10726	9.858754595081572e-05
MAR10727	9.858754595081572e-05
MAR10728	9.858754595081572e-05
MAR10729	9.858754595081572e-05
MAR10730	9.858754595081572e-05
MAR10731	9.858754595081572e-05
MAR10732	9.858754595081572e-05
MAR10733	9.858754595081572e-05
MAR10734	9.858754595081572e-05
MAR10735	9.858754595081572e-05
MAR10736	9.858754595081572e-05
MAR10737	9.858754595081572e-05
MAR10738	9.858754595081572e-05
MAR10739	3.80118259440596e-05
MAR10740	3.80118259440596e-05
MAR10741	3.80118259440596e-05
MAR10742	3.80118259440596e-05
MAR10743	3.80118259440596e-05
MAR10744	3.80118259440596e-05
MAR10745	3.80118259440596e-05
MAR10746	3.80118259440596e-05
MAR10747	3.80118259440596e-05
MAR10748	3.80118259440596e-05
MAR10749	3.80118259440596e-05
MAR10750	3.80118259440596e-05
MAR10751	3.80118259440596e-05
MAR10752	3.80118259440596e-05
MAR10753	3.80118259440596e-05
MAR10754	3.80118259440596e-05
MAR10755	3.80118259440596e-05
MAR10756	3.80118259440596e-05
MAR10757	3.80118259440596e-05
MAR10758	3.80118259440596e-05
MAR10759	3.80118259440596e-05
MAR10760	3.80118259440596e-05
MAR10761	3.80118259440596e-05
MAR10762	3.80118259440596e-05
MAR10763	3.80118259440596e-05
MAR10764	3.80118259440596e-05
MAR10765	3.80118259440596e-05
MAR10766	3.80118259440596e-05
MAR10767	3.80118259440596e-05
MAR10768	3.80118259440596e-05
MAR10769	3.80118259440596e-05
MAR10770	3.80118259440596e-05
MAR10771	3.80118259440596e-05
MAR10772	3.80118259440596e-05
MAR10773	3.80118259440596e-05
MAR10774	3.80118259440596e-05
MAR10775	3.80118259440596e-05
MAR10776	3.80118259440596e-05
MAR10777	3.80118259440596e-05
MAR10778	3.80118259440596e-05
MAR10779	3.80118259440596e-05
MAR10780	3.80118259440596e-05
MAR10781	3.80118259440596e-05
MAR10782	3.80118259440596e-05
MAR10783	3.80118259440596e-05
MAR10784	3.80118259440596e-05
MAR10785	3.80118259440596e-05
MAR10786	3.80118259440596e-05
MAR10787	3.80118259440596e-05
MAR10788	3.80118259440596e-05
MAR10789	3.80118259440596e-05
MAR10790	3.80118259440596e-05
MAR10791	3.80118259440596e-05
MAR10792	3.80118259440596e-05
MAR10793	3.80118259440596e-05
MAR10794	3.80118259440596e-05
MAR10795	3.80118259440596e-05
MAR10796	3.80118259440596e-05
MAR10797	3.80118259440596e-05
MAR10798	3.80118259440596e-05
MAR10799	3.80118259440596e-05
MAR10800	3.80118259440596e-05
MAR10801	3.80118259440596e-05
MAR10802	3.80118259440596e-05
MAR10803	3.80118259440596e-05
MAR10804	3.80118259440596e-05
MAR10805	3.80118259440596e-05
MAR10806	3.80118259440596e-05
MAR10807	3.80118259440596e-05
MAR10808	3.80118259440596e-05
MAR10809	3.80118259440596e-05
MAR10810	3.80118259440596e-05
MAR10811	3.80118259440596e-05
MAR10812	3.80118259440596e-05
MAR10813	3.80118259440596e-05
MAR10814	3.80118259440596e-05
MAR10815	3.80118259440596e-05
MAR10816	3.80118259440596e-05
MAR10817	3.80118259440596e-05
MAR10818	3.80118259440596e-05
MAR10819	3.80118259440596e-05
MAR10820	3.80118259440596e-05
MAR10821	3.80118259440596e-05
MAR10822	3.80118259440596e-05
MAR10823	3.80118259440596e-05
MAR10824	3.80118259440596e-05
MAR10825	3.80118259440596e-05
MAR10826	3.80118259440596e-05
MAR10827	3.80118259440596e-05
MAR10828	3.80118259440596e-05
MAR10829	3.80118259440596e-05
MAR10830	3.80118259440596e-05
MAR10831	3.80118259440596e-05
MAR10832	3.80118259440596e-05
MAR10833	3.80118259440596e-05
MAR10834	3.80118259440596e-05
MAR10835	3.80118259440596e-05
MAR10836	3.80118259440596e-05
MAR10837	3.80118259440596e-05
MAR10838	3.80118259440596e-05
MAR10839	3.80118259440596e-05
MAR10840	3.80118259440596e-05
MAR10841	3.80118259440596e-05
MAR10842	3.80118259440596e-05
MAR10843	3.80118259440596e-05
MAR10844	3.80118259440596e-05
MAR10845	3.80118259440596e-05
MAR10846	3.80118259440596e-05
MAR10847	3.80118259440596e-05
MAR10848	3.80118259440596e-05
MAR10849	3.80118259440596e-05
MAR10850	3.80118259440596e-05
MAR10851	3.80118259440596e-05
MAR10852	3.80118259440596e-05
MAR10853	3.80118259440596e-05
MAR10854	3.80118259440596e-05
MAR10855	3.80118259440596e-05
MAR10856	3.80118259440596e-05
MAR10857	3.80118259440596e-05
MAR10858	3.80118259440596e-05
MAR10859	3.80118259440596e-05
MAR10860	3.80118259440596e-05
MAR10861	3.80118259440596e-05
MAR10862	3.80118259440596e-05
MAR10863	3.80118259440596e-05
MAR10864	3.80118259440596e-05
MAR10865	3.80118259440596e-05
MAR10866	3.80118259440596e-05
MAR10867	3.80118259440596e-05
MAR10868	3.80118259440596e-05
MAR10869	3.80118259440596e-05
MAR10870	3.80118259440596e-05
MAR10871	3.80118259440596e-05
MAR10872	3.80118259440596e-05
MAR10873	3.80118259440596e-05
MAR10874	3.80118259440596e-05
MAR10875	3.80118259440596e-05
MAR10876	3.80118259440596e-05
MAR10877	3.80118259440596e-05
MAR10878	3.80118259440596e-05
MAR10879	3.80118259440596e-05
MAR10880	3.80118259440596e-05
MAR10881	3.80118259440596e-05
MAR10882	3.80118259440596e-05
MAR10883	3.80118259440596e-05
MAR10884	3.80118259440596e-05
MAR10885	3.80118259440596e-05
MAR10886	3.80118259440596e-05
MAR10887	3.80118259440596e-05
MAR10888	3.80118259440596e-05
MAR10889	3.80118259440596e-05
MAR10890	3.80118259440596e-05
MAR10891	3.80118259440596e-05
MAR10892	3.80118259440596e-05
MAR10893	3.80118259440596e-05
MAR10894	3.80118259440596e-05
MAR10895	3.80118259440596e-05
MAR10896	3.80118259440596e-05
MAR10897	3.80118259440596e-05
MAR10898	3.80118259440596e-05
MAR10899	3.80118259440596e-05
MAR10900	3.80118259440596e-05
MAR10901	3.80118259440596e-05
MAR10902	3.80118259440596e-05
MAR10903	3.80118259440596e-05
MAR10904	3.80118259440596e-05
MAR10905	3.80118259440596e-05
MAR10906	3.80118259440596e-05
MAR10907	3.80118259440596e-05
MAR10908	3.80118259440596e-05
MAR10909	3.80118259440596e-05
MAR10910	3.80118259440596e-05
MAR10911	3.80118259440596e-05
MAR10912	3.80118259440596e-05
MAR10913	3.80118259440596e-05
MAR10914	3.80118259440596e-05
MAR10915	3.80118259440596e-05
MAR10916	3.80118259440596e-05
MAR10917	3.80118259440596e-05
MAR10918	3.80118259440596e-05
MAR10919	3.80118259440596e-05
MAR10920	3.80118259440596e-05
MAR10921	3.80118259440596e-05
MAR10922	3.80118259440596e-05
MAR10923	3.80118259440596e-05
MAR10924	3.80118259440596e-05
MAR10925	3.80118259440596e-05
MAR10926	3.80118259440596e-05
MAR10927	3.80118259440596e-05
MAR10928	3.80118259440596e-05
MAR10929	3.80118259440596e-05
MAR10930	3.80118259440596e-05
MAR10931	3.80118259440596e-05
MAR10932	3.80118259440596e-05
MAR10933	3.80118259440596e-05
MAR10934	3.80118259440596e-05
MAR10935	3.80118259440596e-05
MAR10936	3.80118259440596e-05
MAR10937	3.80118259440596e-05
MAR10938	3.80118259440596e-05
MAR10939	3.80118259440596e-05
MAR10940	3.80118259440596e-05
MAR10941	3.80118259440596e-05
MAR10942	3.80118259440596e-05
MAR10943	3.80118259440596e-05
MAR10944	3.80118259440596e-05
MAR10945	3.80118259440596e-05
MAR10946	3.80118259440596e-05
MAR10947	3.80118259440596e-05
MAR10948	3.80118259440596e-05
MAR10949	3.80118259440596e-05
MAR10950	3.80118259440596e-05
MAR10951	3.80118259440596e-05
MAR10952	3.80118259440596e-05
MAR10953	3.80118259440596e-05
MAR10954	3.80118259440596e-05
MAR10955	3.80118259440596e-05
MAR10956	3.80118259440596e-05
MAR10957	3.80118259440596e-05
MAR10958	3.80118259440596e-05
MAR10959	3.80118259440596e-05
MAR10960	3.80118259440596e-05
MAR10961	3.80118259440596e-05
MAR10962	3.80118259440596e-05
MAR10963	3.80118259440596e-05
MAR10964	3.80118259440596e-05
MAR10965	3.80118259440596e-05
MAR10966	3.80118259440596e-05
MAR10967	3.80118259440596e-05
MAR10968	3.80118259440596e-05
MAR10969	3.80118259440596e-05
MAR10970	3.80118259440596e-05
MAR10971	3.80118259440596e-05
MAR10972	3.80118259440596e-05
MAR10973	3.80118259440596e-05
MAR10974	3.80118259440596e-05
MAR10975	3.80118259440596e-05
MAR10976	3.80118259440596e-05
MAR10977	3.80118259440596e-05
MAR10978	3.80118259440596e-05
MAR10979	3.80118259440596e-05
MAR10980	3.80118259440596e-05
MAR10981	9.858754595081572e-05
MAR10982	9.858754595081572e-05
MAR10983	9.858754595081572e-05
MAR10984	9.858754595081572e-05
MAR10985	9.858754595081572e-05
MAR10986	9.858754595081572e-05
MAR10987	9.858754595081572e-05
MAR10988	9.858754595081572e-05
MAR10989	9.858754595081572e-05
MAR10990	9.858754595081572e-05
MAR10991	9.858754595081572e-05
MAR10992	9.858754595081572e-05
MAR10993	9.858754595081572e-05
MAR10994	9.858754595081572e-05
MAR10995	9.858754595081572e-05
MAR10996	9.858754595081572e-05
MAR10997	9.858754595081572e-05
MAR10998	9.858754595081572e-05
MAR10999	9.858754595081572e-05
MAR11000	9.858754595081572e-05
MAR11001	9.858754595081572e-05
MAR11002	9.858754595081572e-05
MAR11003	9.858754595081572e-05
MAR11004	9.858754595081572e-05
MAR11005	9.858754595081572e-05
MAR11006	9.858754595081572e-05
MAR11007	9.858754595081572e-05
MAR11008	9.858754595081572e-05
MAR11009	9.858754595081572e-05
MAR11010	9.858754595081572e-05
MAR11011	9.858754595081572e-05
MAR11012	9.858754595081572e-05
MAR11013	9.858754595081572e-05
MAR11014	9.858754595081572e-05
MAR11015	9.858754595081572e-05
MAR11016	9.858754595081572e-05
MAR11017	9.858754595081572e-05
MAR11018	9.858754595081572e-05
MAR11019	9.858754595081572e-05
MAR11020	9.858754595081572e-05
MAR11021	9.858754595081572e-05
MAR11022	9.858754595081572e-05
MAR11023	9.858754595081572e-05
MAR11024	9.858754595081572e-05
MAR11025	9.858754595081572e-05
MAR11026	9.858754595081572e-05
MAR11027	9.858754595081572e-05
MAR11028	9.858754595081572e-05
MAR11029	9.858754595081572e-05
MAR11030	9.858754595081572e-05
MAR11031	9.858754595081572e-05
MAR11032	9.858754595081572e-05
MAR11033	9.858754595081572e-05
MAR11034	9.858754595081572e-05
MAR11035	9.858754595081572e-05
MAR11036	9.858754595081572e-05
MAR11037	9.858754595081572e-05
MAR11038	9.858754595081572e-05
MAR11039	9.858754595081572e-05
MAR11040	9.858754595081572e-05
MAR11041	9.858754595081572e-05
MAR11042	9.858754595081572e-05
MAR11043	9.858754595081572e-05
MAR11044	9.858754595081572e-05
MAR11045	9.858754595081572e-05
MAR11046	9.858754595081572e-05
MAR11047	9.858754595081572e-05
MAR11048	9.858754595081572e-05
MAR11049	9.858754595081572e-05
MAR11050	9.858754595081572e-05
MAR11051	9.858754595081572e-05
MAR11052	9.858754595081572e-05
MAR11053	9.858754595081572e-05
MAR11054	9.858754595081572e-05
MAR11055	9.858754595081572e-05
MAR11056	9.858754595081572e-05
MAR11057	9.858754595081572e-05
MAR11058	9.858754595081572e-05
MAR11059	9.858754595081572e-05
MAR11060	9.858754595081572e-05
MAR11061	9.858754595081572e-05
MAR11062	9.858754595081572e-05
MAR11063	9.858754595081572e-05
MAR11064	9.858754595081572e-05
MAR11065	9.858754595081572e-05
MAR11066	9.858754595081572e-05
MAR11067	9.858754595081572e-05
MAR11068	9.858754595081572e-05
MAR11069	9.858754595081572e-05
MAR11070	9.858754595081572e-05
MAR11071	9.858754595081572e-05
MAR11072	9.858754595081572e-05
MAR11073	9.858754595081572e-05
MAR11074	9.858754595081572e-05
MAR11075	9.858754595081572e-05
MAR11076	9.858754595081572e-05
MAR11077	9.858754595081572e-05
MAR11078	9.858754595081572e-05
MAR11079	9.858754595081572e-05
MAR11080	9.858754595081572e-05
MAR11081	9.858754595081572e-05
MAR11082	9.858754595081572e-05
MAR11083	9.858754595081572e-05
MAR11084	9.858754595081572e-05
MAR11085	9.858754595081572e-05
MAR11086	9.858754595081572e-05
MAR11087	9.858754595081572e-05
MAR11088	9.858754595081572e-05
MAR11089	9.858754595081572e-05
MAR11090	9.858754595081572e-05
MAR11091	9.858754595081572e-05
MAR11092	9.858754595081572e-05
MAR11093	9.858754595081572e-05
MAR11094	9.858754595081572e-05
MAR11095	9.858754595081572e-05
MAR11096	9.858754595081572e-05
MAR11097	9.858754595081572e-05
MAR11098	9.858754595081572e-05
MAR11099	9.858754595081572e-05
MAR11100	9.858754595081572e-05
MAR11101	9.858754595081572e-05
MAR11102	9.858754595081572e-05
MAR11103	9.858754595081572e-05
MAR11104	9.858754595081572e-05
MAR11105	9.858754595081572e-05
MAR11106	9.858754595081572e-05
MAR11107	9.858754595081572e-05
MAR11108	9.858754595081572e-05
MAR11109	9.858754595081572e-05
MAR11110	9.858754595081572e-05
MAR11111	9.858754595081572e-05
MAR11112	9.858754595081572e-05
MAR11113	9.858754595081572e-05
MAR11114	9.858754595081572e-05
MAR11115	9.858754595081572e-05
MAR11116	9.858754595081572e-05
MAR11117	9.858754595081572e-05
MAR11118	9.858754595081572e-05
MAR11119	9.858754595081572e-05
MAR11120	9.858754595081572e-05
MAR11121	9.858754595081572e-05
MAR11122	9.858754595081572e-05
MAR11123	9.858754595081572e-05
MAR11124	9.858754595081572e-05
MAR11125	9.858754595081572e-05
MAR11126	9.858754595081572e-05
MAR11127	9.858754595081572e-05
MAR11128	9.858754595081572e-05
MAR11129	9.858754595081572e-05
MAR11130	9.858754595081572e-05
MAR11131	9.858754595081572e-05
MAR11132	9.858754595081572e-05
MAR11133	9.858754595081572e-05
MAR11134	9.858754595081572e-05
MAR11135	9.858754595081572e-05
MAR11136	9.858754595081572e-05
MAR11137	9.858754595081572e-05
MAR11138	9.858754595081572e-05
MAR11139	9.858754595081572e-05
MAR11140	9.858754595081572e-05
MAR11141	9.858754595081572e-05
MAR11142	9.858754595081572e-05
MAR11143	9.858754595081572e-05
MAR11144	9.858754595081572e-05
MAR11145	9.858754595081572e-05
MAR11146	9.858754595081572e-05
MAR11147	9.858754595081572e-05
MAR11148	9.858754595081572e-05
MAR11149	9.858754595081572e-05
MAR11150	9.858754595081572e-05
MAR11151	9.858754595081572e-05
MAR11152	9.858754595081572e-05
MAR11153	9.858754595081572e-05
MAR11154	9.858754595081572e-05
MAR11155	9.858754595081572e-05
MAR11156	9.858754595081572e-05
MAR11157	9.858754595081572e-05
MAR11158	9.858754595081572e-05
MAR11159	9.858754595081572e-05
MAR11160	9.858754595081572e-05
MAR11161	9.858754595081572e-05
MAR11162	9.858754595081572e-05
MAR11163	9.858754595081572e-05
MAR11164	9.858754595081572e-05
MAR11165	9.858754595081572e-05
MAR11166	9.858754595081572e-05
MAR11167	9.858754595081572e-05
MAR11168	9.858754595081572e-05
MAR11169	9.858754595081572e-05
MAR11170	9.858754595081572e-05
MAR11171	9.858754595081572e-05
MAR11172	9.858754595081572e-05
MAR11173	9.858754595081572e-05
MAR11174	9.858754595081572e-05
MAR11175	9.858754595081572e-05
MAR11176	9.858754595081572e-05
MAR11177	9.858754595081572e-05
MAR11178	9.858754595081572e-05
MAR11179	9.858754595081572e-05
MAR11180	9.858754595081572e-05
MAR11181	9.858754595081572e-05
MAR11182	9.858754595081572e-05
MAR11183	9.858754595081572e-05
MAR11184	9.858754595081572e-05
MAR11185	9.858754595081572e-05
MAR11186	9.858754595081572e-05
MAR11187	9.858754595081572e-05
MAR11188	9.858754595081572e-05
MAR11189	9.858754595081572e-05
MAR11190	9.858754595081572e-05
MAR11191	9.858754595081572e-05
MAR11192	9.858754595081572e-05
MAR11193	9.858754595081572e-05
MAR11194	9.858754595081572e-05
MAR11195	9.858754595081572e-05
MAR11196	9.858754595081572e-05
MAR11197	9.858754595081572e-05
MAR11198	9.858754595081572e-05
MAR11199	9.858754595081572e-05
MAR11200	9.858754595081572e-05
MAR11201	9.858754595081572e-05
MAR11202	9.858754595081572e-05
MAR11203	9.858754595081572e-05
MAR11204	9.858754595081572e-05
MAR11205	9.858754595081572e-05
MAR11206	9.858754595081572e-05
MAR11207	9.858754595081572e-05
MAR11208	9.858754595081572e-05
MAR11209	9.858754595081572e-05
MAR11210	9.858754595081572e-05
MAR11211	9.858754595081572e-05
MAR11212	9.858754595081572e-05
MAR11213	9.858754595081572e-05
MAR11214	9.858754595081572e-05
MAR11215	9.858754595081572e-05
MAR11216	9.858754595081572e-05
MAR11217	9.858754595081572e-05
MAR11218	9.858754595081572e-05
MAR11219	9.858754595081572e-05
MAR11220	9.858754595081572e-05
MAR11221	9.858754595081572e-05
MAR11222	9.858754595081572e-05
MAR11223	3.728206335263105e-05
MAR11224	9.858754595081572e-05
MAR11225	9.858754595081572e-05
MAR11226	9.858754595081572e-05
MAR11227	9.858754595081572e-05
MAR11228	9.858754595081572e-05
MAR11229	9.858754595081572e-05
MAR11230	9.858754595081572e-05
MAR11231	9.858754595081572e-05
MAR11232	9.858754595081572e-05
MAR11233	9.858754595081572e-05
MAR11234	9.858754595081572e-05
MAR11235	9.858754595081572e-05
MAR11236	9.858754595081572e-05
MAR11237	9.858754595081572e-05
MAR11238	9.858754595081572e-05
MAR11239	9.858754595081572e-05
MAR11240	9.858754595081572e-05
MAR11241	9.858754595081572e-05
MAR11242	9.858754595081572e-05
MAR11243	9.858754595081572e-05
MAR11244	9.858754595081572e-05
MAR11245	9.858754595081572e-05
MAR11246	9.858754595081572e-05
MAR11247	9.858754595081572e-05
MAR11248	9.858754595081572e-05
MAR11249	9.858754595081572e-05
MAR11250	9.858754595081572e-05
MAR11251	9.858754595081572e-05
MAR11252	9.858754595081572e-05
MAR11253	9.858754595081572e-05
MAR11254	9.858754595081572e-05
MAR11255	9.858754595081572e-05
MAR11256	9.858754595081572e-05
MAR11257	9.858754595081572e-05
MAR11258	9.858754595081572e-05
MAR11259	9.858754595081572e-05
MAR11260	9.858754595081572e-05
MAR11261	9.858754595081572e-05
MAR11262	9.858754595081572e-05
MAR11263	9.858754595081572e-05
MAR11264	9.858754595081572e-05
MAR11265	9.858754595081572e-05
MAR11266	9.858754595081572e-05
MAR11267	9.858754595081572e-05
MAR11268	9.858754595081572e-05
MAR11270	9.858754595081572e-05
MAR11271	9.858754595081572e-05
MAR11272	9.858754595081572e-05
MAR11274	9.858754595081572e-05
MAR11276	9.858754595081572e-05
MAR11277	9.858754595081572e-05
MAR11278	9.858754595081572e-05
MAR11279	9.858754595081572e-05
MAR11280	9.858754595081572e-05
MAR11281	9.858754595081572e-05
MAR11282	9.858754595081572e-05
MAR11283	9.858754595081572e-05
MAR11284	9.858754595081572e-05
MAR11285	9.858754595081572e-05
MAR11286	9.858754595081572e-05
MAR11287	9.858754595081572e-05
MAR11288	9.858754595081572e-05
MAR11289	9.858754595081572e-05
MAR11290	9.858754595081572e-05
MAR11291	9.858754595081572e-05
MAR11294	0.0005264450842138454
MAR11295	9.858754595081572e-05
MAR11296	9.858754595081572e-05
MAR11297	9.858754595081572e-05
MAR11298	9.858754595081572e-05
MAR11299	9.858754595081572e-05
MAR11300	9.858754595081572e-05
MAR11301	9.858754595081572e-05
MAR11302	9.858754595081572e-05
MAR11303	9.858754595081572e-05
MAR11304	9.858754595081572e-05
MAR11305	9.858754595081572e-05
MAR11306	9.858754595081572e-05
MAR11307	0.0014070258287455202
MAR11308	9.858754595081572e-05
MAR11309	9.858754595081572e-05
MAR11311	9.858754595081572e-05
MAR11312	9.858754595081572e-05
MAR11313	9.858754595081572e-05
MAR11314	9.858754595081572e-05
MAR11315	9.858754595081572e-05
MAR11316	9.858754595081572e-05
MAR11317	9.858754595081572e-05
MAR11318	9.858754595081572e-05
MAR11319	9.858754595081572e-05
MAR11320	9.858754595081572e-05
MAR11321	9.858754595081572e-05
MAR11322	9.858754595081572e-05
MAR11323	9.858754595081572e-05
MAR11324	9.858754595081572e-05
MAR11325	9.858754595081572e-05
MAR11326	9.858754595081572e-05
MAR11327	9.858754595081572e-05
MAR11328	9.858754595081572e-05
MAR11329	9.858754595081572e-05
MAR11330	9.858754595081572e-05
MAR11331	9.858754595081572e-05
MAR11332	9.858754595081572e-05
MAR11333	9.858754595081572e-05
MAR11334	9.858754595081572e-05
MAR11335	9.858754595081572e-05
MAR11336	9.858754595081572e-05
MAR11337	9.858754595081572e-05
MAR11338	9.858754595081572e-05
MAR11339	9.858754595081572e-05
MAR11340	9.858754595081572e-05
MAR11341	9.858754595081572e-05
MAR11342	9.858754595081572e-05
MAR11343	9.858754595081572e-05
MAR11344	9.858754595081572e-05
MAR11345	9.858754595081572e-05
MAR11346	9.858754595081572e-05
MAR11347	9.858754595081572e-05
MAR11348	9.858754595081572e-05
MAR11349	9.858754595081572e-05
MAR11350	9.858754595081572e-05
MAR11351	9.858754595081572e-05
MAR11352	9.858754595081572e-05
MAR11353	9.858754595081572e-05
MAR11354	9.858754595081572e-05
MAR11355	9.858754595081572e-05
MAR11356	9.858754595081572e-05
MAR11357	9.858754595081572e-05
MAR11358	9.858754595081572e-05
MAR11359	9.858754595081572e-05
MAR11360	9.858754595081572e-05
MAR11361	9.858754595081572e-05
MAR11362	9.858754595081572e-05
MAR11363	9.858754595081572e-05
MAR11364	9.858754595081572e-05
MAR11365	9.858754595081572e-05
MAR11366	9.858754595081572e-05
MAR11367	9.858754595081572e-05
MAR11368	9.858754595081572e-05
MAR11369	9.858754595081572e-05
MAR11370	9.858754595081572e-05
MAR11371	9.858754595081572e-05
MAR11372	9.858754595081572e-05
MAR11373	9.858754595081572e-05
MAR11374	0.0008105333049796499
MAR11375	5.1849070780614454e-05
MAR11376	9.858754595081572e-05
MAR11377	0.0008105333049796499
MAR11378	5.1849070780614454e-05
MAR11379	9.858754595081572e-05
MAR11380	0.0008105333049796499
MAR11381	5.1849070780614454e-05
MAR11382	9.858754595081572e-05
MAR11383	0.0008105333049796499
MAR11384	5.1849070780614454e-05
MAR11385	9.858754595081572e-05
MAR11386	0.0008105333049796499
MAR11387	9.858754595081572e-05
MAR11388	0.0008105333049796499
MAR11389	5.1849070780614454e-05
MAR11390	9.858754595081572e-05
MAR11391	9.858754595081572e-05
MAR11392	9.858754595081572e-05
MAR11393	9.858754595081572e-05
MAR11394	0.0011637089184967572
MAR11395	0.00014352431003584318
MAR11396	0.003781585572879916
MAR11397	8.837687463265571e-05
MAR11398	9.858754595081572e-05
MAR11399	0.0022618491700352405
MAR11400	9.858754595081572e-05
MAR11401	9.858754595081572e-05
MAR11402	9.858754595081572e-05
MAR11403	9.858754595081572e-05
MAR11404	9.858754595081572e-05
MAR11405	9.858754595081572e-05
MAR11406	9.858754595081572e-05
MAR11407	0.00013778748220973658
MAR11408	0.0006110293112642782
MAR11409	9.858754595081572e-05
MAR11410	3.728206335263105e-05
MAR11411	0.0011328647811981714
MAR11412	3.80118259440596e-05
MAR11413	9.858754595081572e-05
MAR11414	0.005175854722205735
MAR11415	8.837687463265571e-05
MAR11416	0.0016671390362302297
MAR11417	8.837687463265571e-05
MAR11418	8.837687463265571e-05
MAR11419	9.858754595081572e-05
MAR11420	9.858754595081572e-05
MAR11422	9.858754595081572e-05
MAR11423	9.858754595081572e-05
MAR11424	9.858754595081572e-05
MAR11425	9.858754595081572e-05
MAR11426	9.858754595081572e-05
MAR11427	9.858754595081572e-05
MAR11428	9.858754595081572e-05
MAR11429	9.858754595081572e-05
MAR11430	0.002215768491321413
MAR11431	9.858754595081572e-05
MAR11432	9.858754595081572e-05
MAR11433	0.00046255180786304156
MAR11434	9.858754595081572e-05
MAR11435	9.858754595081572e-05
MAR11436	9.858754595081572e-05
MAR11437	9.858754595081572e-05
MAR11438	9.858754595081572e-05
MAR11439	9.858754595081572e-05
MAR11440	9.858754595081572e-05
MAR11441	9.858754595081572e-05
MAR11442	0.006636517029453973
MAR11443	0.005778946671625546
MAR11444	9.858754595081572e-05
MAR11445	9.858754595081572e-05
MAR11446	9.858754595081572e-05
MAR11447	9.858754595081572e-05
MAR11448	9.858754595081572e-05
MAR11449	9.858754595081572e-05
MAR11450	3.728206335263105e-05
MAR11451	9.858754595081572e-05
MAR11452	9.858754595081572e-05
MAR11453	3.728206335263105e-05
MAR11454	9.858754595081572e-05
MAR11455	9.858754595081572e-05
MAR11456	3.728206335263105e-05
MAR11457	9.858754595081572e-05
MAR11458	9.858754595081572e-05
MAR11459	9.858754595081572e-05
MAR11460	9.858754595081572e-05
MAR11461	9.858754595081572e-05
MAR11462	9.858754595081572e-05
MAR11463	9.858754595081572e-05
MAR11464	9.858754595081572e-05
MAR11465	9.858754595081572e-05
MAR11466	9.858754595081572e-05
MAR11467	0.00033677502401813426
MAR11468	9.858754595081572e-05
MAR11469	9.858754595081572e-05
MAR11470	9.858754595081572e-05
MAR11471	9.858754595081572e-05
MAR11472	9.858754595081572e-05
MAR11473	9.858754595081572e-05
MAR11474	9.858754595081572e-05
MAR11475	9.858754595081572e-05
MAR11476	0.03789239928803354
MAR11477	9.858754595081572e-05
MAR11478	9.858754595081572e-05
MAR11479	0.03789239928803354
MAR11480	9.858754595081572e-05
MAR11481	9.858754595081572e-05
MAR11482	9.858754595081572e-05
MAR11483	9.858754595081572e-05
MAR11484	9.858754595081572e-05
MAR11485	9.858754595081572e-05
MAR11486	0.001868077846229988
MAR11487	9.858754595081572e-05
MAR11488	9.858754595081572e-05
MAR11489	9.858754595081572e-05
MAR11490	9.858754595081572e-05
MAR11491	9.858754595081572e-05
MAR11492	9.858754595081572e-05
MAR11493	9.858754595081572e-05
MAR11494	9.858754595081572e-05
MAR11495	9.858754595081572e-05
MAR11496	9.858754595081572e-05
MAR11497	9.858754595081572e-05
MAR11498	9.858754595081572e-05
MAR11499	9.858754595081572e-05
MAR11500	9.858754595081572e-05
MAR11501	9.858754595081572e-05
MAR11502	3.728206335263105e-05
MAR11503	9.858754595081572e-05
MAR11504	9.858754595081572e-05
MAR11505	9.858754595081572e-05
MAR11506	9.858754595081572e-05
MAR11507	9.858754595081572e-05
MAR11508	9.858754595081572e-05
MAR11509	3.728206335263105e-05
MAR11510	9.858754595081572e-05
MAR11511	9.858754595081572e-05
MAR11512	9.858754595081572e-05
MAR11513	9.858754595081572e-05
MAR11514	0.0004446584198549688
MAR11515	9.858754595081572e-05
MAR11516	9.858754595081572e-05
MAR11517	9.858754595081572e-05
MAR11518	3.728206335263105e-05
MAR11519	9.858754595081572e-05
MAR11520	9.858754595081572e-05
MAR11521	9.858754595081572e-05
MAR11522	9.858754595081572e-05
MAR11523	9.858754595081572e-05
MAR11524	9.858754595081572e-05
MAR11525	9.858754595081572e-05
MAR11526	9.858754595081572e-05
MAR11527	9.858754595081572e-05
MAR11528	9.858754595081572e-05
MAR11529	0.00142662808009166
MAR11530	9.858754595081572e-05
MAR11531	9.858754595081572e-05
MAR11532	9.858754595081572e-05
MAR11533	9.858754595081572e-05
MAR11534	0.00142662808009166
MAR11535	9.858754595081572e-05
MAR11536	9.858754595081572e-05
MAR11537	9.858754595081572e-05
MAR11538	9.858754595081572e-05
MAR11539	0.00142662808009166
MAR11540	9.858754595081572e-05
MAR11541	9.858754595081572e-05
MAR11542	9.858754595081572e-05
MAR11543	9.858754595081572e-05
MAR11544	3.8533767433270495e-05
MAR11545	9.858754595081572e-05
MAR11546	9.858754595081572e-05
MAR11547	9.858754595081572e-05
MAR11548	9.858754595081572e-05
MAR11549	9.858754595081572e-05
MAR11550	9.858754595081572e-05
MAR11551	9.858754595081572e-05
MAR11552	9.858754595081572e-05
MAR11553	9.858754595081572e-05
MAR11554	9.858754595081572e-05
MAR11555	3.728206335263105e-05
MAR11556	9.858754595081572e-05
MAR11557	9.858754595081572e-05
MAR11558	9.858754595081572e-05
MAR11559	9.858754595081572e-05
MAR11560	9.858754595081572e-05
MAR11561	9.858754595081572e-05
MAR11562	3.728206335263105e-05
MAR11563	9.858754595081572e-05
MAR11564	9.858754595081572e-05
MAR11565	9.858754595081572e-05
MAR11566	9.858754595081572e-05
MAR11567	9.858754595081572e-05
MAR11568	9.858754595081572e-05
MAR11569	9.858754595081572e-05
MAR11570	9.858754595081572e-05
MAR11571	9.858754595081572e-05
MAR11572	0.006138562454491075
MAR11573	9.858754595081572e-05
MAR11574	9.858754595081572e-05
MAR11575	9.858754595081572e-05
MAR11576	9.858754595081572e-05
MAR11577	0.004182140406196268
MAR11578	0.004182140406196268
MAR11579	9.858754595081572e-05
MAR11580	9.858754595081572e-05
MAR11581	0.004182140406196268
MAR11582	0.006138562454491075
MAR11583	9.858754595081572e-05
MAR11584	9.858754595081572e-05
MAR11585	9.858754595081572e-05
MAR11586	9.858754595081572e-05
MAR11587	0.006138562454491075
MAR11588	0.006138562454491075
MAR11589	0.006138562454491075
MAR11590	0.006138562454491075
MAR11591	0.006138562454491075
MAR11592	0.006138562454491075
MAR11593	0.006138562454491075
MAR11594	0.006138562454491075
MAR11595	0.006138562454491075
MAR11596	0.006138562454491075
MAR11597	0.006138562454491075
MAR11598	0.006138562454491075
MAR11599	0.006138562454491075
MAR11600	0.006138562454491075
MAR11601	0.006138562454491075
MAR11602	0.006138562454491075
MAR11603	0.006138562454491075
MAR11604	0.006138562454491075
MAR11605	0.006138562454491075
MAR11606	0.006138562454491075
MAR11607	0.006138562454491075
MAR11608	0.006138562454491075
MAR11609	0.006138562454491075
MAR11610	0.006138562454491075
MAR11611	0.006138562454491075
MAR11612	0.006138562454491075
MAR11613	0.001120566025303136
MAR11614	0.001120566025303136
MAR11615	0.001120566025303136
MAR11616	0.001120566025303136
MAR11617	0.001120566025303136
MAR11618	0.001120566025303136
MAR11619	0.001120566025303136
MAR11620	0.001120566025303136
MAR11621	0.001120566025303136
MAR11622	0.001120566025303136
MAR11623	0.001120566025303136
MAR11624	0.001120566025303136
MAR11625	0.001120566025303136
MAR11626	0.001120566025303136
MAR11627	0.006138562454491075
MAR11628	0.001120566025303136
MAR11629	9.858754595081572e-05
MAR11630	9.858754595081572e-05
MAR11631	9.858754595081572e-05
MAR11632	9.858754595081572e-05
MAR11633	9.858754595081572e-05
MAR11634	9.858754595081572e-05
MAR11635	9.858754595081572e-05
MAR11636	9.858754595081572e-05
MAR11637	9.858754595081572e-05
MAR11638	9.858754595081572e-05
MAR11639	9.858754595081572e-05
MAR11640	9.858754595081572e-05
MAR11641	9.858754595081572e-05
MAR11642	9.858754595081572e-05
MAR11643	9.858754595081572e-05
MAR11644	9.858754595081572e-05
MAR11645	9.858754595081572e-05
MAR11646	9.858754595081572e-05
MAR11647	0.0002160574409158143
MAR11648	0.002675318211529951
MAR11653	9.858754595081572e-05
MAR11654	9.858754595081572e-05
MAR11655	9.858754595081572e-05
MAR11656	9.858754595081572e-05
MAR11657	9.858754595081572e-05
MAR11658	9.858754595081572e-05
MAR11659	9.858754595081572e-05
MAR11660	9.858754595081572e-05
MAR11661	9.858754595081572e-05
MAR11662	9.858754595081572e-05
MAR11663	9.858754595081572e-05
MAR11664	9.858754595081572e-05
MAR11665	9.858754595081572e-05
MAR11666	9.858754595081572e-05
MAR11667	9.858754595081572e-05
MAR11668	9.858754595081572e-05
MAR11669	9.858754595081572e-05
MAR11670	9.858754595081572e-05
MAR11671	9.858754595081572e-05
MAR11672	9.858754595081572e-05
MAR11673	9.858754595081572e-05
MAR11674	9.858754595081572e-05
MAR11675	9.858754595081572e-05
MAR11676	9.858754595081572e-05
MAR11677	9.858754595081572e-05
MAR11678	9.858754595081572e-05
MAR11679	9.858754595081572e-05
MAR11680	9.858754595081572e-05
MAR11681	9.858754595081572e-05
MAR11682	9.858754595081572e-05
MAR11683	9.858754595081572e-05
MAR11684	9.858754595081572e-05
MAR11685	9.858754595081572e-05
MAR11686	9.858754595081572e-05
MAR11687	9.858754595081572e-05
MAR11688	9.858754595081572e-05
MAR11689	9.858754595081572e-05
MAR11690	9.858754595081572e-05
MAR11691	9.858754595081572e-05
MAR11692	9.858754595081572e-05
MAR11693	9.858754595081572e-05
MAR11694	9.858754595081572e-05
MAR11695	0.002675318211529951
MAR11696	0.002675318211529951
MAR11698	0.002675318211529951
MAR11700	0.002675318211529951
MAR11702	0.002675318211529951
MAR11704	0.002675318211529951
MAR11706	0.002675318211529951
MAR11708	0.002675318211529951
MAR11710	0.002675318211529951
MAR11712	0.002675318211529951
MAR11714	0.002675318211529951
MAR11716	0.002675318211529951
MAR11718	0.002675318211529951
MAR11720	0.002675318211529951
MAR11722	0.002675318211529951
MAR11724	0.002675318211529951
MAR11726	0.002675318211529951
MAR11728	9.858754595081572e-05
MAR11730	9.858754595081572e-05
MAR11731	3.728206335263105e-05
MAR11732	9.858754595081572e-05
MAR11733	9.858754595081572e-05
MAR11734	3.728206335263105e-05
MAR11735	9.858754595081572e-05
MAR11736	0.002188839859397899
MAR11737	4.0958178144850423e-05
MAR11738	9.858754595081572e-05
MAR11739	9.858754595081572e-05
MAR11740	0.002188839859397899
MAR11741	4.0958178144850423e-05
MAR11742	9.858754595081572e-05
MAR11743	9.858754595081572e-05
MAR11744	3.728206335263105e-05
MAR11745	0.002188839859397899
MAR11746	4.0958178144850423e-05
MAR11747	9.858754595081572e-05
MAR11748	9.858754595081572e-05
MAR11749	0.002188839859397899
MAR11750	9.858754595081572e-05
MAR11751	9.858754595081572e-05
MAR11752	0.002188839859397899
MAR11753	4.0958178144850423e-05
MAR11754	9.858754595081572e-05
MAR11755	9.858754595081572e-05
MAR11756	3.831126286649256e-05
MAR11757	5.2702184091965004e-05
MAR11758	5.2702184091965004e-05
MAR11759	5.2702184091965004e-05
MAR11760	5.2702184091965004e-05
MAR11761	5.2702184091965004e-05
MAR11762	5.2702184091965004e-05
MAR11763	5.2702184091965004e-05
MAR11764	5.2702184091965004e-05
MAR11765	5.2702184091965004e-05
MAR11766	5.2702184091965004e-05
MAR11767	5.2702184091965004e-05
MAR11768	5.2702184091965004e-05
MAR11769	5.2702184091965004e-05
MAR11770	5.2702184091965004e-05
MAR11771	5.2702184091965004e-05
MAR11772	5.2702184091965004e-05
MAR11773	5.2702184091965004e-05
MAR11774	5.2702184091965004e-05
MAR11775	3.728206335263105e-05
MAR11776	5.777711090937276e-05
MAR11777	0.00010637895996338154
MAR11778	0.002675318211529951
MAR11779	5.215480121805606e-05
MAR11780	0.003781585572879916
MAR11781	7.465022698960405e-05
MAR11782	3.728206335263105e-05
MAR11783	3.8272085381759e-05
MAR11784	3.8272085381759e-05
MAR11785	0.0002950928955730797
MAR11786	0.00018133333861299866
MAR11787	0.00021100900235371405
MAR11788	0.00014352431003584318
MAR11789	0.00014352431003584318
MAR11790	0.00014352431003584318
MAR11791	0.02141058326126723
MAR11792	0.002675318211529951
MAR11793	0.002675318211529951
MAR11794	0.002675318211529951
MAR11795	0.002675318211529951
MAR11796	0.002675318211529951
MAR11797	3.728206335263105e-05
MAR11798	3.757760626701875e-05
MAR11799	7.381460745516318e-05
MAR11800	0.004286982699080733
MAR11801	0.0025264766114472923
MAR11802	0.002675318211529951
MAR11803	5.4153306054527846e-05
MAR11804	0.0085769840233653
MAR11805	0.0002160574409158143
MAR11806	7.465022698960405e-05
MAR11807	7.465022698960405e-05
MAR11808	0.0066017277052709345
MAR11809	0.002675318211529951
MAR11810	0.0085769840233653
MAR11811	3.728206335263105e-05
MAR11812	3.728206335263105e-05
MAR11813	3.728206335263105e-05
MAR11814	3.728206335263105e-05
MAR11815	0.0009441793381176686
MAR11816	9.858754595081572e-05
MAR11817	9.858754595081572e-05
MAR11818	9.858754595081572e-05
MAR11819	9.858754595081572e-05
MAR11820	9.858754595081572e-05
MAR11821	9.858754595081572e-05
MAR11822	9.858754595081572e-05
MAR11823	9.858754595081572e-05
MAR11824	9.858754595081572e-05
MAR11825	9.858754595081572e-05
MAR11826	9.858754595081572e-05
MAR11827	9.858754595081572e-05
MAR11828	9.858754595081572e-05
MAR11829	9.858754595081572e-05
MAR11830	9.858754595081572e-05
MAR11831	9.858754595081572e-05
MAR11832	9.858754595081572e-05
MAR11833	9.858754595081572e-05
MAR11834	9.858754595081572e-05
MAR11835	9.858754595081572e-05
MAR11836	9.858754595081572e-05
MAR11837	9.858754595081572e-05
MAR11838	9.858754595081572e-05
MAR11839	9.858754595081572e-05
MAR11840	9.858754595081572e-05
MAR11841	9.858754595081572e-05
MAR11842	9.858754595081572e-05
MAR11843	9.858754595081572e-05
MAR11844	9.858754595081572e-05
MAR11845	9.858754595081572e-05
MAR11846	9.858754595081572e-05
MAR11847	9.858754595081572e-05
MAR11848	9.858754595081572e-05
MAR11849	9.858754595081572e-05
MAR11850	9.858754595081572e-05
MAR11851	9.858754595081572e-05
MAR11852	9.858754595081572e-05
MAR11853	9.858754595081572e-05
MAR11854	9.858754595081572e-05
MAR11855	9.858754595081572e-05
MAR11856	9.858754595081572e-05
MAR11857	9.858754595081572e-05
MAR11858	9.858754595081572e-05
MAR11859	9.858754595081572e-05
MAR11860	9.858754595081572e-05
MAR11861	9.858754595081572e-05
MAR11862	9.858754595081572e-05
MAR11863	9.858754595081572e-05
MAR11864	9.858754595081572e-05
MAR11865	9.858754595081572e-05
MAR11866	9.858754595081572e-05
MAR11867	9.858754595081572e-05
MAR11868	9.858754595081572e-05
MAR11869	9.858754595081572e-05
MAR11870	9.858754595081572e-05
MAR11871	9.858754595081572e-05
MAR11872	9.858754595081572e-05
MAR11873	9.858754595081572e-05
MAR11874	9.858754595081572e-05
MAR11875	9.858754595081572e-05
MAR11876	9.858754595081572e-05
MAR11877	9.858754595081572e-05
MAR11878	9.858754595081572e-05
MAR11879	9.858754595081572e-05
MAR11880	9.858754595081572e-05
MAR11881	9.858754595081572e-05
MAR11882	9.858754595081572e-05
MAR11883	9.858754595081572e-05
MAR11884	9.858754595081572e-05
MAR11885	9.858754595081572e-05
MAR11886	9.858754595081572e-05
MAR11887	9.858754595081572e-05
MAR11888	9.858754595081572e-05
MAR11889	9.858754595081572e-05
MAR11890	9.858754595081572e-05
MAR11891	9.858754595081572e-05
MAR11892	9.858754595081572e-05
MAR11893	9.858754595081572e-05
MAR11894	9.858754595081572e-05
MAR11895	9.858754595081572e-05
MAR11896	9.858754595081572e-05
MAR11897	9.858754595081572e-05
MAR11898	9.858754595081572e-05
MAR11899	9.858754595081572e-05
MAR11900	9.858754595081572e-05
MAR11901	9.858754595081572e-05
MAR11902	9.858754595081572e-05
MAR11903	9.858754595081572e-05
MAR11904	9.858754595081572e-05
MAR11905	9.858754595081572e-05
MAR11906	9.858754595081572e-05
MAR11907	9.858754595081572e-05
MAR11908	9.858754595081572e-05
MAR11909	9.858754595081572e-05
MAR11910	9.858754595081572e-05
MAR11911	9.858754595081572e-05
MAR11912	9.858754595081572e-05
MAR11913	9.858754595081572e-05
MAR11914	9.858754595081572e-05
MAR11915	9.858754595081572e-05
MAR11916	9.858754595081572e-05
MAR11917	9.858754595081572e-05
MAR11918	9.858754595081572e-05
MAR11919	9.858754595081572e-05
MAR11920	9.858754595081572e-05
MAR11921	9.858754595081572e-05
MAR11922	9.858754595081572e-05
MAR11923	9.858754595081572e-05
MAR11924	9.858754595081572e-05
MAR11925	9.858754595081572e-05
MAR11926	9.858754595081572e-05
MAR11927	9.858754595081572e-05
MAR11928	9.858754595081572e-05
MAR11929	9.858754595081572e-05
MAR11930	9.858754595081572e-05
MAR11931	9.858754595081572e-05
MAR11932	9.858754595081572e-05
MAR11933	9.858754595081572e-05
MAR11934	9.858754595081572e-05
MAR11935	9.858754595081572e-05
MAR11936	9.858754595081572e-05
MAR11937	9.858754595081572e-05
MAR11938	9.858754595081572e-05
MAR11939	9.858754595081572e-05
MAR11940	9.858754595081572e-05
MAR11941	9.858754595081572e-05
MAR11942	9.858754595081572e-05
MAR11943	9.858754595081572e-05
MAR11944	9.858754595081572e-05
MAR11945	9.858754595081572e-05
MAR11946	9.858754595081572e-05
MAR11947	9.858754595081572e-05
MAR11948	9.858754595081572e-05
MAR11949	9.858754595081572e-05
MAR11950	9.858754595081572e-05
MAR11951	9.858754595081572e-05
MAR11952	9.858754595081572e-05
MAR11953	9.858754595081572e-05
MAR11954	9.858754595081572e-05
MAR11955	9.858754595081572e-05
MAR11956	9.858754595081572e-05
MAR11957	9.858754595081572e-05
MAR11958	9.858754595081572e-05
MAR11959	9.858754595081572e-05
MAR11960	9.858754595081572e-05
MAR11961	9.858754595081572e-05
MAR11962	9.858754595081572e-05
MAR11963	9.858754595081572e-05
MAR11964	9.858754595081572e-05
MAR11965	9.858754595081572e-05
MAR11966	9.858754595081572e-05
MAR11967	9.858754595081572e-05
MAR11968	9.858754595081572e-05
MAR11969	9.858754595081572e-05
MAR11970	9.858754595081572e-05
MAR11971	9.858754595081572e-05
MAR11972	9.858754595081572e-05
MAR11973	9.858754595081572e-05
MAR11974	9.858754595081572e-05
MAR11975	9.858754595081572e-05
MAR11976	9.858754595081572e-05
MAR11977	9.858754595081572e-05
MAR11978	9.858754595081572e-05
MAR11979	9.858754595081572e-05
MAR11980	9.858754595081572e-05
MAR11981	9.858754595081572e-05
MAR11982	9.858754595081572e-05
MAR11983	9.858754595081572e-05
MAR11984	9.858754595081572e-05
MAR11985	9.858754595081572e-05
MAR11986	9.858754595081572e-05
MAR11987	9.858754595081572e-05
MAR11989	9.858754595081572e-05
MAR11990	9.858754595081572e-05
MAR11992	9.858754595081572e-05
MAR11993	9.858754595081572e-05
MAR11995	9.858754595081572e-05
MAR11996	9.858754595081572e-05
MAR11998	9.858754595081572e-05
MAR11999	9.858754595081572e-05
MAR12001	5.19220771021517e-05
MAR12002	0.011241003479991383
MAR12003	0.011241003479991383
MAR12004	3.728206335263105e-05
MAR12005	0.003413442796784935
MAR12006	9.858754595081572e-05
MAR12007	9.858754595081572e-05
MAR12008	0.002675318211529951
MAR12009	9.858754595081572e-05
MAR12010	0.002675318211529951
MAR12011	9.858754595081572e-05
MAR12012	9.858754595081572e-05
MAR12013	0.0028046196313492016
MAR12014	0.00018650887871616087
MAR12015	9.858754595081572e-05
MAR12016	9.858754595081572e-05
MAR12017	9.858754595081572e-05
MAR12018	9.858754595081572e-05
MAR12019	9.858754595081572e-05
MAR12020	0.03146443482610795
MAR12021	0.03146443482610795
MAR12022	9.858754595081572e-05
MAR12023	0.0002392880555434256
MAR12024	3.728206335263105e-05
MAR12025	9.858754595081572e-05
MAR12026	9.858754595081572e-05
MAR12027	9.858754595081572e-05
MAR12028	9.858754595081572e-05
MAR12029	0.0028046196313492016
MAR12030	9.858754595081572e-05
MAR12031	9.858754595081572e-05
MAR12032	9.858754595081572e-05
MAR12033	9.858754595081572e-05
MAR12034	9.858754595081572e-05
MAR12035	0.003165893444634384
MAR12036	0.050076104925779685
MAR12037	0.050076104925779685
MAR12038	0.003165893444634384
MAR12039	0.003165893444634384
MAR12040	9.858754595081572e-05
MAR12041	3.865204309802595e-05
MAR12042	9.858754595081572e-05
MAR12043	9.858754595081572e-05
MAR12044	9.858754595081572e-05
MAR12045	9.858754595081572e-05
MAR12046	9.858754595081572e-05
MAR12047	9.858754595081572e-05
MAR12048	9.858754595081572e-05
MAR12049	9.858754595081572e-05
MAR12050	0.0014394833785621958
MAR12051	9.858754595081572e-05
MAR12052	9.858754595081572e-05
MAR12053	0.050076104925779685
MAR12054	9.858754595081572e-05
MAR12055	9.858754595081572e-05
MAR12056	9.858754595081572e-05
MAR12057	9.858754595081572e-05
MAR12058	9.858754595081572e-05
MAR12059	9.858754595081572e-05
MAR12060	9.858754595081572e-05
MAR12061	0.009099262424900442
MAR12062	0.009099262424900442
MAR12063	0.009099262424900442
MAR12064	0.009099262424900442
MAR12065	0.009989803890794034
MAR12066	3.728206335263105e-05
MAR12067	3.728206335263105e-05
MAR12068	3.728206335263105e-05
MAR12069	9.858754595081572e-05
MAR12070	0.0005665638822583929
MAR12071	0.0005665638822583929
MAR12072	0.0005665638822583929
MAR12073	0.0005665638822583929
MAR12074	0.0005665638822583929
MAR12075	0.0005665638822583929
MAR12076	0.0005665638822583929
MAR12077	0.0067765371051522515
MAR12078	0.0005665638822583929
MAR12079	0.0009015665897399316
MAR12080	9.858754595081572e-05
MAR12081	0.0113920007569749
MAR12082	0.00041571913683970406
MAR12083	0.00041571913683970406
MAR12084	9.858754595081572e-05
MAR12085	9.858754595081572e-05
MAR12086	4.577363726391762e-05
MAR12087	3.728206335263105e-05
MAR12088	9.858754595081572e-05
MAR12089	9.858754595081572e-05
MAR12090	9.858754595081572e-05
MAR12091	9.858754595081572e-05
MAR12092	9.858754595081572e-05
MAR12093	9.858754595081572e-05
MAR12094	9.858754595081572e-05
MAR12095	9.858754595081572e-05
MAR12096	9.858754595081572e-05
MAR12097	9.858754595081572e-05
MAR12098	9.858754595081572e-05
MAR12099	9.858754595081572e-05
MAR12100	9.858754595081572e-05
MAR12101	9.858754595081572e-05
MAR12102	9.858754595081572e-05
MAR12103	9.858754595081572e-05
MAR12104	9.858754595081572e-05
MAR12105	9.858754595081572e-05
MAR12106	9.858754595081572e-05
MAR12107	9.858754595081572e-05
MAR12108	9.858754595081572e-05
MAR12109	9.858754595081572e-05
MAR12110	9.858754595081572e-05
MAR12111	9.858754595081572e-05
MAR12112	9.858754595081572e-05
MAR12113	9.858754595081572e-05
MAR12114	9.858754595081572e-05
MAR12115	9.858754595081572e-05
MAR12116	9.858754595081572e-05
MAR12117	9.858754595081572e-05
MAR12118	9.858754595081572e-05
MAR12119	9.858754595081572e-05
MAR12120	9.858754595081572e-05
MAR12121	9.858754595081572e-05
MAR12122	9.858754595081572e-05
MAR12123	9.858754595081572e-05
MAR12124	9.858754595081572e-05
MAR12125	9.858754595081572e-05
MAR12126	9.858754595081572e-05
MAR12127	9.858754595081572e-05
MAR12128	9.858754595081572e-05
MAR12129	9.858754595081572e-05
MAR12130	9.858754595081572e-05
MAR12131	9.858754595081572e-05
MAR12132	9.858754595081572e-05
MAR12133	9.858754595081572e-05
MAR12134	9.858754595081572e-05
MAR12135	9.858754595081572e-05
MAR12136	9.858754595081572e-05
MAR12137	9.858754595081572e-05
MAR12138	9.858754595081572e-05
MAR12139	9.858754595081572e-05
MAR12140	9.858754595081572e-05
MAR12141	9.858754595081572e-05
MAR12142	0.0008105333049796499
MAR12143	0.00011193402415762378
MAR12144	5.1849070780614454e-05
MAR12145	3.728206335263105e-05
MAR12146	3.728206335263105e-05
MAR12147	0.0008105333049796499
MAR12148	0.00011193402415762378
MAR12149	5.1849070780614454e-05
MAR12150	0.0008105333049796499
MAR12151	0.00011193402415762378
MAR12152	5.1849070780614454e-05
MAR12153	0.0008105333049796499
MAR12154	3.728206335263105e-05
MAR12155	0.00011193402415762378
MAR12156	5.1849070780614454e-05
MAR12157	0.0008105333049796499
MAR12158	3.728206335263105e-05
MAR12159	0.00011193402415762378
MAR12160	5.1849070780614454e-05
MAR12161	0.0008105333049796499
MAR12162	0.00011193402415762378
MAR12163	5.1849070780614454e-05
MAR12164	0.0008105333049796499
MAR12165	0.00011193402415762378
MAR12166	5.1849070780614454e-05
MAR12167	3.728206335263105e-05
MAR12168	3.728206335263105e-05
MAR12169	0.0008105333049796499
MAR12170	9.858754595081572e-05
MAR12171	0.0008105333049796499
MAR12172	3.728206335263105e-05
MAR12173	3.728206335263105e-05
MAR12174	3.728206335263105e-05
MAR12175	3.728206335263105e-05
MAR12176	0.0008105333049796499
MAR12177	9.858754595081572e-05
MAR12178	3.728206335263105e-05
MAR12179	3.728206335263105e-05
MAR12180	0.0008105333049796499
MAR12181	9.858754595081572e-05
MAR12182	3.728206335263105e-05
MAR12183	3.728206335263105e-05
MAR12184	0.0008105333049796499
MAR12185	0.00011193402415762378
MAR12186	5.1849070780614454e-05
MAR12187	3.728206335263105e-05
MAR12188	3.728206335263105e-05
MAR12189	0.0008105333049796499
MAR12190	9.858754595081572e-05
MAR12191	3.728206335263105e-05
MAR12192	3.728206335263105e-05
MAR12193	0.0008105333049796499
MAR12194	9.858754595081572e-05
MAR12195	0.0008105333049796499
MAR12196	3.728206335263105e-05
MAR12197	3.728206335263105e-05
MAR12198	9.858754595081572e-05
MAR12199	9.858754595081572e-05
MAR12200	9.858754595081572e-05
MAR12201	9.858754595081572e-05
MAR12202	9.858754595081572e-05
MAR12203	9.858754595081572e-05
MAR12204	9.858754595081572e-05
MAR12205	9.858754595081572e-05
MAR12206	9.858754595081572e-05
MAR12207	9.858754595081572e-05
MAR12208	9.858754595081572e-05
MAR12209	9.858754595081572e-05
MAR12210	9.858754595081572e-05
MAR12211	9.858754595081572e-05
MAR12212	9.858754595081572e-05
MAR12213	9.858754595081572e-05
MAR12214	9.858754595081572e-05
MAR12215	9.858754595081572e-05
MAR12216	9.858754595081572e-05
MAR12217	9.858754595081572e-05
MAR12218	9.858754595081572e-05
MAR12219	9.858754595081572e-05
MAR12220	9.858754595081572e-05
MAR12221	9.858754595081572e-05
MAR12222	9.858754595081572e-05
MAR12223	9.858754595081572e-05
MAR12224	9.858754595081572e-05
MAR12225	9.858754595081572e-05
MAR12226	9.858754595081572e-05
MAR12227	9.858754595081572e-05
MAR12228	9.858754595081572e-05
MAR12229	9.858754595081572e-05
MAR12230	9.858754595081572e-05
MAR12231	9.858754595081572e-05
MAR12232	9.858754595081572e-05
MAR12233	9.858754595081572e-05
MAR12234	0.0008105333049796499
MAR12235	3.728206335263105e-05
MAR12236	3.728206335263105e-05
MAR12237	0.0008105333049796499
MAR12238	3.728206335263105e-05
MAR12239	3.728206335263105e-05
MAR12240	0.0008105333049796499
MAR12241	3.728206335263105e-05
MAR12242	3.728206335263105e-05
MAR12243	0.0008105333049796499
MAR12244	3.728206335263105e-05
MAR12245	3.728206335263105e-05
MAR12246	3.728206335263105e-05
MAR12247	3.728206335263105e-05
MAR12248	0.0008105333049796499
MAR12249	9.858754595081572e-05
MAR12250	3.728206335263105e-05
MAR12251	3.728206335263105e-05
MAR12252	0.0008105333049796499
MAR12253	9.858754595081572e-05
MAR12254	3.728206335263105e-05
MAR12255	3.728206335263105e-05
MAR12256	0.0008105333049796499
MAR12257	9.858754595081572e-05
MAR12258	3.728206335263105e-05
MAR12259	3.728206335263105e-05
MAR12260	0.0008105333049796499
MAR12261	9.858754595081572e-05
MAR12262	0.0008105333049796499
MAR12263	0.00011193402415762378
MAR12264	5.1849070780614454e-05
MAR12265	9.858754595081572e-05
MAR12266	0.0008105333049796499
MAR12267	0.00011193402415762378
MAR12268	5.1849070780614454e-05
MAR12269	0.0008105333049796499
MAR12270	0.00011193402415762378
MAR12271	5.1849070780614454e-05
MAR12272	3.728206335263105e-05
MAR12273	3.728206335263105e-05
MAR12274	0.0008105333049796499
MAR12275	9.858754595081572e-05
MAR12276	3.728206335263105e-05
MAR12277	3.728206335263105e-05
MAR12278	0.0008105333049796499
MAR12279	9.858754595081572e-05
MAR12280	0.0008105333049796499
MAR12281	3.728206335263105e-05
MAR12282	3.728206335263105e-05
MAR12283	9.858754595081572e-05
MAR12284	0.0008105333049796499
MAR12285	3.728206335263105e-05
MAR12286	3.728206335263105e-05
MAR12287	0.0008105333049796499
MAR12288	3.728206335263105e-05
MAR12289	3.728206335263105e-05
MAR12290	3.728206335263105e-05
MAR12291	0.0008105333049796499
MAR12292	3.728206335263105e-05
MAR12293	3.728206335263105e-05
MAR12294	0.0008105333049796499
MAR12295	0.00011193402415762378
MAR12296	5.1849070780614454e-05
MAR12297	0.0008105333049796499
MAR12298	3.728206335263105e-05
MAR12299	3.728206335263105e-05
MAR12300	0.0008105333049796499
MAR12301	0.00011193402415762378
MAR12302	5.1849070780614454e-05
MAR12303	0.0008105333049796499
MAR12304	3.728206335263105e-05
MAR12305	3.728206335263105e-05
MAR12306	0.00011193402415762378
MAR12307	5.1849070780614454e-05
MAR12308	4.758380592513524e-05
MAR12309	9.858754595081572e-05
MAR12310	9.858754595081572e-05
MAR12311	9.858754595081572e-05
MAR12312	9.858754595081572e-05
MAR12313	9.858754595081572e-05
MAR12314	9.858754595081572e-05
MAR12315	9.858754595081572e-05
MAR12316	9.858754595081572e-05
MAR12317	9.858754595081572e-05
MAR12318	4.758380592513524e-05
MAR12319	4.758380592513524e-05
MAR12320	9.858754595081572e-05
MAR12321	9.858754595081572e-05
MAR12322	9.858754595081572e-05
MAR12323	9.858754595081572e-05
MAR12324	9.858754595081572e-05
MAR12325	9.858754595081572e-05
MAR12326	9.858754595081572e-05
MAR12327	9.858754595081572e-05
MAR12328	9.858754595081572e-05
MAR12329	9.858754595081572e-05
MAR12330	9.858754595081572e-05
MAR12331	9.858754595081572e-05
MAR12332	9.858754595081572e-05
MAR12333	3.728206335263105e-05
MAR12334	9.858754595081572e-05
MAR12335	3.728206335263105e-05
MAR12336	9.858754595081572e-05
MAR12337	4.758380592513524e-05
MAR12338	9.858754595081572e-05
MAR12339	9.858754595081572e-05
MAR12340	3.728206335263105e-05
MAR12341	5.777711090937276e-05
MAR12342	4.758380592513524e-05
MAR12343	3.728206335263105e-05
MAR12344	5.777711090937276e-05
MAR12345	9.858754595081572e-05
MAR12346	3.757760626701875e-05
MAR12347	3.728206335263105e-05
MAR12348	5.777711090937276e-05
MAR12349	4.758380592513524e-05
MAR12350	5.777711090937276e-05
MAR12351	9.858754595081572e-05
MAR12352	3.757760626701875e-05
MAR12353	9.858754595081572e-05
MAR12354	9.858754595081572e-05
MAR12355	3.728206335263105e-05
MAR12356	9.858754595081572e-05
MAR12357	9.858754595081572e-05
MAR12358	9.858754595081572e-05
MAR12359	9.858754595081572e-05
MAR12360	3.728206335263105e-05
MAR12361	9.858754595081572e-05
MAR12362	3.757760626701875e-05
MAR12363	6.04287666340996e-05
MAR12364	9.858754595081572e-05
MAR12365	9.858754595081572e-05
MAR12366	9.858754595081572e-05
MAR12367	3.728206335263105e-05
MAR12368	9.858754595081572e-05
MAR12369	3.728206335263105e-05
MAR12370	9.858754595081572e-05
MAR12371	0.00749955454686122
MAR12372	0.00142662808009166
MAR12373	0.00018133333861299866
MAR12374	9.858754595081572e-05
MAR12375	3.8992591605744e-05
MAR12376	0.00018133333861299866
MAR12377	9.858754595081572e-05
MAR12378	3.757760626701875e-05
MAR12379	3.728206335263105e-05
MAR12380	9.858754595081572e-05
MAR12381	6.04287666340996e-05
MAR12382	9.858754595081572e-05
MAR12383	0.00018133333861299866
MAR12384	9.858754595081572e-05
MAR12385	3.757760626701875e-05
MAR12386	9.858754595081572e-05
MAR12387	5.87534235758285e-05
MAR12388	9.858754595081572e-05
MAR12389	9.858754595081572e-05
MAR12390	9.858754595081572e-05
MAR12391	9.858754595081572e-05
MAR12392	4.758380592513524e-05
MAR12393	3.728206335263105e-05
MAR12394	5.777711090937276e-05
MAR12395	9.858754595081572e-05
MAR12396	3.757760626701875e-05
MAR12397	4.758380592513524e-05
MAR12398	9.858754595081572e-05
MAR12399	5.777711090937276e-05
MAR12400	9.858754595081572e-05
MAR12401	3.757760626701875e-05
MAR12402	9.858754595081572e-05
MAR12403	3.728206335263105e-05
MAR12404	4.758380592513524e-05
MAR12405	9.858754595081572e-05
MAR12406	3.728206335263105e-05
MAR12407	0.00018133333861299866
MAR12408	9.858754595081572e-05
MAR12409	3.728206335263105e-05
MAR12410	0.00018133333861299866
MAR12411	9.858754595081572e-05
MAR12412	9.858754595081572e-05
MAR12413	9.858754595081572e-05
MAR12414	6.04287666340996e-05
MAR12415	9.858754595081572e-05
MAR12416	9.858754595081572e-05
MAR12417	9.858754595081572e-05
MAR12418	9.858754595081572e-05
MAR12419	9.858754595081572e-05
MAR12420	9.858754595081572e-05
MAR12421	9.858754595081572e-05
MAR12422	9.858754595081572e-05
MAR12423	6.04287666340996e-05
MAR12424	9.858754595081572e-05
MAR12425	3.728206335263105e-05
MAR12426	9.858754595081572e-05
MAR12427	6.04287666340996e-05
MAR12428	0.00018133333861299866
MAR12429	9.858754595081572e-05
MAR12430	9.858754595081572e-05
MAR12431	3.757760626701875e-05
MAR12432	3.728206335263105e-05
MAR12433	9.858754595081572e-05
MAR12434	3.728206335263105e-05
MAR12435	9.858754595081572e-05
MAR12436	6.04287666340996e-05
MAR12437	3.728206335263105e-05
MAR12438	9.858754595081572e-05
MAR12439	6.04287666340996e-05
MAR12440	3.728206335263105e-05
MAR12441	5.2702184091965004e-05
MAR12442	9.858754595081572e-05
MAR12443	6.04287666340996e-05
MAR12444	9.858754595081572e-05
MAR12445	9.858754595081572e-05
MAR12446	3.728206335263105e-05
MAR12447	9.858754595081572e-05
MAR12448	9.858754595081572e-05
MAR12449	9.858754595081572e-05
MAR12450	9.858754595081572e-05
MAR12451	9.858754595081572e-05
MAR12452	9.858754595081572e-05
MAR12453	9.858754595081572e-05
MAR12454	9.858754595081572e-05
MAR12455	3.728206335263105e-05
MAR12456	9.858754595081572e-05
MAR12457	3.728206335263105e-05
MAR12458	0.00018133333861299866
MAR12459	9.858754595081572e-05
MAR12460	8.837687463265571e-05
MAR12461	5.2702184091965004e-05
MAR12462	3.728206335263105e-05
MAR12463	9.858754595081572e-05
MAR12464	0.0008105333049796499
MAR12465	0.0008105333049796499
MAR12466	0.0008105333049796499
MAR12467	0.0008105333049796499
MAR12468	3.796882163747572e-05
MAR12469	9.858754595081572e-05
MAR12470	0.0008105333049796499
MAR12471	8.837687463265571e-05
MAR12472	0.0013944837852234763
MAR12473	3.728206335263105e-05
MAR12474	4.758380592513524e-05
MAR12475	9.858754595081572e-05
MAR12476	9.858754595081572e-05
MAR12477	9.858754595081572e-05
MAR12478	9.858754595081572e-05
MAR12479	9.858754595081572e-05
MAR12480	9.858754595081572e-05
MAR12481	9.858754595081572e-05
MAR12482	9.858754595081572e-05
MAR12483	9.858754595081572e-05
MAR12484	9.858754595081572e-05
MAR12485	9.858754595081572e-05
MAR12486	9.858754595081572e-05
MAR12487	9.858754595081572e-05
MAR12488	9.858754595081572e-05
MAR12489	9.858754595081572e-05
MAR12490	9.858754595081572e-05
MAR12491	9.858754595081572e-05
MAR12492	9.858754595081572e-05
MAR12493	9.858754595081572e-05
MAR12494	9.858754595081572e-05
MAR12495	9.858754595081572e-05
MAR12496	9.858754595081572e-05
MAR12497	4.758380592513524e-05
MAR12498	9.858754595081572e-05
MAR12499	9.858754595081572e-05
MAR12500	9.858754595081572e-05
MAR12501	9.858754595081572e-05
MAR12502	9.858754595081572e-05
MAR12503	9.858754595081572e-05
MAR12504	9.858754595081572e-05
MAR12505	9.858754595081572e-05
MAR12506	4.758380592513524e-05
MAR12507	9.858754595081572e-05
MAR12508	9.858754595081572e-05
MAR12509	0.003781585572879916
MAR12510	3.757760626701875e-05
MAR12511	3.728206335263105e-05
MAR12512	9.858754595081572e-05
MAR12513	9.858754595081572e-05
MAR12514	5.2702184091965004e-05
MAR12515	3.728206335263105e-05
MAR12516	3.728206335263105e-05
MAR12517	3.728206335263105e-05
MAR12518	3.757760626701875e-05
MAR12519	9.858754595081572e-05
MAR12520	9.858754595081572e-05
MAR12521	9.858754595081572e-05
MAR12522	9.858754595081572e-05
MAR12523	5.2702184091965004e-05
MAR12524	9.858754595081572e-05
MAR12525	9.858754595081572e-05
MAR12526	9.858754595081572e-05
MAR12527	9.858754595081572e-05
MAR12528	3.728206335263105e-05
MAR12529	9.858754595081572e-05
MAR12530	9.858754595081572e-05
MAR12531	9.858754595081572e-05
MAR12532	9.858754595081572e-05
MAR12533	3.728206335263105e-05
MAR12534	9.858754595081572e-05
MAR12535	3.728206335263105e-05
MAR12536	9.858754595081572e-05
MAR12537	0.00018133333861299866
MAR12538	9.858754595081572e-05
MAR12539	3.728206335263105e-05
MAR12540	0.0019191073763276895
MAR12541	0.00018133333861299866
MAR12542	9.858754595081572e-05
MAR12543	3.728206335263105e-05
MAR12544	0.0019191073763276895
MAR12545	0.00018133333861299866
MAR12546	9.858754595081572e-05
MAR12547	0.00018133333861299866
MAR12548	9.858754595081572e-05
MAR12549	9.858754595081572e-05
MAR12550	9.858754595081572e-05
MAR12551	3.728206335263105e-05
MAR12552	9.858754595081572e-05
MAR12553	9.858754595081572e-05
MAR12554	9.858754595081572e-05
MAR12555	9.858754595081572e-05
MAR12556	5.2702184091965004e-05
MAR12557	3.728206335263105e-05
MAR12558	3.728206335263105e-05
MAR12559	9.858754595081572e-05
MAR12560	9.858754595081572e-05
MAR12561	9.858754595081572e-05
MAR12562	0.00142662808009166
MAR12563	9.858754595081572e-05
MAR12564	3.728206335263105e-05
MAR12565	9.858754595081572e-05
MAR12566	9.858754595081572e-05
MAR12567	9.858754595081572e-05
MAR12568	9.858754595081572e-05
MAR12569	3.728206335263105e-05
MAR12570	0.00018133333861299866
MAR12571	9.858754595081572e-05
MAR12572	9.858754595081572e-05
MAR12573	9.858754595081572e-05
MAR12574	9.858754595081572e-05
MAR12575	9.858754595081572e-05
MAR12576	9.858754595081572e-05
MAR12577	9.858754595081572e-05
MAR12578	9.858754595081572e-05
MAR12579	9.858754595081572e-05
MAR12580	9.858754595081572e-05
MAR12581	9.858754595081572e-05
MAR12582	9.858754595081572e-05
MAR12583	9.858754595081572e-05
MAR12584	9.858754595081572e-05
MAR12585	9.858754595081572e-05
MAR12586	9.858754595081572e-05
MAR12587	9.858754595081572e-05
MAR12588	9.858754595081572e-05
MAR12589	9.858754595081572e-05
MAR12590	9.858754595081572e-05
MAR12591	9.858754595081572e-05
MAR12592	9.858754595081572e-05
MAR12593	9.858754595081572e-05
MAR12594	9.858754595081572e-05
MAR12595	9.858754595081572e-05
MAR12596	9.858754595081572e-05
MAR12597	9.858754595081572e-05
MAR12598	9.858754595081572e-05
MAR12599	9.858754595081572e-05
MAR12600	9.858754595081572e-05
MAR12601	9.858754595081572e-05
MAR12602	9.858754595081572e-05
MAR12603	9.858754595081572e-05
MAR12604	9.858754595081572e-05
MAR12605	9.858754595081572e-05
MAR12606	9.858754595081572e-05
MAR12607	9.858754595081572e-05
MAR12608	9.858754595081572e-05
MAR12609	9.858754595081572e-05
MAR12610	9.858754595081572e-05
MAR12611	9.858754595081572e-05
MAR12612	9.858754595081572e-05
MAR12613	9.858754595081572e-05
MAR12614	9.858754595081572e-05
MAR12615	9.858754595081572e-05
MAR12616	9.858754595081572e-05
MAR12617	9.858754595081572e-05
MAR12618	9.858754595081572e-05
MAR12619	9.858754595081572e-05
MAR12620	9.858754595081572e-05
MAR12621	9.858754595081572e-05
MAR12622	9.858754595081572e-05
MAR12623	9.858754595081572e-05
MAR12624	9.858754595081572e-05
MAR12625	9.858754595081572e-05
MAR12626	9.858754595081572e-05
MAR12627	9.858754595081572e-05
MAR12628	9.858754595081572e-05
MAR12629	9.858754595081572e-05
MAR12630	9.858754595081572e-05
MAR12631	9.858754595081572e-05
MAR12632	9.858754595081572e-05
MAR12633	9.858754595081572e-05
MAR12634	9.858754595081572e-05
MAR12635	9.858754595081572e-05
MAR12636	9.858754595081572e-05
MAR12637	9.858754595081572e-05
MAR12638	9.858754595081572e-05
MAR12639	9.858754595081572e-05
MAR12640	9.858754595081572e-05
MAR12641	9.858754595081572e-05
MAR12642	9.858754595081572e-05
MAR12643	9.858754595081572e-05
MAR12644	9.858754595081572e-05
MAR12645	9.858754595081572e-05
MAR12646	9.858754595081572e-05
MAR12647	9.858754595081572e-05
MAR12648	9.858754595081572e-05
MAR12649	9.858754595081572e-05
MAR12650	9.858754595081572e-05
MAR12651	9.858754595081572e-05
MAR12652	9.858754595081572e-05
MAR12653	9.858754595081572e-05
MAR12654	9.858754595081572e-05
MAR12655	9.858754595081572e-05
MAR12656	9.858754595081572e-05
MAR12657	9.858754595081572e-05
MAR12658	9.858754595081572e-05
MAR12659	9.858754595081572e-05
MAR12660	9.858754595081572e-05
MAR12661	9.858754595081572e-05
MAR12662	9.858754595081572e-05
MAR12663	9.858754595081572e-05
MAR12664	9.858754595081572e-05
MAR12665	9.858754595081572e-05
MAR12666	9.858754595081572e-05
MAR12667	9.858754595081572e-05
MAR12668	9.858754595081572e-05
MAR12669	9.858754595081572e-05
MAR12670	9.858754595081572e-05
MAR12671	9.858754595081572e-05
MAR12672	9.858754595081572e-05
MAR12673	9.858754595081572e-05
MAR12674	9.858754595081572e-05
MAR12675	9.858754595081572e-05
MAR12676	9.858754595081572e-05
MAR12677	9.858754595081572e-05
MAR12678	9.858754595081572e-05
MAR12679	9.858754595081572e-05
MAR12680	9.858754595081572e-05
MAR12681	9.858754595081572e-05
MAR12682	9.858754595081572e-05
MAR12683	9.858754595081572e-05
MAR12684	9.858754595081572e-05
MAR12685	9.858754595081572e-05
MAR12686	9.858754595081572e-05
MAR12687	9.858754595081572e-05
MAR12688	9.858754595081572e-05
MAR12689	9.858754595081572e-05
MAR12690	9.858754595081572e-05
MAR12691	9.858754595081572e-05
MAR12692	9.858754595081572e-05
MAR12693	9.858754595081572e-05
MAR12694	9.858754595081572e-05
MAR12695	9.858754595081572e-05
MAR12696	9.858754595081572e-05
MAR12697	9.858754595081572e-05
MAR12698	9.858754595081572e-05
MAR12699	9.858754595081572e-05
MAR12700	9.858754595081572e-05
MAR12701	9.858754595081572e-05
MAR12702	9.858754595081572e-05
MAR12703	9.858754595081572e-05
MAR12704	9.858754595081572e-05
MAR12705	9.858754595081572e-05
MAR12706	9.858754595081572e-05
MAR12707	9.858754595081572e-05
MAR12708	9.858754595081572e-05
MAR12709	9.858754595081572e-05
MAR12710	9.858754595081572e-05
MAR12711	9.858754595081572e-05
MAR12712	9.858754595081572e-05
MAR12713	9.858754595081572e-05
MAR12714	9.858754595081572e-05
MAR12715	9.858754595081572e-05
MAR12716	9.858754595081572e-05
MAR12717	9.858754595081572e-05
MAR12718	9.858754595081572e-05
MAR12719	9.858754595081572e-05
MAR12720	9.858754595081572e-05
MAR12721	9.858754595081572e-05
MAR12722	9.858754595081572e-05
MAR12723	9.858754595081572e-05
MAR12724	9.858754595081572e-05
MAR12725	9.858754595081572e-05
MAR12726	9.858754595081572e-05
MAR12727	3.757760626701875e-05
MAR12728	3.728206335263105e-05
MAR12729	9.858754595081572e-05
MAR12730	9.858754595081572e-05
MAR12731	9.858754595081572e-05
MAR12732	9.858754595081572e-05
MAR12733	9.858754595081572e-05
MAR12734	9.858754595081572e-05
MAR12735	9.858754595081572e-05
MAR12736	3.728206335263105e-05
MAR12737	0.0015937547278044232
MAR12738	3.728206335263105e-05
MAR12739	3.728206335263105e-05
MAR12740	3.728206335263105e-05
MAR12741	0.00020792599343234645
MAR12742	9.858754595081572e-05
MAR12743	9.858754595081572e-05
MAR12744	0.0014480527376335
MAR12745	9.858754595081572e-05
MAR12746	3.728206335263105e-05
MAR12747	3.728206335263105e-05
MAR12748	3.728206335263105e-05
MAR12749	3.728206335263105e-05
MAR12750	9.858754595081572e-05
MAR12751	9.858754595081572e-05
MAR12752	9.858754595081572e-05
MAR12753	9.858754595081572e-05
MAR12754	5.2702184091965004e-05
MAR12755	9.858754595081572e-05
MAR12756	3.728206335263105e-05
MAR12757	9.858754595081572e-05
MAR12758	3.728206335263105e-05
MAR12759	9.858754595081572e-05
MAR12760	5.2702184091965004e-05
MAR12761	3.728206335263105e-05
MAR12762	9.858754595081572e-05
MAR12763	3.728206335263105e-05
MAR12764	9.858754595081572e-05
MAR12765	9.858754595081572e-05
MAR12766	9.858754595081572e-05
MAR12767	3.728206335263105e-05
MAR12768	9.858754595081572e-05
MAR12769	9.858754595081572e-05
MAR12770	3.728206335263105e-05
MAR12771	9.858754595081572e-05
MAR12772	9.858754595081572e-05
MAR12773	9.858754595081572e-05
MAR12774	9.858754595081572e-05
MAR12775	3.728206335263105e-05
MAR12776	5.2702184091965004e-05
MAR12777	4.758380592513524e-05
MAR12778	4.758380592513524e-05
MAR12779	4.758380592513524e-05
MAR12780	4.758380592513524e-05
MAR12781	4.758380592513524e-05
MAR12782	5.2702184091965004e-05
MAR12783	9.858754595081572e-05
MAR12784	9.858754595081572e-05
MAR12785	9.858754595081572e-05
MAR12786	5.2702184091965004e-05
MAR12787	0.0008105333049796499
MAR12788	0.0008105333049796499
MAR12789	9.858754595081572e-05
MAR12790	3.728206335263105e-05
MAR12791	9.858754595081572e-05
MAR12792	3.728206335263105e-05
MAR12793	0.00018133333861299866
MAR12794	4.758380592513524e-05
MAR12795	9.858754595081572e-05
MAR12796	9.858754595081572e-05
MAR12797	9.858754595081572e-05
MAR12798	9.858754595081572e-05
MAR12799	9.858754595081572e-05
MAR12800	9.858754595081572e-05
MAR12801	9.858754595081572e-05
MAR12802	9.858754595081572e-05
MAR12803	9.858754595081572e-05
MAR12804	9.858754595081572e-05
MAR12805	9.858754595081572e-05
MAR12806	3.728206335263105e-05
MAR12807	9.858754595081572e-05
MAR12808	0.00142662808009166
MAR12809	9.858754595081572e-05
MAR12810	9.858754595081572e-05
MAR12811	0.00018133333861299866
MAR12812	3.728206335263105e-05
MAR12813	9.858754595081572e-05
MAR12814	9.858754595081572e-05
MAR12815	3.728206335263105e-05
MAR12816	0.00018133333861299866
MAR12817	3.728206335263105e-05
MAR12818	3.728206335263105e-05
MAR12819	9.858754595081572e-05
MAR12820	3.757760626701875e-05
MAR12821	0.00018133333861299866
MAR12822	9.858754595081572e-05
MAR12823	0.00018133333861299866
MAR12824	9.858754595081572e-05
MAR12825	9.858754595081572e-05
MAR12826	3.757760626701875e-05
MAR12827	9.858754595081572e-05
MAR12828	0.00018133333861299866
MAR12829	9.858754595081572e-05
MAR12830	9.858754595081572e-05
MAR12831	0.00018133333861299866
MAR12832	3.728206335263105e-05
MAR12833	9.858754595081572e-05
MAR12834	9.858754595081572e-05
MAR12835	3.757760626701875e-05
MAR12836	9.858754595081572e-05
MAR12837	9.858754595081572e-05
MAR12838	5.2702184091965004e-05
MAR12839	0.0019191073763276895
MAR12840	9.858754595081572e-05
MAR12841	5.2702184091965004e-05
MAR12842	9.858754595081572e-05
MAR12843	3.728206335263105e-05
MAR12844	3.728206335263105e-05
MAR12845	9.858754595081572e-05
MAR12846	9.858754595081572e-05
MAR12847	3.728206335263105e-05
MAR12848	9.858754595081572e-05
MAR12849	9.858754595081572e-05
MAR12850	0.0008105333049796499
MAR12851	9.858754595081572e-05
MAR12852	5.2702184091965004e-05
MAR12853	9.858754595081572e-05
MAR12854	9.858754595081572e-05
MAR12855	9.858754595081572e-05
MAR12856	9.858754595081572e-05
MAR12857	9.858754595081572e-05
MAR12858	9.858754595081572e-05
MAR12859	9.858754595081572e-05
MAR12860	3.728206335263105e-05
MAR12861	9.858754595081572e-05
MAR12862	9.858754595081572e-05
MAR12863	9.858754595081572e-05
MAR12864	3.728206335263105e-05
MAR12865	9.858754595081572e-05
MAR12866	9.858754595081572e-05
MAR12867	3.728206335263105e-05
MAR12868	9.858754595081572e-05
MAR12869	3.728206335263105e-05
MAR12870	0.00018133333861299866
MAR12871	9.858754595081572e-05
MAR12872	9.858754595081572e-05
MAR12873	9.858754595081572e-05
MAR12874	9.858754595081572e-05
MAR12875	9.858754595081572e-05
MAR12876	9.858754595081572e-05
MAR12877	9.858754595081572e-05
MAR12878	9.858754595081572e-05
MAR12879	9.858754595081572e-05
MAR12880	9.858754595081572e-05
MAR12881	9.858754595081572e-05
MAR12882	9.858754595081572e-05
MAR12883	9.858754595081572e-05
MAR12884	9.858754595081572e-05
MAR12885	9.858754595081572e-05
MAR12886	9.858754595081572e-05
MAR12887	9.858754595081572e-05
MAR12888	9.858754595081572e-05
MAR12889	9.858754595081572e-05
MAR12890	9.858754595081572e-05
MAR12891	9.858754595081572e-05
MAR12892	9.858754595081572e-05
MAR12893	9.858754595081572e-05
MAR12894	9.858754595081572e-05
MAR12895	9.858754595081572e-05
MAR12896	9.858754595081572e-05
MAR12897	9.858754595081572e-05
MAR12898	9.858754595081572e-05
MAR12899	9.858754595081572e-05
MAR12900	9.858754595081572e-05
MAR12901	9.858754595081572e-05
MAR12902	9.858754595081572e-05
MAR12903	9.858754595081572e-05
MAR12904	9.858754595081572e-05
MAR12905	9.858754595081572e-05
MAR12906	9.858754595081572e-05
MAR12907	9.858754595081572e-05
MAR12908	9.858754595081572e-05
MAR12909	9.858754595081572e-05
MAR12910	9.858754595081572e-05
MAR12911	9.858754595081572e-05
MAR12912	9.858754595081572e-05
MAR12913	9.858754595081572e-05
MAR12914	9.858754595081572e-05
MAR12915	9.858754595081572e-05
MAR12916	9.858754595081572e-05
MAR12917	9.858754595081572e-05
MAR12918	9.858754595081572e-05
MAR12919	9.858754595081572e-05
MAR12920	9.858754595081572e-05
MAR12921	9.858754595081572e-05
MAR12922	9.858754595081572e-05
MAR12923	9.858754595081572e-05
MAR12924	9.858754595081572e-05
MAR12925	9.858754595081572e-05
MAR12926	9.858754595081572e-05
MAR12927	9.858754595081572e-05
MAR12928	9.858754595081572e-05
MAR12929	9.858754595081572e-05
MAR12930	9.858754595081572e-05
MAR12931	9.858754595081572e-05
MAR12932	9.858754595081572e-05
MAR12933	9.858754595081572e-05
MAR12934	9.858754595081572e-05
MAR12935	9.858754595081572e-05
MAR12936	9.858754595081572e-05
MAR12937	9.858754595081572e-05
MAR12938	9.858754595081572e-05
MAR12939	9.858754595081572e-05
MAR12940	9.858754595081572e-05
MAR12941	9.858754595081572e-05
MAR12942	9.858754595081572e-05
MAR12943	9.858754595081572e-05
MAR12944	9.858754595081572e-05
MAR12945	9.858754595081572e-05
MAR12946	9.858754595081572e-05
MAR12947	9.858754595081572e-05
MAR12948	9.858754595081572e-05
MAR12949	9.858754595081572e-05
MAR12950	9.858754595081572e-05
MAR12951	9.858754595081572e-05
MAR12952	9.858754595081572e-05
MAR12953	9.858754595081572e-05
MAR12954	9.858754595081572e-05
MAR12955	9.858754595081572e-05
MAR12956	9.858754595081572e-05
MAR12957	9.858754595081572e-05
MAR12958	9.858754595081572e-05
MAR12959	9.858754595081572e-05
MAR12960	9.858754595081572e-05
MAR12961	9.858754595081572e-05
MAR12962	9.858754595081572e-05
MAR12963	9.858754595081572e-05
MAR12964	9.858754595081572e-05
MAR12965	9.858754595081572e-05
MAR12966	9.858754595081572e-05
MAR12967	9.858754595081572e-05
MAR12968	9.858754595081572e-05
MAR12969	9.858754595081572e-05
MAR12970	9.858754595081572e-05
MAR12971	9.858754595081572e-05
MAR12972	9.858754595081572e-05
MAR12973	9.858754595081572e-05
MAR12974	9.858754595081572e-05
MAR12975	9.858754595081572e-05
MAR12976	9.858754595081572e-05
MAR12977	9.858754595081572e-05
MAR12978	9.858754595081572e-05
MAR12979	9.858754595081572e-05
MAR12980	9.858754595081572e-05
MAR12981	9.858754595081572e-05
MAR12982	9.858754595081572e-05
MAR12983	9.858754595081572e-05
MAR12984	9.858754595081572e-05
MAR12985	9.858754595081572e-05
MAR12986	9.858754595081572e-05
MAR12987	9.858754595081572e-05
MAR12988	9.858754595081572e-05
MAR12989	9.858754595081572e-05
MAR12990	9.858754595081572e-05
MAR12991	9.858754595081572e-05
MAR12992	9.858754595081572e-05
MAR12993	9.858754595081572e-05
MAR12994	9.858754595081572e-05
MAR12995	9.858754595081572e-05
MAR12996	9.858754595081572e-05
MAR12997	9.858754595081572e-05
MAR12998	9.858754595081572e-05
MAR12999	9.858754595081572e-05
MAR13000	9.858754595081572e-05
MAR13001	9.858754595081572e-05
MAR13002	9.858754595081572e-05
MAR13003	9.858754595081572e-05
MAR13004	9.858754595081572e-05
MAR13005	9.858754595081572e-05
MAR13006	9.858754595081572e-05
MAR13007	9.858754595081572e-05
MAR13008	9.858754595081572e-05
MAR13009	9.858754595081572e-05
MAR13010	9.858754595081572e-05
MAR13011	9.858754595081572e-05
MAR13012	9.858754595081572e-05
MAR13013	9.858754595081572e-05
MAR13014	9.858754595081572e-05
MAR13015	9.858754595081572e-05
MAR13016	9.858754595081572e-05
MAR13017	9.858754595081572e-05
MAR13018	9.858754595081572e-05
MAR13019	9.858754595081572e-05
MAR13020	9.858754595081572e-05
MAR13021	9.858754595081572e-05
MAR13022	9.858754595081572e-05
MAR13023	9.858754595081572e-05
MAR13024	9.858754595081572e-05
MAR13025	9.858754595081572e-05
MAR13026	9.858754595081572e-05
MAR13027	9.858754595081572e-05
MAR13028	9.858754595081572e-05
MAR13029	9.858754595081572e-05
MAR13030	9.858754595081572e-05
MAR13031	9.858754595081572e-05
MAR13032	9.858754595081572e-05
MAR13033	9.858754595081572e-05
MAR13034	9.858754595081572e-05
MAR13035	9.858754595081572e-05
MAR13036	9.858754595081572e-05
MAR13037	9.858754595081572e-05
MAR13038	9.858754595081572e-05
MAR13039	9.858754595081572e-05
MAR13040	9.858754595081572e-05
MAR13041	9.858754595081572e-05
MAR13042	9.858754595081572e-05
MAR13043	9.858754595081572e-05
MAR13044	9.858754595081572e-05
MAR13045	9.858754595081572e-05
MAR13046	9.858754595081572e-05
MAR13047	9.858754595081572e-05
MAR13048	9.858754595081572e-05
MAR13049	9.858754595081572e-05
MAR13050	9.858754595081572e-05
MAR13051	9.858754595081572e-05
MAR13052	9.858754595081572e-05
MAR13053	9.858754595081572e-05
MAR13054	9.858754595081572e-05
MAR13055	9.858754595081572e-05
MAR13056	9.858754595081572e-05
MAR13057	9.858754595081572e-05
MAR13058	9.858754595081572e-05
MAR13059	9.858754595081572e-05
MAR13060	9.858754595081572e-05
MAR13061	9.858754595081572e-05
MAR13062	9.858754595081572e-05
MAR13063	9.858754595081572e-05
MAR13065	9.858754595081572e-05
MAR13067	9.858754595081572e-05
MAR13068	9.858754595081572e-05
MAR13069	9.858754595081572e-05
MAR13070	9.858754595081572e-05
MAR13071	9.858754595081572e-05
MAR13072	9.858754595081572e-05
MAR13073	9.858754595081572e-05
MAR13074	9.858754595081572e-05
MAR13075	9.858754595081572e-05
MAR13076	9.858754595081572e-05
MAR13077	9.858754595081572e-05
MAR13078	9.858754595081572e-05
MAR13079	0.008699975623770954
MAR13080	0.0007857405900661217
MAR13081	1.0
MAR10023	9.858754595081572e-05
MAR10024	9.858754595081572e-05
MAR10026	9.858754595081572e-05
MAR10027	9.858754595081572e-05
MAR10028	9.858754595081572e-05
MAR10029	9.858754595081572e-05
MAR10030	9.858754595081572e-05
MAR10031	9.858754595081572e-05
MAR10033	9.858754595081572e-05
MAR10034	9.858754595081572e-05
MAR10035	9.858754595081572e-05
MAR10036	9.858754595081572e-05
MAR10037	9.858754595081572e-05
MAR10038	9.858754595081572e-05
MAR10039	9.858754595081572e-05
MAR10040	9.858754595081572e-05
MAR10041	9.858754595081572e-05
MAR10042	9.858754595081572e-05
MAR10043	9.858754595081572e-05
MAR10044	9.858754595081572e-05
MAR10045	9.858754595081572e-05
MAR10046	9.858754595081572e-05
MAR10047	9.858754595081572e-05
MAR10048	9.858754595081572e-05
MAR10049	9.858754595081572e-05
MAR10050	9.858754595081572e-05
MAR10051	9.858754595081572e-05
MAR10052	9.858754595081572e-05
MAR10053	9.858754595081572e-05
MAR10054	9.858754595081572e-05
MAR10055	9.858754595081572e-05
MAR10056	9.858754595081572e-05
MAR10057	9.858754595081572e-05
MAR10058	9.858754595081572e-05
MAR10059	9.858754595081572e-05
MAR10060	9.858754595081572e-05
MAR10061	0.0016744564581749018
MAR10062	9.858754595081572e-05
MAR10063	9.858754595081572e-05
MAR10064	9.858754595081572e-05
MAR10065	9.858754595081572e-05
MAR13082	1.0
MAR10066	0.0027747754907322506
MAR10067	0.00032050416278601947
MAR10068	9.858754595081572e-05
MAR10069	9.858754595081572e-05
MAR10070	9.858754595081572e-05
MAR10071	0.0008884290819744777
MAR10072	0.0008884290819744777
MAR10073	0.0008105333049796499
MAR10074	9.858754595081572e-05
MAR10075	0.0008105333049796499
MAR10076	9.858754595081572e-05
MAR10077	9.858754595081572e-05
MAR10078	9.858754595081572e-05
MAR10079	0.0008105333049796499
MAR10080	9.858754595081572e-05
MAR10081	9.858754595081572e-05
MAR10082	0.0008105333049796499
MAR10083	9.858754595081572e-05
MAR10084	9.858754595081572e-05
MAR10085	9.858754595081572e-05
MAR10086	9.858754595081572e-05
MAR10087	9.858754595081572e-05
MAR10088	9.858754595081572e-05
MAR10089	9.858754595081572e-05
MAR10090	9.858754595081572e-05
MAR10091	9.858754595081572e-05
MAR10092	9.858754595081572e-05
MAR10093	9.858754595081572e-05
MAR10094	9.858754595081572e-05
MAR10095	9.858754595081572e-05
MAR10096	9.858754595081572e-05
MAR10097	9.858754595081572e-05
MAR10098	9.858754595081572e-05
MAR10099	9.858754595081572e-05
MAR10100	0.0008105333049796499
MAR10101	0.0008105333049796499
MAR10102	0.0008105333049796499
MAR10103	0.0008105333049796499
MAR10104	0.0008105333049796499
MAR10105	9.858754595081572e-05
MAR10106	9.858754595081572e-05
MAR10107	9.858754595081572e-05
MAR10108	9.858754595081572e-05
MAR10109	0.0008105333049796499
MAR10110	0.0008105333049796499
MAR10111	9.858754595081572e-05
MAR10112	9.858754595081572e-05
MAR10113	9.858754595081572e-05
MAR10114	9.858754595081572e-05
MAR10115	0.0008105333049796499
MAR10116	4.055839119685552e-05
MAR10117	0.0008105333049796499
MAR10118	5.1849070780614454e-05
MAR10119	5.1849070780614454e-05
MAR10120	5.1849070780614454e-05
MAR10121	9.858754595081572e-05
MAR10122	9.858754595081572e-05
MAR10123	9.858754595081572e-05
MAR10124	9.858754595081572e-05
MAR10125	0.0008105333049796499
MAR10126	0.0008105333049796499
MAR10127	5.1849070780614454e-05
MAR10128	9.858754595081572e-05
MAR10129	9.858754595081572e-05
MAR10130	9.858754595081572e-05
MAR10131	9.858754595081572e-05
MAR10132	9.858754595081572e-05
MAR13083	3.728206335263105e-05
MAR13084	9.858754595081572e-05
MAR13085	9.858754595081572e-05
MAR13086	0.005546209333458422
MAR13087	3.851644088730532e-05
MAR20001	4.102339821320018e-05
MAR20003	4.102339821320018e-05
MAR20005	4.102339821320018e-05
MAR20006	0.009242668090335308
MAR20007	4.102339821320018e-05
MAR20008	0.009242668090335308
MAR20009	4.102339821320018e-05
MAR20010	4.102339821320018e-05
MAR20011	0.0001489551637521276
MAR20013	4.825693256195158e-05
MAR20016	0.0011456683312159623
MAR20017	0.0011456683312159623
MAR20018	0.0009488105283726931
MAR20019	0.0009488105283726931
MAR20021	4.5942101016318514e-05
MAR20022	4.5942101016318514e-05
MAR20023	4.5942101016318514e-05
MAR20024	4.5942101016318514e-05
MAR20025	4.5942101016318514e-05
MAR20026	4.5942101016318514e-05
MAR20027	4.5942101016318514e-05
MAR20028	4.5942101016318514e-05
MAR20029	4.5942101016318514e-05
MAR20030	4.5942101016318514e-05
MAR20031	4.5942101016318514e-05
MAR20032	4.5942101016318514e-05
MAR20033	0.0013506080852476025
MAR20034	0.0013506080852476025
MAR20035	0.0013506080852476025
MAR20036	0.0013506080852476025
MAR20037	0.0011456683312159623
MAR20038	0.0011456683312159623
MAR20039	0.0011456683312159623
MAR20040	0.0011456683312159623
MAR20041	0.0011456683312159623
MAR20042	0.0011456683312159623
MAR20043	0.0011456683312159623
MAR20044	0.009242668090335308
MAR20046	0.0006201329683062637
MAR20047	0.0006201329683062637
MAR20048	0.0006201329683062637
MAR20049	0.0006201329683062637
MAR20050	0.0006201329683062637
MAR20051	0.0006201329683062637
MAR20053	0.0006201329683062637
MAR20054	0.0006201329683062637
MAR20055	0.0006201329683062637
MAR20056	0.0006201329683062637
MAR20057	0.0006201329683062637
MAR20058	0.0006201329683062637
MAR20059	0.0006201329683062637
MAR20060	0.0006201329683062637
MAR20061	0.0006201329683062637
MAR20062	0.0006201329683062637
MAR20063	0.0006201329683062637
MAR20064	0.0006201329683062637
MAR20065	0.0006201329683062637
MAR20067	3.728206335263105e-05
MAR20068	3.728206335263105e-05
MAR20069	0.0029699973034108392
MAR20070	4.2131772740275936e-05
MAR20071	0.00019114477244555936
MAR20072	0.00019114477244555936
MAR20073	0.000603188200646539
MAR20074	0.000603188200646539
MAR20075	0.000603188200646539
MAR20076	0.000603188200646539
MAR20077	0.000603188200646539
MAR20078	0.000603188200646539
MAR20079	0.000603188200646539
MAR20080	0.000603188200646539
MAR20081	0.000603188200646539
MAR20082	0.000603188200646539
MAR20083	0.000603188200646539
MAR20084	0.000603188200646539
MAR20085	0.000603188200646539
MAR20086	0.000603188200646539
MAR20087	0.000603188200646539
MAR20088	0.000603188200646539
MAR20090	0.0008256436462359654
MAR20091	0.0008256436462359654
MAR20092	0.0008256436462359654
MAR20093	0.0006438287994418685
MAR20094	0.0006438287994418685
MAR20095	0.0006438287994418685
MAR20096	0.0006438287994418685
MAR20097	0.0006438287994418685
MAR20098	0.0020116731412722984
MAR20099	0.0005762389612675284
MAR20100	0.0005762389612675284
MAR20101	0.0005762389612675284
MAR20102	0.0006873635613574141
MAR20103	0.0006873635613574141
MAR20104	0.0006873635613574141
MAR20105	0.0006873635613574141
MAR20106	0.0006873635613574141
MAR20107	0.0006873635613574141
MAR20108	0.0006873635613574141
MAR20109	0.0006873635613574141
MAR20110	0.002215768491321413
MAR20111	3.881962819015248e-05
MAR20112	6.72274093948909e-05
MAR20113	9.858754595081572e-05
MAR20114	0.00142662808009166
MAR20115	0.001463862606028542
MAR20116	0.001463862606028542
MAR20117	0.0005673806944082855
MAR20118	0.001463862606028542
MAR20119	0.001463862606028542
MAR20120	0.001463862606028542
MAR20121	0.001463862606028542
MAR20122	0.001463862606028542
MAR20123	0.001463862606028542
MAR20124	0.001463862606028542
MAR20125	0.001463862606028542
MAR20126	0.001463862606028542
MAR20127	0.001463862606028542
MAR20128	0.001463862606028542
MAR20129	0.001463862606028542
MAR20130	0.001463862606028542
MAR20131	0.001463862606028542
MAR20132	0.0008178718621734115
MAR20133	0.0008178718621734115
MAR20134	0.0008178718621734115
MAR20135	0.0008178718621734115
MAR20136	0.0008178718621734115
MAR20137	0.0008178718621734115
MAR20138	0.0008178718621734115
MAR20139	0.0008178718621734115
MAR20140	0.0008178718621734115
MAR20141	0.0008178718621734115
MAR20142	0.0008178718621734115
MAR20143	0.0008178718621734115
MAR20144	0.0008178718621734115
MAR20145	0.0008178718621734115
MAR20146	0.0008178718621734115
MAR20147	0.0008178718621734115
MAR20148	0.0008178718621734115
MAR20149	0.0008178718621734115
MAR20150	0.0008178718621734115
MAR20151	0.0008178718621734115
MAR20152	0.0006117128944627454
MAR20153	0.0006117128944627454
MAR20154	0.0006117128944627454
MAR20155	0.0006117128944627454
MAR20156	0.0006117128944627454
MAR20157	0.0006117128944627454
MAR20158	0.0006117128944627454
MAR20159	0.0006117128944627454
MAR20160	0.0006117128944627454
MAR20161	0.0006117128944627454
MAR20162	0.0006117128944627454
MAR20163	0.0006117128944627454
MAR20164	0.0008178718621734115
MAR20165	0.0008178718621734115
MAR20166	0.0008178718621734115
MAR20167	0.00018589133318131393
MAR20168	0.0002800968400911349
MAR20169	3.8533767433270495e-05
MAR20170	0.002188839859397899
MAR20171	0.002188839859397899
MAR20172	0.002188839859397899
MAR20173	0.004609970838673948
MAR20174	0.00019260087064277748
MAR20175	0.00019260087064277748
MAR20176	0.00019260087064277748
MAR20177	0.00039173324066823085
MAR20178	0.00039173324066823085
MAR20179	9.858754595081572e-05
MAR20180	9.858754595081572e-05
MAR20181	0.0003393705988089005
MAR20182	0.0003393705988089005
MAR20183	0.0003393705988089005
