reaction	linear_coefficient
MAR03905	[3.728206335263105e-05]
MAR03907	[np.float64(9.858754595081572e-05)]
MAR04097	[np.float64(9.858754595081572e-05)]
MAR04099	[np.float64(9.858754595081572e-05)]
MAR04108	[np.float64(9.858754595081572e-05)]
MAR04133	[np.float64(9.858754595081572e-05)]
MAR04281	[3.728206335263105e-05]
MAR04388	[3.728206335263105e-05]
MAR04283	[np.float64(9.858754595081572e-05)]
MAR08357	[np.float64(9.858754595081572e-05)]
MAR04379	[5.777711090937276e-05]
MAR04301	[5.777711090937276e-05]
MAR04355	[np.float64(9.858754595081572e-05)]
MAR04358	[3.728206335263105e-05]
MAR04360	[np.float64(9.858754595081572e-05)]
MAR04363	[3.728206335263105e-05]
MAR04365	[3.728206335263105e-05]
MAR04368	[3.728206335263105e-05]
MAR04370	[np.float64(9.858754595081572e-05)]
MAR04371	[3.728206335263105e-05]
MAR04372	[np.float64(9.858754595081572e-05)]
MAR04373	[3.728206335263105e-05]
MAR04375	[np.float64(9.858754595081572e-05)]
MAR04377	[0.0062946839618430285]
MAR04381	[np.float64(9.858754595081572e-05)]
MAR04391	[3.728206335263105e-05]
MAR04394	[3.728206335263105e-05]
MAR04396	[np.float64(9.858754595081572e-05)]
MAR04521	[np.float64(9.858754595081572e-05)]
MAR06412	[np.float64(9.858754595081572e-05)]
MAR07745	[np.float64(9.858754595081572e-05)]
MAR07747	[np.float64(9.858754595081572e-05)]
MAR08360	[np.float64(9.858754595081572e-05)]
MAR08652	[np.float64(9.858754595081572e-05)]
MAR08757	[0.006177830639118772]
MAR03989	[np.float64(9.858754595081572e-05)]
MAR04122	[np.float64(9.858754595081572e-05)]
MAR04837	[np.float64(9.858754595081572e-05)]
MAR05395	[3.728206335263105e-05]
MAR05396	[3.728206335263105e-05]
MAR09727	[np.float64(9.858754595081572e-05)]
MAR05397	[np.float64(9.858754595081572e-05)]
MAR05398	[5.2037787008389905e-05]
MAR05399	[np.float64(9.858754595081572e-05)]
MAR05400	[np.float64(9.858754595081572e-05)]
MAR05401	[5.2037787008389905e-05]
MAR08568	[0.0062946839618430285]
MAR08569	[0.0062946839618430285]
MAR08570	[0.0062946839618430285]
MAR08571	[0.0062946839618430285]
MAR08572	[0.0062946839618430285]
MAR08573	[0.0062946839618430285]
MAR08574	[0.0062946839618430285]
MAR08575	[0.0062946839618430285]
MAR08576	[0.0062946839618430285]
MAR08577	[0.0062946839618430285]
MAR08578	[0.0062946839618430285]
MAR08579	[0.0062946839618430285]
MAR08581	[0.0062946839618430285]
MAR08591	[np.float64(9.858754595081572e-05)]
MAR08592	[np.float64(9.858754595081572e-05)]
MAR08580	[0.0062946839618430285]
MAR08582	[0.0062946839618430285]
MAR08587	[np.float64(9.858754595081572e-05)]
MAR08589	[np.float64(9.858754595081572e-05)]
MAR08583	[0.005312458535612697]
MAR08584	[0.00762995585464111]
MAR08585	[np.float64(9.858754595081572e-05)]
MAR03944	[np.float64(9.858754595081572e-05)]
MAR04128	[np.float64(9.858754595081572e-05)]
MAR04130	[np.float64(9.858754595081572e-05)]
MAR04131	[np.float64(9.858754595081572e-05)]
MAR04132	[np.float64(9.858754595081572e-05)]
MAR04303	[np.float64(9.858754595081572e-05)]
MAR04414	[np.float64(9.858754595081572e-05)]
MAR04415	[np.float64(9.858754595081572e-05)]
MAR04416	[7.793233686209772e-05]
MAR04831	[np.float64(9.858754595081572e-05)]
MAR04832	[np.float64(9.858754595081572e-05)]
MAR07674	[np.float64(9.858754595081572e-05)]
MAR08761	[0.00459697388961915]
MAR08762	[np.float64(9.858754595081572e-05)]
MAR08764	[0.006361782362284913]
MAR08766	[3.728206335263105e-05]
MAR08767	[np.float64(9.858754595081572e-05)]
MAR00454	[np.float64(9.858754595081572e-05)]
MAR04297	[np.float64(9.858754595081572e-05)]
MAR04310	[0.00459697388961915]
MAR04315	[np.float64(9.858754595081572e-05)]
MAR04316	[3.728206335263105e-05]
MAR04317	[np.float64(9.858754595081572e-05)]
MAR04318	[np.float64(9.858754595081572e-05)]
MAR04319	[3.728206335263105e-05]
MAR04320	[np.float64(9.858754595081572e-05)]
MAR04356	[np.float64(9.858754595081572e-05)]
MAR04383	[np.float64(9.858754595081572e-05)]
MAR04385	[np.float64(9.858754595081572e-05)]
MAR04386	[np.float64(9.858754595081572e-05)]
MAR04387	[np.float64(9.858754595081572e-05)]
MAR04399	[np.float64(9.858754595081572e-05)]
MAR04400	[np.float64(9.858754595081572e-05)]
MAR04401	[np.float64(9.858754595081572e-05)]
MAR04402	[np.float64(9.858754595081572e-05)]
MAR04403	[np.float64(9.858754595081572e-05)]
MAR04490	[3.728206335263105e-05]
MAR04706	[np.float64(9.858754595081572e-05)]
MAR08768	[np.float64(9.858754595081572e-05)]
MAR04590	[np.float64(9.858754595081572e-05)]
MAR04591	[np.float64(9.858754595081572e-05)]
MAR04592	[3.728206335263105e-05]
MAR04593	[np.float64(9.858754595081572e-05)]
MAR04594	[0.005212195627334101]
MAR04595	[np.float64(9.858754595081572e-05)]
MAR08341	[3.728206335263105e-05]
MAR08342	[np.float64(9.858754595081572e-05)]
MAR08344	[np.float64(9.858754595081572e-05)]
MAR08352	[np.float64(9.858754595081572e-05)]
MAR08353	[np.float64(9.858754595081572e-05)]
MAR08726	[np.float64(9.858754595081572e-05)]
MAR08727	[np.float64(9.858754595081572e-05)]
MAR08728	[np.float64(9.858754595081572e-05)]
MAR08729	[np.float64(9.858754595081572e-05)]
MAR06537	[np.float64(9.858754595081572e-05)]
MAR01568	[np.float64(9.858754595081572e-05)]
MAR03853	[3.728206335263105e-05]
MAR03854	[3.728206335263105e-05]
MAR03855	[3.728206335263105e-05]
MAR03857	[np.float64(9.858754595081572e-05)]
MAR03859	[0.004976056526263763]
MAR04087	[np.float64(9.858754595081572e-05)]
MAR04089	[np.float64(9.858754595081572e-05)]
MAR04091	[np.float64(9.858754595081572e-05)]
MAR04093	[0.006616541921414123]
MAR04095	[0.006616541921414123]
MAR04101	[0.00762995585464111]
MAR04103	[np.float64(9.858754595081572e-05)]
MAR04143	[np.float64(9.858754595081572e-05)]
MAR04193	[3.728206335263105e-05]
MAR08497	[3.728206335263105e-05]
MAR08498	[0.006177830639118772]
MAR08499	[0.006177830639118772]
MAR08500	[3.728206335263105e-05]
MAR08501	[np.float64(9.858754595081572e-05)]
MAR08502	[3.728206335263105e-05]
MAR08503	[np.float64(9.858754595081572e-05)]
MAR08504	[np.float64(9.858754595081572e-05)]
MAR08506	[np.float64(9.858754595081572e-05)]
MAR08507	[3.728206335263105e-05]
MAR08508	[3.728206335263105e-05]
MAR08509	[3.728206335263105e-05]
MAR08511	[np.float64(9.858754595081572e-05)]
MAR08512	[0.004976056526263763]
MAR08514	[0.004976056526263763]
MAR08516	[np.float64(9.858754595081572e-05)]
MAR08517	[np.float64(9.858754595081572e-05)]
MAR04280	[np.float64(9.858754595081572e-05)]
MAR00153	[np.float64(9.858754595081572e-05)]
MAR03212	[np.float64(9.858754595081572e-05)]
MAR03797	[np.float64(9.858754595081572e-05)]
MAR03800	[np.float64(9.858754595081572e-05)]
MAR04105	[0.00459697388961915]
MAR04106	[0.00459697388961915]
MAR04107	[0.00459697388961915]
MAR04282	[np.float64(9.858754595081572e-05)]
MAR04331	[np.float64(9.858754595081572e-05)]
MAR04459	[np.float64(9.858754595081572e-05)]
MAR04460	[np.float64(9.858754595081572e-05)]
MAR04464	[np.float64(9.858754595081572e-05)]
MAR04497	[3.728206335263105e-05]
MAR04741	[np.float64(9.858754595081572e-05)]
MAR08078	[np.float64(9.858754595081572e-05)]
MAR09803	[np.float64(9.858754595081572e-05)]
MAR09804	[3.728206335263105e-05]
MAR00718	[np.float64(9.858754595081572e-05)]
MAR00719	[np.float64(9.858754595081572e-05)]
MAR01434	[np.float64(9.858754595081572e-05)]
MAR01436	[np.float64(9.858754595081572e-05)]
MAR03163	[np.float64(9.858754595081572e-05)]
MAR04461	[np.float64(9.858754595081572e-05)]
MAR04604	[np.float64(9.858754595081572e-05)]
MAR05351	[np.float64(9.858754595081572e-05)]
MAR07709	[np.float64(9.858754595081572e-05)]
MAR04052	[3.728206335263105e-05]
MAR04304	[3.728206335263105e-05]
MAR04350	[np.float64(9.858754595081572e-05)]
MAR04351	[np.float64(9.858754595081572e-05)]
MAR04352	[np.float64(9.858754595081572e-05)]
MAR04354	[np.float64(9.858754595081572e-05)]
MAR04398	[np.float64(9.858754595081572e-05)]
MAR04404	[3.891759217537176e-05]
MAR04473	[4.188352170862891e-05]
MAR04474	[4.188352170862891e-05]
MAR04476	[np.float64(9.858754595081572e-05)]
MAR04477	[np.float64(9.858754595081572e-05)]
MAR04501	[3.891759217537176e-05]
MAR04565	[3.728206335263105e-05]
MAR04567	[5.777711090937276e-05]
MAR09799	[np.float64(9.858754595081572e-05)]
MAR09800	[0.00459697388961915]
MAR04623	[np.float64(9.858754595081572e-05)]
MAR04625	[np.float64(9.858754595081572e-05)]
MAR04710	[np.float64(9.858754595081572e-05)]
MAR04841	[np.float64(9.858754595081572e-05)]
MAR08074	[np.float64(9.858754595081572e-05)]
MAR08653	[np.float64(9.858754595081572e-05)]
MAR03998	[7.814251217446359e-05]
MAR04000	[np.float64(9.858754595081572e-05)]
MAR04002	[np.float64(9.858754595081572e-05)]
MAR04004	[np.float64(9.858754595081572e-05)]
MAR04010	[3.728206335263105e-05]
MAR04081	[3.728206335263105e-05]
MAR04082	[3.728206335263105e-05]
MAR04012	[np.float64(9.858754595081572e-05)]
MAR04014	[np.float64(9.858754595081572e-05)]
MAR04020	[5.1849070780614454e-05]
MAR04022	[np.float64(9.858754595081572e-05)]
MAR04038	[7.357392500714337e-05]
MAR04040	[3.728206335263105e-05]
MAR04042	[np.float64(9.858754595081572e-05)]
MAR04046	[np.float64(9.858754595081572e-05)]
MAR04048	[np.float64(9.858754595081572e-05)]
MAR04080	[np.float64(9.858754595081572e-05)]
MAR04085	[np.float64(9.858754595081572e-05)]
MAR04086	[np.float64(9.858754595081572e-05)]
MAR04134	[7.814251217446359e-05]
MAR04135	[5.1849070780614454e-05]
MAR04168	[np.float64(9.858754595081572e-05)]
MAR04171	[3.728206335263105e-05]
MAR04290	[0.005165007879767774]
MAR04406	[np.float64(9.858754595081572e-05)]
MAR04412	[np.float64(9.858754595081572e-05)]
MAR04417	[3.728206335263105e-05]
MAR04418	[np.float64(9.858754595081572e-05)]
MAR04419	[np.float64(9.858754595081572e-05)]
MAR04421	[3.728206335263105e-05]
MAR04449	[3.728206335263105e-05]
MAR04450	[3.728206335263105e-05]
MAR04451	[np.float64(9.858754595081572e-05)]
MAR04452	[np.float64(9.858754595081572e-05)]
MAR04453	[np.float64(9.858754595081572e-05)]
MAR04480	[np.float64(9.858754595081572e-05)]
MAR04481	[np.float64(9.858754595081572e-05)]
MAR04482	[np.float64(9.858754595081572e-05)]
MAR04486	[3.728206335263105e-05]
MAR04487	[3.728206335263105e-05]
MAR04488	[3.728206335263105e-05]
MAR04489	[3.728206335263105e-05]
MAR04492	[3.728206335263105e-05]
MAR04493	[3.728206335263105e-05]
MAR04495	[3.728206335263105e-05]
MAR04496	[3.728206335263105e-05]
MAR04518	[0.00762995585464111]
MAR04519	[np.float64(9.858754595081572e-05)]
MAR04520	[np.float64(9.858754595081572e-05)]
MAR04573	[3.728206335263105e-05]
MAR04574	[np.float64(9.858754595081572e-05)]
MAR04600	[np.float64(9.858754595081572e-05)]
MAR04602	[3.728206335263105e-05]
MAR04603	[np.float64(9.858754595081572e-05)]
MAR04611	[3.728206335263105e-05]
MAR04612	[3.728206335263105e-05]
MAR04614	[3.728206335263105e-05]
MAR04615	[3.728206335263105e-05]
MAR04617	[3.728206335263105e-05]
MAR04618	[3.728206335263105e-05]
MAR04619	[3.728206335263105e-05]
MAR04621	[3.728206335263105e-05]
MAR04632	[3.728206335263105e-05]
MAR04646	[np.float64(9.858754595081572e-05)]
MAR04648	[np.float64(9.858754595081572e-05)]
MAR04649	[np.float64(9.858754595081572e-05)]
MAR04650	[np.float64(9.858754595081572e-05)]
MAR04651	[np.float64(9.858754595081572e-05)]
MAR04663	[np.float64(9.858754595081572e-05)]
MAR04664	[np.float64(9.858754595081572e-05)]
MAR04694	[np.float64(9.858754595081572e-05)]
MAR04695	[np.float64(9.858754595081572e-05)]
MAR04705	[3.728206335263105e-05]
MAR04709	[np.float64(9.858754595081572e-05)]
MAR04799	[np.float64(9.858754595081572e-05)]
MAR04802	[np.float64(9.858754595081572e-05)]
MAR04804	[np.float64(9.858754595081572e-05)]
MAR04808	[np.float64(9.858754595081572e-05)]
MAR04810	[np.float64(9.858754595081572e-05)]
MAR04812	[np.float64(9.858754595081572e-05)]
MAR04814	[7.357392500714337e-05]
MAR05301	[np.float64(9.858754595081572e-05)]
MAR05353	[5.1849070780614454e-05]
MAR06601	[0.006616541921414123]
MAR06602	[3.728206335263105e-05]
MAR06603	[3.728206335263105e-05]
MAR06605	[np.float64(9.858754595081572e-05)]
MAR06606	[np.float64(9.858754595081572e-05)]
MAR06607	[np.float64(9.858754595081572e-05)]
MAR06609	[np.float64(9.858754595081572e-05)]
MAR06610	[np.float64(9.858754595081572e-05)]
MAR06611	[np.float64(9.858754595081572e-05)]
MAR07144	[np.float64(9.858754595081572e-05)]
MAR08755	[np.float64(9.858754595081572e-05)]
MAR09797	[np.float64(9.858754595081572e-05)]
MAR04016	[5.453322464414043e-05]
MAR04018	[5.453322464414043e-05]
MAR04044	[5.453322464414043e-05]
MAR04291	[5.453322464414043e-05]
MAR04420	[5.453322464414043e-05]
MAR04570	[5.453322464414043e-05]
MAR04572	[5.453322464414043e-05]
MAR04006	[5.453322464414043e-05]
MAR04028	[5.453322464414043e-05]
MAR04030	[5.453322464414043e-05]
MAR04670	[5.453322464414043e-05]
MAR04673	[5.453322464414043e-05]
MAR04675	[5.453322464414043e-05]
MAR06614	[5.453322464414043e-05]
MAR06615	[5.453322464414043e-05]
MAR06616	[5.453322464414043e-05]
MAR04635	[5.453322464414043e-05]
MAR03793	[0.00762995585464111]
MAR03931	[3.728206335263105e-05]
MAR03969	[np.float64(9.858754595081572e-05)]
MAR03970	[3.728206335263105e-05]
MAR04008	[4.188352170862891e-05]
MAR04032	[np.float64(9.858754595081572e-05)]
MAR04034	[np.float64(9.858754595081572e-05)]
MAR04036	[np.float64(9.858754595081572e-05)]
MAR04050	[np.float64(9.858754595081572e-05)]
MAR04056	[3.728206335263105e-05]
MAR04059	[7.814251217446359e-05]
MAR04060	[7.814251217446359e-05]
MAR04127	[np.float64(9.858754595081572e-05)]
MAR04177	[3.728206335263105e-05]
MAR04179	[3.728206335263105e-05]
MAR04182	[np.float64(9.858754595081572e-05)]
MAR04183	[0.005165007879767774]
MAR04192	[0.005165007879767774]
MAR04194	[np.float64(9.858754595081572e-05)]
MAR04210	[3.728206335263105e-05]
MAR04211	[np.float64(9.858754595081572e-05)]
MAR04343	[np.float64(9.858754595081572e-05)]
MAR04345	[np.float64(9.858754595081572e-05)]
MAR04346	[np.float64(9.858754595081572e-05)]
MAR04470	[np.float64(9.858754595081572e-05)]
MAR04471	[np.float64(9.858754595081572e-05)]
MAR04472	[np.float64(9.858754595081572e-05)]
MAR04484	[3.728206335263105e-05]
MAR04485	[np.float64(9.858754595081572e-05)]
MAR04510	[3.728206335263105e-05]
MAR04512	[4.188352170862891e-05]
MAR04513	[np.float64(9.858754595081572e-05)]
MAR04514	[np.float64(9.858754595081572e-05)]
MAR04577	[np.float64(9.858754595081572e-05)]
MAR04579	[np.float64(9.858754595081572e-05)]
MAR04580	[np.float64(9.858754595081572e-05)]
MAR04608	[np.float64(9.858754595081572e-05)]
MAR04575	[np.float64(9.858754595081572e-05)]
MAR04637	[np.float64(9.858754595081572e-05)]
MAR04642	[np.float64(9.858754595081572e-05)]
MAR04643	[np.float64(9.858754595081572e-05)]
MAR04644	[np.float64(9.858754595081572e-05)]
MAR04672	[np.float64(9.858754595081572e-05)]
MAR04676	[np.float64(9.858754595081572e-05)]
MAR04736	[0.00762995585464111]
MAR04819	[0.00762995585464111]
MAR05299	[np.float64(9.858754595081572e-05)]
MAR05352	[np.float64(9.858754595081572e-05)]
MAR05415	[3.728206335263105e-05]
MAR05416	[3.728206335263105e-05]
MAR05417	[3.728206335263105e-05]
MAR06612	[np.float64(9.858754595081572e-05)]
MAR06613	[np.float64(9.858754595081572e-05)]
MAR06621	[3.728206335263105e-05]
MAR06622	[3.728206335263105e-05]
MAR06623	[np.float64(9.858754595081572e-05)]
MAR06624	[np.float64(9.858754595081572e-05)]
MAR06627	[3.728206335263105e-05]
MAR07744	[np.float64(9.858754595081572e-05)]
MAR08072	[np.float64(9.858754595081572e-05)]
MAR08637	[np.float64(9.858754595081572e-05)]
MAR03965	[np.float64(9.858754595081572e-05)]
MAR03966	[np.float64(9.858754595081572e-05)]
MAR03967	[4.188352170862891e-05]
MAR03968	[np.float64(9.858754595081572e-05)]
MAR03999	[0.005165007879767774]
MAR04024	[4.188352170862891e-05]
MAR04026	[0.005478283272059059]
MAR04054	[np.float64(9.858754595081572e-05)]
MAR04061	[0.005165007879767774]
MAR04083	[np.float64(9.858754595081572e-05)]
MAR04136	[3.728206335263105e-05]
MAR04180	[np.float64(9.858754595081572e-05)]
MAR04185	[3.728206335263105e-05]
MAR04186	[3.728206335263105e-05]
MAR04342	[7.814251217446359e-05]
MAR04344	[np.float64(9.858754595081572e-05)]
MAR04483	[np.float64(9.858754595081572e-05)]
MAR04507	[3.818211092224567e-05]
MAR04516	[np.float64(9.858754595081572e-05)]
MAR04601	[np.float64(9.858754595081572e-05)]
MAR04633	[np.float64(9.858754595081572e-05)]
MAR04640	[np.float64(9.858754595081572e-05)]
MAR04641	[np.float64(9.858754595081572e-05)]
MAR04680	[np.float64(9.858754595081572e-05)]
MAR04806	[np.float64(9.858754595081572e-05)]
MAR05394	[np.float64(9.858754595081572e-05)]
MAR06625	[np.float64(9.858754595081572e-05)]
MAR06626	[np.float64(9.858754595081572e-05)]
MAR07160	[np.float64(9.858754595081572e-05)]
MAR07161	[3.728206335263105e-05]
MAR07162	[3.728206335263105e-05]
MAR07163	[np.float64(9.858754595081572e-05)]
MAR07164	[np.float64(9.858754595081572e-05)]
MAR07713	[3.728206335263105e-05]
MAR07716	[3.728206335263105e-05]
MAR07717	[3.728206335263105e-05]
MAR07721	[3.728206335263105e-05]
MAR07725	[3.728206335263105e-05]
MAR07728	[3.728206335263105e-05]
MAR07800	[np.float64(9.858754595081572e-05)]
MAR07801	[np.float64(9.858754595081572e-05)]
MAR07802	[np.float64(9.858754595081572e-05)]
MAR07863	[4.188352170862891e-05]
MAR07864	[4.188352170862891e-05]
MAR07865	[4.188352170862891e-05]
MAR07866	[4.188352170862891e-05]
MAR07867	[4.188352170862891e-05]
MAR07868	[4.188352170862891e-05]
MAR07869	[4.188352170862891e-05]
MAR07870	[4.188352170862891e-05]
MAR07871	[4.188352170862891e-05]
MAR07872	[4.188352170862891e-05]
MAR07873	[4.188352170862891e-05]
MAR07874	[4.188352170862891e-05]
MAR07875	[0.005478283272059059]
MAR07876	[4.188352170862891e-05]
MAR07878	[5.453322464414043e-05]
MAR07879	[np.float64(9.858754595081572e-05)]
MAR07880	[np.float64(9.858754595081572e-05)]
MAR07881	[np.float64(9.858754595081572e-05)]
MAR07882	[np.float64(9.858754595081572e-05)]
MAR07883	[5.453322464414043e-05]
MAR07884	[np.float64(9.858754595081572e-05)]
MAR07885	[np.float64(9.858754595081572e-05)]
MAR07886	[5.453322464414043e-05]
MAR07887	[np.float64(9.858754595081572e-05)]
MAR07888	[np.float64(9.858754595081572e-05)]
MAR07889	[np.float64(9.858754595081572e-05)]
MAR07890	[5.453322464414043e-05]
MAR07891	[np.float64(9.858754595081572e-05)]
MAR07892	[np.float64(9.858754595081572e-05)]
MAR07893	[np.float64(9.858754595081572e-05)]
MAR07894	[5.453322464414043e-05]
MAR07895	[5.453322464414043e-05]
MAR08083	[np.float64(9.858754595081572e-05)]
MAR08085	[np.float64(9.858754595081572e-05)]
MAR08087	[np.float64(9.858754595081572e-05)]
MAR08443	[np.float64(9.858754595081572e-05)]
MAR08444	[np.float64(9.858754595081572e-05)]
MAR08445	[np.float64(9.858754595081572e-05)]
MAR08446	[0.00762995585464111]
MAR08448	[4.188352170862891e-05]
MAR08449	[4.188352170862891e-05]
MAR08450	[4.188352170862891e-05]
MAR08451	[4.188352170862891e-05]
MAR08452	[4.188352170862891e-05]
MAR08453	[4.188352170862891e-05]
MAR08454	[4.188352170862891e-05]
MAR08455	[4.188352170862891e-05]
MAR08456	[4.188352170862891e-05]
MAR08457	[4.188352170862891e-05]
MAR08458	[4.188352170862891e-05]
MAR08459	[4.188352170862891e-05]
MAR08460	[4.188352170862891e-05]
MAR08461	[np.float64(9.858754595081572e-05)]
MAR08462	[4.188352170862891e-05]
MAR08463	[4.188352170862891e-05]
MAR08464	[4.188352170862891e-05]
MAR08465	[4.188352170862891e-05]
MAR08466	[4.188352170862891e-05]
MAR08467	[4.188352170862891e-05]
MAR08468	[4.188352170862891e-05]
MAR08469	[4.188352170862891e-05]
MAR08470	[4.188352170862891e-05]
MAR08471	[4.188352170862891e-05]
MAR08472	[4.188352170862891e-05]
MAR08473	[np.float64(9.858754595081572e-05)]
MAR08474	[7.814251217446359e-05]
MAR08477	[np.float64(9.858754595081572e-05)]
MAR08478	[np.float64(9.858754595081572e-05)]
MAR08479	[np.float64(9.858754595081572e-05)]
MAR08480	[0.00762995585464111]
MAR08481	[np.float64(9.858754595081572e-05)]
MAR08482	[np.float64(9.858754595081572e-05)]
MAR08483	[np.float64(9.858754595081572e-05)]
MAR08484	[np.float64(9.858754595081572e-05)]
MAR08485	[7.814251217446359e-05]
MAR08486	[np.float64(9.858754595081572e-05)]
MAR08487	[3.728206335263105e-05]
MAR08488	[np.float64(9.858754595081572e-05)]
MAR08489	[np.float64(9.858754595081572e-05)]
MAR08493	[np.float64(9.858754595081572e-05)]
MAR08494	[np.float64(9.858754595081572e-05)]
MAR08495	[np.float64(9.858754595081572e-05)]
MAR03802	[5.1849070780614454e-05]
MAR03804	[5.1849070780614454e-05]
MAR03811	[np.float64(9.858754595081572e-05)]
MAR03813	[np.float64(9.858754595081572e-05)]
MAR03822	[np.float64(9.858754595081572e-05)]
MAR03827	[3.818211092224567e-05]
MAR03829	[np.float64(9.858754595081572e-05)]
MAR03862	[0.004779720285102033]
MAR03865	[3.818211092224567e-05]
MAR03870	[np.float64(9.858754595081572e-05)]
MAR03873	[0.005183721565527906]
MAR08654	[0.005183721565527906]
MAR03890	[np.float64(9.858754595081572e-05)]
MAR03892	[3.728206335263105e-05]
MAR09802	[0.006361782362284913]
MAR03899	[0.005183721565527906]
MAR03903	[0.006361782362284913]
MAR04109	[np.float64(9.858754595081572e-05)]
MAR04114	[np.float64(9.858754595081572e-05)]
MAR04115	[np.float64(9.858754595081572e-05)]
MAR04118	[np.float64(9.858754595081572e-05)]
MAR04172	[0.004779720285102033]
MAR04196	[np.float64(9.858754595081572e-05)]
MAR04197	[np.float64(9.858754595081572e-05)]
MAR04287	[3.728206335263105e-05]
MAR04690	[0.005938969176443775]
MAR04693	[0.005941052850017008]
MAR06780	[3.818211092224567e-05]
MAR06968	[np.float64(9.858754595081572e-05)]
MAR06969	[0.005183721565527906]
MAR06970	[0.005183721565527906]
MAR06971	[np.float64(9.858754595081572e-05)]
MAR06972	[np.float64(9.858754595081572e-05)]
MAR07641	[0.0062946839618430285]
MAR07642	[np.float64(9.858754595081572e-05)]
MAR08626	[0.0056322281675464415]
MAR08628	[0.005183721565527906]
MAR03806	[np.float64(9.858754595081572e-05)]
MAR03807	[3.80118259440596e-05]
MAR03809	[0.00762995585464111]
MAR03816	[0.0062946839618430285]
MAR03819	[np.float64(9.858754595081572e-05)]
MAR03820	[np.float64(9.858754595081572e-05)]
MAR03832	[np.float64(9.858754595081572e-05)]
MAR03833	[np.float64(9.858754595081572e-05)]
MAR03835	[np.float64(9.858754595081572e-05)]
MAR03837	[np.float64(9.858754595081572e-05)]
MAR03895	[np.float64(9.858754595081572e-05)]
MAR03897	[np.float64(9.858754595081572e-05)]
MAR03956	[np.float64(9.858754595081572e-05)]
MAR03993	[0.005183721565527906]
MAR04073	[8.837687463265571e-05]
MAR04075	[3.728206335263105e-05]
MAR04077	[3.728206335263105e-05]
MAR04190	[0.005183721565527906]
MAR04191	[np.float64(9.858754595081572e-05)]
MAR04212	[3.728206335263105e-05]
MAR04422	[3.728206335263105e-05]
MAR04423	[np.float64(9.858754595081572e-05)]
MAR04424	[np.float64(9.858754595081572e-05)]
MAR04583	[np.float64(9.858754595081572e-05)]
MAR04605	[np.float64(9.858754595081572e-05)]
MAR04606	[0.005490676629544486]
MAR04607	[np.float64(9.858754595081572e-05)]
MAR04776	[5.7841229114331034e-05]
MAR04777	[5.7841229114331034e-05]
MAR04778	[np.float64(9.858754595081572e-05)]
MAR04779	[np.float64(9.858754595081572e-05)]
MAR04780	[np.float64(9.858754595081572e-05)]
MAR04781	[np.float64(9.858754595081572e-05)]
MAR04784	[np.float64(9.858754595081572e-05)]
MAR04785	[np.float64(9.858754595081572e-05)]
MAR04786	[3.818211092224567e-05]
MAR04787	[0.005212195627334101]
MAR05384	[np.float64(9.858754595081572e-05)]
MAR06929	[3.728206335263105e-05]
MAR06930	[3.728206335263105e-05]
MAR06931	[np.float64(9.858754595081572e-05)]
MAR06932	[np.float64(9.858754595081572e-05)]
MAR06933	[np.float64(9.858754595081572e-05)]
MAR06934	[np.float64(9.858754595081572e-05)]
MAR06935	[np.float64(9.858754595081572e-05)]
MAR06936	[np.float64(9.858754595081572e-05)]
MAR06938	[3.728206335263105e-05]
MAR06939	[3.728206335263105e-05]
MAR06940	[np.float64(9.858754595081572e-05)]
MAR06941	[np.float64(9.858754595081572e-05)]
MAR06942	[np.float64(9.858754595081572e-05)]
MAR06943	[np.float64(9.858754595081572e-05)]
MAR06944	[np.float64(9.858754595081572e-05)]
MAR06945	[np.float64(9.858754595081572e-05)]
MAR06946	[np.float64(9.858754595081572e-05)]
MAR06947	[np.float64(9.858754595081572e-05)]
MAR06948	[np.float64(9.858754595081572e-05)]
MAR06949	[np.float64(9.858754595081572e-05)]
MAR06950	[np.float64(9.858754595081572e-05)]
MAR06951	[np.float64(9.858754595081572e-05)]
MAR06952	[np.float64(9.858754595081572e-05)]
MAR06953	[np.float64(9.858754595081572e-05)]
MAR06954	[np.float64(9.858754595081572e-05)]
MAR06955	[np.float64(9.858754595081572e-05)]
MAR06956	[np.float64(9.858754595081572e-05)]
MAR06957	[np.float64(9.858754595081572e-05)]
MAR06958	[np.float64(9.858754595081572e-05)]
MAR06959	[np.float64(9.858754595081572e-05)]
MAR06960	[np.float64(9.858754595081572e-05)]
MAR06961	[np.float64(9.858754595081572e-05)]
MAR06962	[np.float64(9.858754595081572e-05)]
MAR06963	[np.float64(9.858754595081572e-05)]
MAR06964	[np.float64(9.858754595081572e-05)]
MAR06965	[np.float64(9.858754595081572e-05)]
MAR06966	[np.float64(9.858754595081572e-05)]
MAR06967	[np.float64(9.858754595081572e-05)]
MAR06973	[np.float64(9.858754595081572e-05)]
MAR08096	[np.float64(9.858754595081572e-05)]
MAR08097	[np.float64(9.858754595081572e-05)]
MAR08098	[3.818211092224567e-05]
MAR08416	[np.float64(9.858754595081572e-05)]
MAR08425	[0.005938969176443775]
MAR08426	[np.float64(9.858754595081572e-05)]
MAR08427	[np.float64(9.858754595081572e-05)]
MAR08431	[np.float64(9.858754595081572e-05)]
MAR08432	[0.005183721565527906]
MAR08603	[3.728206335263105e-05]
MAR08604	[np.float64(9.858754595081572e-05)]
MAR08605	[np.float64(9.858754595081572e-05)]
MAR08606	[np.float64(9.858754595081572e-05)]
MAR08607	[np.float64(9.858754595081572e-05)]
MAR08608	[0.00762995585464111]
MAR08609	[np.float64(9.858754595081572e-05)]
MAR08610	[0.00762995585464111]
MAR08611	[0.00762995585464111]
MAR04285	[0.004647345763338031]
MAR00457	[np.float64(9.858754595081572e-05)]
MAR00460	[np.float64(9.858754595081572e-05)]
MAR03750	[0.006361782362284913]
MAR03752	[np.float64(9.858754595081572e-05)]
MAR03770	[np.float64(9.858754595081572e-05)]
MAR03771	[0.006361782362284913]
MAR03772	[0.006361782362284913]
MAR03782	[0.006361782362284913]
MAR03784	[np.float64(9.858754595081572e-05)]
MAR03794	[np.float64(9.858754595081572e-05)]
MAR03839	[np.float64(9.858754595081572e-05)]
MAR03841	[np.float64(9.858754595081572e-05)]
MAR03843	[np.float64(9.858754595081572e-05)]
MAR03845	[np.float64(9.858754595081572e-05)]
MAR03847	[np.float64(9.858754595081572e-05)]
MAR03849	[0.005183721565527906]
MAR03852	[0.005183721565527906]
MAR03856	[np.float64(9.858754595081572e-05)]
MAR03860	[np.float64(9.858754595081572e-05)]
MAR03883	[np.float64(9.858754595081572e-05)]
MAR03901	[np.float64(9.858754595081572e-05)]
MAR03939	[3.728206335263105e-05]
MAR03974	[np.float64(9.858754595081572e-05)]
MAR04198	[0.00762995585464111]
MAR04199	[0.005938969176443775]
MAR04200	[np.float64(9.858754595081572e-05)]
MAR04284	[np.float64(9.858754595081572e-05)]
MAR04348	[np.float64(9.858754595081572e-05)]
MAR04466	[0.00762995585464111]
MAR04467	[0.00762995585464111]
MAR04582	[0.006361782362284913]
MAR04584	[np.float64(9.858754595081572e-05)]
MAR04696	[0.0062946839618430285]
MAR04697	[np.float64(9.858754595081572e-05)]
MAR04698	[np.float64(9.858754595081572e-05)]
MAR04699	[np.float64(9.858754595081572e-05)]
MAR04700	[np.float64(9.858754595081572e-05)]
MAR04742	[3.728206335263105e-05]
MAR04788	[0.00762995585464111]
MAR04789	[0.00762995585464111]
MAR04791	[0.00762995585464111]
MAR04792	[np.float64(9.858754595081572e-05)]
MAR04937	[np.float64(9.858754595081572e-05)]
MAR05392	[np.float64(9.858754595081572e-05)]
MAR05393	[np.float64(9.858754595081572e-05)]
MAR06409	[np.float64(9.858754595081572e-05)]
MAR07702	[np.float64(9.858754595081572e-05)]
MAR07703	[0.00762995585464111]
MAR08433	[np.float64(9.858754595081572e-05)]
MAR08434	[np.float64(9.858754595081572e-05)]
MAR08439	[np.float64(9.858754595081572e-05)]
MAR08440	[np.float64(9.858754595081572e-05)]
MAR08441	[0.0062946839618430285]
MAR08442	[np.float64(9.858754595081572e-05)]
MAR09718	[np.float64(9.858754595081572e-05)]
MAR09486	[np.float64(9.858754595081572e-05)]
MAR04426	[7.814251217446359e-05]
MAR04428	[0.00762995585464111]
MAR04429	[np.float64(9.858754595081572e-05)]
MAR04430	[np.float64(9.858754595081572e-05)]
MAR04431	[np.float64(9.858754595081572e-05)]
MAR04437	[0.006361782362284913]
MAR04658	[0.004779720285102033]
MAR04660	[0.00482907184438752]
MAR04712	[0.00762995585464111]
MAR05336	[np.float64(9.858754595081572e-05)]
MAR05337	[np.float64(9.858754595081572e-05)]
MAR05338	[3.728206335263105e-05]
MAR05339	[np.float64(9.858754595081572e-05)]
MAR05340	[np.float64(9.858754595081572e-05)]
MAR08783	[np.float64(9.858754595081572e-05)]
MAR08784	[np.float64(9.858754595081572e-05)]
MAR08786	[np.float64(9.858754595081572e-05)]
MAR04241	[np.float64(9.858754595081572e-05)]
MAR04288	[np.float64(9.858754595081572e-05)]
MAR04596	[np.float64(9.858754595081572e-05)]
MAR04597	[np.float64(9.858754595081572e-05)]
MAR04599	[7.381460745516318e-05]
MAR04667	[np.float64(9.858754595081572e-05)]
MAR04668	[np.float64(9.858754595081572e-05)]
MAR04737	[np.float64(9.858754595081572e-05)]
MAR04739	[np.float64(9.858754595081572e-05)]
MAR04740	[np.float64(9.858754595081572e-05)]
MAR06415	[7.381460745516318e-05]
MAR06974	[np.float64(9.858754595081572e-05)]
MAR06975	[np.float64(9.858754595081572e-05)]
MAR06976	[np.float64(9.858754595081572e-05)]
MAR06977	[np.float64(9.858754595081572e-05)]
MAR06978	[7.381460745516318e-05]
MAR06979	[np.float64(9.858754595081572e-05)]
MAR06980	[np.float64(9.858754595081572e-05)]
MAR06981	[np.float64(9.858754595081572e-05)]
MAR06982	[0.00762995585464111]
MAR06983	[3.728206335263105e-05]
MAR06984	[3.728206335263105e-05]
MAR06985	[5.434744139738667e-05]
MAR08017	[np.float64(9.858754595081572e-05)]
MAR08018	[np.float64(9.858754595081572e-05)]
MAR08019	[np.float64(9.858754595081572e-05)]
MAR08021	[0.0062946839618430285]
MAR08025	[np.float64(9.858754595081572e-05)]
MAR08026	[np.float64(9.858754595081572e-05)]
MAR08027	[np.float64(9.858754595081572e-05)]
MAR08029	[7.381460745516318e-05]
MAR03164	[3.728206335263105e-05]
MAR03166	[3.728206335263105e-05]
MAR03885	[np.float64(9.858754595081572e-05)]
MAR04250	[np.float64(9.858754595081572e-05)]
MAR08091	[0.00762995585464111]
MAR08092	[np.float64(9.858754595081572e-05)]
MAR08563	[np.float64(9.858754595081572e-05)]
MAR08566	[np.float64(9.858754595081572e-05)]
MAR03935	[np.float64(9.858754595081572e-05)]
MAR04681	[0.00762995585464111]
MAR04682	[np.float64(9.858754595081572e-05)]
MAR04683	[np.float64(9.858754595081572e-05)]
MAR04685	[np.float64(9.858754595081572e-05)]
MAR04686	[np.float64(9.858754595081572e-05)]
MAR04687	[np.float64(9.858754595081572e-05)]
MAR04702	[np.float64(9.858754595081572e-05)]
MAR04703	[np.float64(9.858754595081572e-05)]
MAR04704	[np.float64(9.858754595081572e-05)]
MAR06988	[0.00762995585464111]
MAR07689	[0.005665274266570246]
MAR07701	[0.006177830639118772]
MAR08094	[0.005665274266570246]
MAR08529	[np.float64(9.858754595081572e-05)]
MAR08530	[3.728206335263105e-05]
MAR08533	[0.00762995585464111]
MAR08534	[0.005665274266570246]
MAR08535	[0.005665274266570246]
MAR08537	[0.006361782362284913]
MAR08541	[0.00762995585464111]
MAR08542	[0.00762995585464111]
MAR08543	[0.00762995585464111]
MAR08544	[0.00762995585464111]
MAR08630	[0.00762995585464111]
MAR08540	[np.float64(9.858754595081572e-05)]
MAR03206	[3.80118259440596e-05]
MAR03208	[np.float64(9.858754595081572e-05)]
MAR03213	[np.float64(9.858754595081572e-05)]
MAR03215	[np.float64(9.858754595081572e-05)]
MAR03747	[np.float64(9.858754595081572e-05)]
MAR03744	[np.float64(9.858754595081572e-05)]
MAR03757	[3.728206335263105e-05]
MAR03761	[np.float64(9.858754595081572e-05)]
MAR03777	[np.float64(9.858754595081572e-05)]
MAR03778	[np.float64(9.858754595081572e-05)]
MAR03795	[np.float64(9.858754595081572e-05)]
MAR04797	[np.float64(9.858754595081572e-05)]
MAR06417	[np.float64(9.858754595081572e-05)]
MAR06419	[np.float64(9.858754595081572e-05)]
MAR06420	[np.float64(9.858754595081572e-05)]
MAR06421	[np.float64(9.858754595081572e-05)]
MAR06422	[np.float64(9.858754595081572e-05)]
MAR06923	[np.float64(9.858754595081572e-05)]
MAR03765	[np.float64(9.858754595081572e-05)]
MAR06924	[0.00459697388961915]
MAR06925	[3.728206335263105e-05]
MAR06926	[np.float64(9.858754595081572e-05)]
MAR06927	[np.float64(9.858754595081572e-05)]
MAR08088	[0.005941052850017008]
MAR08787	[0.00459697388961915]
MAR03743	[0.006361782362284913]
MAR04214	[0.006361782362284913]
MAR04216	[np.float64(9.858754595081572e-05)]
MAR04218	[0.006646290492606894]
MAR04219	[np.float64(9.858754595081572e-05)]
MAR04220	[0.006636517029453973]
MAR04222	[np.float64(9.858754595081572e-05)]
MAR04224	[0.006646290492606894]
MAR04225	[0.006646290492606894]
MAR04227	[np.float64(9.858754595081572e-05)]
MAR04231	[0.0062946839618430285]
MAR04232	[np.float64(9.858754595081572e-05)]
MAR04233	[np.float64(9.858754595081572e-05)]
MAR04235	[np.float64(9.858754595081572e-05)]
MAR04243	[np.float64(9.858754595081572e-05)]
MAR04244	[np.float64(9.858754595081572e-05)]
MAR04245	[np.float64(9.858754595081572e-05)]
MAR04246	[np.float64(9.858754595081572e-05)]
MAR04248	[np.float64(9.858754595081572e-05)]
MAR06707	[0.00762995585464111]
MAR06708	[np.float64(9.858754595081572e-05)]
MAR06709	[np.float64(9.858754595081572e-05)]
MAR06711	[0.005183721565527906]
MAR06712	[np.float64(9.858754595081572e-05)]
MAR06713	[np.float64(9.858754595081572e-05)]
MAR06714	[np.float64(9.858754595081572e-05)]
MAR06715	[8.220956365154548e-05]
MAR06716	[0.00762995585464111]
MAR06717	[np.float64(9.858754595081572e-05)]
MAR06718	[0.00762995585464111]
MAR06719	[np.float64(9.858754595081572e-05)]
MAR06720	[np.float64(9.858754595081572e-05)]
MAR06721	[np.float64(9.858754595081572e-05)]
MAR06722	[0.00762995585464111]
MAR06723	[3.728206335263105e-05]
MAR06725	[3.818211092224567e-05]
MAR06726	[0.005183721565527906]
MAR06727	[0.005183721565527906]
MAR06728	[0.006361782362284913]
MAR06729	[0.00762995585464111]
MAR06730	[8.220956365154548e-05]
MAR06731	[0.00762995585464111]
MAR06734	[np.float64(9.858754595081572e-05)]
MAR06735	[8.220956365154548e-05]
MAR06736	[8.220956365154548e-05]
MAR06738	[np.float64(9.858754595081572e-05)]
MAR06739	[8.220956365154548e-05]
MAR06740	[0.00762995585464111]
MAR06741	[0.00762995585464111]
MAR06742	[np.float64(9.858754595081572e-05)]
MAR06743	[0.006361782362284913]
MAR06744	[np.float64(9.858754595081572e-05)]
MAR06745	[np.float64(9.858754595081572e-05)]
MAR06746	[8.220956365154548e-05]
MAR06747	[np.float64(9.858754595081572e-05)]
MAR06748	[np.float64(9.858754595081572e-05)]
MAR06749	[np.float64(9.858754595081572e-05)]
MAR06750	[8.220956365154548e-05]
MAR06751	[np.float64(9.858754595081572e-05)]
MAR06752	[np.float64(9.858754595081572e-05)]
MAR06753	[np.float64(9.858754595081572e-05)]
MAR06754	[np.float64(9.858754595081572e-05)]
MAR06755	[8.220956365154548e-05]
MAR06756	[3.728206335263105e-05]
MAR06757	[8.220956365154548e-05]
MAR06758	[np.float64(9.858754595081572e-05)]
MAR06759	[np.float64(9.858754595081572e-05)]
MAR06760	[np.float64(9.858754595081572e-05)]
MAR06761	[np.float64(9.858754595081572e-05)]
MAR06762	[8.220956365154548e-05]
MAR06763	[8.220956365154548e-05]
MAR06764	[np.float64(9.858754595081572e-05)]
MAR06765	[np.float64(9.858754595081572e-05)]
MAR06766	[np.float64(9.858754595081572e-05)]
MAR06767	[np.float64(9.858754595081572e-05)]
MAR06768	[3.818211092224567e-05]
MAR06770	[0.004779720285102033]
MAR06771	[0.005183721565527906]
MAR06772	[0.005183721565527906]
MAR06774	[0.0062946839618430285]
MAR06776	[np.float64(9.858754595081572e-05)]
MAR06778	[np.float64(9.858754595081572e-05)]
MAR06782	[np.float64(9.858754595081572e-05)]
MAR06783	[np.float64(9.858754595081572e-05)]
MAR06784	[np.float64(9.858754595081572e-05)]
MAR06785	[np.float64(9.858754595081572e-05)]
MAR06786	[np.float64(9.858754595081572e-05)]
MAR06787	[0.00762995585464111]
MAR06788	[8.220956365154548e-05]
MAR06789	[np.float64(9.858754595081572e-05)]
MAR06790	[np.float64(9.858754595081572e-05)]
MAR06791	[np.float64(9.858754595081572e-05)]
MAR06792	[np.float64(9.858754595081572e-05)]
MAR06798	[0.00762995585464111]
MAR06799	[0.00762995585464111]
MAR06800	[0.00762995585464111]
MAR06801	[0.00762995585464111]
MAR06802	[np.float64(9.858754595081572e-05)]
MAR06803	[0.00762995585464111]
MAR06806	[np.float64(9.858754595081572e-05)]
MAR06807	[np.float64(9.858754595081572e-05)]
MAR06808	[3.728206335263105e-05]
MAR06811	[3.728206335263105e-05]
MAR06813	[3.728206335263105e-05]
MAR06814	[np.float64(9.858754595081572e-05)]
MAR06815	[3.728206335263105e-05]
MAR06817	[np.float64(9.858754595081572e-05)]
MAR06818	[np.float64(9.858754595081572e-05)]
MAR06819	[np.float64(9.858754595081572e-05)]
MAR06820	[3.728206335263105e-05]
MAR06822	[np.float64(9.858754595081572e-05)]
MAR06823	[np.float64(9.858754595081572e-05)]
MAR06824	[3.728206335263105e-05]
MAR06826	[np.float64(9.858754595081572e-05)]
MAR06827	[np.float64(9.858754595081572e-05)]
MAR06828	[0.00762995585464111]
MAR06829	[7.465022698960405e-05]
MAR06830	[0.00762995585464111]
MAR06831	[np.float64(9.858754595081572e-05)]
MAR06834	[np.float64(9.858754595081572e-05)]
MAR06835	[np.float64(9.858754595081572e-05)]
MAR06836	[0.00762995585464111]
MAR06837	[0.00762995585464111]
MAR06838	[0.006361782362284913]
MAR06839	[np.float64(9.858754595081572e-05)]
MAR06840	[np.float64(9.858754595081572e-05)]
MAR06841	[np.float64(9.858754595081572e-05)]
MAR06842	[0.00762995585464111]
MAR06843	[0.00762995585464111]
MAR06844	[0.006361782362284913]
MAR06845	[np.float64(9.858754595081572e-05)]
MAR06848	[np.float64(9.858754595081572e-05)]
MAR06849	[np.float64(9.858754595081572e-05)]
MAR06850	[0.006361782362284913]
MAR06851	[np.float64(9.858754595081572e-05)]
MAR06854	[np.float64(9.858754595081572e-05)]
MAR06855	[np.float64(9.858754595081572e-05)]
MAR06874	[0.00762995585464111]
MAR06875	[np.float64(9.858754595081572e-05)]
MAR06876	[np.float64(9.858754595081572e-05)]
MAR06877	[np.float64(9.858754595081572e-05)]
MAR06878	[np.float64(9.858754595081572e-05)]
MAR06879	[np.float64(9.858754595081572e-05)]
MAR06880	[np.float64(9.858754595081572e-05)]
MAR06881	[np.float64(9.858754595081572e-05)]
MAR06882	[np.float64(9.858754595081572e-05)]
MAR06883	[3.728206335263105e-05]
MAR06885	[np.float64(9.858754595081572e-05)]
MAR06886	[3.728206335263105e-05]
MAR06888	[0.00762995585464111]
MAR06889	[0.0066017277052709345]
MAR07628	[3.728206335263105e-05]
MAR07756	[0.00762995585464111]
MAR08539	[0.00762995585464111]
MAR08794	[np.float64(9.858754595081572e-05)]
MAR08795	[np.float64(9.858754595081572e-05)]
MAR08796	[0.00762995585464111]
MAR03875	[3.80118259440596e-05]
MAR03877	[3.821929995024956e-05]
MAR03879	[np.float64(9.858754595081572e-05)]
MAR03881	[np.float64(9.858754595081572e-05)]
MAR03912	[3.818211092224567e-05]
MAR03917	[np.float64(9.858754595081572e-05)]
MAR03919	[0.005938969176443775]
MAR03920	[np.float64(9.858754595081572e-05)]
MAR03922	[np.float64(9.858754595081572e-05)]
MAR03928	[np.float64(9.858754595081572e-05)]
MAR03995	[3.728206335263105e-05]
MAR03996	[np.float64(9.858754595081572e-05)]
MAR04072	[np.float64(9.858754595081572e-05)]
MAR04189	[np.float64(9.858754595081572e-05)]
MAR04302	[np.float64(9.858754595081572e-05)]
MAR04323	[np.float64(9.858754595081572e-05)]
MAR05381	[0.005665274266570246]
MAR05385	[np.float64(9.858754595081572e-05)]
MAR05386	[np.float64(9.858754595081572e-05)]
MAR05387	[np.float64(9.858754595081572e-05)]
MAR05388	[np.float64(9.858754595081572e-05)]
MAR05389	[np.float64(9.858754595081572e-05)]
MAR05390	[0.004779720285102033]
MAR05391	[0.00762995585464111]
MAR05418	[np.float64(9.858754595081572e-05)]
MAR05419	[np.float64(9.858754595081572e-05)]
MAR06515	[np.float64(9.858754595081572e-05)]
MAR06518	[np.float64(9.858754595081572e-05)]
MAR06519	[np.float64(9.858754595081572e-05)]
MAR06520	[np.float64(9.858754595081572e-05)]
MAR06523	[0.006636517029453973]
MAR08062	[0.005665274266570246]
MAR08066	[3.818211092224567e-05]
MAR08067	[3.818211092224567e-05]
MAR08068	[8.194431005634286e-05]
MAR08069	[3.728206335263105e-05]
MAR08641	[np.float64(9.858754595081572e-05)]
MAR08682	[np.float64(9.858754595081572e-05)]
MAR08683	[np.float64(9.858754595081572e-05)]
MAR08684	[3.818211092224567e-05]
MAR08685	[np.float64(9.858754595081572e-05)]
MAR03868	[np.float64(9.858754595081572e-05)]
MAR03869	[np.float64(9.858754595081572e-05)]
MAR03889	[np.float64(9.858754595081572e-05)]
MAR03933	[3.728206335263105e-05]
MAR03937	[np.float64(9.858754595081572e-05)]
MAR04116	[3.728206335263105e-05]
MAR04120	[3.728206335263105e-05]
MAR04121	[3.728206335263105e-05]
MAR04175	[np.float64(9.858754595081572e-05)]
MAR04176	[np.float64(9.858754595081572e-05)]
MAR04324	[np.float64(9.858754595081572e-05)]
MAR04326	[np.float64(9.858754595081572e-05)]
MAR04328	[3.728206335263105e-05]
MAR04329	[3.728206335263105e-05]
MAR04708	[np.float64(9.858754595081572e-05)]
MAR08769	[np.float64(9.858754595081572e-05)]
MAR08770	[np.float64(9.858754595081572e-05)]
MAR08771	[np.float64(9.858754595081572e-05)]
MAR04078	[np.float64(9.858754595081572e-05)]
MAR04079	[np.float64(9.858754595081572e-05)]
MAR04174	[0.005938969176443775]
MAR04330	[0.005941052850017008]
MAR04347	[0.00762995585464111]
MAR04425	[0.005490676629544486]
MAR04427	[np.float64(9.858754595081572e-05)]
MAR04688	[np.float64(9.858754595081572e-05)]
MAR04689	[np.float64(9.858754595081572e-05)]
MAR04735	[3.728206335263105e-05]
MAR07991	[np.float64(9.858754595081572e-05)]
MAR07992	[np.float64(9.858754595081572e-05)]
MAR07993	[np.float64(9.858754595081572e-05)]
MAR07128	[3.728206335263105e-05]
MAR07129	[3.728206335263105e-05]
MAR07130	[np.float64(9.858754595081572e-05)]
MAR07131	[3.728206335263105e-05]
MAR07132	[np.float64(9.858754595081572e-05)]
MAR07133	[0.005183721565527906]
MAR07134	[np.float64(9.858754595081572e-05)]
MAR07135	[np.float64(9.858754595081572e-05)]
MAR07136	[3.821929995024956e-05]
MAR07137	[np.float64(9.858754595081572e-05)]
MAR07138	[np.float64(9.858754595081572e-05)]
MAR07139	[3.80118259440596e-05]
MAR07140	[np.float64(9.858754595081572e-05)]
MAR07141	[0.005183721565527906]
MAR07620	[np.float64(9.858754595081572e-05)]
MAR07647	[0.00762995585464111]
MAR08640	[np.float64(9.858754595081572e-05)]
MAR08689	[0.00762995585464111]
MAR08690	[0.00762995585464111]
MAR03753	[3.728206335263105e-05]
MAR03755	[np.float64(9.858754595081572e-05)]
MAR03759	[np.float64(9.858754595081572e-05)]
MAR03763	[np.float64(9.858754595081572e-05)]
MAR03773	[np.float64(9.858754595081572e-05)]
MAR03775	[np.float64(9.858754595081572e-05)]
MAR03785	[3.728206335263105e-05]
MAR03790	[np.float64(9.858754595081572e-05)]
MAR03792	[0.005941052850017008]
MAR03796	[np.float64(9.858754595081572e-05)]
MAR03823	[3.728206335263105e-05]
MAR06416	[np.float64(9.858754595081572e-05)]
MAR03986	[0.0066017277052709345]
MAR03988	[3.728206335263105e-05]
MAR04124	[np.float64(9.858754595081572e-05)]
MAR04158	[3.728206335263105e-05]
MAR04159	[np.float64(9.858754595081572e-05)]
MAR04299	[3.80118259440596e-05]
MAR04300	[np.float64(9.858754595081572e-05)]
MAR04494	[3.728206335263105e-05]
MAR04524	[np.float64(9.858754595081572e-05)]
MAR04525	[np.float64(9.858754595081572e-05)]
MAR04526	[np.float64(9.858754595081572e-05)]
MAR04527	[np.float64(9.858754595081572e-05)]
MAR04528	[np.float64(9.858754595081572e-05)]
MAR04529	[np.float64(9.858754595081572e-05)]
MAR04530	[np.float64(9.858754595081572e-05)]
MAR04531	[np.float64(9.858754595081572e-05)]
MAR04532	[np.float64(9.858754595081572e-05)]
MAR04533	[np.float64(9.858754595081572e-05)]
MAR04534	[np.float64(9.858754595081572e-05)]
MAR04536	[np.float64(9.858754595081572e-05)]
MAR04628	[np.float64(9.858754595081572e-05)]
MAR04629	[np.float64(9.858754595081572e-05)]
MAR04631	[np.float64(9.858754595081572e-05)]
MAR07696	[np.float64(9.858754595081572e-05)]
MAR07697	[np.float64(9.858754595081572e-05)]
MAR07698	[np.float64(9.858754595081572e-05)]
MAR08366	[np.float64(9.858754595081572e-05)]
MAR08367	[np.float64(9.858754595081572e-05)]
MAR08368	[np.float64(9.858754595081572e-05)]
MAR08371	[np.float64(9.858754595081572e-05)]
MAR08372	[np.float64(9.858754595081572e-05)]
MAR08373	[np.float64(9.858754595081572e-05)]
MAR08375	[np.float64(9.858754595081572e-05)]
MAR08376	[0.00762995585464111]
MAR08377	[np.float64(9.858754595081572e-05)]
MAR08672	[np.float64(9.858754595081572e-05)]
MAR08674	[np.float64(9.858754595081572e-05)]
MAR08675	[np.float64(9.858754595081572e-05)]
MAR05130	[np.float64(9.858754595081572e-05)]
MAR05131	[5.2037787008389905e-05]
MAR05132	[3.728206335263105e-05]
MAR05133	[3.728206335263105e-05]
MAR05134	[np.float64(9.858754595081572e-05)]
MAR05135	[np.float64(9.858754595081572e-05)]
MAR05136	[np.float64(9.858754595081572e-05)]
MAR05137	[5.434744139738667e-05]
MAR05138	[3.728206335263105e-05]
MAR05139	[np.float64(9.858754595081572e-05)]
MAR05140	[4.7927288833991355e-05]
MAR05141	[np.float64(9.858754595081572e-05)]
MAR05142	[3.818211092224567e-05]
MAR05143	[np.float64(9.858754595081572e-05)]
MAR05144	[np.float64(9.858754595081572e-05)]
MAR05145	[3.891759217537176e-05]
MAR05146	[5.434744139738667e-05]
MAR05147	[3.728206335263105e-05]
MAR05148	[np.float64(9.858754595081572e-05)]
MAR05149	[np.float64(9.858754595081572e-05)]
MAR05150	[np.float64(9.858754595081572e-05)]
MAR07171	[np.float64(9.858754595081572e-05)]
MAR07172	[0.00762995585464111]
MAR07174	[0.00762995585464111]
MAR07175	[0.006067442730612913]
MAR07180	[np.float64(9.858754595081572e-05)]
MAR07181	[np.float64(9.858754595081572e-05)]
MAR07183	[0.00762995585464111]
MAR07197	[np.float64(9.858754595081572e-05)]
MAR07436	[np.float64(9.858754595081572e-05)]
MAR07438	[np.float64(9.858754595081572e-05)]
MAR07440	[np.float64(9.858754595081572e-05)]
MAR08254	[0.006361782362284913]
MAR08255	[0.006361782362284913]
MAR08256	[np.float64(9.858754595081572e-05)]
MAR08257	[np.float64(9.858754595081572e-05)]
MAR08258	[np.float64(9.858754595081572e-05)]
MAR08260	[np.float64(9.858754595081572e-05)]
MAR08261	[np.float64(9.858754595081572e-05)]
MAR01532	[np.float64(9.858754595081572e-05)]
MAR07254	[np.float64(9.858754595081572e-05)]
MAR07256	[np.float64(9.858754595081572e-05)]
MAR07258	[np.float64(9.858754595081572e-05)]
MAR07259	[np.float64(9.858754595081572e-05)]
MAR07260	[np.float64(9.858754595081572e-05)]
MAR07261	[np.float64(9.858754595081572e-05)]
MAR07263	[8.837687463265571e-05]
MAR07264	[np.float64(9.858754595081572e-05)]
MAR07265	[np.float64(9.858754595081572e-05)]
MAR07266	[np.float64(9.858754595081572e-05)]
MAR07267	[np.float64(9.858754595081572e-05)]
MAR07268	[np.float64(9.858754595081572e-05)]
MAR07269	[np.float64(9.858754595081572e-05)]
MAR07270	[np.float64(9.858754595081572e-05)]
MAR07271	[5.215480121805606e-05]
MAR07274	[np.float64(9.858754595081572e-05)]
MAR07275	[5.215480121805606e-05]
MAR07276	[np.float64(9.858754595081572e-05)]
MAR07277	[np.float64(9.858754595081572e-05)]
MAR07278	[np.float64(9.858754595081572e-05)]
MAR07279	[np.float64(9.858754595081572e-05)]
MAR07280	[np.float64(9.858754595081572e-05)]
MAR07281	[np.float64(9.858754595081572e-05)]
MAR07285	[3.728206335263105e-05]
MAR07286	[np.float64(9.858754595081572e-05)]
MAR07287	[3.728206335263105e-05]
MAR07288	[np.float64(9.858754595081572e-05)]
MAR07289	[np.float64(9.858754595081572e-05)]
MAR07290	[np.float64(9.858754595081572e-05)]
MAR07291	[np.float64(9.858754595081572e-05)]
MAR07292	[np.float64(9.858754595081572e-05)]
MAR07293	[np.float64(9.858754595081572e-05)]
MAR07294	[np.float64(9.858754595081572e-05)]
MAR07295	[np.float64(9.858754595081572e-05)]
MAR07296	[np.float64(9.858754595081572e-05)]
MAR07297	[np.float64(9.858754595081572e-05)]
MAR07298	[np.float64(9.858754595081572e-05)]
MAR07299	[np.float64(9.858754595081572e-05)]
MAR07300	[np.float64(9.858754595081572e-05)]
MAR07301	[np.float64(9.858754595081572e-05)]
MAR07302	[np.float64(9.858754595081572e-05)]
MAR07303	[np.float64(9.858754595081572e-05)]
MAR07304	[np.float64(9.858754595081572e-05)]
MAR07305	[np.float64(9.858754595081572e-05)]
MAR07306	[np.float64(9.858754595081572e-05)]
MAR07308	[np.float64(9.858754595081572e-05)]
MAR07309	[np.float64(9.858754595081572e-05)]
MAR07310	[np.float64(9.858754595081572e-05)]
MAR07311	[np.float64(9.858754595081572e-05)]
MAR07312	[np.float64(9.858754595081572e-05)]
MAR07313	[np.float64(9.858754595081572e-05)]
MAR07314	[np.float64(9.858754595081572e-05)]
MAR07315	[np.float64(9.858754595081572e-05)]
MAR07316	[np.float64(9.858754595081572e-05)]
MAR07317	[np.float64(9.858754595081572e-05)]
MAR07318	[np.float64(9.858754595081572e-05)]
MAR07319	[np.float64(9.858754595081572e-05)]
MAR07320	[np.float64(9.858754595081572e-05)]
MAR07321	[np.float64(9.858754595081572e-05)]
MAR07322	[np.float64(9.858754595081572e-05)]
MAR07323	[np.float64(9.858754595081572e-05)]
MAR07324	[np.float64(9.858754595081572e-05)]
MAR07325	[np.float64(9.858754595081572e-05)]
MAR07326	[0.006361782362284913]
MAR07327	[3.818211092224567e-05]
MAR07328	[np.float64(9.858754595081572e-05)]
MAR07329	[0.00762995585464111]
MAR07332	[np.float64(9.858754595081572e-05)]
MAR07333	[np.float64(9.858754595081572e-05)]
MAR07334	[0.0062946839618430285]
MAR07428	[np.float64(9.858754595081572e-05)]
MAR07429	[np.float64(9.858754595081572e-05)]
MAR07574	[np.float64(9.858754595081572e-05)]
MAR07575	[np.float64(9.858754595081572e-05)]
MAR07576	[3.728206335263105e-05]
MAR07577	[3.728206335263105e-05]
MAR07578	[3.728206335263105e-05]
MAR07580	[3.80118259440596e-05]
MAR07582	[3.80118259440596e-05]
MAR07585	[np.float64(9.858754595081572e-05)]
MAR07586	[np.float64(9.858754595081572e-05)]
MAR07587	[3.728206335263105e-05]
MAR08691	[np.float64(9.858754595081572e-05)]
MAR08692	[np.float64(9.858754595081572e-05)]
MAR08693	[3.818211092224567e-05]
MAR08694	[np.float64(9.858754595081572e-05)]
MAR08695	[np.float64(9.858754595081572e-05)]
MAR05151	[0.00762995585464111]
MAR05152	[0.00762995585464111]
MAR05153	[0.00762995585464111]
MAR05154	[0.00762995585464111]
MAR05155	[np.float64(9.858754595081572e-05)]
MAR05156	[np.float64(9.858754595081572e-05)]
MAR05157	[np.float64(9.858754595081572e-05)]
MAR05158	[0.00762995585464111]
MAR05159	[0.00762995585464111]
MAR05160	[0.00762995585464111]
MAR05161	[np.float64(9.858754595081572e-05)]
MAR05162	[0.00762995585464111]
MAR05163	[0.006616541921414123]
MAR05164	[3.818211092224567e-05]
MAR05165	[np.float64(9.858754595081572e-05)]
MAR05166	[np.float64(9.858754595081572e-05)]
MAR05167	[np.float64(9.858754595081572e-05)]
MAR05168	[np.float64(9.858754595081572e-05)]
MAR05169	[np.float64(9.858754595081572e-05)]
MAR05170	[np.float64(9.858754595081572e-05)]
MAR05171	[np.float64(9.858754595081572e-05)]
MAR05172	[np.float64(9.858754595081572e-05)]
MAR05174	[np.float64(9.858754595081572e-05)]
MAR07282	[np.float64(9.858754595081572e-05)]
MAR07616	[np.float64(9.858754595081572e-05)]
MAR07619	[np.float64(9.858754595081572e-05)]
MAR09735	[np.float64(9.858754595081572e-05)]
MAR07621	[np.float64(9.858754595081572e-05)]
MAR07622	[np.float64(9.858754595081572e-05)]
MAR07624	[np.float64(9.858754595081572e-05)]
MAR07626	[np.float64(9.858754595081572e-05)]
MAR05258	[0.00762995585464111]
MAR05259	[3.728206335263105e-05]
MAR05260	[np.float64(9.858754595081572e-05)]
MAR05261	[3.728206335263105e-05]
MAR05262	[np.float64(9.858754595081572e-05)]
MAR05263	[3.728206335263105e-05]
MAR05264	[np.float64(9.858754595081572e-05)]
MAR05265	[3.728206335263105e-05]
MAR05266	[np.float64(9.858754595081572e-05)]
MAR05267	[np.float64(9.858754595081572e-05)]
MAR05268	[np.float64(9.858754595081572e-05)]
MAR05269	[np.float64(9.858754595081572e-05)]
MAR05270	[np.float64(9.858754595081572e-05)]
MAR05271	[np.float64(9.858754595081572e-05)]
MAR05272	[3.728206335263105e-05]
MAR05273	[np.float64(9.858754595081572e-05)]
MAR05274	[3.728206335263105e-05]
MAR05275	[np.float64(9.858754595081572e-05)]
MAR05276	[3.728206335263105e-05]
MAR05277	[np.float64(9.858754595081572e-05)]
MAR05278	[3.728206335263105e-05]
MAR05279	[np.float64(9.858754595081572e-05)]
MAR05280	[3.728206335263105e-05]
MAR05281	[np.float64(9.858754595081572e-05)]
MAR05282	[3.728206335263105e-05]
MAR05283	[np.float64(9.858754595081572e-05)]
MAR05284	[3.728206335263105e-05]
MAR05285	[3.728206335263105e-05]
MAR05286	[3.728206335263105e-05]
MAR05287	[3.728206335263105e-05]
MAR05288	[7.74814529519831e-05]
MAR05290	[3.728206335263105e-05]
MAR05291	[np.float64(9.858754595081572e-05)]
MAR09817	[np.float64(9.858754595081572e-05)]
MAR09818	[np.float64(9.858754595081572e-05)]
MAR05407	[np.float64(9.858754595081572e-05)]
MAR03851	[np.float64(9.858754595081572e-05)]
MAR03861	[np.float64(9.858754595081572e-05)]
MAR03866	[np.float64(9.858754595081572e-05)]
MAR03915	[np.float64(9.858754595081572e-05)]
MAR04084	[np.float64(9.858754595081572e-05)]
MAR04187	[np.float64(9.858754595081572e-05)]
MAR04188	[np.float64(9.858754595081572e-05)]
MAR04701	[np.float64(9.858754595081572e-05)]
MAR04840	[np.float64(9.858754595081572e-05)]
MAR04842	[np.float64(9.858754595081572e-05)]
MAR08662	[np.float64(9.858754595081572e-05)]
MAR08663	[np.float64(9.858754595081572e-05)]
MAR08664	[np.float64(9.858754595081572e-05)]
MAR08665	[np.float64(9.858754595081572e-05)]
MAR08666	[0.0066017277052709345]
MAR08667	[np.float64(9.858754595081572e-05)]
MAR08668	[np.float64(9.858754595081572e-05)]
MAR08669	[np.float64(9.858754595081572e-05)]
MAR00710	[np.float64(9.858754595081572e-05)]
MAR03787	[np.float64(9.858754595081572e-05)]
MAR03957	[8.837687463265571e-05]
MAR03958	[np.float64(9.858754595081572e-05)]
MAR04139	[8.194431005634286e-05]
MAR04141	[3.728206335263105e-05]
MAR04145	[np.float64(9.858754595081572e-05)]
MAR04147	[np.float64(9.858754595081572e-05)]
MAR04149	[3.728206335263105e-05]
MAR04152	[np.float64(9.858754595081572e-05)]
MAR04209	[9.13082498944938e-05]
MAR04408	[3.728206335263105e-05]
MAR04410	[3.728206335263105e-05]
MAR04454	[np.float64(9.858754595081572e-05)]
MAR04458	[np.float64(9.858754595081572e-05)]
MAR04465	[np.float64(9.858754595081572e-05)]
MAR04589	[np.float64(9.858754595081572e-05)]
MAR04652	[5.777711090937276e-05]
MAR06413	[9.13082498944938e-05]
MAR06414	[7.381460745516318e-05]
MAR07704	[0.00762995585464111]
MAR07706	[0.00762995585464111]
MAR08772	[0.00459697388961915]
MAR08773	[np.float64(9.858754595081572e-05)]
MAR08774	[np.float64(9.858754595081572e-05)]
MAR08775	[np.float64(9.858754595081572e-05)]
MAR08777	[np.float64(9.858754595081572e-05)]
MAR08778	[np.float64(9.858754595081572e-05)]
MAR08779	[np.float64(9.858754595081572e-05)]
MAR08780	[np.float64(9.858754595081572e-05)]
MAR08781	[np.float64(9.858754595081572e-05)]
MAR08782	[np.float64(9.858754595081572e-05)]
MAR03975	[np.float64(9.858754595081572e-05)]
MAR03977	[np.float64(9.858754595081572e-05)]
MAR03979	[np.float64(9.858754595081572e-05)]
MAR06911	[np.float64(9.858754595081572e-05)]
MAR06912	[np.float64(9.858754595081572e-05)]
MAR06914	[3.728206335263105e-05]
MAR06916	[3.728206335263105e-05]
MAR06918	[3.728206335263105e-05]
MAR06921	[3.728206335263105e-05]
MAR03960	[3.728206335263105e-05]
MAR03980	[np.float64(9.858754595081572e-05)]
MAR03982	[np.float64(9.858754595081572e-05)]
MAR04767	[np.float64(9.858754595081572e-05)]
MAR06608	[np.float64(9.858754595081572e-05)]
MAR08409	[np.float64(9.858754595081572e-05)]
MAR08410	[np.float64(9.858754595081572e-05)]
MAR08413	[3.728206335263105e-05]
MAR08415	[3.728206335263105e-05]
MAR00156	[0.005938969176443775]
MAR00165	[0.005938969176443775]
MAR00168	[0.005938969176443775]
MAR00171	[0.005938969176443775]
MAR00174	[0.005938969176443775]
MAR00177	[0.005938969176443775]
MAR00180	[0.005938969176443775]
MAR00184	[0.005938969176443775]
MAR00188	[9.163048262277387e-05]
MAR00192	[9.163048262277387e-05]
MAR00196	[9.163048262277387e-05]
MAR00200	[9.163048262277387e-05]
MAR00204	[9.163048262277387e-05]
MAR00209	[9.163048262277387e-05]
MAR00213	[9.163048262277387e-05]
MAR00217	[9.163048262277387e-05]
MAR00226	[9.163048262277387e-05]
MAR00233	[9.163048262277387e-05]
MAR00237	[9.163048262277387e-05]
MAR00241	[9.163048262277387e-05]
MAR00245	[9.163048262277387e-05]
MAR00249	[9.163048262277387e-05]
MAR00255	[9.163048262277387e-05]
MAR00259	[9.163048262277387e-05]
MAR00263	[9.163048262277387e-05]
MAR00267	[9.163048262277387e-05]
MAR00271	[9.163048262277387e-05]
MAR00275	[9.163048262277387e-05]
MAR00279	[9.163048262277387e-05]
MAR00283	[9.163048262277387e-05]
MAR00289	[9.163048262277387e-05]
MAR00293	[9.163048262277387e-05]
MAR00297	[9.163048262277387e-05]
MAR00301	[9.163048262277387e-05]
MAR00305	[9.163048262277387e-05]
MAR00309	[9.163048262277387e-05]
MAR00313	[9.163048262277387e-05]
MAR00319	[9.163048262277387e-05]
MAR00323	[9.163048262277387e-05]
MAR00327	[9.163048262277387e-05]
MAR00331	[9.163048262277387e-05]
MAR00337	[9.163048262277387e-05]
MAR00341	[9.163048262277387e-05]
MAR00345	[9.163048262277387e-05]
MAR00349	[9.163048262277387e-05]
MAR00353	[9.163048262277387e-05]
MAR00357	[9.163048262277387e-05]
MAR00361	[9.163048262277387e-05]
MAR00365	[9.163048262277387e-05]
MAR00369	[9.163048262277387e-05]
MAR00373	[9.163048262277387e-05]
MAR00377	[9.163048262277387e-05]
MAR00381	[9.163048262277387e-05]
MAR00385	[9.163048262277387e-05]
MAR00389	[9.163048262277387e-05]
MAR00393	[9.163048262277387e-05]
MAR00397	[9.163048262277387e-05]
MAR00401	[9.163048262277387e-05]
MAR00405	[9.163048262277387e-05]
MAR00409	[9.163048262277387e-05]
MAR00413	[9.163048262277387e-05]
MAR00417	[9.163048262277387e-05]
MAR00421	[9.163048262277387e-05]
MAR00425	[9.163048262277387e-05]
MAR00429	[9.163048262277387e-05]
MAR00433	[9.163048262277387e-05]
MAR00437	[9.163048262277387e-05]
MAR02942	[9.163048262277387e-05]
MAR02943	[9.163048262277387e-05]
MAR02944	[9.163048262277387e-05]
MAR02945	[9.163048262277387e-05]
MAR02946	[9.163048262277387e-05]
MAR02947	[9.163048262277387e-05]
MAR02948	[9.163048262277387e-05]
MAR02949	[9.163048262277387e-05]
MAR02951	[9.163048262277387e-05]
MAR02952	[9.163048262277387e-05]
MAR02954	[9.163048262277387e-05]
MAR02955	[9.163048262277387e-05]
MAR02956	[9.163048262277387e-05]
MAR02957	[9.163048262277387e-05]
MAR02959	[9.163048262277387e-05]
MAR02961	[9.163048262277387e-05]
MAR02962	[9.163048262277387e-05]
MAR02963	[9.163048262277387e-05]
MAR02964	[9.163048262277387e-05]
MAR02965	[9.163048262277387e-05]
MAR02966	[9.163048262277387e-05]
MAR02967	[9.163048262277387e-05]
MAR02968	[9.163048262277387e-05]
MAR02969	[9.163048262277387e-05]
MAR02970	[9.163048262277387e-05]
MAR02971	[9.163048262277387e-05]
MAR02972	[9.163048262277387e-05]
MAR02973	[9.163048262277387e-05]
MAR02974	[9.163048262277387e-05]
MAR02975	[9.163048262277387e-05]
MAR02976	[9.163048262277387e-05]
MAR02977	[9.163048262277387e-05]
MAR02978	[9.163048262277387e-05]
MAR02979	[9.163048262277387e-05]
MAR02980	[9.163048262277387e-05]
MAR02981	[9.163048262277387e-05]
MAR02982	[9.163048262277387e-05]
MAR02983	[9.163048262277387e-05]
MAR02984	[9.163048262277387e-05]
MAR02985	[9.163048262277387e-05]
MAR02986	[9.163048262277387e-05]
MAR02987	[9.163048262277387e-05]
MAR02988	[9.163048262277387e-05]
MAR02989	[9.163048262277387e-05]
MAR02990	[9.163048262277387e-05]
MAR02991	[9.163048262277387e-05]
MAR02992	[9.163048262277387e-05]
MAR02994	[9.163048262277387e-05]
MAR02996	[9.163048262277387e-05]
MAR02998	[9.163048262277387e-05]
MAR02999	[9.163048262277387e-05]
MAR03000	[9.163048262277387e-05]
MAR03001	[9.163048262277387e-05]
MAR03002	[9.163048262277387e-05]
MAR03003	[9.163048262277387e-05]
MAR02152	[5.833584168831528e-05]
MAR02153	[5.833584168831528e-05]
MAR02154	[5.833584168831528e-05]
MAR02155	[5.833584168831528e-05]
MAR02156	[5.833584168831528e-05]
MAR02157	[5.833584168831528e-05]
MAR02158	[5.833584168831528e-05]
MAR02159	[5.833584168831528e-05]
MAR02160	[5.833584168831528e-05]
MAR02161	[5.833584168831528e-05]
MAR02162	[5.833584168831528e-05]
MAR02163	[5.833584168831528e-05]
MAR02164	[5.833584168831528e-05]
MAR02165	[5.833584168831528e-05]
MAR02166	[5.833584168831528e-05]
MAR02167	[5.833584168831528e-05]
MAR02168	[5.833584168831528e-05]
MAR02169	[5.833584168831528e-05]
MAR02170	[5.833584168831528e-05]
MAR02171	[5.833584168831528e-05]
MAR02173	[5.833584168831528e-05]
MAR02174	[5.833584168831528e-05]
MAR02175	[5.833584168831528e-05]
MAR02176	[5.833584168831528e-05]
MAR02178	[5.833584168831528e-05]
MAR02179	[5.833584168831528e-05]
MAR02180	[5.833584168831528e-05]
MAR02181	[5.833584168831528e-05]
MAR04295	[0.005183721565527906]
MAR02227	[5.833584168831528e-05]
MAR02228	[5.833584168831528e-05]
MAR02229	[5.833584168831528e-05]
MAR02230	[5.833584168831528e-05]
MAR02231	[5.833584168831528e-05]
MAR02232	[5.833584168831528e-05]
MAR02233	[5.833584168831528e-05]
MAR02234	[5.833584168831528e-05]
MAR02235	[5.833584168831528e-05]
MAR02236	[5.833584168831528e-05]
MAR02237	[5.833584168831528e-05]
MAR02238	[5.833584168831528e-05]
MAR02239	[5.833584168831528e-05]
MAR02240	[5.833584168831528e-05]
MAR02241	[5.833584168831528e-05]
MAR02242	[5.833584168831528e-05]
MAR02243	[5.833584168831528e-05]
MAR02244	[5.833584168831528e-05]
MAR02245	[5.833584168831528e-05]
MAR02246	[5.833584168831528e-05]
MAR02247	[5.833584168831528e-05]
MAR02249	[5.833584168831528e-05]
MAR02250	[5.833584168831528e-05]
MAR02251	[5.833584168831528e-05]
MAR02252	[5.833584168831528e-05]
MAR02254	[5.833584168831528e-05]
MAR02255	[5.833584168831528e-05]
MAR02256	[5.833584168831528e-05]
MAR02257	[5.833584168831528e-05]
MAR02305	[3.728206335263105e-05]
MAR02307	[np.float64(9.858754595081572e-05)]
MAR02309	[5.2702184091965004e-05]
MAR02311	[np.float64(9.858754595081572e-05)]
MAR02315	[3.728206335263105e-05]
MAR02317	[np.float64(9.858754595081572e-05)]
MAR02319	[5.2702184091965004e-05]
MAR02321	[np.float64(9.858754595081572e-05)]
MAR02324	[3.728206335263105e-05]
MAR02326	[np.float64(9.858754595081572e-05)]
MAR02328	[5.2702184091965004e-05]
MAR02330	[np.float64(9.858754595081572e-05)]
MAR02332	[3.728206335263105e-05]
MAR02334	[np.float64(9.858754595081572e-05)]
MAR02336	[5.2702184091965004e-05]
MAR02338	[np.float64(9.858754595081572e-05)]
MAR02342	[3.728206335263105e-05]
MAR02343	[np.float64(9.858754595081572e-05)]
MAR02344	[5.2702184091965004e-05]
MAR02345	[np.float64(9.858754595081572e-05)]
MAR02347	[3.728206335263105e-05]
MAR02348	[np.float64(9.858754595081572e-05)]
MAR02349	[5.2702184091965004e-05]
MAR02350	[np.float64(9.858754595081572e-05)]
MAR02353	[3.728206335263105e-05]
MAR02354	[np.float64(9.858754595081572e-05)]
MAR02355	[5.2702184091965004e-05]
MAR02356	[np.float64(9.858754595081572e-05)]
MAR02361	[3.728206335263105e-05]
MAR02362	[np.float64(9.858754595081572e-05)]
MAR02363	[5.2702184091965004e-05]
MAR02364	[np.float64(9.858754595081572e-05)]
MAR02190	[3.728206335263105e-05]
MAR02191	[np.float64(9.858754595081572e-05)]
MAR02193	[5.2702184091965004e-05]
MAR02194	[np.float64(9.858754595081572e-05)]
MAR02201	[3.728206335263105e-05]
MAR02202	[np.float64(9.858754595081572e-05)]
MAR02203	[5.2702184091965004e-05]
MAR02204	[np.float64(9.858754595081572e-05)]
MAR02205	[3.728206335263105e-05]
MAR02208	[np.float64(9.858754595081572e-05)]
MAR02209	[5.2702184091965004e-05]
MAR02210	[np.float64(9.858754595081572e-05)]
MAR02211	[3.728206335263105e-05]
MAR02212	[np.float64(9.858754595081572e-05)]
MAR02213	[5.2702184091965004e-05]
MAR02214	[np.float64(9.858754595081572e-05)]
MAR02215	[3.728206335263105e-05]
MAR02217	[np.float64(9.858754595081572e-05)]
MAR02218	[5.2702184091965004e-05]
MAR02219	[np.float64(9.858754595081572e-05)]
MAR02259	[3.728206335263105e-05]
MAR02260	[np.float64(9.858754595081572e-05)]
MAR02261	[5.2702184091965004e-05]
MAR02262	[np.float64(9.858754595081572e-05)]
MAR02263	[3.728206335263105e-05]
MAR02264	[np.float64(9.858754595081572e-05)]
MAR02265	[5.2702184091965004e-05]
MAR02266	[np.float64(9.858754595081572e-05)]
MAR02267	[3.728206335263105e-05]
MAR02268	[np.float64(9.858754595081572e-05)]
MAR02269	[5.2702184091965004e-05]
MAR02270	[np.float64(9.858754595081572e-05)]
MAR02281	[5.355273042056006e-05]
MAR02282	[5.355273042056006e-05]
MAR02284	[5.355273042056006e-05]
MAR02286	[5.355273042056006e-05]
MAR02287	[5.355273042056006e-05]
MAR02292	[5.355273042056006e-05]
MAR02293	[5.355273042056006e-05]
MAR02294	[5.355273042056006e-05]
MAR02295	[5.355273042056006e-05]
MAR02296	[5.355273042056006e-05]
MAR02359	[np.float64(9.858754595081572e-05)]
MAR02365	[np.float64(9.858754595081572e-05)]
MAR02288	[5.355273042056006e-05]
MAR02289	[5.355273042056006e-05]
MAR00709	[np.float64(9.858754595081572e-05)]
MAR02150	[5.833584168831528e-05]
MAR02151	[5.833584168831528e-05]
MAR02172	[5.833584168831528e-05]
MAR02177	[5.833584168831528e-05]
MAR02182	[5.833584168831528e-05]
MAR02248	[5.833584168831528e-05]
MAR02253	[5.833584168831528e-05]
MAR02258	[5.833584168831528e-05]
MAR02437	[np.float64(9.858754595081572e-05)]
MAR02438	[np.float64(9.858754595081572e-05)]
MAR02439	[np.float64(9.858754595081572e-05)]
MAR02440	[0.006361782362284913]
MAR02441	[3.728206335263105e-05]
MAR02442	[np.float64(9.858754595081572e-05)]
MAR02443	[np.float64(9.858754595081572e-05)]
MAR02444	[np.float64(9.858754595081572e-05)]
MAR02445	[np.float64(9.858754595081572e-05)]
MAR02446	[np.float64(9.858754595081572e-05)]
MAR02447	[np.float64(9.858754595081572e-05)]
MAR02448	[np.float64(9.858754595081572e-05)]
MAR02449	[np.float64(9.858754595081572e-05)]
MAR02450	[np.float64(9.858754595081572e-05)]
MAR02451	[np.float64(9.858754595081572e-05)]
MAR02452	[np.float64(9.858754595081572e-05)]
MAR02453	[np.float64(9.858754595081572e-05)]
MAR02454	[np.float64(9.858754595081572e-05)]
MAR02455	[np.float64(9.858754595081572e-05)]
MAR02456	[np.float64(9.858754595081572e-05)]
MAR02457	[np.float64(9.858754595081572e-05)]
MAR02458	[np.float64(9.858754595081572e-05)]
MAR02459	[4.811018483726432e-05]
MAR02460	[4.811018483726432e-05]
MAR02461	[0.00762995585464111]
MAR02462	[0.00762995585464111]
MAR02463	[0.00762995585464111]
MAR02464	[0.00762995585464111]
MAR02465	[4.811018483726432e-05]
MAR02466	[4.811018483726432e-05]
MAR02467	[0.00762995585464111]
MAR02468	[0.00762995585464111]
MAR02469	[0.00762995585464111]
MAR02470	[0.00762995585464111]
MAR06397	[np.float64(9.858754595081572e-05)]
MAR06402	[0.005183721565527906]
MAR06403	[np.float64(9.858754595081572e-05)]
MAR06404	[np.float64(9.858754595081572e-05)]
MAR02472	[np.float64(9.858754595081572e-05)]
MAR02475	[3.728206335263105e-05]
MAR02478	[np.float64(9.858754595081572e-05)]
MAR02480	[5.2702184091965004e-05]
MAR02482	[np.float64(9.858754595081572e-05)]
MAR02484	[np.float64(9.858754595081572e-05)]
MAR02486	[3.728206335263105e-05]
MAR02489	[np.float64(9.858754595081572e-05)]
MAR02491	[5.2702184091965004e-05]
MAR02493	[np.float64(9.858754595081572e-05)]
MAR02495	[np.float64(9.858754595081572e-05)]
MAR02497	[3.728206335263105e-05]
MAR02499	[np.float64(9.858754595081572e-05)]
MAR02501	[5.2702184091965004e-05]
MAR02503	[np.float64(9.858754595081572e-05)]
MAR02505	[np.float64(9.858754595081572e-05)]
MAR02510	[np.float64(9.858754595081572e-05)]
MAR02511	[3.80118259440596e-05]
MAR02512	[np.float64(9.858754595081572e-05)]
MAR02513	[np.float64(9.858754595081572e-05)]
MAR02514	[np.float64(9.858754595081572e-05)]
MAR02515	[3.728206335263105e-05]
MAR02516	[np.float64(9.858754595081572e-05)]
MAR02518	[5.2702184091965004e-05]
MAR02520	[np.float64(9.858754595081572e-05)]
MAR02522	[3.728206335263105e-05]
MAR02524	[np.float64(9.858754595081572e-05)]
MAR02526	[5.2702184091965004e-05]
MAR02528	[np.float64(9.858754595081572e-05)]
MAR02530	[3.728206335263105e-05]
MAR02533	[np.float64(9.858754595081572e-05)]
MAR02535	[5.2702184091965004e-05]
MAR02537	[np.float64(9.858754595081572e-05)]
MAR02540	[3.728206335263105e-05]
MAR02541	[np.float64(9.858754595081572e-05)]
MAR02542	[5.2702184091965004e-05]
MAR02543	[np.float64(9.858754595081572e-05)]
MAR02544	[0.006361782362284913]
MAR02545	[np.float64(9.858754595081572e-05)]
MAR02546	[5.1849070780614454e-05]
MAR02548	[5.1849070780614454e-05]
MAR02549	[np.float64(9.858754595081572e-05)]
MAR02550	[np.float64(9.858754595081572e-05)]
MAR02551	[np.float64(9.858754595081572e-05)]
MAR02552	[0.005183721565527906]
MAR02553	[0.006361782362284913]
MAR02555	[0.006361782362284913]
MAR02556	[np.float64(9.858754595081572e-05)]
MAR02557	[np.float64(9.858754595081572e-05)]
MAR02558	[np.float64(9.858754595081572e-05)]
MAR02559	[np.float64(9.858754595081572e-05)]
MAR02560	[np.float64(9.858754595081572e-05)]
MAR02561	[0.006361782362284913]
MAR02562	[4.811018483726432e-05]
MAR02563	[4.811018483726432e-05]
MAR02565	[0.006361782362284913]
MAR02566	[np.float64(9.858754595081572e-05)]
MAR02567	[np.float64(9.858754595081572e-05)]
MAR02568	[0.006361782362284913]
MAR02570	[np.float64(9.858754595081572e-05)]
MAR02571	[np.float64(9.858754595081572e-05)]
MAR02572	[0.006361782362284913]
MAR02573	[4.811018483726432e-05]
MAR02574	[4.811018483726432e-05]
MAR02576	[np.float64(9.858754595081572e-05)]
MAR02577	[np.float64(9.858754595081572e-05)]
MAR02578	[0.006361782362284913]
MAR02579	[4.811018483726432e-05]
MAR02580	[4.811018483726432e-05]
MAR02581	[np.float64(9.858754595081572e-05)]
MAR02582	[np.float64(9.858754595081572e-05)]
MAR02583	[3.728206335263105e-05]
MAR02584	[3.728206335263105e-05]
MAR02586	[0.006361782362284913]
MAR02587	[np.float64(9.858754595081572e-05)]
MAR02368	[np.float64(9.858754595081572e-05)]
MAR02371	[3.728206335263105e-05]
MAR02374	[np.float64(9.858754595081572e-05)]
MAR02376	[np.float64(9.858754595081572e-05)]
MAR02378	[np.float64(9.858754595081572e-05)]
MAR02380	[np.float64(9.858754595081572e-05)]
MAR02383	[3.728206335263105e-05]
MAR02387	[np.float64(9.858754595081572e-05)]
MAR02389	[5.2702184091965004e-05]
MAR02391	[np.float64(9.858754595081572e-05)]
MAR02393	[np.float64(9.858754595081572e-05)]
MAR02395	[3.728206335263105e-05]
MAR02397	[np.float64(9.858754595081572e-05)]
MAR02399	[5.2702184091965004e-05]
MAR02401	[np.float64(9.858754595081572e-05)]
MAR02403	[np.float64(9.858754595081572e-05)]
MAR02408	[np.float64(9.858754595081572e-05)]
MAR02409	[3.80118259440596e-05]
MAR02410	[np.float64(9.858754595081572e-05)]
MAR02411	[np.float64(9.858754595081572e-05)]
MAR02412	[np.float64(9.858754595081572e-05)]
MAR02415	[3.728206335263105e-05]
MAR02417	[np.float64(9.858754595081572e-05)]
MAR02419	[5.2702184091965004e-05]
MAR02421	[np.float64(9.858754595081572e-05)]
MAR02423	[3.728206335263105e-05]
MAR02426	[np.float64(9.858754595081572e-05)]
MAR02428	[5.2702184091965004e-05]
MAR02430	[np.float64(9.858754595081572e-05)]
MAR02433	[3.728206335263105e-05]
MAR02434	[np.float64(9.858754595081572e-05)]
MAR02435	[5.2702184091965004e-05]
MAR02436	[np.float64(9.858754595081572e-05)]
MAR03444	[np.float64(9.858754595081572e-05)]
MAR03445	[np.float64(9.858754595081572e-05)]
MAR03446	[np.float64(9.858754595081572e-05)]
MAR03447	[np.float64(9.858754595081572e-05)]
MAR03448	[np.float64(9.858754595081572e-05)]
MAR03449	[3.80118259440596e-05]
MAR03450	[3.728206335263105e-05]
MAR03452	[np.float64(9.858754595081572e-05)]
MAR03453	[3.80118259440596e-05]
MAR03454	[3.728206335263105e-05]
MAR03455	[3.80118259440596e-05]
MAR03456	[np.float64(9.858754595081572e-05)]
MAR03457	[np.float64(9.858754595081572e-05)]
MAR03458	[np.float64(9.858754595081572e-05)]
MAR03459	[np.float64(9.858754595081572e-05)]
MAR03460	[3.80118259440596e-05]
MAR03461	[np.float64(9.858754595081572e-05)]
MAR03462	[3.80118259440596e-05]
MAR03463	[3.80118259440596e-05]
MAR03464	[np.float64(9.858754595081572e-05)]
MAR03466	[np.float64(9.858754595081572e-05)]
MAR03467	[3.80118259440596e-05]
MAR03468	[np.float64(9.858754595081572e-05)]
MAR03469	[np.float64(9.858754595081572e-05)]
MAR03470	[np.float64(9.858754595081572e-05)]
MAR03471	[np.float64(9.858754595081572e-05)]
MAR03472	[3.80118259440596e-05]
MAR00931	[np.float64(9.858754595081572e-05)]
MAR00932	[np.float64(9.858754595081572e-05)]
MAR00933	[np.float64(9.858754595081572e-05)]
MAR00934	[np.float64(9.858754595081572e-05)]
MAR00935	[np.float64(9.858754595081572e-05)]
MAR00936	[np.float64(9.858754595081572e-05)]
MAR00937	[np.float64(9.858754595081572e-05)]
MAR00938	[np.float64(9.858754595081572e-05)]
MAR00939	[np.float64(9.858754595081572e-05)]
MAR00940	[np.float64(9.858754595081572e-05)]
MAR00942	[np.float64(9.858754595081572e-05)]
MAR00943	[np.float64(9.858754595081572e-05)]
MAR00944	[np.float64(9.858754595081572e-05)]
MAR00945	[4.811018483726432e-05]
MAR00946	[np.float64(9.858754595081572e-05)]
MAR00947	[np.float64(9.858754595081572e-05)]
MAR00948	[np.float64(9.858754595081572e-05)]
MAR00949	[4.811018483726432e-05]
MAR00950	[np.float64(9.858754595081572e-05)]
MAR00951	[np.float64(9.858754595081572e-05)]
MAR00953	[4.811018483726432e-05]
MAR00954	[np.float64(9.858754595081572e-05)]
MAR00955	[np.float64(9.858754595081572e-05)]
MAR00956	[np.float64(9.858754595081572e-05)]
MAR00957	[4.811018483726432e-05]
MAR00958	[0.006361782362284913]
MAR00959	[0.006361782362284913]
MAR00960	[3.728206335263105e-05]
MAR00961	[np.float64(9.858754595081572e-05)]
MAR00963	[3.728206335263105e-05]
MAR00964	[np.float64(9.858754595081572e-05)]
MAR00967	[np.float64(9.858754595081572e-05)]
MAR00969	[0.006361782362284913]
MAR00971	[0.006361782362284913]
MAR00973	[5.1849070780614454e-05]
MAR00976	[np.float64(9.858754595081572e-05)]
MAR00979	[np.float64(9.858754595081572e-05)]
MAR00980	[5.1849070780614454e-05]
MAR00981	[0.006361782362284913]
MAR00983	[0.006361782362284913]
MAR00985	[0.006361782362284913]
MAR00986	[0.006361782362284913]
MAR00987	[0.006361782362284913]
MAR00988	[3.728206335263105e-05]
MAR00989	[np.float64(9.858754595081572e-05)]
MAR00990	[np.float64(9.858754595081572e-05)]
MAR00991	[np.float64(9.858754595081572e-05)]
MAR00992	[np.float64(9.858754595081572e-05)]
MAR00993	[np.float64(9.858754595081572e-05)]
MAR00994	[np.float64(9.858754595081572e-05)]
MAR00995	[np.float64(9.858754595081572e-05)]
MAR00996	[np.float64(9.858754595081572e-05)]
MAR00997	[np.float64(9.858754595081572e-05)]
MAR00998	[0.006361782362284913]
MAR00999	[0.006361782362284913]
MAR01000	[0.006361782362284913]
MAR01002	[4.811018483726432e-05]
MAR01003	[4.811018483726432e-05]
MAR01004	[4.811018483726432e-05]
MAR01006	[4.811018483726432e-05]
MAR01007	[4.811018483726432e-05]
MAR01008	[4.811018483726432e-05]
MAR01010	[np.float64(9.858754595081572e-05)]
MAR01011	[np.float64(9.858754595081572e-05)]
MAR01013	[0.006361782362284913]
MAR01014	[0.006361782362284913]
MAR01015	[0.006361782362284913]
MAR01016	[0.006361782362284913]
MAR01017	[0.006361782362284913]
MAR01018	[0.006361782362284913]
MAR01020	[4.811018483726432e-05]
MAR01021	[4.811018483726432e-05]
MAR01022	[4.811018483726432e-05]
MAR01023	[4.811018483726432e-05]
MAR01025	[4.811018483726432e-05]
MAR01026	[4.811018483726432e-05]
MAR01027	[4.811018483726432e-05]
MAR01028	[4.811018483726432e-05]
MAR01029	[np.float64(9.858754595081572e-05)]
MAR01030	[np.float64(9.858754595081572e-05)]
MAR01033	[np.float64(9.858754595081572e-05)]
MAR01034	[np.float64(9.858754595081572e-05)]
MAR01037	[np.float64(9.858754595081572e-05)]
MAR01039	[np.float64(9.858754595081572e-05)]
MAR01040	[np.float64(9.858754595081572e-05)]
MAR01041	[np.float64(9.858754595081572e-05)]
MAR01042	[np.float64(9.858754595081572e-05)]
MAR01043	[3.728206335263105e-05]
MAR01045	[3.728206335263105e-05]
MAR01048	[3.728206335263105e-05]
MAR01049	[3.728206335263105e-05]
MAR01050	[3.728206335263105e-05]
MAR01053	[3.728206335263105e-05]
MAR01054	[3.728206335263105e-05]
MAR01055	[4.811018483726432e-05]
MAR01057	[4.811018483726432e-05]
MAR01058	[4.811018483726432e-05]
MAR01059	[0.006361782362284913]
MAR01061	[0.006361782362284913]
MAR01062	[np.float64(9.858754595081572e-05)]
MAR01063	[np.float64(9.858754595081572e-05)]
MAR01064	[np.float64(9.858754595081572e-05)]
MAR01065	[3.728206335263105e-05]
MAR01066	[3.728206335263105e-05]
MAR01067	[3.728206335263105e-05]
MAR01068	[3.728206335263105e-05]
MAR01069	[3.728206335263105e-05]
MAR01070	[3.728206335263105e-05]
MAR01071	[0.006361782362284913]
MAR01072	[0.006361782362284913]
MAR01073	[np.float64(9.858754595081572e-05)]
MAR01074	[np.float64(9.858754595081572e-05)]
MAR01075	[0.006361782362284913]
MAR01077	[0.006361782362284913]
MAR01079	[0.00459697388961915]
MAR03015	[np.float64(9.858754595081572e-05)]
MAR01080	[np.float64(9.858754595081572e-05)]
MAR01081	[0.005183721565527906]
MAR01084	[np.float64(9.858754595081572e-05)]
MAR01085	[0.0062946839618430285]
MAR01087	[np.float64(9.858754595081572e-05)]
MAR01088	[3.728206335263105e-05]
MAR01091	[3.728206335263105e-05]
MAR01092	[np.float64(9.858754595081572e-05)]
MAR01093	[np.float64(9.858754595081572e-05)]
MAR01096	[np.float64(9.858754595081572e-05)]
MAR01097	[0.006636517029453973]
MAR01098	[3.728206335263105e-05]
MAR01099	[0.006636517029453973]
MAR01100	[5.1849070780614454e-05]
MAR01101	[5.1849070780614454e-05]
MAR01102	[5.1849070780614454e-05]
MAR01103	[5.1849070780614454e-05]
MAR01105	[5.1849070780614454e-05]
MAR01106	[5.1849070780614454e-05]
MAR01107	[0.006361782362284913]
MAR01108	[0.006361782362284913]
MAR01109	[0.006361782362284913]
MAR01110	[0.006361782362284913]
MAR01111	[0.006361782362284913]
MAR01112	[0.006361782362284913]
MAR01113	[np.float64(9.858754595081572e-05)]
MAR01114	[np.float64(9.858754595081572e-05)]
MAR01115	[np.float64(9.858754595081572e-05)]
MAR01116	[5.1849070780614454e-05]
MAR01117	[5.1849070780614454e-05]
MAR01119	[3.728206335263105e-05]
MAR01120	[3.728206335263105e-05]
MAR01121	[3.728206335263105e-05]
MAR01122	[3.728206335263105e-05]
MAR01123	[5.1849070780614454e-05]
MAR01124	[5.1849070780614454e-05]
MAR01125	[5.1849070780614454e-05]
MAR01126	[0.006361782362284913]
MAR01127	[0.006361782362284913]
MAR01128	[0.006361782362284913]
MAR01129	[3.728206335263105e-05]
MAR01130	[3.728206335263105e-05]
MAR01131	[3.728206335263105e-05]
MAR01132	[np.float64(9.858754595081572e-05)]
MAR01133	[np.float64(9.858754595081572e-05)]
MAR01134	[np.float64(9.858754595081572e-05)]
MAR01136	[np.float64(9.858754595081572e-05)]
MAR01137	[0.006361782362284913]
MAR01138	[0.006361782362284913]
MAR01139	[0.006361782362284913]
MAR01140	[0.006361782362284913]
MAR01142	[np.float64(9.858754595081572e-05)]
MAR01146	[5.1849070780614454e-05]
MAR01147	[5.1849070780614454e-05]
MAR01148	[5.1849070780614454e-05]
MAR01149	[np.float64(9.858754595081572e-05)]
MAR01150	[np.float64(9.858754595081572e-05)]
MAR01151	[np.float64(9.858754595081572e-05)]
MAR01152	[np.float64(9.858754595081572e-05)]
MAR01153	[np.float64(9.858754595081572e-05)]
MAR01154	[np.float64(9.858754595081572e-05)]
MAR01155	[np.float64(9.858754595081572e-05)]
MAR01156	[np.float64(9.858754595081572e-05)]
MAR01157	[9.163048262277387e-05]
MAR01158	[9.163048262277387e-05]
MAR01159	[9.163048262277387e-05]
MAR01160	[9.163048262277387e-05]
MAR01161	[np.float64(9.858754595081572e-05)]
MAR01162	[np.float64(9.858754595081572e-05)]
MAR01163	[3.80118259440596e-05]
MAR01164	[3.80118259440596e-05]
MAR01165	[3.728206335263105e-05]
MAR01166	[np.float64(9.858754595081572e-05)]
MAR01167	[3.80118259440596e-05]
MAR01168	[np.float64(9.858754595081572e-05)]
MAR01170	[np.float64(9.858754595081572e-05)]
MAR01171	[np.float64(9.858754595081572e-05)]
MAR01186	[np.float64(9.858754595081572e-05)]
MAR01190	[5.1849070780614454e-05]
MAR01191	[5.1849070780614454e-05]
MAR01192	[5.1849070780614454e-05]
MAR01193	[np.float64(9.858754595081572e-05)]
MAR01194	[np.float64(9.858754595081572e-05)]
MAR01195	[np.float64(9.858754595081572e-05)]
MAR01196	[np.float64(9.858754595081572e-05)]
MAR01197	[np.float64(9.858754595081572e-05)]
MAR01198	[np.float64(9.858754595081572e-05)]
MAR01199	[np.float64(9.858754595081572e-05)]
MAR01200	[9.163048262277387e-05]
MAR01201	[9.163048262277387e-05]
MAR01202	[9.163048262277387e-05]
MAR01203	[9.163048262277387e-05]
MAR01204	[np.float64(9.858754595081572e-05)]
MAR01205	[np.float64(9.858754595081572e-05)]
MAR01206	[3.80118259440596e-05]
MAR01207	[3.80118259440596e-05]
MAR01208	[3.728206335263105e-05]
MAR01209	[np.float64(9.858754595081572e-05)]
MAR01210	[3.80118259440596e-05]
MAR01211	[np.float64(9.858754595081572e-05)]
MAR01212	[np.float64(9.858754595081572e-05)]
MAR01213	[np.float64(9.858754595081572e-05)]
MAR01228	[np.float64(9.858754595081572e-05)]
MAR01229	[np.float64(9.858754595081572e-05)]
MAR01230	[np.float64(9.858754595081572e-05)]
MAR01231	[5.1849070780614454e-05]
MAR01232	[5.1849070780614454e-05]
MAR01233	[5.1849070780614454e-05]
MAR01234	[0.006361782362284913]
MAR01235	[0.006361782362284913]
MAR01236	[0.006361782362284913]
MAR01237	[0.006361782362284913]
MAR01238	[0.006361782362284913]
MAR01239	[0.006361782362284913]
MAR01241	[np.float64(9.858754595081572e-05)]
MAR01244	[5.1849070780614454e-05]
MAR01245	[5.1849070780614454e-05]
MAR01246	[5.1849070780614454e-05]
MAR01247	[np.float64(9.858754595081572e-05)]
MAR01248	[9.163048262277387e-05]
MAR01249	[9.163048262277387e-05]
MAR01250	[9.163048262277387e-05]
MAR01251	[9.163048262277387e-05]
MAR01253	[np.float64(9.858754595081572e-05)]
MAR01254	[np.float64(9.858754595081572e-05)]
MAR01255	[3.80118259440596e-05]
MAR01256	[3.80118259440596e-05]
MAR01257	[3.728206335263105e-05]
MAR01258	[np.float64(9.858754595081572e-05)]
MAR01259	[3.80118259440596e-05]
MAR01260	[np.float64(9.858754595081572e-05)]
MAR01261	[np.float64(9.858754595081572e-05)]
MAR01262	[np.float64(9.858754595081572e-05)]
MAR01263	[9.163048262277387e-05]
MAR01264	[9.163048262277387e-05]
MAR01265	[9.163048262277387e-05]
MAR01266	[9.163048262277387e-05]
MAR01270	[np.float64(9.858754595081572e-05)]
MAR01271	[np.float64(9.858754595081572e-05)]
MAR01272	[3.80118259440596e-05]
MAR01273	[3.80118259440596e-05]
MAR01274	[3.728206335263105e-05]
MAR01275	[np.float64(9.858754595081572e-05)]
MAR01276	[3.80118259440596e-05]
MAR01277	[np.float64(9.858754595081572e-05)]
MAR01278	[np.float64(9.858754595081572e-05)]
MAR01279	[np.float64(9.858754595081572e-05)]
MAR01280	[5.1849070780614454e-05]
MAR01281	[5.1849070780614454e-05]
MAR01282	[5.1849070780614454e-05]
MAR01285	[np.float64(9.858754595081572e-05)]
MAR01287	[np.float64(9.858754595081572e-05)]
MAR01288	[3.728206335263105e-05]
MAR01289	[np.float64(9.858754595081572e-05)]
MAR01290	[9.163048262277387e-05]
MAR01291	[np.float64(9.858754595081572e-05)]
MAR01292	[3.80118259440596e-05]
MAR01293	[np.float64(9.858754595081572e-05)]
MAR01294	[np.float64(9.858754595081572e-05)]
MAR01295	[np.float64(9.858754595081572e-05)]
MAR01296	[np.float64(9.858754595081572e-05)]
MAR01297	[np.float64(9.858754595081572e-05)]
MAR01298	[3.80118259440596e-05]
MAR01299	[3.80118259440596e-05]
MAR01300	[np.float64(9.858754595081572e-05)]
MAR01301	[np.float64(9.858754595081572e-05)]
MAR01302	[np.float64(9.858754595081572e-05)]
MAR01303	[np.float64(9.858754595081572e-05)]
MAR01304	[np.float64(9.858754595081572e-05)]
MAR04796	[np.float64(9.858754595081572e-05)]
MAR08545	[0.006361782362284913]
MAR08546	[5.1849070780614454e-05]
MAR08547	[np.float64(9.858754595081572e-05)]
MAR08548	[np.float64(9.858754595081572e-05)]
MAR08549	[np.float64(9.858754595081572e-05)]
MAR08550	[0.005183721565527906]
MAR08552	[np.float64(9.858754595081572e-05)]
MAR08554	[0.006361782362284913]
MAR08555	[0.00762995585464111]
MAR08556	[0.00762995585464111]
MAR08557	[np.float64(9.858754595081572e-05)]
MAR08558	[np.float64(9.858754595081572e-05)]
MAR08559	[0.0062946839618430285]
MAR08560	[3.728206335263105e-05]
MAR08561	[np.float64(9.858754595081572e-05)]
MAR00154	[np.float64(9.858754595081572e-05)]
MAR00189	[np.float64(9.858754595081572e-05)]
MAR00193	[np.float64(9.858754595081572e-05)]
MAR00197	[np.float64(9.858754595081572e-05)]
MAR00201	[np.float64(9.858754595081572e-05)]
MAR00206	[np.float64(9.858754595081572e-05)]
MAR00210	[np.float64(9.858754595081572e-05)]
MAR00214	[np.float64(9.858754595081572e-05)]
MAR00223	[np.float64(9.858754595081572e-05)]
MAR00230	[np.float64(9.858754595081572e-05)]
MAR00234	[np.float64(9.858754595081572e-05)]
MAR00238	[np.float64(9.858754595081572e-05)]
MAR00242	[np.float64(9.858754595081572e-05)]
MAR00246	[np.float64(9.858754595081572e-05)]
MAR00250	[np.float64(9.858754595081572e-05)]
MAR00256	[np.float64(9.858754595081572e-05)]
MAR00260	[np.float64(9.858754595081572e-05)]
MAR00264	[np.float64(9.858754595081572e-05)]
MAR00268	[np.float64(9.858754595081572e-05)]
MAR00272	[np.float64(9.858754595081572e-05)]
MAR00276	[np.float64(9.858754595081572e-05)]
MAR00280	[np.float64(9.858754595081572e-05)]
MAR00284	[np.float64(9.858754595081572e-05)]
MAR00290	[np.float64(9.858754595081572e-05)]
MAR00294	[np.float64(9.858754595081572e-05)]
MAR00298	[np.float64(9.858754595081572e-05)]
MAR00302	[np.float64(9.858754595081572e-05)]
MAR00306	[np.float64(9.858754595081572e-05)]
MAR00310	[0.006361782362284913]
MAR00314	[0.006361782362284913]
MAR00320	[0.006361782362284913]
MAR00324	[0.006361782362284913]
MAR00328	[0.006361782362284913]
MAR00332	[0.006361782362284913]
MAR00338	[0.006361782362284913]
MAR00342	[0.006361782362284913]
MAR00346	[0.006361782362284913]
MAR00350	[np.float64(9.858754595081572e-05)]
MAR00354	[np.float64(9.858754595081572e-05)]
MAR00358	[np.float64(9.858754595081572e-05)]
MAR00362	[np.float64(9.858754595081572e-05)]
MAR00366	[0.006361782362284913]
MAR00370	[0.006361782362284913]
MAR00374	[0.006361782362284913]
MAR00378	[0.006361782362284913]
MAR00382	[np.float64(9.858754595081572e-05)]
MAR00386	[0.006361782362284913]
MAR00390	[0.006361782362284913]
MAR00394	[0.006361782362284913]
MAR00398	[np.float64(9.858754595081572e-05)]
MAR00402	[np.float64(9.858754595081572e-05)]
MAR00406	[np.float64(9.858754595081572e-05)]
MAR00410	[np.float64(9.858754595081572e-05)]
MAR00414	[0.006361782362284913]
MAR00418	[0.006361782362284913]
MAR00422	[0.006361782362284913]
MAR00426	[0.006361782362284913]
MAR00430	[np.float64(9.858754595081572e-05)]
MAR00434	[0.006361782362284913]
MAR00438	[0.006361782362284913]
MAR03009	[np.float64(9.858754595081572e-05)]
MAR03475	[np.float64(9.858754595081572e-05)]
MAR03476	[np.float64(9.858754595081572e-05)]
MAR03477	[np.float64(9.858754595081572e-05)]
MAR00159	[np.float64(9.858754595081572e-05)]
MAR02591	[np.float64(9.858754595081572e-05)]
MAR02594	[np.float64(9.858754595081572e-05)]
MAR02599	[np.float64(9.858754595081572e-05)]
MAR02602	[np.float64(9.858754595081572e-05)]
MAR02605	[np.float64(9.858754595081572e-05)]
MAR02608	[np.float64(9.858754595081572e-05)]
MAR02611	[np.float64(9.858754595081572e-05)]
MAR02614	[np.float64(9.858754595081572e-05)]
MAR02620	[np.float64(9.858754595081572e-05)]
MAR02623	[np.float64(9.858754595081572e-05)]
MAR02626	[np.float64(9.858754595081572e-05)]
MAR02633	[np.float64(9.858754595081572e-05)]
MAR02636	[np.float64(9.858754595081572e-05)]
MAR02642	[np.float64(9.858754595081572e-05)]
MAR02648	[np.float64(9.858754595081572e-05)]
MAR02651	[np.float64(9.858754595081572e-05)]
MAR02654	[np.float64(9.858754595081572e-05)]
MAR02657	[np.float64(9.858754595081572e-05)]
MAR02660	[np.float64(9.858754595081572e-05)]
MAR02663	[np.float64(9.858754595081572e-05)]
MAR02666	[np.float64(9.858754595081572e-05)]
MAR02669	[np.float64(9.858754595081572e-05)]
MAR02672	[np.float64(9.858754595081572e-05)]
MAR02675	[np.float64(9.858754595081572e-05)]
MAR02678	[np.float64(9.858754595081572e-05)]
MAR02681	[np.float64(9.858754595081572e-05)]
MAR02684	[np.float64(9.858754595081572e-05)]
MAR02687	[np.float64(9.858754595081572e-05)]
MAR02690	[np.float64(9.858754595081572e-05)]
MAR02693	[np.float64(9.858754595081572e-05)]
MAR02699	[np.float64(9.858754595081572e-05)]
MAR02702	[np.float64(9.858754595081572e-05)]
MAR02705	[np.float64(9.858754595081572e-05)]
MAR02708	[np.float64(9.858754595081572e-05)]
MAR02711	[np.float64(9.858754595081572e-05)]
MAR02714	[np.float64(9.858754595081572e-05)]
MAR02717	[np.float64(9.858754595081572e-05)]
MAR02720	[np.float64(9.858754595081572e-05)]
MAR02726	[np.float64(9.858754595081572e-05)]
MAR02730	[np.float64(9.858754595081572e-05)]
MAR02733	[np.float64(9.858754595081572e-05)]
MAR02736	[np.float64(9.858754595081572e-05)]
MAR02739	[np.float64(9.858754595081572e-05)]
MAR02742	[np.float64(9.858754595081572e-05)]
MAR02746	[np.float64(9.858754595081572e-05)]
MAR02752	[np.float64(9.858754595081572e-05)]
MAR02755	[np.float64(9.858754595081572e-05)]
MAR02759	[np.float64(9.858754595081572e-05)]
MAR02762	[np.float64(9.858754595081572e-05)]
MAR02768	[np.float64(9.858754595081572e-05)]
MAR02771	[np.float64(9.858754595081572e-05)]
MAR02774	[np.float64(9.858754595081572e-05)]
MAR02877	[np.float64(9.858754595081572e-05)]
MAR03032	[np.float64(9.858754595081572e-05)]
MAR03521	[np.float64(9.858754595081572e-05)]
MAR08419	[np.float64(9.858754595081572e-05)]
MAR00160	[np.float64(9.858754595081572e-05)]
MAR00161	[np.float64(9.858754595081572e-05)]
MAR00162	[np.float64(9.858754595081572e-05)]
MAR00163	[np.float64(9.858754595081572e-05)]
MAR02592	[np.float64(9.858754595081572e-05)]
MAR02593	[np.float64(9.858754595081572e-05)]
MAR02596	[np.float64(9.858754595081572e-05)]
MAR02598	[np.float64(9.858754595081572e-05)]
MAR02600	[np.float64(9.858754595081572e-05)]
MAR02601	[np.float64(9.858754595081572e-05)]
MAR02603	[np.float64(9.858754595081572e-05)]
MAR02604	[np.float64(9.858754595081572e-05)]
MAR02606	[np.float64(9.858754595081572e-05)]
MAR02607	[np.float64(9.858754595081572e-05)]
MAR02609	[np.float64(9.858754595081572e-05)]
MAR02610	[np.float64(9.858754595081572e-05)]
MAR02612	[np.float64(9.858754595081572e-05)]
MAR02613	[np.float64(9.858754595081572e-05)]
MAR02616	[np.float64(9.858754595081572e-05)]
MAR02618	[np.float64(9.858754595081572e-05)]
MAR02621	[np.float64(9.858754595081572e-05)]
MAR02622	[np.float64(9.858754595081572e-05)]
MAR02624	[np.float64(9.858754595081572e-05)]
MAR02625	[np.float64(9.858754595081572e-05)]
MAR02629	[np.float64(9.858754595081572e-05)]
MAR02630	[np.float64(9.858754595081572e-05)]
MAR02634	[np.float64(9.858754595081572e-05)]
MAR02635	[np.float64(9.858754595081572e-05)]
MAR02638	[np.float64(9.858754595081572e-05)]
MAR02640	[np.float64(9.858754595081572e-05)]
MAR02644	[np.float64(9.858754595081572e-05)]
MAR02646	[np.float64(9.858754595081572e-05)]
MAR02649	[np.float64(9.858754595081572e-05)]
MAR02650	[np.float64(9.858754595081572e-05)]
MAR02652	[np.float64(9.858754595081572e-05)]
MAR02653	[np.float64(9.858754595081572e-05)]
MAR02655	[np.float64(9.858754595081572e-05)]
MAR02656	[np.float64(9.858754595081572e-05)]
MAR02658	[np.float64(9.858754595081572e-05)]
MAR02659	[np.float64(9.858754595081572e-05)]
MAR02661	[np.float64(9.858754595081572e-05)]
MAR02662	[np.float64(9.858754595081572e-05)]
MAR02664	[np.float64(9.858754595081572e-05)]
MAR02665	[np.float64(9.858754595081572e-05)]
MAR02667	[np.float64(9.858754595081572e-05)]
MAR02668	[np.float64(9.858754595081572e-05)]
MAR02670	[np.float64(9.858754595081572e-05)]
MAR02671	[np.float64(9.858754595081572e-05)]
MAR02673	[np.float64(9.858754595081572e-05)]
MAR02674	[np.float64(9.858754595081572e-05)]
MAR02676	[np.float64(9.858754595081572e-05)]
MAR02677	[np.float64(9.858754595081572e-05)]
MAR02679	[np.float64(9.858754595081572e-05)]
MAR02680	[np.float64(9.858754595081572e-05)]
MAR02682	[np.float64(9.858754595081572e-05)]
MAR02683	[np.float64(9.858754595081572e-05)]
MAR02685	[np.float64(9.858754595081572e-05)]
MAR02686	[np.float64(9.858754595081572e-05)]
MAR02688	[np.float64(9.858754595081572e-05)]
MAR02689	[np.float64(9.858754595081572e-05)]
MAR02691	[np.float64(9.858754595081572e-05)]
MAR02692	[np.float64(9.858754595081572e-05)]
MAR02695	[np.float64(9.858754595081572e-05)]
MAR02697	[np.float64(9.858754595081572e-05)]
MAR02700	[np.float64(9.858754595081572e-05)]
MAR02701	[np.float64(9.858754595081572e-05)]
MAR02703	[np.float64(9.858754595081572e-05)]
MAR02704	[np.float64(9.858754595081572e-05)]
MAR02706	[np.float64(9.858754595081572e-05)]
MAR02707	[np.float64(9.858754595081572e-05)]
MAR02709	[np.float64(9.858754595081572e-05)]
MAR02710	[np.float64(9.858754595081572e-05)]
MAR02712	[np.float64(9.858754595081572e-05)]
MAR02713	[np.float64(9.858754595081572e-05)]
MAR02715	[np.float64(9.858754595081572e-05)]
MAR02716	[np.float64(9.858754595081572e-05)]
MAR02718	[np.float64(9.858754595081572e-05)]
MAR02719	[np.float64(9.858754595081572e-05)]
MAR02722	[np.float64(9.858754595081572e-05)]
MAR02724	[np.float64(9.858754595081572e-05)]
MAR02727	[np.float64(9.858754595081572e-05)]
MAR02729	[np.float64(9.858754595081572e-05)]
MAR02731	[np.float64(9.858754595081572e-05)]
MAR02732	[np.float64(9.858754595081572e-05)]
MAR02734	[np.float64(9.858754595081572e-05)]
MAR02735	[np.float64(9.858754595081572e-05)]
MAR02737	[np.float64(9.858754595081572e-05)]
MAR02738	[np.float64(9.858754595081572e-05)]
MAR02740	[np.float64(9.858754595081572e-05)]
MAR02741	[np.float64(9.858754595081572e-05)]
MAR02744	[np.float64(9.858754595081572e-05)]
MAR02745	[np.float64(9.858754595081572e-05)]
MAR02748	[np.float64(9.858754595081572e-05)]
MAR02750	[np.float64(9.858754595081572e-05)]
MAR02753	[np.float64(9.858754595081572e-05)]
MAR02754	[np.float64(9.858754595081572e-05)]
MAR02757	[np.float64(9.858754595081572e-05)]
MAR02758	[np.float64(9.858754595081572e-05)]
MAR02760	[np.float64(9.858754595081572e-05)]
MAR02761	[np.float64(9.858754595081572e-05)]
MAR02764	[np.float64(9.858754595081572e-05)]
MAR02766	[np.float64(9.858754595081572e-05)]
MAR02769	[np.float64(9.858754595081572e-05)]
MAR02770	[np.float64(9.858754595081572e-05)]
MAR02772	[np.float64(9.858754595081572e-05)]
MAR02773	[np.float64(9.858754595081572e-05)]
MAR02775	[np.float64(9.858754595081572e-05)]
MAR02776	[np.float64(9.858754595081572e-05)]
MAR03519	[np.float64(9.858754595081572e-05)]
MAR03520	[np.float64(9.858754595081572e-05)]
MAR08417	[np.float64(9.858754595081572e-05)]
MAR08418	[np.float64(9.858754595081572e-05)]
MAR03027	[np.float64(9.858754595081572e-05)]
MAR03028	[np.float64(9.858754595081572e-05)]
MAR03029	[np.float64(9.858754595081572e-05)]
MAR03030	[np.float64(9.858754595081572e-05)]
MAR03033	[np.float64(9.858754595081572e-05)]
MAR03034	[np.float64(9.858754595081572e-05)]
MAR03035	[np.float64(9.858754595081572e-05)]
MAR03037	[np.float64(9.858754595081572e-05)]
MAR02778	[np.float64(9.858754595081572e-05)]
MAR02780	[np.float64(9.858754595081572e-05)]
MAR02783	[np.float64(9.858754595081572e-05)]
MAR02785	[np.float64(9.858754595081572e-05)]
MAR02787	[np.float64(9.858754595081572e-05)]
MAR02788	[np.float64(9.858754595081572e-05)]
MAR02789	[np.float64(9.858754595081572e-05)]
MAR02790	[np.float64(9.858754595081572e-05)]
MAR02791	[np.float64(9.858754595081572e-05)]
MAR02792	[np.float64(9.858754595081572e-05)]
MAR02793	[np.float64(9.858754595081572e-05)]
MAR02794	[np.float64(9.858754595081572e-05)]
MAR02795	[np.float64(9.858754595081572e-05)]
MAR02796	[np.float64(9.858754595081572e-05)]
MAR02797	[np.float64(9.858754595081572e-05)]
MAR02798	[np.float64(9.858754595081572e-05)]
MAR02799	[np.float64(9.858754595081572e-05)]
MAR02800	[np.float64(9.858754595081572e-05)]
MAR02801	[np.float64(9.858754595081572e-05)]
MAR02803	[np.float64(9.858754595081572e-05)]
MAR02805	[np.float64(9.858754595081572e-05)]
MAR02806	[np.float64(9.858754595081572e-05)]
MAR02807	[np.float64(9.858754595081572e-05)]
MAR02809	[np.float64(9.858754595081572e-05)]
MAR02811	[np.float64(9.858754595081572e-05)]
MAR02812	[np.float64(9.858754595081572e-05)]
MAR02813	[np.float64(9.858754595081572e-05)]
MAR02814	[np.float64(9.858754595081572e-05)]
MAR02815	[np.float64(9.858754595081572e-05)]
MAR02816	[np.float64(9.858754595081572e-05)]
MAR02817	[np.float64(9.858754595081572e-05)]
MAR02819	[np.float64(9.858754595081572e-05)]
MAR02821	[np.float64(9.858754595081572e-05)]
MAR02822	[np.float64(9.858754595081572e-05)]
MAR02823	[np.float64(9.858754595081572e-05)]
MAR02824	[np.float64(9.858754595081572e-05)]
MAR02825	[np.float64(9.858754595081572e-05)]
MAR02827	[np.float64(9.858754595081572e-05)]
MAR02829	[np.float64(9.858754595081572e-05)]
MAR02830	[np.float64(9.858754595081572e-05)]
MAR02831	[np.float64(9.858754595081572e-05)]
MAR02832	[np.float64(9.858754595081572e-05)]
MAR02833	[np.float64(9.858754595081572e-05)]
MAR02834	[np.float64(9.858754595081572e-05)]
MAR02835	[np.float64(9.858754595081572e-05)]
MAR02836	[np.float64(9.858754595081572e-05)]
MAR02837	[np.float64(9.858754595081572e-05)]
MAR02838	[np.float64(9.858754595081572e-05)]
MAR02839	[np.float64(9.858754595081572e-05)]
MAR02840	[np.float64(9.858754595081572e-05)]
MAR02841	[np.float64(9.858754595081572e-05)]
MAR02842	[np.float64(9.858754595081572e-05)]
MAR02843	[np.float64(9.858754595081572e-05)]
MAR02844	[np.float64(9.858754595081572e-05)]
MAR02845	[np.float64(9.858754595081572e-05)]
MAR02846	[np.float64(9.858754595081572e-05)]
MAR02847	[np.float64(9.858754595081572e-05)]
MAR02848	[np.float64(9.858754595081572e-05)]
MAR02849	[np.float64(9.858754595081572e-05)]
MAR02850	[np.float64(9.858754595081572e-05)]
MAR02851	[np.float64(9.858754595081572e-05)]
MAR02852	[np.float64(9.858754595081572e-05)]
MAR02853	[np.float64(9.858754595081572e-05)]
MAR02854	[np.float64(9.858754595081572e-05)]
MAR02855	[np.float64(9.858754595081572e-05)]
MAR02856	[np.float64(9.858754595081572e-05)]
MAR02857	[np.float64(9.858754595081572e-05)]
MAR02859	[np.float64(9.858754595081572e-05)]
MAR02861	[np.float64(9.858754595081572e-05)]
MAR02862	[np.float64(9.858754595081572e-05)]
MAR02863	[np.float64(9.858754595081572e-05)]
MAR02864	[np.float64(9.858754595081572e-05)]
MAR02865	[np.float64(9.858754595081572e-05)]
MAR02866	[np.float64(9.858754595081572e-05)]
MAR02867	[np.float64(9.858754595081572e-05)]
MAR02868	[np.float64(9.858754595081572e-05)]
MAR02869	[np.float64(9.858754595081572e-05)]
MAR02870	[np.float64(9.858754595081572e-05)]
MAR02871	[np.float64(9.858754595081572e-05)]
MAR02872	[np.float64(9.858754595081572e-05)]
MAR02873	[np.float64(9.858754595081572e-05)]
MAR02874	[np.float64(9.858754595081572e-05)]
MAR02875	[np.float64(9.858754595081572e-05)]
MAR02876	[np.float64(9.858754595081572e-05)]
MAR02878	[np.float64(9.858754595081572e-05)]
MAR02879	[np.float64(9.858754595081572e-05)]
MAR02880	[np.float64(9.858754595081572e-05)]
MAR02882	[np.float64(9.858754595081572e-05)]
MAR02884	[np.float64(9.858754595081572e-05)]
MAR02886	[np.float64(9.858754595081572e-05)]
MAR02888	[np.float64(9.858754595081572e-05)]
MAR02890	[np.float64(9.858754595081572e-05)]
MAR02892	[np.float64(9.858754595081572e-05)]
MAR02894	[np.float64(9.858754595081572e-05)]
MAR02896	[np.float64(9.858754595081572e-05)]
MAR02897	[np.float64(9.858754595081572e-05)]
MAR02898	[np.float64(9.858754595081572e-05)]
MAR02899	[np.float64(9.858754595081572e-05)]
MAR02900	[np.float64(9.858754595081572e-05)]
MAR02901	[np.float64(9.858754595081572e-05)]
MAR02902	[np.float64(9.858754595081572e-05)]
MAR02903	[np.float64(9.858754595081572e-05)]
MAR02904	[np.float64(9.858754595081572e-05)]
MAR02905	[np.float64(9.858754595081572e-05)]
MAR02906	[np.float64(9.858754595081572e-05)]
MAR02907	[np.float64(9.858754595081572e-05)]
MAR02908	[np.float64(9.858754595081572e-05)]
MAR02909	[np.float64(9.858754595081572e-05)]
MAR02910	[np.float64(9.858754595081572e-05)]
MAR02911	[np.float64(9.858754595081572e-05)]
MAR02912	[np.float64(9.858754595081572e-05)]
MAR02913	[np.float64(9.858754595081572e-05)]
MAR02914	[np.float64(9.858754595081572e-05)]
MAR02915	[np.float64(9.858754595081572e-05)]
MAR02916	[np.float64(9.858754595081572e-05)]
MAR02917	[np.float64(9.858754595081572e-05)]
MAR02918	[np.float64(9.858754595081572e-05)]
MAR02919	[np.float64(9.858754595081572e-05)]
MAR02920	[np.float64(9.858754595081572e-05)]
MAR02921	[np.float64(9.858754595081572e-05)]
MAR02922	[np.float64(9.858754595081572e-05)]
MAR02923	[np.float64(9.858754595081572e-05)]
MAR02924	[np.float64(9.858754595081572e-05)]
MAR02925	[np.float64(9.858754595081572e-05)]
MAR02926	[np.float64(9.858754595081572e-05)]
MAR02927	[np.float64(9.858754595081572e-05)]
MAR02928	[np.float64(9.858754595081572e-05)]
MAR02929	[np.float64(9.858754595081572e-05)]
MAR02930	[np.float64(9.858754595081572e-05)]
MAR02931	[np.float64(9.858754595081572e-05)]
MAR02932	[np.float64(9.858754595081572e-05)]
MAR00001	[3.818211092224567e-05]
MAR00002	[0.00762995585464111]
MAR00003	[np.float64(9.858754595081572e-05)]
MAR00005	[3.8481735838703785e-05]
MAR00449	[np.float64(9.858754595081572e-05)]
MAR00604	[np.float64(9.858754595081572e-05)]
MAR00605	[np.float64(9.858754595081572e-05)]
MAR00665	[np.float64(9.858754595081572e-05)]
MAR00667	[np.float64(9.858754595081572e-05)]
MAR00668	[np.float64(9.858754595081572e-05)]
MAR00669	[np.float64(9.858754595081572e-05)]
MAR00670	[np.float64(9.858754595081572e-05)]
MAR00671	[np.float64(9.858754595081572e-05)]
MAR00672	[np.float64(9.858754595081572e-05)]
MAR00679	[3.8481735838703785e-05]
MAR00680	[3.8481735838703785e-05]
MAR00681	[3.8481735838703785e-05]
MAR00682	[3.8481735838703785e-05]
MAR00683	[3.8481735838703785e-05]
MAR00684	[3.8481735838703785e-05]
MAR07588	[np.float64(9.858754595081572e-05)]
MAR03053	[np.float64(9.858754595081572e-05)]
MAR03054	[np.float64(9.858754595081572e-05)]
MAR03055	[np.float64(9.858754595081572e-05)]
MAR03057	[np.float64(9.858754595081572e-05)]
MAR03058	[3.80118259440596e-05]
MAR03059	[np.float64(9.858754595081572e-05)]
MAR03060	[np.float64(9.858754595081572e-05)]
MAR03062	[np.float64(9.858754595081572e-05)]
MAR03063	[3.80118259440596e-05]
MAR03064	[np.float64(9.858754595081572e-05)]
MAR03065	[np.float64(9.858754595081572e-05)]
MAR03066	[np.float64(9.858754595081572e-05)]
MAR03067	[3.80118259440596e-05]
MAR03068	[np.float64(9.858754595081572e-05)]
MAR03069	[np.float64(9.858754595081572e-05)]
MAR03070	[np.float64(9.858754595081572e-05)]
MAR03071	[3.80118259440596e-05]
MAR03072	[np.float64(9.858754595081572e-05)]
MAR03073	[np.float64(9.858754595081572e-05)]
MAR03074	[np.float64(9.858754595081572e-05)]
MAR03075	[3.80118259440596e-05]
MAR03076	[np.float64(9.858754595081572e-05)]
MAR03077	[np.float64(9.858754595081572e-05)]
MAR03078	[np.float64(9.858754595081572e-05)]
MAR03079	[3.80118259440596e-05]
MAR03080	[np.float64(9.858754595081572e-05)]
MAR03081	[np.float64(9.858754595081572e-05)]
MAR03082	[np.float64(9.858754595081572e-05)]
MAR03083	[3.80118259440596e-05]
MAR03084	[np.float64(9.858754595081572e-05)]
MAR03085	[np.float64(9.858754595081572e-05)]
MAR03086	[np.float64(9.858754595081572e-05)]
MAR03087	[3.80118259440596e-05]
MAR03088	[np.float64(9.858754595081572e-05)]
MAR03089	[np.float64(9.858754595081572e-05)]
MAR03090	[np.float64(9.858754595081572e-05)]
MAR03091	[3.80118259440596e-05]
MAR03092	[np.float64(9.858754595081572e-05)]
MAR03093	[np.float64(9.858754595081572e-05)]
MAR03094	[np.float64(9.858754595081572e-05)]
MAR03095	[3.80118259440596e-05]
MAR03096	[np.float64(9.858754595081572e-05)]
MAR03097	[np.float64(9.858754595081572e-05)]
MAR03098	[np.float64(9.858754595081572e-05)]
MAR03099	[3.80118259440596e-05]
MAR03100	[np.float64(9.858754595081572e-05)]
MAR03101	[np.float64(9.858754595081572e-05)]
MAR03102	[np.float64(9.858754595081572e-05)]
MAR03103	[3.80118259440596e-05]
MAR03104	[np.float64(9.858754595081572e-05)]
MAR03106	[np.float64(9.858754595081572e-05)]
MAR03056	[np.float64(9.858754595081572e-05)]
MAR03326	[np.float64(9.858754595081572e-05)]
MAR03327	[3.80118259440596e-05]
MAR03328	[np.float64(9.858754595081572e-05)]
MAR03329	[np.float64(9.858754595081572e-05)]
MAR03330	[np.float64(9.858754595081572e-05)]
MAR03331	[3.80118259440596e-05]
MAR03332	[np.float64(9.858754595081572e-05)]
MAR03333	[np.float64(9.858754595081572e-05)]
MAR03334	[np.float64(9.858754595081572e-05)]
MAR03335	[3.80118259440596e-05]
MAR03336	[np.float64(9.858754595081572e-05)]
MAR03337	[np.float64(9.858754595081572e-05)]
MAR03338	[np.float64(9.858754595081572e-05)]
MAR03339	[3.80118259440596e-05]
MAR03340	[np.float64(9.858754595081572e-05)]
MAR03341	[np.float64(9.858754595081572e-05)]
MAR03342	[np.float64(9.858754595081572e-05)]
MAR03343	[3.80118259440596e-05]
MAR03344	[np.float64(9.858754595081572e-05)]
MAR03345	[np.float64(9.858754595081572e-05)]
MAR03346	[np.float64(9.858754595081572e-05)]
MAR03347	[3.80118259440596e-05]
MAR03348	[np.float64(9.858754595081572e-05)]
MAR03349	[np.float64(9.858754595081572e-05)]
MAR03350	[np.float64(9.858754595081572e-05)]
MAR03351	[3.80118259440596e-05]
MAR03352	[np.float64(9.858754595081572e-05)]
MAR03353	[np.float64(9.858754595081572e-05)]
MAR03355	[3.80118259440596e-05]
MAR03365	[3.80118259440596e-05]
MAR03367	[np.float64(9.858754595081572e-05)]
MAR03368	[np.float64(9.858754595081572e-05)]
MAR03370	[3.80118259440596e-05]
MAR03372	[np.float64(9.858754595081572e-05)]
MAR03373	[np.float64(9.858754595081572e-05)]
MAR03375	[3.80118259440596e-05]
MAR03478	[np.float64(9.858754595081572e-05)]
MAR03480	[0.005429157187097488]
MAR03481	[np.float64(9.858754595081572e-05)]
MAR03482	[0.005429157187097488]
MAR03484	[np.float64(9.858754595081572e-05)]
MAR03486	[np.float64(9.858754595081572e-05)]
MAR03488	[np.float64(9.858754595081572e-05)]
MAR03491	[np.float64(9.858754595081572e-05)]
MAR03493	[0.005429157187097488]
MAR03498	[np.float64(9.858754595081572e-05)]
MAR03501	[3.80118259440596e-05]
MAR03503	[np.float64(9.858754595081572e-05)]
MAR03505	[np.float64(9.858754595081572e-05)]
MAR03506	[np.float64(9.858754595081572e-05)]
MAR03508	[3.80118259440596e-05]
MAR03509	[np.float64(9.858754595081572e-05)]
MAR03510	[np.float64(9.858754595081572e-05)]
MAR03511	[np.float64(9.858754595081572e-05)]
MAR03512	[np.float64(9.858754595081572e-05)]
MAR03513	[3.80118259440596e-05]
MAR03514	[np.float64(9.858754595081572e-05)]
MAR03515	[np.float64(9.858754595081572e-05)]
MAR03517	[np.float64(9.858754595081572e-05)]
MAR03302	[3.80118259440596e-05]
MAR03304	[np.float64(9.858754595081572e-05)]
MAR03305	[np.float64(9.858754595081572e-05)]
MAR03307	[3.80118259440596e-05]
MAR03309	[np.float64(9.858754595081572e-05)]
MAR03310	[np.float64(9.858754595081572e-05)]
MAR03312	[3.80118259440596e-05]
MAR03314	[np.float64(9.858754595081572e-05)]
MAR03315	[np.float64(9.858754595081572e-05)]
MAR03316	[3.80118259440596e-05]
MAR03317	[3.80118259440596e-05]
MAR03319	[np.float64(9.858754595081572e-05)]
MAR03320	[np.float64(9.858754595081572e-05)]
MAR03321	[np.float64(9.858754595081572e-05)]
MAR03323	[3.80118259440596e-05]
MAR03107	[np.float64(9.858754595081572e-05)]
MAR03108	[3.80118259440596e-05]
MAR03109	[3.728206335263105e-05]
MAR03110	[3.80118259440596e-05]
MAR03111	[np.float64(9.858754595081572e-05)]
MAR03112	[3.80118259440596e-05]
MAR03113	[3.728206335263105e-05]
MAR03114	[3.80118259440596e-05]
MAR03115	[np.float64(9.858754595081572e-05)]
MAR03116	[3.80118259440596e-05]
MAR03117	[3.728206335263105e-05]
MAR03118	[3.80118259440596e-05]
MAR03121	[np.float64(9.858754595081572e-05)]
MAR03122	[3.80118259440596e-05]
MAR03123	[3.728206335263105e-05]
MAR03125	[3.80118259440596e-05]
MAR03128	[np.float64(9.858754595081572e-05)]
MAR03129	[3.80118259440596e-05]
MAR03130	[3.728206335263105e-05]
MAR03132	[3.80118259440596e-05]
MAR03135	[np.float64(9.858754595081572e-05)]
MAR03136	[3.728206335263105e-05]
MAR03137	[3.728206335263105e-05]
MAR03139	[3.80118259440596e-05]
MAR03142	[np.float64(9.858754595081572e-05)]
MAR03143	[3.728206335263105e-05]
MAR03144	[3.728206335263105e-05]
MAR03146	[3.80118259440596e-05]
MAR03149	[np.float64(9.858754595081572e-05)]
MAR03150	[3.728206335263105e-05]
MAR03151	[3.728206335263105e-05]
MAR03153	[3.80118259440596e-05]
MAR03156	[np.float64(9.858754595081572e-05)]
MAR03157	[3.728206335263105e-05]
MAR03158	[3.728206335263105e-05]
MAR03160	[3.80118259440596e-05]
MAR03398	[3.728206335263105e-05]
MAR03406	[3.728206335263105e-05]
MAR03407	[3.728206335263105e-05]
MAR03408	[3.728206335263105e-05]
MAR03409	[3.728206335263105e-05]
MAR03411	[3.728206335263105e-05]
MAR03413	[3.728206335263105e-05]
MAR03414	[3.728206335263105e-05]
MAR03416	[3.728206335263105e-05]
MAR03421	[3.728206335263105e-05]
MAR03423	[3.728206335263105e-05]
MAR03424	[3.728206335263105e-05]
MAR03425	[3.728206335263105e-05]
MAR09719	[3.728206335263105e-05]
MAR03427	[3.728206335263105e-05]
MAR03428	[3.728206335263105e-05]
MAR03429	[3.728206335263105e-05]
MAR03430	[3.728206335263105e-05]
MAR03431	[3.728206335263105e-05]
MAR03432	[3.728206335263105e-05]
MAR03433	[3.728206335263105e-05]
MAR03170	[np.float64(9.858754595081572e-05)]
MAR03171	[3.80118259440596e-05]
MAR03172	[3.728206335263105e-05]
MAR03173	[3.80118259440596e-05]
MAR03174	[np.float64(9.858754595081572e-05)]
MAR03175	[3.80118259440596e-05]
MAR03176	[3.728206335263105e-05]
MAR03177	[3.80118259440596e-05]
MAR03178	[np.float64(9.858754595081572e-05)]
MAR03179	[3.80118259440596e-05]
MAR03180	[3.728206335263105e-05]
MAR03181	[3.80118259440596e-05]
MAR03182	[np.float64(9.858754595081572e-05)]
MAR03183	[3.80118259440596e-05]
MAR03184	[3.728206335263105e-05]
MAR03185	[3.80118259440596e-05]
MAR03186	[np.float64(9.858754595081572e-05)]
MAR03187	[3.80118259440596e-05]
MAR03188	[3.728206335263105e-05]
MAR03189	[3.80118259440596e-05]
MAR03190	[np.float64(9.858754595081572e-05)]
MAR03191	[3.728206335263105e-05]
MAR03192	[3.728206335263105e-05]
MAR03193	[3.80118259440596e-05]
MAR03194	[np.float64(9.858754595081572e-05)]
MAR03195	[3.728206335263105e-05]
MAR03196	[3.728206335263105e-05]
MAR03197	[3.80118259440596e-05]
MAR03198	[np.float64(9.858754595081572e-05)]
MAR03199	[3.728206335263105e-05]
MAR03200	[3.728206335263105e-05]
MAR03201	[3.80118259440596e-05]
MAR03202	[np.float64(9.858754595081572e-05)]
MAR03203	[3.728206335263105e-05]
MAR03204	[3.728206335263105e-05]
MAR03205	[3.80118259440596e-05]
MAR03396	[np.float64(9.858754595081572e-05)]
MAR03397	[np.float64(9.858754595081572e-05)]
MAR03240	[np.float64(9.858754595081572e-05)]
MAR03241	[3.80118259440596e-05]
MAR03242	[3.728206335263105e-05]
MAR03243	[3.80118259440596e-05]
MAR03244	[np.float64(9.858754595081572e-05)]
MAR03245	[3.80118259440596e-05]
MAR03246	[3.728206335263105e-05]
MAR03247	[3.80118259440596e-05]
MAR03250	[np.float64(9.858754595081572e-05)]
MAR03252	[3.80118259440596e-05]
MAR03254	[3.728206335263105e-05]
MAR03256	[3.80118259440596e-05]
MAR03258	[np.float64(9.858754595081572e-05)]
MAR03260	[3.80118259440596e-05]
MAR03262	[3.728206335263105e-05]
MAR03264	[3.80118259440596e-05]
MAR03272	[np.float64(9.858754595081572e-05)]
MAR03356	[np.float64(9.858754595081572e-05)]
MAR03357	[3.80118259440596e-05]
MAR03358	[np.float64(9.858754595081572e-05)]
MAR03359	[np.float64(9.858754595081572e-05)]
MAR03360	[np.float64(9.858754595081572e-05)]
MAR03361	[3.80118259440596e-05]
MAR03362	[np.float64(9.858754595081572e-05)]
MAR03363	[np.float64(9.858754595081572e-05)]
MAR03218	[np.float64(9.858754595081572e-05)]
MAR03219	[3.80118259440596e-05]
MAR03220	[3.728206335263105e-05]
MAR03221	[3.80118259440596e-05]
MAR03222	[np.float64(9.858754595081572e-05)]
MAR03223	[3.80118259440596e-05]
MAR03224	[3.728206335263105e-05]
MAR03225	[3.80118259440596e-05]
MAR03226	[np.float64(9.858754595081572e-05)]
MAR03227	[3.80118259440596e-05]
MAR03228	[3.728206335263105e-05]
MAR03229	[3.80118259440596e-05]
MAR03230	[np.float64(9.858754595081572e-05)]
MAR03231	[3.80118259440596e-05]
MAR03232	[3.728206335263105e-05]
MAR03233	[3.80118259440596e-05]
MAR03234	[np.float64(9.858754595081572e-05)]
MAR03235	[3.80118259440596e-05]
MAR03236	[3.728206335263105e-05]
MAR03237	[3.80118259440596e-05]
MAR03239	[np.float64(9.858754595081572e-05)]
MAR03275	[np.float64(9.858754595081572e-05)]
MAR03277	[3.80118259440596e-05]
MAR03278	[3.728206335263105e-05]
MAR03279	[3.80118259440596e-05]
MAR03280	[np.float64(9.858754595081572e-05)]
MAR03281	[3.80118259440596e-05]
MAR03282	[3.728206335263105e-05]
MAR03283	[3.80118259440596e-05]
MAR03284	[np.float64(9.858754595081572e-05)]
MAR03285	[3.80118259440596e-05]
MAR03286	[3.728206335263105e-05]
MAR03287	[3.80118259440596e-05]
MAR03288	[np.float64(9.858754595081572e-05)]
MAR03290	[3.728206335263105e-05]
MAR03292	[3.728206335263105e-05]
MAR03293	[3.80118259440596e-05]
MAR03294	[np.float64(9.858754595081572e-05)]
MAR03298	[np.float64(9.858754595081572e-05)]
MAR01174	[3.80118259440596e-05]
MAR01175	[np.float64(9.858754595081572e-05)]
MAR01176	[np.float64(9.858754595081572e-05)]
MAR01177	[3.80118259440596e-05]
MAR01178	[3.728206335263105e-05]
MAR01179	[3.80118259440596e-05]
MAR01180	[np.float64(9.858754595081572e-05)]
MAR01181	[np.float64(9.858754595081572e-05)]
MAR01182	[3.80118259440596e-05]
MAR01183	[3.728206335263105e-05]
MAR01184	[3.80118259440596e-05]
MAR01216	[3.80118259440596e-05]
MAR01217	[np.float64(9.858754595081572e-05)]
MAR01218	[np.float64(9.858754595081572e-05)]
MAR01219	[3.80118259440596e-05]
MAR01220	[3.728206335263105e-05]
MAR01221	[3.80118259440596e-05]
MAR01222	[np.float64(9.858754595081572e-05)]
MAR01223	[np.float64(9.858754595081572e-05)]
MAR01224	[3.80118259440596e-05]
MAR01225	[3.728206335263105e-05]
MAR01226	[3.80118259440596e-05]
MAR03522	[np.float64(9.858754595081572e-05)]
MAR03523	[3.728206335263105e-05]
MAR03524	[3.728206335263105e-05]
MAR03525	[3.80118259440596e-05]
MAR03526	[np.float64(9.858754595081572e-05)]
MAR03527	[np.float64(9.858754595081572e-05)]
MAR03528	[3.728206335263105e-05]
MAR03529	[3.728206335263105e-05]
MAR03530	[3.80118259440596e-05]
MAR03531	[np.float64(9.858754595081572e-05)]
MAR03532	[3.728206335263105e-05]
MAR03533	[3.728206335263105e-05]
MAR03534	[3.80118259440596e-05]
MAR01573	[0.00762995585464111]
MAR06901	[np.float64(9.858754595081572e-05)]
MAR06903	[np.float64(9.858754595081572e-05)]
MAR06904	[np.float64(9.858754595081572e-05)]
MAR06905	[np.float64(9.858754595081572e-05)]
MAR06906	[np.float64(9.858754595081572e-05)]
MAR06907	[np.float64(9.858754595081572e-05)]
MAR06908	[np.float64(9.858754595081572e-05)]
MAR06909	[np.float64(9.858754595081572e-05)]
MAR06910	[np.float64(9.858754595081572e-05)]
MAR07165	[np.float64(9.858754595081572e-05)]
MAR07166	[np.float64(9.858754595081572e-05)]
MAR07167	[5.1849070780614454e-05]
MAR07168	[5.777711090937276e-05]
MAR07169	[np.float64(9.858754595081572e-05)]
MAR07170	[7.465022698960405e-05]
MAR09722	[3.728206335263105e-05]
MAR01920	[np.float64(9.858754595081572e-05)]
MAR01924	[3.80118259440596e-05]
MAR01926	[np.float64(9.858754595081572e-05)]
MAR01927	[np.float64(9.858754595081572e-05)]
MAR01928	[0.005129322662932821]
MAR01929	[0.005129322662932821]
MAR01931	[3.728206335263105e-05]
MAR01932	[0.005129322662932821]
MAR01933	[0.00762995585464111]
MAR01934	[0.005129322662932821]
MAR01935	[0.005129322662932821]
MAR01940	[0.00762995585464111]
MAR01941	[0.00762995585464111]
MAR01942	[0.00762995585464111]
MAR01943	[0.006361782362284913]
MAR01948	[0.00762995585464111]
MAR01949	[0.00762995585464111]
MAR01950	[0.00762995585464111]
MAR01951	[0.00762995585464111]
MAR01989	[0.00762995585464111]
MAR01990	[0.00762995585464111]
MAR01991	[0.00762995585464111]
MAR01992	[0.00762995585464111]
MAR01993	[0.00762995585464111]
MAR02002	[np.float64(9.858754595081572e-05)]
MAR02003	[np.float64(9.858754595081572e-05)]
MAR02004	[0.00762995585464111]
MAR02005	[0.00762995585464111]
MAR02007	[0.00762995585464111]
MAR02009	[0.00762995585464111]
MAR02010	[0.00762995585464111]
MAR02011	[0.00762995585464111]
MAR04766	[0.00762995585464111]
MAR06793	[0.00762995585464111]
MAR06794	[0.00762995585464111]
MAR06795	[0.00762995585464111]
MAR06796	[0.00762995585464111]
MAR07648	[0.00762995585464111]
MAR07928	[0.00762995585464111]
MAR07930	[0.00762995585464111]
MAR07931	[0.00762995585464111]
MAR07932	[0.00762995585464111]
MAR07934	[0.00762995585464111]
MAR07935	[0.005129322662932821]
MAR07936	[0.00762995585464111]
MAR07937	[0.00762995585464111]
MAR07938	[0.00762995585464111]
MAR07939	[0.00762995585464111]
MAR07940	[np.float64(9.858754595081572e-05)]
MAR07941	[np.float64(9.858754595081572e-05)]
MAR07942	[0.00459697388961915]
MAR07943	[0.006154144415902866]
MAR07945	[np.float64(9.858754595081572e-05)]
MAR07948	[np.float64(9.858754595081572e-05)]
MAR07950	[np.float64(9.858754595081572e-05)]
MAR07952	[np.float64(9.858754595081572e-05)]
MAR07954	[0.00762995585464111]
MAR07955	[np.float64(9.858754595081572e-05)]
MAR07957	[np.float64(9.858754595081572e-05)]
MAR07958	[0.0066017277052709345]
MAR07959	[0.00762995585464111]
MAR07962	[0.00762995585464111]
MAR07965	[0.00762995585464111]
MAR07968	[np.float64(9.858754595081572e-05)]
MAR02041	[np.float64(9.858754595081572e-05)]
MAR07970	[np.float64(9.858754595081572e-05)]
MAR07971	[0.00762995585464111]
MAR07972	[0.00762995585464111]
MAR07973	[0.00762995585464111]
MAR07974	[0.00762995585464111]
MAR07976	[np.float64(9.858754595081572e-05)]
MAR07978	[0.00762995585464111]
MAR07980	[0.00762995585464111]
MAR07984	[0.00762995585464111]
MAR07987	[0.00762995585464111]
MAR01944	[0.00762995585464111]
MAR01945	[0.00762995585464111]
MAR01952	[0.006361782362284913]
MAR01953	[np.float64(9.858754595081572e-05)]
MAR01958	[0.00762995585464111]
MAR01959	[0.005633672147743799]
MAR01960	[0.005633672147743799]
MAR01962	[0.006361782362284913]
MAR01963	[np.float64(9.858754595081572e-05)]
MAR01967	[0.00762995585464111]
MAR01968	[0.00762995585464111]
MAR01969	[0.00762995585464111]
MAR01970	[0.00762995585464111]
MAR01971	[0.00762995585464111]
MAR01973	[np.float64(9.858754595081572e-05)]
MAR01974	[np.float64(9.858754595081572e-05)]
MAR01976	[np.float64(9.858754595081572e-05)]
MAR01977	[np.float64(9.858754595081572e-05)]
MAR01978	[0.00762995585464111]
MAR01982	[0.00762995585464111]
MAR01983	[0.00762995585464111]
MAR02014	[0.006177830639118772]
MAR02015	[np.float64(9.858754595081572e-05)]
MAR02016	[np.float64(9.858754595081572e-05)]
MAR02017	[np.float64(9.858754595081572e-05)]
MAR02018	[np.float64(9.858754595081572e-05)]
MAR02019	[np.float64(9.858754595081572e-05)]
MAR02020	[np.float64(9.858754595081572e-05)]
MAR02022	[0.00762995585464111]
MAR02024	[0.00762995585464111]
MAR02025	[np.float64(9.858754595081572e-05)]
MAR01440	[np.float64(9.858754595081572e-05)]
MAR01445	[np.float64(9.858754595081572e-05)]
MAR01448	[np.float64(9.858754595081572e-05)]
MAR01454	[np.float64(9.858754595081572e-05)]
MAR01465	[7.465022698960405e-05]
MAR01467	[7.465022698960405e-05]
MAR01470	[np.float64(9.858754595081572e-05)]
MAR01473	[np.float64(9.858754595081572e-05)]
MAR01477	[np.float64(9.858754595081572e-05)]
MAR01478	[np.float64(9.858754595081572e-05)]
MAR01479	[np.float64(9.858754595081572e-05)]
MAR01484	[np.float64(9.858754595081572e-05)]
MAR01490	[7.173573999643887e-05]
MAR01493	[7.173573999643887e-05]
MAR01494	[7.173573999643887e-05]
MAR01495	[np.float64(9.858754595081572e-05)]
MAR01496	[np.float64(9.858754595081572e-05)]
MAR01500	[np.float64(9.858754595081572e-05)]
MAR01502	[7.173573999643887e-05]
MAR01503	[7.173573999643887e-05]
MAR01504	[7.173573999643887e-05]
MAR01505	[np.float64(9.858754595081572e-05)]
MAR01509	[np.float64(9.858754595081572e-05)]
MAR01512	[np.float64(9.858754595081572e-05)]
MAR01516	[np.float64(9.858754595081572e-05)]
MAR01519	[np.float64(9.858754595081572e-05)]
MAR01526	[3.728206335263105e-05]
MAR01533	[3.728206335263105e-05]
MAR01557	[np.float64(9.858754595081572e-05)]
MAR01558	[np.float64(9.858754595081572e-05)]
MAR01565	[np.float64(9.858754595081572e-05)]
MAR01535	[3.728206335263105e-05]
MAR01536	[np.float64(9.858754595081572e-05)]
MAR01538	[np.float64(9.858754595081572e-05)]
MAR01539	[np.float64(9.858754595081572e-05)]
MAR01540	[np.float64(9.858754595081572e-05)]
MAR01543	[7.173573999643887e-05]
MAR01544	[7.173573999643887e-05]
MAR01545	[7.173573999643887e-05]
MAR01546	[np.float64(9.858754595081572e-05)]
MAR01547	[np.float64(9.858754595081572e-05)]
MAR01548	[7.173573999643887e-05]
MAR01549	[7.173573999643887e-05]
MAR01550	[7.173573999643887e-05]
MAR01551	[np.float64(9.858754595081572e-05)]
MAR01552	[np.float64(9.858754595081572e-05)]
MAR01553	[np.float64(9.858754595081572e-05)]
MAR01437	[np.float64(9.858754595081572e-05)]
MAR01451	[np.float64(9.858754595081572e-05)]
MAR01457	[np.float64(9.858754595081572e-05)]
MAR01460	[np.float64(9.858754595081572e-05)]
MAR01531	[np.float64(9.858754595081572e-05)]
MAR01570	[3.728206335263105e-05]
MAR01576	[np.float64(9.858754595081572e-05)]
MAR01577	[np.float64(9.858754595081572e-05)]
MAR03105	[np.float64(9.858754595081572e-05)]
MAR04630	[np.float64(9.858754595081572e-05)]
MAR02029	[np.float64(9.858754595081572e-05)]
MAR02030	[np.float64(9.858754595081572e-05)]
MAR02031	[np.float64(9.858754595081572e-05)]
MAR02032	[np.float64(9.858754595081572e-05)]
MAR02033	[np.float64(9.858754595081572e-05)]
MAR02034	[np.float64(9.858754595081572e-05)]
MAR02036	[np.float64(9.858754595081572e-05)]
MAR02037	[0.005665274266570246]
MAR02038	[np.float64(9.858754595081572e-05)]
MAR02042	[np.float64(9.858754595081572e-05)]
MAR02043	[np.float64(9.858754595081572e-05)]
MAR02044	[8.220956365154548e-05]
MAR02045	[8.220956365154548e-05]
MAR02046	[0.00762995585464111]
MAR02047	[0.00762995585464111]
MAR02048	[8.220956365154548e-05]
MAR02049	[0.00762995585464111]
MAR02050	[0.00762995585464111]
MAR02051	[0.00762995585464111]
MAR02052	[8.220956365154548e-05]
MAR02053	[np.float64(9.858754595081572e-05)]
MAR02054	[np.float64(9.858754595081572e-05)]
MAR02055	[0.00762995585464111]
MAR02056	[0.00762995585464111]
MAR02057	[0.00762995585464111]
MAR02058	[8.220956365154548e-05]
MAR02059	[8.220956365154548e-05]
MAR02060	[8.220956365154548e-05]
MAR02061	[3.728206335263105e-05]
MAR02062	[3.728206335263105e-05]
MAR02063	[3.728206335263105e-05]
MAR02064	[np.float64(9.858754595081572e-05)]
MAR02068	[3.728206335263105e-05]
MAR02069	[3.728206335263105e-05]
MAR02070	[3.728206335263105e-05]
MAR02071	[3.728206335263105e-05]
MAR02072	[3.728206335263105e-05]
MAR02073	[3.728206335263105e-05]
MAR02074	[3.728206335263105e-05]
MAR02075	[3.728206335263105e-05]
MAR02076	[3.728206335263105e-05]
MAR02077	[3.728206335263105e-05]
MAR02078	[3.728206335263105e-05]
MAR02079	[np.float64(9.858754595081572e-05)]
MAR02083	[3.728206335263105e-05]
MAR02084	[3.728206335263105e-05]
MAR02085	[3.728206335263105e-05]
MAR02086	[3.728206335263105e-05]
MAR02088	[3.728206335263105e-05]
MAR02089	[3.728206335263105e-05]
MAR02091	[np.float64(9.858754595081572e-05)]
MAR02095	[3.728206335263105e-05]
MAR02096	[3.728206335263105e-05]
MAR02097	[3.728206335263105e-05]
MAR02098	[3.728206335263105e-05]
MAR02099	[3.728206335263105e-05]
MAR02100	[3.728206335263105e-05]
MAR02102	[np.float64(9.858754595081572e-05)]
MAR02106	[3.728206335263105e-05]
MAR02107	[3.728206335263105e-05]
MAR02108	[3.728206335263105e-05]
MAR02109	[3.728206335263105e-05]
MAR02110	[3.728206335263105e-05]
MAR02111	[3.728206335263105e-05]
MAR02112	[3.728206335263105e-05]
MAR02113	[3.728206335263105e-05]
MAR03537	[np.float64(9.858754595081572e-05)]
MAR03538	[3.728206335263105e-05]
MAR03539	[3.728206335263105e-05]
MAR03540	[3.728206335263105e-05]
MAR03541	[3.728206335263105e-05]
MAR03542	[3.728206335263105e-05]
MAR03543	[3.728206335263105e-05]
MAR03544	[3.728206335263105e-05]
MAR03545	[3.728206335263105e-05]
MAR03546	[3.728206335263105e-05]
MAR03547	[3.728206335263105e-05]
MAR03548	[3.728206335263105e-05]
MAR03549	[3.728206335263105e-05]
MAR03550	[3.728206335263105e-05]
MAR03551	[3.728206335263105e-05]
MAR03552	[3.728206335263105e-05]
MAR03553	[3.728206335263105e-05]
MAR03554	[3.728206335263105e-05]
MAR03555	[3.728206335263105e-05]
MAR03556	[3.728206335263105e-05]
MAR03557	[3.728206335263105e-05]
MAR03558	[3.728206335263105e-05]
MAR03559	[3.728206335263105e-05]
MAR03560	[3.728206335263105e-05]
MAR03561	[3.728206335263105e-05]
MAR03562	[3.728206335263105e-05]
MAR03563	[3.728206335263105e-05]
MAR03564	[3.728206335263105e-05]
MAR03565	[3.728206335263105e-05]
MAR03566	[3.728206335263105e-05]
MAR03567	[3.728206335263105e-05]
MAR03568	[3.728206335263105e-05]
MAR03569	[3.728206335263105e-05]
MAR03570	[3.728206335263105e-05]
MAR03571	[3.728206335263105e-05]
MAR03572	[3.728206335263105e-05]
MAR03573	[3.728206335263105e-05]
MAR03574	[3.728206335263105e-05]
MAR03575	[3.728206335263105e-05]
MAR03576	[3.728206335263105e-05]
MAR03577	[3.728206335263105e-05]
MAR03578	[3.728206335263105e-05]
MAR03579	[3.728206335263105e-05]
MAR03580	[3.728206335263105e-05]
MAR03581	[3.728206335263105e-05]
MAR03582	[3.728206335263105e-05]
MAR03583	[3.728206335263105e-05]
MAR03584	[3.728206335263105e-05]
MAR03585	[3.728206335263105e-05]
MAR03586	[3.728206335263105e-05]
MAR03587	[3.728206335263105e-05]
MAR03588	[3.728206335263105e-05]
MAR03589	[3.728206335263105e-05]
MAR03590	[3.728206335263105e-05]
MAR03591	[3.728206335263105e-05]
MAR03592	[3.728206335263105e-05]
MAR03593	[3.728206335263105e-05]
MAR03594	[3.728206335263105e-05]
MAR03595	[3.728206335263105e-05]
MAR03596	[3.728206335263105e-05]
MAR03622	[np.float64(9.858754595081572e-05)]
MAR03625	[np.float64(9.858754595081572e-05)]
MAR03626	[np.float64(9.858754595081572e-05)]
MAR03627	[np.float64(9.858754595081572e-05)]
MAR03628	[np.float64(9.858754595081572e-05)]
MAR03629	[np.float64(9.858754595081572e-05)]
MAR03630	[np.float64(9.858754595081572e-05)]
MAR03631	[np.float64(9.858754595081572e-05)]
MAR03632	[np.float64(9.858754595081572e-05)]
MAR03633	[np.float64(9.858754595081572e-05)]
MAR03634	[np.float64(9.858754595081572e-05)]
MAR03635	[np.float64(9.858754595081572e-05)]
MAR03636	[np.float64(9.858754595081572e-05)]
MAR03637	[np.float64(9.858754595081572e-05)]
MAR03638	[np.float64(9.858754595081572e-05)]
MAR03639	[np.float64(9.858754595081572e-05)]
MAR03640	[np.float64(9.858754595081572e-05)]
MAR03641	[np.float64(9.858754595081572e-05)]
MAR03642	[np.float64(9.858754595081572e-05)]
MAR03643	[np.float64(9.858754595081572e-05)]
MAR03644	[np.float64(9.858754595081572e-05)]
MAR03645	[np.float64(9.858754595081572e-05)]
MAR03646	[np.float64(9.858754595081572e-05)]
MAR03647	[np.float64(9.858754595081572e-05)]
MAR03648	[np.float64(9.858754595081572e-05)]
MAR03649	[np.float64(9.858754595081572e-05)]
MAR03650	[np.float64(9.858754595081572e-05)]
MAR03651	[np.float64(9.858754595081572e-05)]
MAR03652	[np.float64(9.858754595081572e-05)]
MAR03653	[np.float64(9.858754595081572e-05)]
MAR03654	[np.float64(9.858754595081572e-05)]
MAR03655	[np.float64(9.858754595081572e-05)]
MAR03656	[np.float64(9.858754595081572e-05)]
MAR03657	[np.float64(9.858754595081572e-05)]
MAR03658	[np.float64(9.858754595081572e-05)]
MAR03659	[np.float64(9.858754595081572e-05)]
MAR03660	[np.float64(9.858754595081572e-05)]
MAR03661	[np.float64(9.858754595081572e-05)]
MAR03662	[np.float64(9.858754595081572e-05)]
MAR03663	[np.float64(9.858754595081572e-05)]
MAR03664	[np.float64(9.858754595081572e-05)]
MAR03665	[np.float64(9.858754595081572e-05)]
MAR03666	[np.float64(9.858754595081572e-05)]
MAR03667	[np.float64(9.858754595081572e-05)]
MAR03668	[np.float64(9.858754595081572e-05)]
MAR03669	[np.float64(9.858754595081572e-05)]
MAR03670	[np.float64(9.858754595081572e-05)]
MAR03671	[np.float64(9.858754595081572e-05)]
MAR03672	[np.float64(9.858754595081572e-05)]
MAR03673	[np.float64(9.858754595081572e-05)]
MAR03674	[np.float64(9.858754595081572e-05)]
MAR03675	[np.float64(9.858754595081572e-05)]
MAR03676	[np.float64(9.858754595081572e-05)]
MAR03677	[np.float64(9.858754595081572e-05)]
MAR03678	[np.float64(9.858754595081572e-05)]
MAR03679	[np.float64(9.858754595081572e-05)]
MAR03680	[np.float64(9.858754595081572e-05)]
MAR03681	[np.float64(9.858754595081572e-05)]
MAR03682	[np.float64(9.858754595081572e-05)]
MAR03683	[np.float64(9.858754595081572e-05)]
MAR03684	[3.728206335263105e-05]
MAR03685	[3.728206335263105e-05]
MAR03686	[3.728206335263105e-05]
MAR03687	[3.728206335263105e-05]
MAR03688	[3.728206335263105e-05]
MAR03689	[3.728206335263105e-05]
MAR03690	[3.728206335263105e-05]
MAR03691	[3.728206335263105e-05]
MAR03692	[3.728206335263105e-05]
MAR03693	[3.728206335263105e-05]
MAR03694	[3.728206335263105e-05]
MAR03695	[3.728206335263105e-05]
MAR03696	[3.728206335263105e-05]
MAR03697	[3.728206335263105e-05]
MAR03698	[3.728206335263105e-05]
MAR03699	[3.728206335263105e-05]
MAR03700	[3.728206335263105e-05]
MAR03701	[3.728206335263105e-05]
MAR03702	[3.728206335263105e-05]
MAR03703	[3.728206335263105e-05]
MAR03704	[3.728206335263105e-05]
MAR03705	[3.728206335263105e-05]
MAR03706	[3.728206335263105e-05]
MAR03707	[3.728206335263105e-05]
MAR03708	[3.728206335263105e-05]
MAR03709	[3.728206335263105e-05]
MAR03710	[3.728206335263105e-05]
MAR03711	[3.728206335263105e-05]
MAR03712	[3.728206335263105e-05]
MAR03713	[3.728206335263105e-05]
MAR03714	[3.728206335263105e-05]
MAR03715	[3.728206335263105e-05]
MAR03716	[3.728206335263105e-05]
MAR03717	[3.728206335263105e-05]
MAR03718	[3.728206335263105e-05]
MAR03719	[3.728206335263105e-05]
MAR03720	[3.728206335263105e-05]
MAR03721	[3.728206335263105e-05]
MAR03722	[3.728206335263105e-05]
MAR03723	[3.728206335263105e-05]
MAR03724	[3.728206335263105e-05]
MAR03725	[3.728206335263105e-05]
MAR03726	[3.728206335263105e-05]
MAR03727	[3.728206335263105e-05]
MAR03728	[3.728206335263105e-05]
MAR03729	[3.728206335263105e-05]
MAR03730	[3.728206335263105e-05]
MAR03731	[3.728206335263105e-05]
MAR03732	[3.728206335263105e-05]
MAR03733	[3.728206335263105e-05]
MAR03734	[3.728206335263105e-05]
MAR03735	[3.728206335263105e-05]
MAR03736	[3.728206335263105e-05]
MAR03737	[3.728206335263105e-05]
MAR03738	[3.728206335263105e-05]
MAR03739	[3.728206335263105e-05]
MAR03740	[3.728206335263105e-05]
MAR03741	[3.728206335263105e-05]
MAR03742	[3.728206335263105e-05]
MAR00715	[3.728206335263105e-05]
MAR00716	[np.float64(9.858754595081572e-05)]
MAR00733	[np.float64(9.858754595081572e-05)]
MAR00735	[np.float64(9.858754595081572e-05)]
MAR00736	[np.float64(9.858754595081572e-05)]
MAR00738	[np.float64(9.858754595081572e-05)]
MAR00741	[np.float64(9.858754595081572e-05)]
MAR00744	[3.728206335263105e-05]
MAR00746	[np.float64(9.858754595081572e-05)]
MAR00748	[np.float64(9.858754595081572e-05)]
MAR00750	[7.465022698960405e-05]
MAR00753	[np.float64(9.858754595081572e-05)]
MAR00754	[3.728206335263105e-05]
MAR00758	[7.465022698960405e-05]
MAR00760	[np.float64(9.858754595081572e-05)]
MAR00761	[np.float64(9.858754595081572e-05)]
MAR00762	[3.728206335263105e-05]
MAR00763	[np.float64(9.858754595081572e-05)]
MAR00765	[3.861969554053114e-05]
MAR00766	[np.float64(9.858754595081572e-05)]
MAR00767	[np.float64(9.858754595081572e-05)]
MAR00773	[3.728206335263105e-05]
MAR00775	[np.float64(9.858754595081572e-05)]
MAR00779	[np.float64(9.858754595081572e-05)]
MAR00781	[np.float64(9.858754595081572e-05)]
MAR00783	[np.float64(9.858754595081572e-05)]
MAR00795	[3.728206335263105e-05]
MAR08147	[0.006197797913502931]
MAR08148	[np.float64(9.858754595081572e-05)]
MAR08149	[np.float64(9.858754595081572e-05)]
MAR08150	[0.006361782362284913]
MAR08151	[0.006197797913502931]
MAR08152	[0.006197797913502931]
MAR08155	[np.float64(9.858754595081572e-05)]
MAR08156	[0.005312458535612697]
MAR08159	[0.005312458535612697]
MAR08162	[0.006694979509823568]
MAR08165	[np.float64(9.858754595081572e-05)]
MAR08166	[np.float64(9.858754595081572e-05)]
MAR08167	[np.float64(9.858754595081572e-05)]
MAR08168	[np.float64(9.858754595081572e-05)]
MAR08169	[0.005312458535612697]
MAR08170	[0.005312458535612697]
MAR08171	[0.006636517029453973]
MAR08172	[0.005312458535612697]
MAR08173	[0.006197797913502931]
MAR08174	[0.005312458535612697]
MAR08175	[0.006154144415902866]
MAR08176	[0.005312458535612697]
MAR08177	[0.006636517029453973]
MAR08178	[0.006154144415902866]
MAR08179	[0.006694979509823568]
MAR08180	[0.006636517029453973]
MAR08181	[0.006636517029453973]
MAR08182	[0.006636517029453973]
MAR08183	[0.006636517029453973]
MAR08184	[np.float64(9.858754595081572e-05)]
MAR08185	[np.float64(9.858754595081572e-05)]
MAR08186	[np.float64(9.858754595081572e-05)]
MAR08187	[np.float64(9.858754595081572e-05)]
MAR08188	[np.float64(9.858754595081572e-05)]
MAR08189	[np.float64(9.858754595081572e-05)]
MAR08190	[np.float64(9.858754595081572e-05)]
MAR08191	[np.float64(9.858754595081572e-05)]
MAR08192	[np.float64(9.858754595081572e-05)]
MAR08194	[0.006197797913502931]
MAR08197	[np.float64(9.858754595081572e-05)]
MAR08198	[np.float64(9.858754595081572e-05)]
MAR08201	[np.float64(9.858754595081572e-05)]
MAR00786	[np.float64(9.858754595081572e-05)]
MAR08206	[0.006361782362284913]
MAR08209	[np.float64(9.858754595081572e-05)]
MAR08210	[np.float64(9.858754595081572e-05)]
MAR08211	[np.float64(9.858754595081572e-05)]
MAR08212	[0.006361782362284913]
MAR08217	[7.793233686209772e-05]
MAR08219	[3.728206335263105e-05]
MAR08220	[3.728206335263105e-05]
MAR08221	[0.005324091514805594]
MAR08224	[np.float64(9.858754595081572e-05)]
MAR08226	[np.float64(9.858754595081572e-05)]
MAR08227	[np.float64(9.858754595081572e-05)]
MAR08228	[np.float64(9.858754595081572e-05)]
MAR08233	[np.float64(9.858754595081572e-05)]
MAR08235	[np.float64(9.858754595081572e-05)]
MAR08237	[np.float64(9.858754595081572e-05)]
MAR08238	[np.float64(9.858754595081572e-05)]
MAR08242	[0.006177830639118772]
MAR08245	[np.float64(9.858754595081572e-05)]
MAR08246	[3.728206335263105e-05]
MAR08248	[np.float64(9.858754595081572e-05)]
MAR08249	[0.006197797913502931]
MAR08250	[0.006197797913502931]
MAR08251	[0.006197797913502931]
MAR00453	[3.728206335263105e-05]
MAR00456	[np.float64(9.858754595081572e-05)]
MAR00458	[3.728206335263105e-05]
MAR00459	[np.float64(9.858754595081572e-05)]
MAR00463	[np.float64(9.858754595081572e-05)]
MAR00486	[np.float64(9.858754595081572e-05)]
MAR00487	[np.float64(9.858754595081572e-05)]
MAR00488	[np.float64(9.858754595081572e-05)]
MAR00489	[np.float64(9.858754595081572e-05)]
MAR00490	[np.float64(9.858754595081572e-05)]
MAR00491	[np.float64(9.858754595081572e-05)]
MAR00492	[np.float64(9.858754595081572e-05)]
MAR00493	[np.float64(9.858754595081572e-05)]
MAR00494	[np.float64(9.858754595081572e-05)]
MAR00495	[np.float64(9.858754595081572e-05)]
MAR00496	[np.float64(9.858754595081572e-05)]
MAR00497	[np.float64(9.858754595081572e-05)]
MAR00498	[np.float64(9.858754595081572e-05)]
MAR00499	[np.float64(9.858754595081572e-05)]
MAR00500	[np.float64(9.858754595081572e-05)]
MAR00501	[np.float64(9.858754595081572e-05)]
MAR00502	[np.float64(9.858754595081572e-05)]
MAR00503	[np.float64(9.858754595081572e-05)]
MAR00504	[np.float64(9.858754595081572e-05)]
MAR00505	[np.float64(9.858754595081572e-05)]
MAR00506	[np.float64(9.858754595081572e-05)]
MAR00507	[np.float64(9.858754595081572e-05)]
MAR00508	[np.float64(9.858754595081572e-05)]
MAR00509	[np.float64(9.858754595081572e-05)]
MAR00510	[np.float64(9.858754595081572e-05)]
MAR00511	[np.float64(9.858754595081572e-05)]
MAR00512	[np.float64(9.858754595081572e-05)]
MAR00513	[np.float64(9.858754595081572e-05)]
MAR00514	[np.float64(9.858754595081572e-05)]
MAR00515	[np.float64(9.858754595081572e-05)]
MAR00516	[np.float64(9.858754595081572e-05)]
MAR00517	[np.float64(9.858754595081572e-05)]
MAR00518	[np.float64(9.858754595081572e-05)]
MAR00519	[np.float64(9.858754595081572e-05)]
MAR00520	[np.float64(9.858754595081572e-05)]
MAR00521	[np.float64(9.858754595081572e-05)]
MAR00522	[np.float64(9.858754595081572e-05)]
MAR00523	[np.float64(9.858754595081572e-05)]
MAR00524	[np.float64(9.858754595081572e-05)]
MAR00525	[np.float64(9.858754595081572e-05)]
MAR00526	[np.float64(9.858754595081572e-05)]
MAR00527	[np.float64(9.858754595081572e-05)]
MAR00528	[np.float64(9.858754595081572e-05)]
MAR00529	[np.float64(9.858754595081572e-05)]
MAR00530	[np.float64(9.858754595081572e-05)]
MAR00531	[np.float64(9.858754595081572e-05)]
MAR00532	[np.float64(9.858754595081572e-05)]
MAR00533	[np.float64(9.858754595081572e-05)]
MAR00534	[np.float64(9.858754595081572e-05)]
MAR00535	[np.float64(9.858754595081572e-05)]
MAR00536	[np.float64(9.858754595081572e-05)]
MAR00537	[np.float64(9.858754595081572e-05)]
MAR00538	[np.float64(9.858754595081572e-05)]
MAR00539	[np.float64(9.858754595081572e-05)]
MAR00540	[np.float64(9.858754595081572e-05)]
MAR00541	[np.float64(9.858754595081572e-05)]
MAR00542	[np.float64(9.858754595081572e-05)]
MAR00543	[np.float64(9.858754595081572e-05)]
MAR00544	[np.float64(9.858754595081572e-05)]
MAR00588	[4.4766377519551676e-05]
MAR00596	[np.float64(9.858754595081572e-05)]
MAR00673	[np.float64(9.858754595081572e-05)]
MAR00674	[np.float64(9.858754595081572e-05)]
MAR00675	[np.float64(9.858754595081572e-05)]
MAR00676	[np.float64(9.858754595081572e-05)]
MAR00677	[np.float64(9.858754595081572e-05)]
MAR00678	[np.float64(9.858754595081572e-05)]
MAR04296	[0.00762995585464111]
MAR04390	[np.float64(9.858754595081572e-05)]
MAR05254	[np.float64(9.858754595081572e-05)]
MAR07599	[np.float64(9.858754595081572e-05)]
MAR00448	[np.float64(9.858754595081572e-05)]
MAR00450	[np.float64(9.858754595081572e-05)]
MAR00468	[np.float64(9.858754595081572e-05)]
MAR00479	[np.float64(9.858754595081572e-05)]
MAR00481	[np.float64(9.858754595081572e-05)]
MAR00484	[np.float64(9.858754595081572e-05)]
MAR00579	[np.float64(9.858754595081572e-05)]
MAR00580	[4.4766377519551676e-05]
MAR00581	[np.float64(9.858754595081572e-05)]
MAR00582	[np.float64(9.858754595081572e-05)]
MAR00584	[np.float64(9.858754595081572e-05)]
MAR00586	[np.float64(9.858754595081572e-05)]
MAR00589	[4.4766377519551676e-05]
MAR00590	[4.4766377519551676e-05]
MAR00591	[4.4766377519551676e-05]
MAR00592	[4.4766377519551676e-05]
MAR00593	[4.4766377519551676e-05]
MAR00594	[4.4766377519551676e-05]
MAR00597	[np.float64(9.858754595081572e-05)]
MAR00598	[np.float64(9.858754595081572e-05)]
MAR00599	[np.float64(9.858754595081572e-05)]
MAR00600	[np.float64(9.858754595081572e-05)]
MAR00601	[np.float64(9.858754595081572e-05)]
MAR00602	[np.float64(9.858754595081572e-05)]
MAR00610	[3.80118259440596e-05]
MAR00613	[3.80118259440596e-05]
MAR00614	[np.float64(9.858754595081572e-05)]
MAR00615	[np.float64(9.858754595081572e-05)]
MAR00616	[np.float64(9.858754595081572e-05)]
MAR00622	[np.float64(9.858754595081572e-05)]
MAR00623	[np.float64(9.858754595081572e-05)]
MAR00625	[np.float64(9.858754595081572e-05)]
MAR00627	[np.float64(9.858754595081572e-05)]
MAR00629	[np.float64(9.858754595081572e-05)]
MAR00630	[np.float64(9.858754595081572e-05)]
MAR00632	[np.float64(9.858754595081572e-05)]
MAR00633	[5.260596092456286e-05]
MAR00634	[np.float64(9.858754595081572e-05)]
MAR00635	[np.float64(9.858754595081572e-05)]
MAR00636	[np.float64(9.858754595081572e-05)]
MAR00638	[np.float64(9.858754595081572e-05)]
MAR00640	[0.00762995585464111]
MAR00641	[0.005183721565527906]
MAR00642	[np.float64(9.858754595081572e-05)]
MAR00643	[np.float64(9.858754595081572e-05)]
MAR00644	[np.float64(9.858754595081572e-05)]
MAR00645	[5.260596092456286e-05]
MAR00646	[np.float64(9.858754595081572e-05)]
MAR00647	[np.float64(9.858754595081572e-05)]
MAR00648	[np.float64(9.858754595081572e-05)]
MAR00649	[0.005183721565527906]
MAR00651	[np.float64(9.858754595081572e-05)]
MAR00653	[np.float64(9.858754595081572e-05)]
MAR00654	[np.float64(9.858754595081572e-05)]
MAR00657	[np.float64(9.858754595081572e-05)]
MAR00659	[np.float64(9.858754595081572e-05)]
MAR00660	[np.float64(9.858754595081572e-05)]
MAR04627	[np.float64(9.858754595081572e-05)]
MAR04838	[np.float64(9.858754595081572e-05)]
MAR04839	[np.float64(9.858754595081572e-05)]
MAR07591	[np.float64(9.858754595081572e-05)]
MAR07594	[np.float64(9.858754595081572e-05)]
MAR07597	[np.float64(9.858754595081572e-05)]
MAR07601	[np.float64(9.858754595081572e-05)]
MAR07611	[np.float64(9.858754595081572e-05)]
MAR07612	[0.00762995585464111]
MAR07613	[np.float64(9.858754595081572e-05)]
MAR07755	[np.float64(9.858754595081572e-05)]
MAR08362	[0.00762995585464111]
MAR08421	[0.005183721565527906]
MAR08424	[0.005183721565527906]
MAR08518	[np.float64(9.858754595081572e-05)]
MAR08519	[0.00762995585464111]
MAR08521	[np.float64(9.858754595081572e-05)]
MAR08522	[np.float64(9.858754595081572e-05)]
MAR08523	[np.float64(9.858754595081572e-05)]
MAR08525	[np.float64(9.858754595081572e-05)]
MAR09805	[0.00762995585464111]
MAR00815	[np.float64(9.858754595081572e-05)]
MAR00816	[np.float64(9.858754595081572e-05)]
MAR00817	[np.float64(9.858754595081572e-05)]
MAR00819	[np.float64(9.858754595081572e-05)]
MAR00820	[np.float64(9.858754595081572e-05)]
MAR00821	[3.728206335263105e-05]
MAR00822	[0.006636517029453973]
MAR00823	[np.float64(9.858754595081572e-05)]
MAR00824	[np.float64(9.858754595081572e-05)]
MAR00825	[3.818211092224567e-05]
MAR00827	[np.float64(9.858754595081572e-05)]
MAR00828	[3.728206335263105e-05]
MAR00829	[np.float64(9.858754595081572e-05)]
MAR00830	[np.float64(9.858754595081572e-05)]
MAR00837	[np.float64(9.858754595081572e-05)]
MAR00838	[3.818211092224567e-05]
MAR00839	[0.006636517029453973]
MAR00840	[0.006154144415902866]
MAR00841	[0.006694979509823568]
MAR00842	[np.float64(9.858754595081572e-05)]
MAR00843	[np.float64(9.858754595081572e-05)]
MAR00844	[np.float64(9.858754595081572e-05)]
MAR00845	[3.818211092224567e-05]
MAR00846	[0.006636517029453973]
MAR00847	[3.818211092224567e-05]
MAR00848	[0.006154144415902866]
MAR00849	[np.float64(9.858754595081572e-05)]
MAR00850	[3.818211092224567e-05]
MAR00851	[0.006694979509823568]
MAR00852	[0.006694979509823568]
MAR00853	[0.006694979509823568]
MAR00854	[0.006694979509823568]
MAR00855	[0.006636517029453973]
MAR00856	[np.float64(9.858754595081572e-05)]
MAR00857	[np.float64(9.858754595081572e-05)]
MAR00858	[0.005312458535612697]
MAR00928	[0.006361782362284913]
MAR00801	[np.float64(9.858754595081572e-05)]
MAR00803	[7.793233686209772e-05]
MAR00805	[np.float64(9.858754595081572e-05)]
MAR00806	[np.float64(9.858754595081572e-05)]
MAR00807	[3.728206335263105e-05]
MAR00809	[0.006361782362284913]
MAR00810	[np.float64(9.858754595081572e-05)]
MAR00811	[np.float64(9.858754595081572e-05)]
MAR00812	[np.float64(9.858754595081572e-05)]
MAR00813	[0.005324091514805594]
MAR00814	[0.006694979509823568]
MAR00859	[0.005183721565527906]
MAR00860	[np.float64(9.858754595081572e-05)]
MAR00861	[np.float64(9.858754595081572e-05)]
MAR00862	[0.00762995585464111]
MAR00863	[0.00762995585464111]
MAR00864	[0.005324091514805594]
MAR00865	[np.float64(9.858754595081572e-05)]
MAR00866	[0.005324091514805594]
MAR00867	[0.00762995585464111]
MAR00868	[0.00762995585464111]
MAR00870	[0.00762995585464111]
MAR00871	[0.00762995585464111]
MAR00873	[0.00762995585464111]
MAR00875	[np.float64(9.858754595081572e-05)]
MAR00876	[np.float64(9.858754595081572e-05)]
MAR00877	[0.006694979509823568]
MAR00878	[np.float64(9.858754595081572e-05)]
MAR00879	[np.float64(9.858754595081572e-05)]
MAR00880	[0.005324091514805594]
MAR00881	[0.00762995585464111]
MAR00882	[np.float64(9.858754595081572e-05)]
MAR00883	[0.005324091514805594]
MAR00884	[0.00762995585464111]
MAR00885	[np.float64(9.858754595081572e-05)]
MAR00886	[0.005324091514805594]
MAR00887	[0.00762995585464111]
MAR00888	[np.float64(9.858754595081572e-05)]
MAR00889	[np.float64(9.858754595081572e-05)]
MAR00890	[np.float64(9.858754595081572e-05)]
MAR00891	[np.float64(9.858754595081572e-05)]
MAR00892	[0.006197797913502931]
MAR00893	[np.float64(9.858754595081572e-05)]
MAR00894	[np.float64(9.858754595081572e-05)]
MAR00895	[np.float64(9.858754595081572e-05)]
MAR00896	[np.float64(9.858754595081572e-05)]
MAR00897	[np.float64(9.858754595081572e-05)]
MAR00898	[0.005324091514805594]
MAR00899	[np.float64(9.858754595081572e-05)]
MAR00900	[np.float64(9.858754595081572e-05)]
MAR00901	[0.00762995585464111]
MAR00902	[0.00762995585464111]
MAR00903	[np.float64(9.858754595081572e-05)]
MAR00904	[0.005324091514805594]
MAR00905	[0.00762995585464111]
MAR00906	[0.004609970838673948]
MAR00907	[np.float64(9.858754595081572e-05)]
MAR00908	[0.005324091514805594]
MAR00909	[0.005324091514805594]
MAR00910	[np.float64(9.858754595081572e-05)]
MAR00911	[np.float64(9.858754595081572e-05)]
MAR00912	[np.float64(9.858754595081572e-05)]
MAR00787	[3.728206335263105e-05]
MAR00790	[np.float64(9.858754595081572e-05)]
MAR00792	[0.006361782362284913]
MAR00793	[np.float64(9.858754595081572e-05)]
MAR00794	[np.float64(9.858754595081572e-05)]
MAR00797	[3.728206335263105e-05]
MAR00804	[3.728206335263105e-05]
MAR00808	[3.728206335263105e-05]
MAR00826	[3.818211092224567e-05]
MAR00832	[np.float64(9.858754595081572e-05)]
MAR00834	[3.818211092224567e-05]
MAR00835	[np.float64(9.858754595081572e-05)]
MAR00836	[3.728206335263105e-05]
MAR00914	[np.float64(9.858754595081572e-05)]
MAR00915	[0.006361782362284913]
MAR00919	[0.00762995585464111]
MAR00920	[0.00762995585464111]
MAR00921	[0.00762995585464111]
MAR00924	[3.861969554053114e-05]
MAR00925	[3.861969554053114e-05]
MAR00926	[3.861969554053114e-05]
MAR07188	[0.006361782362284913]
MAR08378	[np.float64(9.858754595081572e-05)]
MAR08379	[3.728206335263105e-05]
MAR07185	[3.728206335263105e-05]
MAR08380	[np.float64(9.858754595081572e-05)]
MAR07186	[np.float64(9.858754595081572e-05)]
MAR08381	[np.float64(9.858754595081572e-05)]
MAR07187	[np.float64(9.858754595081572e-05)]
MAR08383	[np.float64(9.858754595081572e-05)]
MAR08384	[np.float64(9.858754595081572e-05)]
MAR08385	[np.float64(9.858754595081572e-05)]
MAR08387	[np.float64(9.858754595081572e-05)]
MAR08388	[np.float64(9.858754595081572e-05)]
MAR08389	[np.float64(9.858754595081572e-05)]
MAR08390	[np.float64(9.858754595081572e-05)]
MAR08391	[np.float64(9.858754595081572e-05)]
MAR08392	[np.float64(9.858754595081572e-05)]
MAR08393	[np.float64(9.858754595081572e-05)]
MAR08394	[np.float64(9.858754595081572e-05)]
MAR08395	[np.float64(9.858754595081572e-05)]
MAR08396	[np.float64(9.858754595081572e-05)]
MAR08397	[np.float64(9.858754595081572e-05)]
MAR08398	[np.float64(9.858754595081572e-05)]
MAR08399	[np.float64(9.858754595081572e-05)]
MAR08401	[np.float64(9.858754595081572e-05)]
MAR08402	[8.837687463265571e-05]
MAR08403	[np.float64(9.858754595081572e-05)]
MAR08404	[8.837687463265571e-05]
MAR08405	[np.float64(9.858754595081572e-05)]
MAR08406	[8.837687463265571e-05]
MAR08407	[8.837687463265571e-05]
MAR01979	[0.00762995585464111]
MAR01980	[0.00762995585464111]
MAR01981	[0.00762995585464111]
MAR01985	[0.005633672147743799]
MAR01987	[0.005633672147743799]
MAR01988	[0.00762995585464111]
MAR01995	[0.00762995585464111]
MAR01996	[0.00459697388961915]
MAR01999	[0.005633672147743799]
MAR02000	[0.005633672147743799]
MAR02001	[0.005633672147743799]
MAR01305	[np.float64(9.858754595081572e-05)]
MAR01307	[np.float64(9.858754595081572e-05)]
MAR01308	[np.float64(9.858754595081572e-05)]
MAR01310	[np.float64(9.858754595081572e-05)]
MAR01312	[3.728206335263105e-05]
MAR01313	[0.005938969176443775]
MAR01315	[np.float64(9.858754595081572e-05)]
MAR01317	[np.float64(9.858754595081572e-05)]
MAR01318	[np.float64(9.858754595081572e-05)]
MAR01319	[np.float64(9.858754595081572e-05)]
MAR01320	[np.float64(9.858754595081572e-05)]
MAR01321	[np.float64(9.858754595081572e-05)]
MAR01322	[np.float64(9.858754595081572e-05)]
MAR01323	[np.float64(9.858754595081572e-05)]
MAR01324	[np.float64(9.858754595081572e-05)]
MAR01325	[np.float64(9.858754595081572e-05)]
MAR01326	[np.float64(9.858754595081572e-05)]
MAR01327	[5.1849070780614454e-05]
MAR01328	[np.float64(9.858754595081572e-05)]
MAR01329	[np.float64(9.858754595081572e-05)]
MAR01330	[0.0062946839618430285]
MAR01332	[np.float64(9.858754595081572e-05)]
MAR01333	[np.float64(9.858754595081572e-05)]
MAR01334	[np.float64(9.858754595081572e-05)]
MAR01335	[np.float64(9.858754595081572e-05)]
MAR01336	[np.float64(9.858754595081572e-05)]
MAR01337	[np.float64(9.858754595081572e-05)]
MAR01338	[np.float64(9.858754595081572e-05)]
MAR01339	[0.005938969176443775]
MAR01341	[np.float64(9.858754595081572e-05)]
MAR01342	[np.float64(9.858754595081572e-05)]
MAR01343	[np.float64(9.858754595081572e-05)]
MAR01344	[0.006636517029453973]
MAR01345	[np.float64(9.858754595081572e-05)]
MAR01346	[0.00459697388961915]
MAR01347	[0.00459697388961915]
MAR01350	[np.float64(9.858754595081572e-05)]
MAR01352	[np.float64(9.858754595081572e-05)]
MAR01355	[np.float64(9.858754595081572e-05)]
MAR01356	[np.float64(9.858754595081572e-05)]
MAR01357	[np.float64(9.858754595081572e-05)]
MAR01358	[np.float64(9.858754595081572e-05)]
MAR01359	[np.float64(9.858754595081572e-05)]
MAR01360	[np.float64(9.858754595081572e-05)]
MAR01361	[np.float64(9.858754595081572e-05)]
MAR01362	[np.float64(9.858754595081572e-05)]
MAR01363	[np.float64(9.858754595081572e-05)]
MAR01364	[np.float64(9.858754595081572e-05)]
MAR01365	[np.float64(9.858754595081572e-05)]
MAR01366	[np.float64(9.858754595081572e-05)]
MAR01367	[3.728206335263105e-05]
MAR01370	[3.728206335263105e-05]
MAR01373	[np.float64(9.858754595081572e-05)]
MAR01374	[np.float64(9.858754595081572e-05)]
MAR01375	[np.float64(9.858754595081572e-05)]
MAR01376	[np.float64(9.858754595081572e-05)]
MAR01379	[3.728206335263105e-05]
MAR01382	[np.float64(9.858754595081572e-05)]
MAR01383	[np.float64(9.858754595081572e-05)]
MAR01384	[3.728206335263105e-05]
MAR01387	[np.float64(9.858754595081572e-05)]
MAR01388	[0.006361782362284913]
MAR01389	[np.float64(9.858754595081572e-05)]
MAR01390	[np.float64(9.858754595081572e-05)]
MAR01391	[np.float64(9.858754595081572e-05)]
MAR01393	[np.float64(9.858754595081572e-05)]
MAR01394	[3.728206335263105e-05]
MAR01395	[np.float64(9.858754595081572e-05)]
MAR01398	[3.728206335263105e-05]
MAR01401	[np.float64(9.858754595081572e-05)]
MAR01402	[np.float64(9.858754595081572e-05)]
MAR00703	[np.float64(9.858754595081572e-05)]
MAR00705	[np.float64(9.858754595081572e-05)]
MAR00706	[np.float64(9.858754595081572e-05)]
MAR00708	[np.float64(9.858754595081572e-05)]
MAR07598	[np.float64(9.858754595081572e-05)]
MAR07600	[np.float64(9.858754595081572e-05)]
MAR07602	[np.float64(9.858754595081572e-05)]
MAR07603	[np.float64(9.858754595081572e-05)]
MAR07604	[np.float64(9.858754595081572e-05)]
MAR07605	[np.float64(9.858754595081572e-05)]
MAR07606	[0.00762995585464111]
MAR07607	[np.float64(9.858754595081572e-05)]
MAR07610	[np.float64(9.858754595081572e-05)]
MAR07614	[np.float64(9.858754595081572e-05)]
MAR07615	[np.float64(9.858754595081572e-05)]
MAR07200	[np.float64(9.858754595081572e-05)]
MAR07202	[np.float64(9.858754595081572e-05)]
MAR07203	[np.float64(9.858754595081572e-05)]
MAR07205	[np.float64(9.858754595081572e-05)]
MAR07206	[np.float64(9.858754595081572e-05)]
MAR07207	[np.float64(9.858754595081572e-05)]
MAR07208	[4.607621626726481e-05]
MAR07209	[4.607621626726481e-05]
MAR07210	[4.607621626726481e-05]
MAR07211	[4.607621626726481e-05]
MAR07212	[4.607621626726481e-05]
MAR07213	[4.607621626726481e-05]
MAR07214	[4.607621626726481e-05]
MAR07215	[4.607621626726481e-05]
MAR07216	[7.465022698960405e-05]
MAR07217	[np.float64(9.858754595081572e-05)]
MAR07218	[np.float64(9.858754595081572e-05)]
MAR07219	[np.float64(9.858754595081572e-05)]
MAR07220	[0.006603865203213223]
MAR07221	[0.005938969176443775]
MAR07222	[np.float64(9.858754595081572e-05)]
MAR07490	[np.float64(9.858754595081572e-05)]
MAR07491	[np.float64(9.858754595081572e-05)]
MAR07492	[np.float64(9.858754595081572e-05)]
MAR07493	[3.728206335263105e-05]
MAR07494	[3.728206335263105e-05]
MAR07495	[3.728206335263105e-05]
MAR07496	[3.728206335263105e-05]
MAR07497	[np.float64(9.858754595081572e-05)]
MAR07498	[np.float64(9.858754595081572e-05)]
MAR07509	[np.float64(9.858754595081572e-05)]
MAR07510	[np.float64(9.858754595081572e-05)]
MAR07519	[np.float64(9.858754595081572e-05)]
MAR07520	[3.728206335263105e-05]
MAR07521	[3.728206335263105e-05]
MAR07522	[np.float64(9.858754595081572e-05)]
MAR07534	[np.float64(9.858754595081572e-05)]
MAR07535	[3.728206335263105e-05]
MAR07536	[3.728206335263105e-05]
MAR07537	[np.float64(9.858754595081572e-05)]
MAR07538	[np.float64(9.858754595081572e-05)]
MAR07551	[np.float64(9.858754595081572e-05)]
MAR07552	[np.float64(9.858754595081572e-05)]
MAR07553	[np.float64(9.858754595081572e-05)]
MAR07554	[np.float64(9.858754595081572e-05)]
MAR07501	[np.float64(9.858754595081572e-05)]
MAR07502	[np.float64(9.858754595081572e-05)]
MAR07503	[3.728206335263105e-05]
MAR07504	[3.728206335263105e-05]
MAR07505	[np.float64(9.858754595081572e-05)]
MAR07506	[np.float64(9.858754595081572e-05)]
MAR07507	[3.728206335263105e-05]
MAR07508	[np.float64(9.858754595081572e-05)]
MAR07513	[np.float64(9.858754595081572e-05)]
MAR07514	[np.float64(9.858754595081572e-05)]
MAR07515	[3.728206335263105e-05]
MAR07516	[3.728206335263105e-05]
MAR07517	[np.float64(9.858754595081572e-05)]
MAR07518	[np.float64(9.858754595081572e-05)]
MAR07525	[np.float64(9.858754595081572e-05)]
MAR07526	[3.728206335263105e-05]
MAR07527	[3.728206335263105e-05]
MAR07528	[3.728206335263105e-05]
MAR07529	[np.float64(9.858754595081572e-05)]
MAR07530	[3.728206335263105e-05]
MAR07531	[3.728206335263105e-05]
MAR07532	[3.728206335263105e-05]
MAR07533	[np.float64(9.858754595081572e-05)]
MAR07541	[np.float64(9.858754595081572e-05)]
MAR07542	[3.728206335263105e-05]
MAR07543	[3.728206335263105e-05]
MAR07544	[3.728206335263105e-05]
MAR07545	[np.float64(9.858754595081572e-05)]
MAR07546	[np.float64(9.858754595081572e-05)]
MAR07547	[3.728206335263105e-05]
MAR07548	[3.728206335263105e-05]
MAR07549	[3.728206335263105e-05]
MAR07550	[np.float64(9.858754595081572e-05)]
MAR07557	[np.float64(9.858754595081572e-05)]
MAR07558	[np.float64(9.858754595081572e-05)]
MAR07559	[3.728206335263105e-05]
MAR07560	[3.728206335263105e-05]
MAR07561	[3.728206335263105e-05]
MAR07562	[np.float64(9.858754595081572e-05)]
MAR07563	[3.728206335263105e-05]
MAR07564	[np.float64(9.858754595081572e-05)]
MAR07565	[3.728206335263105e-05]
MAR07566	[3.728206335263105e-05]
MAR07567	[np.float64(9.858754595081572e-05)]
MAR07225	[0.00482907184438752]
MAR07226	[3.728206335263105e-05]
MAR07227	[np.float64(9.858754595081572e-05)]
MAR07228	[np.float64(9.858754595081572e-05)]
MAR07229	[np.float64(9.858754595081572e-05)]
MAR07230	[np.float64(9.858754595081572e-05)]
MAR07231	[3.728206335263105e-05]
MAR07232	[np.float64(9.858754595081572e-05)]
MAR07233	[np.float64(9.858754595081572e-05)]
MAR07234	[np.float64(9.858754595081572e-05)]
MAR07235	[np.float64(9.858754595081572e-05)]
MAR07236	[np.float64(9.858754595081572e-05)]
MAR07237	[3.728206335263105e-05]
MAR07238	[np.float64(9.858754595081572e-05)]
MAR07239	[np.float64(9.858754595081572e-05)]
MAR07240	[np.float64(9.858754595081572e-05)]
MAR07241	[np.float64(9.858754595081572e-05)]
MAR07242	[np.float64(9.858754595081572e-05)]
MAR07243	[np.float64(9.858754595081572e-05)]
MAR07244	[np.float64(9.858754595081572e-05)]
MAR07245	[np.float64(9.858754595081572e-05)]
MAR07246	[np.float64(9.858754595081572e-05)]
MAR07247	[np.float64(9.858754595081572e-05)]
MAR07248	[np.float64(9.858754595081572e-05)]
MAR07249	[np.float64(9.858754595081572e-05)]
MAR07250	[np.float64(9.858754595081572e-05)]
MAR07251	[np.float64(9.858754595081572e-05)]
MAR07571	[np.float64(9.858754595081572e-05)]
MAR07572	[3.728206335263105e-05]
MAR07573	[np.float64(9.858754595081572e-05)]
MAR07335	[np.float64(9.858754595081572e-05)]
MAR07336	[np.float64(9.858754595081572e-05)]
MAR07337	[np.float64(9.858754595081572e-05)]
MAR07338	[np.float64(9.858754595081572e-05)]
MAR07339	[np.float64(9.858754595081572e-05)]
MAR07340	[np.float64(9.858754595081572e-05)]
MAR07341	[np.float64(9.858754595081572e-05)]
MAR07342	[np.float64(9.858754595081572e-05)]
MAR07343	[np.float64(9.858754595081572e-05)]
MAR07344	[np.float64(9.858754595081572e-05)]
MAR07345	[np.float64(9.858754595081572e-05)]
MAR07346	[np.float64(9.858754595081572e-05)]
MAR07347	[np.float64(9.858754595081572e-05)]
MAR07348	[np.float64(9.858754595081572e-05)]
MAR07349	[np.float64(9.858754595081572e-05)]
MAR07350	[np.float64(9.858754595081572e-05)]
MAR07351	[np.float64(9.858754595081572e-05)]
MAR07352	[np.float64(9.858754595081572e-05)]
MAR07353	[np.float64(9.858754595081572e-05)]
MAR07354	[np.float64(9.858754595081572e-05)]
MAR07355	[np.float64(9.858754595081572e-05)]
MAR07356	[np.float64(9.858754595081572e-05)]
MAR07357	[np.float64(9.858754595081572e-05)]
MAR07358	[np.float64(9.858754595081572e-05)]
MAR07359	[np.float64(9.858754595081572e-05)]
MAR07360	[np.float64(9.858754595081572e-05)]
MAR07361	[np.float64(9.858754595081572e-05)]
MAR07362	[np.float64(9.858754595081572e-05)]
MAR07363	[np.float64(9.858754595081572e-05)]
MAR07364	[np.float64(9.858754595081572e-05)]
MAR07365	[np.float64(9.858754595081572e-05)]
MAR07366	[np.float64(9.858754595081572e-05)]
MAR07367	[np.float64(9.858754595081572e-05)]
MAR07368	[np.float64(9.858754595081572e-05)]
MAR07369	[np.float64(9.858754595081572e-05)]
MAR07370	[np.float64(9.858754595081572e-05)]
MAR07371	[np.float64(9.858754595081572e-05)]
MAR07442	[np.float64(9.858754595081572e-05)]
MAR07443	[np.float64(9.858754595081572e-05)]
MAR07444	[np.float64(9.858754595081572e-05)]
MAR07445	[np.float64(9.858754595081572e-05)]
MAR07446	[np.float64(9.858754595081572e-05)]
MAR07447	[np.float64(9.858754595081572e-05)]
MAR07448	[np.float64(9.858754595081572e-05)]
MAR07449	[np.float64(9.858754595081572e-05)]
MAR07450	[np.float64(9.858754595081572e-05)]
MAR07451	[np.float64(9.858754595081572e-05)]
MAR07452	[np.float64(9.858754595081572e-05)]
MAR07471	[np.float64(9.858754595081572e-05)]
MAR07472	[np.float64(9.858754595081572e-05)]
MAR07473	[np.float64(9.858754595081572e-05)]
MAR07474	[np.float64(9.858754595081572e-05)]
MAR07475	[np.float64(9.858754595081572e-05)]
MAR07476	[np.float64(9.858754595081572e-05)]
MAR07477	[np.float64(9.858754595081572e-05)]
MAR07478	[np.float64(9.858754595081572e-05)]
MAR07479	[np.float64(9.858754595081572e-05)]
MAR07480	[np.float64(9.858754595081572e-05)]
MAR07481	[np.float64(9.858754595081572e-05)]
MAR07373	[3.80118259440596e-05]
MAR07375	[3.80118259440596e-05]
MAR07376	[np.float64(9.858754595081572e-05)]
MAR07377	[np.float64(9.858754595081572e-05)]
MAR07378	[3.728206335263105e-05]
MAR07379	[3.728206335263105e-05]
MAR07380	[3.728206335263105e-05]
MAR07381	[3.728206335263105e-05]
MAR07382	[3.728206335263105e-05]
MAR07383	[3.728206335263105e-05]
MAR07384	[3.728206335263105e-05]
MAR07385	[3.728206335263105e-05]
MAR07386	[3.728206335263105e-05]
MAR07387	[3.728206335263105e-05]
MAR07388	[3.728206335263105e-05]
MAR07389	[3.728206335263105e-05]
MAR07390	[3.728206335263105e-05]
MAR07391	[3.728206335263105e-05]
MAR07392	[3.728206335263105e-05]
MAR07393	[3.728206335263105e-05]
MAR07394	[3.728206335263105e-05]
MAR07395	[3.728206335263105e-05]
MAR07396	[3.728206335263105e-05]
MAR07397	[3.728206335263105e-05]
MAR07398	[3.728206335263105e-05]
MAR07399	[3.728206335263105e-05]
MAR07400	[3.728206335263105e-05]
MAR07401	[3.728206335263105e-05]
MAR07402	[3.728206335263105e-05]
MAR07403	[3.728206335263105e-05]
MAR07404	[3.728206335263105e-05]
MAR07405	[3.728206335263105e-05]
MAR07406	[3.728206335263105e-05]
MAR07407	[3.728206335263105e-05]
MAR07408	[3.728206335263105e-05]
MAR07409	[3.728206335263105e-05]
MAR07410	[3.728206335263105e-05]
MAR07411	[3.728206335263105e-05]
MAR07412	[3.728206335263105e-05]
MAR07413	[3.728206335263105e-05]
MAR07414	[3.728206335263105e-05]
MAR07415	[3.728206335263105e-05]
MAR07416	[3.728206335263105e-05]
MAR07417	[3.728206335263105e-05]
MAR07418	[3.728206335263105e-05]
MAR07419	[3.728206335263105e-05]
MAR07420	[3.728206335263105e-05]
MAR07421	[3.728206335263105e-05]
MAR07422	[3.728206335263105e-05]
MAR07423	[3.728206335263105e-05]
MAR07424	[3.728206335263105e-05]
MAR07425	[3.728206335263105e-05]
MAR07426	[3.728206335263105e-05]
MAR07427	[3.728206335263105e-05]
MAR07455	[3.728206335263105e-05]
MAR07456	[3.728206335263105e-05]
MAR07457	[3.728206335263105e-05]
MAR07458	[3.728206335263105e-05]
MAR07459	[3.728206335263105e-05]
MAR07460	[3.728206335263105e-05]
MAR07461	[3.728206335263105e-05]
MAR07462	[3.728206335263105e-05]
MAR07463	[3.728206335263105e-05]
MAR07464	[3.728206335263105e-05]
MAR07465	[3.728206335263105e-05]
MAR07466	[3.728206335263105e-05]
MAR07467	[3.728206335263105e-05]
MAR07468	[np.float64(9.858754595081572e-05)]
MAR07469	[np.float64(9.858754595081572e-05)]
MAR07484	[3.728206335263105e-05]
MAR07485	[3.728206335263105e-05]
MAR07486	[3.728206335263105e-05]
MAR07487	[3.728206335263105e-05]
MAR07488	[3.728206335263105e-05]
MAR07489	[3.728206335263105e-05]
MAR08643	[np.float64(9.858754595081572e-05)]
MAR08645	[np.float64(9.858754595081572e-05)]
MAR08648	[0.00762995585464111]
MAR01581	[0.00762995585464111]
MAR01584	[np.float64(9.858754595081572e-05)]
MAR01585	[np.float64(9.858754595081572e-05)]
MAR01589	[0.00762995585464111]
MAR01590	[0.00762995585464111]
MAR01592	[np.float64(9.858754595081572e-05)]
MAR01593	[np.float64(9.858754595081572e-05)]
MAR01595	[0.006177830639118772]
MAR01598	[0.00762995585464111]
MAR01599	[np.float64(9.858754595081572e-05)]
MAR01604	[np.float64(9.858754595081572e-05)]
MAR01605	[np.float64(9.858754595081572e-05)]
MAR01608	[np.float64(9.858754595081572e-05)]
MAR01609	[np.float64(9.858754595081572e-05)]
MAR01610	[np.float64(9.858754595081572e-05)]
MAR01611	[np.float64(9.858754595081572e-05)]
MAR01613	[np.float64(9.858754595081572e-05)]
MAR01614	[np.float64(9.858754595081572e-05)]
MAR01617	[np.float64(9.858754595081572e-05)]
MAR01619	[0.005165007879767774]
MAR01620	[0.005165007879767774]
MAR01622	[np.float64(9.858754595081572e-05)]
MAR01623	[np.float64(9.858754595081572e-05)]
MAR01624	[0.005165007879767774]
MAR01625	[0.005165007879767774]
MAR01627	[0.005165007879767774]
MAR01629	[0.00762995585464111]
MAR01631	[0.00762995585464111]
MAR01632	[np.float64(9.858754595081572e-05)]
MAR01638	[np.float64(9.858754595081572e-05)]
MAR01642	[np.float64(9.858754595081572e-05)]
MAR01646	[np.float64(9.858754595081572e-05)]
MAR01652	[np.float64(9.858754595081572e-05)]
MAR01659	[3.728206335263105e-05]
MAR01660	[np.float64(9.858754595081572e-05)]
MAR01663	[np.float64(9.858754595081572e-05)]
MAR01665	[0.005165007879767774]
MAR01667	[0.006694979509823568]
MAR01668	[0.006694979509823568]
MAR01670	[0.006694979509823568]
MAR01673	[0.006177830639118772]
MAR01676	[np.float64(9.858754595081572e-05)]
MAR01678	[0.00762995585464111]
MAR01679	[np.float64(9.858754595081572e-05)]
MAR01681	[np.float64(9.858754595081572e-05)]
MAR01682	[np.float64(9.858754595081572e-05)]
MAR01684	[3.728206335263105e-05]
MAR01685	[np.float64(9.858754595081572e-05)]
MAR01687	[np.float64(9.858754595081572e-05)]
MAR01689	[np.float64(9.858754595081572e-05)]
MAR01691	[np.float64(9.858754595081572e-05)]
MAR01692	[np.float64(9.858754595081572e-05)]
MAR01693	[np.float64(9.858754595081572e-05)]
MAR01694	[7.357392500714337e-05]
MAR01695	[np.float64(9.858754595081572e-05)]
MAR01696	[np.float64(9.858754595081572e-05)]
MAR01697	[0.005165007879767774]
MAR01699	[0.005165007879767774]
MAR01700	[0.005165007879767774]
MAR01701	[np.float64(9.858754595081572e-05)]
MAR01702	[np.float64(9.858754595081572e-05)]
MAR01703	[np.float64(9.858754595081572e-05)]
MAR01704	[np.float64(9.858754595081572e-05)]
MAR01706	[np.float64(9.858754595081572e-05)]
MAR01708	[np.float64(9.858754595081572e-05)]
MAR01710	[np.float64(9.858754595081572e-05)]
MAR01716	[np.float64(9.858754595081572e-05)]
MAR01717	[np.float64(9.858754595081572e-05)]
MAR01718	[np.float64(9.858754595081572e-05)]
MAR01720	[0.006694979509823568]
MAR01722	[0.006694979509823568]
MAR01723	[0.006694979509823568]
MAR01725	[np.float64(9.858754595081572e-05)]
MAR01726	[0.005165007879767774]
MAR01727	[0.005165007879767774]
MAR01729	[0.00762995585464111]
MAR01730	[np.float64(9.858754595081572e-05)]
MAR01735	[0.006361782362284913]
MAR01737	[0.00762995585464111]
MAR01738	[np.float64(9.858754595081572e-05)]
MAR01739	[0.00762995585464111]
MAR01740	[0.006177830639118772]
MAR01741	[0.006177830639118772]
MAR01742	[0.00762995585464111]
MAR01743	[0.00762995585464111]
MAR01744	[np.float64(9.858754595081572e-05)]
MAR01745	[np.float64(9.858754595081572e-05)]
MAR01746	[np.float64(9.858754595081572e-05)]
MAR01747	[np.float64(9.858754595081572e-05)]
MAR01748	[np.float64(9.858754595081572e-05)]
MAR01749	[np.float64(9.858754595081572e-05)]
MAR01750	[np.float64(9.858754595081572e-05)]
MAR01751	[np.float64(9.858754595081572e-05)]
MAR01752	[np.float64(9.858754595081572e-05)]
MAR01753	[np.float64(9.858754595081572e-05)]
MAR01754	[0.005165007879767774]
MAR01756	[0.005165007879767774]
MAR01758	[np.float64(9.858754595081572e-05)]
MAR01759	[np.float64(9.858754595081572e-05)]
MAR01760	[np.float64(9.858754595081572e-05)]
MAR01761	[np.float64(9.858754595081572e-05)]
MAR01762	[np.float64(9.858754595081572e-05)]
MAR01764	[np.float64(9.858754595081572e-05)]
MAR01765	[0.006361782362284913]
MAR01766	[np.float64(9.858754595081572e-05)]
MAR01767	[0.00762995585464111]
MAR01768	[0.006177830639118772]
MAR01769	[0.006177830639118772]
MAR01770	[0.00762995585464111]
MAR01771	[0.00762995585464111]
MAR01772	[np.float64(9.858754595081572e-05)]
MAR01774	[np.float64(9.858754595081572e-05)]
MAR01776	[0.006361782362284913]
MAR01777	[0.006361782362284913]
MAR01778	[np.float64(9.858754595081572e-05)]
MAR01781	[0.006361782362284913]
MAR01783	[0.00762995585464111]
MAR01784	[0.006361782362284913]
MAR01785	[0.006361782362284913]
MAR01786	[0.006361782362284913]
MAR01787	[np.float64(9.858754595081572e-05)]
MAR01790	[np.float64(9.858754595081572e-05)]
MAR01792	[np.float64(9.858754595081572e-05)]
MAR01794	[np.float64(9.858754595081572e-05)]
MAR01796	[np.float64(9.858754595081572e-05)]
MAR01797	[np.float64(9.858754595081572e-05)]
MAR01798	[np.float64(9.858754595081572e-05)]
MAR01800	[np.float64(9.858754595081572e-05)]
MAR01802	[np.float64(9.858754595081572e-05)]
MAR01803	[np.float64(9.858754595081572e-05)]
MAR01804	[np.float64(9.858754595081572e-05)]
MAR01805	[np.float64(9.858754595081572e-05)]
MAR01806	[np.float64(9.858754595081572e-05)]
MAR01807	[np.float64(9.858754595081572e-05)]
MAR01810	[0.00762995585464111]
MAR01811	[np.float64(9.858754595081572e-05)]
MAR01813	[3.728206335263105e-05]
MAR01815	[0.00762995585464111]
MAR01817	[0.00762995585464111]
MAR01819	[0.00762995585464111]
MAR01830	[0.00762995585464111]
MAR01831	[0.00762995585464111]
MAR01832	[0.005165007879767774]
MAR01833	[0.005165007879767774]
MAR01834	[np.float64(9.858754595081572e-05)]
MAR01835	[0.006694979509823568]
MAR01836	[np.float64(9.858754595081572e-05)]
MAR01837	[0.006694979509823568]
MAR01838	[0.00762995585464111]
MAR01839	[0.00762995585464111]
MAR01840	[0.00762995585464111]
MAR01841	[0.006694979509823568]
MAR01842	[0.006694979509823568]
MAR01843	[0.00762995585464111]
MAR01844	[0.006694979509823568]
MAR01845	[0.006694979509823568]
MAR01846	[0.00762995585464111]
MAR03799	[np.float64(9.858754595081572e-05)]
MAR03908	[0.005938969176443775]
MAR03910	[np.float64(9.858754595081572e-05)]
MAR03911	[np.float64(9.858754595081572e-05)]
MAR04679	[np.float64(9.858754595081572e-05)]
MAR08063	[np.float64(9.858754595081572e-05)]
MAR08064	[np.float64(9.858754595081572e-05)]
MAR08065	[np.float64(9.858754595081572e-05)]
MAR08759	[np.float64(9.858754595081572e-05)]
MAR01847	[np.float64(9.858754595081572e-05)]
MAR01848	[0.005165007879767774]
MAR01850	[np.float64(9.858754595081572e-05)]
MAR01852	[0.005665274266570246]
MAR01853	[np.float64(9.858754595081572e-05)]
MAR01854	[np.float64(9.858754595081572e-05)]
MAR01855	[0.005665274266570246]
MAR01857	[np.float64(9.858754595081572e-05)]
MAR01859	[np.float64(9.858754595081572e-05)]
MAR01861	[np.float64(9.858754595081572e-05)]
MAR01862	[0.005665274266570246]
MAR01863	[0.005665274266570246]
MAR01864	[0.005665274266570246]
MAR01865	[0.005665274266570246]
MAR01866	[0.005665274266570246]
MAR01867	[0.005665274266570246]
MAR01868	[np.float64(9.858754595081572e-05)]
MAR01870	[np.float64(9.858754595081572e-05)]
MAR01872	[np.float64(9.858754595081572e-05)]
MAR01874	[np.float64(9.858754595081572e-05)]
MAR01875	[0.006636517029453973]
MAR01876	[0.006636517029453973]
MAR01877	[0.006636517029453973]
MAR01878	[np.float64(9.858754595081572e-05)]
MAR01879	[0.006636517029453973]
MAR01880	[0.006636517029453973]
MAR01881	[0.006636517029453973]
MAR01882	[0.006636517029453973]
MAR01883	[0.006636517029453973]
MAR01884	[0.006636517029453973]
MAR01885	[0.006636517029453973]
MAR01886	[0.006636517029453973]
MAR01887	[0.006636517029453973]
MAR01888	[0.006636517029453973]
MAR01889	[0.006636517029453973]
MAR01890	[0.006636517029453973]
MAR01891	[0.006636517029453973]
MAR01892	[0.006636517029453973]
MAR01893	[0.006636517029453973]
MAR01894	[0.006636517029453973]
MAR01895	[np.float64(9.858754595081572e-05)]
MAR01896	[np.float64(9.858754595081572e-05)]
MAR01897	[np.float64(9.858754595081572e-05)]
MAR01403	[np.float64(9.858754595081572e-05)]
MAR01404	[np.float64(9.858754595081572e-05)]
MAR01405	[np.float64(9.858754595081572e-05)]
MAR01406	[np.float64(9.858754595081572e-05)]
MAR01407	[np.float64(9.858754595081572e-05)]
MAR01408	[np.float64(9.858754595081572e-05)]
MAR01409	[np.float64(9.858754595081572e-05)]
MAR01410	[np.float64(9.858754595081572e-05)]
MAR01411	[np.float64(9.858754595081572e-05)]
MAR01412	[np.float64(9.858754595081572e-05)]
MAR01413	[np.float64(9.858754595081572e-05)]
MAR01414	[np.float64(9.858754595081572e-05)]
MAR01415	[np.float64(9.858754595081572e-05)]
MAR01416	[np.float64(9.858754595081572e-05)]
MAR01417	[np.float64(9.858754595081572e-05)]
MAR01418	[np.float64(9.858754595081572e-05)]
MAR01419	[np.float64(9.858754595081572e-05)]
MAR01420	[np.float64(9.858754595081572e-05)]
MAR01421	[np.float64(9.858754595081572e-05)]
MAR01422	[np.float64(9.858754595081572e-05)]
MAR01423	[np.float64(9.858754595081572e-05)]
MAR01424	[np.float64(9.858754595081572e-05)]
MAR01425	[np.float64(9.858754595081572e-05)]
MAR01426	[np.float64(9.858754595081572e-05)]
MAR01427	[np.float64(9.858754595081572e-05)]
MAR01428	[np.float64(9.858754595081572e-05)]
MAR01429	[np.float64(9.858754595081572e-05)]
MAR01430	[np.float64(9.858754595081572e-05)]
MAR01431	[np.float64(9.858754595081572e-05)]
MAR01432	[np.float64(9.858754595081572e-05)]
MAR01433	[np.float64(9.858754595081572e-05)]
MAR08262	[0.005324091514805594]
MAR08263	[0.00762995585464111]
MAR08264	[0.00762995585464111]
MAR08267	[0.00762995585464111]
MAR08268	[0.00762995585464111]
MAR08271	[0.00762995585464111]
MAR08275	[0.005183721565527906]
MAR08276	[0.006361782362284913]
MAR08277	[0.006197797913502931]
MAR08278	[np.float64(9.858754595081572e-05)]
MAR08279	[0.006197797913502931]
MAR08280	[0.005324091514805594]
MAR08281	[0.00762995585464111]
MAR08284	[0.00762995585464111]
MAR08285	[0.006197797913502931]
MAR08286	[0.005324091514805594]
MAR08287	[0.00762995585464111]
MAR08288	[0.00762995585464111]
MAR08291	[0.005324091514805594]
MAR08292	[0.00762995585464111]
MAR08293	[0.006197797913502931]
MAR08294	[0.005324091514805594]
MAR08295	[0.00762995585464111]
MAR08298	[0.00762995585464111]
MAR08302	[0.00762995585464111]
MAR08305	[np.float64(9.858754595081572e-05)]
MAR08306	[0.006197797913502931]
MAR08307	[0.00762995585464111]
MAR08308	[0.00762995585464111]
MAR08309	[0.00762995585464111]
MAR08316	[0.004609970838673948]
MAR08317	[0.006197797913502931]
MAR08318	[np.float64(9.858754595081572e-05)]
MAR08319	[0.00762995585464111]
MAR08322	[0.00762995585464111]
MAR08325	[np.float64(9.858754595081572e-05)]
MAR08326	[0.00762995585464111]
MAR08327	[0.006636517029453973]
MAR08330	[0.00762995585464111]
MAR08331	[0.00762995585464111]
MAR08332	[0.00762995585464111]
MAR08333	[0.00762995585464111]
MAR08334	[0.00762995585464111]
MAR08337	[np.float64(9.858754595081572e-05)]
MAR00712	[np.float64(9.858754595081572e-05)]
MAR03992	[3.728206335263105e-05]
MAR04228	[np.float64(9.858754595081572e-05)]
MAR04251	[np.float64(9.858754595081572e-05)]
MAR04252	[3.728206335263105e-05]
MAR04253	[np.float64(9.858754595081572e-05)]
MAR04254	[np.float64(9.858754595081572e-05)]
MAR04255	[np.float64(9.858754595081572e-05)]
MAR04257	[np.float64(9.858754595081572e-05)]
MAR04259	[np.float64(9.858754595081572e-05)]
MAR04260	[np.float64(9.858754595081572e-05)]
MAR04261	[np.float64(9.858754595081572e-05)]
MAR04262	[np.float64(9.858754595081572e-05)]
MAR04263	[np.float64(9.858754595081572e-05)]
MAR04264	[3.728206335263105e-05]
MAR04265	[np.float64(9.858754595081572e-05)]
MAR04267	[np.float64(9.858754595081572e-05)]
MAR04268	[np.float64(9.858754595081572e-05)]
MAR04269	[np.float64(9.858754595081572e-05)]
MAR04270	[np.float64(9.858754595081572e-05)]
MAR04271	[np.float64(9.858754595081572e-05)]
MAR04276	[np.float64(9.858754595081572e-05)]
MAR04278	[np.float64(9.858754595081572e-05)]
MAR04662	[np.float64(9.858754595081572e-05)]
MAR07142	[np.float64(9.858754595081572e-05)]
MAR07143	[np.float64(9.858754595081572e-05)]
MAR07623	[np.float64(9.858754595081572e-05)]
MAR07625	[np.float64(9.858754595081572e-05)]
MAR07627	[np.float64(9.858754595081572e-05)]
MAR07676	[3.80118259440596e-05]
MAR07677	[np.float64(9.858754595081572e-05)]
MAR07678	[np.float64(9.858754595081572e-05)]
MAR08788	[np.float64(9.858754595081572e-05)]
MAR08790	[np.float64(9.858754595081572e-05)]
MAR08791	[np.float64(9.858754595081572e-05)]
MAR03871	[np.float64(9.858754595081572e-05)]
MAR04058	[np.float64(9.858754595081572e-05)]
MAR04498	[np.float64(9.858754595081572e-05)]
MAR04499	[np.float64(9.858754595081572e-05)]
MAR04500	[np.float64(9.858754595081572e-05)]
MAR04714	[np.float64(9.858754595081572e-05)]
MAR04715	[np.float64(9.858754595081572e-05)]
MAR04716	[np.float64(9.858754595081572e-05)]
MAR04717	[0.00762995585464111]
MAR04718	[np.float64(9.858754595081572e-05)]
MAR04723	[np.float64(9.858754595081572e-05)]
MAR04725	[np.float64(9.858754595081572e-05)]
MAR04727	[np.float64(9.858754595081572e-05)]
MAR04730	[np.float64(9.858754595081572e-05)]
MAR04731	[np.float64(9.858754595081572e-05)]
MAR04732	[np.float64(9.858754595081572e-05)]
MAR04733	[np.float64(9.858754595081572e-05)]
MAR04734	[np.float64(9.858754595081572e-05)]
MAR07731	[np.float64(9.858754595081572e-05)]
MAR08792	[np.float64(9.858754595081572e-05)]
MAR00663	[np.float64(9.858754595081572e-05)]
MAR04308	[np.float64(9.858754595081572e-05)]
MAR06539	[0.00762995585464111]
MAR06540	[np.float64(9.858754595081572e-05)]
MAR06542	[np.float64(9.858754595081572e-05)]
MAR06543	[np.float64(9.858754595081572e-05)]
MAR06544	[np.float64(9.858754595081572e-05)]
MAR06545	[3.728206335263105e-05]
MAR06546	[np.float64(9.858754595081572e-05)]
MAR06547	[3.728206335263105e-05]
MAR06548	[np.float64(9.858754595081572e-05)]
MAR06549	[np.float64(9.858754595081572e-05)]
MAR06550	[np.float64(9.858754595081572e-05)]
MAR06551	[np.float64(9.858754595081572e-05)]
MAR06552	[np.float64(9.858754595081572e-05)]
MAR06553	[np.float64(9.858754595081572e-05)]
MAR06554	[np.float64(9.858754595081572e-05)]
MAR06555	[np.float64(9.858754595081572e-05)]
MAR06556	[np.float64(9.858754595081572e-05)]
MAR06557	[3.728206335263105e-05]
MAR06558	[np.float64(9.858754595081572e-05)]
MAR06559	[np.float64(9.858754595081572e-05)]
MAR06560	[np.float64(9.858754595081572e-05)]
MAR06561	[np.float64(9.858754595081572e-05)]
MAR06562	[np.float64(9.858754595081572e-05)]
MAR06563	[np.float64(9.858754595081572e-05)]
MAR06564	[np.float64(9.858754595081572e-05)]
MAR06565	[np.float64(9.858754595081572e-05)]
MAR06566	[np.float64(9.858754595081572e-05)]
MAR06567	[np.float64(9.858754595081572e-05)]
MAR06568	[np.float64(9.858754595081572e-05)]
MAR06569	[np.float64(9.858754595081572e-05)]
MAR06570	[np.float64(9.858754595081572e-05)]
MAR06571	[np.float64(9.858754595081572e-05)]
MAR06572	[np.float64(9.858754595081572e-05)]
MAR06573	[np.float64(9.858754595081572e-05)]
MAR06574	[np.float64(9.858754595081572e-05)]
MAR06575	[np.float64(9.858754595081572e-05)]
MAR06576	[np.float64(9.858754595081572e-05)]
MAR06579	[np.float64(9.858754595081572e-05)]
MAR06580	[np.float64(9.858754595081572e-05)]
MAR06581	[np.float64(9.858754595081572e-05)]
MAR06583	[np.float64(9.858754595081572e-05)]
MAR06584	[np.float64(9.858754595081572e-05)]
MAR06585	[np.float64(9.858754595081572e-05)]
MAR06587	[np.float64(9.858754595081572e-05)]
MAR06588	[np.float64(9.858754595081572e-05)]
MAR06589	[np.float64(9.858754595081572e-05)]
MAR06591	[3.728206335263105e-05]
MAR06592	[np.float64(9.858754595081572e-05)]
MAR06595	[np.float64(9.858754595081572e-05)]
MAR07652	[np.float64(9.858754595081572e-05)]
MAR07654	[np.float64(9.858754595081572e-05)]
MAR07655	[np.float64(9.858754595081572e-05)]
MAR07656	[np.float64(9.858754595081572e-05)]
MAR08799	[np.float64(9.858754595081572e-05)]
MAR08800	[np.float64(9.858754595081572e-05)]
MAR08801	[np.float64(9.858754595081572e-05)]
MAR08802	[np.float64(9.858754595081572e-05)]
MAR08803	[np.float64(9.858754595081572e-05)]
MAR08804	[np.float64(9.858754595081572e-05)]
MAR08805	[np.float64(9.858754595081572e-05)]
MAR08806	[np.float64(9.858754595081572e-05)]
MAR08807	[np.float64(9.858754595081572e-05)]
MAR08808	[3.728206335263105e-05]
MAR08809	[np.float64(9.858754595081572e-05)]
MAR08810	[np.float64(9.858754595081572e-05)]
MAR08811	[np.float64(9.858754595081572e-05)]
MAR08812	[np.float64(9.858754595081572e-05)]
MAR08813	[np.float64(9.858754595081572e-05)]
MAR08814	[np.float64(9.858754595081572e-05)]
MAR08815	[np.float64(9.858754595081572e-05)]
MAR08816	[np.float64(9.858754595081572e-05)]
MAR08817	[np.float64(9.858754595081572e-05)]
MAR08818	[np.float64(9.858754595081572e-05)]
MAR08819	[np.float64(9.858754595081572e-05)]
MAR08820	[np.float64(9.858754595081572e-05)]
MAR08821	[np.float64(9.858754595081572e-05)]
MAR08822	[np.float64(9.858754595081572e-05)]
MAR08823	[0.005183721565527906]
MAR08824	[np.float64(9.858754595081572e-05)]
MAR08825	[np.float64(9.858754595081572e-05)]
MAR08826	[np.float64(9.858754595081572e-05)]
MAR08827	[np.float64(9.858754595081572e-05)]
MAR08829	[np.float64(9.858754595081572e-05)]
MAR08830	[np.float64(9.858754595081572e-05)]
MAR08831	[np.float64(9.858754595081572e-05)]
MAR08833	[0.005183721565527906]
MAR08835	[np.float64(9.858754595081572e-05)]
MAR08836	[np.float64(9.858754595081572e-05)]
MAR03925	[np.float64(9.858754595081572e-05)]
MAR03929	[0.004779720285102033]
MAR03972	[np.float64(9.858754595081572e-05)]
MAR04332	[np.float64(9.858754595081572e-05)]
MAR04333	[np.float64(9.858754595081572e-05)]
MAR04335	[np.float64(9.858754595081572e-05)]
MAR04336	[np.float64(9.858754595081572e-05)]
MAR04338	[np.float64(9.858754595081572e-05)]
MAR04340	[np.float64(9.858754595081572e-05)]
MAR04440	[np.float64(9.858754595081572e-05)]
MAR04442	[np.float64(9.858754595081572e-05)]
MAR04444	[np.float64(9.858754595081572e-05)]
MAR04446	[np.float64(9.858754595081572e-05)]
MAR04448	[np.float64(9.858754595081572e-05)]
MAR04503	[np.float64(9.858754595081572e-05)]
MAR04505	[np.float64(9.858754595081572e-05)]
MAR04654	[np.float64(9.858754595081572e-05)]
MAR04655	[np.float64(9.858754595081572e-05)]
MAR04656	[np.float64(9.858754595081572e-05)]
MAR04665	[np.float64(9.858754595081572e-05)]
MAR09726	[0.004779720285102033]
MAR04666	[np.float64(9.858754595081572e-05)]
MAR07145	[np.float64(9.858754595081572e-05)]
MAR07146	[np.float64(9.858754595081572e-05)]
MAR07147	[0.005938969176443775]
MAR07908	[np.float64(9.858754595081572e-05)]
MAR07909	[np.float64(9.858754595081572e-05)]
MAR07910	[np.float64(9.858754595081572e-05)]
MAR07911	[np.float64(9.858754595081572e-05)]
MAR07912	[np.float64(9.858754595081572e-05)]
MAR07913	[np.float64(9.858754595081572e-05)]
MAR07916	[np.float64(9.858754595081572e-05)]
MAR07919	[np.float64(9.858754595081572e-05)]
MAR07920	[np.float64(9.858754595081572e-05)]
MAR07921	[np.float64(9.858754595081572e-05)]
MAR07922	[np.float64(9.858754595081572e-05)]
MAR07925	[np.float64(9.858754595081572e-05)]
MAR08105	[np.float64(9.858754595081572e-05)]
MAR08106	[np.float64(9.858754595081572e-05)]
MAR08107	[np.float64(9.858754595081572e-05)]
MAR08108	[np.float64(9.858754595081572e-05)]
MAR08109	[np.float64(9.858754595081572e-05)]
MAR08110	[np.float64(9.858754595081572e-05)]
MAR08112	[np.float64(9.858754595081572e-05)]
MAR08113	[np.float64(9.858754595081572e-05)]
MAR08114	[np.float64(9.858754595081572e-05)]
MAR08115	[np.float64(9.858754595081572e-05)]
MAR08116	[np.float64(9.858754595081572e-05)]
MAR08117	[np.float64(9.858754595081572e-05)]
MAR08129	[np.float64(9.858754595081572e-05)]
MAR08130	[np.float64(9.858754595081572e-05)]
MAR08132	[np.float64(9.858754595081572e-05)]
MAR08133	[np.float64(9.858754595081572e-05)]
MAR08135	[np.float64(9.858754595081572e-05)]
MAR08136	[np.float64(9.858754595081572e-05)]
MAR08137	[np.float64(9.858754595081572e-05)]
MAR08138	[np.float64(9.858754595081572e-05)]
MAR08139	[np.float64(9.858754595081572e-05)]
MAR08140	[np.float64(9.858754595081572e-05)]
MAR08141	[np.float64(9.858754595081572e-05)]
MAR08142	[np.float64(9.858754595081572e-05)]
MAR08143	[np.float64(9.858754595081572e-05)]
MAR08144	[np.float64(9.858754595081572e-05)]
MAR08758	[np.float64(9.858754595081572e-05)]
MAR07661	[np.float64(9.858754595081572e-05)]
MAR07662	[np.float64(9.858754595081572e-05)]
MAR07663	[np.float64(9.858754595081572e-05)]
MAR07668	[np.float64(9.858754595081572e-05)]
MAR07669	[np.float64(9.858754595081572e-05)]
MAR07670	[np.float64(9.858754595081572e-05)]
MAR07671	[np.float64(9.858754595081572e-05)]
MAR07672	[np.float64(9.858754595081572e-05)]
MAR07673	[np.float64(9.858754595081572e-05)]
MAR04160	[np.float64(9.858754595081572e-05)]
MAR04162	[np.float64(9.858754595081572e-05)]
MAR04163	[np.float64(9.858754595081572e-05)]
MAR04165	[5.2702184091965004e-05]
MAR04166	[5.2702184091965004e-05]
MAR04167	[5.2702184091965004e-05]
MAR04169	[np.float64(9.858754595081572e-05)]
MAR04170	[np.float64(9.858754595081572e-05)]
MAR04523	[np.float64(9.858754595081572e-05)]
MAR04539	[np.float64(9.858754595081572e-05)]
MAR04540	[np.float64(9.858754595081572e-05)]
MAR04541	[np.float64(9.858754595081572e-05)]
MAR04542	[np.float64(9.858754595081572e-05)]
MAR04543	[np.float64(9.858754595081572e-05)]
MAR04544	[np.float64(9.858754595081572e-05)]
MAR04816	[np.float64(9.858754595081572e-05)]
MAR04817	[np.float64(9.858754595081572e-05)]
MAR04818	[np.float64(9.858754595081572e-05)]
MAR04833	[np.float64(9.858754595081572e-05)]
MAR04834	[np.float64(9.858754595081572e-05)]
MAR04835	[np.float64(9.858754595081572e-05)]
MAR04836	[np.float64(9.858754595081572e-05)]
MAR08538	[np.float64(9.858754595081572e-05)]
MAR08738	[np.float64(9.858754595081572e-05)]
MAR08739	[5.2702184091965004e-05]
MAR08740	[np.float64(9.858754595081572e-05)]
MAR06393	[np.float64(9.858754595081572e-05)]
MAR06394	[np.float64(9.858754595081572e-05)]
MAR06396	[3.80118259440596e-05]
MAR06405	[3.728206335263105e-05]
MAR08345	[np.float64(9.858754595081572e-05)]
MAR08346	[np.float64(9.858754595081572e-05)]
MAR08348	[np.float64(9.858754595081572e-05)]
MAR08349	[np.float64(9.858754595081572e-05)]
MAR08619	[np.float64(9.858754595081572e-05)]
MAR08620	[np.float64(9.858754595081572e-05)]
MAR08621	[np.float64(9.858754595081572e-05)]
MAR08622	[np.float64(9.858754595081572e-05)]
MAR08623	[np.float64(9.858754595081572e-05)]
MAR08624	[np.float64(9.858754595081572e-05)]
MAR08625	[np.float64(9.858754595081572e-05)]
MAR03991	[3.728206335263105e-05]
MAR04657	[3.728206335263105e-05]
MAR04744	[np.float64(9.858754595081572e-05)]
MAR04746	[np.float64(9.858754595081572e-05)]
MAR04748	[np.float64(9.858754595081572e-05)]
MAR04750	[5.1849070780614454e-05]
MAR04752	[np.float64(9.858754595081572e-05)]
MAR04755	[np.float64(9.858754595081572e-05)]
MAR04757	[np.float64(9.858754595081572e-05)]
MAR04762	[np.float64(9.858754595081572e-05)]
MAR04763	[3.728206335263105e-05]
MAR04764	[5.434744139738667e-05]
MAR04768	[np.float64(9.858754595081572e-05)]
MAR04769	[np.float64(9.858754595081572e-05)]
MAR04770	[np.float64(9.858754595081572e-05)]
MAR04771	[np.float64(9.858754595081572e-05)]
MAR04772	[5.1849070780614454e-05]
MAR04773	[np.float64(9.858754595081572e-05)]
MAR06395	[3.728206335263105e-05]
MAR08634	[5.434744139738667e-05]
MAR09717	[np.float64(9.858754595081572e-05)]
MAR06630	[np.float64(9.858754595081572e-05)]
MAR06631	[3.728206335263105e-05]
MAR06632	[np.float64(9.858754595081572e-05)]
MAR06633	[3.728206335263105e-05]
MAR06634	[0.006636517029453973]
MAR06635	[np.float64(9.858754595081572e-05)]
MAR06636	[np.float64(9.858754595081572e-05)]
MAR06637	[0.00762995585464111]
MAR06638	[np.float64(9.858754595081572e-05)]
MAR06639	[np.float64(9.858754595081572e-05)]
MAR06640	[np.float64(9.858754595081572e-05)]
MAR06641	[0.005312458535612697]
MAR06642	[0.005312458535612697]
MAR06643	[0.006361782362284913]
MAR06644	[np.float64(9.858754595081572e-05)]
MAR06645	[0.006361782362284913]
MAR06646	[4.758380592513524e-05]
MAR06647	[4.758380592513524e-05]
MAR06648	[0.006361782362284913]
MAR06649	[0.006361782362284913]
MAR06650	[0.006361782362284913]
MAR06651	[0.006361782362284913]
MAR06652	[4.758380592513524e-05]
MAR06653	[0.006361782362284913]
MAR06654	[0.006361782362284913]
MAR06655	[0.006361782362284913]
MAR06656	[0.006361782362284913]
MAR06657	[np.float64(9.858754595081572e-05)]
MAR06658	[np.float64(9.858754595081572e-05)]
MAR06659	[np.float64(9.858754595081572e-05)]
MAR06660	[np.float64(9.858754595081572e-05)]
MAR06661	[0.00762995585464111]
MAR06662	[np.float64(9.858754595081572e-05)]
MAR06663	[np.float64(9.858754595081572e-05)]
MAR06664	[0.005312458535612697]
MAR06665	[0.005312458535612697]
MAR06666	[0.00762995585464111]
MAR06667	[0.00762995585464111]
MAR06668	[0.00762995585464111]
MAR06669	[0.00762995585464111]
MAR06670	[3.728206335263105e-05]
MAR06671	[np.float64(9.858754595081572e-05)]
MAR06672	[np.float64(9.858754595081572e-05)]
MAR06673	[np.float64(9.858754595081572e-05)]
MAR06674	[4.758380592513524e-05]
MAR06675	[4.758380592513524e-05]
MAR06676	[4.758380592513524e-05]
MAR06677	[0.006636517029453973]
MAR06678	[0.006636517029453973]
MAR06679	[0.00762995585464111]
MAR06680	[0.00762995585464111]
MAR06681	[0.005312458535612697]
MAR06682	[0.005312458535612697]
MAR06683	[0.005312458535612697]
MAR06684	[0.005312458535612697]
MAR06685	[0.00762995585464111]
MAR06686	[0.00762995585464111]
MAR06687	[0.005312458535612697]
MAR06690	[np.float64(9.858754595081572e-05)]
MAR06691	[np.float64(9.858754595081572e-05)]
MAR06692	[np.float64(9.858754595081572e-05)]
MAR06693	[np.float64(9.858754595081572e-05)]
MAR06694	[np.float64(9.858754595081572e-05)]
MAR06695	[np.float64(9.858754595081572e-05)]
MAR06697	[np.float64(9.858754595081572e-05)]
MAR06699	[np.float64(9.858754595081572e-05)]
MAR06700	[0.006636517029453973]
MAR06701	[0.006636517029453973]
MAR06702	[0.005312458535612697]
MAR06703	[0.005312458535612697]
MAR06704	[0.00762995585464111]
MAR06705	[0.00762995585464111]
MAR08697	[0.00762995585464111]
MAR08698	[np.float64(9.858754595081572e-05)]
MAR08699	[np.float64(9.858754595081572e-05)]
MAR08700	[0.00762995585464111]
MAR08702	[np.float64(9.858754595081572e-05)]
MAR08703	[np.float64(9.858754595081572e-05)]
MAR08704	[np.float64(9.858754595081572e-05)]
MAR08706	[np.float64(9.858754595081572e-05)]
MAR08709	[np.float64(9.858754595081572e-05)]
MAR08710	[0.004779720285102033]
MAR08711	[np.float64(9.858754595081572e-05)]
MAR08712	[np.float64(9.858754595081572e-05)]
MAR08713	[0.00762995585464111]
MAR08717	[0.00762995585464111]
MAR06506	[np.float64(9.858754595081572e-05)]
MAR06507	[np.float64(9.858754595081572e-05)]
MAR06508	[np.float64(9.858754595081572e-05)]
MAR06509	[np.float64(9.858754595081572e-05)]
MAR06510	[np.float64(9.858754595081572e-05)]
MAR06511	[5.434744139738667e-05]
MAR04537	[0.006361782362284913]
MAR04545	[0.00762995585464111]
MAR04546	[0.006361782362284913]
MAR04547	[0.0066017277052709345]
MAR04548	[np.float64(9.858754595081572e-05)]
MAR04549	[7.465022698960405e-05]
MAR04550	[0.00762995585464111]
MAR04551	[np.float64(9.858754595081572e-05)]
MAR04552	[np.float64(9.858754595081572e-05)]
MAR04553	[np.float64(9.858754595081572e-05)]
MAR04554	[np.float64(9.858754595081572e-05)]
MAR04555	[0.005183721565527906]
MAR04556	[0.005183721565527906]
MAR04557	[0.00762995585464111]
MAR04558	[np.float64(9.858754595081572e-05)]
MAR04559	[np.float64(9.858754595081572e-05)]
MAR04560	[np.float64(9.858754595081572e-05)]
MAR04561	[3.728206335263105e-05]
MAR04563	[8.220956365154548e-05]
MAR04564	[0.0066017277052709345]
MAR04204	[0.005312458535612697]
MAR04206	[0.005312458535612697]
MAR04207	[np.float64(9.858754595081572e-05)]
MAR04208	[np.float64(9.858754595081572e-05)]
MAR08744	[np.float64(9.858754595081572e-05)]
MAR08746	[np.float64(9.858754595081572e-05)]
MAR08748	[np.float64(9.858754595081572e-05)]
MAR08613	[np.float64(9.858754595081572e-05)]
MAR08615	[np.float64(9.858754595081572e-05)]
MAR08616	[np.float64(9.858754595081572e-05)]
MAR04064	[np.float64(9.858754595081572e-05)]
MAR04065	[np.float64(9.858754595081572e-05)]
MAR04066	[np.float64(9.858754595081572e-05)]
MAR04067	[np.float64(9.858754595081572e-05)]
MAR04068	[np.float64(9.858754595081572e-05)]
MAR04069	[np.float64(9.858754595081572e-05)]
MAR04070	[np.float64(9.858754595081572e-05)]
MAR04071	[np.float64(9.858754595081572e-05)]
MAR08102	[np.float64(9.858754595081572e-05)]
MAR08724	[np.float64(9.858754595081572e-05)]
MAR08725	[np.float64(9.858754595081572e-05)]
MAR02114	[np.float64(9.858754595081572e-05)]
MAR02115	[np.float64(9.858754595081572e-05)]
MAR02117	[np.float64(9.858754595081572e-05)]
MAR02118	[0.00478492550519652]
MAR02129	[np.float64(9.858754595081572e-05)]
MAR02130	[np.float64(9.858754595081572e-05)]
MAR02131	[np.float64(9.858754595081572e-05)]
MAR02132	[np.float64(9.858754595081572e-05)]
MAR02133	[np.float64(9.858754595081572e-05)]
MAR02134	[np.float64(9.858754595081572e-05)]
MAR02135	[np.float64(9.858754595081572e-05)]
MAR02136	[np.float64(9.858754595081572e-05)]
MAR02137	[0.005183721565527906]
MAR02138	[0.005183721565527906]
MAR02139	[0.005183721565527906]
MAR02140	[0.005183721565527906]
MAR02142	[np.float64(9.858754595081572e-05)]
MAR02143	[np.float64(9.858754595081572e-05)]
MAR02144	[np.float64(9.858754595081572e-05)]
MAR02145	[np.float64(9.858754595081572e-05)]
MAR07996	[np.float64(9.858754595081572e-05)]
MAR07999	[0.005183721565527906]
MAR08003	[np.float64(9.858754595081572e-05)]
MAR08004	[0.00478492550519652]
MAR08005	[np.float64(9.858754595081572e-05)]
MAR08006	[np.float64(9.858754595081572e-05)]
MAR08008	[0.00478492550519652]
MAR08011	[np.float64(9.858754595081572e-05)]
MAR08012	[np.float64(9.858754595081572e-05)]
MAR08013	[np.float64(9.858754595081572e-05)]
MAR08014	[np.float64(9.858754595081572e-05)]
MAR06423	[np.float64(9.858754595081572e-05)]
MAR06426	[0.006361782362284913]
MAR06427	[0.006361782362284913]
MAR06428	[0.006361782362284913]
MAR06429	[0.006361782362284913]
MAR06432	[3.728206335263105e-05]
MAR06433	[3.728206335263105e-05]
MAR06434	[np.float64(9.858754595081572e-05)]
MAR06435	[3.728206335263105e-05]
MAR06436	[3.728206335263105e-05]
MAR06441	[0.006361782362284913]
MAR06442	[0.006361782362284913]
MAR06443	[0.006361782362284913]
MAR06444	[0.006361782362284913]
MAR06447	[np.float64(9.858754595081572e-05)]
MAR06448	[3.728206335263105e-05]
MAR06450	[3.728206335263105e-05]
MAR06451	[3.728206335263105e-05]
MAR06453	[3.728206335263105e-05]
MAR06456	[np.float64(9.858754595081572e-05)]
MAR06457	[np.float64(9.858754595081572e-05)]
MAR06458	[np.float64(9.858754595081572e-05)]
MAR06459	[np.float64(9.858754595081572e-05)]
MAR06460	[np.float64(9.858754595081572e-05)]
MAR06461	[np.float64(9.858754595081572e-05)]
MAR06464	[0.006361782362284913]
MAR06465	[0.006361782362284913]
MAR06466	[0.006361782362284913]
MAR06467	[0.006361782362284913]
MAR06470	[np.float64(9.858754595081572e-05)]
MAR06471	[3.728206335263105e-05]
MAR06472	[3.728206335263105e-05]
MAR06473	[3.728206335263105e-05]
MAR06476	[0.006361782362284913]
MAR06500	[np.float64(9.858754595081572e-05)]
MAR06477	[0.006361782362284913]
MAR06478	[0.006361782362284913]
MAR06479	[0.006361782362284913]
MAR06482	[np.float64(9.858754595081572e-05)]
MAR06484	[3.728206335263105e-05]
MAR06486	[3.728206335263105e-05]
MAR06488	[np.float64(9.858754595081572e-05)]
MAR06490	[0.00762995585464111]
MAR06492	[np.float64(9.858754595081572e-05)]
MAR06495	[0.00762995585464111]
MAR06496	[np.float64(9.858754595081572e-05)]
MAR06501	[np.float64(9.858754595081572e-05)]
MAR06992	[np.float64(9.858754595081572e-05)]
MAR06993	[np.float64(9.858754595081572e-05)]
MAR06994	[np.float64(9.858754595081572e-05)]
MAR06995	[3.728206335263105e-05]
MAR06996	[4.811018483726432e-05]
MAR06997	[np.float64(9.858754595081572e-05)]
MAR06998	[3.728206335263105e-05]
MAR06999	[np.float64(9.858754595081572e-05)]
MAR07000	[np.float64(9.858754595081572e-05)]
MAR07001	[np.float64(9.858754595081572e-05)]
MAR07002	[np.float64(9.858754595081572e-05)]
MAR07003	[3.728206335263105e-05]
MAR07004	[4.811018483726432e-05]
MAR07005	[np.float64(9.858754595081572e-05)]
MAR07006	[np.float64(9.858754595081572e-05)]
MAR07007	[np.float64(9.858754595081572e-05)]
MAR07008	[np.float64(9.858754595081572e-05)]
MAR07009	[np.float64(9.858754595081572e-05)]
MAR07010	[np.float64(9.858754595081572e-05)]
MAR07011	[np.float64(9.858754595081572e-05)]
MAR07012	[np.float64(9.858754595081572e-05)]
MAR07013	[3.728206335263105e-05]
MAR07014	[4.811018483726432e-05]
MAR07015	[np.float64(9.858754595081572e-05)]
MAR07016	[np.float64(9.858754595081572e-05)]
MAR07017	[np.float64(9.858754595081572e-05)]
MAR07018	[0.006361782362284913]
MAR07019	[np.float64(9.858754595081572e-05)]
MAR07020	[0.006361782362284913]
MAR07021	[np.float64(9.858754595081572e-05)]
MAR07022	[3.728206335263105e-05]
MAR07023	[4.811018483726432e-05]
MAR07024	[np.float64(9.858754595081572e-05)]
MAR07025	[np.float64(9.858754595081572e-05)]
MAR07026	[np.float64(9.858754595081572e-05)]
MAR07027	[np.float64(9.858754595081572e-05)]
MAR07028	[np.float64(9.858754595081572e-05)]
MAR07029	[3.728206335263105e-05]
MAR07030	[np.float64(9.858754595081572e-05)]
MAR07031	[np.float64(9.858754595081572e-05)]
MAR07032	[np.float64(9.858754595081572e-05)]
MAR07033	[np.float64(9.858754595081572e-05)]
MAR07034	[np.float64(9.858754595081572e-05)]
MAR07035	[np.float64(9.858754595081572e-05)]
MAR07036	[np.float64(9.858754595081572e-05)]
MAR07037	[np.float64(9.858754595081572e-05)]
MAR07038	[3.728206335263105e-05]
MAR07039	[0.00762995585464111]
MAR07040	[np.float64(9.858754595081572e-05)]
MAR07041	[3.728206335263105e-05]
MAR07042	[4.811018483726432e-05]
MAR07043	[np.float64(9.858754595081572e-05)]
MAR07044	[0.006177830639118772]
MAR07045	[np.float64(9.858754595081572e-05)]
MAR07046	[np.float64(9.858754595081572e-05)]
MAR07047	[np.float64(9.858754595081572e-05)]
MAR07048	[np.float64(9.858754595081572e-05)]
MAR07049	[np.float64(9.858754595081572e-05)]
MAR07050	[3.728206335263105e-05]
MAR07051	[4.811018483726432e-05]
MAR07052	[np.float64(9.858754595081572e-05)]
MAR07053	[np.float64(9.858754595081572e-05)]
MAR07054	[np.float64(9.858754595081572e-05)]
MAR07055	[4.811018483726432e-05]
MAR07056	[np.float64(9.858754595081572e-05)]
MAR07057	[0.00762995585464111]
MAR07058	[4.811018483726432e-05]
MAR07059	[5.1849070780614454e-05]
MAR07060	[np.float64(9.858754595081572e-05)]
MAR07061	[0.005183721565527906]
MAR07062	[np.float64(9.858754595081572e-05)]
MAR07063	[0.00762995585464111]
MAR07064	[0.00762995585464111]
MAR07065	[0.00762995585464111]
MAR07066	[0.00762995585464111]
MAR07067	[np.float64(9.858754595081572e-05)]
MAR07068	[np.float64(9.858754595081572e-05)]
MAR07069	[np.float64(9.858754595081572e-05)]
MAR07070	[np.float64(9.858754595081572e-05)]
MAR07071	[np.float64(9.858754595081572e-05)]
MAR07072	[np.float64(9.858754595081572e-05)]
MAR07073	[np.float64(9.858754595081572e-05)]
MAR07074	[np.float64(9.858754595081572e-05)]
MAR07075	[np.float64(9.858754595081572e-05)]
MAR07076	[np.float64(9.858754595081572e-05)]
MAR07077	[np.float64(9.858754595081572e-05)]
MAR07078	[np.float64(9.858754595081572e-05)]
MAR07079	[3.728206335263105e-05]
MAR07080	[3.728206335263105e-05]
MAR07081	[4.811018483726432e-05]
MAR07082	[np.float64(9.858754595081572e-05)]
MAR07083	[3.728206335263105e-05]
MAR07084	[3.728206335263105e-05]
MAR07085	[np.float64(9.858754595081572e-05)]
MAR07086	[np.float64(9.858754595081572e-05)]
MAR07087	[np.float64(9.858754595081572e-05)]
MAR07088	[np.float64(9.858754595081572e-05)]
MAR07089	[3.728206335263105e-05]
MAR07090	[np.float64(9.858754595081572e-05)]
MAR07091	[np.float64(9.858754595081572e-05)]
MAR07092	[3.728206335263105e-05]
MAR07093	[3.728206335263105e-05]
MAR07094	[np.float64(9.858754595081572e-05)]
MAR07095	[np.float64(9.858754595081572e-05)]
MAR07096	[np.float64(9.858754595081572e-05)]
MAR07097	[3.728206335263105e-05]
MAR07098	[np.float64(9.858754595081572e-05)]
MAR07099	[0.006177830639118772]
MAR07100	[3.728206335263105e-05]
MAR07103	[3.728206335263105e-05]
MAR07104	[np.float64(9.858754595081572e-05)]
MAR07106	[np.float64(9.858754595081572e-05)]
MAR07688	[0.005665274266570246]
MAR08032	[0.00762995585464111]
MAR08034	[0.006177830639118772]
MAR08036	[0.00762995585464111]
MAR08037	[0.00762995585464111]
MAR08038	[0.00762995585464111]
MAR08040	[0.005183721565527906]
MAR08043	[0.00762995585464111]
MAR08046	[0.00762995585464111]
MAR08049	[0.00762995585464111]
MAR08052	[0.00762995585464111]
MAR08055	[0.00762995585464111]
MAR08059	[0.00762995585464111]
MAR08596	[0.00762995585464111]
MAR08598	[0.00762995585464111]
MAR08601	[0.00762995585464111]
MAR06535	[3.728206335263105e-05]
MAR06536	[3.728206335263105e-05]
MAR09569	[np.float64(9.858754595081572e-05)]
MAR03955	[0.004955827931859829]
MAR03984	[np.float64(9.858754595081572e-05)]
MAR04201	[3.728206335263105e-05]
MAR04202	[3.728206335263105e-05]
MAR05127	[np.float64(9.858754595081572e-05)]
MAR05128	[np.float64(9.858754595081572e-05)]
MAR05363	[np.float64(9.858754595081572e-05)]
MAR07794	[np.float64(9.858754595081572e-05)]
MAR08617	[np.float64(9.858754595081572e-05)]
MAR08752	[3.728206335263105e-05]
MAR07741	[np.float64(9.858754595081572e-05)]
MAR09464	[np.float64(9.858754595081572e-05)]
MAR09465	[0.00762995585464111]
MAR09466	[np.float64(9.858754595081572e-05)]
MAR09467	[np.float64(9.858754595081572e-05)]
MAR09468	[np.float64(9.858754595081572e-05)]
MAR09469	[np.float64(9.858754595081572e-05)]
MAR09470	[np.float64(9.858754595081572e-05)]
MAR09471	[np.float64(9.858754595081572e-05)]
MAR09472	[np.float64(9.858754595081572e-05)]
MAR09473	[np.float64(9.858754595081572e-05)]
MAR09474	[8.220956365154548e-05]
MAR09475	[0.006361782362284913]
MAR09476	[np.float64(9.858754595081572e-05)]
MAR09477	[0.005312458535612697]
MAR09478	[0.00762995585464111]
MAR09479	[0.00762995585464111]
MAR09480	[0.00762995585464111]
MAR09481	[0.00762995585464111]
MAR09482	[np.float64(9.858754595081572e-05)]
MAR09483	[0.00762995585464111]
MAR09484	[np.float64(9.858754595081572e-05)]
MAR09485	[np.float64(9.858754595081572e-05)]
MAR09487	[np.float64(9.858754595081572e-05)]
MAR09488	[3.728206335263105e-05]
MAR09489	[np.float64(9.858754595081572e-05)]
MAR09490	[4.4766377519551676e-05]
MAR09491	[3.728206335263105e-05]
MAR09492	[3.728206335263105e-05]
MAR09493	[np.float64(9.858754595081572e-05)]
MAR09494	[np.float64(9.858754595081572e-05)]
MAR09495	[np.float64(9.858754595081572e-05)]
MAR09496	[4.7927288833991355e-05]
MAR09497	[0.00762995585464111]
MAR09498	[np.float64(9.858754595081572e-05)]
MAR09499	[np.float64(9.858754595081572e-05)]
MAR09500	[3.818211092224567e-05]
MAR09501	[np.float64(9.858754595081572e-05)]
MAR09502	[np.float64(9.858754595081572e-05)]
MAR09503	[0.006361782362284913]
MAR09504	[np.float64(9.858754595081572e-05)]
MAR09505	[np.float64(9.858754595081572e-05)]
MAR09506	[np.float64(9.858754595081572e-05)]
MAR09507	[np.float64(9.858754595081572e-05)]
MAR09508	[np.float64(9.858754595081572e-05)]
MAR09509	[np.float64(9.858754595081572e-05)]
MAR09510	[np.float64(9.858754595081572e-05)]
MAR09511	[np.float64(9.858754595081572e-05)]
MAR09512	[np.float64(9.858754595081572e-05)]
MAR09513	[3.728206335263105e-05]
MAR09514	[np.float64(9.858754595081572e-05)]
MAR09515	[np.float64(9.858754595081572e-05)]
MAR09516	[np.float64(9.858754595081572e-05)]
MAR09517	[np.float64(9.858754595081572e-05)]
MAR09518	[np.float64(9.858754595081572e-05)]
MAR09519	[np.float64(9.858754595081572e-05)]
MAR09520	[np.float64(9.858754595081572e-05)]
MAR09521	[np.float64(9.858754595081572e-05)]
MAR09522	[np.float64(9.858754595081572e-05)]
MAR09523	[np.float64(9.858754595081572e-05)]
MAR09524	[np.float64(9.858754595081572e-05)]
MAR09525	[0.006361782362284913]
MAR09527	[np.float64(9.858754595081572e-05)]
MAR09528	[np.float64(9.858754595081572e-05)]
MAR09529	[0.005183721565527906]
MAR09530	[np.float64(9.858754595081572e-05)]
MAR09531	[np.float64(9.858754595081572e-05)]
MAR09532	[np.float64(9.858754595081572e-05)]
MAR09534	[0.00762995585464111]
MAR09535	[np.float64(9.858754595081572e-05)]
MAR09536	[np.float64(9.858754595081572e-05)]
MAR09537	[np.float64(9.858754595081572e-05)]
MAR09538	[3.728206335263105e-05]
MAR09539	[np.float64(9.858754595081572e-05)]
MAR09540	[0.005183721565527906]
MAR09541	[np.float64(9.858754595081572e-05)]
MAR09542	[7.465022698960405e-05]
MAR09543	[np.float64(9.858754595081572e-05)]
MAR09544	[np.float64(9.858754595081572e-05)]
MAR09545	[3.728206335263105e-05]
MAR09546	[np.float64(9.858754595081572e-05)]
MAR09547	[np.float64(9.858754595081572e-05)]
MAR09548	[np.float64(9.858754595081572e-05)]
MAR09549	[np.float64(9.858754595081572e-05)]
MAR09550	[np.float64(9.858754595081572e-05)]
MAR09551	[np.float64(9.858754595081572e-05)]
MAR09552	[np.float64(9.858754595081572e-05)]
MAR09553	[3.728206335263105e-05]
MAR09801	[0.0049304602345515425]
MAR09807	[np.float64(9.858754595081572e-05)]
MAR09554	[0.00762995585464111]
MAR09555	[0.00762995585464111]
MAR09556	[np.float64(9.858754595081572e-05)]
MAR09557	[np.float64(9.858754595081572e-05)]
MAR09558	[np.float64(9.858754595081572e-05)]
MAR09559	[np.float64(9.858754595081572e-05)]
MAR09560	[np.float64(9.858754595081572e-05)]
MAR09561	[0.00762995585464111]
MAR09562	[np.float64(9.858754595081572e-05)]
MAR09563	[np.float64(9.858754595081572e-05)]
MAR09564	[np.float64(9.858754595081572e-05)]
MAR09565	[np.float64(9.858754595081572e-05)]
MAR09566	[np.float64(9.858754595081572e-05)]
MAR09567	[np.float64(9.858754595081572e-05)]
MAR09568	[np.float64(9.858754595081572e-05)]
MAR09570	[np.float64(9.858754595081572e-05)]
MAR09571	[np.float64(9.858754595081572e-05)]
MAR09572	[np.float64(9.858754595081572e-05)]
MAR09573	[0.00762995585464111]
MAR09574	[0.00762995585464111]
MAR09575	[np.float64(9.858754595081572e-05)]
MAR09580	[np.float64(9.858754595081572e-05)]
MAR09581	[0.004976056526263763]
MAR09582	[0.004779720285102033]
MAR09583	[0.004976056526263763]
MAR09584	[0.004779720285102033]
MAR09585	[np.float64(9.858754595081572e-05)]
MAR09586	[np.float64(9.858754595081572e-05)]
MAR09587	[np.float64(9.858754595081572e-05)]
MAR09588	[0.00762995585464111]
MAR09798	[np.float64(9.858754595081572e-05)]
MAR09806	[3.728206335263105e-05]
MAR00010	[3.8481735838703785e-05]
MAR00011	[np.float64(9.858754595081572e-05)]
MAR00012	[np.float64(9.858754595081572e-05)]
MAR00013	[0.00762995585464111]
MAR00014	[0.00762995585464111]
MAR00477	[np.float64(9.858754595081572e-05)]
MAR00545	[np.float64(9.858754595081572e-05)]
MAR00546	[np.float64(9.858754595081572e-05)]
MAR00547	[np.float64(9.858754595081572e-05)]
MAR00548	[np.float64(9.858754595081572e-05)]
MAR00549	[np.float64(9.858754595081572e-05)]
MAR00550	[np.float64(9.858754595081572e-05)]
MAR00551	[np.float64(9.858754595081572e-05)]
MAR00552	[np.float64(9.858754595081572e-05)]
MAR00553	[np.float64(9.858754595081572e-05)]
MAR00555	[np.float64(9.858754595081572e-05)]
MAR00556	[np.float64(9.858754595081572e-05)]
MAR00557	[np.float64(9.858754595081572e-05)]
MAR00558	[np.float64(9.858754595081572e-05)]
MAR00559	[np.float64(9.858754595081572e-05)]
MAR00560	[np.float64(9.858754595081572e-05)]
MAR00561	[np.float64(9.858754595081572e-05)]
MAR00685	[np.float64(9.858754595081572e-05)]
MAR00686	[np.float64(9.858754595081572e-05)]
MAR00687	[np.float64(9.858754595081572e-05)]
MAR00688	[np.float64(9.858754595081572e-05)]
MAR00689	[np.float64(9.858754595081572e-05)]
MAR00690	[np.float64(9.858754595081572e-05)]
MAR00691	[np.float64(9.858754595081572e-05)]
MAR00692	[np.float64(9.858754595081572e-05)]
MAR01185	[np.float64(9.858754595081572e-05)]
MAR01227	[np.float64(9.858754595081572e-05)]
MAR05233	[np.float64(9.858754595081572e-05)]
MAR05234	[np.float64(9.858754595081572e-05)]
MAR05238	[np.float64(9.858754595081572e-05)]
MAR05239	[np.float64(9.858754595081572e-05)]
MAR05243	[np.float64(9.858754595081572e-05)]
MAR05244	[np.float64(9.858754595081572e-05)]
MAR05247	[np.float64(9.858754595081572e-05)]
MAR05257	[np.float64(9.858754595081572e-05)]
MAR09022	[np.float64(9.858754595081572e-05)]
MAR00004	[np.float64(9.858754595081572e-05)]
MAR00006	[3.818211092224567e-05]
MAR00007	[0.00762995585464111]
MAR00008	[0.00762995585464111]
MAR00009	[np.float64(9.858754595081572e-05)]
MAR00015	[np.float64(9.858754595081572e-05)]
MAR00016	[np.float64(9.858754595081572e-05)]
MAR00017	[np.float64(9.858754595081572e-05)]
MAR00018	[0.00762995585464111]
MAR00019	[np.float64(9.858754595081572e-05)]
MAR00155	[np.float64(9.858754595081572e-05)]
MAR00164	[np.float64(9.858754595081572e-05)]
MAR00167	[np.float64(9.858754595081572e-05)]
MAR00170	[np.float64(9.858754595081572e-05)]
MAR00173	[np.float64(9.858754595081572e-05)]
MAR00176	[np.float64(9.858754595081572e-05)]
MAR00179	[np.float64(9.858754595081572e-05)]
MAR00183	[np.float64(9.858754595081572e-05)]
MAR00187	[np.float64(9.858754595081572e-05)]
MAR00190	[np.float64(9.858754595081572e-05)]
MAR00191	[np.float64(9.858754595081572e-05)]
MAR00194	[np.float64(9.858754595081572e-05)]
MAR00195	[np.float64(9.858754595081572e-05)]
MAR00198	[np.float64(9.858754595081572e-05)]
MAR00199	[np.float64(9.858754595081572e-05)]
MAR00202	[np.float64(9.858754595081572e-05)]
MAR00203	[np.float64(9.858754595081572e-05)]
MAR00207	[np.float64(9.858754595081572e-05)]
MAR00208	[np.float64(9.858754595081572e-05)]
MAR00211	[np.float64(9.858754595081572e-05)]
MAR00212	[np.float64(9.858754595081572e-05)]
MAR00215	[np.float64(9.858754595081572e-05)]
MAR00216	[np.float64(9.858754595081572e-05)]
MAR00224	[np.float64(9.858754595081572e-05)]
MAR00225	[np.float64(9.858754595081572e-05)]
MAR00231	[np.float64(9.858754595081572e-05)]
MAR00232	[np.float64(9.858754595081572e-05)]
MAR00235	[np.float64(9.858754595081572e-05)]
MAR00236	[np.float64(9.858754595081572e-05)]
MAR00239	[np.float64(9.858754595081572e-05)]
MAR00240	[np.float64(9.858754595081572e-05)]
MAR00243	[np.float64(9.858754595081572e-05)]
MAR00244	[np.float64(9.858754595081572e-05)]
MAR00247	[np.float64(9.858754595081572e-05)]
MAR00248	[np.float64(9.858754595081572e-05)]
MAR00253	[np.float64(9.858754595081572e-05)]
MAR00254	[np.float64(9.858754595081572e-05)]
MAR00257	[np.float64(9.858754595081572e-05)]
MAR00258	[np.float64(9.858754595081572e-05)]
MAR00261	[np.float64(9.858754595081572e-05)]
MAR00262	[np.float64(9.858754595081572e-05)]
MAR00265	[np.float64(9.858754595081572e-05)]
MAR00266	[np.float64(9.858754595081572e-05)]
MAR00269	[np.float64(9.858754595081572e-05)]
MAR00270	[np.float64(9.858754595081572e-05)]
MAR00273	[np.float64(9.858754595081572e-05)]
MAR00274	[np.float64(9.858754595081572e-05)]
MAR00277	[np.float64(9.858754595081572e-05)]
MAR00278	[np.float64(9.858754595081572e-05)]
MAR00281	[np.float64(9.858754595081572e-05)]
MAR00282	[np.float64(9.858754595081572e-05)]
MAR00287	[np.float64(9.858754595081572e-05)]
MAR00288	[np.float64(9.858754595081572e-05)]
MAR00291	[np.float64(9.858754595081572e-05)]
MAR00292	[np.float64(9.858754595081572e-05)]
MAR00295	[np.float64(9.858754595081572e-05)]
MAR00296	[np.float64(9.858754595081572e-05)]
MAR00299	[np.float64(9.858754595081572e-05)]
MAR00300	[np.float64(9.858754595081572e-05)]
MAR00303	[np.float64(9.858754595081572e-05)]
MAR00304	[np.float64(9.858754595081572e-05)]
MAR00307	[np.float64(9.858754595081572e-05)]
MAR00308	[np.float64(9.858754595081572e-05)]
MAR00311	[np.float64(9.858754595081572e-05)]
MAR00312	[np.float64(9.858754595081572e-05)]
MAR00317	[np.float64(9.858754595081572e-05)]
MAR00318	[np.float64(9.858754595081572e-05)]
MAR00321	[np.float64(9.858754595081572e-05)]
MAR00322	[np.float64(9.858754595081572e-05)]
MAR00325	[np.float64(9.858754595081572e-05)]
MAR00326	[np.float64(9.858754595081572e-05)]
MAR00329	[np.float64(9.858754595081572e-05)]
MAR00330	[np.float64(9.858754595081572e-05)]
MAR00335	[np.float64(9.858754595081572e-05)]
MAR00336	[np.float64(9.858754595081572e-05)]
MAR00339	[np.float64(9.858754595081572e-05)]
MAR00340	[np.float64(9.858754595081572e-05)]
MAR00343	[np.float64(9.858754595081572e-05)]
MAR00344	[np.float64(9.858754595081572e-05)]
MAR00347	[np.float64(9.858754595081572e-05)]
MAR00348	[np.float64(9.858754595081572e-05)]
MAR00351	[np.float64(9.858754595081572e-05)]
MAR00352	[np.float64(9.858754595081572e-05)]
MAR00355	[np.float64(9.858754595081572e-05)]
MAR00356	[np.float64(9.858754595081572e-05)]
MAR00359	[np.float64(9.858754595081572e-05)]
MAR00360	[np.float64(9.858754595081572e-05)]
MAR00363	[np.float64(9.858754595081572e-05)]
MAR00364	[np.float64(9.858754595081572e-05)]
MAR00367	[np.float64(9.858754595081572e-05)]
MAR00368	[np.float64(9.858754595081572e-05)]
MAR00371	[np.float64(9.858754595081572e-05)]
MAR00372	[np.float64(9.858754595081572e-05)]
MAR00375	[np.float64(9.858754595081572e-05)]
MAR00376	[np.float64(9.858754595081572e-05)]
MAR00379	[np.float64(9.858754595081572e-05)]
MAR00380	[np.float64(9.858754595081572e-05)]
MAR00383	[np.float64(9.858754595081572e-05)]
MAR00384	[np.float64(9.858754595081572e-05)]
MAR00387	[np.float64(9.858754595081572e-05)]
MAR00388	[np.float64(9.858754595081572e-05)]
MAR00391	[np.float64(9.858754595081572e-05)]
MAR00392	[np.float64(9.858754595081572e-05)]
MAR00395	[np.float64(9.858754595081572e-05)]
MAR00396	[np.float64(9.858754595081572e-05)]
MAR00399	[np.float64(9.858754595081572e-05)]
MAR00400	[np.float64(9.858754595081572e-05)]
MAR00403	[np.float64(9.858754595081572e-05)]
MAR00404	[np.float64(9.858754595081572e-05)]
MAR00407	[np.float64(9.858754595081572e-05)]
MAR00408	[np.float64(9.858754595081572e-05)]
MAR00411	[np.float64(9.858754595081572e-05)]
MAR00412	[np.float64(9.858754595081572e-05)]
MAR00415	[np.float64(9.858754595081572e-05)]
MAR00416	[np.float64(9.858754595081572e-05)]
MAR00419	[np.float64(9.858754595081572e-05)]
MAR00420	[np.float64(9.858754595081572e-05)]
MAR00423	[np.float64(9.858754595081572e-05)]
MAR00424	[np.float64(9.858754595081572e-05)]
MAR00427	[np.float64(9.858754595081572e-05)]
MAR00428	[np.float64(9.858754595081572e-05)]
MAR00431	[np.float64(9.858754595081572e-05)]
MAR00432	[np.float64(9.858754595081572e-05)]
MAR00435	[np.float64(9.858754595081572e-05)]
MAR00436	[np.float64(9.858754595081572e-05)]
MAR00439	[np.float64(9.858754595081572e-05)]
MAR00440	[np.float64(9.858754595081572e-05)]
MAR00444	[np.float64(9.858754595081572e-05)]
MAR00469	[np.float64(9.858754595081572e-05)]
MAR00470	[0.006177830639118772]
MAR00476	[np.float64(9.858754595081572e-05)]
MAR00770	[5.777711090937276e-05]
MAR00782	[np.float64(9.858754595081572e-05)]
MAR01082	[np.float64(9.858754595081572e-05)]
MAR01086	[0.00762995585464111]
MAR01898	[0.006636517029453973]
MAR01899	[0.006636517029453973]
MAR01900	[0.006636517029453973]
MAR01901	[0.006636517029453973]
MAR01902	[0.006636517029453973]
MAR01903	[0.006636517029453973]
MAR01904	[0.006636517029453973]
MAR01905	[0.006636517029453973]
MAR01906	[0.006636517029453973]
MAR01907	[0.006636517029453973]
MAR01908	[0.006636517029453973]
MAR01909	[0.006636517029453973]
MAR01910	[np.float64(9.858754595081572e-05)]
MAR01911	[np.float64(9.858754595081572e-05)]
MAR01913	[np.float64(9.858754595081572e-05)]
MAR01914	[np.float64(9.858754595081572e-05)]
MAR01919	[0.005665274266570246]
MAR02013	[np.float64(9.858754595081572e-05)]
MAR03858	[3.8226708109696967e-05]
MAR03916	[np.float64(9.858754595081572e-05)]
MAR03951	[np.float64(9.858754595081572e-05)]
MAR03959	[np.float64(9.858754595081572e-05)]
MAR03964	[np.float64(9.858754595081572e-05)]
MAR04062	[np.float64(9.858754595081572e-05)]
MAR04063	[np.float64(9.858754595081572e-05)]
MAR04249	[np.float64(9.858754595081572e-05)]
MAR04321	[np.float64(9.858754595081572e-05)]
MAR04432	[np.float64(9.858754595081572e-05)]
MAR04433	[0.00762995585464111]
MAR04434	[0.00762995585464111]
MAR04435	[0.00762995585464111]
MAR04436	[0.00762995585464111]
MAR04691	[0.0062946839618430285]
MAR04721	[np.float64(9.858754595081572e-05)]
MAR04844	[5.833584168831528e-05]
MAR04845	[0.004647345763338031]
MAR04847	[np.float64(9.858754595081572e-05)]
MAR04848	[np.float64(9.858754595081572e-05)]
MAR04849	[0.00762995585464111]
MAR04858	[np.float64(9.858754595081572e-05)]
MAR04861	[0.004955827931859829]
MAR04873	[0.00762995585464111]
MAR04875	[np.float64(9.858754595081572e-05)]
MAR04882	[np.float64(9.858754595081572e-05)]
MAR04885	[np.float64(9.858754595081572e-05)]
MAR04896	[np.float64(9.858754595081572e-05)]
MAR04910	[np.float64(9.858754595081572e-05)]
MAR04912	[np.float64(9.858754595081572e-05)]
MAR04919	[np.float64(9.858754595081572e-05)]
MAR04928	[3.8226708109696967e-05]
MAR04931	[3.728206335263105e-05]
MAR04932	[np.float64(9.858754595081572e-05)]
MAR04933	[np.float64(9.858754595081572e-05)]
MAR04934	[np.float64(9.858754595081572e-05)]
MAR04935	[3.8226708109696967e-05]
MAR04938	[0.00459697388961915]
MAR04939	[0.00762995585464111]
MAR04946	[np.float64(9.858754595081572e-05)]
MAR04947	[np.float64(9.858754595081572e-05)]
MAR04948	[np.float64(9.858754595081572e-05)]
MAR04949	[0.00762995585464111]
MAR04952	[np.float64(9.858754595081572e-05)]
MAR04954	[4.4766377519551676e-05]
MAR04956	[np.float64(9.858754595081572e-05)]
MAR04958	[np.float64(9.858754595081572e-05)]
MAR04969	[np.float64(9.858754595081572e-05)]
MAR04973	[np.float64(9.858754595081572e-05)]
MAR04975	[0.00762995585464111]
MAR04976	[3.8226708109696967e-05]
MAR04980	[np.float64(9.858754595081572e-05)]
MAR04982	[np.float64(9.858754595081572e-05)]
MAR04983	[0.00762995585464111]
MAR04985	[np.float64(9.858754595081572e-05)]
MAR04989	[np.float64(9.858754595081572e-05)]
MAR04990	[np.float64(9.858754595081572e-05)]
MAR04992	[7.173573999643887e-05]
MAR04993	[np.float64(9.858754595081572e-05)]
MAR04994	[0.004976056526263763]
MAR04995	[np.float64(9.858754595081572e-05)]
MAR04996	[np.float64(9.858754595081572e-05)]
MAR04999	[0.004976056526263763]
MAR05000	[np.float64(9.858754595081572e-05)]
MAR05002	[np.float64(9.858754595081572e-05)]
MAR05003	[np.float64(9.858754595081572e-05)]
MAR05005	[0.007271084828788085]
MAR05007	[np.float64(9.858754595081572e-05)]
MAR05008	[np.float64(9.858754595081572e-05)]
MAR05009	[np.float64(9.858754595081572e-05)]
MAR05010	[np.float64(9.858754595081572e-05)]
MAR05011	[np.float64(9.858754595081572e-05)]
MAR05013	[0.004976056526263763]
MAR05018	[3.8226708109696967e-05]
MAR05020	[np.float64(9.858754595081572e-05)]
MAR05021	[np.float64(9.858754595081572e-05)]
MAR05023	[0.00762995585464111]
MAR05029	[np.float64(9.858754595081572e-05)]
MAR05032	[np.float64(9.858754595081572e-05)]
MAR05034	[np.float64(9.858754595081572e-05)]
MAR05035	[np.float64(9.858754595081572e-05)]
MAR05037	[np.float64(9.858754595081572e-05)]
MAR05038	[0.00762995585464111]
MAR05039	[0.00762995585464111]
MAR05040	[0.00762995585464111]
MAR05041	[0.00762995585464111]
MAR05042	[np.float64(9.858754595081572e-05)]
MAR05068	[np.float64(9.858754595081572e-05)]
MAR05070	[3.728206335263105e-05]
MAR05071	[np.float64(9.858754595081572e-05)]
MAR05073	[3.728206335263105e-05]
MAR05074	[3.728206335263105e-05]
MAR05076	[3.728206335263105e-05]
MAR05077	[3.728206335263105e-05]
MAR05078	[3.728206335263105e-05]
MAR05079	[3.728206335263105e-05]
MAR05080	[3.728206335263105e-05]
MAR05082	[3.728206335263105e-05]
MAR05084	[3.728206335263105e-05]
MAR05085	[3.728206335263105e-05]
MAR05087	[3.891759217537176e-05]
MAR05088	[3.728206335263105e-05]
MAR05089	[3.728206335263105e-05]
MAR05091	[3.728206335263105e-05]
MAR05092	[3.728206335263105e-05]
MAR05094	[np.float64(9.858754595081572e-05)]
MAR05129	[0.004647345763338031]
MAR05198	[np.float64(9.858754595081572e-05)]
MAR05200	[np.float64(9.858754595081572e-05)]
MAR05202	[np.float64(9.858754595081572e-05)]
MAR05206	[np.float64(9.858754595081572e-05)]
MAR05213	[np.float64(9.858754595081572e-05)]
MAR05215	[np.float64(9.858754595081572e-05)]
MAR05216	[np.float64(9.858754595081572e-05)]
MAR05219	[np.float64(9.858754595081572e-05)]
MAR05221	[np.float64(9.858754595081572e-05)]
MAR05231	[np.float64(9.858754595081572e-05)]
MAR05232	[np.float64(9.858754595081572e-05)]
MAR05236	[np.float64(9.858754595081572e-05)]
MAR05237	[np.float64(9.858754595081572e-05)]
MAR05240	[np.float64(9.858754595081572e-05)]
MAR05241	[np.float64(9.858754595081572e-05)]
MAR05246	[np.float64(9.858754595081572e-05)]
MAR05296	[np.float64(9.858754595081572e-05)]
MAR05303	[np.float64(9.858754595081572e-05)]
MAR05305	[3.728206335263105e-05]
MAR05307	[0.0062946839618430285]
MAR05308	[3.728206335263105e-05]
MAR05311	[3.728206335263105e-05]
MAR05313	[0.0062946839618430285]
MAR05314	[np.float64(9.858754595081572e-05)]
MAR05315	[3.728206335263105e-05]
MAR05316	[np.float64(9.858754595081572e-05)]
MAR05317	[0.00762995585464111]
MAR05318	[0.00762995585464111]
MAR05319	[3.728206335263105e-05]
MAR05320	[3.728206335263105e-05]
MAR05322	[3.728206335263105e-05]
MAR05324	[3.728206335263105e-05]
MAR05326	[3.728206335263105e-05]
MAR05328	[np.float64(9.858754595081572e-05)]
MAR05330	[np.float64(9.858754595081572e-05)]
MAR05332	[0.005183721565527906]
MAR05333	[3.728206335263105e-05]
MAR05335	[0.006361782362284913]
MAR05429	[3.728206335263105e-05]
MAR05430	[7.814251217446359e-05]
MAR05432	[np.float64(9.858754595081572e-05)]
MAR05433	[np.float64(9.858754595081572e-05)]
MAR05435	[0.005665274266570246]
MAR05436	[0.005665274266570246]
MAR05437	[0.005665274266570246]
MAR05438	[0.005665274266570246]
MAR05439	[0.005665274266570246]
MAR05440	[np.float64(9.858754595081572e-05)]
MAR05441	[np.float64(9.858754595081572e-05)]
MAR05442	[np.float64(9.858754595081572e-05)]
MAR05443	[np.float64(9.858754595081572e-05)]
MAR05444	[np.float64(9.858754595081572e-05)]
MAR05445	[np.float64(9.858754595081572e-05)]
MAR05446	[np.float64(9.858754595081572e-05)]
MAR05447	[np.float64(9.858754595081572e-05)]
MAR05448	[np.float64(9.858754595081572e-05)]
MAR05450	[0.006138562454491075]
MAR05451	[np.float64(9.858754595081572e-05)]
MAR05454	[np.float64(9.858754595081572e-05)]
MAR05455	[np.float64(9.858754595081572e-05)]
MAR05457	[0.00762995585464111]
MAR05458	[3.728206335263105e-05]
MAR05459	[3.891759217537176e-05]
MAR05460	[3.728206335263105e-05]
MAR05461	[3.891759217537176e-05]
MAR05462	[3.891759217537176e-05]
MAR05463	[3.891759217537176e-05]
MAR05464	[3.891759217537176e-05]
MAR05465	[3.728206335263105e-05]
MAR05466	[3.891759217537176e-05]
MAR05467	[3.891759217537176e-05]
MAR05468	[3.891759217537176e-05]
MAR05469	[3.891759217537176e-05]
MAR05470	[3.728206335263105e-05]
MAR05471	[3.891759217537176e-05]
MAR05472	[3.891759217537176e-05]
MAR05473	[3.728206335263105e-05]
MAR05474	[3.891759217537176e-05]
MAR05475	[3.891759217537176e-05]
MAR05476	[3.891759217537176e-05]
MAR05477	[3.891759217537176e-05]
MAR05478	[3.891759217537176e-05]
MAR05479	[3.891759217537176e-05]
MAR05480	[3.891759217537176e-05]
MAR05481	[3.891759217537176e-05]
MAR05482	[3.891759217537176e-05]
MAR05483	[3.891759217537176e-05]
MAR05484	[3.891759217537176e-05]
MAR05485	[3.891759217537176e-05]
MAR05486	[3.891759217537176e-05]
MAR05487	[3.728206335263105e-05]
MAR05488	[3.891759217537176e-05]
MAR05489	[3.891759217537176e-05]
MAR05490	[3.891759217537176e-05]
MAR05491	[3.891759217537176e-05]
MAR05492	[3.728206335263105e-05]
MAR05493	[3.891759217537176e-05]
MAR05494	[3.891759217537176e-05]
MAR05495	[3.891759217537176e-05]
MAR05496	[3.891759217537176e-05]
MAR05497	[3.728206335263105e-05]
MAR05498	[3.891759217537176e-05]
MAR05499	[3.891759217537176e-05]
MAR05500	[3.891759217537176e-05]
MAR05501	[3.891759217537176e-05]
MAR05502	[3.891759217537176e-05]
MAR05503	[3.891759217537176e-05]
MAR05504	[3.891759217537176e-05]
MAR05505	[3.891759217537176e-05]
MAR05506	[3.891759217537176e-05]
MAR05507	[3.891759217537176e-05]
MAR05508	[3.891759217537176e-05]
MAR05509	[3.891759217537176e-05]
MAR05510	[3.891759217537176e-05]
MAR05511	[3.891759217537176e-05]
MAR05512	[3.891759217537176e-05]
MAR05513	[3.891759217537176e-05]
MAR05514	[3.891759217537176e-05]
MAR05515	[3.891759217537176e-05]
MAR05516	[3.728206335263105e-05]
MAR05517	[3.891759217537176e-05]
MAR05518	[3.891759217537176e-05]
MAR05519	[3.891759217537176e-05]
MAR05520	[3.891759217537176e-05]
MAR05521	[3.891759217537176e-05]
MAR05522	[3.891759217537176e-05]
MAR05523	[3.891759217537176e-05]
MAR05524	[3.891759217537176e-05]
MAR05525	[3.891759217537176e-05]
MAR05526	[3.891759217537176e-05]
MAR05527	[3.891759217537176e-05]
MAR05528	[3.891759217537176e-05]
MAR05529	[3.891759217537176e-05]
MAR05530	[3.891759217537176e-05]
MAR05531	[3.891759217537176e-05]
MAR05532	[3.891759217537176e-05]
MAR05533	[3.891759217537176e-05]
MAR05534	[3.891759217537176e-05]
MAR05535	[3.891759217537176e-05]
MAR05536	[3.891759217537176e-05]
MAR05537	[3.891759217537176e-05]
MAR05538	[3.891759217537176e-05]
MAR05539	[3.891759217537176e-05]
MAR05540	[3.891759217537176e-05]
MAR05541	[3.891759217537176e-05]
MAR05542	[3.891759217537176e-05]
MAR05543	[3.891759217537176e-05]
MAR05544	[3.891759217537176e-05]
MAR05545	[3.891759217537176e-05]
MAR05546	[3.891759217537176e-05]
MAR05547	[3.891759217537176e-05]
MAR05548	[3.891759217537176e-05]
MAR05549	[3.891759217537176e-05]
MAR05550	[0.006636517029453973]
MAR05551	[3.891759217537176e-05]
MAR05552	[3.891759217537176e-05]
MAR05553	[3.891759217537176e-05]
MAR05554	[3.891759217537176e-05]
MAR05555	[3.891759217537176e-05]
MAR05556	[3.891759217537176e-05]
MAR05557	[3.891759217537176e-05]
MAR05558	[3.891759217537176e-05]
MAR05559	[3.891759217537176e-05]
MAR05560	[3.891759217537176e-05]
MAR05561	[3.891759217537176e-05]
MAR05562	[3.891759217537176e-05]
MAR05563	[3.891759217537176e-05]
MAR05564	[3.891759217537176e-05]
MAR05565	[3.891759217537176e-05]
MAR05566	[3.891759217537176e-05]
MAR05567	[3.891759217537176e-05]
MAR05568	[3.891759217537176e-05]
MAR05569	[3.891759217537176e-05]
MAR05570	[3.891759217537176e-05]
MAR05571	[3.891759217537176e-05]
MAR05572	[3.891759217537176e-05]
MAR05573	[3.891759217537176e-05]
MAR05574	[3.891759217537176e-05]
MAR05575	[3.891759217537176e-05]
MAR05576	[3.891759217537176e-05]
MAR05577	[3.891759217537176e-05]
MAR05578	[3.728206335263105e-05]
MAR05579	[3.891759217537176e-05]
MAR05580	[3.891759217537176e-05]
MAR05581	[3.891759217537176e-05]
MAR05582	[3.891759217537176e-05]
MAR05583	[3.891759217537176e-05]
MAR05584	[3.891759217537176e-05]
MAR05585	[3.891759217537176e-05]
MAR05586	[3.891759217537176e-05]
MAR05587	[3.891759217537176e-05]
MAR05588	[3.891759217537176e-05]
MAR05589	[3.891759217537176e-05]
MAR05590	[3.891759217537176e-05]
MAR05591	[3.891759217537176e-05]
MAR05592	[3.891759217537176e-05]
MAR05593	[3.891759217537176e-05]
MAR05594	[3.891759217537176e-05]
MAR05595	[3.891759217537176e-05]
MAR05596	[3.891759217537176e-05]
MAR05597	[3.891759217537176e-05]
MAR05598	[3.891759217537176e-05]
MAR05599	[3.891759217537176e-05]
MAR05600	[3.891759217537176e-05]
MAR05601	[3.891759217537176e-05]
MAR05602	[3.891759217537176e-05]
MAR05603	[3.8737772927660174e-05]
MAR05604	[3.8737772927660174e-05]
MAR05605	[3.891759217537176e-05]
MAR05606	[3.891759217537176e-05]
MAR05607	[3.891759217537176e-05]
MAR05608	[3.891759217537176e-05]
MAR05609	[3.8737772927660174e-05]
MAR05610	[3.891759217537176e-05]
MAR05611	[3.891759217537176e-05]
MAR05612	[3.8737772927660174e-05]
MAR05613	[3.891759217537176e-05]
MAR05614	[3.8737772927660174e-05]
MAR05615	[3.891759217537176e-05]
MAR05616	[3.891759217537176e-05]
MAR05617	[3.891759217537176e-05]
MAR05618	[3.8737772927660174e-05]
MAR05619	[3.8737772927660174e-05]
MAR05620	[3.891759217537176e-05]
MAR05621	[3.891759217537176e-05]
MAR05622	[3.891759217537176e-05]
MAR05623	[3.891759217537176e-05]
MAR05624	[3.8737772927660174e-05]
MAR05625	[3.891759217537176e-05]
MAR05626	[3.891759217537176e-05]
MAR05627	[3.8737772927660174e-05]
MAR05628	[3.891759217537176e-05]
MAR05629	[3.8737772927660174e-05]
MAR05630	[3.891759217537176e-05]
MAR05631	[3.891759217537176e-05]
MAR05632	[3.891759217537176e-05]
MAR05633	[3.8737772927660174e-05]
MAR05634	[3.8737772927660174e-05]
MAR05635	[3.891759217537176e-05]
MAR05636	[3.891759217537176e-05]
MAR05637	[3.891759217537176e-05]
MAR05638	[3.891759217537176e-05]
MAR05639	[3.8737772927660174e-05]
MAR05640	[3.891759217537176e-05]
MAR05641	[3.891759217537176e-05]
MAR05642	[3.8737772927660174e-05]
MAR05643	[3.891759217537176e-05]
MAR05644	[3.8737772927660174e-05]
MAR05645	[3.891759217537176e-05]
MAR05646	[3.891759217537176e-05]
MAR05647	[3.891759217537176e-05]
MAR05648	[3.891759217537176e-05]
MAR05649	[3.891759217537176e-05]
MAR05650	[3.891759217537176e-05]
MAR05651	[3.891759217537176e-05]
MAR05652	[3.891759217537176e-05]
MAR05653	[3.891759217537176e-05]
MAR05654	[3.891759217537176e-05]
MAR05655	[3.891759217537176e-05]
MAR05656	[3.891759217537176e-05]
MAR05657	[3.891759217537176e-05]
MAR05658	[3.891759217537176e-05]
MAR05659	[3.891759217537176e-05]
MAR05660	[3.891759217537176e-05]
MAR05661	[3.891759217537176e-05]
MAR05662	[3.891759217537176e-05]
MAR05663	[3.891759217537176e-05]
MAR05664	[3.891759217537176e-05]
MAR05665	[3.891759217537176e-05]
MAR05666	[3.891759217537176e-05]
MAR05667	[3.891759217537176e-05]
MAR05668	[3.891759217537176e-05]
MAR05669	[3.891759217537176e-05]
MAR05670	[3.891759217537176e-05]
MAR05671	[3.891759217537176e-05]
MAR05672	[3.891759217537176e-05]
MAR05673	[3.891759217537176e-05]
MAR05674	[3.891759217537176e-05]
MAR05675	[3.891759217537176e-05]
MAR05676	[3.891759217537176e-05]
MAR05677	[np.float64(9.858754595081572e-05)]
MAR05678	[np.float64(9.858754595081572e-05)]
MAR05679	[np.float64(9.858754595081572e-05)]
MAR05680	[np.float64(9.858754595081572e-05)]
MAR05681	[np.float64(9.858754595081572e-05)]
MAR05682	[np.float64(9.858754595081572e-05)]
MAR05683	[np.float64(9.858754595081572e-05)]
MAR05684	[np.float64(9.858754595081572e-05)]
MAR05685	[np.float64(9.858754595081572e-05)]
MAR05686	[np.float64(9.858754595081572e-05)]
MAR05687	[np.float64(9.858754595081572e-05)]
MAR05688	[np.float64(9.858754595081572e-05)]
MAR05689	[np.float64(9.858754595081572e-05)]
MAR05690	[np.float64(9.858754595081572e-05)]
MAR05691	[np.float64(9.858754595081572e-05)]
MAR05692	[np.float64(9.858754595081572e-05)]
MAR05693	[np.float64(9.858754595081572e-05)]
MAR05694	[np.float64(9.858754595081572e-05)]
MAR05695	[np.float64(9.858754595081572e-05)]
MAR05696	[np.float64(9.858754595081572e-05)]
MAR05697	[np.float64(9.858754595081572e-05)]
MAR05698	[np.float64(9.858754595081572e-05)]
MAR05699	[np.float64(9.858754595081572e-05)]
MAR05700	[np.float64(9.858754595081572e-05)]
MAR05701	[np.float64(9.858754595081572e-05)]
MAR05702	[np.float64(9.858754595081572e-05)]
MAR05703	[np.float64(9.858754595081572e-05)]
MAR05704	[np.float64(9.858754595081572e-05)]
MAR05705	[np.float64(9.858754595081572e-05)]
MAR05706	[np.float64(9.858754595081572e-05)]
MAR05707	[np.float64(9.858754595081572e-05)]
MAR05708	[3.8737772927660174e-05]
MAR05709	[3.8737772927660174e-05]
MAR05710	[3.8737772927660174e-05]
MAR05711	[np.float64(9.858754595081572e-05)]
MAR05712	[np.float64(9.858754595081572e-05)]
MAR05713	[np.float64(9.858754595081572e-05)]
MAR05714	[np.float64(9.858754595081572e-05)]
MAR05715	[np.float64(9.858754595081572e-05)]
MAR05716	[np.float64(9.858754595081572e-05)]
MAR05717	[3.8737772927660174e-05]
MAR05718	[np.float64(9.858754595081572e-05)]
MAR05719	[3.8737772927660174e-05]
MAR05720	[np.float64(9.858754595081572e-05)]
MAR05721	[np.float64(9.858754595081572e-05)]
MAR05722	[np.float64(9.858754595081572e-05)]
MAR05723	[np.float64(9.858754595081572e-05)]
MAR05724	[np.float64(9.858754595081572e-05)]
MAR05725	[np.float64(9.858754595081572e-05)]
MAR05726	[np.float64(9.858754595081572e-05)]
MAR05727	[np.float64(9.858754595081572e-05)]
MAR05728	[np.float64(9.858754595081572e-05)]
MAR05729	[np.float64(9.858754595081572e-05)]
MAR05730	[np.float64(9.858754595081572e-05)]
MAR05731	[np.float64(9.858754595081572e-05)]
MAR05732	[np.float64(9.858754595081572e-05)]
MAR05733	[np.float64(9.858754595081572e-05)]
MAR05734	[np.float64(9.858754595081572e-05)]
MAR05735	[np.float64(9.858754595081572e-05)]
MAR05736	[np.float64(9.858754595081572e-05)]
MAR05737	[np.float64(9.858754595081572e-05)]
MAR05738	[np.float64(9.858754595081572e-05)]
MAR05739	[np.float64(9.858754595081572e-05)]
MAR05740	[np.float64(9.858754595081572e-05)]
MAR05741	[np.float64(9.858754595081572e-05)]
MAR05742	[np.float64(9.858754595081572e-05)]
MAR05743	[np.float64(9.858754595081572e-05)]
MAR05744	[np.float64(9.858754595081572e-05)]
MAR05745	[np.float64(9.858754595081572e-05)]
MAR05746	[np.float64(9.858754595081572e-05)]
MAR05747	[np.float64(9.858754595081572e-05)]
MAR05748	[np.float64(9.858754595081572e-05)]
MAR05749	[np.float64(9.858754595081572e-05)]
MAR05750	[np.float64(9.858754595081572e-05)]
MAR05751	[np.float64(9.858754595081572e-05)]
MAR05752	[np.float64(9.858754595081572e-05)]
MAR05753	[3.8737772927660174e-05]
MAR05754	[3.8737772927660174e-05]
MAR05755	[3.8737772927660174e-05]
MAR05756	[np.float64(9.858754595081572e-05)]
MAR05757	[np.float64(9.858754595081572e-05)]
MAR05758	[np.float64(9.858754595081572e-05)]
MAR05759	[np.float64(9.858754595081572e-05)]
MAR05760	[3.8737772927660174e-05]
MAR05761	[np.float64(9.858754595081572e-05)]
MAR05762	[np.float64(9.858754595081572e-05)]
MAR05763	[np.float64(9.858754595081572e-05)]
MAR05764	[3.8737772927660174e-05]
MAR05765	[np.float64(9.858754595081572e-05)]
MAR05766	[np.float64(9.858754595081572e-05)]
MAR05767	[np.float64(9.858754595081572e-05)]
MAR05768	[np.float64(9.858754595081572e-05)]
MAR05769	[np.float64(9.858754595081572e-05)]
MAR05770	[np.float64(9.858754595081572e-05)]
MAR05771	[np.float64(9.858754595081572e-05)]
MAR05772	[np.float64(9.858754595081572e-05)]
MAR05773	[np.float64(9.858754595081572e-05)]
MAR05774	[np.float64(9.858754595081572e-05)]
MAR05775	[np.float64(9.858754595081572e-05)]
MAR05776	[np.float64(9.858754595081572e-05)]
MAR05777	[np.float64(9.858754595081572e-05)]
MAR05778	[np.float64(9.858754595081572e-05)]
MAR05779	[np.float64(9.858754595081572e-05)]
MAR05780	[np.float64(9.858754595081572e-05)]
MAR05781	[np.float64(9.858754595081572e-05)]
MAR05782	[np.float64(9.858754595081572e-05)]
MAR05783	[3.8737772927660174e-05]
MAR05784	[3.8737772927660174e-05]
MAR05785	[3.8737772927660174e-05]
MAR05786	[np.float64(9.858754595081572e-05)]
MAR05787	[np.float64(9.858754595081572e-05)]
MAR05788	[np.float64(9.858754595081572e-05)]
MAR05789	[np.float64(9.858754595081572e-05)]
MAR05790	[3.8737772927660174e-05]
MAR05791	[np.float64(9.858754595081572e-05)]
MAR05792	[np.float64(9.858754595081572e-05)]
MAR05793	[3.8737772927660174e-05]
MAR05794	[np.float64(9.858754595081572e-05)]
MAR05795	[np.float64(9.858754595081572e-05)]
MAR05796	[np.float64(9.858754595081572e-05)]
MAR05797	[np.float64(9.858754595081572e-05)]
MAR05798	[np.float64(9.858754595081572e-05)]
MAR05799	[np.float64(9.858754595081572e-05)]
MAR05800	[np.float64(9.858754595081572e-05)]
MAR05801	[np.float64(9.858754595081572e-05)]
MAR05802	[np.float64(9.858754595081572e-05)]
MAR05803	[np.float64(9.858754595081572e-05)]
MAR05804	[np.float64(9.858754595081572e-05)]
MAR05805	[np.float64(9.858754595081572e-05)]
MAR05806	[np.float64(9.858754595081572e-05)]
MAR05807	[np.float64(9.858754595081572e-05)]
MAR05808	[np.float64(9.858754595081572e-05)]
MAR05809	[np.float64(9.858754595081572e-05)]
MAR05810	[np.float64(9.858754595081572e-05)]
MAR05811	[np.float64(9.858754595081572e-05)]
MAR05812	[np.float64(9.858754595081572e-05)]
MAR05813	[np.float64(9.858754595081572e-05)]
MAR05814	[np.float64(9.858754595081572e-05)]
MAR05815	[np.float64(9.858754595081572e-05)]
MAR05816	[np.float64(9.858754595081572e-05)]
MAR05817	[np.float64(9.858754595081572e-05)]
MAR05818	[np.float64(9.858754595081572e-05)]
MAR05819	[np.float64(9.858754595081572e-05)]
MAR05820	[np.float64(9.858754595081572e-05)]
MAR05821	[np.float64(9.858754595081572e-05)]
MAR05822	[np.float64(9.858754595081572e-05)]
MAR05823	[np.float64(9.858754595081572e-05)]
MAR05824	[np.float64(9.858754595081572e-05)]
MAR05825	[np.float64(9.858754595081572e-05)]
MAR05826	[np.float64(9.858754595081572e-05)]
MAR05827	[np.float64(9.858754595081572e-05)]
MAR05828	[np.float64(9.858754595081572e-05)]
MAR05829	[np.float64(9.858754595081572e-05)]
MAR05830	[np.float64(9.858754595081572e-05)]
MAR05831	[np.float64(9.858754595081572e-05)]
MAR05832	[np.float64(9.858754595081572e-05)]
MAR05833	[np.float64(9.858754595081572e-05)]
MAR05834	[np.float64(9.858754595081572e-05)]
MAR05835	[np.float64(9.858754595081572e-05)]
MAR05836	[np.float64(9.858754595081572e-05)]
MAR05837	[np.float64(9.858754595081572e-05)]
MAR05838	[np.float64(9.858754595081572e-05)]
MAR05839	[np.float64(9.858754595081572e-05)]
MAR05840	[np.float64(9.858754595081572e-05)]
MAR05841	[np.float64(9.858754595081572e-05)]
MAR05842	[np.float64(9.858754595081572e-05)]
MAR05843	[np.float64(9.858754595081572e-05)]
MAR05844	[np.float64(9.858754595081572e-05)]
MAR05845	[np.float64(9.858754595081572e-05)]
MAR05846	[np.float64(9.858754595081572e-05)]
MAR05847	[np.float64(9.858754595081572e-05)]
MAR05848	[np.float64(9.858754595081572e-05)]
MAR05849	[np.float64(9.858754595081572e-05)]
MAR05850	[np.float64(9.858754595081572e-05)]
MAR05851	[np.float64(9.858754595081572e-05)]
MAR05852	[np.float64(9.858754595081572e-05)]
MAR05853	[np.float64(9.858754595081572e-05)]
MAR05854	[np.float64(9.858754595081572e-05)]
MAR05855	[np.float64(9.858754595081572e-05)]
MAR05856	[np.float64(9.858754595081572e-05)]
MAR05857	[np.float64(9.858754595081572e-05)]
MAR05858	[np.float64(9.858754595081572e-05)]
MAR05859	[np.float64(9.858754595081572e-05)]
MAR05860	[np.float64(9.858754595081572e-05)]
MAR05861	[np.float64(9.858754595081572e-05)]
MAR05862	[np.float64(9.858754595081572e-05)]
MAR05863	[np.float64(9.858754595081572e-05)]
MAR05864	[np.float64(9.858754595081572e-05)]
MAR05865	[np.float64(9.858754595081572e-05)]
MAR05866	[np.float64(9.858754595081572e-05)]
MAR05867	[np.float64(9.858754595081572e-05)]
MAR05868	[np.float64(9.858754595081572e-05)]
MAR05869	[np.float64(9.858754595081572e-05)]
MAR05870	[np.float64(9.858754595081572e-05)]
MAR05871	[np.float64(9.858754595081572e-05)]
MAR05872	[np.float64(9.858754595081572e-05)]
MAR05873	[3.728206335263105e-05]
MAR05874	[np.float64(9.858754595081572e-05)]
MAR05875	[np.float64(9.858754595081572e-05)]
MAR05876	[np.float64(9.858754595081572e-05)]
MAR05877	[np.float64(9.858754595081572e-05)]
MAR05878	[np.float64(9.858754595081572e-05)]
MAR05879	[np.float64(9.858754595081572e-05)]
MAR05880	[np.float64(9.858754595081572e-05)]
MAR05881	[np.float64(9.858754595081572e-05)]
MAR05882	[np.float64(9.858754595081572e-05)]
MAR05883	[np.float64(9.858754595081572e-05)]
MAR05884	[np.float64(9.858754595081572e-05)]
MAR05885	[np.float64(9.858754595081572e-05)]
MAR05886	[np.float64(9.858754595081572e-05)]
MAR05887	[np.float64(9.858754595081572e-05)]
MAR05888	[np.float64(9.858754595081572e-05)]
MAR05889	[np.float64(9.858754595081572e-05)]
MAR05890	[np.float64(9.858754595081572e-05)]
MAR05891	[np.float64(9.858754595081572e-05)]
MAR05892	[np.float64(9.858754595081572e-05)]
MAR05893	[np.float64(9.858754595081572e-05)]
MAR05894	[np.float64(9.858754595081572e-05)]
MAR05895	[np.float64(9.858754595081572e-05)]
MAR05896	[np.float64(9.858754595081572e-05)]
MAR05897	[np.float64(9.858754595081572e-05)]
MAR05898	[np.float64(9.858754595081572e-05)]
MAR05899	[np.float64(9.858754595081572e-05)]
MAR05900	[np.float64(9.858754595081572e-05)]
MAR05901	[np.float64(9.858754595081572e-05)]
MAR05902	[np.float64(9.858754595081572e-05)]
MAR05903	[np.float64(9.858754595081572e-05)]
MAR05904	[np.float64(9.858754595081572e-05)]
MAR05905	[np.float64(9.858754595081572e-05)]
MAR05906	[np.float64(9.858754595081572e-05)]
MAR05907	[np.float64(9.858754595081572e-05)]
MAR05908	[np.float64(9.858754595081572e-05)]
MAR05909	[np.float64(9.858754595081572e-05)]
MAR05910	[np.float64(9.858754595081572e-05)]
MAR05911	[np.float64(9.858754595081572e-05)]
MAR05912	[np.float64(9.858754595081572e-05)]
MAR05913	[np.float64(9.858754595081572e-05)]
MAR05914	[np.float64(9.858754595081572e-05)]
MAR05915	[np.float64(9.858754595081572e-05)]
MAR05916	[np.float64(9.858754595081572e-05)]
MAR05917	[np.float64(9.858754595081572e-05)]
MAR05918	[np.float64(9.858754595081572e-05)]
MAR05919	[np.float64(9.858754595081572e-05)]
MAR05920	[np.float64(9.858754595081572e-05)]
MAR05921	[np.float64(9.858754595081572e-05)]
MAR05922	[np.float64(9.858754595081572e-05)]
MAR05923	[np.float64(9.858754595081572e-05)]
MAR05924	[np.float64(9.858754595081572e-05)]
MAR05925	[np.float64(9.858754595081572e-05)]
MAR05926	[np.float64(9.858754595081572e-05)]
MAR05927	[np.float64(9.858754595081572e-05)]
MAR05928	[np.float64(9.858754595081572e-05)]
MAR05929	[np.float64(9.858754595081572e-05)]
MAR05930	[np.float64(9.858754595081572e-05)]
MAR05931	[np.float64(9.858754595081572e-05)]
MAR05932	[np.float64(9.858754595081572e-05)]
MAR05933	[np.float64(9.858754595081572e-05)]
MAR05934	[np.float64(9.858754595081572e-05)]
MAR05935	[np.float64(9.858754595081572e-05)]
MAR05936	[np.float64(9.858754595081572e-05)]
MAR05937	[np.float64(9.858754595081572e-05)]
MAR05938	[np.float64(9.858754595081572e-05)]
MAR05939	[np.float64(9.858754595081572e-05)]
MAR05940	[np.float64(9.858754595081572e-05)]
MAR05941	[np.float64(9.858754595081572e-05)]
MAR05942	[np.float64(9.858754595081572e-05)]
MAR05943	[np.float64(9.858754595081572e-05)]
MAR05944	[np.float64(9.858754595081572e-05)]
MAR05945	[np.float64(9.858754595081572e-05)]
MAR05946	[np.float64(9.858754595081572e-05)]
MAR05947	[np.float64(9.858754595081572e-05)]
MAR05948	[np.float64(9.858754595081572e-05)]
MAR05949	[np.float64(9.858754595081572e-05)]
MAR05950	[np.float64(9.858754595081572e-05)]
MAR05951	[np.float64(9.858754595081572e-05)]
MAR05952	[np.float64(9.858754595081572e-05)]
MAR05953	[np.float64(9.858754595081572e-05)]
MAR05954	[np.float64(9.858754595081572e-05)]
MAR05955	[np.float64(9.858754595081572e-05)]
MAR05956	[np.float64(9.858754595081572e-05)]
MAR05957	[np.float64(9.858754595081572e-05)]
MAR05958	[np.float64(9.858754595081572e-05)]
MAR05959	[np.float64(9.858754595081572e-05)]
MAR05960	[np.float64(9.858754595081572e-05)]
MAR05961	[np.float64(9.858754595081572e-05)]
MAR05962	[np.float64(9.858754595081572e-05)]
MAR05963	[np.float64(9.858754595081572e-05)]
MAR05964	[np.float64(9.858754595081572e-05)]
MAR05965	[np.float64(9.858754595081572e-05)]
MAR05966	[np.float64(9.858754595081572e-05)]
MAR05967	[np.float64(9.858754595081572e-05)]
MAR05968	[np.float64(9.858754595081572e-05)]
MAR05969	[np.float64(9.858754595081572e-05)]
MAR05970	[np.float64(9.858754595081572e-05)]
MAR05971	[np.float64(9.858754595081572e-05)]
MAR05972	[np.float64(9.858754595081572e-05)]
MAR05973	[np.float64(9.858754595081572e-05)]
MAR05974	[np.float64(9.858754595081572e-05)]
MAR05975	[np.float64(9.858754595081572e-05)]
MAR05976	[np.float64(9.858754595081572e-05)]
MAR05977	[np.float64(9.858754595081572e-05)]
MAR05978	[np.float64(9.858754595081572e-05)]
MAR05979	[np.float64(9.858754595081572e-05)]
MAR05980	[np.float64(9.858754595081572e-05)]
MAR05981	[np.float64(9.858754595081572e-05)]
MAR05982	[np.float64(9.858754595081572e-05)]
MAR05983	[np.float64(9.858754595081572e-05)]
MAR05984	[np.float64(9.858754595081572e-05)]
MAR05985	[np.float64(9.858754595081572e-05)]
MAR05986	[np.float64(9.858754595081572e-05)]
MAR05987	[np.float64(9.858754595081572e-05)]
MAR05989	[3.728206335263105e-05]
MAR05990	[np.float64(9.858754595081572e-05)]
MAR05992	[0.00459697388961915]
MAR05993	[np.float64(9.858754595081572e-05)]
MAR05994	[0.00762995585464111]
MAR05995	[0.00762995585464111]
MAR05996	[np.float64(9.858754595081572e-05)]
MAR05997	[0.00762995585464111]
MAR05998	[3.8226708109696967e-05]
MAR06000	[3.8226708109696967e-05]
MAR06001	[3.8226708109696967e-05]
MAR06002	[3.8226708109696967e-05]
MAR06003	[3.8226708109696967e-05]
MAR06004	[3.8226708109696967e-05]
MAR06005	[3.8226708109696967e-05]
MAR06006	[3.8226708109696967e-05]
MAR06007	[3.8226708109696967e-05]
MAR06008	[3.8226708109696967e-05]
MAR06009	[3.8226708109696967e-05]
MAR06010	[3.8226708109696967e-05]
MAR06011	[3.8226708109696967e-05]
MAR06012	[3.8226708109696967e-05]
MAR06013	[3.8226708109696967e-05]
MAR06014	[3.8226708109696967e-05]
MAR06015	[3.8226708109696967e-05]
MAR06016	[3.8226708109696967e-05]
MAR06017	[3.8226708109696967e-05]
MAR06018	[3.8226708109696967e-05]
MAR06019	[3.8226708109696967e-05]
MAR06020	[3.8226708109696967e-05]
MAR06021	[3.8226708109696967e-05]
MAR06022	[3.8226708109696967e-05]
MAR06023	[3.8226708109696967e-05]
MAR06024	[3.8226708109696967e-05]
MAR06025	[3.8226708109696967e-05]
MAR06026	[3.8226708109696967e-05]
MAR06027	[3.8226708109696967e-05]
MAR06028	[3.8226708109696967e-05]
MAR06029	[3.8226708109696967e-05]
MAR06030	[3.8226708109696967e-05]
MAR06031	[3.8226708109696967e-05]
MAR06032	[3.8226708109696967e-05]
MAR06033	[3.8226708109696967e-05]
MAR06034	[3.8226708109696967e-05]
MAR06035	[3.8226708109696967e-05]
MAR06036	[3.8226708109696967e-05]
MAR06037	[3.8226708109696967e-05]
MAR06038	[3.8226708109696967e-05]
MAR06039	[3.8226708109696967e-05]
MAR06040	[3.8226708109696967e-05]
MAR06041	[3.8226708109696967e-05]
MAR06042	[3.8226708109696967e-05]
MAR06043	[3.8226708109696967e-05]
MAR06044	[3.8226708109696967e-05]
MAR06045	[3.8226708109696967e-05]
MAR06046	[3.8226708109696967e-05]
MAR06047	[3.8226708109696967e-05]
MAR06048	[3.8226708109696967e-05]
MAR06049	[3.8226708109696967e-05]
MAR06050	[3.8226708109696967e-05]
MAR06051	[3.8226708109696967e-05]
MAR06052	[3.8226708109696967e-05]
MAR06053	[3.8226708109696967e-05]
MAR06054	[3.8226708109696967e-05]
MAR06055	[4.188352170862891e-05]
MAR06056	[4.188352170862891e-05]
MAR06057	[0.00762995585464111]
MAR06058	[0.00762995585464111]
MAR06059	[np.float64(9.858754595081572e-05)]
MAR06060	[0.00762995585464111]
MAR06061	[0.00762995585464111]
MAR06062	[0.00762995585464111]
MAR06063	[0.00762995585464111]
MAR06064	[0.00762995585464111]
MAR06065	[0.00762995585464111]
MAR06066	[0.00762995585464111]
MAR06067	[0.00762995585464111]
MAR06068	[0.00762995585464111]
MAR06069	[0.00762995585464111]
MAR06070	[0.00762995585464111]
MAR06071	[0.00762995585464111]
MAR06072	[0.00762995585464111]
MAR06073	[0.00762995585464111]
MAR06074	[0.00762995585464111]
MAR06075	[0.00762995585464111]
MAR06076	[0.00762995585464111]
MAR06077	[0.00762995585464111]
MAR06078	[0.00762995585464111]
MAR06079	[0.00762995585464111]
MAR06080	[0.00762995585464111]
MAR06081	[0.00762995585464111]
MAR06082	[0.00762995585464111]
MAR06083	[0.00762995585464111]
MAR06084	[0.00762995585464111]
MAR06085	[0.00762995585464111]
MAR06086	[0.00762995585464111]
MAR06087	[0.00762995585464111]
MAR06088	[0.00762995585464111]
MAR06089	[0.00762995585464111]
MAR06090	[0.00762995585464111]
MAR06091	[0.00762995585464111]
MAR06092	[0.00762995585464111]
MAR06093	[0.00762995585464111]
MAR06094	[0.00762995585464111]
MAR06095	[0.00762995585464111]
MAR06096	[np.float64(9.858754595081572e-05)]
MAR06097	[0.00762995585464111]
MAR06098	[np.float64(9.858754595081572e-05)]
MAR06099	[0.00762995585464111]
MAR06100	[0.00762995585464111]
MAR06101	[np.float64(9.858754595081572e-05)]
MAR06102	[0.00762995585464111]
MAR06103	[0.00762995585464111]
MAR06104	[0.00762995585464111]
MAR06105	[0.00762995585464111]
MAR06106	[0.00762995585464111]
MAR06107	[0.00762995585464111]
MAR06108	[0.00762995585464111]
MAR06109	[0.00762995585464111]
MAR06110	[0.00762995585464111]
MAR06111	[0.00762995585464111]
MAR06112	[0.00762995585464111]
MAR06113	[0.00762995585464111]
MAR06114	[0.00762995585464111]
MAR06115	[0.00762995585464111]
MAR06116	[0.00762995585464111]
MAR06117	[0.00762995585464111]
MAR06118	[0.00762995585464111]
MAR06119	[0.00762995585464111]
MAR06120	[0.00762995585464111]
MAR06121	[0.00762995585464111]
MAR06122	[0.00762995585464111]
MAR06123	[0.00762995585464111]
MAR06124	[0.00762995585464111]
MAR06125	[0.00762995585464111]
MAR06126	[0.00762995585464111]
MAR06127	[0.00762995585464111]
MAR06128	[0.00762995585464111]
MAR06129	[np.float64(9.858754595081572e-05)]
MAR06130	[0.00762995585464111]
MAR06131	[0.00762995585464111]
MAR06132	[0.00762995585464111]
MAR06133	[0.00762995585464111]
MAR06134	[0.00762995585464111]
MAR06135	[0.00762995585464111]
MAR06136	[0.00762995585464111]
MAR06137	[0.00762995585464111]
MAR06138	[0.00762995585464111]
MAR06139	[0.00762995585464111]
MAR06140	[0.00762995585464111]
MAR06141	[0.00762995585464111]
MAR06145	[0.00762995585464111]
MAR06146	[0.00762995585464111]
MAR06147	[0.00762995585464111]
MAR06148	[0.00762995585464111]
MAR06149	[0.00762995585464111]
MAR06150	[0.00762995585464111]
MAR06151	[0.00762995585464111]
MAR06152	[0.00762995585464111]
MAR06153	[0.00762995585464111]
MAR06154	[0.00762995585464111]
MAR06155	[0.00762995585464111]
MAR06156	[0.00762995585464111]
MAR06157	[0.00762995585464111]
MAR06158	[0.00762995585464111]
MAR06159	[0.00762995585464111]
MAR06160	[0.00762995585464111]
MAR06161	[0.00762995585464111]
MAR06162	[0.00762995585464111]
MAR06163	[0.00762995585464111]
MAR06164	[0.00762995585464111]
MAR06165	[0.00762995585464111]
MAR06166	[0.00762995585464111]
MAR06167	[0.00762995585464111]
MAR06168	[0.00762995585464111]
MAR06169	[0.00762995585464111]
MAR06170	[0.00762995585464111]
MAR06171	[0.00762995585464111]
MAR06172	[0.00762995585464111]
MAR06173	[0.00762995585464111]
MAR06174	[0.00762995585464111]
MAR06175	[0.00762995585464111]
MAR06176	[0.00762995585464111]
MAR06177	[0.00762995585464111]
MAR06178	[0.00762995585464111]
MAR06179	[0.00762995585464111]
MAR06180	[0.00762995585464111]
MAR06181	[0.00762995585464111]
MAR06182	[0.00762995585464111]
MAR06183	[0.00762995585464111]
MAR06184	[0.00762995585464111]
MAR06185	[0.00762995585464111]
MAR06186	[0.00762995585464111]
MAR06187	[0.00762995585464111]
MAR06188	[0.00762995585464111]
MAR06189	[0.00762995585464111]
MAR06190	[0.00762995585464111]
MAR06191	[0.00762995585464111]
MAR06192	[0.00762995585464111]
MAR06193	[0.00762995585464111]
MAR06194	[0.00762995585464111]
MAR06195	[0.00762995585464111]
MAR06196	[0.00762995585464111]
MAR06197	[0.00762995585464111]
MAR06198	[0.00762995585464111]
MAR06199	[0.00762995585464111]
MAR06200	[0.00762995585464111]
MAR06201	[0.00762995585464111]
MAR06202	[0.00762995585464111]
MAR06203	[0.00762995585464111]
MAR06204	[0.00762995585464111]
MAR06205	[0.00762995585464111]
MAR06206	[0.00762995585464111]
MAR06207	[0.00762995585464111]
MAR06208	[0.00762995585464111]
MAR06209	[0.00762995585464111]
MAR06210	[0.00762995585464111]
MAR06211	[0.00762995585464111]
MAR06212	[0.00762995585464111]
MAR06213	[0.00762995585464111]
MAR06214	[0.00762995585464111]
MAR06215	[0.00762995585464111]
MAR06216	[0.00762995585464111]
MAR06217	[0.00762995585464111]
MAR06218	[0.006138562454491075]
MAR06219	[0.006138562454491075]
MAR06221	[0.006138562454491075]
MAR06222	[0.006138562454491075]
MAR06223	[0.006138562454491075]
MAR06224	[0.006138562454491075]
MAR06225	[0.006138562454491075]
MAR06226	[0.006138562454491075]
MAR06227	[0.006138562454491075]
MAR06228	[0.006138562454491075]
MAR06229	[0.006138562454491075]
MAR06230	[0.006138562454491075]
MAR06231	[0.006138562454491075]
MAR06232	[0.006138562454491075]
MAR06233	[0.006138562454491075]
MAR06234	[0.006138562454491075]
MAR06235	[0.006138562454491075]
MAR06236	[0.006138562454491075]
MAR06237	[0.006138562454491075]
MAR06238	[0.006138562454491075]
MAR06239	[0.006138562454491075]
MAR06240	[0.006138562454491075]
MAR06241	[np.float64(9.858754595081572e-05)]
MAR06242	[0.00762995585464111]
MAR06243	[np.float64(9.858754595081572e-05)]
MAR06244	[0.006616541921414123]
MAR06245	[0.004976056526263763]
MAR06246	[np.float64(9.858754595081572e-05)]
MAR06247	[0.004976056526263763]
MAR06248	[0.00762995585464111]
MAR06249	[0.0062946839618430285]
MAR06250	[0.00762995585464111]
MAR06251	[np.float64(9.858754595081572e-05)]
MAR06253	[0.00762995585464111]
MAR06254	[0.00762995585464111]
MAR06255	[0.00762995585464111]
MAR06256	[0.00762995585464111]
MAR06257	[np.float64(9.858754595081572e-05)]
MAR06258	[0.00762995585464111]
MAR06259	[0.00762995585464111]
MAR06260	[np.float64(9.858754595081572e-05)]
MAR06261	[0.00762995585464111]
MAR06262	[0.00762995585464111]
MAR06263	[0.00762995585464111]
MAR06264	[0.00762995585464111]
MAR06265	[0.00762995585464111]
MAR06266	[0.006138562454491075]
MAR06267	[0.00762995585464111]
MAR06268	[np.float64(9.858754595081572e-05)]
MAR06269	[np.float64(9.858754595081572e-05)]
MAR06270	[0.00762995585464111]
MAR06271	[0.00762995585464111]
MAR06272	[0.00762995585464111]
MAR06273	[0.00762995585464111]
MAR06274	[0.00762995585464111]
MAR06275	[np.float64(9.858754595081572e-05)]
MAR06351	[0.00762995585464111]
MAR06352	[0.004647345763338031]
MAR06353	[0.004647345763338031]
MAR06354	[0.004647345763338031]
MAR06355	[0.004647345763338031]
MAR06356	[0.004647345763338031]
MAR06357	[0.004647345763338031]
MAR06358	[0.004647345763338031]
MAR06359	[0.004647345763338031]
MAR06360	[0.004647345763338031]
MAR06361	[0.004647345763338031]
MAR06362	[0.004647345763338031]
MAR06363	[0.004647345763338031]
MAR06364	[0.004647345763338031]
MAR06365	[0.004647345763338031]
MAR06366	[np.float64(9.858754595081572e-05)]
MAR06367	[np.float64(9.858754595081572e-05)]
MAR06368	[np.float64(9.858754595081572e-05)]
MAR06369	[np.float64(9.858754595081572e-05)]
MAR06370	[np.float64(9.858754595081572e-05)]
MAR06371	[np.float64(9.858754595081572e-05)]
MAR06372	[np.float64(9.858754595081572e-05)]
MAR06373	[np.float64(9.858754595081572e-05)]
MAR06374	[np.float64(9.858754595081572e-05)]
MAR06375	[3.728206335263105e-05]
MAR06377	[3.8737772927660174e-05]
MAR06379	[np.float64(9.858754595081572e-05)]
MAR06380	[0.0062946839618430285]
MAR06381	[3.728206335263105e-05]
MAR06382	[3.728206335263105e-05]
MAR06383	[np.float64(9.858754595081572e-05)]
MAR06384	[3.728206335263105e-05]
MAR06392	[np.float64(9.858754595081572e-05)]
MAR06424	[np.float64(9.858754595081572e-05)]
MAR06439	[np.float64(9.858754595081572e-05)]
MAR06462	[np.float64(9.858754595081572e-05)]
MAR06474	[np.float64(9.858754595081572e-05)]
MAR06505	[np.float64(9.858754595081572e-05)]
MAR06512	[3.728206335263105e-05]
MAR06514	[np.float64(9.858754595081572e-05)]
MAR06516	[np.float64(9.858754595081572e-05)]
MAR06524	[0.00762995585464111]
MAR06525	[7.814251217446359e-05]
MAR06526	[np.float64(9.858754595081572e-05)]
MAR06527	[np.float64(9.858754595081572e-05)]
MAR06529	[0.006361782362284913]
MAR06530	[np.float64(9.858754595081572e-05)]
MAR06531	[np.float64(9.858754595081572e-05)]
MAR06532	[np.float64(9.858754595081572e-05)]
MAR06533	[np.float64(9.858754595081572e-05)]
MAR06534	[np.float64(9.858754595081572e-05)]
MAR06628	[0.006361782362284913]
MAR06732	[np.float64(9.858754595081572e-05)]
MAR06733	[0.00762995585464111]
MAR06989	[0.006361782362284913]
MAR06991	[np.float64(9.858754595081572e-05)]
MAR07109	[np.float64(9.858754595081572e-05)]
MAR07111	[np.float64(9.858754595081572e-05)]
MAR07113	[np.float64(9.858754595081572e-05)]
MAR07115	[np.float64(9.858754595081572e-05)]
MAR07117	[np.float64(9.858754595081572e-05)]
MAR07119	[np.float64(9.858754595081572e-05)]
MAR07121	[np.float64(9.858754595081572e-05)]
MAR07123	[np.float64(9.858754595081572e-05)]
MAR07125	[np.float64(9.858754595081572e-05)]
MAR07127	[np.float64(9.858754595081572e-05)]
MAR07173	[np.float64(9.858754595081572e-05)]
MAR07184	[np.float64(9.858754595081572e-05)]
MAR07223	[np.float64(9.858754595081572e-05)]
MAR07253	[np.float64(9.858754595081572e-05)]
MAR07372	[np.float64(9.858754595081572e-05)]
MAR07453	[np.float64(9.858754595081572e-05)]
MAR07482	[np.float64(9.858754595081572e-05)]
MAR07499	[np.float64(9.858754595081572e-05)]
MAR07511	[np.float64(9.858754595081572e-05)]
MAR07523	[np.float64(9.858754595081572e-05)]
MAR07539	[np.float64(9.858754595081572e-05)]
MAR07555	[np.float64(9.858754595081572e-05)]
MAR07568	[np.float64(9.858754595081572e-05)]
MAR07569	[np.float64(9.858754595081572e-05)]
MAR07579	[np.float64(9.858754595081572e-05)]
MAR07583	[np.float64(9.858754595081572e-05)]
MAR07608	[np.float64(9.858754595081572e-05)]
MAR07609	[np.float64(9.858754595081572e-05)]
MAR07629	[3.728206335263105e-05]
MAR07630	[np.float64(9.858754595081572e-05)]
MAR07631	[np.float64(9.858754595081572e-05)]
MAR07632	[np.float64(9.858754595081572e-05)]
MAR07633	[0.005938969176443775]
MAR07634	[0.005938969176443775]
MAR07635	[0.005938969176443775]
MAR07636	[0.005938969176443775]
MAR07637	[0.005938969176443775]
MAR07639	[np.float64(9.858754595081572e-05)]
MAR07643	[3.728206335263105e-05]
MAR07644	[3.728206335263105e-05]
MAR07645	[np.float64(9.858754595081572e-05)]
MAR07650	[np.float64(9.858754595081572e-05)]
MAR07651	[np.float64(9.858754595081572e-05)]
MAR07660	[np.float64(9.858754595081572e-05)]
MAR07666	[np.float64(9.858754595081572e-05)]
MAR07667	[np.float64(9.858754595081572e-05)]
MAR07679	[np.float64(9.858754595081572e-05)]
MAR07680	[0.007271084828788085]
MAR07681	[0.006636517029453973]
MAR07682	[np.float64(9.858754595081572e-05)]
MAR07683	[np.float64(9.858754595081572e-05)]
MAR07684	[np.float64(9.858754595081572e-05)]
MAR07685	[np.float64(9.858754595081572e-05)]
MAR07686	[np.float64(9.858754595081572e-05)]
MAR07687	[np.float64(9.858754595081572e-05)]
MAR07690	[np.float64(9.858754595081572e-05)]
MAR07691	[np.float64(9.858754595081572e-05)]
MAR07692	[np.float64(9.858754595081572e-05)]
MAR07699	[0.005183721565527906]
MAR07700	[0.00762995585464111]
MAR07734	[0.00762995585464111]
MAR07735	[np.float64(9.858754595081572e-05)]
MAR07736	[0.00762995585464111]
MAR07737	[0.00762995585464111]
MAR07738	[0.00762995585464111]
MAR07739	[0.00762995585464111]
MAR07774	[np.float64(9.858754595081572e-05)]
MAR07781	[np.float64(9.858754595081572e-05)]
MAR07787	[np.float64(9.858754595081572e-05)]
MAR07798	[np.float64(9.858754595081572e-05)]
MAR07896	[np.float64(9.858754595081572e-05)]
MAR07898	[np.float64(9.858754595081572e-05)]
MAR07900	[np.float64(9.858754595081572e-05)]
MAR07901	[np.float64(9.858754595081572e-05)]
MAR07902	[np.float64(9.858754595081572e-05)]
MAR07903	[np.float64(9.858754595081572e-05)]
MAR07904	[0.00762995585464111]
MAR07905	[0.00762995585464111]
MAR07906	[np.float64(9.858754595081572e-05)]
MAR07946	[0.005665274266570246]
MAR07951	[np.float64(9.858754595081572e-05)]
MAR07961	[np.float64(9.858754595081572e-05)]
MAR07964	[np.float64(9.858754595081572e-05)]
MAR07967	[np.float64(9.858754595081572e-05)]
MAR07975	[np.float64(9.858754595081572e-05)]
MAR07977	[np.float64(9.858754595081572e-05)]
MAR07979	[np.float64(9.858754595081572e-05)]
MAR07982	[np.float64(9.858754595081572e-05)]
MAR07986	[np.float64(9.858754595081572e-05)]
MAR07990	[np.float64(9.858754595081572e-05)]
MAR07994	[np.float64(9.858754595081572e-05)]
MAR07997	[np.float64(9.858754595081572e-05)]
MAR08002	[np.float64(9.858754595081572e-05)]
MAR08007	[np.float64(9.858754595081572e-05)]
MAR08010	[np.float64(9.858754595081572e-05)]
MAR08015	[np.float64(9.858754595081572e-05)]
MAR08023	[np.float64(9.858754595081572e-05)]
MAR08031	[0.006636517029453973]
MAR08033	[np.float64(9.858754595081572e-05)]
MAR08035	[np.float64(9.858754595081572e-05)]
MAR08039	[np.float64(9.858754595081572e-05)]
MAR08041	[np.float64(9.858754595081572e-05)]
MAR08042	[np.float64(9.858754595081572e-05)]
MAR08044	[np.float64(9.858754595081572e-05)]
MAR08045	[np.float64(9.858754595081572e-05)]
MAR08047	[np.float64(9.858754595081572e-05)]
MAR08048	[np.float64(9.858754595081572e-05)]
MAR08050	[np.float64(9.858754595081572e-05)]
MAR08051	[np.float64(9.858754595081572e-05)]
MAR08053	[np.float64(9.858754595081572e-05)]
MAR08054	[np.float64(9.858754595081572e-05)]
MAR08056	[np.float64(9.858754595081572e-05)]
MAR08057	[np.float64(9.858754595081572e-05)]
MAR08061	[np.float64(9.858754595081572e-05)]
MAR08073	[np.float64(9.858754595081572e-05)]
MAR08075	[3.8226708109696967e-05]
MAR08076	[np.float64(9.858754595081572e-05)]
MAR08077	[np.float64(9.858754595081572e-05)]
MAR08079	[np.float64(9.858754595081572e-05)]
MAR08080	[np.float64(9.858754595081572e-05)]
MAR08081	[0.00762995585464111]
MAR08090	[np.float64(9.858754595081572e-05)]
MAR08095	[np.float64(9.858754595081572e-05)]
MAR08100	[np.float64(9.858754595081572e-05)]
MAR08101	[np.float64(9.858754595081572e-05)]
MAR08103	[np.float64(9.858754595081572e-05)]
MAR08104	[np.float64(9.858754595081572e-05)]
MAR08154	[np.float64(9.858754595081572e-05)]
MAR08158	[np.float64(9.858754595081572e-05)]
MAR08161	[np.float64(9.858754595081572e-05)]
MAR08164	[np.float64(9.858754595081572e-05)]
MAR08214	[np.float64(9.858754595081572e-05)]
MAR08223	[np.float64(9.858754595081572e-05)]
MAR08225	[np.float64(9.858754595081572e-05)]
MAR08229	[np.float64(9.858754595081572e-05)]
MAR08231	[np.float64(9.858754595081572e-05)]
MAR08240	[np.float64(9.858754595081572e-05)]
MAR08247	[np.float64(9.858754595081572e-05)]
MAR08253	[np.float64(9.858754595081572e-05)]
MAR08266	[np.float64(9.858754595081572e-05)]
MAR08270	[np.float64(9.858754595081572e-05)]
MAR08273	[np.float64(9.858754595081572e-05)]
MAR08283	[np.float64(9.858754595081572e-05)]
MAR08290	[np.float64(9.858754595081572e-05)]
MAR08297	[np.float64(9.858754595081572e-05)]
MAR08300	[np.float64(9.858754595081572e-05)]
MAR08304	[np.float64(9.858754595081572e-05)]
MAR08311	[np.float64(9.858754595081572e-05)]
MAR08313	[np.float64(9.858754595081572e-05)]
MAR08315	[np.float64(9.858754595081572e-05)]
MAR08321	[np.float64(9.858754595081572e-05)]
MAR08324	[np.float64(9.858754595081572e-05)]
MAR08329	[np.float64(9.858754595081572e-05)]
MAR08336	[np.float64(9.858754595081572e-05)]
MAR08339	[np.float64(9.858754595081572e-05)]
MAR08340	[np.float64(9.858754595081572e-05)]
MAR08343	[np.float64(9.858754595081572e-05)]
MAR08354	[np.float64(9.858754595081572e-05)]
MAR08364	[3.8226708109696967e-05]
MAR08374	[np.float64(9.858754595081572e-05)]
MAR08408	[np.float64(9.858754595081572e-05)]
MAR08420	[np.float64(9.858754595081572e-05)]
MAR08429	[7.173573999643887e-05]
MAR08515	[0.00762995585464111]
MAR08520	[np.float64(9.858754595081572e-05)]
MAR08536	[np.float64(9.858754595081572e-05)]
MAR08551	[0.00762995585464111]
MAR08567	[np.float64(9.858754595081572e-05)]
MAR08586	[np.float64(9.858754595081572e-05)]
MAR08593	[np.float64(9.858754595081572e-05)]
MAR08595	[np.float64(9.858754595081572e-05)]
MAR08597	[np.float64(9.858754595081572e-05)]
MAR08599	[np.float64(9.858754595081572e-05)]
MAR08600	[np.float64(9.858754595081572e-05)]
MAR08602	[np.float64(9.858754595081572e-05)]
MAR08612	[np.float64(9.858754595081572e-05)]
MAR08618	[np.float64(9.858754595081572e-05)]
MAR08629	[np.float64(9.858754595081572e-05)]
MAR08631	[0.00762995585464111]
MAR08632	[0.00762995585464111]
MAR08633	[np.float64(9.858754595081572e-05)]
MAR08635	[0.00762995585464111]
MAR08636	[np.float64(9.858754595081572e-05)]
MAR08656	[np.float64(9.858754595081572e-05)]
MAR08658	[np.float64(9.858754595081572e-05)]
MAR08659	[0.00762995585464111]
MAR08660	[0.005665274266570246]
MAR08670	[np.float64(9.858754595081572e-05)]
MAR08671	[0.006361782362284913]
MAR08676	[np.float64(9.858754595081572e-05)]
MAR08677	[np.float64(9.858754595081572e-05)]
MAR08678	[np.float64(9.858754595081572e-05)]
MAR08679	[np.float64(9.858754595081572e-05)]
MAR08686	[np.float64(9.858754595081572e-05)]
MAR08687	[np.float64(9.858754595081572e-05)]
MAR08696	[np.float64(9.858754595081572e-05)]
MAR08714	[np.float64(9.858754595081572e-05)]
MAR08718	[np.float64(9.858754595081572e-05)]
MAR08720	[np.float64(9.858754595081572e-05)]
MAR08721	[np.float64(9.858754595081572e-05)]
MAR08723	[np.float64(9.858754595081572e-05)]
MAR08730	[0.00762995585464111]
MAR08732	[0.00762995585464111]
MAR08733	[3.728206335263105e-05]
MAR08734	[3.728206335263105e-05]
MAR08735	[0.0062946839618430285]
MAR08736	[np.float64(9.858754595081572e-05)]
MAR08760	[np.float64(9.858754595081572e-05)]
MAR08797	[np.float64(9.858754595081572e-05)]
MAR08798	[np.float64(9.858754595081572e-05)]
MAR08846	[np.float64(9.858754595081572e-05)]
MAR08847	[0.00762995585464111]
MAR08849	[np.float64(9.858754595081572e-05)]
MAR08850	[np.float64(9.858754595081572e-05)]
MAR08852	[np.float64(9.858754595081572e-05)]
MAR08853	[0.00762995585464111]
MAR08854	[np.float64(9.858754595081572e-05)]
MAR08861	[0.00762995585464111]
MAR08863	[np.float64(9.858754595081572e-05)]
MAR08864	[np.float64(9.858754595081572e-05)]
MAR08865	[np.float64(9.858754595081572e-05)]
MAR08866	[np.float64(9.858754595081572e-05)]
MAR08867	[np.float64(9.858754595081572e-05)]
MAR08869	[np.float64(9.858754595081572e-05)]
MAR08870	[np.float64(9.858754595081572e-05)]
MAR08872	[0.00762995585464111]
MAR08873	[np.float64(9.858754595081572e-05)]
MAR08876	[0.00762995585464111]
MAR08877	[0.00762995585464111]
MAR08878	[np.float64(9.858754595081572e-05)]
MAR08879	[0.00762995585464111]
MAR08881	[np.float64(9.858754595081572e-05)]
MAR08883	[np.float64(9.858754595081572e-05)]
MAR08884	[0.00762995585464111]
MAR08889	[0.00762995585464111]
MAR08892	[0.006361782362284913]
MAR08893	[np.float64(9.858754595081572e-05)]
MAR08896	[np.float64(9.858754595081572e-05)]
MAR08898	[np.float64(9.858754595081572e-05)]
MAR08899	[np.float64(9.858754595081572e-05)]
MAR08901	[np.float64(9.858754595081572e-05)]
MAR08903	[np.float64(9.858754595081572e-05)]
MAR08905	[np.float64(9.858754595081572e-05)]
MAR08907	[np.float64(9.858754595081572e-05)]
MAR08911	[np.float64(9.858754595081572e-05)]
MAR08912	[np.float64(9.858754595081572e-05)]
MAR08913	[np.float64(9.858754595081572e-05)]
MAR08917	[np.float64(9.858754595081572e-05)]
MAR08922	[np.float64(9.858754595081572e-05)]
MAR08923	[np.float64(9.858754595081572e-05)]
MAR08924	[0.006361782362284913]
MAR08925	[7.814251217446359e-05]
MAR08927	[np.float64(9.858754595081572e-05)]
MAR08929	[np.float64(9.858754595081572e-05)]
MAR08930	[np.float64(9.858754595081572e-05)]
MAR08931	[np.float64(9.858754595081572e-05)]
MAR08932	[0.006138562454491075]
MAR08933	[0.006138562454491075]
MAR08934	[np.float64(9.858754595081572e-05)]
MAR08935	[np.float64(9.858754595081572e-05)]
MAR08936	[0.006138562454491075]
MAR08937	[np.float64(9.858754595081572e-05)]
MAR08938	[0.00762995585464111]
MAR08939	[np.float64(9.858754595081572e-05)]
MAR08940	[np.float64(9.858754595081572e-05)]
MAR08941	[np.float64(9.858754595081572e-05)]
MAR08942	[np.float64(9.858754595081572e-05)]
MAR08943	[np.float64(9.858754595081572e-05)]
MAR08944	[np.float64(9.858754595081572e-05)]
MAR08945	[np.float64(9.858754595081572e-05)]
MAR08946	[np.float64(9.858754595081572e-05)]
MAR08947	[np.float64(9.858754595081572e-05)]
MAR09173	[np.float64(9.858754595081572e-05)]
MAR09175	[np.float64(9.858754595081572e-05)]
MAR09176	[np.float64(9.858754595081572e-05)]
MAR09178	[np.float64(9.858754595081572e-05)]
MAR09180	[np.float64(9.858754595081572e-05)]
MAR09182	[np.float64(9.858754595081572e-05)]
MAR09183	[np.float64(9.858754595081572e-05)]
MAR09184	[np.float64(9.858754595081572e-05)]
MAR09185	[np.float64(9.858754595081572e-05)]
MAR09187	[np.float64(9.858754595081572e-05)]
MAR09188	[np.float64(9.858754595081572e-05)]
MAR09189	[np.float64(9.858754595081572e-05)]
MAR09190	[3.728206335263105e-05]
MAR09191	[3.728206335263105e-05]
MAR09192	[np.float64(9.858754595081572e-05)]
MAR09193	[0.006636517029453973]
MAR09195	[0.006636517029453973]
MAR09196	[np.float64(9.858754595081572e-05)]
MAR09197	[np.float64(9.858754595081572e-05)]
MAR09198	[0.005312458535612697]
MAR09590	[np.float64(9.858754595081572e-05)]
MAR09591	[np.float64(9.858754595081572e-05)]
MAR09592	[np.float64(9.858754595081572e-05)]
MAR09593	[np.float64(9.858754595081572e-05)]
MAR09594	[np.float64(9.858754595081572e-05)]
MAR09595	[np.float64(9.858754595081572e-05)]
MAR09596	[np.float64(9.858754595081572e-05)]
MAR09597	[np.float64(9.858754595081572e-05)]
MAR09598	[np.float64(9.858754595081572e-05)]
MAR09599	[np.float64(9.858754595081572e-05)]
MAR09600	[np.float64(9.858754595081572e-05)]
MAR09601	[np.float64(9.858754595081572e-05)]
MAR09602	[0.00762995585464111]
MAR09603	[0.00762995585464111]
MAR09604	[0.00762995585464111]
MAR09605	[0.0062946839618430285]
MAR09606	[0.0062946839618430285]
MAR09607	[np.float64(9.858754595081572e-05)]
MAR09608	[np.float64(9.858754595081572e-05)]
MAR09609	[np.float64(9.858754595081572e-05)]
MAR09610	[0.00762995585464111]
MAR09611	[0.004955827931859829]
MAR09612	[np.float64(9.858754595081572e-05)]
MAR09613	[0.0062946839618430285]
MAR09614	[0.00762995585464111]
MAR09615	[0.00762995585464111]
MAR09616	[np.float64(9.858754595081572e-05)]
MAR09617	[0.00762995585464111]
MAR09618	[0.004976056526263763]
MAR09619	[0.004779720285102033]
MAR09620	[0.00762995585464111]
MAR09621	[0.004647345763338031]
MAR09622	[0.00762995585464111]
MAR09623	[0.006636517029453973]
MAR09624	[0.006636517029453973]
MAR09635	[np.float64(9.858754595081572e-05)]
MAR09636	[np.float64(9.858754595081572e-05)]
MAR09637	[np.float64(9.858754595081572e-05)]
MAR09638	[np.float64(9.858754595081572e-05)]
MAR09639	[np.float64(9.858754595081572e-05)]
MAR09640	[np.float64(9.858754595081572e-05)]
MAR09641	[np.float64(9.858754595081572e-05)]
MAR09642	[np.float64(9.858754595081572e-05)]
MAR09643	[np.float64(9.858754595081572e-05)]
MAR09644	[np.float64(9.858754595081572e-05)]
MAR09645	[np.float64(9.858754595081572e-05)]
MAR09646	[np.float64(9.858754595081572e-05)]
MAR09647	[np.float64(9.858754595081572e-05)]
MAR09648	[np.float64(9.858754595081572e-05)]
MAR09649	[np.float64(9.858754595081572e-05)]
MAR09650	[np.float64(9.858754595081572e-05)]
MAR09651	[np.float64(9.858754595081572e-05)]
MAR09652	[np.float64(9.858754595081572e-05)]
MAR09653	[np.float64(9.858754595081572e-05)]
MAR09654	[np.float64(9.858754595081572e-05)]
MAR09655	[np.float64(9.858754595081572e-05)]
MAR09656	[np.float64(9.858754595081572e-05)]
MAR09657	[np.float64(9.858754595081572e-05)]
MAR09658	[np.float64(9.858754595081572e-05)]
MAR09659	[np.float64(9.858754595081572e-05)]
MAR09660	[np.float64(9.858754595081572e-05)]
MAR09661	[np.float64(9.858754595081572e-05)]
MAR09662	[np.float64(9.858754595081572e-05)]
MAR09663	[np.float64(9.858754595081572e-05)]
MAR09720	[np.float64(9.858754595081572e-05)]
MAR09728	[np.float64(9.858754595081572e-05)]
MAR09731	[np.float64(9.858754595081572e-05)]
MAR09737	[np.float64(9.858754595081572e-05)]
MAR08071	[np.float64(9.858754595081572e-05)]
MAR04312	[3.728206335263105e-05]
MAR08428	[np.float64(9.858754595081572e-05)]
MAR08430	[np.float64(9.858754595081572e-05)]
MAR08022	[0.00762995585464111]
MAR08070	[np.float64(9.858754595081572e-05)]
MAR09015	[np.float64(9.858754595081572e-05)]
MAR09020	[0.005938969176443775]
MAR00157	[np.float64(9.858754595081572e-05)]
MAR00158	[3.728206335263105e-05]
MAR00166	[np.float64(9.858754595081572e-05)]
MAR00169	[np.float64(9.858754595081572e-05)]
MAR00172	[np.float64(9.858754595081572e-05)]
MAR00175	[np.float64(9.858754595081572e-05)]
MAR00178	[np.float64(9.858754595081572e-05)]
MAR00182	[np.float64(9.858754595081572e-05)]
MAR00185	[np.float64(9.858754595081572e-05)]
MAR00446	[np.float64(9.858754595081572e-05)]
MAR00578	[np.float64(9.858754595081572e-05)]
MAR00587	[np.float64(9.858754595081572e-05)]
MAR00962	[np.float64(9.858754595081572e-05)]
MAR01145	[np.float64(9.858754595081572e-05)]
MAR01173	[np.float64(9.858754595081572e-05)]
MAR01187	[np.float64(9.858754595081572e-05)]
MAR01215	[np.float64(9.858754595081572e-05)]
MAR01243	[np.float64(9.858754595081572e-05)]
MAR01267	[np.float64(9.858754595081572e-05)]
MAR01284	[np.float64(9.858754595081572e-05)]
MAR01572	[np.float64(9.858754595081572e-05)]
MAR01602	[np.float64(9.858754595081572e-05)]
MAR01915	[np.float64(9.858754595081572e-05)]
MAR01925	[np.float64(9.858754595081572e-05)]
MAR01930	[np.float64(9.858754595081572e-05)]
MAR01936	[np.float64(9.858754595081572e-05)]
MAR01994	[np.float64(9.858754595081572e-05)]
MAR01997	[np.float64(9.858754595081572e-05)]
MAR02008	[np.float64(9.858754595081572e-05)]
MAR02012	[np.float64(9.858754595081572e-05)]
MAR02065	[np.float64(9.858754595081572e-05)]
MAR02080	[np.float64(9.858754595081572e-05)]
MAR02094	[np.float64(9.858754595081572e-05)]
MAR02105	[np.float64(9.858754595081572e-05)]
MAR02116	[3.728206335263105e-05]
MAR02127	[np.float64(9.858754595081572e-05)]
MAR02141	[0.005183721565527906]
MAR02590	[np.float64(9.858754595081572e-05)]
MAR03746	[np.float64(9.858754595081572e-05)]
MAR03762	[np.float64(9.858754595081572e-05)]
MAR03789	[np.float64(9.858754595081572e-05)]
MAR03818	[np.float64(9.858754595081572e-05)]
MAR03825	[np.float64(9.858754595081572e-05)]
MAR03863	[np.float64(9.858754595081572e-05)]
MAR03864	[np.float64(9.858754595081572e-05)]
MAR03921	[np.float64(9.858754595081572e-05)]
MAR03946	[np.float64(9.858754595081572e-05)]
MAR03949	[np.float64(9.858754595081572e-05)]
MAR03950	[np.float64(9.858754595081572e-05)]
MAR03952	[np.float64(9.858754595081572e-05)]
MAR03954	[np.float64(9.858754595081572e-05)]
MAR03971	[np.float64(9.858754595081572e-05)]
MAR04184	[np.float64(9.858754595081572e-05)]
MAR04237	[0.00762995585464111]
MAR04266	[np.float64(9.858754595081572e-05)]
MAR04367	[np.float64(9.858754595081572e-05)]
MAR04684	[np.float64(9.858754595081572e-05)]
MAR04692	[np.float64(9.858754595081572e-05)]
MAR04720	[np.float64(9.858754595081572e-05)]
MAR04729	[np.float64(9.858754595081572e-05)]
MAR04738	[np.float64(9.858754595081572e-05)]
MAR04743	[np.float64(9.858754595081572e-05)]
MAR04754	[0.005042757357293844]
MAR04756	[0.005042757357293844]
MAR04760	[0.005042757357293844]
MAR04850	[np.float64(9.858754595081572e-05)]
MAR04851	[np.float64(9.858754595081572e-05)]
MAR04852	[np.float64(9.858754595081572e-05)]
MAR04854	[np.float64(9.858754595081572e-05)]
MAR04855	[np.float64(9.858754595081572e-05)]
MAR04862	[np.float64(9.858754595081572e-05)]
MAR04863	[np.float64(9.858754595081572e-05)]
MAR04864	[np.float64(9.858754595081572e-05)]
MAR04865	[np.float64(9.858754595081572e-05)]
MAR04867	[np.float64(9.858754595081572e-05)]
MAR04868	[np.float64(9.858754595081572e-05)]
MAR04870	[np.float64(9.858754595081572e-05)]
MAR04871	[np.float64(9.858754595081572e-05)]
MAR04872	[np.float64(9.858754595081572e-05)]
MAR04874	[np.float64(9.858754595081572e-05)]
MAR04888	[0.00762995585464111]
MAR04898	[np.float64(9.858754595081572e-05)]
MAR04905	[np.float64(9.858754595081572e-05)]
MAR04914	[np.float64(9.858754595081572e-05)]
MAR04922	[np.float64(9.858754595081572e-05)]
MAR04926	[5.1849070780614454e-05]
MAR04944	[np.float64(9.858754595081572e-05)]
MAR04951	[0.00762995585464111]
MAR04953	[np.float64(9.858754595081572e-05)]
MAR04959	[np.float64(9.858754595081572e-05)]
MAR04963	[np.float64(9.858754595081572e-05)]
MAR04964	[4.490677311270307e-05]
MAR04971	[4.490677311270307e-05]
MAR04972	[4.490677311270307e-05]
MAR04957	[np.float64(9.858754595081572e-05)]
MAR04977	[np.float64(9.858754595081572e-05)]
MAR04979	[np.float64(9.858754595081572e-05)]
MAR04997	[np.float64(9.858754595081572e-05)]
MAR04998	[np.float64(9.858754595081572e-05)]
MAR05006	[np.float64(9.858754595081572e-05)]
MAR05014	[np.float64(9.858754595081572e-05)]
MAR05015	[np.float64(9.858754595081572e-05)]
MAR05016	[np.float64(9.858754595081572e-05)]
MAR05022	[0.005429157187097488]
MAR05031	[np.float64(9.858754595081572e-05)]
MAR05033	[np.float64(9.858754595081572e-05)]
MAR05036	[np.float64(9.858754595081572e-05)]
MAR05043	[3.728206335263105e-05]
MAR05046	[np.float64(9.858754595081572e-05)]
MAR05096	[np.float64(9.858754595081572e-05)]
MAR05099	[np.float64(9.858754595081572e-05)]
MAR05101	[np.float64(9.858754595081572e-05)]
MAR05102	[np.float64(9.858754595081572e-05)]
MAR05105	[np.float64(9.858754595081572e-05)]
MAR05107	[np.float64(9.858754595081572e-05)]
MAR05109	[np.float64(9.858754595081572e-05)]
MAR05112	[np.float64(9.858754595081572e-05)]
MAR05113	[np.float64(9.858754595081572e-05)]
MAR05114	[np.float64(9.858754595081572e-05)]
MAR05115	[np.float64(9.858754595081572e-05)]
MAR05116	[np.float64(9.858754595081572e-05)]
MAR05117	[np.float64(9.858754595081572e-05)]
MAR05118	[np.float64(9.858754595081572e-05)]
MAR05121	[np.float64(9.858754595081572e-05)]
MAR05122	[np.float64(9.858754595081572e-05)]
MAR05124	[np.float64(9.858754595081572e-05)]
MAR05125	[np.float64(9.858754595081572e-05)]
MAR05126	[np.float64(9.858754595081572e-05)]
MAR05222	[np.float64(9.858754595081572e-05)]
MAR05223	[np.float64(9.858754595081572e-05)]
MAR05225	[np.float64(9.858754595081572e-05)]
MAR05227	[np.float64(9.858754595081572e-05)]
MAR05292	[np.float64(9.858754595081572e-05)]
MAR05304	[np.float64(9.858754595081572e-05)]
MAR05348	[3.8226708109696967e-05]
MAR05349	[3.8226708109696967e-05]
MAR05361	[np.float64(9.858754595081572e-05)]
MAR05411	[np.float64(9.858754595081572e-05)]
MAR05420	[np.float64(9.858754595081572e-05)]
MAR05426	[np.float64(9.858754595081572e-05)]
MAR06276	[4.490677311270307e-05]
MAR06277	[4.490677311270307e-05]
MAR06286	[4.490677311270307e-05]
MAR06287	[4.490677311270307e-05]
MAR06288	[4.490677311270307e-05]
MAR06289	[4.490677311270307e-05]
MAR06290	[4.490677311270307e-05]
MAR06291	[4.490677311270307e-05]
MAR06292	[4.490677311270307e-05]
MAR06293	[4.490677311270307e-05]
MAR06294	[4.490677311270307e-05]
MAR06295	[4.490677311270307e-05]
MAR06296	[4.490677311270307e-05]
MAR06297	[4.490677311270307e-05]
MAR06298	[4.490677311270307e-05]
MAR06299	[0.00762995585464111]
MAR06300	[0.00762995585464111]
MAR06301	[np.float64(9.858754595081572e-05)]
MAR06302	[np.float64(9.858754595081572e-05)]
MAR06303	[0.00762995585464111]
MAR06304	[0.00762995585464111]
MAR06305	[0.00762995585464111]
MAR06306	[0.00762995585464111]
MAR06307	[np.float64(9.858754595081572e-05)]
MAR06308	[np.float64(9.858754595081572e-05)]
MAR06309	[0.00762995585464111]
MAR06310	[0.00762995585464111]
MAR06311	[0.00762995585464111]
MAR06312	[0.00762995585464111]
MAR06313	[np.float64(9.858754595081572e-05)]
MAR06314	[np.float64(9.858754595081572e-05)]
MAR06315	[0.00762995585464111]
MAR06316	[0.00762995585464111]
MAR06317	[np.float64(9.858754595081572e-05)]
MAR06318	[np.float64(9.858754595081572e-05)]
MAR06321	[np.float64(9.858754595081572e-05)]
MAR06323	[np.float64(9.858754595081572e-05)]
MAR06325	[0.00762995585464111]
MAR06326	[0.00762995585464111]
MAR06327	[np.float64(9.858754595081572e-05)]
MAR06328	[3.728206335263105e-05]
MAR06330	[np.float64(9.858754595081572e-05)]
MAR06331	[np.float64(9.858754595081572e-05)]
MAR06332	[np.float64(9.858754595081572e-05)]
MAR06333	[np.float64(9.858754595081572e-05)]
MAR06334	[np.float64(9.858754595081572e-05)]
MAR06335	[np.float64(9.858754595081572e-05)]
MAR06336	[np.float64(9.858754595081572e-05)]
MAR06337	[np.float64(9.858754595081572e-05)]
MAR06338	[np.float64(9.858754595081572e-05)]
MAR06339	[np.float64(9.858754595081572e-05)]
MAR06340	[np.float64(9.858754595081572e-05)]
MAR06341	[np.float64(9.858754595081572e-05)]
MAR06342	[np.float64(9.858754595081572e-05)]
MAR06343	[np.float64(9.858754595081572e-05)]
MAR06389	[0.004901190005071915]
MAR06431	[np.float64(9.858754595081572e-05)]
MAR06438	[np.float64(9.858754595081572e-05)]
MAR06446	[np.float64(9.858754595081572e-05)]
MAR06454	[np.float64(9.858754595081572e-05)]
MAR06455	[np.float64(9.858754595081572e-05)]
MAR06469	[np.float64(9.858754595081572e-05)]
MAR06481	[np.float64(9.858754595081572e-05)]
MAR06513	[np.float64(9.858754595081572e-05)]
MAR06517	[np.float64(9.858754595081572e-05)]
MAR06521	[np.float64(9.858754595081572e-05)]
MAR06522	[np.float64(9.858754595081572e-05)]
MAR06618	[np.float64(9.858754595081572e-05)]
MAR06620	[np.float64(9.858754595081572e-05)]
MAR06781	[np.float64(9.858754595081572e-05)]
MAR06890	[np.float64(9.858754595081572e-05)]
MAR06902	[np.float64(9.858754595081572e-05)]
MAR07638	[np.float64(9.858754595081572e-05)]
MAR07708	[np.float64(9.858754595081572e-05)]
MAR07719	[np.float64(9.858754595081572e-05)]
MAR07723	[np.float64(9.858754595081572e-05)]
MAR07757	[np.float64(9.858754595081572e-05)]
MAR07760	[np.float64(9.858754595081572e-05)]
MAR07769	[np.float64(9.858754595081572e-05)]
MAR07804	[np.float64(9.858754595081572e-05)]
MAR07806	[np.float64(9.858754595081572e-05)]
MAR07808	[np.float64(9.858754595081572e-05)]
MAR07810	[np.float64(9.858754595081572e-05)]
MAR07812	[np.float64(9.858754595081572e-05)]
MAR07814	[np.float64(9.858754595081572e-05)]
MAR07815	[np.float64(9.858754595081572e-05)]
MAR07816	[np.float64(9.858754595081572e-05)]
MAR07818	[np.float64(9.858754595081572e-05)]
MAR07820	[np.float64(9.858754595081572e-05)]
MAR07822	[np.float64(9.858754595081572e-05)]
MAR07824	[np.float64(9.858754595081572e-05)]
MAR07825	[np.float64(9.858754595081572e-05)]
MAR07826	[np.float64(9.858754595081572e-05)]
MAR07827	[np.float64(9.858754595081572e-05)]
MAR07828	[np.float64(9.858754595081572e-05)]
MAR07829	[np.float64(9.858754595081572e-05)]
MAR07830	[np.float64(9.858754595081572e-05)]
MAR07831	[np.float64(9.858754595081572e-05)]
MAR07832	[np.float64(9.858754595081572e-05)]
MAR07833	[np.float64(9.858754595081572e-05)]
MAR07834	[np.float64(9.858754595081572e-05)]
MAR07835	[np.float64(9.858754595081572e-05)]
MAR07836	[np.float64(9.858754595081572e-05)]
MAR07837	[np.float64(9.858754595081572e-05)]
MAR07838	[np.float64(9.858754595081572e-05)]
MAR07839	[np.float64(9.858754595081572e-05)]
MAR07840	[np.float64(9.858754595081572e-05)]
MAR07841	[np.float64(9.858754595081572e-05)]
MAR07842	[np.float64(9.858754595081572e-05)]
MAR07843	[np.float64(9.858754595081572e-05)]
MAR07844	[np.float64(9.858754595081572e-05)]
MAR07845	[np.float64(9.858754595081572e-05)]
MAR07846	[np.float64(9.858754595081572e-05)]
MAR07847	[np.float64(9.858754595081572e-05)]
MAR07848	[np.float64(9.858754595081572e-05)]
MAR07849	[np.float64(9.858754595081572e-05)]
MAR07850	[np.float64(9.858754595081572e-05)]
MAR07851	[np.float64(9.858754595081572e-05)]
MAR07852	[np.float64(9.858754595081572e-05)]
MAR07853	[np.float64(9.858754595081572e-05)]
MAR07854	[np.float64(9.858754595081572e-05)]
MAR07897	[np.float64(9.858754595081572e-05)]
MAR07899	[np.float64(9.858754595081572e-05)]
MAR07914	[np.float64(9.858754595081572e-05)]
MAR07917	[np.float64(9.858754595081572e-05)]
MAR07923	[np.float64(9.858754595081572e-05)]
MAR07995	[np.float64(9.858754595081572e-05)]
MAR07998	[np.float64(9.858754595081572e-05)]
MAR08000	[np.float64(9.858754595081572e-05)]
MAR08001	[np.float64(9.858754595081572e-05)]
MAR08009	[np.float64(9.858754595081572e-05)]
MAR08089	[0.005941052850017008]
MAR08093	[np.float64(9.858754595081572e-05)]
MAR08099	[np.float64(9.858754595081572e-05)]
MAR08120	[np.float64(9.858754595081572e-05)]
MAR08122	[np.float64(9.858754595081572e-05)]
MAR08124	[np.float64(9.858754595081572e-05)]
MAR08126	[np.float64(9.858754595081572e-05)]
MAR08128	[np.float64(9.858754595081572e-05)]
MAR08356	[np.float64(9.858754595081572e-05)]
MAR08365	[np.float64(9.858754595081572e-05)]
MAR08411	[np.float64(9.858754595081572e-05)]
MAR08438	[np.float64(9.858754595081572e-05)]
MAR08475	[np.float64(9.858754595081572e-05)]
MAR08505	[np.float64(9.858754595081572e-05)]
MAR08510	[np.float64(9.858754595081572e-05)]
MAR08513	[np.float64(9.858754595081572e-05)]
MAR08528	[np.float64(9.858754595081572e-05)]
MAR08532	[np.float64(9.858754595081572e-05)]
MAR08562	[np.float64(9.858754595081572e-05)]
MAR08614	[np.float64(9.858754595081572e-05)]
MAR08627	[np.float64(9.858754595081572e-05)]
MAR08655	[np.float64(9.858754595081572e-05)]
MAR08657	[np.float64(9.858754595081572e-05)]
MAR08680	[np.float64(9.858754595081572e-05)]
MAR08731	[np.float64(9.858754595081572e-05)]
MAR08741	[np.float64(9.858754595081572e-05)]
MAR08742	[np.float64(9.858754595081572e-05)]
MAR08776	[np.float64(9.858754595081572e-05)]
MAR08785	[np.float64(9.858754595081572e-05)]
MAR08848	[np.float64(9.858754595081572e-05)]
MAR08890	[np.float64(9.858754595081572e-05)]
MAR08891	[np.float64(9.858754595081572e-05)]
MAR08910	[np.float64(9.858754595081572e-05)]
MAR09174	[np.float64(9.858754595081572e-05)]
MAR09194	[np.float64(9.858754595081572e-05)]
MAR09675	[np.float64(9.858754595081572e-05)]
MAR09676	[np.float64(9.858754595081572e-05)]
MAR09677	[np.float64(9.858754595081572e-05)]
MAR09014	[np.float64(9.858754595081572e-05)]
MAR00707	[np.float64(9.858754595081572e-05)]
MAR00713	[3.728206335263105e-05]
MAR01104	[np.float64(9.858754595081572e-05)]
MAR01135	[np.float64(9.858754595081572e-05)]
MAR01144	[np.float64(9.858754595081572e-05)]
MAR01172	[np.float64(9.858754595081572e-05)]
MAR01188	[np.float64(9.858754595081572e-05)]
MAR01214	[np.float64(9.858754595081572e-05)]
MAR01242	[np.float64(9.858754595081572e-05)]
MAR01268	[np.float64(9.858754595081572e-05)]
MAR01283	[np.float64(9.858754595081572e-05)]
MAR01286	[np.float64(9.858754595081572e-05)]
MAR01443	[np.float64(9.858754595081572e-05)]
MAR02067	[np.float64(9.858754595081572e-05)]
MAR02082	[np.float64(9.858754595081572e-05)]
MAR02093	[np.float64(9.858754595081572e-05)]
MAR02104	[np.float64(9.858754595081572e-05)]
MAR02407	[np.float64(9.858754595081572e-05)]
MAR02509	[np.float64(9.858754595081572e-05)]
MAR02547	[np.float64(9.858754595081572e-05)]
MAR02575	[np.float64(9.858754595081572e-05)]
MAR03007	[np.float64(9.858754595081572e-05)]
MAR03008	[3.728206335263105e-05]
MAR03011	[3.728206335263105e-05]
MAR03013	[3.728206335263105e-05]
MAR03014	[3.728206335263105e-05]
MAR03017	[3.728206335263105e-05]
MAR03018	[np.float64(9.858754595081572e-05)]
MAR03019	[np.float64(9.858754595081572e-05)]
MAR03020	[np.float64(9.858754595081572e-05)]
MAR03021	[np.float64(9.858754595081572e-05)]
MAR03022	[np.float64(9.858754595081572e-05)]
MAR03023	[np.float64(9.858754595081572e-05)]
MAR03024	[np.float64(9.858754595081572e-05)]
MAR03025	[np.float64(9.858754595081572e-05)]
MAR03026	[np.float64(9.858754595081572e-05)]
MAR03473	[np.float64(9.858754595081572e-05)]
MAR03848	[np.float64(9.858754595081572e-05)]
MAR03850	[np.float64(9.858754595081572e-05)]
MAR03867	[np.float64(9.858754595081572e-05)]
MAR03947	[np.float64(9.858754595081572e-05)]
MAR03948	[np.float64(9.858754595081572e-05)]
MAR04393	[np.float64(9.858754595081572e-05)]
MAR04468	[np.float64(9.858754595081572e-05)]
MAR04469	[np.float64(9.858754595081572e-05)]
MAR04647	[np.float64(9.858754595081572e-05)]
MAR04790	[np.float64(9.858754595081572e-05)]
MAR04890	[np.float64(9.858754595081572e-05)]
MAR04900	[np.float64(9.858754595081572e-05)]
MAR04908	[5.453322464414043e-05]
MAR04924	[np.float64(9.858754595081572e-05)]
MAR04930	[3.8226708109696967e-05]
MAR04945	[np.float64(9.858754595081572e-05)]
MAR04986	[np.float64(9.858754595081572e-05)]
MAR05344	[np.float64(9.858754595081572e-05)]
MAR05346	[np.float64(9.858754595081572e-05)]
MAR05362	[np.float64(9.858754595081572e-05)]
MAR05414	[np.float64(9.858754595081572e-05)]
MAR05452	[np.float64(9.858754595081572e-05)]
MAR05453	[np.float64(9.858754595081572e-05)]
MAR06928	[np.float64(9.858754595081572e-05)]
MAR06937	[np.float64(9.858754595081572e-05)]
MAR06986	[np.float64(9.858754595081572e-05)]
MAR06987	[np.float64(9.858754595081572e-05)]
MAR07590	[np.float64(9.858754595081572e-05)]
MAR07596	[np.float64(9.858754595081572e-05)]
MAR07640	[np.float64(9.858754595081572e-05)]
MAR07646	[np.float64(9.858754595081572e-05)]
MAR07705	[np.float64(9.858754595081572e-05)]
MAR07707	[np.float64(9.858754595081572e-05)]
MAR07777	[np.float64(9.858754595081572e-05)]
MAR07779	[np.float64(9.858754595081572e-05)]
MAR07797	[np.float64(9.858754595081572e-05)]
MAR08016	[np.float64(9.858754595081572e-05)]
MAR08020	[np.float64(9.858754595081572e-05)]
MAR08359	[np.float64(9.858754595081572e-05)]
MAR08414	[np.float64(9.858754595081572e-05)]
MAR08754	[np.float64(9.858754595081572e-05)]
MAR08756	[np.float64(9.858754595081572e-05)]
MAR08860	[np.float64(9.858754595081572e-05)]
MAR08926	[np.float64(9.858754595081572e-05)]
MAR09179	[np.float64(9.858754595081572e-05)]
MAR09181	[np.float64(9.858754595081572e-05)]
MAR09678	[np.float64(9.858754595081572e-05)]
MAR09679	[np.float64(9.858754595081572e-05)]
MAR09680	[np.float64(9.858754595081572e-05)]
MAR09017	[np.float64(9.858754595081572e-05)]
MAR00984	[np.float64(9.858754595081572e-05)]
MAR01089	[np.float64(9.858754595081572e-05)]
MAR01090	[np.float64(9.858754595081572e-05)]
MAR01094	[np.float64(9.858754595081572e-05)]
MAR01095	[np.float64(9.858754595081572e-05)]
MAR02564	[np.float64(9.858754595081572e-05)]
MAR02585	[np.float64(9.858754595081572e-05)]
MAR04274	[np.float64(9.858754595081572e-05)]
MAR04275	[np.float64(9.858754595081572e-05)]
MAR04277	[np.float64(9.858754595081572e-05)]
MAR04535	[np.float64(9.858754595081572e-05)]
MAR04538	[np.float64(9.858754595081572e-05)]
MAR04893	[np.float64(9.858754595081572e-05)]
MAR04904	[np.float64(9.858754595081572e-05)]
MAR04916	[np.float64(9.858754595081572e-05)]
MAR05422	[np.float64(9.858754595081572e-05)]
MAR05423	[np.float64(9.858754595081572e-05)]
MAR05424	[np.float64(9.858754595081572e-05)]
MAR06617	[np.float64(9.858754595081572e-05)]
MAR06619	[np.float64(9.858754595081572e-05)]
MAR07653	[np.float64(9.858754595081572e-05)]
MAR07664	[np.float64(9.858754595081572e-05)]
MAR07665	[np.float64(9.858754595081572e-05)]
MAR07712	[np.float64(9.858754595081572e-05)]
MAR07763	[np.float64(9.858754595081572e-05)]
MAR07764	[np.float64(9.858754595081572e-05)]
MAR07765	[np.float64(9.858754595081572e-05)]
MAR07767	[np.float64(9.858754595081572e-05)]
MAR07773	[np.float64(9.858754595081572e-05)]
MAR07786	[np.float64(9.858754595081572e-05)]
MAR07792	[np.float64(9.858754595081572e-05)]
MAR07795	[np.float64(9.858754595081572e-05)]
MAR07796	[np.float64(9.858754595081572e-05)]
MAR07855	[np.float64(9.858754595081572e-05)]
MAR07856	[np.float64(9.858754595081572e-05)]
MAR07857	[np.float64(9.858754595081572e-05)]
MAR07858	[np.float64(9.858754595081572e-05)]
MAR07859	[np.float64(9.858754595081572e-05)]
MAR07860	[np.float64(9.858754595081572e-05)]
MAR07861	[np.float64(9.858754595081572e-05)]
MAR07862	[np.float64(9.858754595081572e-05)]
MAR07877	[np.float64(9.858754595081572e-05)]
MAR08024	[np.float64(9.858754595081572e-05)]
MAR08028	[np.float64(9.858754595081572e-05)]
MAR08082	[np.float64(9.858754595081572e-05)]
MAR08361	[np.float64(9.858754595081572e-05)]
MAR08363	[np.float64(9.858754595081572e-05)]
MAR08412	[np.float64(9.858754595081572e-05)]
MAR08447	[np.float64(9.858754595081572e-05)]
MAR08476	[np.float64(9.858754595081572e-05)]
MAR08789	[np.float64(9.858754595081572e-05)]
MAR08828	[np.float64(9.858754595081572e-05)]
MAR08837	[np.float64(9.858754595081572e-05)]
MAR08838	[np.float64(9.858754595081572e-05)]
MAR08839	[np.float64(9.858754595081572e-05)]
MAR08840	[np.float64(9.858754595081572e-05)]
MAR08841	[np.float64(9.858754595081572e-05)]
MAR08842	[np.float64(9.858754595081572e-05)]
MAR08843	[np.float64(9.858754595081572e-05)]
MAR08844	[np.float64(9.858754595081572e-05)]
MAR08845	[np.float64(9.858754595081572e-05)]
MAR08862	[np.float64(9.858754595081572e-05)]
MAR08868	[np.float64(9.858754595081572e-05)]
MAR08871	[np.float64(9.858754595081572e-05)]
MAR08894	[np.float64(9.858754595081572e-05)]
MAR08909	[np.float64(9.858754595081572e-05)]
MAR08918	[np.float64(9.858754595081572e-05)]
MAR09673	[np.float64(9.858754595081572e-05)]
MAR09674	[np.float64(9.858754595081572e-05)]
MAR08638	[np.float64(9.858754595081572e-05)]
MAR08642	[np.float64(9.858754595081572e-05)]
MAR04314	[3.728206335263105e-05]
MAR09016	[np.float64(9.858754595081572e-05)]
MAR09018	[np.float64(9.858754595081572e-05)]
MAR00769	[np.float64(9.858754595081572e-05)]
MAR00791	[np.float64(9.858754595081572e-05)]
MAR00796	[np.float64(9.858754595081572e-05)]
MAR00798	[np.float64(9.858754595081572e-05)]
MAR00802	[np.float64(9.858754595081572e-05)]
MAR00831	[np.float64(9.858754595081572e-05)]
MAR00913	[np.float64(9.858754595081572e-05)]
MAR00929	[np.float64(9.858754595081572e-05)]
MAR01917	[3.728206335263105e-05]
MAR02040	[np.float64(9.858754595081572e-05)]
MAR02087	[np.float64(9.858754595081572e-05)]
MAR02090	[np.float64(9.858754595081572e-05)]
MAR02101	[np.float64(9.858754595081572e-05)]
MAR03987	[np.float64(9.858754595081572e-05)]
MAR04887	[np.float64(9.858754595081572e-05)]
MAR04903	[np.float64(9.858754595081572e-05)]
MAR04907	[5.453322464414043e-05]
MAR04962	[np.float64(9.858754595081572e-05)]
MAR05047	[np.float64(9.858754595081572e-05)]
MAR05048	[np.float64(9.858754595081572e-05)]
MAR05049	[np.float64(9.858754595081572e-05)]
MAR05050	[np.float64(9.858754595081572e-05)]
MAR05051	[np.float64(9.858754595081572e-05)]
MAR05052	[np.float64(9.858754595081572e-05)]
MAR05053	[np.float64(9.858754595081572e-05)]
MAR05054	[np.float64(9.858754595081572e-05)]
MAR05055	[np.float64(9.858754595081572e-05)]
MAR05056	[np.float64(9.858754595081572e-05)]
MAR05057	[np.float64(9.858754595081572e-05)]
MAR05058	[np.float64(9.858754595081572e-05)]
MAR05059	[np.float64(9.858754595081572e-05)]
MAR05060	[np.float64(9.858754595081572e-05)]
MAR05061	[np.float64(9.858754595081572e-05)]
MAR05062	[np.float64(9.858754595081572e-05)]
MAR05063	[np.float64(9.858754595081572e-05)]
MAR05064	[np.float64(9.858754595081572e-05)]
MAR05065	[np.float64(9.858754595081572e-05)]
MAR05066	[np.float64(9.858754595081572e-05)]
MAR05067	[np.float64(9.858754595081572e-05)]
MAR05197	[np.float64(9.858754595081572e-05)]
MAR05199	[np.float64(9.858754595081572e-05)]
MAR05201	[np.float64(9.858754595081572e-05)]
MAR05204	[np.float64(9.858754595081572e-05)]
MAR05212	[np.float64(9.858754595081572e-05)]
MAR05214	[np.float64(9.858754595081572e-05)]
MAR05217	[np.float64(9.858754595081572e-05)]
MAR05218	[np.float64(9.858754595081572e-05)]
MAR05220	[np.float64(9.858754595081572e-05)]
MAR05224	[np.float64(9.858754595081572e-05)]
MAR05226	[np.float64(9.858754595081572e-05)]
MAR05228	[np.float64(9.858754595081572e-05)]
MAR05230	[np.float64(9.858754595081572e-05)]
MAR07196	[7.515667163036363e-05]
MAR07199	[np.float64(9.858754595081572e-05)]
MAR07224	[np.float64(9.858754595081572e-05)]
MAR07252	[np.float64(9.858754595081572e-05)]
MAR07283	[np.float64(9.858754595081572e-05)]
MAR07374	[np.float64(9.858754595081572e-05)]
MAR07430	[np.float64(9.858754595081572e-05)]
MAR07454	[np.float64(9.858754595081572e-05)]
MAR07470	[np.float64(9.858754595081572e-05)]
MAR07483	[np.float64(9.858754595081572e-05)]
MAR07500	[np.float64(9.858754595081572e-05)]
MAR07512	[np.float64(9.858754595081572e-05)]
MAR07524	[np.float64(9.858754595081572e-05)]
MAR07540	[np.float64(9.858754595081572e-05)]
MAR07556	[np.float64(9.858754595081572e-05)]
MAR07570	[np.float64(9.858754595081572e-05)]
MAR07581	[np.float64(9.858754595081572e-05)]
MAR07584	[np.float64(9.858754595081572e-05)]
MAR07710	[np.float64(9.858754595081572e-05)]
MAR07711	[np.float64(9.858754595081572e-05)]
MAR07714	[np.float64(9.858754595081572e-05)]
MAR07715	[np.float64(9.858754595081572e-05)]
MAR07718	[np.float64(9.858754595081572e-05)]
MAR07720	[np.float64(9.858754595081572e-05)]
MAR07722	[np.float64(9.858754595081572e-05)]
MAR07724	[np.float64(9.858754595081572e-05)]
MAR07726	[np.float64(9.858754595081572e-05)]
MAR07727	[np.float64(9.858754595081572e-05)]
MAR07729	[np.float64(9.858754595081572e-05)]
MAR07730	[np.float64(9.858754595081572e-05)]
MAR07732	[np.float64(9.858754595081572e-05)]
MAR07762	[np.float64(9.858754595081572e-05)]
MAR07770	[np.float64(9.858754595081572e-05)]
MAR07799	[4.4766377519551676e-05]
MAR07907	[np.float64(9.858754595081572e-05)]
MAR07915	[np.float64(9.858754595081572e-05)]
MAR07918	[np.float64(9.858754595081572e-05)]
MAR07924	[np.float64(9.858754595081572e-05)]
MAR07927	[np.float64(9.858754595081572e-05)]
MAR08118	[np.float64(9.858754595081572e-05)]
MAR08119	[np.float64(9.858754595081572e-05)]
MAR08121	[np.float64(9.858754595081572e-05)]
MAR08123	[np.float64(9.858754595081572e-05)]
MAR08125	[np.float64(9.858754595081572e-05)]
MAR08127	[np.float64(9.858754595081572e-05)]
MAR08131	[np.float64(9.858754595081572e-05)]
MAR08134	[np.float64(9.858754595081572e-05)]
MAR08196	[np.float64(9.858754595081572e-05)]
MAR08200	[np.float64(9.858754595081572e-05)]
MAR08202	[np.float64(9.858754595081572e-05)]
MAR08203	[np.float64(9.858754595081572e-05)]
MAR08208	[np.float64(9.858754595081572e-05)]
MAR08216	[np.float64(9.858754595081572e-05)]
MAR08244	[np.float64(9.858754595081572e-05)]
MAR08355	[np.float64(9.858754595081572e-05)]
MAR08370	[np.float64(9.858754595081572e-05)]
MAR08490	[np.float64(9.858754595081572e-05)]
MAR08491	[np.float64(9.858754595081572e-05)]
MAR08492	[np.float64(9.858754595081572e-05)]
MAR08531	[np.float64(9.858754595081572e-05)]
MAR08588	[np.float64(9.858754595081572e-05)]
MAR08590	[np.float64(9.858754595081572e-05)]
MAR08688	[np.float64(9.858754595081572e-05)]
MAR08753	[np.float64(9.858754595081572e-05)]
MAR08763	[np.float64(9.858754595081572e-05)]
MAR08765	[np.float64(9.858754595081572e-05)]
MAR08858	[np.float64(9.858754595081572e-05)]
MAR08875	[np.float64(9.858754595081572e-05)]
MAR08885	[np.float64(9.858754595081572e-05)]
MAR08887	[7.515667163036363e-05]
MAR08908	[7.515667163036363e-05]
MAR08928	[np.float64(9.858754595081572e-05)]
MAR09672	[np.float64(9.858754595081572e-05)]
MAR00612	[np.float64(9.858754595081572e-05)]
MAR03597	[np.float64(9.858754595081572e-05)]
MAR04961	[np.float64(9.858754595081572e-05)]
MAR05045	[np.float64(9.858754595081572e-05)]
MAR05248	[np.float64(9.858754595081572e-05)]
MAR05249	[np.float64(9.858754595081572e-05)]
MAR05250	[np.float64(9.858754595081572e-05)]
MAR05251	[np.float64(9.858754595081572e-05)]
MAR05252	[np.float64(9.858754595081572e-05)]
MAR05253	[np.float64(9.858754595081572e-05)]
MAR05255	[np.float64(9.858754595081572e-05)]
MAR07198	[np.float64(9.858754595081572e-05)]
MAR07284	[np.float64(9.858754595081572e-05)]
MAR09738	[np.float64(9.858754595081572e-05)]
MAR09739	[np.float64(9.858754595081572e-05)]
MAR09740	[np.float64(9.858754595081572e-05)]
MAR09741	[np.float64(9.858754595081572e-05)]
MAR09742	[np.float64(9.858754595081572e-05)]
MAR09743	[np.float64(9.858754595081572e-05)]
MAR09744	[np.float64(9.858754595081572e-05)]
MAR09745	[np.float64(9.858754595081572e-05)]
MAR09746	[np.float64(9.858754595081572e-05)]
MAR09747	[np.float64(9.858754595081572e-05)]
MAR09748	[np.float64(9.858754595081572e-05)]
MAR09749	[np.float64(9.858754595081572e-05)]
MAR09750	[np.float64(9.858754595081572e-05)]
MAR09751	[np.float64(9.858754595081572e-05)]
MAR09752	[np.float64(9.858754595081572e-05)]
MAR09753	[np.float64(9.858754595081572e-05)]
MAR09754	[np.float64(9.858754595081572e-05)]
MAR09755	[np.float64(9.858754595081572e-05)]
MAR09756	[np.float64(9.858754595081572e-05)]
MAR09757	[np.float64(9.858754595081572e-05)]
MAR09758	[np.float64(9.858754595081572e-05)]
MAR09759	[np.float64(9.858754595081572e-05)]
MAR09760	[np.float64(9.858754595081572e-05)]
MAR09761	[np.float64(9.858754595081572e-05)]
MAR09762	[np.float64(9.858754595081572e-05)]
MAR09763	[np.float64(9.858754595081572e-05)]
MAR09764	[np.float64(9.858754595081572e-05)]
MAR09765	[np.float64(9.858754595081572e-05)]
MAR09766	[np.float64(9.858754595081572e-05)]
MAR09767	[np.float64(9.858754595081572e-05)]
MAR09768	[np.float64(9.858754595081572e-05)]
MAR09769	[np.float64(9.858754595081572e-05)]
MAR09770	[np.float64(9.858754595081572e-05)]
MAR09771	[np.float64(9.858754595081572e-05)]
MAR09772	[np.float64(9.858754595081572e-05)]
MAR09773	[np.float64(9.858754595081572e-05)]
MAR09774	[np.float64(9.858754595081572e-05)]
MAR09775	[np.float64(9.858754595081572e-05)]
MAR09776	[np.float64(9.858754595081572e-05)]
MAR09777	[np.float64(9.858754595081572e-05)]
MAR09778	[np.float64(9.858754595081572e-05)]
MAR09779	[np.float64(9.858754595081572e-05)]
MAR09780	[np.float64(9.858754595081572e-05)]
MAR09781	[np.float64(9.858754595081572e-05)]
MAR09782	[np.float64(9.858754595081572e-05)]
MAR09783	[np.float64(9.858754595081572e-05)]
MAR09784	[np.float64(9.858754595081572e-05)]
MAR09785	[np.float64(9.858754595081572e-05)]
MAR09786	[np.float64(9.858754595081572e-05)]
MAR09787	[np.float64(9.858754595081572e-05)]
MAR09788	[np.float64(9.858754595081572e-05)]
MAR09789	[np.float64(9.858754595081572e-05)]
MAR09790	[np.float64(9.858754595081572e-05)]
MAR09791	[np.float64(9.858754595081572e-05)]
MAR09792	[np.float64(9.858754595081572e-05)]
MAR09793	[0.005165007879767774]
MAR09794	[np.float64(9.858754595081572e-05)]
MAR09795	[np.float64(9.858754595081572e-05)]
MAR09796	[np.float64(9.858754595081572e-05)]
MAR00652	[np.float64(9.858754595081572e-05)]
MAR00717	[np.float64(9.858754595081572e-05)]
MAR00731	[np.float64(9.858754595081572e-05)]
MAR00732	[np.float64(9.858754595081572e-05)]
MAR00734	[np.float64(9.858754595081572e-05)]
MAR00917	[np.float64(9.858754595081572e-05)]
MAR00918	[np.float64(9.858754595081572e-05)]
MAR01916	[3.728206335263105e-05]
MAR04125	[np.float64(9.858754595081572e-05)]
MAR04892	[np.float64(9.858754595081572e-05)]
MAR04902	[np.float64(9.858754595081572e-05)]
MAR04955	[np.float64(9.858754595081572e-05)]
MAR06577	[np.float64(9.858754595081572e-05)]
MAR06578	[3.728206335263105e-05]
MAR07201	[np.float64(9.858754595081572e-05)]
MAR07204	[np.float64(9.858754595081572e-05)]
MAR07331	[np.float64(9.858754595081572e-05)]
MAR07431	[np.float64(9.858754595081572e-05)]
MAR07433	[np.float64(9.858754595081572e-05)]
MAR07434	[np.float64(9.858754595081572e-05)]
MAR07435	[np.float64(9.858754595081572e-05)]
MAR07437	[np.float64(9.858754595081572e-05)]
MAR07675	[np.float64(9.858754595081572e-05)]
MAR07693	[np.float64(9.858754595081572e-05)]
MAR07694	[np.float64(9.858754595081572e-05)]
MAR07695	[np.float64(9.858754595081572e-05)]
MAR07733	[np.float64(9.858754595081572e-05)]
MAR07740	[3.728206335263105e-05]
MAR07743	[np.float64(9.858754595081572e-05)]
MAR07759	[np.float64(9.858754595081572e-05)]
MAR07761	[np.float64(9.858754595081572e-05)]
MAR07793	[np.float64(9.858754595081572e-05)]
MAR08084	[np.float64(9.858754595081572e-05)]
MAR08086	[np.float64(9.858754595081572e-05)]
MAR08145	[np.float64(9.858754595081572e-05)]
MAR08146	[np.float64(9.858754595081572e-05)]
MAR08153	[np.float64(9.858754595081572e-05)]
MAR08157	[np.float64(9.858754595081572e-05)]
MAR08160	[np.float64(9.858754595081572e-05)]
MAR08163	[np.float64(9.858754595081572e-05)]
MAR08193	[np.float64(9.858754595081572e-05)]
MAR08195	[np.float64(9.858754595081572e-05)]
MAR08199	[np.float64(9.858754595081572e-05)]
MAR08205	[np.float64(9.858754595081572e-05)]
MAR08207	[np.float64(9.858754595081572e-05)]
MAR08213	[np.float64(9.858754595081572e-05)]
MAR08215	[np.float64(9.858754595081572e-05)]
MAR08222	[np.float64(9.858754595081572e-05)]
MAR08230	[np.float64(9.858754595081572e-05)]
MAR08232	[np.float64(9.858754595081572e-05)]
MAR08241	[np.float64(9.858754595081572e-05)]
MAR08243	[np.float64(9.858754595081572e-05)]
MAR08252	[np.float64(9.858754595081572e-05)]
MAR08259	[np.float64(9.858754595081572e-05)]
MAR08265	[np.float64(9.858754595081572e-05)]
MAR08269	[np.float64(9.858754595081572e-05)]
MAR08272	[np.float64(9.858754595081572e-05)]
MAR08282	[np.float64(9.858754595081572e-05)]
MAR08289	[np.float64(9.858754595081572e-05)]
MAR08296	[np.float64(9.858754595081572e-05)]
MAR08299	[np.float64(9.858754595081572e-05)]
MAR08303	[np.float64(9.858754595081572e-05)]
MAR08310	[np.float64(9.858754595081572e-05)]
MAR08312	[np.float64(9.858754595081572e-05)]
MAR08314	[np.float64(9.858754595081572e-05)]
MAR08320	[np.float64(9.858754595081572e-05)]
MAR08323	[np.float64(9.858754595081572e-05)]
MAR08328	[np.float64(9.858754595081572e-05)]
MAR08335	[np.float64(9.858754595081572e-05)]
MAR08338	[np.float64(9.858754595081572e-05)]
MAR08496	[np.float64(9.858754595081572e-05)]
MAR08524	[np.float64(9.858754595081572e-05)]
MAR08527	[np.float64(9.858754595081572e-05)]
MAR08661	[np.float64(9.858754595081572e-05)]
MAR08673	[np.float64(9.858754595081572e-05)]
MAR08793	[np.float64(9.858754595081572e-05)]
MAR08834	[np.float64(9.858754595081572e-05)]
MAR08856	[np.float64(9.858754595081572e-05)]
MAR08857	[np.float64(9.858754595081572e-05)]
MAR08874	[np.float64(9.858754595081572e-05)]
MAR08880	[np.float64(9.858754595081572e-05)]
MAR08882	[np.float64(9.858754595081572e-05)]
MAR08895	[np.float64(9.858754595081572e-05)]
MAR08897	[np.float64(9.858754595081572e-05)]
MAR08900	[np.float64(9.858754595081572e-05)]
MAR08902	[np.float64(9.858754595081572e-05)]
MAR08904	[np.float64(9.858754595081572e-05)]
MAR08920	[np.float64(9.858754595081572e-05)]
MAR09199	[np.float64(9.858754595081572e-05)]
MAR09664	[np.float64(9.858754595081572e-05)]
MAR09665	[np.float64(9.858754595081572e-05)]
MAR09666	[np.float64(9.858754595081572e-05)]
MAR09667	[np.float64(9.858754595081572e-05)]
MAR09668	[np.float64(9.858754595081572e-05)]
MAR09669	[np.float64(9.858754595081572e-05)]
MAR09670	[np.float64(9.858754595081572e-05)]
MAR09671	[np.float64(9.858754595081572e-05)]
MAR07182	[np.float64(9.858754595081572e-05)]
MAR07330	[np.float64(9.858754595081572e-05)]
MAR07432	[np.float64(9.858754595081572e-05)]
MAR04313	[3.728206335263105e-05]
MAR07307	[np.float64(9.858754595081572e-05)]
MAR01809	[np.float64(9.858754595081572e-05)]
MAR00020	[np.float64(9.858754595081572e-05)]
MAR00461	[np.float64(9.858754595081572e-05)]
MAR00462	[np.float64(9.858754595081572e-05)]
MAR00466	[np.float64(9.858754595081572e-05)]
MAR00467	[np.float64(9.858754595081572e-05)]
MAR00664	[np.float64(9.858754595081572e-05)]
MAR00730	[np.float64(9.858754595081572e-05)]
MAR00768	[np.float64(9.858754595081572e-05)]
MAR00771	[np.float64(9.858754595081572e-05)]
MAR00966	[np.float64(9.858754595081572e-05)]
MAR01035	[np.float64(9.858754595081572e-05)]
MAR01143	[np.float64(9.858754595081572e-05)]
MAR01189	[np.float64(9.858754595081572e-05)]
MAR01240	[np.float64(9.858754595081572e-05)]
MAR01252	[np.float64(9.858754595081572e-05)]
MAR01269	[np.float64(9.858754595081572e-05)]
MAR01306	[np.float64(9.858754595081572e-05)]
MAR01309	[np.float64(9.858754595081572e-05)]
MAR01311	[np.float64(9.858754595081572e-05)]
MAR01316	[np.float64(9.858754595081572e-05)]
MAR01331	[np.float64(9.858754595081572e-05)]
MAR01392	[np.float64(9.858754595081572e-05)]
MAR01530	[np.float64(9.858754595081572e-05)]
MAR01672	[np.float64(9.858754595081572e-05)]
MAR01937	[np.float64(9.858754595081572e-05)]
MAR01998	[np.float64(9.858754595081572e-05)]
MAR02039	[np.float64(9.858754595081572e-05)]
MAR02066	[np.float64(9.858754595081572e-05)]
MAR02081	[np.float64(9.858754595081572e-05)]
MAR02092	[np.float64(9.858754595081572e-05)]
MAR02103	[np.float64(9.858754595081572e-05)]
MAR02554	[np.float64(9.858754595081572e-05)]
MAR02569	[np.float64(9.858754595081572e-05)]
MAR02777	[np.float64(9.858754595081572e-05)]
MAR03953	[np.float64(9.858754595081572e-05)]
MAR04123	[np.float64(9.858754595081572e-05)]
MAR04126	[np.float64(9.858754595081572e-05)]
MAR04765	[np.float64(9.858754595081572e-05)]
MAR04846	[np.float64(9.858754595081572e-05)]
MAR04856	[np.float64(9.858754595081572e-05)]
MAR04860	[np.float64(9.858754595081572e-05)]
MAR04876	[np.float64(9.858754595081572e-05)]
MAR04877	[np.float64(9.858754595081572e-05)]
MAR04878	[np.float64(9.858754595081572e-05)]
MAR04879	[np.float64(9.858754595081572e-05)]
MAR04880	[np.float64(9.858754595081572e-05)]
MAR04881	[np.float64(9.858754595081572e-05)]
MAR04883	[np.float64(9.858754595081572e-05)]
MAR04894	[np.float64(9.858754595081572e-05)]
MAR04906	[5.453322464414043e-05]
MAR04913	[np.float64(9.858754595081572e-05)]
MAR04917	[np.float64(9.858754595081572e-05)]
MAR04941	[np.float64(9.858754595081572e-05)]
MAR04942	[np.float64(9.858754595081572e-05)]
MAR04960	[np.float64(9.858754595081572e-05)]
MAR05004	[0.007271084828788085]
MAR05012	[np.float64(9.858754595081572e-05)]
MAR05027	[np.float64(9.858754595081572e-05)]
MAR05203	[np.float64(9.858754595081572e-05)]
MAR05205	[np.float64(9.858754595081572e-05)]
MAR05207	[np.float64(9.858754595081572e-05)]
MAR05209	[np.float64(9.858754595081572e-05)]
MAR05210	[np.float64(9.858754595081572e-05)]
MAR05211	[np.float64(9.858754595081572e-05)]
MAR05245	[np.float64(9.858754595081572e-05)]
MAR05342	[0.005183721565527906]
MAR05347	[np.float64(9.858754595081572e-05)]
MAR05354	[np.float64(9.858754595081572e-05)]
MAR06385	[np.float64(9.858754595081572e-05)]
MAR06386	[np.float64(9.858754595081572e-05)]
MAR06387	[np.float64(9.858754595081572e-05)]
MAR06388	[np.float64(9.858754595081572e-05)]
MAR06425	[np.float64(9.858754595081572e-05)]
MAR06430	[np.float64(9.858754595081572e-05)]
MAR06440	[np.float64(9.858754595081572e-05)]
MAR06445	[np.float64(9.858754595081572e-05)]
MAR06463	[np.float64(9.858754595081572e-05)]
MAR06468	[np.float64(9.858754595081572e-05)]
MAR06475	[np.float64(9.858754595081572e-05)]
MAR06480	[np.float64(9.858754595081572e-05)]
MAR06629	[np.float64(9.858754595081572e-05)]
MAR06797	[np.float64(9.858754595081572e-05)]
MAR06990	[np.float64(9.858754595081572e-05)]
MAR07257	[np.float64(9.858754595081572e-05)]
MAR07272	[np.float64(9.858754595081572e-05)]
MAR07273	[np.float64(9.858754595081572e-05)]
MAR07649	[np.float64(9.858754595081572e-05)]
MAR07766	[np.float64(9.858754595081572e-05)]
MAR07768	[np.float64(9.858754595081572e-05)]
MAR07772	[np.float64(9.858754595081572e-05)]
MAR07776	[np.float64(9.858754595081572e-05)]
MAR07778	[np.float64(9.858754595081572e-05)]
MAR07780	[np.float64(9.858754595081572e-05)]
MAR07784	[np.float64(9.858754595081572e-05)]
MAR07789	[np.float64(9.858754595081572e-05)]
MAR07791	[np.float64(9.858754595081572e-05)]
MAR07929	[np.float64(9.858754595081572e-05)]
MAR07933	[np.float64(9.858754595081572e-05)]
MAR07944	[np.float64(9.858754595081572e-05)]
MAR07947	[np.float64(9.858754595081572e-05)]
MAR07949	[np.float64(9.858754595081572e-05)]
MAR07953	[np.float64(9.858754595081572e-05)]
MAR07956	[np.float64(9.858754595081572e-05)]
MAR07960	[np.float64(9.858754595081572e-05)]
MAR07963	[np.float64(9.858754595081572e-05)]
MAR07966	[np.float64(9.858754595081572e-05)]
MAR07969	[np.float64(9.858754595081572e-05)]
MAR07981	[np.float64(9.858754595081572e-05)]
MAR07983	[np.float64(9.858754595081572e-05)]
MAR07985	[np.float64(9.858754595081572e-05)]
MAR07988	[np.float64(9.858754595081572e-05)]
MAR07989	[np.float64(9.858754595081572e-05)]
MAR08030	[np.float64(9.858754595081572e-05)]
MAR08058	[np.float64(9.858754595081572e-05)]
MAR08060	[np.float64(9.858754595081572e-05)]
MAR08234	[np.float64(9.858754595081572e-05)]
MAR08236	[np.float64(9.858754595081572e-05)]
MAR08239	[np.float64(9.858754595081572e-05)]
MAR08347	[np.float64(9.858754595081572e-05)]
MAR08350	[np.float64(9.858754595081572e-05)]
MAR08351	[np.float64(9.858754595081572e-05)]
MAR08358	[np.float64(9.858754595081572e-05)]
MAR08369	[np.float64(9.858754595081572e-05)]
MAR08382	[np.float64(9.858754595081572e-05)]
MAR08526	[np.float64(9.858754595081572e-05)]
MAR08553	[np.float64(9.858754595081572e-05)]
MAR08594	[np.float64(9.858754595081572e-05)]
MAR08651	[np.float64(9.858754595081572e-05)]
MAR08681	[np.float64(9.858754595081572e-05)]
MAR08715	[np.float64(9.858754595081572e-05)]
MAR08716	[np.float64(9.858754595081572e-05)]
MAR08719	[np.float64(9.858754595081572e-05)]
MAR08722	[np.float64(9.858754595081572e-05)]
MAR08737	[np.float64(9.858754595081572e-05)]
MAR08851	[np.float64(9.858754595081572e-05)]
MAR08855	[np.float64(9.858754595081572e-05)]
MAR08859	[np.float64(9.858754595081572e-05)]
MAR08886	[np.float64(9.858754595081572e-05)]
MAR08888	[np.float64(9.858754595081572e-05)]
MAR08906	[np.float64(9.858754595081572e-05)]
MAR08914	[np.float64(9.858754595081572e-05)]
MAR08915	[np.float64(9.858754595081572e-05)]
MAR08919	[np.float64(9.858754595081572e-05)]
MAR08921	[np.float64(9.858754595081572e-05)]
MAR09177	[np.float64(9.858754595081572e-05)]
MAR09200	[3.728206335263105e-05]
MAR09625	[np.float64(9.858754595081572e-05)]
MAR09626	[np.float64(9.858754595081572e-05)]
MAR09627	[np.float64(9.858754595081572e-05)]
MAR09628	[np.float64(9.858754595081572e-05)]
MAR09629	[np.float64(9.858754595081572e-05)]
MAR09630	[np.float64(9.858754595081572e-05)]
MAR09631	[np.float64(9.858754595081572e-05)]
MAR09632	[np.float64(9.858754595081572e-05)]
MAR09633	[np.float64(9.858754595081572e-05)]
MAR09634	[np.float64(9.858754595081572e-05)]
MAR09716	[np.float64(9.858754595081572e-05)]
MAR09724	[np.float64(9.858754595081572e-05)]
MAR09732	[np.float64(9.858754595081572e-05)]
MAR07108	[np.float64(9.858754595081572e-05)]
MAR07110	[np.float64(9.858754595081572e-05)]
MAR07112	[np.float64(9.858754595081572e-05)]
MAR07114	[np.float64(9.858754595081572e-05)]
MAR07116	[np.float64(9.858754595081572e-05)]
MAR07118	[np.float64(9.858754595081572e-05)]
MAR07120	[np.float64(9.858754595081572e-05)]
MAR07122	[np.float64(9.858754595081572e-05)]
MAR07124	[np.float64(9.858754595081572e-05)]
MAR07126	[np.float64(9.858754595081572e-05)]
MAR09023	[np.float64(9.858754595081572e-05)]
MAR09024	[np.float64(9.858754595081572e-05)]
MAR09032	[np.float64(9.858754595081572e-05)]
MAR09808	[np.float64(9.858754595081572e-05)]
MAR09809	[np.float64(9.858754595081572e-05)]
MAR09810	[np.float64(9.858754595081572e-05)]
MAR09811	[np.float64(9.858754595081572e-05)]
MAR09812	[np.float64(9.858754595081572e-05)]
MAR09813	[np.float64(9.858754595081572e-05)]
MAR09814	[np.float64(9.858754595081572e-05)]
MAR09815	[np.float64(9.858754595081572e-05)]
MAR09816	[np.float64(9.858754595081572e-05)]
MAR09033	[np.float64(9.858754595081572e-05)]
MAR09034	[np.float64(9.858754595081572e-05)]
MAR09035	[np.float64(9.858754595081572e-05)]
MAR09036	[np.float64(9.858754595081572e-05)]
MAR09037	[np.float64(9.858754595081572e-05)]
MAR09038	[np.float64(9.858754595081572e-05)]
MAR09039	[np.float64(9.858754595081572e-05)]
MAR09040	[np.float64(9.858754595081572e-05)]
MAR09041	[np.float64(9.858754595081572e-05)]
MAR09042	[np.float64(9.858754595081572e-05)]
MAR09043	[np.float64(9.858754595081572e-05)]
MAR09044	[np.float64(9.858754595081572e-05)]
MAR09045	[np.float64(9.858754595081572e-05)]
MAR09046	[np.float64(9.858754595081572e-05)]
MAR09047	[np.float64(9.858754595081572e-05)]
MAR09048	[np.float64(9.858754595081572e-05)]
MAR09049	[np.float64(9.858754595081572e-05)]
MAR09050	[np.float64(9.858754595081572e-05)]
MAR09051	[np.float64(9.858754595081572e-05)]
MAR09052	[np.float64(9.858754595081572e-05)]
MAR09053	[np.float64(9.858754595081572e-05)]
MAR09054	[np.float64(9.858754595081572e-05)]
MAR09055	[np.float64(9.858754595081572e-05)]
MAR09056	[np.float64(9.858754595081572e-05)]
MAR09058	[np.float64(9.858754595081572e-05)]
MAR09061	[np.float64(9.858754595081572e-05)]
MAR09062	[np.float64(9.858754595081572e-05)]
MAR09063	[np.float64(9.858754595081572e-05)]
MAR09064	[np.float64(9.858754595081572e-05)]
MAR09065	[np.float64(9.858754595081572e-05)]
MAR09066	[np.float64(9.858754595081572e-05)]
MAR09067	[np.float64(9.858754595081572e-05)]
MAR09068	[np.float64(9.858754595081572e-05)]
MAR09069	[np.float64(9.858754595081572e-05)]
MAR09070	[np.float64(9.858754595081572e-05)]
MAR09071	[np.float64(9.858754595081572e-05)]
MAR09072	[np.float64(9.858754595081572e-05)]
MAR09073	[np.float64(9.858754595081572e-05)]
MAR09074	[np.float64(9.858754595081572e-05)]
MAR09075	[np.float64(9.858754595081572e-05)]
MAR09076	[np.float64(9.858754595081572e-05)]
MAR09077	[np.float64(9.858754595081572e-05)]
MAR09078	[np.float64(9.858754595081572e-05)]
MAR09079	[np.float64(9.858754595081572e-05)]
MAR09080	[np.float64(9.858754595081572e-05)]
MAR09081	[np.float64(9.858754595081572e-05)]
MAR09082	[np.float64(9.858754595081572e-05)]
MAR09083	[np.float64(9.858754595081572e-05)]
MAR09084	[np.float64(9.858754595081572e-05)]
MAR09085	[np.float64(9.858754595081572e-05)]
MAR09086	[np.float64(9.858754595081572e-05)]
MAR09087	[np.float64(9.858754595081572e-05)]
MAR09088	[np.float64(9.858754595081572e-05)]
MAR09089	[np.float64(9.858754595081572e-05)]
MAR09090	[np.float64(9.858754595081572e-05)]
MAR09091	[np.float64(9.858754595081572e-05)]
MAR09092	[np.float64(9.858754595081572e-05)]
MAR09093	[np.float64(9.858754595081572e-05)]
MAR09094	[np.float64(9.858754595081572e-05)]
MAR09095	[np.float64(9.858754595081572e-05)]
MAR09096	[np.float64(9.858754595081572e-05)]
MAR09097	[np.float64(9.858754595081572e-05)]
MAR09098	[np.float64(9.858754595081572e-05)]
MAR09099	[np.float64(9.858754595081572e-05)]
MAR09100	[np.float64(9.858754595081572e-05)]
MAR09101	[np.float64(9.858754595081572e-05)]
MAR09102	[np.float64(9.858754595081572e-05)]
MAR09103	[np.float64(9.858754595081572e-05)]
MAR09104	[np.float64(9.858754595081572e-05)]
MAR09105	[np.float64(9.858754595081572e-05)]
MAR09106	[np.float64(9.858754595081572e-05)]
MAR09107	[np.float64(9.858754595081572e-05)]
MAR09108	[np.float64(9.858754595081572e-05)]
MAR09109	[np.float64(9.858754595081572e-05)]
MAR09110	[np.float64(9.858754595081572e-05)]
MAR09111	[np.float64(9.858754595081572e-05)]
MAR09113	[np.float64(9.858754595081572e-05)]
MAR09114	[np.float64(9.858754595081572e-05)]
MAR09115	[np.float64(9.858754595081572e-05)]
MAR09116	[np.float64(9.858754595081572e-05)]
MAR09117	[np.float64(9.858754595081572e-05)]
MAR09118	[np.float64(9.858754595081572e-05)]
MAR09119	[np.float64(9.858754595081572e-05)]
MAR09120	[np.float64(9.858754595081572e-05)]
MAR09121	[np.float64(9.858754595081572e-05)]
MAR09122	[np.float64(9.858754595081572e-05)]
MAR09123	[np.float64(9.858754595081572e-05)]
MAR09124	[np.float64(9.858754595081572e-05)]
MAR09125	[np.float64(9.858754595081572e-05)]
MAR09126	[np.float64(9.858754595081572e-05)]
MAR09127	[np.float64(9.858754595081572e-05)]
MAR09128	[np.float64(9.858754595081572e-05)]
MAR09129	[np.float64(9.858754595081572e-05)]
MAR09130	[np.float64(9.858754595081572e-05)]
MAR09131	[np.float64(9.858754595081572e-05)]
MAR09132	[np.float64(9.858754595081572e-05)]
MAR09133	[np.float64(9.858754595081572e-05)]
MAR09134	[np.float64(9.858754595081572e-05)]
MAR09135	[np.float64(9.858754595081572e-05)]
MAR09136	[np.float64(9.858754595081572e-05)]
MAR09137	[np.float64(9.858754595081572e-05)]
MAR09138	[np.float64(9.858754595081572e-05)]
MAR09139	[np.float64(9.858754595081572e-05)]
MAR09140	[np.float64(9.858754595081572e-05)]
MAR09141	[np.float64(9.858754595081572e-05)]
MAR09142	[np.float64(9.858754595081572e-05)]
MAR09143	[np.float64(9.858754595081572e-05)]
MAR09144	[np.float64(9.858754595081572e-05)]
MAR09145	[np.float64(9.858754595081572e-05)]
MAR09146	[np.float64(9.858754595081572e-05)]
MAR09147	[np.float64(9.858754595081572e-05)]
MAR09148	[np.float64(9.858754595081572e-05)]
MAR09149	[np.float64(9.858754595081572e-05)]
MAR09150	[np.float64(9.858754595081572e-05)]
MAR09151	[np.float64(9.858754595081572e-05)]
MAR09152	[np.float64(9.858754595081572e-05)]
MAR09153	[np.float64(9.858754595081572e-05)]
MAR09154	[np.float64(9.858754595081572e-05)]
MAR09155	[np.float64(9.858754595081572e-05)]
MAR09156	[np.float64(9.858754595081572e-05)]
MAR09157	[np.float64(9.858754595081572e-05)]
MAR09158	[np.float64(9.858754595081572e-05)]
MAR09159	[np.float64(9.858754595081572e-05)]
MAR09160	[np.float64(9.858754595081572e-05)]
MAR09161	[np.float64(9.858754595081572e-05)]
MAR09162	[np.float64(9.858754595081572e-05)]
MAR09163	[np.float64(9.858754595081572e-05)]
MAR09164	[np.float64(9.858754595081572e-05)]
MAR09165	[np.float64(9.858754595081572e-05)]
MAR09166	[np.float64(9.858754595081572e-05)]
MAR09167	[np.float64(9.858754595081572e-05)]
MAR09168	[np.float64(9.858754595081572e-05)]
MAR09169	[np.float64(9.858754595081572e-05)]
MAR09171	[np.float64(9.858754595081572e-05)]
MAR09172	[np.float64(9.858754595081572e-05)]
MAR09201	[np.float64(9.858754595081572e-05)]
MAR09202	[np.float64(9.858754595081572e-05)]
MAR09203	[np.float64(9.858754595081572e-05)]
MAR09204	[np.float64(9.858754595081572e-05)]
MAR09205	[np.float64(9.858754595081572e-05)]
MAR09206	[np.float64(9.858754595081572e-05)]
MAR09207	[np.float64(9.858754595081572e-05)]
MAR09208	[np.float64(9.858754595081572e-05)]
MAR09209	[np.float64(9.858754595081572e-05)]
MAR09210	[np.float64(9.858754595081572e-05)]
MAR09211	[np.float64(9.858754595081572e-05)]
MAR09212	[np.float64(9.858754595081572e-05)]
MAR09213	[np.float64(9.858754595081572e-05)]
MAR09214	[np.float64(9.858754595081572e-05)]
MAR09215	[np.float64(9.858754595081572e-05)]
MAR09216	[np.float64(9.858754595081572e-05)]
MAR09217	[np.float64(9.858754595081572e-05)]
MAR09218	[np.float64(9.858754595081572e-05)]
MAR09219	[np.float64(9.858754595081572e-05)]
MAR09220	[np.float64(9.858754595081572e-05)]
MAR09221	[np.float64(9.858754595081572e-05)]
MAR09222	[np.float64(9.858754595081572e-05)]
MAR09223	[np.float64(9.858754595081572e-05)]
MAR09224	[np.float64(9.858754595081572e-05)]
MAR09225	[np.float64(9.858754595081572e-05)]
MAR09226	[np.float64(9.858754595081572e-05)]
MAR09227	[np.float64(9.858754595081572e-05)]
MAR09228	[np.float64(9.858754595081572e-05)]
MAR09229	[np.float64(9.858754595081572e-05)]
MAR09230	[np.float64(9.858754595081572e-05)]
MAR09231	[np.float64(9.858754595081572e-05)]
MAR09232	[np.float64(9.858754595081572e-05)]
MAR09233	[np.float64(9.858754595081572e-05)]
MAR09234	[np.float64(9.858754595081572e-05)]
MAR09235	[np.float64(9.858754595081572e-05)]
MAR09236	[np.float64(9.858754595081572e-05)]
MAR09237	[np.float64(9.858754595081572e-05)]
MAR09238	[np.float64(9.858754595081572e-05)]
MAR09239	[np.float64(9.858754595081572e-05)]
MAR09240	[np.float64(9.858754595081572e-05)]
MAR09241	[np.float64(9.858754595081572e-05)]
MAR09242	[np.float64(9.858754595081572e-05)]
MAR09243	[np.float64(9.858754595081572e-05)]
MAR09244	[np.float64(9.858754595081572e-05)]
MAR09245	[np.float64(9.858754595081572e-05)]
MAR09246	[np.float64(9.858754595081572e-05)]
MAR09247	[np.float64(9.858754595081572e-05)]
MAR09248	[np.float64(9.858754595081572e-05)]
MAR09249	[np.float64(9.858754595081572e-05)]
MAR09250	[np.float64(9.858754595081572e-05)]
MAR09251	[np.float64(9.858754595081572e-05)]
MAR09252	[np.float64(9.858754595081572e-05)]
MAR09253	[np.float64(9.858754595081572e-05)]
MAR09254	[np.float64(9.858754595081572e-05)]
MAR09255	[np.float64(9.858754595081572e-05)]
MAR09256	[np.float64(9.858754595081572e-05)]
MAR09257	[np.float64(9.858754595081572e-05)]
MAR09258	[np.float64(9.858754595081572e-05)]
MAR09259	[np.float64(9.858754595081572e-05)]
MAR09260	[np.float64(9.858754595081572e-05)]
MAR09261	[np.float64(9.858754595081572e-05)]
MAR09262	[np.float64(9.858754595081572e-05)]
MAR09263	[np.float64(9.858754595081572e-05)]
MAR09264	[np.float64(9.858754595081572e-05)]
MAR09265	[np.float64(9.858754595081572e-05)]
MAR09266	[np.float64(9.858754595081572e-05)]
MAR09267	[np.float64(9.858754595081572e-05)]
MAR09268	[np.float64(9.858754595081572e-05)]
MAR09269	[np.float64(9.858754595081572e-05)]
MAR09270	[np.float64(9.858754595081572e-05)]
MAR09271	[np.float64(9.858754595081572e-05)]
MAR09272	[np.float64(9.858754595081572e-05)]
MAR09273	[np.float64(9.858754595081572e-05)]
MAR09275	[np.float64(9.858754595081572e-05)]
MAR09276	[np.float64(9.858754595081572e-05)]
MAR09277	[np.float64(9.858754595081572e-05)]
MAR09278	[np.float64(9.858754595081572e-05)]
MAR09279	[np.float64(9.858754595081572e-05)]
MAR09280	[np.float64(9.858754595081572e-05)]
MAR09281	[np.float64(9.858754595081572e-05)]
MAR09282	[np.float64(9.858754595081572e-05)]
MAR09283	[np.float64(9.858754595081572e-05)]
MAR09284	[np.float64(9.858754595081572e-05)]
MAR09285	[np.float64(9.858754595081572e-05)]
MAR09286	[np.float64(9.858754595081572e-05)]
MAR09287	[np.float64(9.858754595081572e-05)]
MAR09288	[np.float64(9.858754595081572e-05)]
MAR09289	[np.float64(9.858754595081572e-05)]
MAR09290	[np.float64(9.858754595081572e-05)]
MAR09291	[np.float64(9.858754595081572e-05)]
MAR09292	[np.float64(9.858754595081572e-05)]
MAR09293	[np.float64(9.858754595081572e-05)]
MAR09294	[np.float64(9.858754595081572e-05)]
MAR09295	[np.float64(9.858754595081572e-05)]
MAR09296	[np.float64(9.858754595081572e-05)]
MAR09297	[np.float64(9.858754595081572e-05)]
MAR09298	[np.float64(9.858754595081572e-05)]
MAR09299	[np.float64(9.858754595081572e-05)]
MAR09300	[np.float64(9.858754595081572e-05)]
MAR09301	[np.float64(9.858754595081572e-05)]
MAR09302	[np.float64(9.858754595081572e-05)]
MAR09303	[np.float64(9.858754595081572e-05)]
MAR09304	[np.float64(9.858754595081572e-05)]
MAR09305	[np.float64(9.858754595081572e-05)]
MAR09306	[np.float64(9.858754595081572e-05)]
MAR09307	[np.float64(9.858754595081572e-05)]
MAR09308	[np.float64(9.858754595081572e-05)]
MAR09309	[np.float64(9.858754595081572e-05)]
MAR09310	[np.float64(9.858754595081572e-05)]
MAR09311	[np.float64(9.858754595081572e-05)]
MAR09312	[np.float64(9.858754595081572e-05)]
MAR09313	[np.float64(9.858754595081572e-05)]
MAR09314	[np.float64(9.858754595081572e-05)]
MAR09315	[np.float64(9.858754595081572e-05)]
MAR09316	[np.float64(9.858754595081572e-05)]
MAR09317	[np.float64(9.858754595081572e-05)]
MAR09318	[np.float64(9.858754595081572e-05)]
MAR09319	[np.float64(9.858754595081572e-05)]
MAR09320	[np.float64(9.858754595081572e-05)]
MAR09321	[np.float64(9.858754595081572e-05)]
MAR09322	[np.float64(9.858754595081572e-05)]
MAR09323	[np.float64(9.858754595081572e-05)]
MAR09324	[np.float64(9.858754595081572e-05)]
MAR09325	[np.float64(9.858754595081572e-05)]
MAR09326	[np.float64(9.858754595081572e-05)]
MAR09327	[np.float64(9.858754595081572e-05)]
MAR09328	[np.float64(9.858754595081572e-05)]
MAR09329	[np.float64(9.858754595081572e-05)]
MAR09330	[np.float64(9.858754595081572e-05)]
MAR09331	[np.float64(9.858754595081572e-05)]
MAR09332	[np.float64(9.858754595081572e-05)]
MAR09333	[np.float64(9.858754595081572e-05)]
MAR09334	[np.float64(9.858754595081572e-05)]
MAR09335	[np.float64(9.858754595081572e-05)]
MAR09336	[np.float64(9.858754595081572e-05)]
MAR09337	[np.float64(9.858754595081572e-05)]
MAR09338	[np.float64(9.858754595081572e-05)]
MAR09339	[np.float64(9.858754595081572e-05)]
MAR09340	[np.float64(9.858754595081572e-05)]
MAR09341	[np.float64(9.858754595081572e-05)]
MAR09342	[np.float64(9.858754595081572e-05)]
MAR09343	[np.float64(9.858754595081572e-05)]
MAR09344	[np.float64(9.858754595081572e-05)]
MAR09345	[np.float64(9.858754595081572e-05)]
MAR09346	[np.float64(9.858754595081572e-05)]
MAR09347	[np.float64(9.858754595081572e-05)]
MAR09348	[np.float64(9.858754595081572e-05)]
MAR09349	[np.float64(9.858754595081572e-05)]
MAR09350	[np.float64(9.858754595081572e-05)]
MAR09351	[np.float64(9.858754595081572e-05)]
MAR09352	[np.float64(9.858754595081572e-05)]
MAR09353	[np.float64(9.858754595081572e-05)]
MAR09354	[np.float64(9.858754595081572e-05)]
MAR09355	[np.float64(9.858754595081572e-05)]
MAR09356	[np.float64(9.858754595081572e-05)]
MAR09357	[np.float64(9.858754595081572e-05)]
MAR09358	[np.float64(9.858754595081572e-05)]
MAR09359	[np.float64(9.858754595081572e-05)]
MAR09360	[np.float64(9.858754595081572e-05)]
MAR09361	[np.float64(9.858754595081572e-05)]
MAR09362	[np.float64(9.858754595081572e-05)]
MAR09363	[np.float64(9.858754595081572e-05)]
MAR09364	[np.float64(9.858754595081572e-05)]
MAR09365	[np.float64(9.858754595081572e-05)]
MAR09366	[np.float64(9.858754595081572e-05)]
MAR09367	[np.float64(9.858754595081572e-05)]
MAR09368	[np.float64(9.858754595081572e-05)]
MAR09369	[np.float64(9.858754595081572e-05)]
MAR09370	[np.float64(9.858754595081572e-05)]
MAR09371	[np.float64(9.858754595081572e-05)]
MAR09372	[np.float64(9.858754595081572e-05)]
MAR09373	[np.float64(9.858754595081572e-05)]
MAR09374	[np.float64(9.858754595081572e-05)]
MAR09375	[np.float64(9.858754595081572e-05)]
MAR09376	[np.float64(9.858754595081572e-05)]
MAR09377	[np.float64(9.858754595081572e-05)]
MAR09378	[np.float64(9.858754595081572e-05)]
MAR09379	[np.float64(9.858754595081572e-05)]
MAR09380	[np.float64(9.858754595081572e-05)]
MAR09381	[np.float64(9.858754595081572e-05)]
MAR09382	[np.float64(9.858754595081572e-05)]
MAR09383	[np.float64(9.858754595081572e-05)]
MAR09384	[np.float64(9.858754595081572e-05)]
MAR09385	[np.float64(9.858754595081572e-05)]
MAR09386	[np.float64(9.858754595081572e-05)]
MAR09387	[np.float64(9.858754595081572e-05)]
MAR09388	[np.float64(9.858754595081572e-05)]
MAR09389	[np.float64(9.858754595081572e-05)]
MAR09390	[np.float64(9.858754595081572e-05)]
MAR09391	[np.float64(9.858754595081572e-05)]
MAR09392	[np.float64(9.858754595081572e-05)]
MAR09393	[np.float64(9.858754595081572e-05)]
MAR09394	[np.float64(9.858754595081572e-05)]
MAR09395	[np.float64(9.858754595081572e-05)]
MAR09396	[np.float64(9.858754595081572e-05)]
MAR09397	[np.float64(9.858754595081572e-05)]
MAR09398	[np.float64(9.858754595081572e-05)]
MAR09399	[np.float64(9.858754595081572e-05)]
MAR09400	[np.float64(9.858754595081572e-05)]
MAR09401	[np.float64(9.858754595081572e-05)]
MAR09404	[np.float64(9.858754595081572e-05)]
MAR09405	[np.float64(9.858754595081572e-05)]
MAR09406	[np.float64(9.858754595081572e-05)]
MAR09407	[np.float64(9.858754595081572e-05)]
MAR09408	[np.float64(9.858754595081572e-05)]
MAR09409	[np.float64(9.858754595081572e-05)]
MAR09410	[np.float64(9.858754595081572e-05)]
MAR09411	[np.float64(9.858754595081572e-05)]
MAR09412	[np.float64(9.858754595081572e-05)]
MAR09413	[np.float64(9.858754595081572e-05)]
MAR09414	[np.float64(9.858754595081572e-05)]
MAR09415	[np.float64(9.858754595081572e-05)]
MAR09416	[np.float64(9.858754595081572e-05)]
MAR09417	[np.float64(9.858754595081572e-05)]
MAR09418	[np.float64(9.858754595081572e-05)]
MAR09419	[np.float64(9.858754595081572e-05)]
MAR09420	[np.float64(9.858754595081572e-05)]
MAR09421	[np.float64(9.858754595081572e-05)]
MAR09422	[np.float64(9.858754595081572e-05)]
MAR09423	[np.float64(9.858754595081572e-05)]
MAR09424	[np.float64(9.858754595081572e-05)]
MAR09425	[np.float64(9.858754595081572e-05)]
MAR09426	[np.float64(9.858754595081572e-05)]
MAR09427	[np.float64(9.858754595081572e-05)]
MAR09428	[np.float64(9.858754595081572e-05)]
MAR09429	[np.float64(9.858754595081572e-05)]
MAR09430	[np.float64(9.858754595081572e-05)]
MAR09431	[np.float64(9.858754595081572e-05)]
MAR09432	[np.float64(9.858754595081572e-05)]
MAR09433	[np.float64(9.858754595081572e-05)]
MAR09434	[np.float64(9.858754595081572e-05)]
MAR09435	[np.float64(9.858754595081572e-05)]
MAR09436	[np.float64(9.858754595081572e-05)]
MAR09437	[np.float64(9.858754595081572e-05)]
MAR09438	[np.float64(9.858754595081572e-05)]
MAR09439	[np.float64(9.858754595081572e-05)]
MAR09440	[np.float64(9.858754595081572e-05)]
MAR09441	[np.float64(9.858754595081572e-05)]
MAR09442	[np.float64(9.858754595081572e-05)]
MAR09443	[np.float64(9.858754595081572e-05)]
MAR09444	[np.float64(9.858754595081572e-05)]
MAR09445	[np.float64(9.858754595081572e-05)]
MAR09446	[np.float64(9.858754595081572e-05)]
MAR09447	[np.float64(9.858754595081572e-05)]
MAR09448	[np.float64(9.858754595081572e-05)]
MAR09449	[np.float64(9.858754595081572e-05)]
MAR09450	[np.float64(9.858754595081572e-05)]
MAR09451	[np.float64(9.858754595081572e-05)]
MAR09452	[np.float64(9.858754595081572e-05)]
MAR09453	[np.float64(9.858754595081572e-05)]
MAR09454	[np.float64(9.858754595081572e-05)]
MAR09455	[np.float64(9.858754595081572e-05)]
MAR09456	[np.float64(9.858754595081572e-05)]
MAR09457	[np.float64(9.858754595081572e-05)]
MAR09458	[np.float64(9.858754595081572e-05)]
MAR09460	[np.float64(9.858754595081572e-05)]
MAR09461	[np.float64(9.858754595081572e-05)]
MAR09462	[np.float64(9.858754595081572e-05)]
MAR09463	[np.float64(9.858754595081572e-05)]
MAR09681	[np.float64(9.858754595081572e-05)]
MAR09682	[np.float64(9.858754595081572e-05)]
MAR09683	[np.float64(9.858754595081572e-05)]
MAR09684	[np.float64(9.858754595081572e-05)]
MAR09685	[np.float64(9.858754595081572e-05)]
MAR09686	[np.float64(9.858754595081572e-05)]
MAR09687	[np.float64(9.858754595081572e-05)]
MAR09688	[np.float64(9.858754595081572e-05)]
MAR09689	[np.float64(9.858754595081572e-05)]
MAR09690	[np.float64(9.858754595081572e-05)]
MAR09691	[np.float64(9.858754595081572e-05)]
MAR09692	[np.float64(9.858754595081572e-05)]
MAR09693	[np.float64(9.858754595081572e-05)]
MAR09694	[np.float64(9.858754595081572e-05)]
MAR09695	[np.float64(9.858754595081572e-05)]
MAR09696	[np.float64(9.858754595081572e-05)]
MAR09697	[np.float64(9.858754595081572e-05)]
MAR09698	[np.float64(9.858754595081572e-05)]
MAR09699	[np.float64(9.858754595081572e-05)]
MAR09700	[np.float64(9.858754595081572e-05)]
MAR09701	[np.float64(9.858754595081572e-05)]
MAR09702	[np.float64(9.858754595081572e-05)]
MAR09703	[np.float64(9.858754595081572e-05)]
MAR09704	[np.float64(9.858754595081572e-05)]
MAR09705	[np.float64(9.858754595081572e-05)]
MAR09706	[np.float64(9.858754595081572e-05)]
MAR09707	[np.float64(9.858754595081572e-05)]
MAR09708	[np.float64(9.858754595081572e-05)]
MAR09709	[np.float64(9.858754595081572e-05)]
MAR09710	[np.float64(9.858754595081572e-05)]
MAR09711	[np.float64(9.858754595081572e-05)]
MAR09712	[np.float64(9.858754595081572e-05)]
MAR09713	[np.float64(9.858754595081572e-05)]
MAR09714	[np.float64(9.858754595081572e-05)]
MAR09715	[np.float64(9.858754595081572e-05)]
MAR09721	[np.float64(9.858754595081572e-05)]
MAR09729	[np.float64(9.858754595081572e-05)]
MAR09730	[np.float64(9.858754595081572e-05)]
MAR09725	[np.float64(9.858754595081572e-05)]
MAR00031	[3.728206335263105e-05]
MAR00021	[np.float64(9.858754595081572e-05)]
MAR00022	[np.float64(9.858754595081572e-05)]
MAR00023	[np.float64(9.858754595081572e-05)]
MAR00033	[np.float64(9.858754595081572e-05)]
MAR00034	[np.float64(9.858754595081572e-05)]
MAR00035	[np.float64(9.858754595081572e-05)]
MAR00036	[np.float64(9.858754595081572e-05)]
MAR00037	[np.float64(9.858754595081572e-05)]
MAR00038	[np.float64(9.858754595081572e-05)]
MAR00040	[np.float64(9.858754595081572e-05)]
MAR00041	[np.float64(9.858754595081572e-05)]
MAR00043	[np.float64(9.858754595081572e-05)]
MAR00044	[np.float64(9.858754595081572e-05)]
MAR00045	[np.float64(9.858754595081572e-05)]
MAR00046	[np.float64(9.858754595081572e-05)]
MAR00047	[np.float64(9.858754595081572e-05)]
MAR00048	[np.float64(9.858754595081572e-05)]
MAR00049	[np.float64(9.858754595081572e-05)]
MAR00050	[np.float64(9.858754595081572e-05)]
MAR00051	[np.float64(9.858754595081572e-05)]
MAR00052	[0.005938969176443775]
MAR00053	[np.float64(9.858754595081572e-05)]
MAR00054	[np.float64(9.858754595081572e-05)]
MAR00055	[np.float64(9.858754595081572e-05)]
MAR00056	[np.float64(9.858754595081572e-05)]
MAR00057	[np.float64(9.858754595081572e-05)]
MAR00058	[0.006636517029453973]
MAR00060	[np.float64(9.858754595081572e-05)]
MAR00061	[np.float64(9.858754595081572e-05)]
MAR00062	[np.float64(9.858754595081572e-05)]
MAR00063	[np.float64(9.858754595081572e-05)]
MAR00064	[np.float64(9.858754595081572e-05)]
MAR00065	[0.005938969176443775]
MAR00066	[np.float64(9.858754595081572e-05)]
MAR00067	[np.float64(9.858754595081572e-05)]
MAR00068	[np.float64(9.858754595081572e-05)]
MAR00069	[np.float64(9.858754595081572e-05)]
MAR00070	[np.float64(9.858754595081572e-05)]
MAR00071	[np.float64(9.858754595081572e-05)]
MAR00072	[3.728206335263105e-05]
MAR00073	[np.float64(9.858754595081572e-05)]
MAR00074	[np.float64(9.858754595081572e-05)]
MAR00075	[np.float64(9.858754595081572e-05)]
MAR00076	[np.float64(9.858754595081572e-05)]
MAR00077	[np.float64(9.858754595081572e-05)]
MAR00078	[np.float64(9.858754595081572e-05)]
MAR00079	[np.float64(9.858754595081572e-05)]
MAR00080	[3.728206335263105e-05]
MAR00081	[0.006197797913502931]
MAR00082	[0.006197797913502931]
MAR00083	[0.006694979509823568]
MAR00084	[0.006694979509823568]
MAR00085	[0.006694979509823568]
MAR00086	[np.float64(9.858754595081572e-05)]
MAR00087	[0.00762995585464111]
MAR00088	[np.float64(9.858754595081572e-05)]
MAR00089	[np.float64(9.858754595081572e-05)]
MAR00090	[np.float64(9.858754595081572e-05)]
MAR00091	[np.float64(9.858754595081572e-05)]
MAR00092	[np.float64(9.858754595081572e-05)]
MAR00093	[np.float64(9.858754595081572e-05)]
MAR00094	[np.float64(9.858754595081572e-05)]
MAR00095	[0.006361782362284913]
MAR00097	[np.float64(9.858754595081572e-05)]
MAR00098	[np.float64(9.858754595081572e-05)]
MAR00099	[np.float64(9.858754595081572e-05)]
MAR00100	[np.float64(9.858754595081572e-05)]
MAR00101	[np.float64(9.858754595081572e-05)]
MAR00102	[np.float64(9.858754595081572e-05)]
MAR00103	[np.float64(9.858754595081572e-05)]
MAR00104	[np.float64(9.858754595081572e-05)]
MAR00105	[np.float64(9.858754595081572e-05)]
MAR00106	[np.float64(9.858754595081572e-05)]
MAR00107	[np.float64(9.858754595081572e-05)]
MAR00108	[np.float64(9.858754595081572e-05)]
MAR00109	[np.float64(9.858754595081572e-05)]
MAR00110	[np.float64(9.858754595081572e-05)]
MAR00111	[np.float64(9.858754595081572e-05)]
MAR00112	[np.float64(9.858754595081572e-05)]
MAR00113	[np.float64(9.858754595081572e-05)]
MAR00114	[np.float64(9.858754595081572e-05)]
MAR00115	[np.float64(9.858754595081572e-05)]
MAR00116	[7.173573999643887e-05]
MAR00117	[np.float64(9.858754595081572e-05)]
MAR00118	[7.173573999643887e-05]
MAR00119	[3.728206335263105e-05]
MAR00120	[np.float64(9.858754595081572e-05)]
MAR00121	[np.float64(9.858754595081572e-05)]
MAR00122	[np.float64(9.858754595081572e-05)]
MAR00123	[np.float64(9.858754595081572e-05)]
MAR00124	[np.float64(9.858754595081572e-05)]
MAR00125	[4.490677311270307e-05]
MAR00126	[np.float64(9.858754595081572e-05)]
MAR00127	[np.float64(9.858754595081572e-05)]
MAR00128	[np.float64(9.858754595081572e-05)]
MAR00129	[np.float64(9.858754595081572e-05)]
MAR00130	[np.float64(9.858754595081572e-05)]
MAR00131	[np.float64(9.858754595081572e-05)]
MAR00132	[np.float64(9.858754595081572e-05)]
MAR00133	[np.float64(9.858754595081572e-05)]
MAR00134	[np.float64(9.858754595081572e-05)]
MAR00135	[np.float64(9.858754595081572e-05)]
MAR00136	[np.float64(9.858754595081572e-05)]
MAR00137	[np.float64(9.858754595081572e-05)]
MAR00138	[np.float64(9.858754595081572e-05)]
MAR00139	[np.float64(9.858754595081572e-05)]
MAR00140	[np.float64(9.858754595081572e-05)]
MAR00141	[np.float64(9.858754595081572e-05)]
MAR00142	[np.float64(9.858754595081572e-05)]
MAR00143	[np.float64(9.858754595081572e-05)]
MAR00144	[5.355273042056006e-05]
MAR00145	[np.float64(9.858754595081572e-05)]
MAR00146	[5.355273042056006e-05]
MAR00147	[5.355273042056006e-05]
MAR00148	[5.355273042056006e-05]
MAR00149	[np.float64(9.858754595081572e-05)]
MAR00150	[np.float64(9.858754595081572e-05)]
MAR00151	[np.float64(9.858754595081572e-05)]
MAR00152	[np.float64(9.858754595081572e-05)]
MAR00181	[np.float64(9.858754595081572e-05)]
MAR00186	[np.float64(9.858754595081572e-05)]
MAR00205	[np.float64(9.858754595081572e-05)]
MAR00218	[np.float64(9.858754595081572e-05)]
MAR00219	[np.float64(9.858754595081572e-05)]
MAR00220	[np.float64(9.858754595081572e-05)]
MAR00221	[np.float64(9.858754595081572e-05)]
MAR00222	[3.728206335263105e-05]
MAR00227	[np.float64(9.858754595081572e-05)]
MAR00228	[np.float64(9.858754595081572e-05)]
MAR00229	[np.float64(9.858754595081572e-05)]
MAR00251	[np.float64(9.858754595081572e-05)]
MAR00252	[np.float64(9.858754595081572e-05)]
MAR00285	[np.float64(9.858754595081572e-05)]
MAR00286	[np.float64(9.858754595081572e-05)]
MAR00315	[np.float64(9.858754595081572e-05)]
MAR00316	[np.float64(9.858754595081572e-05)]
MAR00333	[np.float64(9.858754595081572e-05)]
MAR00334	[0.005938969176443775]
MAR00441	[np.float64(9.858754595081572e-05)]
MAR00442	[0.00762995585464111]
MAR00443	[np.float64(9.858754595081572e-05)]
MAR00447	[np.float64(9.858754595081572e-05)]
MAR00451	[np.float64(9.858754595081572e-05)]
MAR00452	[np.float64(9.858754595081572e-05)]
MAR00455	[np.float64(9.858754595081572e-05)]
MAR00465	[np.float64(9.858754595081572e-05)]
MAR00471	[np.float64(9.858754595081572e-05)]
MAR00472	[np.float64(9.858754595081572e-05)]
MAR00473	[np.float64(9.858754595081572e-05)]
MAR00474	[np.float64(9.858754595081572e-05)]
MAR00475	[np.float64(9.858754595081572e-05)]
MAR00480	[np.float64(9.858754595081572e-05)]
MAR00485	[np.float64(9.858754595081572e-05)]
MAR00554	[np.float64(9.858754595081572e-05)]
MAR00564	[np.float64(9.858754595081572e-05)]
MAR00565	[np.float64(9.858754595081572e-05)]
MAR00566	[np.float64(9.858754595081572e-05)]
MAR00567	[np.float64(9.858754595081572e-05)]
MAR00568	[np.float64(9.858754595081572e-05)]
MAR00569	[np.float64(9.858754595081572e-05)]
MAR00570	[np.float64(9.858754595081572e-05)]
MAR00571	[np.float64(9.858754595081572e-05)]
MAR00572	[np.float64(9.858754595081572e-05)]
MAR00573	[np.float64(9.858754595081572e-05)]
MAR00574	[np.float64(9.858754595081572e-05)]
MAR00575	[np.float64(9.858754595081572e-05)]
MAR00576	[np.float64(9.858754595081572e-05)]
MAR00577	[np.float64(9.858754595081572e-05)]
MAR00583	[np.float64(9.858754595081572e-05)]
MAR00585	[np.float64(9.858754595081572e-05)]
MAR00595	[np.float64(9.858754595081572e-05)]
MAR00603	[np.float64(9.858754595081572e-05)]
MAR00606	[np.float64(9.858754595081572e-05)]
MAR00608	[np.float64(9.858754595081572e-05)]
MAR00609	[np.float64(9.858754595081572e-05)]
MAR00611	[np.float64(9.858754595081572e-05)]
MAR00617	[np.float64(9.858754595081572e-05)]
MAR00618	[np.float64(9.858754595081572e-05)]
MAR00619	[np.float64(9.858754595081572e-05)]
MAR00620	[np.float64(9.858754595081572e-05)]
MAR00621	[np.float64(9.858754595081572e-05)]
MAR00624	[np.float64(9.858754595081572e-05)]
MAR00626	[np.float64(9.858754595081572e-05)]
MAR00628	[np.float64(9.858754595081572e-05)]
MAR00631	[np.float64(9.858754595081572e-05)]
MAR00637	[np.float64(9.858754595081572e-05)]
MAR00639	[np.float64(9.858754595081572e-05)]
MAR00650	[np.float64(9.858754595081572e-05)]
MAR00655	[np.float64(9.858754595081572e-05)]
MAR00656	[np.float64(9.858754595081572e-05)]
MAR00658	[np.float64(9.858754595081572e-05)]
MAR00661	[np.float64(9.858754595081572e-05)]
MAR00662	[np.float64(9.858754595081572e-05)]
MAR00666	[np.float64(9.858754595081572e-05)]
MAR00693	[np.float64(9.858754595081572e-05)]
MAR00694	[np.float64(9.858754595081572e-05)]
MAR00695	[np.float64(9.858754595081572e-05)]
MAR00696	[np.float64(9.858754595081572e-05)]
MAR00697	[np.float64(9.858754595081572e-05)]
MAR00698	[np.float64(9.858754595081572e-05)]
MAR00699	[np.float64(9.858754595081572e-05)]
MAR00700	[np.float64(9.858754595081572e-05)]
MAR00701	[np.float64(9.858754595081572e-05)]
MAR00702	[np.float64(9.858754595081572e-05)]
MAR00704	[np.float64(9.858754595081572e-05)]
MAR00711	[np.float64(9.858754595081572e-05)]
MAR00714	[np.float64(9.858754595081572e-05)]
MAR00720	[np.float64(9.858754595081572e-05)]
MAR00721	[np.float64(9.858754595081572e-05)]
MAR00722	[np.float64(9.858754595081572e-05)]
MAR00723	[0.006361782362284913]
MAR00724	[0.006361782362284913]
MAR00725	[0.006361782362284913]
MAR00726	[0.006361782362284913]
MAR00727	[np.float64(9.858754595081572e-05)]
MAR00728	[np.float64(9.858754595081572e-05)]
MAR00729	[0.006361782362284913]
MAR00737	[np.float64(9.858754595081572e-05)]
MAR00739	[0.005429157187097488]
MAR00742	[0.00762995585464111]
MAR00743	[8.837687463265571e-05]
MAR00745	[8.837687463265571e-05]
MAR00747	[8.837687463265571e-05]
MAR00749	[8.837687463265571e-05]
MAR00751	[np.float64(9.858754595081572e-05)]
MAR00752	[np.float64(9.858754595081572e-05)]
MAR00755	[np.float64(9.858754595081572e-05)]
MAR00756	[np.float64(9.858754595081572e-05)]
MAR00757	[np.float64(9.858754595081572e-05)]
MAR00759	[np.float64(9.858754595081572e-05)]
MAR00764	[np.float64(9.858754595081572e-05)]
MAR00772	[np.float64(9.858754595081572e-05)]
MAR00774	[np.float64(9.858754595081572e-05)]
MAR00776	[np.float64(9.858754595081572e-05)]
MAR00777	[np.float64(9.858754595081572e-05)]
MAR00778	[np.float64(9.858754595081572e-05)]
MAR00780	[np.float64(9.858754595081572e-05)]
MAR00784	[np.float64(9.858754595081572e-05)]
MAR00785	[np.float64(9.858754595081572e-05)]
MAR00788	[np.float64(9.858754595081572e-05)]
MAR00799	[np.float64(9.858754595081572e-05)]
MAR00800	[np.float64(9.858754595081572e-05)]
MAR00818	[np.float64(9.858754595081572e-05)]
MAR00833	[np.float64(9.858754595081572e-05)]
MAR00869	[np.float64(9.858754595081572e-05)]
MAR00872	[np.float64(9.858754595081572e-05)]
MAR00874	[np.float64(9.858754595081572e-05)]
MAR00916	[np.float64(9.858754595081572e-05)]
MAR00922	[np.float64(9.858754595081572e-05)]
MAR00923	[np.float64(9.858754595081572e-05)]
MAR00927	[np.float64(9.858754595081572e-05)]
MAR00930	[np.float64(9.858754595081572e-05)]
MAR00952	[np.float64(9.858754595081572e-05)]
MAR00968	[np.float64(9.858754595081572e-05)]
MAR00970	[3.80118259440596e-05]
MAR00972	[np.float64(9.858754595081572e-05)]
MAR00974	[np.float64(9.858754595081572e-05)]
MAR00975	[np.float64(9.858754595081572e-05)]
MAR00977	[np.float64(9.858754595081572e-05)]
MAR00978	[np.float64(9.858754595081572e-05)]
MAR00982	[np.float64(9.858754595081572e-05)]
MAR01001	[np.float64(9.858754595081572e-05)]
MAR01005	[np.float64(9.858754595081572e-05)]
MAR01012	[np.float64(9.858754595081572e-05)]
MAR01019	[np.float64(9.858754595081572e-05)]
MAR01024	[np.float64(9.858754595081572e-05)]
MAR01031	[np.float64(9.858754595081572e-05)]
MAR01032	[np.float64(9.858754595081572e-05)]
MAR01036	[5.833584168831528e-05]
MAR01038	[0.0062946839618430285]
MAR01044	[np.float64(9.858754595081572e-05)]
MAR01046	[np.float64(9.858754595081572e-05)]
MAR01047	[np.float64(9.858754595081572e-05)]
MAR01051	[np.float64(9.858754595081572e-05)]
MAR01052	[np.float64(9.858754595081572e-05)]
MAR01056	[np.float64(9.858754595081572e-05)]
MAR01060	[np.float64(9.858754595081572e-05)]
MAR01076	[np.float64(9.858754595081572e-05)]
MAR01078	[np.float64(9.858754595081572e-05)]
MAR01083	[0.005938969176443775]
MAR01118	[0.00762995585464111]
MAR01141	[0.00762995585464111]
MAR01169	[np.float64(9.858754595081572e-05)]
MAR01314	[0.00762995585464111]
MAR01340	[np.float64(9.858754595081572e-05)]
MAR01348	[np.float64(9.858754595081572e-05)]
MAR01349	[np.float64(9.858754595081572e-05)]
MAR01351	[np.float64(9.858754595081572e-05)]
MAR01353	[np.float64(9.858754595081572e-05)]
MAR01354	[np.float64(9.858754595081572e-05)]
MAR01368	[np.float64(9.858754595081572e-05)]
MAR01369	[np.float64(9.858754595081572e-05)]
MAR01371	[np.float64(9.858754595081572e-05)]
MAR01372	[np.float64(9.858754595081572e-05)]
MAR01377	[np.float64(9.858754595081572e-05)]
MAR01378	[0.00762995585464111]
MAR01380	[np.float64(9.858754595081572e-05)]
MAR01381	[np.float64(9.858754595081572e-05)]
MAR01385	[np.float64(9.858754595081572e-05)]
MAR01386	[np.float64(9.858754595081572e-05)]
MAR01396	[0.00762995585464111]
MAR01397	[np.float64(9.858754595081572e-05)]
MAR01399	[np.float64(9.858754595081572e-05)]
MAR01400	[np.float64(9.858754595081572e-05)]
MAR01435	[np.float64(9.858754595081572e-05)]
MAR01438	[np.float64(9.858754595081572e-05)]
MAR01439	[np.float64(9.858754595081572e-05)]
MAR01441	[np.float64(9.858754595081572e-05)]
MAR01442	[0.005938969176443775]
MAR01444	[0.006361782362284913]
MAR01446	[np.float64(9.858754595081572e-05)]
MAR01447	[np.float64(9.858754595081572e-05)]
MAR01449	[np.float64(9.858754595081572e-05)]
MAR01450	[3.728206335263105e-05]
MAR01452	[np.float64(9.858754595081572e-05)]
MAR01453	[3.728206335263105e-05]
MAR01455	[np.float64(9.858754595081572e-05)]
MAR01456	[np.float64(9.858754595081572e-05)]
MAR01461	[np.float64(9.858754595081572e-05)]
MAR01462	[np.float64(9.858754595081572e-05)]
MAR01463	[np.float64(9.858754595081572e-05)]
MAR01464	[np.float64(9.858754595081572e-05)]
MAR01466	[np.float64(9.858754595081572e-05)]
MAR01468	[np.float64(9.858754595081572e-05)]
MAR01469	[np.float64(9.858754595081572e-05)]
MAR01471	[np.float64(9.858754595081572e-05)]
MAR01472	[0.00459697388961915]
MAR01474	[np.float64(9.858754595081572e-05)]
MAR01475	[np.float64(9.858754595081572e-05)]
MAR01476	[np.float64(9.858754595081572e-05)]
MAR01480	[np.float64(9.858754595081572e-05)]
MAR01481	[np.float64(9.858754595081572e-05)]
MAR01482	[np.float64(9.858754595081572e-05)]
MAR01485	[0.00762995585464111]
MAR01486	[np.float64(9.858754595081572e-05)]
MAR01487	[np.float64(9.858754595081572e-05)]
MAR01488	[np.float64(9.858754595081572e-05)]
MAR01489	[np.float64(9.858754595081572e-05)]
MAR01491	[np.float64(9.858754595081572e-05)]
MAR01492	[np.float64(9.858754595081572e-05)]
MAR01497	[0.00762995585464111]
MAR01498	[np.float64(9.858754595081572e-05)]
MAR01499	[np.float64(9.858754595081572e-05)]
MAR01501	[0.00762995585464111]
MAR01506	[np.float64(9.858754595081572e-05)]
MAR01507	[np.float64(9.858754595081572e-05)]
MAR01508	[np.float64(9.858754595081572e-05)]
MAR01510	[np.float64(9.858754595081572e-05)]
MAR01511	[8.837687463265571e-05]
MAR01513	[np.float64(9.858754595081572e-05)]
MAR01514	[np.float64(9.858754595081572e-05)]
MAR01517	[np.float64(9.858754595081572e-05)]
MAR01518	[np.float64(9.858754595081572e-05)]
MAR01520	[np.float64(9.858754595081572e-05)]
MAR01521	[0.00459697388961915]
MAR01522	[0.00459697388961915]
MAR01523	[np.float64(9.858754595081572e-05)]
MAR01524	[np.float64(9.858754595081572e-05)]
MAR01525	[np.float64(9.858754595081572e-05)]
MAR01527	[np.float64(9.858754595081572e-05)]
MAR01528	[7.814251217446359e-05]
MAR01529	[np.float64(9.858754595081572e-05)]
MAR01534	[0.0066017277052709345]
MAR01537	[np.float64(9.858754595081572e-05)]
MAR01541	[np.float64(9.858754595081572e-05)]
MAR01542	[np.float64(9.858754595081572e-05)]
MAR01554	[0.00762995585464111]
MAR01555	[0.005938969176443775]
MAR01556	[np.float64(9.858754595081572e-05)]
MAR01559	[np.float64(9.858754595081572e-05)]
MAR01560	[0.00762995585464111]
MAR01561	[np.float64(9.858754595081572e-05)]
MAR01562	[np.float64(9.858754595081572e-05)]
MAR01563	[np.float64(9.858754595081572e-05)]
MAR01564	[np.float64(9.858754595081572e-05)]
MAR01566	[np.float64(9.858754595081572e-05)]
MAR01567	[np.float64(9.858754595081572e-05)]
MAR01569	[0.00762995585464111]
MAR01571	[0.006361782362284913]
MAR01574	[0.006361782362284913]
MAR01575	[np.float64(9.858754595081572e-05)]
MAR01578	[np.float64(9.858754595081572e-05)]
MAR01579	[np.float64(9.858754595081572e-05)]
MAR01580	[np.float64(9.858754595081572e-05)]
MAR01582	[np.float64(9.858754595081572e-05)]
MAR01583	[np.float64(9.858754595081572e-05)]
MAR01586	[0.00459697388961915]
MAR01587	[np.float64(9.858754595081572e-05)]
MAR01588	[np.float64(9.858754595081572e-05)]
MAR01591	[np.float64(9.858754595081572e-05)]
MAR01594	[np.float64(9.858754595081572e-05)]
MAR01596	[np.float64(9.858754595081572e-05)]
MAR01597	[np.float64(9.858754595081572e-05)]
MAR01600	[np.float64(9.858754595081572e-05)]
MAR01601	[np.float64(9.858754595081572e-05)]
MAR01603	[np.float64(9.858754595081572e-05)]
MAR01606	[np.float64(9.858754595081572e-05)]
MAR01607	[np.float64(9.858754595081572e-05)]
MAR01612	[np.float64(9.858754595081572e-05)]
MAR01615	[np.float64(9.858754595081572e-05)]
MAR01616	[3.818211092224567e-05]
MAR01618	[np.float64(9.858754595081572e-05)]
MAR01621	[np.float64(9.858754595081572e-05)]
MAR01626	[np.float64(9.858754595081572e-05)]
MAR01628	[np.float64(9.858754595081572e-05)]
MAR01633	[np.float64(9.858754595081572e-05)]
MAR01634	[np.float64(9.858754595081572e-05)]
MAR01636	[np.float64(9.858754595081572e-05)]
MAR01640	[np.float64(9.858754595081572e-05)]
MAR01641	[np.float64(9.858754595081572e-05)]
MAR01643	[np.float64(9.858754595081572e-05)]
MAR01645	[np.float64(9.858754595081572e-05)]
MAR01647	[np.float64(9.858754595081572e-05)]
MAR01648	[np.float64(9.858754595081572e-05)]
MAR01649	[3.728206335263105e-05]
MAR01650	[np.float64(9.858754595081572e-05)]
MAR01654	[np.float64(9.858754595081572e-05)]
MAR01655	[np.float64(9.858754595081572e-05)]
MAR01657	[np.float64(9.858754595081572e-05)]
MAR01658	[np.float64(9.858754595081572e-05)]
MAR01661	[np.float64(9.858754595081572e-05)]
MAR01664	[np.float64(9.858754595081572e-05)]
MAR01669	[np.float64(9.858754595081572e-05)]
MAR01671	[np.float64(9.858754595081572e-05)]
MAR01674	[np.float64(9.858754595081572e-05)]
MAR01675	[np.float64(9.858754595081572e-05)]
MAR01677	[np.float64(9.858754595081572e-05)]
MAR01680	[np.float64(9.858754595081572e-05)]
MAR01683	[np.float64(9.858754595081572e-05)]
MAR01686	[np.float64(9.858754595081572e-05)]
MAR01688	[np.float64(9.858754595081572e-05)]
MAR01690	[np.float64(9.858754595081572e-05)]
MAR01698	[np.float64(9.858754595081572e-05)]
MAR01705	[np.float64(9.858754595081572e-05)]
MAR01707	[np.float64(9.858754595081572e-05)]
MAR01711	[np.float64(9.858754595081572e-05)]
MAR01712	[np.float64(9.858754595081572e-05)]
MAR01713	[0.00762995585464111]
MAR01714	[np.float64(9.858754595081572e-05)]
MAR01715	[7.465022698960405e-05]
MAR01719	[np.float64(9.858754595081572e-05)]
MAR01721	[np.float64(9.858754595081572e-05)]
MAR01724	[np.float64(9.858754595081572e-05)]
MAR01728	[np.float64(9.858754595081572e-05)]
MAR01731	[np.float64(9.858754595081572e-05)]
MAR01732	[np.float64(9.858754595081572e-05)]
MAR01733	[np.float64(9.858754595081572e-05)]
MAR01734	[np.float64(9.858754595081572e-05)]
MAR01736	[np.float64(9.858754595081572e-05)]
MAR01755	[np.float64(9.858754595081572e-05)]
MAR01757	[np.float64(9.858754595081572e-05)]
MAR01763	[np.float64(9.858754595081572e-05)]
MAR01773	[np.float64(9.858754595081572e-05)]
MAR01775	[np.float64(9.858754595081572e-05)]
MAR01779	[np.float64(9.858754595081572e-05)]
MAR01780	[np.float64(9.858754595081572e-05)]
MAR01782	[np.float64(9.858754595081572e-05)]
MAR01791	[np.float64(9.858754595081572e-05)]
MAR01793	[np.float64(9.858754595081572e-05)]
MAR01795	[np.float64(9.858754595081572e-05)]
MAR01799	[np.float64(9.858754595081572e-05)]
MAR01801	[3.728206335263105e-05]
MAR01808	[3.728206335263105e-05]
MAR01812	[np.float64(9.858754595081572e-05)]
MAR01814	[np.float64(9.858754595081572e-05)]
MAR01816	[0.0066017277052709345]
MAR01818	[np.float64(9.858754595081572e-05)]
MAR01820	[0.00762995585464111]
MAR01821	[np.float64(9.858754595081572e-05)]
MAR01822	[np.float64(9.858754595081572e-05)]
MAR01824	[np.float64(9.858754595081572e-05)]
MAR01825	[np.float64(9.858754595081572e-05)]
MAR01826	[np.float64(9.858754595081572e-05)]
MAR01827	[np.float64(9.858754595081572e-05)]
MAR01828	[np.float64(9.858754595081572e-05)]
MAR01829	[np.float64(9.858754595081572e-05)]
MAR01849	[np.float64(9.858754595081572e-05)]
MAR01851	[np.float64(9.858754595081572e-05)]
MAR01856	[np.float64(9.858754595081572e-05)]
MAR01858	[np.float64(9.858754595081572e-05)]
MAR01860	[np.float64(9.858754595081572e-05)]
MAR01869	[np.float64(9.858754595081572e-05)]
MAR01871	[np.float64(9.858754595081572e-05)]
MAR01873	[np.float64(9.858754595081572e-05)]
MAR01912	[np.float64(9.858754595081572e-05)]
MAR01918	[np.float64(9.858754595081572e-05)]
MAR01921	[np.float64(9.858754595081572e-05)]
MAR01922	[np.float64(9.858754595081572e-05)]
MAR01923	[np.float64(9.858754595081572e-05)]
MAR01938	[np.float64(9.858754595081572e-05)]
MAR01939	[np.float64(9.858754595081572e-05)]
MAR01946	[np.float64(9.858754595081572e-05)]
MAR01947	[np.float64(9.858754595081572e-05)]
MAR01954	[np.float64(9.858754595081572e-05)]
MAR01955	[np.float64(9.858754595081572e-05)]
MAR01956	[np.float64(9.858754595081572e-05)]
MAR01957	[np.float64(9.858754595081572e-05)]
MAR01961	[np.float64(9.858754595081572e-05)]
MAR01964	[np.float64(9.858754595081572e-05)]
MAR01965	[np.float64(9.858754595081572e-05)]
MAR01966	[np.float64(9.858754595081572e-05)]
MAR01972	[np.float64(9.858754595081572e-05)]
MAR01975	[np.float64(9.858754595081572e-05)]
MAR01984	[np.float64(9.858754595081572e-05)]
MAR01986	[np.float64(9.858754595081572e-05)]
MAR02021	[np.float64(9.858754595081572e-05)]
MAR02023	[0.005183721565527906]
MAR02026	[7.465022698960405e-05]
MAR02028	[np.float64(9.858754595081572e-05)]
MAR02119	[0.006361782362284913]
MAR02120	[np.float64(9.858754595081572e-05)]
MAR02121	[np.float64(9.858754595081572e-05)]
MAR02122	[np.float64(9.858754595081572e-05)]
MAR02123	[np.float64(9.858754595081572e-05)]
MAR02124	[0.005165007879767774]
MAR02125	[0.005165007879767774]
MAR02126	[5.355273042056006e-05]
MAR02128	[5.355273042056006e-05]
MAR02146	[np.float64(9.858754595081572e-05)]
MAR02147	[7.465022698960405e-05]
MAR02148	[np.float64(9.858754595081572e-05)]
MAR02149	[np.float64(9.858754595081572e-05)]
MAR02183	[np.float64(9.858754595081572e-05)]
MAR02184	[np.float64(9.858754595081572e-05)]
MAR02186	[np.float64(9.858754595081572e-05)]
MAR02187	[np.float64(9.858754595081572e-05)]
MAR02188	[np.float64(9.858754595081572e-05)]
MAR02189	[np.float64(9.858754595081572e-05)]
MAR02192	[np.float64(9.858754595081572e-05)]
MAR02195	[np.float64(9.858754595081572e-05)]
MAR02196	[np.float64(9.858754595081572e-05)]
MAR02197	[np.float64(9.858754595081572e-05)]
MAR02198	[5.1849070780614454e-05]
MAR02200	[np.float64(9.858754595081572e-05)]
MAR02206	[3.728206335263105e-05]
MAR02207	[np.float64(9.858754595081572e-05)]
MAR02216	[4.490677311270307e-05]
MAR02220	[4.490677311270307e-05]
MAR02221	[0.0066017277052709345]
MAR02222	[np.float64(9.858754595081572e-05)]
MAR02223	[np.float64(9.858754595081572e-05)]
MAR02224	[np.float64(9.858754595081572e-05)]
MAR02225	[np.float64(9.858754595081572e-05)]
MAR02226	[0.006636517029453973]
MAR02271	[0.00762995585464111]
MAR02272	[0.005165007879767774]
MAR02273	[np.float64(9.858754595081572e-05)]
MAR02274	[np.float64(9.858754595081572e-05)]
MAR02275	[np.float64(9.858754595081572e-05)]
MAR02278	[np.float64(9.858754595081572e-05)]
MAR02279	[np.float64(9.858754595081572e-05)]
MAR02280	[np.float64(9.858754595081572e-05)]
MAR02283	[np.float64(9.858754595081572e-05)]
MAR02285	[np.float64(9.858754595081572e-05)]
MAR02290	[np.float64(9.858754595081572e-05)]
MAR02291	[np.float64(9.858754595081572e-05)]
MAR02297	[np.float64(9.858754595081572e-05)]
MAR02298	[np.float64(9.858754595081572e-05)]
MAR02299	[np.float64(9.858754595081572e-05)]
MAR02300	[np.float64(9.858754595081572e-05)]
MAR02301	[np.float64(9.858754595081572e-05)]
MAR02302	[np.float64(9.858754595081572e-05)]
MAR02303	[4.490677311270307e-05]
MAR02304	[np.float64(9.858754595081572e-05)]
MAR02306	[np.float64(9.858754595081572e-05)]
MAR02308	[np.float64(9.858754595081572e-05)]
MAR02310	[9.163048262277387e-05]
MAR02312	[9.163048262277387e-05]
MAR02313	[9.163048262277387e-05]
MAR02314	[9.163048262277387e-05]
MAR02316	[np.float64(9.858754595081572e-05)]
MAR02318	[np.float64(9.858754595081572e-05)]
MAR02320	[np.float64(9.858754595081572e-05)]
MAR02322	[np.float64(9.858754595081572e-05)]
MAR02323	[5.833584168831528e-05]
MAR02325	[5.833584168831528e-05]
MAR02327	[5.833584168831528e-05]
MAR02329	[0.006361782362284913]
MAR02331	[np.float64(9.858754595081572e-05)]
MAR02333	[np.float64(9.858754595081572e-05)]
MAR02335	[np.float64(9.858754595081572e-05)]
MAR02337	[3.728206335263105e-05]
MAR02339	[np.float64(9.858754595081572e-05)]
MAR02340	[np.float64(9.858754595081572e-05)]
MAR02341	[np.float64(9.858754595081572e-05)]
MAR02346	[np.float64(9.858754595081572e-05)]
MAR02351	[np.float64(9.858754595081572e-05)]
MAR02352	[3.728206335263105e-05]
MAR02357	[3.728206335263105e-05]
MAR02360	[np.float64(9.858754595081572e-05)]
MAR02375	[np.float64(9.858754595081572e-05)]
MAR02377	[np.float64(9.858754595081572e-05)]
MAR02379	[np.float64(9.858754595081572e-05)]
MAR02381	[7.357392500714337e-05]
MAR02382	[np.float64(9.858754595081572e-05)]
MAR02385	[np.float64(9.858754595081572e-05)]
MAR02386	[np.float64(9.858754595081572e-05)]
MAR02388	[np.float64(9.858754595081572e-05)]
MAR02396	[0.00762995585464111]
MAR02398	[0.00762995585464111]
MAR02400	[0.00762995585464111]
MAR02402	[0.006138562454491075]
MAR02404	[0.00762995585464111]
MAR02405	[4.490677311270307e-05]
MAR02406	[4.490677311270307e-05]
MAR02413	[4.490677311270307e-05]
MAR02414	[4.490677311270307e-05]
MAR02416	[4.490677311270307e-05]
MAR02418	[4.490677311270307e-05]
MAR02420	[4.490677311270307e-05]
MAR02422	[4.490677311270307e-05]
MAR02424	[np.float64(9.858754595081572e-05)]
MAR02425	[np.float64(9.858754595081572e-05)]
MAR02427	[np.float64(9.858754595081572e-05)]
MAR02429	[np.float64(9.858754595081572e-05)]
MAR02431	[np.float64(9.858754595081572e-05)]
MAR02432	[np.float64(9.858754595081572e-05)]
MAR02471	[np.float64(9.858754595081572e-05)]
MAR02473	[np.float64(9.858754595081572e-05)]
MAR02474	[np.float64(9.858754595081572e-05)]
MAR02476	[np.float64(9.858754595081572e-05)]
MAR02477	[np.float64(9.858754595081572e-05)]
MAR02479	[np.float64(9.858754595081572e-05)]
MAR02481	[np.float64(9.858754595081572e-05)]
MAR02483	[np.float64(9.858754595081572e-05)]
MAR02485	[np.float64(9.858754595081572e-05)]
MAR02487	[np.float64(9.858754595081572e-05)]
MAR02488	[np.float64(9.858754595081572e-05)]
MAR02492	[np.float64(9.858754595081572e-05)]
MAR02494	[3.728206335263105e-05]
MAR02496	[np.float64(9.858754595081572e-05)]
MAR02498	[np.float64(9.858754595081572e-05)]
MAR02500	[np.float64(9.858754595081572e-05)]
MAR02502	[np.float64(9.858754595081572e-05)]
MAR02504	[np.float64(9.858754595081572e-05)]
MAR02506	[np.float64(9.858754595081572e-05)]
MAR02507	[np.float64(9.858754595081572e-05)]
MAR02508	[np.float64(9.858754595081572e-05)]
MAR02519	[3.728206335263105e-05]
MAR02521	[3.728206335263105e-05]
MAR02523	[np.float64(9.858754595081572e-05)]
MAR02525	[np.float64(9.858754595081572e-05)]
MAR02527	[np.float64(9.858754595081572e-05)]
MAR02529	[0.00762995585464111]
MAR02531	[3.728206335263105e-05]
MAR02536	[np.float64(9.858754595081572e-05)]
MAR02538	[np.float64(9.858754595081572e-05)]
MAR02539	[np.float64(9.858754595081572e-05)]
MAR02589	[np.float64(9.858754595081572e-05)]
MAR02595	[np.float64(9.858754595081572e-05)]
MAR02597	[np.float64(9.858754595081572e-05)]
MAR02615	[0.00762995585464111]
MAR02617	[0.00762995585464111]
MAR02619	[0.00762995585464111]
MAR02627	[0.00762995585464111]
MAR02628	[0.00762995585464111]
MAR02631	[0.00762995585464111]
MAR02632	[0.00762995585464111]
MAR02637	[0.00762995585464111]
MAR02639	[0.00762995585464111]
MAR02641	[0.00762995585464111]
MAR02643	[0.00762995585464111]
MAR02645	[3.728206335263105e-05]
MAR02647	[0.00762995585464111]
MAR02694	[3.728206335263105e-05]
MAR02696	[0.006361782362284913]
MAR02698	[np.float64(9.858754595081572e-05)]
MAR02721	[np.float64(9.858754595081572e-05)]
MAR02723	[0.00762995585464111]
MAR02725	[np.float64(9.858754595081572e-05)]
MAR02728	[np.float64(9.858754595081572e-05)]
MAR02743	[np.float64(9.858754595081572e-05)]
MAR02747	[np.float64(9.858754595081572e-05)]
MAR02749	[np.float64(9.858754595081572e-05)]
MAR02751	[0.00762995585464111]
MAR02756	[np.float64(9.858754595081572e-05)]
MAR02763	[np.float64(9.858754595081572e-05)]
MAR02765	[np.float64(9.858754595081572e-05)]
MAR02767	[0.005183721565527906]
MAR02779	[np.float64(9.858754595081572e-05)]
MAR02781	[np.float64(9.858754595081572e-05)]
MAR02782	[np.float64(9.858754595081572e-05)]
MAR02784	[np.float64(9.858754595081572e-05)]
MAR02786	[9.163048262277387e-05]
MAR02802	[9.163048262277387e-05]
MAR02804	[np.float64(9.858754595081572e-05)]
MAR02808	[np.float64(9.858754595081572e-05)]
MAR02810	[np.float64(9.858754595081572e-05)]
MAR02818	[np.float64(9.858754595081572e-05)]
MAR02820	[np.float64(9.858754595081572e-05)]
MAR02826	[np.float64(9.858754595081572e-05)]
MAR02828	[np.float64(9.858754595081572e-05)]
MAR02858	[0.005938969176443775]
MAR02860	[np.float64(9.858754595081572e-05)]
MAR02881	[0.00762995585464111]
MAR02883	[np.float64(9.858754595081572e-05)]
MAR02885	[np.float64(9.858754595081572e-05)]
MAR02887	[np.float64(9.858754595081572e-05)]
MAR02889	[np.float64(9.858754595081572e-05)]
MAR02891	[np.float64(9.858754595081572e-05)]
MAR02893	[np.float64(9.858754595081572e-05)]
MAR02895	[np.float64(9.858754595081572e-05)]
MAR02933	[np.float64(9.858754595081572e-05)]
MAR02934	[np.float64(9.858754595081572e-05)]
MAR02935	[np.float64(9.858754595081572e-05)]
MAR02936	[np.float64(9.858754595081572e-05)]
MAR02937	[np.float64(9.858754595081572e-05)]
MAR02938	[np.float64(9.858754595081572e-05)]
MAR02939	[np.float64(9.858754595081572e-05)]
MAR02940	[np.float64(9.858754595081572e-05)]
MAR02941	[np.float64(9.858754595081572e-05)]
MAR02950	[np.float64(9.858754595081572e-05)]
MAR02953	[np.float64(9.858754595081572e-05)]
MAR02958	[np.float64(9.858754595081572e-05)]
MAR02960	[np.float64(9.858754595081572e-05)]
MAR02993	[np.float64(9.858754595081572e-05)]
MAR02995	[np.float64(9.858754595081572e-05)]
MAR02997	[np.float64(9.858754595081572e-05)]
MAR03004	[np.float64(9.858754595081572e-05)]
MAR03005	[0.006361782362284913]
MAR03006	[np.float64(9.858754595081572e-05)]
MAR03010	[np.float64(9.858754595081572e-05)]
MAR03012	[np.float64(9.858754595081572e-05)]
MAR03016	[np.float64(9.858754595081572e-05)]
MAR03031	[0.00762995585464111]
MAR03036	[np.float64(9.858754595081572e-05)]
MAR03038	[0.00762995585464111]
MAR03039	[np.float64(9.858754595081572e-05)]
MAR03040	[np.float64(9.858754595081572e-05)]
MAR03041	[np.float64(9.858754595081572e-05)]
MAR03042	[0.00762995585464111]
MAR03043	[0.006361782362284913]
MAR03044	[np.float64(9.858754595081572e-05)]
MAR03045	[0.006361782362284913]
MAR03046	[np.float64(9.858754595081572e-05)]
MAR03047	[np.float64(9.858754595081572e-05)]
MAR03048	[np.float64(9.858754595081572e-05)]
MAR03049	[np.float64(9.858754595081572e-05)]
MAR03050	[np.float64(9.858754595081572e-05)]
MAR03051	[0.00762995585464111]
MAR03052	[0.00762995585464111]
MAR03061	[np.float64(9.858754595081572e-05)]
MAR03119	[np.float64(9.858754595081572e-05)]
MAR03120	[np.float64(9.858754595081572e-05)]
MAR03124	[4.758380592513524e-05]
MAR03126	[np.float64(9.858754595081572e-05)]
MAR03127	[0.005312458535612697]
MAR03131	[np.float64(9.858754595081572e-05)]
MAR03133	[np.float64(9.858754595081572e-05)]
MAR03134	[0.00762995585464111]
MAR03138	[np.float64(9.858754595081572e-05)]
MAR03140	[0.00762995585464111]
MAR03141	[3.728206335263105e-05]
MAR03145	[0.006361782362284913]
MAR03147	[0.00762995585464111]
MAR03148	[3.728206335263105e-05]
MAR03152	[0.006361782362284913]
MAR03154	[np.float64(9.858754595081572e-05)]
MAR03155	[np.float64(9.858754595081572e-05)]
MAR03159	[np.float64(9.858754595081572e-05)]
MAR03161	[np.float64(9.858754595081572e-05)]
MAR03162	[0.0062946839618430285]
MAR03165	[np.float64(9.858754595081572e-05)]
MAR03167	[np.float64(9.858754595081572e-05)]
MAR03168	[np.float64(9.858754595081572e-05)]
MAR03169	[0.00762995585464111]
MAR03207	[0.00762995585464111]
MAR03209	[np.float64(9.858754595081572e-05)]
MAR03210	[np.float64(9.858754595081572e-05)]
MAR03214	[np.float64(9.858754595081572e-05)]
MAR03216	[np.float64(9.858754595081572e-05)]
MAR03217	[np.float64(9.858754595081572e-05)]
MAR03238	[np.float64(9.858754595081572e-05)]
MAR03248	[np.float64(9.858754595081572e-05)]
MAR03249	[np.float64(9.858754595081572e-05)]
MAR03251	[0.006361782362284913]
MAR03253	[0.006361782362284913]
MAR03255	[np.float64(9.858754595081572e-05)]
MAR03257	[0.00762995585464111]
MAR03259	[np.float64(9.858754595081572e-05)]
MAR03261	[np.float64(9.858754595081572e-05)]
MAR03263	[0.006361782362284913]
MAR03265	[np.float64(9.858754595081572e-05)]
MAR03266	[np.float64(9.858754595081572e-05)]
MAR03267	[np.float64(9.858754595081572e-05)]
MAR03268	[np.float64(9.858754595081572e-05)]
MAR03269	[3.728206335263105e-05]
MAR03270	[np.float64(9.858754595081572e-05)]
MAR03271	[np.float64(9.858754595081572e-05)]
MAR03273	[9.163048262277387e-05]
MAR03274	[9.163048262277387e-05]
MAR03276	[np.float64(9.858754595081572e-05)]
MAR03289	[np.float64(9.858754595081572e-05)]
MAR03291	[np.float64(9.858754595081572e-05)]
MAR03295	[np.float64(9.858754595081572e-05)]
MAR03297	[3.728206335263105e-05]
MAR03299	[np.float64(9.858754595081572e-05)]
MAR03300	[np.float64(9.858754595081572e-05)]
MAR03303	[np.float64(9.858754595081572e-05)]
MAR03308	[np.float64(9.858754595081572e-05)]
MAR03313	[np.float64(9.858754595081572e-05)]
MAR03318	[np.float64(9.858754595081572e-05)]
MAR03324	[np.float64(9.858754595081572e-05)]
MAR03325	[np.float64(9.858754595081572e-05)]
MAR03354	[np.float64(9.858754595081572e-05)]
MAR03366	[np.float64(9.858754595081572e-05)]
MAR03371	[np.float64(9.858754595081572e-05)]
MAR03374	[np.float64(9.858754595081572e-05)]
MAR03376	[np.float64(9.858754595081572e-05)]
MAR03377	[np.float64(9.858754595081572e-05)]
MAR03378	[np.float64(9.858754595081572e-05)]
MAR03379	[3.728206335263105e-05]
MAR03380	[3.728206335263105e-05]
MAR03381	[3.80118259440596e-05]
MAR03382	[np.float64(9.858754595081572e-05)]
MAR03383	[np.float64(9.858754595081572e-05)]
MAR03384	[np.float64(9.858754595081572e-05)]
MAR03385	[np.float64(9.858754595081572e-05)]
MAR03386	[np.float64(9.858754595081572e-05)]
MAR03387	[9.163048262277387e-05]
MAR03388	[np.float64(9.858754595081572e-05)]
MAR03389	[0.005429157187097488]
MAR03390	[np.float64(9.858754595081572e-05)]
MAR03391	[3.728206335263105e-05]
MAR03392	[np.float64(9.858754595081572e-05)]
MAR03393	[3.728206335263105e-05]
MAR03394	[3.728206335263105e-05]
MAR03395	[3.728206335263105e-05]
MAR03399	[3.728206335263105e-05]
MAR03400	[0.00762995585464111]
MAR03401	[3.728206335263105e-05]
MAR03402	[3.728206335263105e-05]
MAR03403	[3.728206335263105e-05]
MAR03404	[3.728206335263105e-05]
MAR03405	[3.728206335263105e-05]
MAR03410	[3.728206335263105e-05]
MAR03412	[3.728206335263105e-05]
MAR03415	[3.728206335263105e-05]
MAR03417	[3.728206335263105e-05]
MAR03418	[3.728206335263105e-05]
MAR03419	[np.float64(9.858754595081572e-05)]
MAR03420	[np.float64(9.858754595081572e-05)]
MAR03434	[np.float64(9.858754595081572e-05)]
MAR03435	[np.float64(9.858754595081572e-05)]
MAR03436	[0.005183721565527906]
MAR03437	[np.float64(9.858754595081572e-05)]
MAR03438	[3.728206335263105e-05]
MAR03439	[8.837687463265571e-05]
MAR03440	[3.728206335263105e-05]
MAR03442	[3.728206335263105e-05]
MAR03443	[3.728206335263105e-05]
MAR03451	[3.728206335263105e-05]
MAR03465	[3.728206335263105e-05]
MAR03474	[3.728206335263105e-05]
MAR03479	[3.728206335263105e-05]
MAR03483	[np.float64(9.858754595081572e-05)]
MAR03485	[3.728206335263105e-05]
MAR03487	[3.728206335263105e-05]
MAR03490	[3.728206335263105e-05]
MAR03492	[3.728206335263105e-05]
MAR03494	[3.728206335263105e-05]
MAR03495	[3.728206335263105e-05]
MAR03496	[3.728206335263105e-05]
MAR03497	[3.728206335263105e-05]
MAR03499	[3.728206335263105e-05]
MAR03500	[3.728206335263105e-05]
MAR03502	[3.728206335263105e-05]
MAR03504	[3.728206335263105e-05]
MAR03507	[3.728206335263105e-05]
MAR03516	[3.728206335263105e-05]
MAR03518	[3.728206335263105e-05]
MAR03535	[3.728206335263105e-05]
MAR03536	[np.float64(9.858754595081572e-05)]
MAR03598	[np.float64(9.858754595081572e-05)]
MAR03599	[np.float64(9.858754595081572e-05)]
MAR03600	[np.float64(9.858754595081572e-05)]
MAR03601	[np.float64(9.858754595081572e-05)]
MAR03602	[np.float64(9.858754595081572e-05)]
MAR03603	[np.float64(9.858754595081572e-05)]
MAR03604	[3.728206335263105e-05]
MAR03605	[3.728206335263105e-05]
MAR03606	[3.728206335263105e-05]
MAR03607	[3.728206335263105e-05]
MAR03608	[3.728206335263105e-05]
MAR03609	[3.728206335263105e-05]
MAR03610	[3.728206335263105e-05]
MAR03611	[3.728206335263105e-05]
MAR03612	[3.728206335263105e-05]
MAR03613	[0.00762995585464111]
MAR03614	[0.00762995585464111]
MAR03615	[3.728206335263105e-05]
MAR03616	[3.728206335263105e-05]
MAR03617	[3.728206335263105e-05]
MAR03618	[8.837687463265571e-05]
MAR03619	[3.728206335263105e-05]
MAR03620	[np.float64(9.858754595081572e-05)]
MAR03621	[3.728206335263105e-05]
MAR03623	[np.float64(9.858754595081572e-05)]
MAR03624	[3.728206335263105e-05]
MAR03745	[np.float64(9.858754595081572e-05)]
MAR03749	[3.728206335263105e-05]
MAR03756	[np.float64(9.858754595081572e-05)]
MAR03758	[np.float64(9.858754595081572e-05)]
MAR03764	[np.float64(9.858754595081572e-05)]
MAR03766	[np.float64(9.858754595081572e-05)]
MAR03768	[np.float64(9.858754595081572e-05)]
MAR03774	[np.float64(9.858754595081572e-05)]
MAR03776	[0.006603865203213223]
MAR03779	[np.float64(9.858754595081572e-05)]
MAR03781	[0.00459697388961915]
MAR03786	[0.00459697388961915]
MAR03788	[np.float64(9.858754595081572e-05)]
MAR03791	[0.00459697388961915]
MAR03798	[0.00459697388961915]
MAR03801	[9.163048262277387e-05]
MAR03803	[9.163048262277387e-05]
MAR03805	[9.163048262277387e-05]
MAR03808	[3.728206335263105e-05]
MAR03810	[np.float64(9.858754595081572e-05)]
MAR03812	[3.728206335263105e-05]
MAR03814	[np.float64(9.858754595081572e-05)]
MAR03815	[np.float64(9.858754595081572e-05)]
MAR03817	[np.float64(9.858754595081572e-05)]
MAR03821	[np.float64(9.858754595081572e-05)]
MAR03824	[np.float64(9.858754595081572e-05)]
MAR03826	[0.0062946839618430285]
MAR03828	[np.float64(9.858754595081572e-05)]
MAR03830	[np.float64(9.858754595081572e-05)]
MAR03834	[np.float64(9.858754595081572e-05)]
MAR03836	[np.float64(9.858754595081572e-05)]
MAR03840	[np.float64(9.858754595081572e-05)]
MAR03842	[0.006361782362284913]
MAR03844	[np.float64(9.858754595081572e-05)]
MAR03846	[9.163048262277387e-05]
MAR03872	[9.163048262277387e-05]
MAR03874	[9.163048262277387e-05]
MAR03876	[3.728206335263105e-05]
MAR03878	[np.float64(9.858754595081572e-05)]
MAR03880	[np.float64(9.858754595081572e-05)]
MAR03882	[np.float64(9.858754595081572e-05)]
MAR03884	[np.float64(9.858754595081572e-05)]
MAR03886	[5.1849070780614454e-05]
MAR03887	[np.float64(9.858754595081572e-05)]
MAR03888	[np.float64(9.858754595081572e-05)]
MAR03891	[0.006361782362284913]
MAR03893	[0.006361782362284913]
MAR03894	[np.float64(9.858754595081572e-05)]
MAR03896	[np.float64(9.858754595081572e-05)]
MAR03898	[np.float64(9.858754595081572e-05)]
MAR03900	[0.006361782362284913]
MAR03902	[np.float64(9.858754595081572e-05)]
MAR03904	[np.float64(9.858754595081572e-05)]
MAR03906	[0.006361782362284913]
MAR03909	[np.float64(9.858754595081572e-05)]
MAR03913	[0.006361782362284913]
MAR03914	[np.float64(9.858754595081572e-05)]
MAR03918	[3.728206335263105e-05]
MAR03924	[3.728206335263105e-05]
MAR03926	[4.758380592513524e-05]
MAR03927	[np.float64(9.858754595081572e-05)]
MAR03930	[np.float64(9.858754595081572e-05)]
MAR03932	[np.float64(9.858754595081572e-05)]
MAR03934	[np.float64(9.858754595081572e-05)]
MAR03936	[np.float64(9.858754595081572e-05)]
MAR03938	[4.758380592513524e-05]
MAR03941	[4.758380592513524e-05]
MAR03942	[4.758380592513524e-05]
MAR03943	[4.758380592513524e-05]
MAR03945	[4.758380592513524e-05]
MAR03961	[4.758380592513524e-05]
MAR03962	[np.float64(9.858754595081572e-05)]
MAR03963	[4.758380592513524e-05]
MAR03973	[4.758380592513524e-05]
MAR03976	[4.758380592513524e-05]
MAR03978	[4.758380592513524e-05]
MAR03981	[np.float64(9.858754595081572e-05)]
MAR03983	[3.728206335263105e-05]
MAR03985	[3.728206335263105e-05]
MAR03990	[np.float64(9.858754595081572e-05)]
MAR03994	[np.float64(9.858754595081572e-05)]
MAR03997	[np.float64(9.858754595081572e-05)]
MAR04001	[np.float64(9.858754595081572e-05)]
MAR04003	[np.float64(9.858754595081572e-05)]
MAR04007	[np.float64(9.858754595081572e-05)]
MAR04009	[np.float64(9.858754595081572e-05)]
MAR04011	[np.float64(9.858754595081572e-05)]
MAR04013	[np.float64(9.858754595081572e-05)]
MAR04015	[np.float64(9.858754595081572e-05)]
MAR04017	[np.float64(9.858754595081572e-05)]
MAR04019	[np.float64(9.858754595081572e-05)]
MAR04021	[0.00482907184438752]
MAR04023	[4.811018483726432e-05]
MAR04025	[0.00482907184438752]
MAR04027	[0.00482907184438752]
MAR04029	[4.811018483726432e-05]
MAR04031	[0.00482907184438752]
MAR04033	[0.00482907184438752]
MAR04035	[4.811018483726432e-05]
MAR04037	[0.00482907184438752]
MAR04039	[np.float64(9.858754595081572e-05)]
MAR04041	[np.float64(9.858754595081572e-05)]
MAR04043	[0.00482907184438752]
MAR04045	[4.811018483726432e-05]
MAR04047	[0.00482907184438752]
MAR04049	[np.float64(9.858754595081572e-05)]
MAR04051	[np.float64(9.858754595081572e-05)]
MAR04053	[np.float64(9.858754595081572e-05)]
MAR04055	[np.float64(9.858754595081572e-05)]
MAR04057	[0.00482907184438752]
MAR04074	[4.811018483726432e-05]
MAR04076	[0.00482907184438752]
MAR04088	[np.float64(9.858754595081572e-05)]
MAR04090	[np.float64(9.858754595081572e-05)]
MAR04092	[np.float64(9.858754595081572e-05)]
MAR04094	[np.float64(9.858754595081572e-05)]
MAR04096	[np.float64(9.858754595081572e-05)]
MAR04098	[np.float64(9.858754595081572e-05)]
MAR04100	[np.float64(9.858754595081572e-05)]
MAR04102	[np.float64(9.858754595081572e-05)]
MAR04104	[np.float64(9.858754595081572e-05)]
MAR04110	[np.float64(9.858754595081572e-05)]
MAR04117	[np.float64(9.858754595081572e-05)]
MAR04119	[np.float64(9.858754595081572e-05)]
MAR04129	[np.float64(9.858754595081572e-05)]
MAR04138	[np.float64(9.858754595081572e-05)]
MAR04140	[np.float64(9.858754595081572e-05)]
MAR04142	[np.float64(9.858754595081572e-05)]
MAR04146	[np.float64(9.858754595081572e-05)]
MAR04148	[np.float64(9.858754595081572e-05)]
MAR04150	[np.float64(9.858754595081572e-05)]
MAR04151	[np.float64(9.858754595081572e-05)]
MAR04153	[np.float64(9.858754595081572e-05)]
MAR04154	[np.float64(9.858754595081572e-05)]
MAR04155	[np.float64(9.858754595081572e-05)]
MAR04157	[np.float64(9.858754595081572e-05)]
MAR04161	[np.float64(9.858754595081572e-05)]
MAR04164	[np.float64(9.858754595081572e-05)]
MAR04173	[np.float64(9.858754595081572e-05)]
MAR04178	[np.float64(9.858754595081572e-05)]
MAR04181	[np.float64(9.858754595081572e-05)]
MAR04195	[np.float64(9.858754595081572e-05)]
MAR04203	[np.float64(9.858754595081572e-05)]
MAR04213	[np.float64(9.858754595081572e-05)]
MAR04215	[np.float64(9.858754595081572e-05)]
MAR04217	[np.float64(9.858754595081572e-05)]
MAR04221	[np.float64(9.858754595081572e-05)]
MAR04223	[np.float64(9.858754595081572e-05)]
MAR04226	[np.float64(9.858754595081572e-05)]
MAR04229	[np.float64(9.858754595081572e-05)]
MAR04230	[np.float64(9.858754595081572e-05)]
MAR04234	[np.float64(9.858754595081572e-05)]
MAR04236	[np.float64(9.858754595081572e-05)]
MAR04238	[np.float64(9.858754595081572e-05)]
MAR04240	[np.float64(9.858754595081572e-05)]
MAR04247	[np.float64(9.858754595081572e-05)]
MAR04256	[np.float64(9.858754595081572e-05)]
MAR04258	[np.float64(9.858754595081572e-05)]
MAR04272	[np.float64(9.858754595081572e-05)]
MAR04273	[np.float64(9.858754595081572e-05)]
MAR04286	[np.float64(9.858754595081572e-05)]
MAR04289	[np.float64(9.858754595081572e-05)]
MAR04292	[np.float64(9.858754595081572e-05)]
MAR04293	[np.float64(9.858754595081572e-05)]
MAR04294	[np.float64(9.858754595081572e-05)]
MAR04298	[np.float64(9.858754595081572e-05)]
MAR04305	[np.float64(9.858754595081572e-05)]
MAR04307	[np.float64(9.858754595081572e-05)]
MAR04309	[np.float64(9.858754595081572e-05)]
MAR04311	[np.float64(9.858754595081572e-05)]
MAR04322	[np.float64(9.858754595081572e-05)]
MAR04325	[np.float64(9.858754595081572e-05)]
MAR04327	[np.float64(9.858754595081572e-05)]
MAR04334	[np.float64(9.858754595081572e-05)]
MAR04337	[np.float64(9.858754595081572e-05)]
MAR04339	[np.float64(9.858754595081572e-05)]
MAR04341	[np.float64(9.858754595081572e-05)]
MAR04349	[np.float64(9.858754595081572e-05)]
MAR04353	[np.float64(9.858754595081572e-05)]
MAR04357	[np.float64(9.858754595081572e-05)]
MAR04359	[np.float64(9.858754595081572e-05)]
MAR04361	[np.float64(9.858754595081572e-05)]
MAR04362	[np.float64(9.858754595081572e-05)]
MAR04364	[np.float64(9.858754595081572e-05)]
MAR04366	[np.float64(9.858754595081572e-05)]
MAR04369	[np.float64(9.858754595081572e-05)]
MAR04374	[np.float64(9.858754595081572e-05)]
MAR04376	[np.float64(9.858754595081572e-05)]
MAR04378	[np.float64(9.858754595081572e-05)]
MAR04380	[np.float64(9.858754595081572e-05)]
MAR04382	[np.float64(9.858754595081572e-05)]
MAR04384	[np.float64(9.858754595081572e-05)]
MAR04389	[np.float64(9.858754595081572e-05)]
MAR04392	[np.float64(9.858754595081572e-05)]
MAR04395	[np.float64(9.858754595081572e-05)]
MAR04397	[np.float64(9.858754595081572e-05)]
MAR04405	[np.float64(9.858754595081572e-05)]
MAR04407	[np.float64(9.858754595081572e-05)]
MAR04409	[np.float64(9.858754595081572e-05)]
MAR04413	[np.float64(9.858754595081572e-05)]
MAR04438	[np.float64(9.858754595081572e-05)]
MAR04439	[np.float64(9.858754595081572e-05)]
MAR04441	[np.float64(9.858754595081572e-05)]
MAR04443	[np.float64(9.858754595081572e-05)]
MAR04445	[np.float64(9.858754595081572e-05)]
MAR04447	[np.float64(9.858754595081572e-05)]
MAR04457	[np.float64(9.858754595081572e-05)]
MAR04462	[np.float64(9.858754595081572e-05)]
MAR04475	[np.float64(9.858754595081572e-05)]
MAR04479	[np.float64(9.858754595081572e-05)]
MAR04491	[np.float64(9.858754595081572e-05)]
MAR04504	[np.float64(9.858754595081572e-05)]
MAR04508	[np.float64(9.858754595081572e-05)]
MAR04509	[np.float64(9.858754595081572e-05)]
MAR04511	[np.float64(9.858754595081572e-05)]
MAR04515	[np.float64(9.858754595081572e-05)]
MAR04522	[np.float64(9.858754595081572e-05)]
MAR04566	[np.float64(9.858754595081572e-05)]
MAR04569	[np.float64(9.858754595081572e-05)]
MAR04571	[np.float64(9.858754595081572e-05)]
MAR04578	[np.float64(9.858754595081572e-05)]
MAR04581	[np.float64(9.858754595081572e-05)]
MAR04598	[np.float64(9.858754595081572e-05)]
MAR04610	[np.float64(9.858754595081572e-05)]
MAR04613	[np.float64(9.858754595081572e-05)]
MAR04616	[np.float64(9.858754595081572e-05)]
MAR04620	[np.float64(9.858754595081572e-05)]
MAR04624	[np.float64(9.858754595081572e-05)]
MAR04634	[np.float64(9.858754595081572e-05)]
MAR04636	[np.float64(9.858754595081572e-05)]
MAR04638	[np.float64(9.858754595081572e-05)]
MAR04639	[np.float64(9.858754595081572e-05)]
MAR04645	[np.float64(9.858754595081572e-05)]
MAR04661	[np.float64(9.858754595081572e-05)]
MAR04671	[np.float64(9.858754595081572e-05)]
MAR04674	[np.float64(9.858754595081572e-05)]
MAR04677	[np.float64(9.858754595081572e-05)]
MAR04678	[np.float64(9.858754595081572e-05)]
MAR04707	[np.float64(9.858754595081572e-05)]
MAR04711	[np.float64(9.858754595081572e-05)]
MAR04719	[np.float64(9.858754595081572e-05)]
MAR04722	[np.float64(9.858754595081572e-05)]
MAR04726	[np.float64(9.858754595081572e-05)]
MAR04728	[np.float64(9.858754595081572e-05)]
MAR04745	[np.float64(9.858754595081572e-05)]
MAR04749	[np.float64(9.858754595081572e-05)]
MAR04759	[np.float64(9.858754595081572e-05)]
MAR04782	[np.float64(9.858754595081572e-05)]
MAR04783	[np.float64(9.858754595081572e-05)]
MAR04793	[np.float64(9.858754595081572e-05)]
MAR04803	[np.float64(9.858754595081572e-05)]
MAR04805	[np.float64(9.858754595081572e-05)]
MAR04807	[np.float64(9.858754595081572e-05)]
MAR04809	[np.float64(9.858754595081572e-05)]
MAR04811	[np.float64(9.858754595081572e-05)]
MAR04813	[np.float64(9.858754595081572e-05)]
MAR04815	[np.float64(9.858754595081572e-05)]
MAR04820	[np.float64(9.858754595081572e-05)]
MAR04821	[np.float64(9.858754595081572e-05)]
MAR04822	[np.float64(9.858754595081572e-05)]
MAR04823	[np.float64(9.858754595081572e-05)]
MAR04824	[np.float64(9.858754595081572e-05)]
MAR04825	[np.float64(9.858754595081572e-05)]
MAR04826	[np.float64(9.858754595081572e-05)]
MAR04827	[np.float64(9.858754595081572e-05)]
MAR04828	[np.float64(9.858754595081572e-05)]
MAR04829	[np.float64(9.858754595081572e-05)]
MAR04830	[np.float64(9.858754595081572e-05)]
MAR04853	[np.float64(9.858754595081572e-05)]
MAR04857	[np.float64(9.858754595081572e-05)]
MAR04859	[np.float64(9.858754595081572e-05)]
MAR04866	[np.float64(9.858754595081572e-05)]
MAR04869	[np.float64(9.858754595081572e-05)]
MAR04884	[np.float64(9.858754595081572e-05)]
MAR04886	[np.float64(9.858754595081572e-05)]
MAR04889	[np.float64(9.858754595081572e-05)]
MAR04891	[np.float64(9.858754595081572e-05)]
MAR04895	[np.float64(9.858754595081572e-05)]
MAR04897	[np.float64(9.858754595081572e-05)]
MAR04899	[np.float64(9.858754595081572e-05)]
MAR04901	[np.float64(9.858754595081572e-05)]
MAR04909	[np.float64(9.858754595081572e-05)]
MAR04918	[np.float64(9.858754595081572e-05)]
MAR04920	[np.float64(9.858754595081572e-05)]
MAR04921	[np.float64(9.858754595081572e-05)]
MAR04923	[np.float64(9.858754595081572e-05)]
MAR04925	[np.float64(9.858754595081572e-05)]
MAR04927	[np.float64(9.858754595081572e-05)]
MAR04929	[np.float64(9.858754595081572e-05)]
MAR04936	[np.float64(9.858754595081572e-05)]
MAR04943	[np.float64(9.858754595081572e-05)]
MAR04950	[np.float64(9.858754595081572e-05)]
MAR04965	[np.float64(9.858754595081572e-05)]
MAR04968	[np.float64(9.858754595081572e-05)]
MAR04970	[np.float64(9.858754595081572e-05)]
MAR04974	[np.float64(9.858754595081572e-05)]
MAR04978	[np.float64(9.858754595081572e-05)]
MAR04981	[np.float64(9.858754595081572e-05)]
MAR04984	[3.728206335263105e-05]
MAR04987	[np.float64(9.858754595081572e-05)]
MAR04988	[np.float64(9.858754595081572e-05)]
MAR04991	[np.float64(9.858754595081572e-05)]
MAR05001	[np.float64(9.858754595081572e-05)]
MAR05017	[np.float64(9.858754595081572e-05)]
MAR05025	[np.float64(9.858754595081572e-05)]
MAR05026	[np.float64(9.858754595081572e-05)]
MAR05028	[np.float64(9.858754595081572e-05)]
MAR05030	[3.728206335263105e-05]
MAR05044	[3.728206335263105e-05]
MAR05069	[np.float64(9.858754595081572e-05)]
MAR05081	[np.float64(9.858754595081572e-05)]
MAR05083	[3.728206335263105e-05]
MAR05086	[np.float64(9.858754595081572e-05)]
MAR05090	[np.float64(9.858754595081572e-05)]
MAR05093	[np.float64(9.858754595081572e-05)]
MAR05095	[3.728206335263105e-05]
MAR05097	[np.float64(9.858754595081572e-05)]
MAR05098	[3.728206335263105e-05]
MAR05100	[np.float64(9.858754595081572e-05)]
MAR05103	[np.float64(9.858754595081572e-05)]
MAR05104	[np.float64(9.858754595081572e-05)]
MAR05106	[np.float64(9.858754595081572e-05)]
MAR05108	[np.float64(9.858754595081572e-05)]
MAR05110	[3.80118259440596e-05]
MAR05111	[3.80118259440596e-05]
MAR05119	[np.float64(9.858754595081572e-05)]
MAR05120	[3.80118259440596e-05]
MAR05175	[np.float64(9.858754595081572e-05)]
MAR05176	[3.80118259440596e-05]
MAR05177	[3.80118259440596e-05]
MAR05178	[np.float64(9.858754595081572e-05)]
MAR05179	[3.80118259440596e-05]
MAR05180	[np.float64(9.858754595081572e-05)]
MAR05181	[3.80118259440596e-05]
MAR05182	[np.float64(9.858754595081572e-05)]
MAR05183	[0.005429157187097488]
MAR05184	[np.float64(9.858754595081572e-05)]
MAR05185	[3.80118259440596e-05]
MAR05188	[3.80118259440596e-05]
MAR05189	[np.float64(9.858754595081572e-05)]
MAR05190	[3.80118259440596e-05]
MAR05192	[3.80118259440596e-05]
MAR05193	[np.float64(9.858754595081572e-05)]
MAR05194	[3.80118259440596e-05]
MAR05196	[np.float64(9.858754595081572e-05)]
MAR05235	[np.float64(9.858754595081572e-05)]
MAR05242	[3.80118259440596e-05]
MAR05256	[np.float64(9.858754595081572e-05)]
MAR05293	[np.float64(9.858754595081572e-05)]
MAR05298	[np.float64(9.858754595081572e-05)]
MAR05300	[np.float64(9.858754595081572e-05)]
MAR05306	[np.float64(9.858754595081572e-05)]
MAR05309	[np.float64(9.858754595081572e-05)]
MAR05312	[np.float64(9.858754595081572e-05)]
MAR05321	[np.float64(9.858754595081572e-05)]
MAR05325	[3.80118259440596e-05]
MAR05327	[np.float64(9.858754595081572e-05)]
MAR05329	[3.80118259440596e-05]
MAR05331	[np.float64(9.858754595081572e-05)]
MAR05334	[np.float64(9.858754595081572e-05)]
MAR05341	[0.006361782362284913]
MAR05343	[3.80118259440596e-05]
MAR05345	[3.80118259440596e-05]
MAR05350	[np.float64(9.858754595081572e-05)]
MAR05355	[3.80118259440596e-05]
MAR05357	[3.80118259440596e-05]
MAR05359	[3.80118259440596e-05]
MAR05360	[3.80118259440596e-05]
MAR05364	[np.float64(9.858754595081572e-05)]
MAR05365	[3.80118259440596e-05]
MAR05366	[np.float64(9.858754595081572e-05)]
MAR05367	[np.float64(9.858754595081572e-05)]
MAR05368	[np.float64(9.858754595081572e-05)]
MAR05369	[3.80118259440596e-05]
MAR05370	[np.float64(9.858754595081572e-05)]
MAR05371	[3.80118259440596e-05]
MAR05372	[np.float64(9.858754595081572e-05)]
MAR05373	[3.80118259440596e-05]
MAR05374	[np.float64(9.858754595081572e-05)]
MAR05375	[np.float64(9.858754595081572e-05)]
MAR05376	[3.80118259440596e-05]
MAR05377	[np.float64(9.858754595081572e-05)]
MAR05378	[3.80118259440596e-05]
MAR05379	[np.float64(9.858754595081572e-05)]
MAR05380	[np.float64(9.858754595081572e-05)]
MAR05382	[np.float64(9.858754595081572e-05)]
MAR05383	[np.float64(9.858754595081572e-05)]
MAR05402	[np.float64(9.858754595081572e-05)]
MAR05403	[3.80118259440596e-05]
MAR05404	[np.float64(9.858754595081572e-05)]
MAR05405	[np.float64(9.858754595081572e-05)]
MAR05408	[np.float64(9.858754595081572e-05)]
MAR05410	[np.float64(9.858754595081572e-05)]
MAR05412	[np.float64(9.858754595081572e-05)]
MAR05421	[np.float64(9.858754595081572e-05)]
MAR05425	[0.006361782362284913]
MAR05427	[0.006361782362284913]
MAR05428	[np.float64(9.858754595081572e-05)]
MAR05431	[np.float64(9.858754595081572e-05)]
MAR05456	[np.float64(9.858754595081572e-05)]
MAR05988	[3.728206335263105e-05]
MAR05991	[np.float64(9.858754595081572e-05)]
MAR05999	[np.float64(9.858754595081572e-05)]
MAR06278	[np.float64(9.858754595081572e-05)]
MAR06280	[np.float64(9.858754595081572e-05)]
MAR06281	[np.float64(9.858754595081572e-05)]
MAR06282	[np.float64(9.858754595081572e-05)]
MAR06284	[np.float64(9.858754595081572e-05)]
MAR06285	[np.float64(9.858754595081572e-05)]
MAR06319	[3.728206335263105e-05]
MAR06320	[3.728206335263105e-05]
MAR06322	[np.float64(9.858754595081572e-05)]
MAR06344	[np.float64(9.858754595081572e-05)]
MAR06345	[np.float64(9.858754595081572e-05)]
MAR06346	[np.float64(9.858754595081572e-05)]
MAR06347	[3.728206335263105e-05]
MAR06348	[0.006361782362284913]
MAR06349	[3.728206335263105e-05]
MAR06350	[3.728206335263105e-05]
MAR06376	[3.728206335263105e-05]
MAR06378	[np.float64(9.858754595081572e-05)]
MAR06390	[np.float64(9.858754595081572e-05)]
MAR06407	[3.728206335263105e-05]
MAR06418	[np.float64(9.858754595081572e-05)]
MAR06437	[3.80118259440596e-05]
MAR06449	[3.80118259440596e-05]
MAR06452	[3.80118259440596e-05]
MAR06483	[np.float64(9.858754595081572e-05)]
MAR06485	[np.float64(9.858754595081572e-05)]
MAR06487	[np.float64(9.858754595081572e-05)]
MAR06489	[np.float64(9.858754595081572e-05)]
MAR06491	[np.float64(9.858754595081572e-05)]
MAR06493	[np.float64(9.858754595081572e-05)]
MAR06498	[np.float64(9.858754595081572e-05)]
MAR06499	[np.float64(9.858754595081572e-05)]
MAR06502	[np.float64(9.858754595081572e-05)]
MAR06503	[np.float64(9.858754595081572e-05)]
MAR06528	[np.float64(9.858754595081572e-05)]
MAR06538	[np.float64(9.858754595081572e-05)]
MAR06586	[np.float64(9.858754595081572e-05)]
MAR06593	[np.float64(9.858754595081572e-05)]
MAR06596	[np.float64(9.858754595081572e-05)]
MAR06597	[np.float64(9.858754595081572e-05)]
MAR06598	[np.float64(9.858754595081572e-05)]
MAR06599	[np.float64(9.858754595081572e-05)]
MAR06600	[np.float64(9.858754595081572e-05)]
MAR06604	[np.float64(9.858754595081572e-05)]
MAR06688	[np.float64(9.858754595081572e-05)]
MAR06689	[np.float64(9.858754595081572e-05)]
MAR06696	[np.float64(9.858754595081572e-05)]
MAR06698	[np.float64(9.858754595081572e-05)]
MAR06724	[np.float64(9.858754595081572e-05)]
MAR06769	[np.float64(9.858754595081572e-05)]
MAR06773	[np.float64(9.858754595081572e-05)]
MAR06775	[np.float64(9.858754595081572e-05)]
MAR06777	[np.float64(9.858754595081572e-05)]
MAR06779	[np.float64(9.858754595081572e-05)]
MAR06804	[np.float64(9.858754595081572e-05)]
MAR06805	[np.float64(9.858754595081572e-05)]
MAR06809	[np.float64(9.858754595081572e-05)]
MAR06810	[np.float64(9.858754595081572e-05)]
MAR06812	[np.float64(9.858754595081572e-05)]
MAR06816	[np.float64(9.858754595081572e-05)]
MAR06821	[np.float64(9.858754595081572e-05)]
MAR06825	[np.float64(9.858754595081572e-05)]
MAR06832	[np.float64(9.858754595081572e-05)]
MAR06833	[np.float64(9.858754595081572e-05)]
MAR06846	[np.float64(9.858754595081572e-05)]
MAR06847	[np.float64(9.858754595081572e-05)]
MAR06852	[np.float64(9.858754595081572e-05)]
MAR06859	[3.728206335263105e-05]
MAR06860	[0.0066017277052709345]
MAR06861	[np.float64(9.858754595081572e-05)]
MAR06862	[0.007271084828788085]
MAR06863	[3.728206335263105e-05]
MAR06864	[np.float64(9.858754595081572e-05)]
MAR06865	[0.00762995585464111]
MAR06866	[np.float64(9.858754595081572e-05)]
MAR06867	[np.float64(9.858754595081572e-05)]
MAR06868	[np.float64(9.858754595081572e-05)]
MAR06869	[np.float64(9.858754595081572e-05)]
MAR06870	[np.float64(9.858754595081572e-05)]
MAR06871	[0.007271084828788085]
MAR06872	[np.float64(9.858754595081572e-05)]
MAR06873	[np.float64(9.858754595081572e-05)]
MAR06884	[0.005938969176443775]
MAR06887	[0.0062946839618430285]
MAR06891	[0.006636517029453973]
MAR06892	[0.006636517029453973]
MAR06893	[np.float64(9.858754595081572e-05)]
MAR06896	[0.00762995585464111]
MAR06897	[3.728206335263105e-05]
MAR06898	[np.float64(9.858754595081572e-05)]
MAR06899	[0.007271084828788085]
MAR06900	[0.007271084828788085]
MAR06913	[0.007271084828788085]
MAR06915	[np.float64(9.858754595081572e-05)]
MAR06917	[0.007271084828788085]
MAR06919	[np.float64(9.858754595081572e-05)]
MAR06920	[np.float64(9.858754595081572e-05)]
MAR06922	[np.float64(9.858754595081572e-05)]
MAR07101	[np.float64(9.858754595081572e-05)]
MAR07102	[3.728206335263105e-05]
MAR07105	[3.728206335263105e-05]
MAR07107	[0.00762995585464111]
MAR07148	[0.007271084828788085]
MAR07149	[np.float64(9.858754595081572e-05)]
MAR07150	[0.007271084828788085]
MAR07151	[3.728206335263105e-05]
MAR07152	[np.float64(9.858754595081572e-05)]
MAR07153	[3.728206335263105e-05]
MAR07154	[0.0062946839618430285]
MAR07155	[0.00762995585464111]
MAR07156	[np.float64(9.858754595081572e-05)]
MAR07157	[np.float64(9.858754595081572e-05)]
MAR07158	[np.float64(9.858754595081572e-05)]
MAR07159	[np.float64(9.858754595081572e-05)]
MAR07176	[np.float64(9.858754595081572e-05)]
MAR07177	[np.float64(9.858754595081572e-05)]
MAR07178	[0.00762995585464111]
MAR07179	[0.00762995585464111]
MAR07189	[3.728206335263105e-05]
MAR07190	[0.00762995585464111]
MAR07192	[0.007271084828788085]
MAR07193	[7.173573999643887e-05]
MAR07194	[0.0066017277052709345]
MAR07195	[np.float64(9.858754595081572e-05)]
MAR07255	[np.float64(9.858754595081572e-05)]
MAR07439	[np.float64(9.858754595081572e-05)]
MAR07589	[np.float64(9.858754595081572e-05)]
MAR07592	[np.float64(9.858754595081572e-05)]
MAR07593	[0.00762995585464111]
MAR07595	[0.00762995585464111]
MAR07657	[0.00762995585464111]
MAR07658	[np.float64(9.858754595081572e-05)]
MAR07659	[np.float64(9.858754595081572e-05)]
MAR07750	[np.float64(9.858754595081572e-05)]
MAR07751	[np.float64(9.858754595081572e-05)]
MAR07752	[np.float64(9.858754595081572e-05)]
MAR07753	[np.float64(9.858754595081572e-05)]
MAR07754	[np.float64(9.858754595081572e-05)]
MAR07803	[np.float64(9.858754595081572e-05)]
MAR07805	[np.float64(9.858754595081572e-05)]
MAR07807	[np.float64(9.858754595081572e-05)]
MAR07809	[np.float64(9.858754595081572e-05)]
MAR07811	[np.float64(9.858754595081572e-05)]
MAR07813	[0.00762995585464111]
MAR07817	[np.float64(9.858754595081572e-05)]
MAR07819	[np.float64(9.858754595081572e-05)]
MAR07821	[np.float64(9.858754595081572e-05)]
MAR08111	[np.float64(9.858754595081572e-05)]
MAR08204	[np.float64(9.858754595081572e-05)]
MAR08218	[3.728206335263105e-05]
MAR08274	[np.float64(9.858754595081572e-05)]
MAR08301	[np.float64(9.858754595081572e-05)]
MAR08386	[np.float64(9.858754595081572e-05)]
MAR08400	[np.float64(9.858754595081572e-05)]
MAR08422	[np.float64(9.858754595081572e-05)]
MAR08423	[np.float64(9.858754595081572e-05)]
MAR08644	[np.float64(9.858754595081572e-05)]
MAR08646	[np.float64(9.858754595081572e-05)]
MAR08647	[np.float64(9.858754595081572e-05)]
MAR08649	[np.float64(9.858754595081572e-05)]
MAR08650	[np.float64(9.858754595081572e-05)]
MAR08701	[np.float64(9.858754595081572e-05)]
MAR08705	[np.float64(9.858754595081572e-05)]
MAR08707	[np.float64(9.858754595081572e-05)]
MAR08708	[np.float64(9.858754595081572e-05)]
MAR08832	[np.float64(9.858754595081572e-05)]
MAR08916	[np.float64(9.858754595081572e-05)]
MAR08948	[np.float64(9.858754595081572e-05)]
MAR08949	[np.float64(9.858754595081572e-05)]
MAR08950	[np.float64(9.858754595081572e-05)]
MAR08951	[np.float64(9.858754595081572e-05)]
MAR08952	[np.float64(9.858754595081572e-05)]
MAR08953	[np.float64(9.858754595081572e-05)]
MAR08954	[np.float64(9.858754595081572e-05)]
MAR08955	[np.float64(9.858754595081572e-05)]
MAR08956	[np.float64(9.858754595081572e-05)]
MAR08957	[np.float64(9.858754595081572e-05)]
MAR08958	[np.float64(9.858754595081572e-05)]
MAR08959	[np.float64(9.858754595081572e-05)]
MAR08960	[np.float64(9.858754595081572e-05)]
MAR08961	[np.float64(9.858754595081572e-05)]
MAR08962	[np.float64(9.858754595081572e-05)]
MAR08963	[np.float64(9.858754595081572e-05)]
MAR08964	[np.float64(9.858754595081572e-05)]
MAR08965	[np.float64(9.858754595081572e-05)]
MAR08966	[np.float64(9.858754595081572e-05)]
MAR08967	[np.float64(9.858754595081572e-05)]
MAR08968	[np.float64(9.858754595081572e-05)]
MAR08969	[0.00762995585464111]
MAR08970	[np.float64(9.858754595081572e-05)]
MAR08971	[3.728206335263105e-05]
MAR08972	[np.float64(9.858754595081572e-05)]
MAR08974	[np.float64(9.858754595081572e-05)]
MAR08975	[np.float64(9.858754595081572e-05)]
MAR08976	[np.float64(9.858754595081572e-05)]
MAR08977	[np.float64(9.858754595081572e-05)]
MAR08978	[np.float64(9.858754595081572e-05)]
MAR08979	[np.float64(9.858754595081572e-05)]
MAR08980	[np.float64(9.858754595081572e-05)]
MAR08981	[np.float64(9.858754595081572e-05)]
MAR08982	[np.float64(9.858754595081572e-05)]
MAR08983	[np.float64(9.858754595081572e-05)]
MAR08984	[np.float64(9.858754595081572e-05)]
MAR08986	[np.float64(9.858754595081572e-05)]
MAR08987	[np.float64(9.858754595081572e-05)]
MAR08988	[np.float64(9.858754595081572e-05)]
MAR08989	[np.float64(9.858754595081572e-05)]
MAR08991	[np.float64(9.858754595081572e-05)]
MAR08993	[np.float64(9.858754595081572e-05)]
MAR08994	[np.float64(9.858754595081572e-05)]
MAR08995	[np.float64(9.858754595081572e-05)]
MAR08996	[np.float64(9.858754595081572e-05)]
MAR08997	[np.float64(9.858754595081572e-05)]
MAR08998	[np.float64(9.858754595081572e-05)]
MAR08999	[np.float64(9.858754595081572e-05)]
MAR09000	[np.float64(9.858754595081572e-05)]
MAR09001	[np.float64(9.858754595081572e-05)]
MAR09002	[np.float64(9.858754595081572e-05)]
MAR09003	[np.float64(9.858754595081572e-05)]
MAR09004	[np.float64(9.858754595081572e-05)]
MAR09005	[np.float64(9.858754595081572e-05)]
MAR09006	[np.float64(9.858754595081572e-05)]
MAR09007	[np.float64(9.858754595081572e-05)]
MAR09008	[np.float64(9.858754595081572e-05)]
MAR09009	[np.float64(9.858754595081572e-05)]
MAR09010	[np.float64(9.858754595081572e-05)]
MAR09011	[np.float64(9.858754595081572e-05)]
MAR09012	[np.float64(9.858754595081572e-05)]
MAR09013	[np.float64(9.858754595081572e-05)]
MAR09021	[np.float64(9.858754595081572e-05)]
MAR09025	[np.float64(9.858754595081572e-05)]
MAR09026	[np.float64(9.858754595081572e-05)]
MAR09027	[np.float64(9.858754595081572e-05)]
MAR09028	[np.float64(9.858754595081572e-05)]
MAR09029	[np.float64(9.858754595081572e-05)]
MAR09030	[np.float64(9.858754595081572e-05)]
MAR09031	[0.00762995585464111]
MAR09057	[np.float64(9.858754595081572e-05)]
MAR09059	[0.00762995585464111]
MAR09060	[np.float64(9.858754595081572e-05)]
MAR09112	[np.float64(9.858754595081572e-05)]
MAR09170	[np.float64(9.858754595081572e-05)]
MAR09186	[np.float64(9.858754595081572e-05)]
MAR09274	[np.float64(9.858754595081572e-05)]
MAR09402	[np.float64(9.858754595081572e-05)]
MAR09403	[np.float64(9.858754595081572e-05)]
MAR09459	[np.float64(9.858754595081572e-05)]
MAR09526	[np.float64(9.858754595081572e-05)]
MAR09533	[np.float64(9.858754595081572e-05)]
MAR09576	[0.00762995585464111]
MAR09589	[np.float64(9.858754595081572e-05)]
MAR09723	[np.float64(9.858754595081572e-05)]
MAR09736	[3.891759217537176e-05]
MAR09819	[0.00762995585464111]
MAR09820	[np.float64(9.858754595081572e-05)]
MAR09821	[np.float64(9.858754595081572e-05)]
MAR09822	[np.float64(9.858754595081572e-05)]
MAR09823	[np.float64(9.858754595081572e-05)]
MAR09824	[np.float64(9.858754595081572e-05)]
MAR09825	[np.float64(9.858754595081572e-05)]
MAR09826	[np.float64(9.858754595081572e-05)]
MAR09827	[np.float64(9.858754595081572e-05)]
MAR09828	[np.float64(9.858754595081572e-05)]
MAR09829	[np.float64(9.858754595081572e-05)]
MAR09830	[np.float64(9.858754595081572e-05)]
MAR09831	[np.float64(9.858754595081572e-05)]
MAR09832	[np.float64(9.858754595081572e-05)]
MAR09833	[np.float64(9.858754595081572e-05)]
MAR09834	[np.float64(9.858754595081572e-05)]
MAR09835	[np.float64(9.858754595081572e-05)]
MAR09836	[np.float64(9.858754595081572e-05)]
MAR09837	[np.float64(9.858754595081572e-05)]
MAR09838	[np.float64(9.858754595081572e-05)]
MAR09839	[np.float64(9.858754595081572e-05)]
MAR09840	[np.float64(9.858754595081572e-05)]
MAR09841	[np.float64(9.858754595081572e-05)]
MAR09842	[np.float64(9.858754595081572e-05)]
MAR09843	[np.float64(9.858754595081572e-05)]
MAR09844	[np.float64(9.858754595081572e-05)]
MAR09845	[np.float64(9.858754595081572e-05)]
MAR09846	[np.float64(9.858754595081572e-05)]
MAR09847	[np.float64(9.858754595081572e-05)]
MAR09848	[np.float64(9.858754595081572e-05)]
MAR09849	[np.float64(9.858754595081572e-05)]
MAR09850	[np.float64(9.858754595081572e-05)]
MAR09851	[np.float64(9.858754595081572e-05)]
MAR09852	[np.float64(9.858754595081572e-05)]
MAR09853	[np.float64(9.858754595081572e-05)]
MAR09854	[np.float64(9.858754595081572e-05)]
MAR09855	[np.float64(9.858754595081572e-05)]
MAR09856	[np.float64(9.858754595081572e-05)]
MAR09857	[np.float64(9.858754595081572e-05)]
MAR09858	[np.float64(9.858754595081572e-05)]
MAR09859	[np.float64(9.858754595081572e-05)]
MAR09860	[np.float64(9.858754595081572e-05)]
MAR09861	[np.float64(9.858754595081572e-05)]
MAR09862	[np.float64(9.858754595081572e-05)]
MAR09863	[np.float64(9.858754595081572e-05)]
MAR09864	[np.float64(9.858754595081572e-05)]
MAR09865	[np.float64(9.858754595081572e-05)]
MAR09866	[np.float64(9.858754595081572e-05)]
MAR09867	[np.float64(9.858754595081572e-05)]
MAR09868	[np.float64(9.858754595081572e-05)]
MAR09869	[0.0066017277052709345]
MAR09870	[np.float64(9.858754595081572e-05)]
MAR09871	[0.0066017277052709345]
MAR09872	[0.0066017277052709345]
MAR09873	[0.00762995585464111]
MAR09874	[0.00762995585464111]
MAR09875	[0.00762995585464111]
MAR09876	[0.0066017277052709345]
MAR09877	[0.0062946839618430285]
MAR09878	[np.float64(9.858754595081572e-05)]
MAR09879	[0.005938969176443775]
MAR09880	[0.0062946839618430285]
MAR09881	[0.005938969176443775]
MAR09882	[np.float64(9.858754595081572e-05)]
MAR09883	[0.00762995585464111]
MAR09884	[0.006636517029453973]
MAR09885	[0.00762995585464111]
MAR09886	[0.00762995585464111]
MAR09888	[0.0066017277052709345]
MAR09889	[0.004647345763338031]
MAR09890	[np.float64(9.858754595081572e-05)]
MAR09891	[0.0066017277052709345]
MAR09892	[0.0066017277052709345]
MAR09893	[0.005938969176443775]
MAR09894	[np.float64(9.858754595081572e-05)]
MAR09895	[0.0066017277052709345]
MAR09896	[0.00762995585464111]
MAR09897	[np.float64(9.858754595081572e-05)]
MAR09898	[0.0066017277052709345]
MAR09899	[np.float64(9.858754595081572e-05)]
MAR09900	[0.00762995585464111]
MAR09901	[np.float64(9.858754595081572e-05)]
MAR09902	[0.00762995585464111]
MAR09903	[0.0062946839618430285]
MAR09904	[0.0066017277052709345]
MAR09905	[np.float64(9.858754595081572e-05)]
MAR09906	[0.005938969176443775]
MAR09907	[0.0066017277052709345]
MAR09908	[0.0066017277052709345]
MAR09909	[0.0066017277052709345]
MAR09910	[np.float64(9.858754595081572e-05)]
MAR09911	[np.float64(9.858754595081572e-05)]
MAR09912	[np.float64(9.858754595081572e-05)]
MAR09913	[np.float64(9.858754595081572e-05)]
MAR09914	[np.float64(9.858754595081572e-05)]
MAR09915	[np.float64(9.858754595081572e-05)]
MAR09916	[np.float64(9.858754595081572e-05)]
MAR09917	[np.float64(9.858754595081572e-05)]
MAR09918	[np.float64(9.858754595081572e-05)]
MAR09919	[np.float64(9.858754595081572e-05)]
MAR09920	[np.float64(9.858754595081572e-05)]
MAR09921	[np.float64(9.858754595081572e-05)]
MAR09922	[np.float64(9.858754595081572e-05)]
MAR09923	[np.float64(9.858754595081572e-05)]
MAR09924	[np.float64(9.858754595081572e-05)]
MAR09925	[np.float64(9.858754595081572e-05)]
MAR09926	[np.float64(9.858754595081572e-05)]
MAR09927	[np.float64(9.858754595081572e-05)]
MAR09928	[np.float64(9.858754595081572e-05)]
MAR09929	[np.float64(9.858754595081572e-05)]
MAR09930	[np.float64(9.858754595081572e-05)]
MAR09931	[np.float64(9.858754595081572e-05)]
MAR09932	[np.float64(9.858754595081572e-05)]
MAR09933	[np.float64(9.858754595081572e-05)]
MAR09934	[0.006636517029453973]
MAR09935	[np.float64(9.858754595081572e-05)]
MAR09936	[np.float64(9.858754595081572e-05)]
MAR09937	[0.005183721565527906]
MAR09938	[np.float64(9.858754595081572e-05)]
MAR09939	[np.float64(9.858754595081572e-05)]
MAR09940	[np.float64(9.858754595081572e-05)]
MAR09941	[np.float64(9.858754595081572e-05)]
MAR09942	[3.728206335263105e-05]
MAR09943	[3.728206335263105e-05]
MAR09944	[3.728206335263105e-05]
MAR09945	[3.728206335263105e-05]
MAR09946	[3.728206335263105e-05]
MAR09947	[3.728206335263105e-05]
MAR09948	[np.float64(9.858754595081572e-05)]
MAR09950	[np.float64(9.858754595081572e-05)]
MAR09951	[np.float64(9.858754595081572e-05)]
MAR09952	[np.float64(9.858754595081572e-05)]
MAR09953	[np.float64(9.858754595081572e-05)]
MAR09954	[np.float64(9.858754595081572e-05)]
MAR09955	[np.float64(9.858754595081572e-05)]
MAR09956	[np.float64(9.858754595081572e-05)]
MAR09957	[np.float64(9.858754595081572e-05)]
MAR09958	[np.float64(9.858754595081572e-05)]
MAR09959	[np.float64(9.858754595081572e-05)]
MAR09960	[np.float64(9.858754595081572e-05)]
MAR09961	[np.float64(9.858754595081572e-05)]
MAR09962	[np.float64(9.858754595081572e-05)]
MAR09963	[np.float64(9.858754595081572e-05)]
MAR09964	[np.float64(9.858754595081572e-05)]
MAR09965	[np.float64(9.858754595081572e-05)]
MAR09966	[np.float64(9.858754595081572e-05)]
MAR09967	[np.float64(9.858754595081572e-05)]
MAR09968	[np.float64(9.858754595081572e-05)]
MAR09969	[np.float64(9.858754595081572e-05)]
MAR09970	[np.float64(9.858754595081572e-05)]
MAR09971	[np.float64(9.858754595081572e-05)]
MAR09972	[np.float64(9.858754595081572e-05)]
MAR09973	[np.float64(9.858754595081572e-05)]
MAR09974	[np.float64(9.858754595081572e-05)]
MAR09975	[np.float64(9.858754595081572e-05)]
MAR09976	[np.float64(9.858754595081572e-05)]
MAR09977	[np.float64(9.858754595081572e-05)]
MAR09978	[np.float64(9.858754595081572e-05)]
MAR09979	[np.float64(9.858754595081572e-05)]
MAR09980	[np.float64(9.858754595081572e-05)]
MAR09981	[np.float64(9.858754595081572e-05)]
MAR09982	[np.float64(9.858754595081572e-05)]
MAR09983	[np.float64(9.858754595081572e-05)]
MAR09984	[np.float64(9.858754595081572e-05)]
MAR09985	[0.007271084828788085]
MAR09986	[np.float64(9.858754595081572e-05)]
MAR09987	[np.float64(9.858754595081572e-05)]
MAR09988	[np.float64(9.858754595081572e-05)]
MAR09989	[np.float64(9.858754595081572e-05)]
MAR09990	[np.float64(9.858754595081572e-05)]
MAR09991	[np.float64(9.858754595081572e-05)]
MAR09992	[np.float64(9.858754595081572e-05)]
MAR09993	[np.float64(9.858754595081572e-05)]
MAR09994	[np.float64(9.858754595081572e-05)]
MAR09995	[np.float64(9.858754595081572e-05)]
MAR09996	[np.float64(9.858754595081572e-05)]
MAR09997	[np.float64(9.858754595081572e-05)]
MAR09998	[np.float64(9.858754595081572e-05)]
MAR09999	[np.float64(9.858754595081572e-05)]
MAR10000	[np.float64(9.858754595081572e-05)]
MAR10001	[np.float64(9.858754595081572e-05)]
MAR10002	[np.float64(9.858754595081572e-05)]
MAR10003	[np.float64(9.858754595081572e-05)]
MAR10004	[np.float64(9.858754595081572e-05)]
MAR10005	[np.float64(9.858754595081572e-05)]
MAR10006	[np.float64(9.858754595081572e-05)]
MAR10007	[np.float64(9.858754595081572e-05)]
MAR10008	[0.00459697388961915]
MAR10009	[np.float64(9.858754595081572e-05)]
MAR10010	[np.float64(9.858754595081572e-05)]
MAR10011	[0.005665274266570246]
MAR10012	[np.float64(9.858754595081572e-05)]
MAR10013	[np.float64(9.858754595081572e-05)]
MAR10014	[np.float64(9.858754595081572e-05)]
MAR10015	[np.float64(9.858754595081572e-05)]
MAR10016	[np.float64(9.858754595081572e-05)]
MAR10017	[np.float64(9.858754595081572e-05)]
MAR10018	[np.float64(9.858754595081572e-05)]
MAR10019	[np.float64(9.858754595081572e-05)]
MAR10020	[np.float64(9.858754595081572e-05)]
MAR10021	[np.float64(9.858754595081572e-05)]
MAR10022	[np.float64(9.858754595081572e-05)]
MAR10032	[np.float64(9.858754595081572e-05)]
MAR10133	[np.float64(9.858754595081572e-05)]
MAR10134	[np.float64(9.858754595081572e-05)]
MAR10135	[np.float64(9.858754595081572e-05)]
MAR10136	[np.float64(9.858754595081572e-05)]
MAR10137	[np.float64(9.858754595081572e-05)]
MAR10138	[np.float64(9.858754595081572e-05)]
MAR10139	[np.float64(9.858754595081572e-05)]
MAR10140	[np.float64(9.858754595081572e-05)]
MAR10141	[np.float64(9.858754595081572e-05)]
MAR10142	[np.float64(9.858754595081572e-05)]
MAR10143	[np.float64(9.858754595081572e-05)]
MAR10144	[np.float64(9.858754595081572e-05)]
MAR10145	[np.float64(9.858754595081572e-05)]
MAR10146	[np.float64(9.858754595081572e-05)]
MAR10147	[np.float64(9.858754595081572e-05)]
MAR10148	[np.float64(9.858754595081572e-05)]
MAR10149	[np.float64(9.858754595081572e-05)]
MAR10150	[np.float64(9.858754595081572e-05)]
MAR10151	[np.float64(9.858754595081572e-05)]
MAR10152	[np.float64(9.858754595081572e-05)]
MAR10153	[np.float64(9.858754595081572e-05)]
MAR10154	[np.float64(9.858754595081572e-05)]
MAR10155	[np.float64(9.858754595081572e-05)]
MAR10156	[np.float64(9.858754595081572e-05)]
MAR10157	[np.float64(9.858754595081572e-05)]
MAR10158	[np.float64(9.858754595081572e-05)]
MAR10159	[np.float64(9.858754595081572e-05)]
MAR10160	[np.float64(9.858754595081572e-05)]
MAR10161	[np.float64(9.858754595081572e-05)]
MAR10162	[np.float64(9.858754595081572e-05)]
MAR10163	[np.float64(9.858754595081572e-05)]
MAR10165	[np.float64(9.858754595081572e-05)]
MAR10166	[np.float64(9.858754595081572e-05)]
MAR10167	[np.float64(9.858754595081572e-05)]
MAR10168	[np.float64(9.858754595081572e-05)]
MAR10169	[np.float64(9.858754595081572e-05)]
MAR10170	[np.float64(9.858754595081572e-05)]
MAR10171	[np.float64(9.858754595081572e-05)]
MAR10172	[np.float64(9.858754595081572e-05)]
MAR10173	[np.float64(9.858754595081572e-05)]
MAR10174	[np.float64(9.858754595081572e-05)]
MAR10175	[np.float64(9.858754595081572e-05)]
MAR10176	[np.float64(9.858754595081572e-05)]
MAR10177	[np.float64(9.858754595081572e-05)]
MAR10178	[np.float64(9.858754595081572e-05)]
MAR10179	[np.float64(9.858754595081572e-05)]
MAR10180	[np.float64(9.858754595081572e-05)]
MAR10181	[np.float64(9.858754595081572e-05)]
MAR10182	[np.float64(9.858754595081572e-05)]
MAR10183	[np.float64(9.858754595081572e-05)]
MAR10184	[np.float64(9.858754595081572e-05)]
MAR10185	[np.float64(9.858754595081572e-05)]
MAR10186	[np.float64(9.858754595081572e-05)]
MAR10187	[np.float64(9.858754595081572e-05)]
MAR10188	[np.float64(9.858754595081572e-05)]
MAR10189	[np.float64(9.858754595081572e-05)]
MAR10190	[np.float64(9.858754595081572e-05)]
MAR10191	[np.float64(9.858754595081572e-05)]
MAR10192	[np.float64(9.858754595081572e-05)]
MAR10193	[np.float64(9.858754595081572e-05)]
MAR10194	[np.float64(9.858754595081572e-05)]
MAR10195	[np.float64(9.858754595081572e-05)]
MAR10196	[np.float64(9.858754595081572e-05)]
MAR10197	[np.float64(9.858754595081572e-05)]
MAR10198	[np.float64(9.858754595081572e-05)]
MAR10199	[np.float64(9.858754595081572e-05)]
MAR10200	[np.float64(9.858754595081572e-05)]
MAR10201	[np.float64(9.858754595081572e-05)]
MAR10202	[np.float64(9.858754595081572e-05)]
MAR10203	[np.float64(9.858754595081572e-05)]
MAR10204	[np.float64(9.858754595081572e-05)]
MAR10205	[np.float64(9.858754595081572e-05)]
MAR10206	[np.float64(9.858754595081572e-05)]
MAR10207	[np.float64(9.858754595081572e-05)]
MAR10208	[np.float64(9.858754595081572e-05)]
MAR10209	[np.float64(9.858754595081572e-05)]
MAR10210	[np.float64(9.858754595081572e-05)]
MAR10211	[np.float64(9.858754595081572e-05)]
MAR10212	[np.float64(9.858754595081572e-05)]
MAR10213	[np.float64(9.858754595081572e-05)]
MAR10214	[np.float64(9.858754595081572e-05)]
MAR10215	[np.float64(9.858754595081572e-05)]
MAR10216	[np.float64(9.858754595081572e-05)]
MAR10217	[np.float64(9.858754595081572e-05)]
MAR10218	[np.float64(9.858754595081572e-05)]
MAR10219	[np.float64(9.858754595081572e-05)]
MAR10220	[np.float64(9.858754595081572e-05)]
MAR10221	[np.float64(9.858754595081572e-05)]
MAR10222	[np.float64(9.858754595081572e-05)]
MAR10223	[np.float64(9.858754595081572e-05)]
MAR10224	[np.float64(9.858754595081572e-05)]
MAR10225	[np.float64(9.858754595081572e-05)]
MAR10226	[np.float64(9.858754595081572e-05)]
MAR10227	[np.float64(9.858754595081572e-05)]
MAR10228	[np.float64(9.858754595081572e-05)]
MAR10229	[np.float64(9.858754595081572e-05)]
MAR10230	[np.float64(9.858754595081572e-05)]
MAR10231	[np.float64(9.858754595081572e-05)]
MAR10232	[np.float64(9.858754595081572e-05)]
MAR10233	[np.float64(9.858754595081572e-05)]
MAR10234	[np.float64(9.858754595081572e-05)]
MAR10235	[np.float64(9.858754595081572e-05)]
MAR10236	[np.float64(9.858754595081572e-05)]
MAR10237	[np.float64(9.858754595081572e-05)]
MAR10238	[np.float64(9.858754595081572e-05)]
MAR10239	[np.float64(9.858754595081572e-05)]
MAR10240	[np.float64(9.858754595081572e-05)]
MAR10241	[np.float64(9.858754595081572e-05)]
MAR10242	[np.float64(9.858754595081572e-05)]
MAR10243	[np.float64(9.858754595081572e-05)]
MAR10244	[np.float64(9.858754595081572e-05)]
MAR10245	[np.float64(9.858754595081572e-05)]
MAR10246	[np.float64(9.858754595081572e-05)]
MAR10247	[np.float64(9.858754595081572e-05)]
MAR10248	[np.float64(9.858754595081572e-05)]
MAR10249	[np.float64(9.858754595081572e-05)]
MAR10250	[np.float64(9.858754595081572e-05)]
MAR10251	[np.float64(9.858754595081572e-05)]
MAR10252	[np.float64(9.858754595081572e-05)]
MAR10253	[np.float64(9.858754595081572e-05)]
MAR10254	[np.float64(9.858754595081572e-05)]
MAR10255	[np.float64(9.858754595081572e-05)]
MAR10256	[np.float64(9.858754595081572e-05)]
MAR10257	[np.float64(9.858754595081572e-05)]
MAR10258	[np.float64(9.858754595081572e-05)]
MAR10259	[np.float64(9.858754595081572e-05)]
MAR10260	[np.float64(9.858754595081572e-05)]
MAR10261	[np.float64(9.858754595081572e-05)]
MAR10262	[np.float64(9.858754595081572e-05)]
MAR10263	[np.float64(9.858754595081572e-05)]
MAR10264	[np.float64(9.858754595081572e-05)]
MAR10265	[np.float64(9.858754595081572e-05)]
MAR10266	[np.float64(9.858754595081572e-05)]
MAR10267	[np.float64(9.858754595081572e-05)]
MAR10268	[np.float64(9.858754595081572e-05)]
MAR10269	[np.float64(9.858754595081572e-05)]
MAR10270	[np.float64(9.858754595081572e-05)]
MAR10271	[np.float64(9.858754595081572e-05)]
MAR10272	[np.float64(9.858754595081572e-05)]
MAR10273	[np.float64(9.858754595081572e-05)]
MAR10274	[np.float64(9.858754595081572e-05)]
MAR10275	[np.float64(9.858754595081572e-05)]
MAR10276	[np.float64(9.858754595081572e-05)]
MAR10277	[np.float64(9.858754595081572e-05)]
MAR10278	[np.float64(9.858754595081572e-05)]
MAR10279	[np.float64(9.858754595081572e-05)]
MAR10280	[np.float64(9.858754595081572e-05)]
MAR10281	[np.float64(9.858754595081572e-05)]
MAR10282	[np.float64(9.858754595081572e-05)]
MAR10283	[np.float64(9.858754595081572e-05)]
MAR10284	[np.float64(9.858754595081572e-05)]
MAR10285	[np.float64(9.858754595081572e-05)]
MAR10286	[np.float64(9.858754595081572e-05)]
MAR10287	[np.float64(9.858754595081572e-05)]
MAR10288	[np.float64(9.858754595081572e-05)]
MAR10289	[np.float64(9.858754595081572e-05)]
MAR10290	[np.float64(9.858754595081572e-05)]
MAR10291	[np.float64(9.858754595081572e-05)]
MAR10292	[np.float64(9.858754595081572e-05)]
MAR10293	[np.float64(9.858754595081572e-05)]
MAR10294	[np.float64(9.858754595081572e-05)]
MAR10295	[np.float64(9.858754595081572e-05)]
MAR10296	[np.float64(9.858754595081572e-05)]
MAR10297	[np.float64(9.858754595081572e-05)]
MAR10298	[np.float64(9.858754595081572e-05)]
MAR10299	[np.float64(9.858754595081572e-05)]
MAR10300	[np.float64(9.858754595081572e-05)]
MAR10301	[np.float64(9.858754595081572e-05)]
MAR10302	[np.float64(9.858754595081572e-05)]
MAR10303	[np.float64(9.858754595081572e-05)]
MAR10304	[np.float64(9.858754595081572e-05)]
MAR10305	[np.float64(9.858754595081572e-05)]
MAR10306	[np.float64(9.858754595081572e-05)]
MAR10307	[np.float64(9.858754595081572e-05)]
MAR10308	[np.float64(9.858754595081572e-05)]
MAR10309	[np.float64(9.858754595081572e-05)]
MAR10310	[np.float64(9.858754595081572e-05)]
MAR10311	[np.float64(9.858754595081572e-05)]
MAR10312	[np.float64(9.858754595081572e-05)]
MAR10313	[np.float64(9.858754595081572e-05)]
MAR10314	[np.float64(9.858754595081572e-05)]
MAR10315	[np.float64(9.858754595081572e-05)]
MAR10316	[np.float64(9.858754595081572e-05)]
MAR10317	[np.float64(9.858754595081572e-05)]
MAR10318	[np.float64(9.858754595081572e-05)]
MAR10319	[np.float64(9.858754595081572e-05)]
MAR10320	[np.float64(9.858754595081572e-05)]
MAR10321	[np.float64(9.858754595081572e-05)]
MAR10322	[np.float64(9.858754595081572e-05)]
MAR10323	[np.float64(9.858754595081572e-05)]
MAR10324	[np.float64(9.858754595081572e-05)]
MAR10325	[np.float64(9.858754595081572e-05)]
MAR10326	[np.float64(9.858754595081572e-05)]
MAR10327	[np.float64(9.858754595081572e-05)]
MAR10328	[np.float64(9.858754595081572e-05)]
MAR10329	[np.float64(9.858754595081572e-05)]
MAR10330	[np.float64(9.858754595081572e-05)]
MAR10331	[np.float64(9.858754595081572e-05)]
MAR10332	[np.float64(9.858754595081572e-05)]
MAR10333	[np.float64(9.858754595081572e-05)]
MAR10334	[np.float64(9.858754595081572e-05)]
MAR10335	[np.float64(9.858754595081572e-05)]
MAR10336	[np.float64(9.858754595081572e-05)]
MAR10337	[np.float64(9.858754595081572e-05)]
MAR10338	[np.float64(9.858754595081572e-05)]
MAR10339	[np.float64(9.858754595081572e-05)]
MAR10340	[np.float64(9.858754595081572e-05)]
MAR10341	[np.float64(9.858754595081572e-05)]
MAR10342	[np.float64(9.858754595081572e-05)]
MAR10343	[np.float64(9.858754595081572e-05)]
MAR10344	[np.float64(9.858754595081572e-05)]
MAR10345	[np.float64(9.858754595081572e-05)]
MAR10346	[np.float64(9.858754595081572e-05)]
MAR10347	[np.float64(9.858754595081572e-05)]
MAR10348	[np.float64(9.858754595081572e-05)]
MAR10349	[np.float64(9.858754595081572e-05)]
MAR10350	[np.float64(9.858754595081572e-05)]
MAR10351	[np.float64(9.858754595081572e-05)]
MAR10352	[np.float64(9.858754595081572e-05)]
MAR10353	[np.float64(9.858754595081572e-05)]
MAR10354	[np.float64(9.858754595081572e-05)]
MAR10355	[np.float64(9.858754595081572e-05)]
MAR10356	[np.float64(9.858754595081572e-05)]
MAR10357	[np.float64(9.858754595081572e-05)]
MAR10358	[np.float64(9.858754595081572e-05)]
MAR10359	[np.float64(9.858754595081572e-05)]
MAR10360	[np.float64(9.858754595081572e-05)]
MAR10361	[np.float64(9.858754595081572e-05)]
MAR10362	[np.float64(9.858754595081572e-05)]
MAR10363	[np.float64(9.858754595081572e-05)]
MAR10364	[np.float64(9.858754595081572e-05)]
MAR10365	[np.float64(9.858754595081572e-05)]
MAR10366	[np.float64(9.858754595081572e-05)]
MAR10367	[np.float64(9.858754595081572e-05)]
MAR10368	[np.float64(9.858754595081572e-05)]
MAR10369	[np.float64(9.858754595081572e-05)]
MAR10370	[np.float64(9.858754595081572e-05)]
MAR10371	[np.float64(9.858754595081572e-05)]
MAR10372	[np.float64(9.858754595081572e-05)]
MAR10373	[np.float64(9.858754595081572e-05)]
MAR10374	[np.float64(9.858754595081572e-05)]
MAR10375	[np.float64(9.858754595081572e-05)]
MAR10376	[np.float64(9.858754595081572e-05)]
MAR10377	[np.float64(9.858754595081572e-05)]
MAR10378	[np.float64(9.858754595081572e-05)]
MAR10379	[np.float64(9.858754595081572e-05)]
MAR10380	[np.float64(9.858754595081572e-05)]
MAR10381	[np.float64(9.858754595081572e-05)]
MAR10382	[np.float64(9.858754595081572e-05)]
MAR10383	[np.float64(9.858754595081572e-05)]
MAR10384	[np.float64(9.858754595081572e-05)]
MAR10385	[np.float64(9.858754595081572e-05)]
MAR10386	[np.float64(9.858754595081572e-05)]
MAR10387	[np.float64(9.858754595081572e-05)]
MAR10388	[np.float64(9.858754595081572e-05)]
MAR10389	[np.float64(9.858754595081572e-05)]
MAR10390	[np.float64(9.858754595081572e-05)]
MAR10391	[np.float64(9.858754595081572e-05)]
MAR10392	[np.float64(9.858754595081572e-05)]
MAR10393	[np.float64(9.858754595081572e-05)]
MAR10394	[np.float64(9.858754595081572e-05)]
MAR10395	[np.float64(9.858754595081572e-05)]
MAR10396	[np.float64(9.858754595081572e-05)]
MAR10397	[np.float64(9.858754595081572e-05)]
MAR10398	[np.float64(9.858754595081572e-05)]
MAR10399	[np.float64(9.858754595081572e-05)]
MAR10400	[np.float64(9.858754595081572e-05)]
MAR10401	[np.float64(9.858754595081572e-05)]
MAR10402	[np.float64(9.858754595081572e-05)]
MAR10403	[np.float64(9.858754595081572e-05)]
MAR10404	[np.float64(9.858754595081572e-05)]
MAR10405	[np.float64(9.858754595081572e-05)]
MAR10406	[np.float64(9.858754595081572e-05)]
MAR10407	[np.float64(9.858754595081572e-05)]
MAR10408	[np.float64(9.858754595081572e-05)]
MAR10409	[np.float64(9.858754595081572e-05)]
MAR10411	[np.float64(9.858754595081572e-05)]
MAR10412	[np.float64(9.858754595081572e-05)]
MAR10413	[np.float64(9.858754595081572e-05)]
MAR10414	[np.float64(9.858754595081572e-05)]
MAR10415	[np.float64(9.858754595081572e-05)]
MAR10416	[np.float64(9.858754595081572e-05)]
MAR10417	[np.float64(9.858754595081572e-05)]
MAR10418	[np.float64(9.858754595081572e-05)]
MAR10419	[np.float64(9.858754595081572e-05)]
MAR10420	[np.float64(9.858754595081572e-05)]
MAR10421	[np.float64(9.858754595081572e-05)]
MAR10422	[np.float64(9.858754595081572e-05)]
MAR10423	[np.float64(9.858754595081572e-05)]
MAR10424	[np.float64(9.858754595081572e-05)]
MAR10425	[np.float64(9.858754595081572e-05)]
MAR10426	[np.float64(9.858754595081572e-05)]
MAR10427	[np.float64(9.858754595081572e-05)]
MAR10428	[np.float64(9.858754595081572e-05)]
MAR10429	[np.float64(9.858754595081572e-05)]
MAR10430	[np.float64(9.858754595081572e-05)]
MAR10431	[np.float64(9.858754595081572e-05)]
MAR10432	[np.float64(9.858754595081572e-05)]
MAR10434	[np.float64(9.858754595081572e-05)]
MAR10435	[np.float64(9.858754595081572e-05)]
MAR10436	[np.float64(9.858754595081572e-05)]
MAR10437	[np.float64(9.858754595081572e-05)]
MAR10438	[np.float64(9.858754595081572e-05)]
MAR10439	[np.float64(9.858754595081572e-05)]
MAR10440	[np.float64(9.858754595081572e-05)]
MAR10441	[np.float64(9.858754595081572e-05)]
MAR10442	[np.float64(9.858754595081572e-05)]
MAR10443	[np.float64(9.858754595081572e-05)]
MAR10444	[np.float64(9.858754595081572e-05)]
MAR10445	[0.006694979509823568]
MAR10446	[0.006694979509823568]
MAR10448	[np.float64(9.858754595081572e-05)]
MAR10449	[np.float64(9.858754595081572e-05)]
MAR10450	[np.float64(9.858754595081572e-05)]
MAR10451	[np.float64(9.858754595081572e-05)]
MAR10452	[np.float64(9.858754595081572e-05)]
MAR10453	[np.float64(9.858754595081572e-05)]
MAR10454	[np.float64(9.858754595081572e-05)]
MAR10455	[np.float64(9.858754595081572e-05)]
MAR10456	[np.float64(9.858754595081572e-05)]
MAR10457	[np.float64(9.858754595081572e-05)]
MAR10458	[np.float64(9.858754595081572e-05)]
MAR10459	[0.00762995585464111]
MAR10460	[0.00762995585464111]
MAR10461	[0.006177830639118772]
MAR10462	[0.00762995585464111]
MAR10463	[np.float64(9.858754595081572e-05)]
MAR10464	[0.00762995585464111]
MAR10465	[np.float64(9.858754595081572e-05)]
MAR10466	[np.float64(9.858754595081572e-05)]
MAR10468	[np.float64(9.858754595081572e-05)]
MAR10470	[np.float64(9.858754595081572e-05)]
MAR10472	[np.float64(9.858754595081572e-05)]
MAR10473	[np.float64(9.858754595081572e-05)]
MAR10474	[np.float64(9.858754595081572e-05)]
MAR10475	[np.float64(9.858754595081572e-05)]
MAR10476	[np.float64(9.858754595081572e-05)]
MAR10477	[np.float64(9.858754595081572e-05)]
MAR10478	[np.float64(9.858754595081572e-05)]
MAR10479	[np.float64(9.858754595081572e-05)]
MAR10480	[np.float64(9.858754595081572e-05)]
MAR10481	[np.float64(9.858754595081572e-05)]
MAR10482	[np.float64(9.858754595081572e-05)]
MAR10483	[np.float64(9.858754595081572e-05)]
MAR10484	[np.float64(9.858754595081572e-05)]
MAR10485	[np.float64(9.858754595081572e-05)]
MAR10486	[np.float64(9.858754595081572e-05)]
MAR10487	[np.float64(9.858754595081572e-05)]
MAR10488	[np.float64(9.858754595081572e-05)]
MAR10489	[np.float64(9.858754595081572e-05)]
MAR10490	[np.float64(9.858754595081572e-05)]
MAR10491	[np.float64(9.858754595081572e-05)]
MAR10492	[np.float64(9.858754595081572e-05)]
MAR10493	[np.float64(9.858754595081572e-05)]
MAR10494	[np.float64(9.858754595081572e-05)]
MAR10495	[np.float64(9.858754595081572e-05)]
MAR10496	[np.float64(9.858754595081572e-05)]
MAR10497	[np.float64(9.858754595081572e-05)]
MAR10498	[np.float64(9.858754595081572e-05)]
MAR10499	[np.float64(9.858754595081572e-05)]
MAR10500	[np.float64(9.858754595081572e-05)]
MAR10501	[np.float64(9.858754595081572e-05)]
MAR10502	[np.float64(9.858754595081572e-05)]
MAR10503	[np.float64(9.858754595081572e-05)]
MAR10504	[np.float64(9.858754595081572e-05)]
MAR10505	[np.float64(9.858754595081572e-05)]
MAR10506	[np.float64(9.858754595081572e-05)]
MAR10507	[np.float64(9.858754595081572e-05)]
MAR10508	[np.float64(9.858754595081572e-05)]
MAR10509	[np.float64(9.858754595081572e-05)]
MAR10510	[np.float64(9.858754595081572e-05)]
MAR10511	[np.float64(9.858754595081572e-05)]
MAR10512	[np.float64(9.858754595081572e-05)]
MAR10513	[np.float64(9.858754595081572e-05)]
MAR10514	[np.float64(9.858754595081572e-05)]
MAR10515	[np.float64(9.858754595081572e-05)]
MAR10516	[np.float64(9.858754595081572e-05)]
MAR10517	[np.float64(9.858754595081572e-05)]
MAR10518	[np.float64(9.858754595081572e-05)]
MAR10519	[np.float64(9.858754595081572e-05)]
MAR10520	[np.float64(9.858754595081572e-05)]
MAR10521	[np.float64(9.858754595081572e-05)]
MAR10522	[np.float64(9.858754595081572e-05)]
MAR10523	[np.float64(9.858754595081572e-05)]
MAR10524	[np.float64(9.858754595081572e-05)]
MAR10525	[np.float64(9.858754595081572e-05)]
MAR10526	[np.float64(9.858754595081572e-05)]
MAR10527	[np.float64(9.858754595081572e-05)]
MAR10528	[np.float64(9.858754595081572e-05)]
MAR10529	[np.float64(9.858754595081572e-05)]
MAR10530	[np.float64(9.858754595081572e-05)]
MAR10531	[np.float64(9.858754595081572e-05)]
MAR10532	[np.float64(9.858754595081572e-05)]
MAR10533	[np.float64(9.858754595081572e-05)]
MAR10534	[np.float64(9.858754595081572e-05)]
MAR10535	[np.float64(9.858754595081572e-05)]
MAR10536	[np.float64(9.858754595081572e-05)]
MAR10537	[np.float64(9.858754595081572e-05)]
MAR10538	[np.float64(9.858754595081572e-05)]
MAR10539	[np.float64(9.858754595081572e-05)]
MAR10540	[np.float64(9.858754595081572e-05)]
MAR10541	[np.float64(9.858754595081572e-05)]
MAR10542	[np.float64(9.858754595081572e-05)]
MAR10543	[np.float64(9.858754595081572e-05)]
MAR10544	[np.float64(9.858754595081572e-05)]
MAR10545	[np.float64(9.858754595081572e-05)]
MAR10546	[np.float64(9.858754595081572e-05)]
MAR10547	[np.float64(9.858754595081572e-05)]
MAR10548	[np.float64(9.858754595081572e-05)]
MAR10549	[np.float64(9.858754595081572e-05)]
MAR10550	[np.float64(9.858754595081572e-05)]
MAR10551	[np.float64(9.858754595081572e-05)]
MAR10552	[np.float64(9.858754595081572e-05)]
MAR10553	[np.float64(9.858754595081572e-05)]
MAR10554	[np.float64(9.858754595081572e-05)]
MAR10555	[np.float64(9.858754595081572e-05)]
MAR10556	[np.float64(9.858754595081572e-05)]
MAR10557	[np.float64(9.858754595081572e-05)]
MAR10558	[np.float64(9.858754595081572e-05)]
MAR10559	[np.float64(9.858754595081572e-05)]
MAR10560	[np.float64(9.858754595081572e-05)]
MAR10561	[np.float64(9.858754595081572e-05)]
MAR10562	[np.float64(9.858754595081572e-05)]
MAR10563	[np.float64(9.858754595081572e-05)]
MAR10564	[np.float64(9.858754595081572e-05)]
MAR10565	[np.float64(9.858754595081572e-05)]
MAR10566	[np.float64(9.858754595081572e-05)]
MAR10567	[np.float64(9.858754595081572e-05)]
MAR10568	[np.float64(9.858754595081572e-05)]
MAR10569	[np.float64(9.858754595081572e-05)]
MAR10570	[np.float64(9.858754595081572e-05)]
MAR10571	[np.float64(9.858754595081572e-05)]
MAR10572	[np.float64(9.858754595081572e-05)]
MAR10573	[np.float64(9.858754595081572e-05)]
MAR10574	[np.float64(9.858754595081572e-05)]
MAR10575	[np.float64(9.858754595081572e-05)]
MAR10576	[np.float64(9.858754595081572e-05)]
MAR10577	[np.float64(9.858754595081572e-05)]
MAR10578	[np.float64(9.858754595081572e-05)]
MAR10579	[np.float64(9.858754595081572e-05)]
MAR10580	[np.float64(9.858754595081572e-05)]
MAR10581	[np.float64(9.858754595081572e-05)]
MAR10582	[np.float64(9.858754595081572e-05)]
MAR10583	[np.float64(9.858754595081572e-05)]
MAR10584	[np.float64(9.858754595081572e-05)]
MAR10585	[np.float64(9.858754595081572e-05)]
MAR10586	[np.float64(9.858754595081572e-05)]
MAR10587	[np.float64(9.858754595081572e-05)]
MAR10588	[np.float64(9.858754595081572e-05)]
MAR10589	[np.float64(9.858754595081572e-05)]
MAR10590	[np.float64(9.858754595081572e-05)]
MAR10591	[np.float64(9.858754595081572e-05)]
MAR10592	[np.float64(9.858754595081572e-05)]
MAR10593	[np.float64(9.858754595081572e-05)]
MAR10594	[np.float64(9.858754595081572e-05)]
MAR10595	[np.float64(9.858754595081572e-05)]
MAR10596	[np.float64(9.858754595081572e-05)]
MAR10597	[np.float64(9.858754595081572e-05)]
MAR10598	[np.float64(9.858754595081572e-05)]
MAR10599	[np.float64(9.858754595081572e-05)]
MAR10600	[np.float64(9.858754595081572e-05)]
MAR10601	[np.float64(9.858754595081572e-05)]
MAR10602	[np.float64(9.858754595081572e-05)]
MAR10603	[np.float64(9.858754595081572e-05)]
MAR10604	[np.float64(9.858754595081572e-05)]
MAR10605	[np.float64(9.858754595081572e-05)]
MAR10606	[np.float64(9.858754595081572e-05)]
MAR10607	[np.float64(9.858754595081572e-05)]
MAR10608	[np.float64(9.858754595081572e-05)]
MAR10609	[np.float64(9.858754595081572e-05)]
MAR10610	[np.float64(9.858754595081572e-05)]
MAR10611	[np.float64(9.858754595081572e-05)]
MAR10612	[np.float64(9.858754595081572e-05)]
MAR10613	[np.float64(9.858754595081572e-05)]
MAR10614	[np.float64(9.858754595081572e-05)]
MAR10615	[np.float64(9.858754595081572e-05)]
MAR10616	[np.float64(9.858754595081572e-05)]
MAR10617	[np.float64(9.858754595081572e-05)]
MAR10618	[np.float64(9.858754595081572e-05)]
MAR10619	[np.float64(9.858754595081572e-05)]
MAR10620	[np.float64(9.858754595081572e-05)]
MAR10621	[np.float64(9.858754595081572e-05)]
MAR10622	[np.float64(9.858754595081572e-05)]
MAR10623	[np.float64(9.858754595081572e-05)]
MAR10624	[np.float64(9.858754595081572e-05)]
MAR10625	[np.float64(9.858754595081572e-05)]
MAR10626	[np.float64(9.858754595081572e-05)]
MAR10627	[np.float64(9.858754595081572e-05)]
MAR10628	[np.float64(9.858754595081572e-05)]
MAR10629	[np.float64(9.858754595081572e-05)]
MAR10630	[np.float64(9.858754595081572e-05)]
MAR10631	[np.float64(9.858754595081572e-05)]
MAR10632	[np.float64(9.858754595081572e-05)]
MAR10633	[np.float64(9.858754595081572e-05)]
MAR10634	[np.float64(9.858754595081572e-05)]
MAR10635	[np.float64(9.858754595081572e-05)]
MAR10636	[np.float64(9.858754595081572e-05)]
MAR10637	[np.float64(9.858754595081572e-05)]
MAR10638	[np.float64(9.858754595081572e-05)]
MAR10639	[np.float64(9.858754595081572e-05)]
MAR10640	[np.float64(9.858754595081572e-05)]
MAR10641	[np.float64(9.858754595081572e-05)]
MAR10642	[np.float64(9.858754595081572e-05)]
MAR10643	[np.float64(9.858754595081572e-05)]
MAR10644	[np.float64(9.858754595081572e-05)]
MAR10645	[np.float64(9.858754595081572e-05)]
MAR10646	[np.float64(9.858754595081572e-05)]
MAR10647	[np.float64(9.858754595081572e-05)]
MAR10648	[np.float64(9.858754595081572e-05)]
MAR10649	[np.float64(9.858754595081572e-05)]
MAR10650	[np.float64(9.858754595081572e-05)]
MAR10651	[np.float64(9.858754595081572e-05)]
MAR10652	[np.float64(9.858754595081572e-05)]
MAR10653	[np.float64(9.858754595081572e-05)]
MAR10654	[np.float64(9.858754595081572e-05)]
MAR10655	[np.float64(9.858754595081572e-05)]
MAR10656	[np.float64(9.858754595081572e-05)]
MAR10657	[np.float64(9.858754595081572e-05)]
MAR10658	[np.float64(9.858754595081572e-05)]
MAR10659	[np.float64(9.858754595081572e-05)]
MAR10660	[np.float64(9.858754595081572e-05)]
MAR10661	[np.float64(9.858754595081572e-05)]
MAR10662	[np.float64(9.858754595081572e-05)]
MAR10663	[np.float64(9.858754595081572e-05)]
MAR10664	[np.float64(9.858754595081572e-05)]
MAR10665	[np.float64(9.858754595081572e-05)]
MAR10666	[np.float64(9.858754595081572e-05)]
MAR10667	[np.float64(9.858754595081572e-05)]
MAR10668	[np.float64(9.858754595081572e-05)]
MAR10669	[np.float64(9.858754595081572e-05)]
MAR10670	[np.float64(9.858754595081572e-05)]
MAR10671	[np.float64(9.858754595081572e-05)]
MAR10672	[np.float64(9.858754595081572e-05)]
MAR10673	[np.float64(9.858754595081572e-05)]
MAR10674	[np.float64(9.858754595081572e-05)]
MAR10675	[np.float64(9.858754595081572e-05)]
MAR10676	[np.float64(9.858754595081572e-05)]
MAR10677	[np.float64(9.858754595081572e-05)]
MAR10678	[np.float64(9.858754595081572e-05)]
MAR10679	[np.float64(9.858754595081572e-05)]
MAR10680	[np.float64(9.858754595081572e-05)]
MAR10681	[np.float64(9.858754595081572e-05)]
MAR10682	[np.float64(9.858754595081572e-05)]
MAR10683	[np.float64(9.858754595081572e-05)]
MAR10684	[np.float64(9.858754595081572e-05)]
MAR10685	[np.float64(9.858754595081572e-05)]
MAR10686	[np.float64(9.858754595081572e-05)]
MAR10687	[np.float64(9.858754595081572e-05)]
MAR10688	[np.float64(9.858754595081572e-05)]
MAR10689	[np.float64(9.858754595081572e-05)]
MAR10690	[np.float64(9.858754595081572e-05)]
MAR10691	[np.float64(9.858754595081572e-05)]
MAR10692	[np.float64(9.858754595081572e-05)]
MAR10693	[np.float64(9.858754595081572e-05)]
MAR10694	[np.float64(9.858754595081572e-05)]
MAR10695	[np.float64(9.858754595081572e-05)]
MAR10696	[np.float64(9.858754595081572e-05)]
MAR10697	[np.float64(9.858754595081572e-05)]
MAR10698	[np.float64(9.858754595081572e-05)]
MAR10699	[np.float64(9.858754595081572e-05)]
MAR10700	[np.float64(9.858754595081572e-05)]
MAR10701	[np.float64(9.858754595081572e-05)]
MAR10702	[np.float64(9.858754595081572e-05)]
MAR10703	[np.float64(9.858754595081572e-05)]
MAR10704	[np.float64(9.858754595081572e-05)]
MAR10705	[np.float64(9.858754595081572e-05)]
MAR10706	[np.float64(9.858754595081572e-05)]
MAR10707	[np.float64(9.858754595081572e-05)]
MAR10708	[np.float64(9.858754595081572e-05)]
MAR10709	[np.float64(9.858754595081572e-05)]
MAR10710	[np.float64(9.858754595081572e-05)]
MAR10711	[np.float64(9.858754595081572e-05)]
MAR10712	[np.float64(9.858754595081572e-05)]
MAR10713	[np.float64(9.858754595081572e-05)]
MAR10714	[np.float64(9.858754595081572e-05)]
MAR10715	[np.float64(9.858754595081572e-05)]
MAR10716	[np.float64(9.858754595081572e-05)]
MAR10717	[np.float64(9.858754595081572e-05)]
MAR10718	[np.float64(9.858754595081572e-05)]
MAR10719	[np.float64(9.858754595081572e-05)]
MAR10720	[np.float64(9.858754595081572e-05)]
MAR10721	[np.float64(9.858754595081572e-05)]
MAR10722	[np.float64(9.858754595081572e-05)]
MAR10723	[np.float64(9.858754595081572e-05)]
MAR10724	[np.float64(9.858754595081572e-05)]
MAR10725	[np.float64(9.858754595081572e-05)]
MAR10726	[np.float64(9.858754595081572e-05)]
MAR10727	[np.float64(9.858754595081572e-05)]
MAR10728	[np.float64(9.858754595081572e-05)]
MAR10729	[np.float64(9.858754595081572e-05)]
MAR10730	[np.float64(9.858754595081572e-05)]
MAR10731	[np.float64(9.858754595081572e-05)]
MAR10732	[np.float64(9.858754595081572e-05)]
MAR10733	[np.float64(9.858754595081572e-05)]
MAR10734	[np.float64(9.858754595081572e-05)]
MAR10735	[np.float64(9.858754595081572e-05)]
MAR10736	[np.float64(9.858754595081572e-05)]
MAR10737	[np.float64(9.858754595081572e-05)]
MAR10738	[np.float64(9.858754595081572e-05)]
MAR10739	[0.007271084828788085]
MAR10740	[0.007271084828788085]
MAR10741	[0.007271084828788085]
MAR10742	[0.007271084828788085]
MAR10743	[0.007271084828788085]
MAR10744	[0.007271084828788085]
MAR10745	[0.007271084828788085]
MAR10746	[0.007271084828788085]
MAR10747	[0.007271084828788085]
MAR10748	[0.007271084828788085]
MAR10749	[0.007271084828788085]
MAR10750	[0.007271084828788085]
MAR10751	[0.007271084828788085]
MAR10752	[0.007271084828788085]
MAR10753	[0.007271084828788085]
MAR10754	[0.007271084828788085]
MAR10755	[0.007271084828788085]
MAR10756	[0.007271084828788085]
MAR10757	[0.007271084828788085]
MAR10758	[0.007271084828788085]
MAR10759	[0.007271084828788085]
MAR10760	[0.007271084828788085]
MAR10761	[0.007271084828788085]
MAR10762	[0.007271084828788085]
MAR10763	[0.007271084828788085]
MAR10764	[0.007271084828788085]
MAR10765	[0.007271084828788085]
MAR10766	[0.007271084828788085]
MAR10767	[0.007271084828788085]
MAR10768	[0.007271084828788085]
MAR10769	[0.007271084828788085]
MAR10770	[0.007271084828788085]
MAR10771	[0.007271084828788085]
MAR10772	[0.007271084828788085]
MAR10773	[0.007271084828788085]
MAR10774	[0.007271084828788085]
MAR10775	[0.007271084828788085]
MAR10776	[0.007271084828788085]
MAR10777	[0.007271084828788085]
MAR10778	[0.007271084828788085]
MAR10779	[0.007271084828788085]
MAR10780	[0.007271084828788085]
MAR10781	[0.007271084828788085]
MAR10782	[0.007271084828788085]
MAR10783	[0.007271084828788085]
MAR10784	[0.007271084828788085]
MAR10785	[0.007271084828788085]
MAR10786	[0.007271084828788085]
MAR10787	[0.007271084828788085]
MAR10788	[0.007271084828788085]
MAR10789	[0.007271084828788085]
MAR10790	[0.007271084828788085]
MAR10791	[0.007271084828788085]
MAR10792	[0.007271084828788085]
MAR10793	[0.007271084828788085]
MAR10794	[0.007271084828788085]
MAR10795	[0.007271084828788085]
MAR10796	[0.007271084828788085]
MAR10797	[0.007271084828788085]
MAR10798	[0.007271084828788085]
MAR10799	[0.007271084828788085]
MAR10800	[0.007271084828788085]
MAR10801	[0.007271084828788085]
MAR10802	[0.007271084828788085]
MAR10803	[0.007271084828788085]
MAR10804	[0.007271084828788085]
MAR10805	[0.007271084828788085]
MAR10806	[0.007271084828788085]
MAR10807	[0.007271084828788085]
MAR10808	[0.007271084828788085]
MAR10809	[0.007271084828788085]
MAR10810	[0.007271084828788085]
MAR10811	[0.007271084828788085]
MAR10812	[0.007271084828788085]
MAR10813	[0.007271084828788085]
MAR10814	[0.007271084828788085]
MAR10815	[0.007271084828788085]
MAR10816	[0.007271084828788085]
MAR10817	[0.007271084828788085]
MAR10818	[0.007271084828788085]
MAR10819	[0.007271084828788085]
MAR10820	[0.007271084828788085]
MAR10821	[0.007271084828788085]
MAR10822	[0.007271084828788085]
MAR10823	[0.007271084828788085]
MAR10824	[0.007271084828788085]
MAR10825	[0.007271084828788085]
MAR10826	[0.007271084828788085]
MAR10827	[0.007271084828788085]
MAR10828	[0.007271084828788085]
MAR10829	[0.007271084828788085]
MAR10830	[0.007271084828788085]
MAR10831	[0.007271084828788085]
MAR10832	[0.007271084828788085]
MAR10833	[0.007271084828788085]
MAR10834	[0.007271084828788085]
MAR10835	[0.007271084828788085]
MAR10836	[0.007271084828788085]
MAR10837	[0.007271084828788085]
MAR10838	[0.007271084828788085]
MAR10839	[0.007271084828788085]
MAR10840	[0.007271084828788085]
MAR10841	[0.007271084828788085]
MAR10842	[0.007271084828788085]
MAR10843	[0.007271084828788085]
MAR10844	[0.007271084828788085]
MAR10845	[0.007271084828788085]
MAR10846	[0.007271084828788085]
MAR10847	[0.007271084828788085]
MAR10848	[0.007271084828788085]
MAR10849	[0.007271084828788085]
MAR10850	[0.007271084828788085]
MAR10851	[0.007271084828788085]
MAR10852	[0.007271084828788085]
MAR10853	[0.007271084828788085]
MAR10854	[0.007271084828788085]
MAR10855	[0.007271084828788085]
MAR10856	[0.007271084828788085]
MAR10857	[0.007271084828788085]
MAR10858	[0.007271084828788085]
MAR10859	[0.007271084828788085]
MAR10860	[0.007271084828788085]
MAR10861	[0.007271084828788085]
MAR10862	[0.007271084828788085]
MAR10863	[0.007271084828788085]
MAR10864	[0.007271084828788085]
MAR10865	[0.007271084828788085]
MAR10866	[0.007271084828788085]
MAR10867	[0.007271084828788085]
MAR10868	[0.007271084828788085]
MAR10869	[0.007271084828788085]
MAR10870	[0.007271084828788085]
MAR10871	[0.007271084828788085]
MAR10872	[0.007271084828788085]
MAR10873	[0.007271084828788085]
MAR10874	[0.007271084828788085]
MAR10875	[0.007271084828788085]
MAR10876	[0.007271084828788085]
MAR10877	[0.007271084828788085]
MAR10878	[0.007271084828788085]
MAR10879	[0.007271084828788085]
MAR10880	[0.007271084828788085]
MAR10881	[0.007271084828788085]
MAR10882	[0.007271084828788085]
MAR10883	[0.007271084828788085]
MAR10884	[0.007271084828788085]
MAR10885	[0.007271084828788085]
MAR10886	[0.007271084828788085]
MAR10887	[0.007271084828788085]
MAR10888	[0.007271084828788085]
MAR10889	[0.007271084828788085]
MAR10890	[0.007271084828788085]
MAR10891	[0.007271084828788085]
MAR10892	[0.007271084828788085]
MAR10893	[0.007271084828788085]
MAR10894	[0.007271084828788085]
MAR10895	[0.007271084828788085]
MAR10896	[0.007271084828788085]
MAR10897	[0.007271084828788085]
MAR10898	[0.007271084828788085]
MAR10899	[0.007271084828788085]
MAR10900	[0.007271084828788085]
MAR10901	[0.007271084828788085]
MAR10902	[0.007271084828788085]
MAR10903	[0.007271084828788085]
MAR10904	[0.007271084828788085]
MAR10905	[0.007271084828788085]
MAR10906	[0.007271084828788085]
MAR10907	[0.007271084828788085]
MAR10908	[0.007271084828788085]
MAR10909	[0.007271084828788085]
MAR10910	[0.007271084828788085]
MAR10911	[0.007271084828788085]
MAR10912	[0.007271084828788085]
MAR10913	[0.007271084828788085]
MAR10914	[0.007271084828788085]
MAR10915	[0.007271084828788085]
MAR10916	[0.007271084828788085]
MAR10917	[0.007271084828788085]
MAR10918	[0.007271084828788085]
MAR10919	[0.007271084828788085]
MAR10920	[0.007271084828788085]
MAR10921	[0.007271084828788085]
MAR10922	[0.007271084828788085]
MAR10923	[0.007271084828788085]
MAR10924	[0.007271084828788085]
MAR10925	[0.007271084828788085]
MAR10926	[0.007271084828788085]
MAR10927	[0.007271084828788085]
MAR10928	[0.007271084828788085]
MAR10929	[0.007271084828788085]
MAR10930	[0.007271084828788085]
MAR10931	[0.007271084828788085]
MAR10932	[0.007271084828788085]
MAR10933	[0.007271084828788085]
MAR10934	[0.007271084828788085]
MAR10935	[0.007271084828788085]
MAR10936	[0.007271084828788085]
MAR10937	[0.007271084828788085]
MAR10938	[0.007271084828788085]
MAR10939	[0.007271084828788085]
MAR10940	[0.007271084828788085]
MAR10941	[0.007271084828788085]
MAR10942	[0.007271084828788085]
MAR10943	[0.007271084828788085]
MAR10944	[0.007271084828788085]
MAR10945	[0.007271084828788085]
MAR10946	[0.007271084828788085]
MAR10947	[0.007271084828788085]
MAR10948	[0.007271084828788085]
MAR10949	[0.007271084828788085]
MAR10950	[0.007271084828788085]
MAR10951	[0.007271084828788085]
MAR10952	[0.007271084828788085]
MAR10953	[0.007271084828788085]
MAR10954	[0.007271084828788085]
MAR10955	[0.007271084828788085]
MAR10956	[0.007271084828788085]
MAR10957	[0.007271084828788085]
MAR10958	[0.007271084828788085]
MAR10959	[0.007271084828788085]
MAR10960	[0.007271084828788085]
MAR10961	[0.007271084828788085]
MAR10962	[0.007271084828788085]
MAR10963	[0.007271084828788085]
MAR10964	[0.007271084828788085]
MAR10965	[0.007271084828788085]
MAR10966	[0.007271084828788085]
MAR10967	[0.007271084828788085]
MAR10968	[0.007271084828788085]
MAR10969	[0.007271084828788085]
MAR10970	[0.007271084828788085]
MAR10971	[0.007271084828788085]
MAR10972	[0.007271084828788085]
MAR10973	[0.007271084828788085]
MAR10974	[0.007271084828788085]
MAR10975	[0.007271084828788085]
MAR10976	[0.007271084828788085]
MAR10977	[0.007271084828788085]
MAR10978	[0.007271084828788085]
MAR10979	[0.007271084828788085]
MAR10980	[0.007271084828788085]
MAR10981	[np.float64(9.858754595081572e-05)]
MAR10982	[np.float64(9.858754595081572e-05)]
MAR10983	[np.float64(9.858754595081572e-05)]
MAR10984	[np.float64(9.858754595081572e-05)]
MAR10985	[np.float64(9.858754595081572e-05)]
MAR10986	[np.float64(9.858754595081572e-05)]
MAR10987	[np.float64(9.858754595081572e-05)]
MAR10988	[np.float64(9.858754595081572e-05)]
MAR10989	[np.float64(9.858754595081572e-05)]
MAR10990	[np.float64(9.858754595081572e-05)]
MAR10991	[np.float64(9.858754595081572e-05)]
MAR10992	[np.float64(9.858754595081572e-05)]
MAR10993	[np.float64(9.858754595081572e-05)]
MAR10994	[np.float64(9.858754595081572e-05)]
MAR10995	[np.float64(9.858754595081572e-05)]
MAR10996	[np.float64(9.858754595081572e-05)]
MAR10997	[np.float64(9.858754595081572e-05)]
MAR10998	[np.float64(9.858754595081572e-05)]
MAR10999	[np.float64(9.858754595081572e-05)]
MAR11000	[np.float64(9.858754595081572e-05)]
MAR11001	[np.float64(9.858754595081572e-05)]
MAR11002	[np.float64(9.858754595081572e-05)]
MAR11003	[np.float64(9.858754595081572e-05)]
MAR11004	[np.float64(9.858754595081572e-05)]
MAR11005	[np.float64(9.858754595081572e-05)]
MAR11006	[np.float64(9.858754595081572e-05)]
MAR11007	[np.float64(9.858754595081572e-05)]
MAR11008	[np.float64(9.858754595081572e-05)]
MAR11009	[np.float64(9.858754595081572e-05)]
MAR11010	[np.float64(9.858754595081572e-05)]
MAR11011	[np.float64(9.858754595081572e-05)]
MAR11012	[np.float64(9.858754595081572e-05)]
MAR11013	[np.float64(9.858754595081572e-05)]
MAR11014	[np.float64(9.858754595081572e-05)]
MAR11015	[np.float64(9.858754595081572e-05)]
MAR11016	[np.float64(9.858754595081572e-05)]
MAR11017	[np.float64(9.858754595081572e-05)]
MAR11018	[np.float64(9.858754595081572e-05)]
MAR11019	[np.float64(9.858754595081572e-05)]
MAR11020	[np.float64(9.858754595081572e-05)]
MAR11021	[np.float64(9.858754595081572e-05)]
MAR11022	[np.float64(9.858754595081572e-05)]
MAR11023	[np.float64(9.858754595081572e-05)]
MAR11024	[np.float64(9.858754595081572e-05)]
MAR11025	[np.float64(9.858754595081572e-05)]
MAR11026	[np.float64(9.858754595081572e-05)]
MAR11027	[np.float64(9.858754595081572e-05)]
MAR11028	[np.float64(9.858754595081572e-05)]
MAR11029	[np.float64(9.858754595081572e-05)]
MAR11030	[np.float64(9.858754595081572e-05)]
MAR11031	[np.float64(9.858754595081572e-05)]
MAR11032	[np.float64(9.858754595081572e-05)]
MAR11033	[np.float64(9.858754595081572e-05)]
MAR11034	[np.float64(9.858754595081572e-05)]
MAR11035	[np.float64(9.858754595081572e-05)]
MAR11036	[np.float64(9.858754595081572e-05)]
MAR11037	[np.float64(9.858754595081572e-05)]
MAR11038	[np.float64(9.858754595081572e-05)]
MAR11039	[np.float64(9.858754595081572e-05)]
MAR11040	[np.float64(9.858754595081572e-05)]
MAR11041	[np.float64(9.858754595081572e-05)]
MAR11042	[np.float64(9.858754595081572e-05)]
MAR11043	[np.float64(9.858754595081572e-05)]
MAR11044	[np.float64(9.858754595081572e-05)]
MAR11045	[np.float64(9.858754595081572e-05)]
MAR11046	[np.float64(9.858754595081572e-05)]
MAR11047	[np.float64(9.858754595081572e-05)]
MAR11048	[np.float64(9.858754595081572e-05)]
MAR11049	[np.float64(9.858754595081572e-05)]
MAR11050	[np.float64(9.858754595081572e-05)]
MAR11051	[np.float64(9.858754595081572e-05)]
MAR11052	[np.float64(9.858754595081572e-05)]
MAR11053	[np.float64(9.858754595081572e-05)]
MAR11054	[np.float64(9.858754595081572e-05)]
MAR11055	[np.float64(9.858754595081572e-05)]
MAR11056	[np.float64(9.858754595081572e-05)]
MAR11057	[np.float64(9.858754595081572e-05)]
MAR11058	[np.float64(9.858754595081572e-05)]
MAR11059	[np.float64(9.858754595081572e-05)]
MAR11060	[np.float64(9.858754595081572e-05)]
MAR11061	[np.float64(9.858754595081572e-05)]
MAR11062	[np.float64(9.858754595081572e-05)]
MAR11063	[np.float64(9.858754595081572e-05)]
MAR11064	[np.float64(9.858754595081572e-05)]
MAR11065	[np.float64(9.858754595081572e-05)]
MAR11066	[np.float64(9.858754595081572e-05)]
MAR11067	[np.float64(9.858754595081572e-05)]
MAR11068	[np.float64(9.858754595081572e-05)]
MAR11069	[np.float64(9.858754595081572e-05)]
MAR11070	[np.float64(9.858754595081572e-05)]
MAR11071	[np.float64(9.858754595081572e-05)]
MAR11072	[np.float64(9.858754595081572e-05)]
MAR11073	[np.float64(9.858754595081572e-05)]
MAR11074	[np.float64(9.858754595081572e-05)]
MAR11075	[np.float64(9.858754595081572e-05)]
MAR11076	[np.float64(9.858754595081572e-05)]
MAR11077	[np.float64(9.858754595081572e-05)]
MAR11078	[np.float64(9.858754595081572e-05)]
MAR11079	[np.float64(9.858754595081572e-05)]
MAR11080	[np.float64(9.858754595081572e-05)]
MAR11081	[np.float64(9.858754595081572e-05)]
MAR11082	[np.float64(9.858754595081572e-05)]
MAR11083	[np.float64(9.858754595081572e-05)]
MAR11084	[np.float64(9.858754595081572e-05)]
MAR11085	[np.float64(9.858754595081572e-05)]
MAR11086	[np.float64(9.858754595081572e-05)]
MAR11087	[np.float64(9.858754595081572e-05)]
MAR11088	[np.float64(9.858754595081572e-05)]
MAR11089	[np.float64(9.858754595081572e-05)]
MAR11090	[np.float64(9.858754595081572e-05)]
MAR11091	[np.float64(9.858754595081572e-05)]
MAR11092	[np.float64(9.858754595081572e-05)]
MAR11093	[np.float64(9.858754595081572e-05)]
MAR11094	[np.float64(9.858754595081572e-05)]
MAR11095	[np.float64(9.858754595081572e-05)]
MAR11096	[np.float64(9.858754595081572e-05)]
MAR11097	[np.float64(9.858754595081572e-05)]
MAR11098	[np.float64(9.858754595081572e-05)]
MAR11099	[np.float64(9.858754595081572e-05)]
MAR11100	[np.float64(9.858754595081572e-05)]
MAR11101	[np.float64(9.858754595081572e-05)]
MAR11102	[np.float64(9.858754595081572e-05)]
MAR11103	[np.float64(9.858754595081572e-05)]
MAR11104	[np.float64(9.858754595081572e-05)]
MAR11105	[np.float64(9.858754595081572e-05)]
MAR11106	[np.float64(9.858754595081572e-05)]
MAR11107	[np.float64(9.858754595081572e-05)]
MAR11108	[np.float64(9.858754595081572e-05)]
MAR11109	[np.float64(9.858754595081572e-05)]
MAR11110	[np.float64(9.858754595081572e-05)]
MAR11111	[np.float64(9.858754595081572e-05)]
MAR11112	[np.float64(9.858754595081572e-05)]
MAR11113	[np.float64(9.858754595081572e-05)]
MAR11114	[np.float64(9.858754595081572e-05)]
MAR11115	[np.float64(9.858754595081572e-05)]
MAR11116	[np.float64(9.858754595081572e-05)]
MAR11117	[np.float64(9.858754595081572e-05)]
MAR11118	[np.float64(9.858754595081572e-05)]
MAR11119	[np.float64(9.858754595081572e-05)]
MAR11120	[np.float64(9.858754595081572e-05)]
MAR11121	[np.float64(9.858754595081572e-05)]
MAR11122	[np.float64(9.858754595081572e-05)]
MAR11123	[np.float64(9.858754595081572e-05)]
MAR11124	[np.float64(9.858754595081572e-05)]
MAR11125	[np.float64(9.858754595081572e-05)]
MAR11126	[np.float64(9.858754595081572e-05)]
MAR11127	[np.float64(9.858754595081572e-05)]
MAR11128	[np.float64(9.858754595081572e-05)]
MAR11129	[np.float64(9.858754595081572e-05)]
MAR11130	[np.float64(9.858754595081572e-05)]
MAR11131	[np.float64(9.858754595081572e-05)]
MAR11132	[np.float64(9.858754595081572e-05)]
MAR11133	[np.float64(9.858754595081572e-05)]
MAR11134	[np.float64(9.858754595081572e-05)]
MAR11135	[np.float64(9.858754595081572e-05)]
MAR11136	[np.float64(9.858754595081572e-05)]
MAR11137	[np.float64(9.858754595081572e-05)]
MAR11138	[np.float64(9.858754595081572e-05)]
MAR11139	[np.float64(9.858754595081572e-05)]
MAR11140	[np.float64(9.858754595081572e-05)]
MAR11141	[np.float64(9.858754595081572e-05)]
MAR11142	[np.float64(9.858754595081572e-05)]
MAR11143	[np.float64(9.858754595081572e-05)]
MAR11144	[np.float64(9.858754595081572e-05)]
MAR11145	[np.float64(9.858754595081572e-05)]
MAR11146	[np.float64(9.858754595081572e-05)]
MAR11147	[np.float64(9.858754595081572e-05)]
MAR11148	[np.float64(9.858754595081572e-05)]
MAR11149	[np.float64(9.858754595081572e-05)]
MAR11150	[np.float64(9.858754595081572e-05)]
MAR11151	[np.float64(9.858754595081572e-05)]
MAR11152	[np.float64(9.858754595081572e-05)]
MAR11153	[np.float64(9.858754595081572e-05)]
MAR11154	[np.float64(9.858754595081572e-05)]
MAR11155	[np.float64(9.858754595081572e-05)]
MAR11156	[np.float64(9.858754595081572e-05)]
MAR11157	[np.float64(9.858754595081572e-05)]
MAR11158	[np.float64(9.858754595081572e-05)]
MAR11159	[np.float64(9.858754595081572e-05)]
MAR11160	[np.float64(9.858754595081572e-05)]
MAR11161	[np.float64(9.858754595081572e-05)]
MAR11162	[np.float64(9.858754595081572e-05)]
MAR11163	[np.float64(9.858754595081572e-05)]
MAR11164	[np.float64(9.858754595081572e-05)]
MAR11165	[np.float64(9.858754595081572e-05)]
MAR11166	[np.float64(9.858754595081572e-05)]
MAR11167	[np.float64(9.858754595081572e-05)]
MAR11168	[np.float64(9.858754595081572e-05)]
MAR11169	[np.float64(9.858754595081572e-05)]
MAR11170	[np.float64(9.858754595081572e-05)]
MAR11171	[np.float64(9.858754595081572e-05)]
MAR11172	[np.float64(9.858754595081572e-05)]
MAR11173	[np.float64(9.858754595081572e-05)]
MAR11174	[np.float64(9.858754595081572e-05)]
MAR11175	[np.float64(9.858754595081572e-05)]
MAR11176	[np.float64(9.858754595081572e-05)]
MAR11177	[np.float64(9.858754595081572e-05)]
MAR11178	[np.float64(9.858754595081572e-05)]
MAR11179	[np.float64(9.858754595081572e-05)]
MAR11180	[np.float64(9.858754595081572e-05)]
MAR11181	[np.float64(9.858754595081572e-05)]
MAR11182	[np.float64(9.858754595081572e-05)]
MAR11183	[np.float64(9.858754595081572e-05)]
MAR11184	[np.float64(9.858754595081572e-05)]
MAR11185	[np.float64(9.858754595081572e-05)]
MAR11186	[np.float64(9.858754595081572e-05)]
MAR11187	[np.float64(9.858754595081572e-05)]
MAR11188	[np.float64(9.858754595081572e-05)]
MAR11189	[np.float64(9.858754595081572e-05)]
MAR11190	[np.float64(9.858754595081572e-05)]
MAR11191	[np.float64(9.858754595081572e-05)]
MAR11192	[np.float64(9.858754595081572e-05)]
MAR11193	[np.float64(9.858754595081572e-05)]
MAR11194	[np.float64(9.858754595081572e-05)]
MAR11195	[np.float64(9.858754595081572e-05)]
MAR11196	[np.float64(9.858754595081572e-05)]
MAR11197	[np.float64(9.858754595081572e-05)]
MAR11198	[np.float64(9.858754595081572e-05)]
MAR11199	[np.float64(9.858754595081572e-05)]
MAR11200	[np.float64(9.858754595081572e-05)]
MAR11201	[np.float64(9.858754595081572e-05)]
MAR11202	[np.float64(9.858754595081572e-05)]
MAR11203	[np.float64(9.858754595081572e-05)]
MAR11204	[np.float64(9.858754595081572e-05)]
MAR11205	[np.float64(9.858754595081572e-05)]
MAR11206	[np.float64(9.858754595081572e-05)]
MAR11207	[np.float64(9.858754595081572e-05)]
MAR11208	[np.float64(9.858754595081572e-05)]
MAR11209	[np.float64(9.858754595081572e-05)]
MAR11210	[np.float64(9.858754595081572e-05)]
MAR11211	[np.float64(9.858754595081572e-05)]
MAR11212	[np.float64(9.858754595081572e-05)]
MAR11213	[np.float64(9.858754595081572e-05)]
MAR11214	[np.float64(9.858754595081572e-05)]
MAR11215	[np.float64(9.858754595081572e-05)]
MAR11216	[np.float64(9.858754595081572e-05)]
MAR11217	[np.float64(9.858754595081572e-05)]
MAR11218	[np.float64(9.858754595081572e-05)]
MAR11219	[np.float64(9.858754595081572e-05)]
MAR11220	[np.float64(9.858754595081572e-05)]
MAR11221	[np.float64(9.858754595081572e-05)]
MAR11222	[np.float64(9.858754595081572e-05)]
MAR11223	[0.00762995585464111]
MAR11224	[np.float64(9.858754595081572e-05)]
MAR11225	[np.float64(9.858754595081572e-05)]
MAR11226	[np.float64(9.858754595081572e-05)]
MAR11227	[np.float64(9.858754595081572e-05)]
MAR11228	[np.float64(9.858754595081572e-05)]
MAR11229	[np.float64(9.858754595081572e-05)]
MAR11230	[np.float64(9.858754595081572e-05)]
MAR11231	[np.float64(9.858754595081572e-05)]
MAR11232	[np.float64(9.858754595081572e-05)]
MAR11233	[np.float64(9.858754595081572e-05)]
MAR11234	[np.float64(9.858754595081572e-05)]
MAR11235	[np.float64(9.858754595081572e-05)]
MAR11236	[np.float64(9.858754595081572e-05)]
MAR11237	[np.float64(9.858754595081572e-05)]
MAR11238	[np.float64(9.858754595081572e-05)]
MAR11239	[np.float64(9.858754595081572e-05)]
MAR11240	[np.float64(9.858754595081572e-05)]
MAR11241	[np.float64(9.858754595081572e-05)]
MAR11242	[np.float64(9.858754595081572e-05)]
MAR11243	[np.float64(9.858754595081572e-05)]
MAR11244	[np.float64(9.858754595081572e-05)]
MAR11245	[np.float64(9.858754595081572e-05)]
MAR11246	[np.float64(9.858754595081572e-05)]
MAR11247	[np.float64(9.858754595081572e-05)]
MAR11248	[np.float64(9.858754595081572e-05)]
MAR11249	[np.float64(9.858754595081572e-05)]
MAR11250	[np.float64(9.858754595081572e-05)]
MAR11251	[np.float64(9.858754595081572e-05)]
MAR11252	[np.float64(9.858754595081572e-05)]
MAR11253	[np.float64(9.858754595081572e-05)]
MAR11254	[np.float64(9.858754595081572e-05)]
MAR11255	[np.float64(9.858754595081572e-05)]
MAR11256	[np.float64(9.858754595081572e-05)]
MAR11257	[np.float64(9.858754595081572e-05)]
MAR11258	[np.float64(9.858754595081572e-05)]
MAR11259	[np.float64(9.858754595081572e-05)]
MAR11260	[np.float64(9.858754595081572e-05)]
MAR11261	[np.float64(9.858754595081572e-05)]
MAR11262	[np.float64(9.858754595081572e-05)]
MAR11263	[np.float64(9.858754595081572e-05)]
MAR11264	[np.float64(9.858754595081572e-05)]
MAR11265	[np.float64(9.858754595081572e-05)]
MAR11266	[np.float64(9.858754595081572e-05)]
MAR11267	[np.float64(9.858754595081572e-05)]
MAR11268	[np.float64(9.858754595081572e-05)]
MAR11270	[np.float64(9.858754595081572e-05)]
MAR11271	[np.float64(9.858754595081572e-05)]
MAR11272	[np.float64(9.858754595081572e-05)]
MAR11274	[np.float64(9.858754595081572e-05)]
MAR11276	[np.float64(9.858754595081572e-05)]
MAR11277	[np.float64(9.858754595081572e-05)]
MAR11278	[np.float64(9.858754595081572e-05)]
MAR11279	[np.float64(9.858754595081572e-05)]
MAR11280	[np.float64(9.858754595081572e-05)]
MAR11281	[np.float64(9.858754595081572e-05)]
MAR11282	[np.float64(9.858754595081572e-05)]
MAR11283	[np.float64(9.858754595081572e-05)]
MAR11284	[np.float64(9.858754595081572e-05)]
MAR11285	[np.float64(9.858754595081572e-05)]
MAR11286	[np.float64(9.858754595081572e-05)]
MAR11287	[np.float64(9.858754595081572e-05)]
MAR11288	[np.float64(9.858754595081572e-05)]
MAR11289	[np.float64(9.858754595081572e-05)]
MAR11290	[np.float64(9.858754595081572e-05)]
MAR11291	[np.float64(9.858754595081572e-05)]
MAR11294	[np.float64(9.858754595081572e-05)]
MAR11295	[np.float64(9.858754595081572e-05)]
MAR11296	[np.float64(9.858754595081572e-05)]
MAR11297	[np.float64(9.858754595081572e-05)]
MAR11298	[np.float64(9.858754595081572e-05)]
MAR11299	[np.float64(9.858754595081572e-05)]
MAR11300	[np.float64(9.858754595081572e-05)]
MAR11301	[np.float64(9.858754595081572e-05)]
MAR11302	[np.float64(9.858754595081572e-05)]
MAR11303	[np.float64(9.858754595081572e-05)]
MAR11304	[np.float64(9.858754595081572e-05)]
MAR11305	[np.float64(9.858754595081572e-05)]
MAR11306	[np.float64(9.858754595081572e-05)]
MAR11307	[np.float64(9.858754595081572e-05)]
MAR11308	[np.float64(9.858754595081572e-05)]
MAR11309	[np.float64(9.858754595081572e-05)]
MAR11311	[np.float64(9.858754595081572e-05)]
MAR11312	[np.float64(9.858754595081572e-05)]
MAR11313	[np.float64(9.858754595081572e-05)]
MAR11314	[np.float64(9.858754595081572e-05)]
MAR11315	[np.float64(9.858754595081572e-05)]
MAR11316	[np.float64(9.858754595081572e-05)]
MAR11317	[np.float64(9.858754595081572e-05)]
MAR11318	[np.float64(9.858754595081572e-05)]
MAR11319	[np.float64(9.858754595081572e-05)]
MAR11320	[np.float64(9.858754595081572e-05)]
MAR11321	[np.float64(9.858754595081572e-05)]
MAR11322	[np.float64(9.858754595081572e-05)]
MAR11323	[np.float64(9.858754595081572e-05)]
MAR11324	[np.float64(9.858754595081572e-05)]
MAR11325	[np.float64(9.858754595081572e-05)]
MAR11326	[np.float64(9.858754595081572e-05)]
MAR11327	[np.float64(9.858754595081572e-05)]
MAR11328	[np.float64(9.858754595081572e-05)]
MAR11329	[np.float64(9.858754595081572e-05)]
MAR11330	[np.float64(9.858754595081572e-05)]
MAR11331	[np.float64(9.858754595081572e-05)]
MAR11332	[np.float64(9.858754595081572e-05)]
MAR11333	[np.float64(9.858754595081572e-05)]
MAR11334	[np.float64(9.858754595081572e-05)]
MAR11335	[np.float64(9.858754595081572e-05)]
MAR11336	[np.float64(9.858754595081572e-05)]
MAR11337	[np.float64(9.858754595081572e-05)]
MAR11338	[np.float64(9.858754595081572e-05)]
MAR11339	[np.float64(9.858754595081572e-05)]
MAR11340	[np.float64(9.858754595081572e-05)]
MAR11341	[np.float64(9.858754595081572e-05)]
MAR11342	[np.float64(9.858754595081572e-05)]
MAR11343	[np.float64(9.858754595081572e-05)]
MAR11344	[np.float64(9.858754595081572e-05)]
MAR11345	[np.float64(9.858754595081572e-05)]
MAR11346	[np.float64(9.858754595081572e-05)]
MAR11347	[np.float64(9.858754595081572e-05)]
MAR11348	[np.float64(9.858754595081572e-05)]
MAR11349	[np.float64(9.858754595081572e-05)]
MAR11350	[np.float64(9.858754595081572e-05)]
MAR11351	[np.float64(9.858754595081572e-05)]
MAR11352	[np.float64(9.858754595081572e-05)]
MAR11353	[np.float64(9.858754595081572e-05)]
MAR11354	[np.float64(9.858754595081572e-05)]
MAR11355	[np.float64(9.858754595081572e-05)]
MAR11356	[np.float64(9.858754595081572e-05)]
MAR11357	[np.float64(9.858754595081572e-05)]
MAR11358	[np.float64(9.858754595081572e-05)]
MAR11359	[np.float64(9.858754595081572e-05)]
MAR11360	[np.float64(9.858754595081572e-05)]
MAR11361	[np.float64(9.858754595081572e-05)]
MAR11362	[np.float64(9.858754595081572e-05)]
MAR11363	[np.float64(9.858754595081572e-05)]
MAR11364	[np.float64(9.858754595081572e-05)]
MAR11365	[np.float64(9.858754595081572e-05)]
MAR11366	[np.float64(9.858754595081572e-05)]
MAR11367	[np.float64(9.858754595081572e-05)]
MAR11368	[np.float64(9.858754595081572e-05)]
MAR11369	[np.float64(9.858754595081572e-05)]
MAR11370	[np.float64(9.858754595081572e-05)]
MAR11371	[np.float64(9.858754595081572e-05)]
MAR11372	[np.float64(9.858754595081572e-05)]
MAR11373	[np.float64(9.858754595081572e-05)]
MAR11374	[np.float64(9.858754595081572e-05)]
MAR11375	[0.005665274266570246]
MAR11376	[np.float64(9.858754595081572e-05)]
MAR11377	[np.float64(9.858754595081572e-05)]
MAR11378	[0.005665274266570246]
MAR11379	[np.float64(9.858754595081572e-05)]
MAR11380	[np.float64(9.858754595081572e-05)]
MAR11381	[0.005665274266570246]
MAR11382	[np.float64(9.858754595081572e-05)]
MAR11383	[np.float64(9.858754595081572e-05)]
MAR11384	[0.005665274266570246]
MAR11385	[np.float64(9.858754595081572e-05)]
MAR11386	[np.float64(9.858754595081572e-05)]
MAR11387	[np.float64(9.858754595081572e-05)]
MAR11388	[np.float64(9.858754595081572e-05)]
MAR11389	[0.005665274266570246]
MAR11390	[np.float64(9.858754595081572e-05)]
MAR11391	[np.float64(9.858754595081572e-05)]
MAR11392	[np.float64(9.858754595081572e-05)]
MAR11393	[np.float64(9.858754595081572e-05)]
MAR11394	[np.float64(9.858754595081572e-05)]
MAR11395	[np.float64(9.858754595081572e-05)]
MAR11396	[np.float64(9.858754595081572e-05)]
MAR11397	[0.004647345763338031]
MAR11398	[np.float64(9.858754595081572e-05)]
MAR11399	[np.float64(9.858754595081572e-05)]
MAR11400	[np.float64(9.858754595081572e-05)]
MAR11401	[np.float64(9.858754595081572e-05)]
MAR11402	[np.float64(9.858754595081572e-05)]
MAR11403	[np.float64(9.858754595081572e-05)]
MAR11404	[np.float64(9.858754595081572e-05)]
MAR11405	[np.float64(9.858754595081572e-05)]
MAR11406	[np.float64(9.858754595081572e-05)]
MAR11407	[np.float64(9.858754595081572e-05)]
MAR11408	[np.float64(9.858754595081572e-05)]
MAR11409	[np.float64(9.858754595081572e-05)]
MAR11410	[0.00762995585464111]
MAR11411	[np.float64(9.858754595081572e-05)]
MAR11412	[0.007271084828788085]
MAR11413	[np.float64(9.858754595081572e-05)]
MAR11414	[7.173573999643887e-05]
MAR11415	[0.004647345763338031]
MAR11416	[np.float64(9.858754595081572e-05)]
MAR11417	[0.004647345763338031]
MAR11418	[0.004647345763338031]
MAR11419	[np.float64(9.858754595081572e-05)]
MAR11420	[np.float64(9.858754595081572e-05)]
MAR11422	[np.float64(9.858754595081572e-05)]
MAR11423	[np.float64(9.858754595081572e-05)]
MAR11424	[np.float64(9.858754595081572e-05)]
MAR11425	[np.float64(9.858754595081572e-05)]
MAR11426	[np.float64(9.858754595081572e-05)]
MAR11427	[np.float64(9.858754595081572e-05)]
MAR11428	[np.float64(9.858754595081572e-05)]
MAR11429	[np.float64(9.858754595081572e-05)]
MAR11430	[np.float64(9.858754595081572e-05)]
MAR11431	[np.float64(9.858754595081572e-05)]
MAR11432	[np.float64(9.858754595081572e-05)]
MAR11433	[np.float64(9.858754595081572e-05)]
MAR11434	[np.float64(9.858754595081572e-05)]
MAR11435	[np.float64(9.858754595081572e-05)]
MAR11436	[np.float64(9.858754595081572e-05)]
MAR11437	[np.float64(9.858754595081572e-05)]
MAR11438	[np.float64(9.858754595081572e-05)]
MAR11439	[np.float64(9.858754595081572e-05)]
MAR11440	[np.float64(9.858754595081572e-05)]
MAR11441	[np.float64(9.858754595081572e-05)]
MAR11442	[3.8226708109696967e-05]
MAR11443	[5.1849070780614454e-05]
MAR11444	[np.float64(9.858754595081572e-05)]
MAR11445	[np.float64(9.858754595081572e-05)]
MAR11446	[np.float64(9.858754595081572e-05)]
MAR11447	[np.float64(9.858754595081572e-05)]
MAR11448	[np.float64(9.858754595081572e-05)]
MAR11449	[np.float64(9.858754595081572e-05)]
MAR11450	[0.00762995585464111]
MAR11451	[np.float64(9.858754595081572e-05)]
MAR11452	[np.float64(9.858754595081572e-05)]
MAR11453	[0.00762995585464111]
MAR11454	[np.float64(9.858754595081572e-05)]
MAR11455	[np.float64(9.858754595081572e-05)]
MAR11456	[0.00762995585464111]
MAR11457	[np.float64(9.858754595081572e-05)]
MAR11458	[np.float64(9.858754595081572e-05)]
MAR11459	[np.float64(9.858754595081572e-05)]
MAR11460	[np.float64(9.858754595081572e-05)]
MAR11461	[np.float64(9.858754595081572e-05)]
MAR11462	[np.float64(9.858754595081572e-05)]
MAR11463	[np.float64(9.858754595081572e-05)]
MAR11464	[np.float64(9.858754595081572e-05)]
MAR11465	[np.float64(9.858754595081572e-05)]
MAR11466	[np.float64(9.858754595081572e-05)]
MAR11467	[np.float64(9.858754595081572e-05)]
MAR11468	[np.float64(9.858754595081572e-05)]
MAR11469	[np.float64(9.858754595081572e-05)]
MAR11470	[np.float64(9.858754595081572e-05)]
MAR11471	[np.float64(9.858754595081572e-05)]
MAR11472	[np.float64(9.858754595081572e-05)]
MAR11473	[np.float64(9.858754595081572e-05)]
MAR11474	[np.float64(9.858754595081572e-05)]
MAR11475	[np.float64(9.858754595081572e-05)]
MAR11476	[3.728206335263105e-05]
MAR11477	[np.float64(9.858754595081572e-05)]
MAR11478	[np.float64(9.858754595081572e-05)]
MAR11479	[3.728206335263105e-05]
MAR11480	[np.float64(9.858754595081572e-05)]
MAR11481	[np.float64(9.858754595081572e-05)]
MAR11482	[np.float64(9.858754595081572e-05)]
MAR11483	[np.float64(9.858754595081572e-05)]
MAR11484	[np.float64(9.858754595081572e-05)]
MAR11485	[np.float64(9.858754595081572e-05)]
MAR11486	[np.float64(9.858754595081572e-05)]
MAR11487	[np.float64(9.858754595081572e-05)]
MAR11488	[np.float64(9.858754595081572e-05)]
MAR11489	[np.float64(9.858754595081572e-05)]
MAR11490	[np.float64(9.858754595081572e-05)]
MAR11491	[np.float64(9.858754595081572e-05)]
MAR11492	[np.float64(9.858754595081572e-05)]
MAR11493	[np.float64(9.858754595081572e-05)]
MAR11494	[np.float64(9.858754595081572e-05)]
MAR11495	[np.float64(9.858754595081572e-05)]
MAR11496	[np.float64(9.858754595081572e-05)]
MAR11497	[np.float64(9.858754595081572e-05)]
MAR11498	[np.float64(9.858754595081572e-05)]
MAR11499	[np.float64(9.858754595081572e-05)]
MAR11500	[np.float64(9.858754595081572e-05)]
MAR11501	[np.float64(9.858754595081572e-05)]
MAR11502	[0.00762995585464111]
MAR11503	[np.float64(9.858754595081572e-05)]
MAR11504	[np.float64(9.858754595081572e-05)]
MAR11505	[np.float64(9.858754595081572e-05)]
MAR11506	[np.float64(9.858754595081572e-05)]
MAR11507	[np.float64(9.858754595081572e-05)]
MAR11508	[np.float64(9.858754595081572e-05)]
MAR11509	[0.00762995585464111]
MAR11510	[np.float64(9.858754595081572e-05)]
MAR11511	[np.float64(9.858754595081572e-05)]
MAR11512	[np.float64(9.858754595081572e-05)]
MAR11513	[np.float64(9.858754595081572e-05)]
MAR11514	[np.float64(9.858754595081572e-05)]
MAR11515	[np.float64(9.858754595081572e-05)]
MAR11516	[np.float64(9.858754595081572e-05)]
MAR11517	[np.float64(9.858754595081572e-05)]
MAR11518	[0.00762995585464111]
MAR11519	[np.float64(9.858754595081572e-05)]
MAR11520	[np.float64(9.858754595081572e-05)]
MAR11521	[np.float64(9.858754595081572e-05)]
MAR11522	[np.float64(9.858754595081572e-05)]
MAR11523	[np.float64(9.858754595081572e-05)]
MAR11524	[np.float64(9.858754595081572e-05)]
MAR11525	[np.float64(9.858754595081572e-05)]
MAR11526	[np.float64(9.858754595081572e-05)]
MAR11527	[np.float64(9.858754595081572e-05)]
MAR11528	[np.float64(9.858754595081572e-05)]
MAR11529	[np.float64(9.858754595081572e-05)]
MAR11530	[np.float64(9.858754595081572e-05)]
MAR11531	[np.float64(9.858754595081572e-05)]
MAR11532	[np.float64(9.858754595081572e-05)]
MAR11533	[np.float64(9.858754595081572e-05)]
MAR11534	[np.float64(9.858754595081572e-05)]
MAR11535	[np.float64(9.858754595081572e-05)]
MAR11536	[np.float64(9.858754595081572e-05)]
MAR11537	[np.float64(9.858754595081572e-05)]
MAR11538	[np.float64(9.858754595081572e-05)]
MAR11539	[np.float64(9.858754595081572e-05)]
MAR11540	[np.float64(9.858754595081572e-05)]
MAR11541	[np.float64(9.858754595081572e-05)]
MAR11542	[np.float64(9.858754595081572e-05)]
MAR11543	[np.float64(9.858754595081572e-05)]
MAR11544	[0.006616541921414123]
MAR11545	[np.float64(9.858754595081572e-05)]
MAR11546	[np.float64(9.858754595081572e-05)]
MAR11547	[np.float64(9.858754595081572e-05)]
MAR11548	[np.float64(9.858754595081572e-05)]
MAR11549	[np.float64(9.858754595081572e-05)]
MAR11550	[np.float64(9.858754595081572e-05)]
MAR11551	[np.float64(9.858754595081572e-05)]
MAR11552	[np.float64(9.858754595081572e-05)]
MAR11553	[np.float64(9.858754595081572e-05)]
MAR11554	[np.float64(9.858754595081572e-05)]
MAR11555	[0.00762995585464111]
MAR11556	[np.float64(9.858754595081572e-05)]
MAR11557	[np.float64(9.858754595081572e-05)]
MAR11558	[np.float64(9.858754595081572e-05)]
MAR11559	[np.float64(9.858754595081572e-05)]
MAR11560	[np.float64(9.858754595081572e-05)]
MAR11561	[np.float64(9.858754595081572e-05)]
MAR11562	[0.00762995585464111]
MAR11563	[np.float64(9.858754595081572e-05)]
MAR11564	[np.float64(9.858754595081572e-05)]
MAR11565	[np.float64(9.858754595081572e-05)]
MAR11566	[np.float64(9.858754595081572e-05)]
MAR11567	[np.float64(9.858754595081572e-05)]
MAR11568	[np.float64(9.858754595081572e-05)]
MAR11569	[np.float64(9.858754595081572e-05)]
MAR11570	[np.float64(9.858754595081572e-05)]
MAR11571	[np.float64(9.858754595081572e-05)]
MAR11572	[4.664904405167795e-05]
MAR11573	[np.float64(9.858754595081572e-05)]
MAR11574	[np.float64(9.858754595081572e-05)]
MAR11575	[np.float64(9.858754595081572e-05)]
MAR11576	[np.float64(9.858754595081572e-05)]
MAR11577	[np.float64(9.858754595081572e-05)]
MAR11578	[np.float64(9.858754595081572e-05)]
MAR11579	[np.float64(9.858754595081572e-05)]
MAR11580	[np.float64(9.858754595081572e-05)]
MAR11581	[np.float64(9.858754595081572e-05)]
MAR11582	[4.664904405167795e-05]
MAR11583	[np.float64(9.858754595081572e-05)]
MAR11584	[np.float64(9.858754595081572e-05)]
MAR11585	[np.float64(9.858754595081572e-05)]
MAR11586	[np.float64(9.858754595081572e-05)]
MAR11587	[4.664904405167795e-05]
MAR11588	[4.664904405167795e-05]
MAR11589	[4.664904405167795e-05]
MAR11590	[4.664904405167795e-05]
MAR11591	[4.664904405167795e-05]
MAR11592	[4.664904405167795e-05]
MAR11593	[4.664904405167795e-05]
MAR11594	[4.664904405167795e-05]
MAR11595	[4.664904405167795e-05]
MAR11596	[4.664904405167795e-05]
MAR11597	[4.664904405167795e-05]
MAR11598	[4.664904405167795e-05]
MAR11599	[4.664904405167795e-05]
MAR11600	[4.664904405167795e-05]
MAR11601	[4.664904405167795e-05]
MAR11602	[4.664904405167795e-05]
MAR11603	[4.664904405167795e-05]
MAR11604	[4.664904405167795e-05]
MAR11605	[4.664904405167795e-05]
MAR11606	[4.664904405167795e-05]
MAR11607	[4.664904405167795e-05]
MAR11608	[4.664904405167795e-05]
MAR11609	[4.664904405167795e-05]
MAR11610	[4.664904405167795e-05]
MAR11611	[4.664904405167795e-05]
MAR11612	[4.664904405167795e-05]
MAR11613	[np.float64(9.858754595081572e-05)]
MAR11614	[np.float64(9.858754595081572e-05)]
MAR11615	[np.float64(9.858754595081572e-05)]
MAR11616	[np.float64(9.858754595081572e-05)]
MAR11617	[np.float64(9.858754595081572e-05)]
MAR11618	[np.float64(9.858754595081572e-05)]
MAR11619	[np.float64(9.858754595081572e-05)]
MAR11620	[np.float64(9.858754595081572e-05)]
MAR11621	[np.float64(9.858754595081572e-05)]
MAR11622	[np.float64(9.858754595081572e-05)]
MAR11623	[np.float64(9.858754595081572e-05)]
MAR11624	[np.float64(9.858754595081572e-05)]
MAR11625	[np.float64(9.858754595081572e-05)]
MAR11626	[np.float64(9.858754595081572e-05)]
MAR11627	[4.664904405167795e-05]
MAR11628	[np.float64(9.858754595081572e-05)]
MAR11629	[np.float64(9.858754595081572e-05)]
MAR11630	[np.float64(9.858754595081572e-05)]
MAR11631	[np.float64(9.858754595081572e-05)]
MAR11632	[np.float64(9.858754595081572e-05)]
MAR11633	[np.float64(9.858754595081572e-05)]
MAR11634	[np.float64(9.858754595081572e-05)]
MAR11635	[np.float64(9.858754595081572e-05)]
MAR11636	[np.float64(9.858754595081572e-05)]
MAR11637	[np.float64(9.858754595081572e-05)]
MAR11638	[np.float64(9.858754595081572e-05)]
MAR11639	[np.float64(9.858754595081572e-05)]
MAR11640	[np.float64(9.858754595081572e-05)]
MAR11641	[np.float64(9.858754595081572e-05)]
MAR11642	[np.float64(9.858754595081572e-05)]
MAR11643	[np.float64(9.858754595081572e-05)]
MAR11644	[np.float64(9.858754595081572e-05)]
MAR11645	[np.float64(9.858754595081572e-05)]
MAR11646	[np.float64(9.858754595081572e-05)]
MAR11647	[np.float64(9.858754595081572e-05)]
MAR11648	[np.float64(9.858754595081572e-05)]
MAR11653	[np.float64(9.858754595081572e-05)]
MAR11654	[np.float64(9.858754595081572e-05)]
MAR11655	[np.float64(9.858754595081572e-05)]
MAR11656	[np.float64(9.858754595081572e-05)]
MAR11657	[np.float64(9.858754595081572e-05)]
MAR11658	[np.float64(9.858754595081572e-05)]
MAR11659	[np.float64(9.858754595081572e-05)]
MAR11660	[np.float64(9.858754595081572e-05)]
MAR11661	[np.float64(9.858754595081572e-05)]
MAR11662	[np.float64(9.858754595081572e-05)]
MAR11663	[np.float64(9.858754595081572e-05)]
MAR11664	[np.float64(9.858754595081572e-05)]
MAR11665	[np.float64(9.858754595081572e-05)]
MAR11666	[np.float64(9.858754595081572e-05)]
MAR11667	[np.float64(9.858754595081572e-05)]
MAR11668	[np.float64(9.858754595081572e-05)]
MAR11669	[np.float64(9.858754595081572e-05)]
MAR11670	[np.float64(9.858754595081572e-05)]
MAR11671	[np.float64(9.858754595081572e-05)]
MAR11672	[np.float64(9.858754595081572e-05)]
MAR11673	[np.float64(9.858754595081572e-05)]
MAR11674	[np.float64(9.858754595081572e-05)]
MAR11675	[np.float64(9.858754595081572e-05)]
MAR11676	[np.float64(9.858754595081572e-05)]
MAR11677	[np.float64(9.858754595081572e-05)]
MAR11678	[np.float64(9.858754595081572e-05)]
MAR11679	[np.float64(9.858754595081572e-05)]
MAR11680	[np.float64(9.858754595081572e-05)]
MAR11681	[np.float64(9.858754595081572e-05)]
MAR11682	[np.float64(9.858754595081572e-05)]
MAR11683	[np.float64(9.858754595081572e-05)]
MAR11684	[np.float64(9.858754595081572e-05)]
MAR11685	[np.float64(9.858754595081572e-05)]
MAR11686	[np.float64(9.858754595081572e-05)]
MAR11687	[np.float64(9.858754595081572e-05)]
MAR11688	[np.float64(9.858754595081572e-05)]
MAR11689	[np.float64(9.858754595081572e-05)]
MAR11690	[np.float64(9.858754595081572e-05)]
MAR11691	[np.float64(9.858754595081572e-05)]
MAR11692	[np.float64(9.858754595081572e-05)]
MAR11693	[np.float64(9.858754595081572e-05)]
MAR11694	[np.float64(9.858754595081572e-05)]
MAR11695	[np.float64(9.858754595081572e-05)]
MAR11696	[np.float64(9.858754595081572e-05)]
MAR11698	[np.float64(9.858754595081572e-05)]
MAR11700	[np.float64(9.858754595081572e-05)]
MAR11702	[np.float64(9.858754595081572e-05)]
MAR11704	[np.float64(9.858754595081572e-05)]
MAR11706	[np.float64(9.858754595081572e-05)]
MAR11708	[np.float64(9.858754595081572e-05)]
MAR11710	[np.float64(9.858754595081572e-05)]
MAR11712	[np.float64(9.858754595081572e-05)]
MAR11714	[np.float64(9.858754595081572e-05)]
MAR11716	[np.float64(9.858754595081572e-05)]
MAR11718	[np.float64(9.858754595081572e-05)]
MAR11720	[np.float64(9.858754595081572e-05)]
MAR11722	[np.float64(9.858754595081572e-05)]
MAR11724	[np.float64(9.858754595081572e-05)]
MAR11726	[np.float64(9.858754595081572e-05)]
MAR11728	[np.float64(9.858754595081572e-05)]
MAR11730	[np.float64(9.858754595081572e-05)]
MAR11731	[0.00762995585464111]
MAR11732	[np.float64(9.858754595081572e-05)]
MAR11733	[np.float64(9.858754595081572e-05)]
MAR11734	[0.00762995585464111]
MAR11735	[np.float64(9.858754595081572e-05)]
MAR11736	[np.float64(9.858754595081572e-05)]
MAR11737	[0.006361782362284913]
MAR11738	[np.float64(9.858754595081572e-05)]
MAR11739	[np.float64(9.858754595081572e-05)]
MAR11740	[np.float64(9.858754595081572e-05)]
MAR11741	[0.006361782362284913]
MAR11742	[np.float64(9.858754595081572e-05)]
MAR11743	[np.float64(9.858754595081572e-05)]
MAR11744	[0.00762995585464111]
MAR11745	[np.float64(9.858754595081572e-05)]
MAR11746	[0.006361782362284913]
MAR11747	[np.float64(9.858754595081572e-05)]
MAR11748	[np.float64(9.858754595081572e-05)]
MAR11749	[np.float64(9.858754595081572e-05)]
MAR11750	[np.float64(9.858754595081572e-05)]
MAR11751	[np.float64(9.858754595081572e-05)]
MAR11752	[np.float64(9.858754595081572e-05)]
MAR11753	[0.006361782362284913]
MAR11754	[np.float64(9.858754595081572e-05)]
MAR11755	[np.float64(9.858754595081572e-05)]
MAR11756	[0.006636517029453973]
MAR11757	[0.005478283272059059]
MAR11758	[0.005478283272059059]
MAR11759	[0.005478283272059059]
MAR11760	[0.005478283272059059]
MAR11761	[0.005478283272059059]
MAR11762	[0.005478283272059059]
MAR11763	[0.005478283272059059]
MAR11764	[0.005478283272059059]
MAR11765	[0.005478283272059059]
MAR11766	[0.005478283272059059]
MAR11767	[0.005478283272059059]
MAR11768	[0.005478283272059059]
MAR11769	[0.005478283272059059]
MAR11770	[0.005478283272059059]
MAR11771	[0.005478283272059059]
MAR11772	[0.005478283272059059]
MAR11773	[0.005478283272059059]
MAR11774	[0.005478283272059059]
MAR11775	[0.00762995585464111]
MAR11776	[0.005220435046509728]
MAR11777	[np.float64(9.858754595081572e-05)]
MAR11778	[np.float64(9.858754595081572e-05)]
MAR11779	[0.0056322281675464415]
MAR11780	[np.float64(9.858754595081572e-05)]
MAR11781	[0.004976056526263763]
MAR11782	[0.00762995585464111]
MAR11783	[0.006636517029453973]
MAR11784	[0.006636517029453973]
MAR11785	[np.float64(9.858754595081572e-05)]
MAR11786	[np.float64(9.858754595081572e-05)]
MAR11787	[np.float64(9.858754595081572e-05)]
MAR11788	[np.float64(9.858754595081572e-05)]
MAR11789	[np.float64(9.858754595081572e-05)]
MAR11790	[np.float64(9.858754595081572e-05)]
MAR11791	[3.728206335263105e-05]
MAR11792	[np.float64(9.858754595081572e-05)]
MAR11793	[np.float64(9.858754595081572e-05)]
MAR11794	[np.float64(9.858754595081572e-05)]
MAR11795	[np.float64(9.858754595081572e-05)]
MAR11796	[np.float64(9.858754595081572e-05)]
MAR11797	[0.00762995585464111]
MAR11798	[0.00762995585464111]
MAR11799	[0.005042757357293844]
MAR11800	[np.float64(9.858754595081572e-05)]
MAR11801	[np.float64(9.858754595081572e-05)]
MAR11802	[np.float64(9.858754595081572e-05)]
MAR11803	[0.005429157187097488]
MAR11804	[3.728206335263105e-05]
MAR11805	[np.float64(9.858754595081572e-05)]
MAR11806	[0.004976056526263763]
MAR11807	[0.004976056526263763]
MAR11808	[3.8737772927660174e-05]
MAR11809	[np.float64(9.858754595081572e-05)]
MAR11810	[3.728206335263105e-05]
MAR11811	[0.00762995585464111]
MAR11812	[0.00762995585464111]
MAR11813	[0.00762995585464111]
MAR11814	[0.00762995585464111]
MAR11815	[np.float64(9.858754595081572e-05)]
MAR11816	[np.float64(9.858754595081572e-05)]
MAR11817	[np.float64(9.858754595081572e-05)]
MAR11818	[np.float64(9.858754595081572e-05)]
MAR11819	[np.float64(9.858754595081572e-05)]
MAR11820	[np.float64(9.858754595081572e-05)]
MAR11821	[np.float64(9.858754595081572e-05)]
MAR11822	[np.float64(9.858754595081572e-05)]
MAR11823	[np.float64(9.858754595081572e-05)]
MAR11824	[np.float64(9.858754595081572e-05)]
MAR11825	[np.float64(9.858754595081572e-05)]
MAR11826	[np.float64(9.858754595081572e-05)]
MAR11827	[np.float64(9.858754595081572e-05)]
MAR11828	[np.float64(9.858754595081572e-05)]
MAR11829	[np.float64(9.858754595081572e-05)]
MAR11830	[np.float64(9.858754595081572e-05)]
MAR11831	[np.float64(9.858754595081572e-05)]
MAR11832	[np.float64(9.858754595081572e-05)]
MAR11833	[np.float64(9.858754595081572e-05)]
MAR11834	[np.float64(9.858754595081572e-05)]
MAR11835	[np.float64(9.858754595081572e-05)]
MAR11836	[np.float64(9.858754595081572e-05)]
MAR11837	[np.float64(9.858754595081572e-05)]
MAR11838	[np.float64(9.858754595081572e-05)]
MAR11839	[np.float64(9.858754595081572e-05)]
MAR11840	[np.float64(9.858754595081572e-05)]
MAR11841	[np.float64(9.858754595081572e-05)]
MAR11842	[np.float64(9.858754595081572e-05)]
MAR11843	[np.float64(9.858754595081572e-05)]
MAR11844	[np.float64(9.858754595081572e-05)]
MAR11845	[np.float64(9.858754595081572e-05)]
MAR11846	[np.float64(9.858754595081572e-05)]
MAR11847	[np.float64(9.858754595081572e-05)]
MAR11848	[np.float64(9.858754595081572e-05)]
MAR11849	[np.float64(9.858754595081572e-05)]
MAR11850	[np.float64(9.858754595081572e-05)]
MAR11851	[np.float64(9.858754595081572e-05)]
MAR11852	[np.float64(9.858754595081572e-05)]
MAR11853	[np.float64(9.858754595081572e-05)]
MAR11854	[np.float64(9.858754595081572e-05)]
MAR11855	[np.float64(9.858754595081572e-05)]
MAR11856	[np.float64(9.858754595081572e-05)]
MAR11857	[np.float64(9.858754595081572e-05)]
MAR11858	[np.float64(9.858754595081572e-05)]
MAR11859	[np.float64(9.858754595081572e-05)]
MAR11860	[np.float64(9.858754595081572e-05)]
MAR11861	[np.float64(9.858754595081572e-05)]
MAR11862	[np.float64(9.858754595081572e-05)]
MAR11863	[np.float64(9.858754595081572e-05)]
MAR11864	[np.float64(9.858754595081572e-05)]
MAR11865	[np.float64(9.858754595081572e-05)]
MAR11866	[np.float64(9.858754595081572e-05)]
MAR11867	[np.float64(9.858754595081572e-05)]
MAR11868	[np.float64(9.858754595081572e-05)]
MAR11869	[np.float64(9.858754595081572e-05)]
MAR11870	[np.float64(9.858754595081572e-05)]
MAR11871	[np.float64(9.858754595081572e-05)]
MAR11872	[np.float64(9.858754595081572e-05)]
MAR11873	[np.float64(9.858754595081572e-05)]
MAR11874	[np.float64(9.858754595081572e-05)]
MAR11875	[np.float64(9.858754595081572e-05)]
MAR11876	[np.float64(9.858754595081572e-05)]
MAR11877	[np.float64(9.858754595081572e-05)]
MAR11878	[np.float64(9.858754595081572e-05)]
MAR11879	[np.float64(9.858754595081572e-05)]
MAR11880	[np.float64(9.858754595081572e-05)]
MAR11881	[np.float64(9.858754595081572e-05)]
MAR11882	[np.float64(9.858754595081572e-05)]
MAR11883	[np.float64(9.858754595081572e-05)]
MAR11884	[np.float64(9.858754595081572e-05)]
MAR11885	[np.float64(9.858754595081572e-05)]
MAR11886	[np.float64(9.858754595081572e-05)]
MAR11887	[np.float64(9.858754595081572e-05)]
MAR11888	[np.float64(9.858754595081572e-05)]
MAR11889	[np.float64(9.858754595081572e-05)]
MAR11890	[np.float64(9.858754595081572e-05)]
MAR11891	[np.float64(9.858754595081572e-05)]
MAR11892	[np.float64(9.858754595081572e-05)]
MAR11893	[np.float64(9.858754595081572e-05)]
MAR11894	[np.float64(9.858754595081572e-05)]
MAR11895	[np.float64(9.858754595081572e-05)]
MAR11896	[np.float64(9.858754595081572e-05)]
MAR11897	[np.float64(9.858754595081572e-05)]
MAR11898	[np.float64(9.858754595081572e-05)]
MAR11899	[np.float64(9.858754595081572e-05)]
MAR11900	[np.float64(9.858754595081572e-05)]
MAR11901	[np.float64(9.858754595081572e-05)]
MAR11902	[np.float64(9.858754595081572e-05)]
MAR11903	[np.float64(9.858754595081572e-05)]
MAR11904	[np.float64(9.858754595081572e-05)]
MAR11905	[np.float64(9.858754595081572e-05)]
MAR11906	[np.float64(9.858754595081572e-05)]
MAR11907	[np.float64(9.858754595081572e-05)]
MAR11908	[np.float64(9.858754595081572e-05)]
MAR11909	[np.float64(9.858754595081572e-05)]
MAR11910	[np.float64(9.858754595081572e-05)]
MAR11911	[np.float64(9.858754595081572e-05)]
MAR11912	[np.float64(9.858754595081572e-05)]
MAR11913	[np.float64(9.858754595081572e-05)]
MAR11914	[np.float64(9.858754595081572e-05)]
MAR11915	[np.float64(9.858754595081572e-05)]
MAR11916	[np.float64(9.858754595081572e-05)]
MAR11917	[np.float64(9.858754595081572e-05)]
MAR11918	[np.float64(9.858754595081572e-05)]
MAR11919	[np.float64(9.858754595081572e-05)]
MAR11920	[np.float64(9.858754595081572e-05)]
MAR11921	[np.float64(9.858754595081572e-05)]
MAR11922	[np.float64(9.858754595081572e-05)]
MAR11923	[np.float64(9.858754595081572e-05)]
MAR11924	[np.float64(9.858754595081572e-05)]
MAR11925	[np.float64(9.858754595081572e-05)]
MAR11926	[np.float64(9.858754595081572e-05)]
MAR11927	[np.float64(9.858754595081572e-05)]
MAR11928	[np.float64(9.858754595081572e-05)]
MAR11929	[np.float64(9.858754595081572e-05)]
MAR11930	[np.float64(9.858754595081572e-05)]
MAR11931	[np.float64(9.858754595081572e-05)]
MAR11932	[np.float64(9.858754595081572e-05)]
MAR11933	[np.float64(9.858754595081572e-05)]
MAR11934	[np.float64(9.858754595081572e-05)]
MAR11935	[np.float64(9.858754595081572e-05)]
MAR11936	[np.float64(9.858754595081572e-05)]
MAR11937	[np.float64(9.858754595081572e-05)]
MAR11938	[np.float64(9.858754595081572e-05)]
MAR11939	[np.float64(9.858754595081572e-05)]
MAR11940	[np.float64(9.858754595081572e-05)]
MAR11941	[np.float64(9.858754595081572e-05)]
MAR11942	[np.float64(9.858754595081572e-05)]
MAR11943	[np.float64(9.858754595081572e-05)]
MAR11944	[np.float64(9.858754595081572e-05)]
MAR11945	[np.float64(9.858754595081572e-05)]
MAR11946	[np.float64(9.858754595081572e-05)]
MAR11947	[np.float64(9.858754595081572e-05)]
MAR11948	[np.float64(9.858754595081572e-05)]
MAR11949	[np.float64(9.858754595081572e-05)]
MAR11950	[np.float64(9.858754595081572e-05)]
MAR11951	[np.float64(9.858754595081572e-05)]
MAR11952	[np.float64(9.858754595081572e-05)]
MAR11953	[np.float64(9.858754595081572e-05)]
MAR11954	[np.float64(9.858754595081572e-05)]
MAR11955	[np.float64(9.858754595081572e-05)]
MAR11956	[np.float64(9.858754595081572e-05)]
MAR11957	[np.float64(9.858754595081572e-05)]
MAR11958	[np.float64(9.858754595081572e-05)]
MAR11959	[np.float64(9.858754595081572e-05)]
MAR11960	[np.float64(9.858754595081572e-05)]
MAR11961	[np.float64(9.858754595081572e-05)]
MAR11962	[np.float64(9.858754595081572e-05)]
MAR11963	[np.float64(9.858754595081572e-05)]
MAR11964	[np.float64(9.858754595081572e-05)]
MAR11965	[np.float64(9.858754595081572e-05)]
MAR11966	[np.float64(9.858754595081572e-05)]
MAR11967	[np.float64(9.858754595081572e-05)]
MAR11968	[np.float64(9.858754595081572e-05)]
MAR11969	[np.float64(9.858754595081572e-05)]
MAR11970	[np.float64(9.858754595081572e-05)]
MAR11971	[np.float64(9.858754595081572e-05)]
MAR11972	[np.float64(9.858754595081572e-05)]
MAR11973	[np.float64(9.858754595081572e-05)]
MAR11974	[np.float64(9.858754595081572e-05)]
MAR11975	[np.float64(9.858754595081572e-05)]
MAR11976	[np.float64(9.858754595081572e-05)]
MAR11977	[np.float64(9.858754595081572e-05)]
MAR11978	[np.float64(9.858754595081572e-05)]
MAR11979	[np.float64(9.858754595081572e-05)]
MAR11980	[np.float64(9.858754595081572e-05)]
MAR11981	[np.float64(9.858754595081572e-05)]
MAR11982	[np.float64(9.858754595081572e-05)]
MAR11983	[np.float64(9.858754595081572e-05)]
MAR11984	[np.float64(9.858754595081572e-05)]
MAR11985	[np.float64(9.858754595081572e-05)]
MAR11986	[np.float64(9.858754595081572e-05)]
MAR11987	[np.float64(9.858754595081572e-05)]
MAR11989	[np.float64(9.858754595081572e-05)]
MAR11990	[np.float64(9.858754595081572e-05)]
MAR11992	[np.float64(9.858754595081572e-05)]
MAR11993	[np.float64(9.858754595081572e-05)]
MAR11995	[np.float64(9.858754595081572e-05)]
MAR11996	[np.float64(9.858754595081572e-05)]
MAR11998	[np.float64(9.858754595081572e-05)]
MAR11999	[np.float64(9.858754595081572e-05)]
MAR12001	[0.005665274266570246]
MAR12002	[3.728206335263105e-05]
MAR12003	[3.728206335263105e-05]
MAR12004	[0.00762995585464111]
MAR12005	[np.float64(9.858754595081572e-05)]
MAR12006	[np.float64(9.858754595081572e-05)]
MAR12007	[np.float64(9.858754595081572e-05)]
MAR12008	[np.float64(9.858754595081572e-05)]
MAR12009	[np.float64(9.858754595081572e-05)]
MAR12010	[np.float64(9.858754595081572e-05)]
MAR12011	[np.float64(9.858754595081572e-05)]
MAR12012	[np.float64(9.858754595081572e-05)]
MAR12013	[np.float64(9.858754595081572e-05)]
MAR12014	[np.float64(9.858754595081572e-05)]
MAR12015	[np.float64(9.858754595081572e-05)]
MAR12016	[np.float64(9.858754595081572e-05)]
MAR12017	[np.float64(9.858754595081572e-05)]
MAR12018	[np.float64(9.858754595081572e-05)]
MAR12019	[np.float64(9.858754595081572e-05)]
MAR12020	[3.728206335263105e-05]
MAR12021	[3.728206335263105e-05]
MAR12022	[np.float64(9.858754595081572e-05)]
MAR12023	[np.float64(9.858754595081572e-05)]
MAR12024	[0.00762995585464111]
MAR12025	[np.float64(9.858754595081572e-05)]
MAR12026	[np.float64(9.858754595081572e-05)]
MAR12027	[np.float64(9.858754595081572e-05)]
MAR12028	[np.float64(9.858754595081572e-05)]
MAR12029	[np.float64(9.858754595081572e-05)]
MAR12030	[np.float64(9.858754595081572e-05)]
MAR12031	[np.float64(9.858754595081572e-05)]
MAR12032	[np.float64(9.858754595081572e-05)]
MAR12033	[np.float64(9.858754595081572e-05)]
MAR12034	[np.float64(9.858754595081572e-05)]
MAR12035	[np.float64(9.858754595081572e-05)]
MAR12036	[3.728206335263105e-05]
MAR12037	[3.728206335263105e-05]
MAR12038	[np.float64(9.858754595081572e-05)]
MAR12039	[np.float64(9.858754595081572e-05)]
MAR12040	[np.float64(9.858754595081572e-05)]
MAR12041	[0.006603865203213223]
MAR12042	[np.float64(9.858754595081572e-05)]
MAR12043	[np.float64(9.858754595081572e-05)]
MAR12044	[np.float64(9.858754595081572e-05)]
MAR12045	[np.float64(9.858754595081572e-05)]
MAR12046	[np.float64(9.858754595081572e-05)]
MAR12047	[np.float64(9.858754595081572e-05)]
MAR12048	[np.float64(9.858754595081572e-05)]
MAR12049	[np.float64(9.858754595081572e-05)]
MAR12050	[np.float64(9.858754595081572e-05)]
MAR12051	[np.float64(9.858754595081572e-05)]
MAR12052	[np.float64(9.858754595081572e-05)]
MAR12053	[3.728206335263105e-05]
MAR12054	[np.float64(9.858754595081572e-05)]
MAR12055	[np.float64(9.858754595081572e-05)]
MAR12056	[np.float64(9.858754595081572e-05)]
MAR12057	[np.float64(9.858754595081572e-05)]
MAR12058	[np.float64(9.858754595081572e-05)]
MAR12059	[np.float64(9.858754595081572e-05)]
MAR12060	[np.float64(9.858754595081572e-05)]
MAR12061	[3.728206335263105e-05]
MAR12062	[3.728206335263105e-05]
MAR12063	[3.728206335263105e-05]
MAR12064	[3.728206335263105e-05]
MAR12065	[3.728206335263105e-05]
MAR12066	[0.00762995585464111]
MAR12067	[0.00762995585464111]
MAR12068	[0.00762995585464111]
MAR12069	[np.float64(9.858754595081572e-05)]
MAR12070	[np.float64(9.858754595081572e-05)]
MAR12071	[np.float64(9.858754595081572e-05)]
MAR12072	[np.float64(9.858754595081572e-05)]
MAR12073	[np.float64(9.858754595081572e-05)]
MAR12074	[np.float64(9.858754595081572e-05)]
MAR12075	[np.float64(9.858754595081572e-05)]
MAR12076	[np.float64(9.858754595081572e-05)]
MAR12077	[3.818211092224567e-05]
MAR12078	[np.float64(9.858754595081572e-05)]
MAR12079	[np.float64(9.858754595081572e-05)]
MAR12080	[np.float64(9.858754595081572e-05)]
MAR12081	[3.728206335263105e-05]
MAR12082	[np.float64(9.858754595081572e-05)]
MAR12083	[np.float64(9.858754595081572e-05)]
MAR12084	[np.float64(9.858754595081572e-05)]
MAR12085	[np.float64(9.858754595081572e-05)]
MAR12086	[0.006177830639118772]
MAR12087	[0.00762995585464111]
MAR12088	[np.float64(9.858754595081572e-05)]
MAR12089	[np.float64(9.858754595081572e-05)]
MAR12090	[np.float64(9.858754595081572e-05)]
MAR12091	[np.float64(9.858754595081572e-05)]
MAR12092	[np.float64(9.858754595081572e-05)]
MAR12093	[np.float64(9.858754595081572e-05)]
MAR12094	[np.float64(9.858754595081572e-05)]
MAR12095	[np.float64(9.858754595081572e-05)]
MAR12096	[np.float64(9.858754595081572e-05)]
MAR12097	[np.float64(9.858754595081572e-05)]
MAR12098	[np.float64(9.858754595081572e-05)]
MAR12099	[np.float64(9.858754595081572e-05)]
MAR12100	[np.float64(9.858754595081572e-05)]
MAR12101	[np.float64(9.858754595081572e-05)]
MAR12102	[np.float64(9.858754595081572e-05)]
MAR12103	[np.float64(9.858754595081572e-05)]
MAR12104	[np.float64(9.858754595081572e-05)]
MAR12105	[np.float64(9.858754595081572e-05)]
MAR12106	[np.float64(9.858754595081572e-05)]
MAR12107	[np.float64(9.858754595081572e-05)]
MAR12108	[np.float64(9.858754595081572e-05)]
MAR12109	[np.float64(9.858754595081572e-05)]
MAR12110	[np.float64(9.858754595081572e-05)]
MAR12111	[np.float64(9.858754595081572e-05)]
MAR12112	[np.float64(9.858754595081572e-05)]
MAR12113	[np.float64(9.858754595081572e-05)]
MAR12114	[np.float64(9.858754595081572e-05)]
MAR12115	[np.float64(9.858754595081572e-05)]
MAR12116	[np.float64(9.858754595081572e-05)]
MAR12117	[np.float64(9.858754595081572e-05)]
MAR12118	[np.float64(9.858754595081572e-05)]
MAR12119	[np.float64(9.858754595081572e-05)]
MAR12120	[np.float64(9.858754595081572e-05)]
MAR12121	[np.float64(9.858754595081572e-05)]
MAR12122	[np.float64(9.858754595081572e-05)]
MAR12123	[np.float64(9.858754595081572e-05)]
MAR12124	[np.float64(9.858754595081572e-05)]
MAR12125	[np.float64(9.858754595081572e-05)]
MAR12126	[np.float64(9.858754595081572e-05)]
MAR12127	[np.float64(9.858754595081572e-05)]
MAR12128	[np.float64(9.858754595081572e-05)]
MAR12129	[np.float64(9.858754595081572e-05)]
MAR12130	[np.float64(9.858754595081572e-05)]
MAR12131	[np.float64(9.858754595081572e-05)]
MAR12132	[np.float64(9.858754595081572e-05)]
MAR12133	[np.float64(9.858754595081572e-05)]
MAR12134	[np.float64(9.858754595081572e-05)]
MAR12135	[np.float64(9.858754595081572e-05)]
MAR12136	[np.float64(9.858754595081572e-05)]
MAR12137	[np.float64(9.858754595081572e-05)]
MAR12138	[np.float64(9.858754595081572e-05)]
MAR12139	[np.float64(9.858754595081572e-05)]
MAR12140	[np.float64(9.858754595081572e-05)]
MAR12141	[np.float64(9.858754595081572e-05)]
MAR12142	[np.float64(9.858754595081572e-05)]
MAR12143	[np.float64(9.858754595081572e-05)]
MAR12144	[0.005665274266570246]
MAR12145	[0.00762995585464111]
MAR12146	[0.00762995585464111]
MAR12147	[np.float64(9.858754595081572e-05)]
MAR12148	[np.float64(9.858754595081572e-05)]
MAR12149	[0.005665274266570246]
MAR12150	[np.float64(9.858754595081572e-05)]
MAR12151	[np.float64(9.858754595081572e-05)]
MAR12152	[0.005665274266570246]
MAR12153	[np.float64(9.858754595081572e-05)]
MAR12154	[0.00762995585464111]
MAR12155	[np.float64(9.858754595081572e-05)]
MAR12156	[0.005665274266570246]
MAR12157	[np.float64(9.858754595081572e-05)]
MAR12158	[0.00762995585464111]
MAR12159	[np.float64(9.858754595081572e-05)]
MAR12160	[0.005665274266570246]
MAR12161	[np.float64(9.858754595081572e-05)]
MAR12162	[np.float64(9.858754595081572e-05)]
MAR12163	[0.005665274266570246]
MAR12164	[np.float64(9.858754595081572e-05)]
MAR12165	[np.float64(9.858754595081572e-05)]
MAR12166	[0.005665274266570246]
MAR12167	[0.00762995585464111]
MAR12168	[0.00762995585464111]
MAR12169	[np.float64(9.858754595081572e-05)]
MAR12170	[np.float64(9.858754595081572e-05)]
MAR12171	[np.float64(9.858754595081572e-05)]
MAR12172	[0.00762995585464111]
MAR12173	[0.00762995585464111]
MAR12174	[0.00762995585464111]
MAR12175	[0.00762995585464111]
MAR12176	[np.float64(9.858754595081572e-05)]
MAR12177	[np.float64(9.858754595081572e-05)]
MAR12178	[0.00762995585464111]
MAR12179	[0.00762995585464111]
MAR12180	[np.float64(9.858754595081572e-05)]
MAR12181	[np.float64(9.858754595081572e-05)]
MAR12182	[0.00762995585464111]
MAR12183	[0.00762995585464111]
MAR12184	[np.float64(9.858754595081572e-05)]
MAR12185	[np.float64(9.858754595081572e-05)]
MAR12186	[0.005665274266570246]
MAR12187	[0.00762995585464111]
MAR12188	[0.00762995585464111]
MAR12189	[np.float64(9.858754595081572e-05)]
MAR12190	[np.float64(9.858754595081572e-05)]
MAR12191	[0.00762995585464111]
MAR12192	[0.00762995585464111]
MAR12193	[np.float64(9.858754595081572e-05)]
MAR12194	[np.float64(9.858754595081572e-05)]
MAR12195	[np.float64(9.858754595081572e-05)]
MAR12196	[0.00762995585464111]
MAR12197	[0.00762995585464111]
MAR12198	[np.float64(9.858754595081572e-05)]
MAR12199	[np.float64(9.858754595081572e-05)]
MAR12200	[np.float64(9.858754595081572e-05)]
MAR12201	[np.float64(9.858754595081572e-05)]
MAR12202	[np.float64(9.858754595081572e-05)]
MAR12203	[np.float64(9.858754595081572e-05)]
MAR12204	[np.float64(9.858754595081572e-05)]
MAR12205	[np.float64(9.858754595081572e-05)]
MAR12206	[np.float64(9.858754595081572e-05)]
MAR12207	[np.float64(9.858754595081572e-05)]
MAR12208	[np.float64(9.858754595081572e-05)]
MAR12209	[np.float64(9.858754595081572e-05)]
MAR12210	[np.float64(9.858754595081572e-05)]
MAR12211	[np.float64(9.858754595081572e-05)]
MAR12212	[np.float64(9.858754595081572e-05)]
MAR12213	[np.float64(9.858754595081572e-05)]
MAR12214	[np.float64(9.858754595081572e-05)]
MAR12215	[np.float64(9.858754595081572e-05)]
MAR12216	[np.float64(9.858754595081572e-05)]
MAR12217	[np.float64(9.858754595081572e-05)]
MAR12218	[np.float64(9.858754595081572e-05)]
MAR12219	[np.float64(9.858754595081572e-05)]
MAR12220	[np.float64(9.858754595081572e-05)]
MAR12221	[np.float64(9.858754595081572e-05)]
MAR12222	[np.float64(9.858754595081572e-05)]
MAR12223	[np.float64(9.858754595081572e-05)]
MAR12224	[np.float64(9.858754595081572e-05)]
MAR12225	[np.float64(9.858754595081572e-05)]
MAR12226	[np.float64(9.858754595081572e-05)]
MAR12227	[np.float64(9.858754595081572e-05)]
MAR12228	[np.float64(9.858754595081572e-05)]
MAR12229	[np.float64(9.858754595081572e-05)]
MAR12230	[np.float64(9.858754595081572e-05)]
MAR12231	[np.float64(9.858754595081572e-05)]
MAR12232	[np.float64(9.858754595081572e-05)]
MAR12233	[np.float64(9.858754595081572e-05)]
MAR12234	[np.float64(9.858754595081572e-05)]
MAR12235	[0.00762995585464111]
MAR12236	[0.00762995585464111]
MAR12237	[np.float64(9.858754595081572e-05)]
MAR12238	[0.00762995585464111]
MAR12239	[0.00762995585464111]
MAR12240	[np.float64(9.858754595081572e-05)]
MAR12241	[0.00762995585464111]
MAR12242	[0.00762995585464111]
MAR12243	[np.float64(9.858754595081572e-05)]
MAR12244	[0.00762995585464111]
MAR12245	[0.00762995585464111]
MAR12246	[0.00762995585464111]
MAR12247	[0.00762995585464111]
MAR12248	[np.float64(9.858754595081572e-05)]
MAR12249	[np.float64(9.858754595081572e-05)]
MAR12250	[0.00762995585464111]
MAR12251	[0.00762995585464111]
MAR12252	[np.float64(9.858754595081572e-05)]
MAR12253	[np.float64(9.858754595081572e-05)]
MAR12254	[0.00762995585464111]
MAR12255	[0.00762995585464111]
MAR12256	[np.float64(9.858754595081572e-05)]
MAR12257	[np.float64(9.858754595081572e-05)]
MAR12258	[0.00762995585464111]
MAR12259	[0.00762995585464111]
MAR12260	[np.float64(9.858754595081572e-05)]
MAR12261	[np.float64(9.858754595081572e-05)]
MAR12262	[np.float64(9.858754595081572e-05)]
MAR12263	[np.float64(9.858754595081572e-05)]
MAR12264	[0.005665274266570246]
MAR12265	[np.float64(9.858754595081572e-05)]
MAR12266	[np.float64(9.858754595081572e-05)]
MAR12267	[np.float64(9.858754595081572e-05)]
MAR12268	[0.005665274266570246]
MAR12269	[np.float64(9.858754595081572e-05)]
MAR12270	[np.float64(9.858754595081572e-05)]
MAR12271	[0.005665274266570246]
MAR12272	[0.00762995585464111]
MAR12273	[0.00762995585464111]
MAR12274	[np.float64(9.858754595081572e-05)]
MAR12275	[np.float64(9.858754595081572e-05)]
MAR12276	[0.00762995585464111]
MAR12277	[0.00762995585464111]
MAR12278	[np.float64(9.858754595081572e-05)]
MAR12279	[np.float64(9.858754595081572e-05)]
MAR12280	[np.float64(9.858754595081572e-05)]
MAR12281	[0.00762995585464111]
MAR12282	[0.00762995585464111]
MAR12283	[np.float64(9.858754595081572e-05)]
MAR12284	[np.float64(9.858754595081572e-05)]
MAR12285	[0.00762995585464111]
MAR12286	[0.00762995585464111]
MAR12287	[np.float64(9.858754595081572e-05)]
MAR12288	[0.00762995585464111]
MAR12289	[0.00762995585464111]
MAR12290	[0.00762995585464111]
MAR12291	[np.float64(9.858754595081572e-05)]
MAR12292	[0.00762995585464111]
MAR12293	[0.00762995585464111]
MAR12294	[np.float64(9.858754595081572e-05)]
MAR12295	[np.float64(9.858754595081572e-05)]
MAR12296	[0.005665274266570246]
MAR12297	[np.float64(9.858754595081572e-05)]
MAR12298	[0.00762995585464111]
MAR12299	[0.00762995585464111]
MAR12300	[np.float64(9.858754595081572e-05)]
MAR12301	[np.float64(9.858754595081572e-05)]
MAR12302	[0.005665274266570246]
MAR12303	[np.float64(9.858754595081572e-05)]
MAR12304	[0.00762995585464111]
MAR12305	[0.00762995585464111]
MAR12306	[np.float64(9.858754595081572e-05)]
MAR12307	[0.005665274266570246]
MAR12308	[0.006067442730612913]
MAR12309	[np.float64(9.858754595081572e-05)]
MAR12310	[np.float64(9.858754595081572e-05)]
MAR12311	[np.float64(9.858754595081572e-05)]
MAR12312	[np.float64(9.858754595081572e-05)]
MAR12313	[np.float64(9.858754595081572e-05)]
MAR12314	[np.float64(9.858754595081572e-05)]
MAR12315	[np.float64(9.858754595081572e-05)]
MAR12316	[np.float64(9.858754595081572e-05)]
MAR12317	[np.float64(9.858754595081572e-05)]
MAR12318	[0.006067442730612913]
MAR12319	[0.006067442730612913]
MAR12320	[np.float64(9.858754595081572e-05)]
MAR12321	[np.float64(9.858754595081572e-05)]
MAR12322	[np.float64(9.858754595081572e-05)]
MAR12323	[np.float64(9.858754595081572e-05)]
MAR12324	[np.float64(9.858754595081572e-05)]
MAR12325	[np.float64(9.858754595081572e-05)]
MAR12326	[np.float64(9.858754595081572e-05)]
MAR12327	[np.float64(9.858754595081572e-05)]
MAR12328	[np.float64(9.858754595081572e-05)]
MAR12329	[np.float64(9.858754595081572e-05)]
MAR12330	[np.float64(9.858754595081572e-05)]
MAR12331	[np.float64(9.858754595081572e-05)]
MAR12332	[np.float64(9.858754595081572e-05)]
MAR12333	[0.00762995585464111]
MAR12334	[np.float64(9.858754595081572e-05)]
MAR12335	[0.00762995585464111]
MAR12336	[np.float64(9.858754595081572e-05)]
MAR12337	[0.006067442730612913]
MAR12338	[np.float64(9.858754595081572e-05)]
MAR12339	[np.float64(9.858754595081572e-05)]
MAR12340	[0.00762995585464111]
MAR12341	[0.005220435046509728]
MAR12342	[0.006067442730612913]
MAR12343	[0.00762995585464111]
MAR12344	[0.005220435046509728]
MAR12345	[np.float64(9.858754595081572e-05)]
MAR12346	[0.00762995585464111]
MAR12347	[0.00762995585464111]
MAR12348	[0.005220435046509728]
MAR12349	[0.006067442730612913]
MAR12350	[0.005220435046509728]
MAR12351	[np.float64(9.858754595081572e-05)]
MAR12352	[0.00762995585464111]
MAR12353	[np.float64(9.858754595081572e-05)]
MAR12354	[np.float64(9.858754595081572e-05)]
MAR12355	[0.00762995585464111]
MAR12356	[np.float64(9.858754595081572e-05)]
MAR12357	[np.float64(9.858754595081572e-05)]
MAR12358	[np.float64(9.858754595081572e-05)]
MAR12359	[np.float64(9.858754595081572e-05)]
MAR12360	[0.00762995585464111]
MAR12361	[np.float64(9.858754595081572e-05)]
MAR12362	[0.00762995585464111]
MAR12363	[0.005183721565527906]
MAR12364	[np.float64(9.858754595081572e-05)]
MAR12365	[np.float64(9.858754595081572e-05)]
MAR12366	[np.float64(9.858754595081572e-05)]
MAR12367	[0.00762995585464111]
MAR12368	[np.float64(9.858754595081572e-05)]
MAR12369	[0.00762995585464111]
MAR12370	[np.float64(9.858754595081572e-05)]
MAR12371	[3.80118259440596e-05]
MAR12372	[np.float64(9.858754595081572e-05)]
MAR12373	[np.float64(9.858754595081572e-05)]
MAR12374	[np.float64(9.858754595081572e-05)]
MAR12375	[0.006361782362284913]
MAR12376	[np.float64(9.858754595081572e-05)]
MAR12377	[np.float64(9.858754595081572e-05)]
MAR12378	[0.00762995585464111]
MAR12379	[0.00762995585464111]
MAR12380	[np.float64(9.858754595081572e-05)]
MAR12381	[0.005183721565527906]
MAR12382	[np.float64(9.858754595081572e-05)]
MAR12383	[np.float64(9.858754595081572e-05)]
MAR12384	[np.float64(9.858754595081572e-05)]
MAR12385	[0.00762995585464111]
MAR12386	[np.float64(9.858754595081572e-05)]
MAR12387	[0.005183721565527906]
MAR12388	[np.float64(9.858754595081572e-05)]
MAR12389	[np.float64(9.858754595081572e-05)]
MAR12390	[np.float64(9.858754595081572e-05)]
MAR12391	[np.float64(9.858754595081572e-05)]
MAR12392	[0.006067442730612913]
MAR12393	[0.00762995585464111]
MAR12394	[0.005220435046509728]
MAR12395	[np.float64(9.858754595081572e-05)]
MAR12396	[0.00762995585464111]
MAR12397	[0.006067442730612913]
MAR12398	[np.float64(9.858754595081572e-05)]
MAR12399	[0.005220435046509728]
MAR12400	[np.float64(9.858754595081572e-05)]
MAR12401	[0.00762995585464111]
MAR12402	[np.float64(9.858754595081572e-05)]
MAR12403	[0.00762995585464111]
MAR12404	[0.006067442730612913]
MAR12405	[np.float64(9.858754595081572e-05)]
MAR12406	[0.00762995585464111]
MAR12407	[np.float64(9.858754595081572e-05)]
MAR12408	[np.float64(9.858754595081572e-05)]
MAR12409	[0.00762995585464111]
MAR12410	[np.float64(9.858754595081572e-05)]
MAR12411	[np.float64(9.858754595081572e-05)]
MAR12412	[np.float64(9.858754595081572e-05)]
MAR12413	[np.float64(9.858754595081572e-05)]
MAR12414	[0.005183721565527906]
MAR12415	[np.float64(9.858754595081572e-05)]
MAR12416	[np.float64(9.858754595081572e-05)]
MAR12417	[np.float64(9.858754595081572e-05)]
MAR12418	[np.float64(9.858754595081572e-05)]
MAR12419	[np.float64(9.858754595081572e-05)]
MAR12420	[np.float64(9.858754595081572e-05)]
MAR12421	[np.float64(9.858754595081572e-05)]
MAR12422	[np.float64(9.858754595081572e-05)]
MAR12423	[0.005183721565527906]
MAR12424	[np.float64(9.858754595081572e-05)]
MAR12425	[0.00762995585464111]
MAR12426	[np.float64(9.858754595081572e-05)]
MAR12427	[0.005183721565527906]
MAR12428	[np.float64(9.858754595081572e-05)]
MAR12429	[np.float64(9.858754595081572e-05)]
MAR12430	[np.float64(9.858754595081572e-05)]
MAR12431	[0.00762995585464111]
MAR12432	[0.00762995585464111]
MAR12433	[np.float64(9.858754595081572e-05)]
MAR12434	[0.00762995585464111]
MAR12435	[np.float64(9.858754595081572e-05)]
MAR12436	[0.005183721565527906]
MAR12437	[0.00762995585464111]
MAR12438	[np.float64(9.858754595081572e-05)]
MAR12439	[0.005183721565527906]
MAR12440	[0.00762995585464111]
MAR12441	[0.005478283272059059]
MAR12442	[np.float64(9.858754595081572e-05)]
MAR12443	[0.005183721565527906]
MAR12444	[np.float64(9.858754595081572e-05)]
MAR12445	[np.float64(9.858754595081572e-05)]
MAR12446	[0.00762995585464111]
MAR12447	[np.float64(9.858754595081572e-05)]
MAR12448	[np.float64(9.858754595081572e-05)]
MAR12449	[np.float64(9.858754595081572e-05)]
MAR12450	[np.float64(9.858754595081572e-05)]
MAR12451	[np.float64(9.858754595081572e-05)]
MAR12452	[np.float64(9.858754595081572e-05)]
MAR12453	[np.float64(9.858754595081572e-05)]
MAR12454	[np.float64(9.858754595081572e-05)]
MAR12455	[0.00762995585464111]
MAR12456	[np.float64(9.858754595081572e-05)]
MAR12457	[0.00762995585464111]
MAR12458	[np.float64(9.858754595081572e-05)]
MAR12459	[np.float64(9.858754595081572e-05)]
MAR12460	[0.004647345763338031]
MAR12461	[0.005478283272059059]
MAR12462	[0.00762995585464111]
MAR12463	[np.float64(9.858754595081572e-05)]
MAR12464	[np.float64(9.858754595081572e-05)]
MAR12465	[np.float64(9.858754595081572e-05)]
MAR12466	[np.float64(9.858754595081572e-05)]
MAR12467	[np.float64(9.858754595081572e-05)]
MAR12468	[0.00762995585464111]
MAR12469	[np.float64(9.858754595081572e-05)]
MAR12470	[np.float64(9.858754595081572e-05)]
MAR12471	[0.004647345763338031]
MAR12472	[np.float64(9.858754595081572e-05)]
MAR12473	[0.00762995585464111]
MAR12474	[0.006067442730612913]
MAR12475	[np.float64(9.858754595081572e-05)]
MAR12476	[np.float64(9.858754595081572e-05)]
MAR12477	[np.float64(9.858754595081572e-05)]
MAR12478	[np.float64(9.858754595081572e-05)]
MAR12479	[np.float64(9.858754595081572e-05)]
MAR12480	[np.float64(9.858754595081572e-05)]
MAR12481	[np.float64(9.858754595081572e-05)]
MAR12482	[np.float64(9.858754595081572e-05)]
MAR12483	[np.float64(9.858754595081572e-05)]
MAR12484	[np.float64(9.858754595081572e-05)]
MAR12485	[np.float64(9.858754595081572e-05)]
MAR12486	[np.float64(9.858754595081572e-05)]
MAR12487	[np.float64(9.858754595081572e-05)]
MAR12488	[np.float64(9.858754595081572e-05)]
MAR12489	[np.float64(9.858754595081572e-05)]
MAR12490	[np.float64(9.858754595081572e-05)]
MAR12491	[np.float64(9.858754595081572e-05)]
MAR12492	[np.float64(9.858754595081572e-05)]
MAR12493	[np.float64(9.858754595081572e-05)]
MAR12494	[np.float64(9.858754595081572e-05)]
MAR12495	[np.float64(9.858754595081572e-05)]
MAR12496	[np.float64(9.858754595081572e-05)]
MAR12497	[0.006067442730612913]
MAR12498	[np.float64(9.858754595081572e-05)]
MAR12499	[np.float64(9.858754595081572e-05)]
MAR12500	[np.float64(9.858754595081572e-05)]
MAR12501	[np.float64(9.858754595081572e-05)]
MAR12502	[np.float64(9.858754595081572e-05)]
MAR12503	[np.float64(9.858754595081572e-05)]
MAR12504	[np.float64(9.858754595081572e-05)]
MAR12505	[np.float64(9.858754595081572e-05)]
MAR12506	[0.006067442730612913]
MAR12507	[np.float64(9.858754595081572e-05)]
MAR12508	[np.float64(9.858754595081572e-05)]
MAR12509	[np.float64(9.858754595081572e-05)]
MAR12510	[0.00762995585464111]
MAR12511	[0.00762995585464111]
MAR12512	[np.float64(9.858754595081572e-05)]
MAR12513	[np.float64(9.858754595081572e-05)]
MAR12514	[0.005478283272059059]
MAR12515	[0.00762995585464111]
MAR12516	[0.00762995585464111]
MAR12517	[0.00762995585464111]
MAR12518	[0.00762995585464111]
MAR12519	[np.float64(9.858754595081572e-05)]
MAR12520	[np.float64(9.858754595081572e-05)]
MAR12521	[np.float64(9.858754595081572e-05)]
MAR12522	[np.float64(9.858754595081572e-05)]
MAR12523	[0.005478283272059059]
MAR12524	[np.float64(9.858754595081572e-05)]
MAR12525	[np.float64(9.858754595081572e-05)]
MAR12526	[np.float64(9.858754595081572e-05)]
MAR12527	[np.float64(9.858754595081572e-05)]
MAR12528	[0.00762995585464111]
MAR12529	[np.float64(9.858754595081572e-05)]
MAR12530	[np.float64(9.858754595081572e-05)]
MAR12531	[np.float64(9.858754595081572e-05)]
MAR12532	[np.float64(9.858754595081572e-05)]
MAR12533	[0.00762995585464111]
MAR12534	[np.float64(9.858754595081572e-05)]
MAR12535	[0.00762995585464111]
MAR12536	[np.float64(9.858754595081572e-05)]
MAR12537	[np.float64(9.858754595081572e-05)]
MAR12538	[np.float64(9.858754595081572e-05)]
MAR12539	[0.00762995585464111]
MAR12540	[np.float64(9.858754595081572e-05)]
MAR12541	[np.float64(9.858754595081572e-05)]
MAR12542	[np.float64(9.858754595081572e-05)]
MAR12543	[0.00762995585464111]
MAR12544	[np.float64(9.858754595081572e-05)]
MAR12545	[np.float64(9.858754595081572e-05)]
MAR12546	[np.float64(9.858754595081572e-05)]
MAR12547	[np.float64(9.858754595081572e-05)]
MAR12548	[np.float64(9.858754595081572e-05)]
MAR12549	[np.float64(9.858754595081572e-05)]
MAR12550	[np.float64(9.858754595081572e-05)]
MAR12551	[0.00762995585464111]
MAR12552	[np.float64(9.858754595081572e-05)]
MAR12553	[np.float64(9.858754595081572e-05)]
MAR12554	[np.float64(9.858754595081572e-05)]
MAR12555	[np.float64(9.858754595081572e-05)]
MAR12556	[0.005478283272059059]
MAR12557	[0.00762995585464111]
MAR12558	[0.00762995585464111]
MAR12559	[np.float64(9.858754595081572e-05)]
MAR12560	[np.float64(9.858754595081572e-05)]
MAR12561	[np.float64(9.858754595081572e-05)]
MAR12562	[np.float64(9.858754595081572e-05)]
MAR12563	[np.float64(9.858754595081572e-05)]
MAR12564	[0.00762995585464111]
MAR12565	[np.float64(9.858754595081572e-05)]
MAR12566	[np.float64(9.858754595081572e-05)]
MAR12567	[np.float64(9.858754595081572e-05)]
MAR12568	[np.float64(9.858754595081572e-05)]
MAR12569	[0.00762995585464111]
MAR12570	[np.float64(9.858754595081572e-05)]
MAR12571	[np.float64(9.858754595081572e-05)]
MAR12572	[np.float64(9.858754595081572e-05)]
MAR12573	[np.float64(9.858754595081572e-05)]
MAR12574	[np.float64(9.858754595081572e-05)]
MAR12575	[np.float64(9.858754595081572e-05)]
MAR12576	[np.float64(9.858754595081572e-05)]
MAR12577	[np.float64(9.858754595081572e-05)]
MAR12578	[np.float64(9.858754595081572e-05)]
MAR12579	[np.float64(9.858754595081572e-05)]
MAR12580	[np.float64(9.858754595081572e-05)]
MAR12581	[np.float64(9.858754595081572e-05)]
MAR12582	[np.float64(9.858754595081572e-05)]
MAR12583	[np.float64(9.858754595081572e-05)]
MAR12584	[np.float64(9.858754595081572e-05)]
MAR12585	[np.float64(9.858754595081572e-05)]
MAR12586	[np.float64(9.858754595081572e-05)]
MAR12587	[np.float64(9.858754595081572e-05)]
MAR12588	[np.float64(9.858754595081572e-05)]
MAR12589	[np.float64(9.858754595081572e-05)]
MAR12590	[np.float64(9.858754595081572e-05)]
MAR12591	[np.float64(9.858754595081572e-05)]
MAR12592	[np.float64(9.858754595081572e-05)]
MAR12593	[np.float64(9.858754595081572e-05)]
MAR12594	[np.float64(9.858754595081572e-05)]
MAR12595	[np.float64(9.858754595081572e-05)]
MAR12596	[np.float64(9.858754595081572e-05)]
MAR12597	[np.float64(9.858754595081572e-05)]
MAR12598	[np.float64(9.858754595081572e-05)]
MAR12599	[np.float64(9.858754595081572e-05)]
MAR12600	[np.float64(9.858754595081572e-05)]
MAR12601	[np.float64(9.858754595081572e-05)]
MAR12602	[np.float64(9.858754595081572e-05)]
MAR12603	[np.float64(9.858754595081572e-05)]
MAR12604	[np.float64(9.858754595081572e-05)]
MAR12605	[np.float64(9.858754595081572e-05)]
MAR12606	[np.float64(9.858754595081572e-05)]
MAR12607	[np.float64(9.858754595081572e-05)]
MAR12608	[np.float64(9.858754595081572e-05)]
MAR12609	[np.float64(9.858754595081572e-05)]
MAR12610	[np.float64(9.858754595081572e-05)]
MAR12611	[np.float64(9.858754595081572e-05)]
MAR12612	[np.float64(9.858754595081572e-05)]
MAR12613	[np.float64(9.858754595081572e-05)]
MAR12614	[np.float64(9.858754595081572e-05)]
MAR12615	[np.float64(9.858754595081572e-05)]
MAR12616	[np.float64(9.858754595081572e-05)]
MAR12617	[np.float64(9.858754595081572e-05)]
MAR12618	[np.float64(9.858754595081572e-05)]
MAR12619	[np.float64(9.858754595081572e-05)]
MAR12620	[np.float64(9.858754595081572e-05)]
MAR12621	[np.float64(9.858754595081572e-05)]
MAR12622	[np.float64(9.858754595081572e-05)]
MAR12623	[np.float64(9.858754595081572e-05)]
MAR12624	[np.float64(9.858754595081572e-05)]
MAR12625	[np.float64(9.858754595081572e-05)]
MAR12626	[np.float64(9.858754595081572e-05)]
MAR12627	[np.float64(9.858754595081572e-05)]
MAR12628	[np.float64(9.858754595081572e-05)]
MAR12629	[np.float64(9.858754595081572e-05)]
MAR12630	[np.float64(9.858754595081572e-05)]
MAR12631	[np.float64(9.858754595081572e-05)]
MAR12632	[np.float64(9.858754595081572e-05)]
MAR12633	[np.float64(9.858754595081572e-05)]
MAR12634	[np.float64(9.858754595081572e-05)]
MAR12635	[np.float64(9.858754595081572e-05)]
MAR12636	[np.float64(9.858754595081572e-05)]
MAR12637	[np.float64(9.858754595081572e-05)]
MAR12638	[np.float64(9.858754595081572e-05)]
MAR12639	[np.float64(9.858754595081572e-05)]
MAR12640	[np.float64(9.858754595081572e-05)]
MAR12641	[np.float64(9.858754595081572e-05)]
MAR12642	[np.float64(9.858754595081572e-05)]
MAR12643	[np.float64(9.858754595081572e-05)]
MAR12644	[np.float64(9.858754595081572e-05)]
MAR12645	[np.float64(9.858754595081572e-05)]
MAR12646	[np.float64(9.858754595081572e-05)]
MAR12647	[np.float64(9.858754595081572e-05)]
MAR12648	[np.float64(9.858754595081572e-05)]
MAR12649	[np.float64(9.858754595081572e-05)]
MAR12650	[np.float64(9.858754595081572e-05)]
MAR12651	[np.float64(9.858754595081572e-05)]
MAR12652	[np.float64(9.858754595081572e-05)]
MAR12653	[np.float64(9.858754595081572e-05)]
MAR12654	[np.float64(9.858754595081572e-05)]
MAR12655	[np.float64(9.858754595081572e-05)]
MAR12656	[np.float64(9.858754595081572e-05)]
MAR12657	[np.float64(9.858754595081572e-05)]
MAR12658	[np.float64(9.858754595081572e-05)]
MAR12659	[np.float64(9.858754595081572e-05)]
MAR12660	[np.float64(9.858754595081572e-05)]
MAR12661	[np.float64(9.858754595081572e-05)]
MAR12662	[np.float64(9.858754595081572e-05)]
MAR12663	[np.float64(9.858754595081572e-05)]
MAR12664	[np.float64(9.858754595081572e-05)]
MAR12665	[np.float64(9.858754595081572e-05)]
MAR12666	[np.float64(9.858754595081572e-05)]
MAR12667	[np.float64(9.858754595081572e-05)]
MAR12668	[np.float64(9.858754595081572e-05)]
MAR12669	[np.float64(9.858754595081572e-05)]
MAR12670	[np.float64(9.858754595081572e-05)]
MAR12671	[np.float64(9.858754595081572e-05)]
MAR12672	[np.float64(9.858754595081572e-05)]
MAR12673	[np.float64(9.858754595081572e-05)]
MAR12674	[np.float64(9.858754595081572e-05)]
MAR12675	[np.float64(9.858754595081572e-05)]
MAR12676	[np.float64(9.858754595081572e-05)]
MAR12677	[np.float64(9.858754595081572e-05)]
MAR12678	[np.float64(9.858754595081572e-05)]
MAR12679	[np.float64(9.858754595081572e-05)]
MAR12680	[np.float64(9.858754595081572e-05)]
MAR12681	[np.float64(9.858754595081572e-05)]
MAR12682	[np.float64(9.858754595081572e-05)]
MAR12683	[np.float64(9.858754595081572e-05)]
MAR12684	[np.float64(9.858754595081572e-05)]
MAR12685	[np.float64(9.858754595081572e-05)]
MAR12686	[np.float64(9.858754595081572e-05)]
MAR12687	[np.float64(9.858754595081572e-05)]
MAR12688	[np.float64(9.858754595081572e-05)]
MAR12689	[np.float64(9.858754595081572e-05)]
MAR12690	[np.float64(9.858754595081572e-05)]
MAR12691	[np.float64(9.858754595081572e-05)]
MAR12692	[np.float64(9.858754595081572e-05)]
MAR12693	[np.float64(9.858754595081572e-05)]
MAR12694	[np.float64(9.858754595081572e-05)]
MAR12695	[np.float64(9.858754595081572e-05)]
MAR12696	[np.float64(9.858754595081572e-05)]
MAR12697	[np.float64(9.858754595081572e-05)]
MAR12698	[np.float64(9.858754595081572e-05)]
MAR12699	[np.float64(9.858754595081572e-05)]
MAR12700	[np.float64(9.858754595081572e-05)]
MAR12701	[np.float64(9.858754595081572e-05)]
MAR12702	[np.float64(9.858754595081572e-05)]
MAR12703	[np.float64(9.858754595081572e-05)]
MAR12704	[np.float64(9.858754595081572e-05)]
MAR12705	[np.float64(9.858754595081572e-05)]
MAR12706	[np.float64(9.858754595081572e-05)]
MAR12707	[np.float64(9.858754595081572e-05)]
MAR12708	[np.float64(9.858754595081572e-05)]
MAR12709	[np.float64(9.858754595081572e-05)]
MAR12710	[np.float64(9.858754595081572e-05)]
MAR12711	[np.float64(9.858754595081572e-05)]
MAR12712	[np.float64(9.858754595081572e-05)]
MAR12713	[np.float64(9.858754595081572e-05)]
MAR12714	[np.float64(9.858754595081572e-05)]
MAR12715	[np.float64(9.858754595081572e-05)]
MAR12716	[np.float64(9.858754595081572e-05)]
MAR12717	[np.float64(9.858754595081572e-05)]
MAR12718	[np.float64(9.858754595081572e-05)]
MAR12719	[np.float64(9.858754595081572e-05)]
MAR12720	[np.float64(9.858754595081572e-05)]
MAR12721	[np.float64(9.858754595081572e-05)]
MAR12722	[np.float64(9.858754595081572e-05)]
MAR12723	[np.float64(9.858754595081572e-05)]
MAR12724	[np.float64(9.858754595081572e-05)]
MAR12725	[np.float64(9.858754595081572e-05)]
MAR12726	[np.float64(9.858754595081572e-05)]
MAR12727	[0.00762995585464111]
MAR12728	[0.00762995585464111]
MAR12729	[np.float64(9.858754595081572e-05)]
MAR12730	[np.float64(9.858754595081572e-05)]
MAR12731	[np.float64(9.858754595081572e-05)]
MAR12732	[np.float64(9.858754595081572e-05)]
MAR12733	[np.float64(9.858754595081572e-05)]
MAR12734	[np.float64(9.858754595081572e-05)]
MAR12735	[np.float64(9.858754595081572e-05)]
MAR12736	[0.00762995585464111]
MAR12737	[np.float64(9.858754595081572e-05)]
MAR12738	[0.00762995585464111]
MAR12739	[0.00762995585464111]
MAR12740	[0.00762995585464111]
MAR12741	[np.float64(9.858754595081572e-05)]
MAR12742	[np.float64(9.858754595081572e-05)]
MAR12743	[np.float64(9.858754595081572e-05)]
MAR12744	[np.float64(9.858754595081572e-05)]
MAR12745	[np.float64(9.858754595081572e-05)]
MAR12746	[0.00762995585464111]
MAR12747	[0.00762995585464111]
MAR12748	[0.00762995585464111]
MAR12749	[0.00762995585464111]
MAR12750	[np.float64(9.858754595081572e-05)]
MAR12751	[np.float64(9.858754595081572e-05)]
MAR12752	[np.float64(9.858754595081572e-05)]
MAR12753	[np.float64(9.858754595081572e-05)]
MAR12754	[0.005478283272059059]
MAR12755	[np.float64(9.858754595081572e-05)]
MAR12756	[0.00762995585464111]
MAR12757	[np.float64(9.858754595081572e-05)]
MAR12758	[0.00762995585464111]
MAR12759	[np.float64(9.858754595081572e-05)]
MAR12760	[0.005478283272059059]
MAR12761	[0.00762995585464111]
MAR12762	[np.float64(9.858754595081572e-05)]
MAR12763	[0.00762995585464111]
MAR12764	[np.float64(9.858754595081572e-05)]
MAR12765	[np.float64(9.858754595081572e-05)]
MAR12766	[np.float64(9.858754595081572e-05)]
MAR12767	[0.00762995585464111]
MAR12768	[np.float64(9.858754595081572e-05)]
MAR12769	[np.float64(9.858754595081572e-05)]
MAR12770	[0.00762995585464111]
MAR12771	[np.float64(9.858754595081572e-05)]
MAR12772	[np.float64(9.858754595081572e-05)]
MAR12773	[np.float64(9.858754595081572e-05)]
MAR12774	[np.float64(9.858754595081572e-05)]
MAR12775	[0.00762995585464111]
MAR12776	[0.005478283272059059]
MAR12777	[0.006067442730612913]
MAR12778	[0.006067442730612913]
MAR12779	[0.006067442730612913]
MAR12780	[0.006067442730612913]
MAR12781	[0.006067442730612913]
MAR12782	[0.005478283272059059]
MAR12783	[np.float64(9.858754595081572e-05)]
MAR12784	[np.float64(9.858754595081572e-05)]
MAR12785	[np.float64(9.858754595081572e-05)]
MAR12786	[0.005478283272059059]
MAR12787	[np.float64(9.858754595081572e-05)]
MAR12788	[np.float64(9.858754595081572e-05)]
MAR12789	[np.float64(9.858754595081572e-05)]
MAR12790	[0.00762995585464111]
MAR12791	[np.float64(9.858754595081572e-05)]
MAR12792	[0.00762995585464111]
MAR12793	[np.float64(9.858754595081572e-05)]
MAR12794	[0.006067442730612913]
MAR12795	[np.float64(9.858754595081572e-05)]
MAR12796	[np.float64(9.858754595081572e-05)]
MAR12797	[np.float64(9.858754595081572e-05)]
MAR12798	[np.float64(9.858754595081572e-05)]
MAR12799	[np.float64(9.858754595081572e-05)]
MAR12800	[np.float64(9.858754595081572e-05)]
MAR12801	[np.float64(9.858754595081572e-05)]
MAR12802	[np.float64(9.858754595081572e-05)]
MAR12803	[np.float64(9.858754595081572e-05)]
MAR12804	[np.float64(9.858754595081572e-05)]
MAR12805	[np.float64(9.858754595081572e-05)]
MAR12806	[0.00762995585464111]
MAR12807	[np.float64(9.858754595081572e-05)]
MAR12808	[np.float64(9.858754595081572e-05)]
MAR12809	[np.float64(9.858754595081572e-05)]
MAR12810	[np.float64(9.858754595081572e-05)]
MAR12811	[np.float64(9.858754595081572e-05)]
MAR12812	[0.00762995585464111]
MAR12813	[np.float64(9.858754595081572e-05)]
MAR12814	[np.float64(9.858754595081572e-05)]
MAR12815	[0.00762995585464111]
MAR12816	[np.float64(9.858754595081572e-05)]
MAR12817	[0.00762995585464111]
MAR12818	[0.00762995585464111]
MAR12819	[np.float64(9.858754595081572e-05)]
MAR12820	[0.00762995585464111]
MAR12821	[np.float64(9.858754595081572e-05)]
MAR12822	[np.float64(9.858754595081572e-05)]
MAR12823	[np.float64(9.858754595081572e-05)]
MAR12824	[np.float64(9.858754595081572e-05)]
MAR12825	[np.float64(9.858754595081572e-05)]
MAR12826	[0.00762995585464111]
MAR12827	[np.float64(9.858754595081572e-05)]
MAR12828	[np.float64(9.858754595081572e-05)]
MAR12829	[np.float64(9.858754595081572e-05)]
MAR12830	[np.float64(9.858754595081572e-05)]
MAR12831	[np.float64(9.858754595081572e-05)]
MAR12832	[0.00762995585464111]
MAR12833	[np.float64(9.858754595081572e-05)]
MAR12834	[np.float64(9.858754595081572e-05)]
MAR12835	[0.00762995585464111]
MAR12836	[np.float64(9.858754595081572e-05)]
MAR12837	[np.float64(9.858754595081572e-05)]
MAR12838	[0.005478283272059059]
MAR12839	[np.float64(9.858754595081572e-05)]
MAR12840	[np.float64(9.858754595081572e-05)]
MAR12841	[0.005478283272059059]
MAR12842	[np.float64(9.858754595081572e-05)]
MAR12843	[0.00762995585464111]
MAR12844	[0.00762995585464111]
MAR12845	[np.float64(9.858754595081572e-05)]
MAR12846	[np.float64(9.858754595081572e-05)]
MAR12847	[0.00762995585464111]
MAR12848	[np.float64(9.858754595081572e-05)]
MAR12849	[np.float64(9.858754595081572e-05)]
MAR12850	[np.float64(9.858754595081572e-05)]
MAR12851	[np.float64(9.858754595081572e-05)]
MAR12852	[0.005478283272059059]
MAR12853	[np.float64(9.858754595081572e-05)]
MAR12854	[np.float64(9.858754595081572e-05)]
MAR12855	[np.float64(9.858754595081572e-05)]
MAR12856	[np.float64(9.858754595081572e-05)]
MAR12857	[np.float64(9.858754595081572e-05)]
MAR12858	[np.float64(9.858754595081572e-05)]
MAR12859	[np.float64(9.858754595081572e-05)]
MAR12860	[0.00762995585464111]
MAR12861	[np.float64(9.858754595081572e-05)]
MAR12862	[np.float64(9.858754595081572e-05)]
MAR12863	[np.float64(9.858754595081572e-05)]
MAR12864	[0.00762995585464111]
MAR12865	[np.float64(9.858754595081572e-05)]
MAR12866	[np.float64(9.858754595081572e-05)]
MAR12867	[0.00762995585464111]
MAR12868	[np.float64(9.858754595081572e-05)]
MAR12869	[0.00762995585464111]
MAR12870	[np.float64(9.858754595081572e-05)]
MAR12871	[np.float64(9.858754595081572e-05)]
MAR12872	[np.float64(9.858754595081572e-05)]
MAR12873	[np.float64(9.858754595081572e-05)]
MAR12874	[np.float64(9.858754595081572e-05)]
MAR12875	[np.float64(9.858754595081572e-05)]
MAR12876	[np.float64(9.858754595081572e-05)]
MAR12877	[np.float64(9.858754595081572e-05)]
MAR12878	[np.float64(9.858754595081572e-05)]
MAR12879	[np.float64(9.858754595081572e-05)]
MAR12880	[np.float64(9.858754595081572e-05)]
MAR12881	[np.float64(9.858754595081572e-05)]
MAR12882	[np.float64(9.858754595081572e-05)]
MAR12883	[np.float64(9.858754595081572e-05)]
MAR12884	[np.float64(9.858754595081572e-05)]
MAR12885	[np.float64(9.858754595081572e-05)]
MAR12886	[np.float64(9.858754595081572e-05)]
MAR12887	[np.float64(9.858754595081572e-05)]
MAR12888	[np.float64(9.858754595081572e-05)]
MAR12889	[np.float64(9.858754595081572e-05)]
MAR12890	[np.float64(9.858754595081572e-05)]
MAR12891	[np.float64(9.858754595081572e-05)]
MAR12892	[np.float64(9.858754595081572e-05)]
MAR12893	[np.float64(9.858754595081572e-05)]
MAR12894	[np.float64(9.858754595081572e-05)]
MAR12895	[np.float64(9.858754595081572e-05)]
MAR12896	[np.float64(9.858754595081572e-05)]
MAR12897	[np.float64(9.858754595081572e-05)]
MAR12898	[np.float64(9.858754595081572e-05)]
MAR12899	[np.float64(9.858754595081572e-05)]
MAR12900	[np.float64(9.858754595081572e-05)]
MAR12901	[np.float64(9.858754595081572e-05)]
MAR12902	[np.float64(9.858754595081572e-05)]
MAR12903	[np.float64(9.858754595081572e-05)]
MAR12904	[np.float64(9.858754595081572e-05)]
MAR12905	[np.float64(9.858754595081572e-05)]
MAR12906	[np.float64(9.858754595081572e-05)]
MAR12907	[np.float64(9.858754595081572e-05)]
MAR12908	[np.float64(9.858754595081572e-05)]
MAR12909	[np.float64(9.858754595081572e-05)]
MAR12910	[np.float64(9.858754595081572e-05)]
MAR12911	[np.float64(9.858754595081572e-05)]
MAR12912	[np.float64(9.858754595081572e-05)]
MAR12913	[np.float64(9.858754595081572e-05)]
MAR12914	[np.float64(9.858754595081572e-05)]
MAR12915	[np.float64(9.858754595081572e-05)]
MAR12916	[np.float64(9.858754595081572e-05)]
MAR12917	[np.float64(9.858754595081572e-05)]
MAR12918	[np.float64(9.858754595081572e-05)]
MAR12919	[np.float64(9.858754595081572e-05)]
MAR12920	[np.float64(9.858754595081572e-05)]
MAR12921	[np.float64(9.858754595081572e-05)]
MAR12922	[np.float64(9.858754595081572e-05)]
MAR12923	[np.float64(9.858754595081572e-05)]
MAR12924	[np.float64(9.858754595081572e-05)]
MAR12925	[np.float64(9.858754595081572e-05)]
MAR12926	[np.float64(9.858754595081572e-05)]
MAR12927	[np.float64(9.858754595081572e-05)]
MAR12928	[np.float64(9.858754595081572e-05)]
MAR12929	[np.float64(9.858754595081572e-05)]
MAR12930	[np.float64(9.858754595081572e-05)]
MAR12931	[np.float64(9.858754595081572e-05)]
MAR12932	[np.float64(9.858754595081572e-05)]
MAR12933	[np.float64(9.858754595081572e-05)]
MAR12934	[np.float64(9.858754595081572e-05)]
MAR12935	[np.float64(9.858754595081572e-05)]
MAR12936	[np.float64(9.858754595081572e-05)]
MAR12937	[np.float64(9.858754595081572e-05)]
MAR12938	[np.float64(9.858754595081572e-05)]
MAR12939	[np.float64(9.858754595081572e-05)]
MAR12940	[np.float64(9.858754595081572e-05)]
MAR12941	[np.float64(9.858754595081572e-05)]
MAR12942	[np.float64(9.858754595081572e-05)]
MAR12943	[np.float64(9.858754595081572e-05)]
MAR12944	[np.float64(9.858754595081572e-05)]
MAR12945	[np.float64(9.858754595081572e-05)]
MAR12946	[np.float64(9.858754595081572e-05)]
MAR12947	[np.float64(9.858754595081572e-05)]
MAR12948	[np.float64(9.858754595081572e-05)]
MAR12949	[np.float64(9.858754595081572e-05)]
MAR12950	[np.float64(9.858754595081572e-05)]
MAR12951	[np.float64(9.858754595081572e-05)]
MAR12952	[np.float64(9.858754595081572e-05)]
MAR12953	[np.float64(9.858754595081572e-05)]
MAR12954	[np.float64(9.858754595081572e-05)]
MAR12955	[np.float64(9.858754595081572e-05)]
MAR12956	[np.float64(9.858754595081572e-05)]
MAR12957	[np.float64(9.858754595081572e-05)]
MAR12958	[np.float64(9.858754595081572e-05)]
MAR12959	[np.float64(9.858754595081572e-05)]
MAR12960	[np.float64(9.858754595081572e-05)]
MAR12961	[np.float64(9.858754595081572e-05)]
MAR12962	[np.float64(9.858754595081572e-05)]
MAR12963	[np.float64(9.858754595081572e-05)]
MAR12964	[np.float64(9.858754595081572e-05)]
MAR12965	[np.float64(9.858754595081572e-05)]
MAR12966	[np.float64(9.858754595081572e-05)]
MAR12967	[np.float64(9.858754595081572e-05)]
MAR12968	[np.float64(9.858754595081572e-05)]
MAR12969	[np.float64(9.858754595081572e-05)]
MAR12970	[np.float64(9.858754595081572e-05)]
MAR12971	[np.float64(9.858754595081572e-05)]
MAR12972	[np.float64(9.858754595081572e-05)]
MAR12973	[np.float64(9.858754595081572e-05)]
MAR12974	[np.float64(9.858754595081572e-05)]
MAR12975	[np.float64(9.858754595081572e-05)]
MAR12976	[np.float64(9.858754595081572e-05)]
MAR12977	[np.float64(9.858754595081572e-05)]
MAR12978	[np.float64(9.858754595081572e-05)]
MAR12979	[np.float64(9.858754595081572e-05)]
MAR12980	[np.float64(9.858754595081572e-05)]
MAR12981	[np.float64(9.858754595081572e-05)]
MAR12982	[np.float64(9.858754595081572e-05)]
MAR12983	[np.float64(9.858754595081572e-05)]
MAR12984	[np.float64(9.858754595081572e-05)]
MAR12985	[np.float64(9.858754595081572e-05)]
MAR12986	[np.float64(9.858754595081572e-05)]
MAR12987	[np.float64(9.858754595081572e-05)]
MAR12988	[np.float64(9.858754595081572e-05)]
MAR12989	[np.float64(9.858754595081572e-05)]
MAR12990	[np.float64(9.858754595081572e-05)]
MAR12991	[np.float64(9.858754595081572e-05)]
MAR12992	[np.float64(9.858754595081572e-05)]
MAR12993	[np.float64(9.858754595081572e-05)]
MAR12994	[np.float64(9.858754595081572e-05)]
MAR12995	[np.float64(9.858754595081572e-05)]
MAR12996	[np.float64(9.858754595081572e-05)]
MAR12997	[np.float64(9.858754595081572e-05)]
MAR12998	[np.float64(9.858754595081572e-05)]
MAR12999	[np.float64(9.858754595081572e-05)]
MAR13000	[np.float64(9.858754595081572e-05)]
MAR13001	[np.float64(9.858754595081572e-05)]
MAR13002	[np.float64(9.858754595081572e-05)]
MAR13003	[np.float64(9.858754595081572e-05)]
MAR13004	[np.float64(9.858754595081572e-05)]
MAR13005	[np.float64(9.858754595081572e-05)]
MAR13006	[np.float64(9.858754595081572e-05)]
MAR13007	[np.float64(9.858754595081572e-05)]
MAR13008	[np.float64(9.858754595081572e-05)]
MAR13009	[np.float64(9.858754595081572e-05)]
MAR13010	[np.float64(9.858754595081572e-05)]
MAR13011	[np.float64(9.858754595081572e-05)]
MAR13012	[np.float64(9.858754595081572e-05)]
MAR13013	[np.float64(9.858754595081572e-05)]
MAR13014	[np.float64(9.858754595081572e-05)]
MAR13015	[np.float64(9.858754595081572e-05)]
MAR13016	[np.float64(9.858754595081572e-05)]
MAR13017	[np.float64(9.858754595081572e-05)]
MAR13018	[np.float64(9.858754595081572e-05)]
MAR13019	[np.float64(9.858754595081572e-05)]
MAR13020	[np.float64(9.858754595081572e-05)]
MAR13021	[np.float64(9.858754595081572e-05)]
MAR13022	[np.float64(9.858754595081572e-05)]
MAR13023	[np.float64(9.858754595081572e-05)]
MAR13024	[np.float64(9.858754595081572e-05)]
MAR13025	[np.float64(9.858754595081572e-05)]
MAR13026	[np.float64(9.858754595081572e-05)]
MAR13027	[np.float64(9.858754595081572e-05)]
MAR13028	[np.float64(9.858754595081572e-05)]
MAR13029	[np.float64(9.858754595081572e-05)]
MAR13030	[np.float64(9.858754595081572e-05)]
MAR13031	[np.float64(9.858754595081572e-05)]
MAR13032	[np.float64(9.858754595081572e-05)]
MAR13033	[np.float64(9.858754595081572e-05)]
MAR13034	[np.float64(9.858754595081572e-05)]
MAR13035	[np.float64(9.858754595081572e-05)]
MAR13036	[np.float64(9.858754595081572e-05)]
MAR13037	[np.float64(9.858754595081572e-05)]
MAR13038	[np.float64(9.858754595081572e-05)]
MAR13039	[np.float64(9.858754595081572e-05)]
MAR13040	[np.float64(9.858754595081572e-05)]
MAR13041	[np.float64(9.858754595081572e-05)]
MAR13042	[np.float64(9.858754595081572e-05)]
MAR13043	[np.float64(9.858754595081572e-05)]
MAR13044	[np.float64(9.858754595081572e-05)]
MAR13045	[np.float64(9.858754595081572e-05)]
MAR13046	[np.float64(9.858754595081572e-05)]
MAR13047	[np.float64(9.858754595081572e-05)]
MAR13048	[np.float64(9.858754595081572e-05)]
MAR13049	[np.float64(9.858754595081572e-05)]
MAR13050	[np.float64(9.858754595081572e-05)]
MAR13051	[np.float64(9.858754595081572e-05)]
MAR13052	[np.float64(9.858754595081572e-05)]
MAR13053	[np.float64(9.858754595081572e-05)]
MAR13054	[np.float64(9.858754595081572e-05)]
MAR13055	[np.float64(9.858754595081572e-05)]
MAR13056	[np.float64(9.858754595081572e-05)]
MAR13057	[np.float64(9.858754595081572e-05)]
MAR13058	[np.float64(9.858754595081572e-05)]
MAR13059	[np.float64(9.858754595081572e-05)]
MAR13060	[np.float64(9.858754595081572e-05)]
MAR13061	[np.float64(9.858754595081572e-05)]
MAR13062	[np.float64(9.858754595081572e-05)]
MAR13063	[np.float64(9.858754595081572e-05)]
MAR13065	[np.float64(9.858754595081572e-05)]
MAR13067	[np.float64(9.858754595081572e-05)]
MAR13068	[np.float64(9.858754595081572e-05)]
MAR13069	[np.float64(9.858754595081572e-05)]
MAR13070	[np.float64(9.858754595081572e-05)]
MAR13071	[np.float64(9.858754595081572e-05)]
MAR13072	[np.float64(9.858754595081572e-05)]
MAR13073	[np.float64(9.858754595081572e-05)]
MAR13074	[np.float64(9.858754595081572e-05)]
MAR13075	[np.float64(9.858754595081572e-05)]
MAR13076	[np.float64(9.858754595081572e-05)]
MAR13077	[np.float64(9.858754595081572e-05)]
MAR13078	[np.float64(9.858754595081572e-05)]
MAR13079	[3.728206335263105e-05]
MAR13080	[np.float64(9.858754595081572e-05)]
MAR13081	[3.728206335263105e-05]
MAR10023	[np.float64(9.858754595081572e-05)]
MAR10024	[np.float64(9.858754595081572e-05)]
MAR10026	[np.float64(9.858754595081572e-05)]
MAR10027	[np.float64(9.858754595081572e-05)]
MAR10028	[np.float64(9.858754595081572e-05)]
MAR10029	[np.float64(9.858754595081572e-05)]
MAR10030	[np.float64(9.858754595081572e-05)]
MAR10031	[np.float64(9.858754595081572e-05)]
MAR10033	[np.float64(9.858754595081572e-05)]
MAR10034	[np.float64(9.858754595081572e-05)]
MAR10035	[np.float64(9.858754595081572e-05)]
MAR10036	[np.float64(9.858754595081572e-05)]
MAR10037	[np.float64(9.858754595081572e-05)]
MAR10038	[np.float64(9.858754595081572e-05)]
MAR10039	[np.float64(9.858754595081572e-05)]
MAR10040	[np.float64(9.858754595081572e-05)]
MAR10041	[np.float64(9.858754595081572e-05)]
MAR10042	[np.float64(9.858754595081572e-05)]
MAR10043	[np.float64(9.858754595081572e-05)]
MAR10044	[np.float64(9.858754595081572e-05)]
MAR10045	[np.float64(9.858754595081572e-05)]
MAR10046	[np.float64(9.858754595081572e-05)]
MAR10047	[np.float64(9.858754595081572e-05)]
MAR10048	[np.float64(9.858754595081572e-05)]
MAR10049	[np.float64(9.858754595081572e-05)]
MAR10050	[np.float64(9.858754595081572e-05)]
MAR10051	[np.float64(9.858754595081572e-05)]
MAR10052	[np.float64(9.858754595081572e-05)]
MAR10053	[np.float64(9.858754595081572e-05)]
MAR10054	[np.float64(9.858754595081572e-05)]
MAR10055	[np.float64(9.858754595081572e-05)]
MAR10056	[np.float64(9.858754595081572e-05)]
MAR10057	[np.float64(9.858754595081572e-05)]
MAR10058	[np.float64(9.858754595081572e-05)]
MAR10059	[np.float64(9.858754595081572e-05)]
MAR10060	[np.float64(9.858754595081572e-05)]
MAR10061	[np.float64(9.858754595081572e-05)]
MAR10062	[np.float64(9.858754595081572e-05)]
MAR10063	[np.float64(9.858754595081572e-05)]
MAR10064	[np.float64(9.858754595081572e-05)]
MAR10065	[np.float64(9.858754595081572e-05)]
MAR13082	[np.float64(9.858754595081572e-05), 3.728206335263105e-05]
MAR10066	[np.float64(9.858754595081572e-05)]
MAR10067	[np.float64(9.858754595081572e-05)]
MAR10068	[np.float64(9.858754595081572e-05)]
MAR10069	[np.float64(9.858754595081572e-05)]
MAR10070	[np.float64(9.858754595081572e-05)]
MAR10071	[np.float64(9.858754595081572e-05)]
MAR10072	[np.float64(9.858754595081572e-05)]
MAR10073	[np.float64(9.858754595081572e-05)]
MAR10074	[np.float64(9.858754595081572e-05)]
MAR10075	[np.float64(9.858754595081572e-05)]
MAR10076	[np.float64(9.858754595081572e-05)]
MAR10077	[np.float64(9.858754595081572e-05)]
MAR10078	[np.float64(9.858754595081572e-05)]
MAR10079	[np.float64(9.858754595081572e-05)]
MAR10080	[np.float64(9.858754595081572e-05)]
MAR10081	[np.float64(9.858754595081572e-05)]
MAR10082	[np.float64(9.858754595081572e-05)]
MAR10083	[np.float64(9.858754595081572e-05)]
MAR10084	[np.float64(9.858754595081572e-05)]
MAR10085	[np.float64(9.858754595081572e-05)]
MAR10086	[np.float64(9.858754595081572e-05)]
MAR10087	[np.float64(9.858754595081572e-05)]
MAR10088	[np.float64(9.858754595081572e-05)]
MAR10089	[np.float64(9.858754595081572e-05)]
MAR10090	[np.float64(9.858754595081572e-05)]
MAR10091	[np.float64(9.858754595081572e-05)]
MAR10092	[np.float64(9.858754595081572e-05)]
MAR10093	[np.float64(9.858754595081572e-05)]
MAR10094	[np.float64(9.858754595081572e-05)]
MAR10095	[np.float64(9.858754595081572e-05)]
MAR10096	[np.float64(9.858754595081572e-05)]
MAR10097	[np.float64(9.858754595081572e-05)]
MAR10098	[np.float64(9.858754595081572e-05)]
MAR10099	[np.float64(9.858754595081572e-05)]
MAR10100	[np.float64(9.858754595081572e-05)]
MAR10101	[np.float64(9.858754595081572e-05)]
MAR10102	[np.float64(9.858754595081572e-05)]
MAR10103	[np.float64(9.858754595081572e-05)]
MAR10104	[np.float64(9.858754595081572e-05)]
MAR10105	[np.float64(9.858754595081572e-05)]
MAR10106	[np.float64(9.858754595081572e-05)]
MAR10107	[np.float64(9.858754595081572e-05)]
MAR10108	[np.float64(9.858754595081572e-05)]
MAR10109	[np.float64(9.858754595081572e-05)]
MAR10110	[np.float64(9.858754595081572e-05)]
MAR10111	[np.float64(9.858754595081572e-05)]
MAR10112	[np.float64(9.858754595081572e-05)]
MAR10113	[np.float64(9.858754595081572e-05)]
MAR10114	[np.float64(9.858754595081572e-05)]
MAR10115	[np.float64(9.858754595081572e-05)]
MAR10116	[0.006361782362284913]
MAR10117	[np.float64(9.858754595081572e-05)]
MAR10118	[0.005665274266570246]
MAR10119	[0.005665274266570246]
MAR10120	[0.005665274266570246]
MAR10121	[np.float64(9.858754595081572e-05)]
MAR10122	[np.float64(9.858754595081572e-05)]
MAR10123	[np.float64(9.858754595081572e-05)]
MAR10124	[np.float64(9.858754595081572e-05)]
MAR10125	[np.float64(9.858754595081572e-05)]
MAR10126	[np.float64(9.858754595081572e-05)]
MAR10127	[0.005665274266570246]
MAR10128	[np.float64(9.858754595081572e-05)]
MAR10129	[np.float64(9.858754595081572e-05)]
MAR10130	[np.float64(9.858754595081572e-05)]
MAR10131	[np.float64(9.858754595081572e-05)]
MAR10132	[np.float64(9.858754595081572e-05)]
MAR13083	[0.00762995585464111]
MAR13084	[np.float64(9.858754595081572e-05)]
MAR13085	[np.float64(9.858754595081572e-05)]
MAR13086	[5.260596092456286e-05]
MAR13087	[0.006616541921414123]
MAR20001	[0.006361782362284913]
MAR20003	[0.006361782362284913]
MAR20005	[0.006361782362284913]
MAR20006	[3.728206335263105e-05]
MAR20007	[0.006361782362284913]
MAR20008	[3.728206335263105e-05]
MAR20009	[0.006361782362284913]
MAR20010	[0.006361782362284913]
MAR20011	[np.float64(9.858754595081572e-05)]
MAR20013	[0.005938969176443775]
MAR20016	[np.float64(9.858754595081572e-05)]
MAR20017	[np.float64(9.858754595081572e-05)]
MAR20018	[np.float64(9.858754595081572e-05)]
MAR20019	[np.float64(9.858754595081572e-05)]
MAR20021	[0.006177830639118772]
MAR20022	[0.006177830639118772]
MAR20023	[0.006177830639118772]
MAR20024	[0.006177830639118772]
MAR20025	[0.006177830639118772]
MAR20026	[0.006177830639118772]
MAR20027	[0.006177830639118772]
MAR20028	[0.006177830639118772]
MAR20029	[0.006177830639118772]
MAR20030	[0.006177830639118772]
MAR20031	[0.006177830639118772]
MAR20032	[0.006177830639118772]
MAR20033	[np.float64(9.858754595081572e-05)]
MAR20034	[np.float64(9.858754595081572e-05)]
MAR20035	[np.float64(9.858754595081572e-05)]
MAR20036	[np.float64(9.858754595081572e-05)]
MAR20037	[np.float64(9.858754595081572e-05)]
MAR20038	[np.float64(9.858754595081572e-05)]
MAR20039	[np.float64(9.858754595081572e-05)]
MAR20040	[np.float64(9.858754595081572e-05)]
MAR20041	[np.float64(9.858754595081572e-05)]
MAR20042	[np.float64(9.858754595081572e-05)]
MAR20043	[np.float64(9.858754595081572e-05)]
MAR20044	[3.728206335263105e-05]
MAR20046	[np.float64(9.858754595081572e-05)]
MAR20047	[np.float64(9.858754595081572e-05)]
MAR20048	[np.float64(9.858754595081572e-05)]
MAR20049	[np.float64(9.858754595081572e-05)]
MAR20050	[np.float64(9.858754595081572e-05)]
MAR20051	[np.float64(9.858754595081572e-05)]
MAR20053	[np.float64(9.858754595081572e-05)]
MAR20054	[np.float64(9.858754595081572e-05)]
MAR20055	[np.float64(9.858754595081572e-05)]
MAR20056	[np.float64(9.858754595081572e-05)]
MAR20057	[np.float64(9.858754595081572e-05)]
MAR20058	[np.float64(9.858754595081572e-05)]
MAR20059	[np.float64(9.858754595081572e-05)]
MAR20060	[np.float64(9.858754595081572e-05)]
MAR20061	[np.float64(9.858754595081572e-05)]
MAR20062	[np.float64(9.858754595081572e-05)]
MAR20063	[np.float64(9.858754595081572e-05)]
MAR20064	[np.float64(9.858754595081572e-05)]
MAR20065	[np.float64(9.858754595081572e-05)]
MAR20067	[0.00762995585464111]
MAR20068	[0.00762995585464111]
MAR20069	[np.float64(9.858754595081572e-05)]
MAR20070	[0.0062946839618430285]
MAR20071	[np.float64(9.858754595081572e-05)]
MAR20072	[np.float64(9.858754595081572e-05)]
MAR20073	[np.float64(9.858754595081572e-05)]
MAR20074	[np.float64(9.858754595081572e-05)]
MAR20075	[np.float64(9.858754595081572e-05)]
MAR20076	[np.float64(9.858754595081572e-05)]
MAR20077	[np.float64(9.858754595081572e-05)]
MAR20078	[np.float64(9.858754595081572e-05)]
MAR20079	[np.float64(9.858754595081572e-05)]
MAR20080	[np.float64(9.858754595081572e-05)]
MAR20081	[np.float64(9.858754595081572e-05)]
MAR20082	[np.float64(9.858754595081572e-05)]
MAR20083	[np.float64(9.858754595081572e-05)]
MAR20084	[np.float64(9.858754595081572e-05)]
MAR20085	[np.float64(9.858754595081572e-05)]
MAR20086	[np.float64(9.858754595081572e-05)]
MAR20087	[np.float64(9.858754595081572e-05)]
MAR20088	[np.float64(9.858754595081572e-05)]
MAR20090	[np.float64(9.858754595081572e-05)]
MAR20091	[np.float64(9.858754595081572e-05)]
MAR20092	[np.float64(9.858754595081572e-05)]
MAR20093	[np.float64(9.858754595081572e-05)]
MAR20094	[np.float64(9.858754595081572e-05)]
MAR20095	[np.float64(9.858754595081572e-05)]
MAR20096	[np.float64(9.858754595081572e-05)]
MAR20097	[np.float64(9.858754595081572e-05)]
MAR20098	[np.float64(9.858754595081572e-05)]
MAR20099	[np.float64(9.858754595081572e-05)]
MAR20100	[np.float64(9.858754595081572e-05)]
MAR20101	[np.float64(9.858754595081572e-05)]
MAR20102	[np.float64(9.858754595081572e-05)]
MAR20103	[np.float64(9.858754595081572e-05)]
MAR20104	[np.float64(9.858754595081572e-05)]
MAR20105	[np.float64(9.858754595081572e-05)]
MAR20106	[np.float64(9.858754595081572e-05)]
MAR20107	[np.float64(9.858754595081572e-05)]
MAR20108	[np.float64(9.858754595081572e-05)]
MAR20109	[np.float64(9.858754595081572e-05)]
MAR20110	[np.float64(9.858754595081572e-05)]
MAR20111	[0.0066017277052709345]
MAR20112	[0.005183721565527906]
MAR20113	[np.float64(9.858754595081572e-05)]
MAR20114	[np.float64(9.858754595081572e-05)]
MAR20115	[np.float64(9.858754595081572e-05)]
MAR20116	[np.float64(9.858754595081572e-05)]
MAR20117	[np.float64(9.858754595081572e-05)]
MAR20118	[np.float64(9.858754595081572e-05)]
MAR20119	[np.float64(9.858754595081572e-05)]
MAR20120	[np.float64(9.858754595081572e-05)]
MAR20121	[np.float64(9.858754595081572e-05)]
MAR20122	[np.float64(9.858754595081572e-05)]
MAR20123	[np.float64(9.858754595081572e-05)]
MAR20124	[np.float64(9.858754595081572e-05)]
MAR20125	[np.float64(9.858754595081572e-05)]
MAR20126	[np.float64(9.858754595081572e-05)]
MAR20127	[np.float64(9.858754595081572e-05)]
MAR20128	[np.float64(9.858754595081572e-05)]
MAR20129	[np.float64(9.858754595081572e-05)]
MAR20130	[np.float64(9.858754595081572e-05)]
MAR20131	[np.float64(9.858754595081572e-05)]
MAR20132	[np.float64(9.858754595081572e-05)]
MAR20133	[np.float64(9.858754595081572e-05)]
MAR20134	[np.float64(9.858754595081572e-05)]
MAR20135	[np.float64(9.858754595081572e-05)]
MAR20136	[np.float64(9.858754595081572e-05)]
MAR20137	[np.float64(9.858754595081572e-05)]
MAR20138	[np.float64(9.858754595081572e-05)]
MAR20139	[np.float64(9.858754595081572e-05)]
MAR20140	[np.float64(9.858754595081572e-05)]
MAR20141	[np.float64(9.858754595081572e-05)]
MAR20142	[np.float64(9.858754595081572e-05)]
MAR20143	[np.float64(9.858754595081572e-05)]
MAR20144	[np.float64(9.858754595081572e-05)]
MAR20145	[np.float64(9.858754595081572e-05)]
MAR20146	[np.float64(9.858754595081572e-05)]
MAR20147	[np.float64(9.858754595081572e-05)]
MAR20148	[np.float64(9.858754595081572e-05)]
MAR20149	[np.float64(9.858754595081572e-05)]
MAR20150	[np.float64(9.858754595081572e-05)]
MAR20151	[np.float64(9.858754595081572e-05)]
MAR20152	[np.float64(9.858754595081572e-05)]
MAR20153	[np.float64(9.858754595081572e-05)]
MAR20154	[np.float64(9.858754595081572e-05)]
MAR20155	[np.float64(9.858754595081572e-05)]
MAR20156	[np.float64(9.858754595081572e-05)]
MAR20157	[np.float64(9.858754595081572e-05)]
MAR20158	[np.float64(9.858754595081572e-05)]
MAR20159	[np.float64(9.858754595081572e-05)]
MAR20160	[np.float64(9.858754595081572e-05)]
MAR20161	[np.float64(9.858754595081572e-05)]
MAR20162	[np.float64(9.858754595081572e-05)]
MAR20163	[np.float64(9.858754595081572e-05)]
MAR20164	[np.float64(9.858754595081572e-05)]
MAR20165	[np.float64(9.858754595081572e-05)]
MAR20166	[np.float64(9.858754595081572e-05)]
MAR20167	[np.float64(9.858754595081572e-05)]
MAR20168	[np.float64(9.858754595081572e-05)]
MAR20169	[0.006616541921414123]
MAR20170	[np.float64(9.858754595081572e-05)]
MAR20171	[np.float64(9.858754595081572e-05)]
MAR20172	[np.float64(9.858754595081572e-05)]
MAR20173	[9.13082498944938e-05]
MAR20174	[np.float64(9.858754595081572e-05)]
MAR20175	[np.float64(9.858754595081572e-05)]
MAR20176	[np.float64(9.858754595081572e-05)]
MAR20177	[np.float64(9.858754595081572e-05)]
MAR20178	[np.float64(9.858754595081572e-05)]
MAR20179	[np.float64(9.858754595081572e-05)]
MAR20180	[np.float64(9.858754595081572e-05)]
MAR20181	[np.float64(9.858754595081572e-05)]
MAR20182	[np.float64(9.858754595081572e-05)]
MAR20183	[np.float64(9.858754595081572e-05)]
