reaction	linear_coefficient
MAR03905	[np.float64(6.713308228060648e-05)]
MAR03907	[np.float64(6.713308228060648e-05)]
MAR04097	[np.float64(6.713308228060648e-05)]
MAR04099	[np.float64(6.713308228060648e-05)]
MAR04108	[np.float64(6.713308228060648e-05)]
MAR04133	[np.float64(6.713308228060648e-05)]
MAR04281	[2.9037379183842352e-05]
MAR04388	[2.9037379183842352e-05]
MAR04283	[np.float64(6.713308228060648e-05)]
MAR08357	[np.float64(6.713308228060648e-05)]
MAR04379	[3.1248290823254343e-05]
MAR04301	[3.1248290823254343e-05]
MAR04355	[np.float64(6.713308228060648e-05)]
MAR04358	[2.9037379183842352e-05]
MAR04360	[np.float64(6.713308228060648e-05)]
MAR04363	[2.9037379183842352e-05]
MAR04365	[2.9037379183842352e-05]
MAR04368	[2.9037379183842352e-05]
MAR04370	[np.float64(6.713308228060648e-05)]
MAR04371	[2.9037379183842352e-05]
MAR04372	[np.float64(6.713308228060648e-05)]
MAR04373	[2.9037379183842352e-05]
MAR04375	[np.float64(6.713308228060648e-05)]
MAR04377	[np.float64(6.713308228060648e-05)]
MAR04381	[np.float64(6.713308228060648e-05)]
MAR04391	[2.9037379183842352e-05]
MAR04394	[np.float64(6.713308228060648e-05)]
MAR04396	[np.float64(6.713308228060648e-05)]
MAR04521	[np.float64(6.713308228060648e-05)]
MAR06412	[np.float64(6.713308228060648e-05)]
MAR07745	[np.float64(6.713308228060648e-05)]
MAR07747	[np.float64(6.713308228060648e-05)]
MAR08360	[np.float64(6.713308228060648e-05)]
MAR08652	[np.float64(6.713308228060648e-05)]
MAR08757	[0.004214386547489437]
MAR03989	[np.float64(6.713308228060648e-05)]
MAR04122	[np.float64(6.713308228060648e-05)]
MAR04837	[8.4310167750605e-05]
MAR05395	[np.float64(6.713308228060648e-05)]
MAR05396	[np.float64(6.713308228060648e-05)]
MAR09727	[np.float64(6.713308228060648e-05)]
MAR05397	[0.0043702273628809275]
MAR05398	[2.9037379183842352e-05]
MAR05399	[np.float64(6.713308228060648e-05)]
MAR05400	[np.float64(6.713308228060648e-05)]
MAR05401	[2.9037379183842352e-05]
MAR08568	[0.006287108860154966]
MAR08569	[0.006287108860154966]
MAR08570	[0.006287108860154966]
MAR08571	[0.006287108860154966]
MAR08572	[0.006287108860154966]
MAR08573	[0.006287108860154966]
MAR08574	[0.006287108860154966]
MAR08575	[0.006287108860154966]
MAR08576	[0.006287108860154966]
MAR08577	[0.006287108860154966]
MAR08578	[0.006287108860154966]
MAR08579	[0.006287108860154966]
MAR08581	[0.006287108860154966]
MAR08591	[np.float64(6.713308228060648e-05)]
MAR08592	[np.float64(6.713308228060648e-05)]
MAR08580	[0.006287108860154966]
MAR08582	[0.006287108860154966]
MAR08587	[np.float64(6.713308228060648e-05)]
MAR08589	[np.float64(6.713308228060648e-05)]
MAR08583	[0.006935796717097496]
MAR08584	[0.00906218291663845]
MAR08585	[np.float64(6.713308228060648e-05)]
MAR03944	[np.float64(6.713308228060648e-05)]
MAR04128	[np.float64(6.713308228060648e-05)]
MAR04130	[np.float64(6.713308228060648e-05)]
MAR04131	[np.float64(6.713308228060648e-05)]
MAR04132	[np.float64(6.713308228060648e-05)]
MAR04303	[np.float64(6.713308228060648e-05)]
MAR04414	[np.float64(6.713308228060648e-05)]
MAR04415	[np.float64(6.713308228060648e-05)]
MAR04416	[np.float64(6.713308228060648e-05)]
MAR04831	[8.4310167750605e-05]
MAR04832	[np.float64(6.713308228060648e-05)]
MAR07674	[np.float64(6.713308228060648e-05)]
MAR08761	[np.float64(6.713308228060648e-05)]
MAR08762	[np.float64(6.713308228060648e-05)]
MAR08764	[0.00906218291663845]
MAR08766	[np.float64(6.713308228060648e-05)]
MAR08767	[np.float64(6.713308228060648e-05)]
MAR00454	[8.4310167750605e-05]
MAR04297	[np.float64(6.713308228060648e-05)]
MAR04310	[np.float64(6.713308228060648e-05)]
MAR04315	[np.float64(6.713308228060648e-05)]
MAR04316	[np.float64(6.713308228060648e-05)]
MAR04317	[np.float64(6.713308228060648e-05)]
MAR04318	[np.float64(6.713308228060648e-05)]
MAR04319	[np.float64(6.713308228060648e-05)]
MAR04320	[np.float64(6.713308228060648e-05)]
MAR04356	[np.float64(6.713308228060648e-05)]
MAR04383	[np.float64(6.713308228060648e-05)]
MAR04385	[np.float64(6.713308228060648e-05)]
MAR04386	[np.float64(6.713308228060648e-05)]
MAR04387	[np.float64(6.713308228060648e-05)]
MAR04399	[8.4310167750605e-05]
MAR04400	[np.float64(6.713308228060648e-05)]
MAR04401	[np.float64(6.713308228060648e-05)]
MAR04402	[np.float64(6.713308228060648e-05)]
MAR04403	[8.4310167750605e-05]
MAR04490	[np.float64(6.713308228060648e-05)]
MAR04706	[np.float64(6.713308228060648e-05)]
MAR08768	[np.float64(6.713308228060648e-05)]
MAR04590	[np.float64(6.713308228060648e-05)]
MAR04591	[np.float64(6.713308228060648e-05)]
MAR04592	[np.float64(6.713308228060648e-05)]
MAR04593	[np.float64(6.713308228060648e-05)]
MAR04594	[np.float64(6.713308228060648e-05)]
MAR04595	[np.float64(6.713308228060648e-05)]
MAR08341	[np.float64(6.713308228060648e-05)]
MAR08342	[8.4310167750605e-05]
MAR08344	[np.float64(6.713308228060648e-05)]
MAR08352	[0.004710908773887676]
MAR08353	[8.4310167750605e-05]
MAR08726	[0.004214386547489437]
MAR08727	[np.float64(6.713308228060648e-05)]
MAR08728	[8.4310167750605e-05]
MAR08729	[np.float64(6.713308228060648e-05)]
MAR06537	[np.float64(6.713308228060648e-05)]
MAR01568	[np.float64(6.713308228060648e-05)]
MAR03853	[2.9037379183842352e-05]
MAR03854	[np.float64(6.713308228060648e-05)]
MAR03855	[np.float64(6.713308228060648e-05)]
MAR03857	[np.float64(6.713308228060648e-05)]
MAR03859	[0.004214386547489437]
MAR04087	[np.float64(6.713308228060648e-05)]
MAR04089	[np.float64(6.713308228060648e-05)]
MAR04091	[np.float64(6.713308228060648e-05)]
MAR04093	[0.00906218291663845]
MAR04095	[0.00906218291663845]
MAR04101	[0.00906218291663845]
MAR04103	[np.float64(6.713308228060648e-05)]
MAR04143	[np.float64(6.713308228060648e-05)]
MAR04193	[2.9037379183842352e-05]
MAR08497	[np.float64(6.713308228060648e-05)]
MAR08498	[0.004214386547489437]
MAR08499	[0.004214386547489437]
MAR08500	[np.float64(6.713308228060648e-05)]
MAR08501	[np.float64(6.713308228060648e-05)]
MAR08502	[np.float64(6.713308228060648e-05)]
MAR08503	[np.float64(6.713308228060648e-05)]
MAR08504	[np.float64(6.713308228060648e-05)]
MAR08506	[np.float64(6.713308228060648e-05)]
MAR08507	[np.float64(6.713308228060648e-05)]
MAR08508	[np.float64(6.713308228060648e-05)]
MAR08509	[np.float64(6.713308228060648e-05)]
MAR08511	[np.float64(6.713308228060648e-05)]
MAR08512	[0.005489941701390298]
MAR08514	[0.004214386547489437]
MAR08516	[np.float64(6.713308228060648e-05)]
MAR08517	[8.4310167750605e-05]
MAR04280	[np.float64(6.713308228060648e-05)]
MAR00153	[np.float64(6.713308228060648e-05)]
MAR03212	[np.float64(6.713308228060648e-05)]
MAR03797	[np.float64(6.713308228060648e-05)]
MAR03800	[8.4310167750605e-05]
MAR04105	[np.float64(6.713308228060648e-05)]
MAR04106	[np.float64(6.713308228060648e-05)]
MAR04107	[np.float64(6.713308228060648e-05)]
MAR04282	[0.004214386547489437]
MAR04331	[np.float64(6.713308228060648e-05)]
MAR04459	[np.float64(6.713308228060648e-05)]
MAR04460	[np.float64(6.713308228060648e-05)]
MAR04464	[8.4310167750605e-05]
MAR04497	[3.7984325592705935e-05]
MAR04741	[np.float64(6.713308228060648e-05)]
MAR08078	[8.4310167750605e-05]
MAR09803	[8.4310167750605e-05]
MAR09804	[np.float64(6.713308228060648e-05)]
MAR00718	[np.float64(6.713308228060648e-05)]
MAR00719	[np.float64(6.713308228060648e-05)]
MAR01434	[np.float64(6.713308228060648e-05)]
MAR01436	[np.float64(6.713308228060648e-05)]
MAR03163	[np.float64(6.713308228060648e-05)]
MAR04461	[np.float64(6.713308228060648e-05)]
MAR04604	[np.float64(6.713308228060648e-05)]
MAR05351	[np.float64(6.713308228060648e-05)]
MAR07709	[np.float64(6.713308228060648e-05)]
MAR04052	[np.float64(6.713308228060648e-05)]
MAR04304	[3.52390203130258e-05]
MAR04350	[0.004214386547489437]
MAR04351	[np.float64(6.713308228060648e-05)]
MAR04352	[np.float64(6.713308228060648e-05)]
MAR04354	[np.float64(6.713308228060648e-05)]
MAR04398	[np.float64(6.713308228060648e-05)]
MAR04404	[3.8660052292240714e-05]
MAR04473	[2.995045955520258e-05]
MAR04474	[2.995045955520258e-05]
MAR04476	[np.float64(6.713308228060648e-05)]
MAR04477	[np.float64(6.713308228060648e-05)]
MAR04501	[3.8660052292240714e-05]
MAR04565	[2.948732197229683e-05]
MAR04567	[3.1248290823254343e-05]
MAR09799	[np.float64(6.713308228060648e-05)]
MAR09800	[np.float64(6.713308228060648e-05)]
MAR04623	[np.float64(6.713308228060648e-05)]
MAR04625	[np.float64(6.713308228060648e-05)]
MAR04710	[np.float64(6.713308228060648e-05)]
MAR04841	[np.float64(6.713308228060648e-05)]
MAR08074	[0.004214386547489437]
MAR08653	[np.float64(6.713308228060648e-05)]
MAR03998	[np.float64(6.713308228060648e-05)]
MAR04000	[np.float64(6.713308228060648e-05)]
MAR04002	[np.float64(6.713308228060648e-05)]
MAR04004	[np.float64(6.713308228060648e-05)]
MAR04010	[np.float64(6.713308228060648e-05)]
MAR04081	[np.float64(6.713308228060648e-05)]
MAR04082	[np.float64(6.713308228060648e-05)]
MAR04012	[np.float64(6.713308228060648e-05)]
MAR04014	[np.float64(6.713308228060648e-05)]
MAR04020	[np.float64(6.713308228060648e-05)]
MAR04022	[np.float64(6.713308228060648e-05)]
MAR04038	[3.818778067594408e-05]
MAR04040	[2.9037379183842352e-05]
MAR04042	[np.float64(6.713308228060648e-05)]
MAR04046	[np.float64(6.713308228060648e-05)]
MAR04048	[np.float64(6.713308228060648e-05)]
MAR04080	[np.float64(6.713308228060648e-05)]
MAR04085	[3.017730006934541e-05]
MAR04086	[3.017730006934541e-05]
MAR04134	[np.float64(6.713308228060648e-05)]
MAR04135	[np.float64(6.713308228060648e-05)]
MAR04168	[3.7984325592705935e-05]
MAR04171	[2.9037379183842352e-05]
MAR04290	[np.float64(6.713308228060648e-05)]
MAR04406	[np.float64(6.713308228060648e-05)]
MAR04412	[np.float64(6.713308228060648e-05)]
MAR04417	[np.float64(6.713308228060648e-05)]
MAR04418	[np.float64(6.713308228060648e-05)]
MAR04419	[np.float64(6.713308228060648e-05)]
MAR04421	[2.9037379183842352e-05]
MAR04449	[np.float64(6.713308228060648e-05)]
MAR04450	[np.float64(6.713308228060648e-05)]
MAR04451	[8.4310167750605e-05]
MAR04452	[np.float64(6.713308228060648e-05)]
MAR04453	[np.float64(6.713308228060648e-05)]
MAR04480	[6.663761141462202e-05]
MAR04481	[np.float64(6.713308228060648e-05)]
MAR04482	[np.float64(6.713308228060648e-05)]
MAR04486	[np.float64(6.713308228060648e-05)]
MAR04487	[np.float64(6.713308228060648e-05)]
MAR04488	[np.float64(6.713308228060648e-05)]
MAR04489	[np.float64(6.713308228060648e-05)]
MAR04492	[np.float64(6.713308228060648e-05)]
MAR04493	[np.float64(6.713308228060648e-05)]
MAR04495	[np.float64(6.713308228060648e-05)]
MAR04496	[np.float64(6.713308228060648e-05)]
MAR04518	[0.0043702273628809275]
MAR04519	[np.float64(6.713308228060648e-05)]
MAR04520	[np.float64(6.713308228060648e-05)]
MAR04573	[2.9037379183842352e-05]
MAR04574	[3.52390203130258e-05]
MAR04600	[np.float64(6.713308228060648e-05)]
MAR04602	[np.float64(6.713308228060648e-05)]
MAR04603	[3.52390203130258e-05]
MAR04611	[2.9037379183842352e-05]
MAR04612	[2.9037379183842352e-05]
MAR04614	[2.9037379183842352e-05]
MAR04615	[2.9037379183842352e-05]
MAR04617	[2.9037379183842352e-05]
MAR04618	[2.9037379183842352e-05]
MAR04619	[2.9037379183842352e-05]
MAR04621	[2.9037379183842352e-05]
MAR04632	[np.float64(6.713308228060648e-05)]
MAR04646	[np.float64(6.713308228060648e-05)]
MAR04648	[np.float64(6.713308228060648e-05)]
MAR04649	[np.float64(6.713308228060648e-05)]
MAR04650	[np.float64(6.713308228060648e-05)]
MAR04651	[3.52390203130258e-05]
MAR04663	[3.52390203130258e-05]
MAR04664	[np.float64(6.713308228060648e-05)]
MAR04694	[np.float64(6.713308228060648e-05)]
MAR04695	[3.52390203130258e-05]
MAR04705	[np.float64(6.713308228060648e-05)]
MAR04709	[3.52390203130258e-05]
MAR04799	[np.float64(6.713308228060648e-05)]
MAR04802	[np.float64(6.713308228060648e-05)]
MAR04804	[np.float64(6.713308228060648e-05)]
MAR04808	[np.float64(6.713308228060648e-05)]
MAR04810	[np.float64(6.713308228060648e-05)]
MAR04812	[np.float64(6.713308228060648e-05)]
MAR04814	[3.818778067594408e-05]
MAR05301	[np.float64(6.713308228060648e-05)]
MAR05353	[np.float64(6.713308228060648e-05)]
MAR06601	[0.00906218291663845]
MAR06602	[2.9037379183842352e-05]
MAR06603	[2.9037379183842352e-05]
MAR06605	[8.4310167750605e-05]
MAR06606	[8.4310167750605e-05]
MAR06607	[8.4310167750605e-05]
MAR06609	[8.4310167750605e-05]
MAR06610	[8.4310167750605e-05]
MAR06611	[8.4310167750605e-05]
MAR07144	[np.float64(6.713308228060648e-05)]
MAR08755	[np.float64(6.713308228060648e-05)]
MAR09797	[8.4310167750605e-05]
MAR04016	[np.float64(6.713308228060648e-05)]
MAR04018	[np.float64(6.713308228060648e-05)]
MAR04044	[np.float64(6.713308228060648e-05)]
MAR04291	[np.float64(6.713308228060648e-05)]
MAR04420	[np.float64(6.713308228060648e-05)]
MAR04570	[np.float64(6.713308228060648e-05)]
MAR04572	[np.float64(6.713308228060648e-05)]
MAR04006	[np.float64(6.713308228060648e-05)]
MAR04028	[np.float64(6.713308228060648e-05)]
MAR04030	[np.float64(6.713308228060648e-05)]
MAR04670	[np.float64(6.713308228060648e-05)]
MAR04673	[np.float64(6.713308228060648e-05)]
MAR04675	[np.float64(6.713308228060648e-05)]
MAR06614	[np.float64(6.713308228060648e-05)]
MAR06615	[np.float64(6.713308228060648e-05)]
MAR06616	[np.float64(6.713308228060648e-05)]
MAR04635	[np.float64(6.713308228060648e-05)]
MAR03793	[0.00906218291663845]
MAR03931	[3.8660052292240714e-05]
MAR03969	[np.float64(6.713308228060648e-05)]
MAR03970	[np.float64(6.713308228060648e-05)]
MAR04008	[np.float64(6.713308228060648e-05)]
MAR04032	[np.float64(6.713308228060648e-05)]
MAR04034	[np.float64(6.713308228060648e-05)]
MAR04036	[np.float64(6.713308228060648e-05)]
MAR04050	[np.float64(6.713308228060648e-05)]
MAR04056	[np.float64(6.713308228060648e-05)]
MAR04059	[np.float64(6.713308228060648e-05)]
MAR04060	[np.float64(6.713308228060648e-05)]
MAR04127	[np.float64(6.713308228060648e-05)]
MAR04177	[np.float64(6.713308228060648e-05)]
MAR04179	[np.float64(6.713308228060648e-05)]
MAR04182	[np.float64(6.713308228060648e-05)]
MAR04183	[np.float64(6.713308228060648e-05)]
MAR04192	[np.float64(6.713308228060648e-05)]
MAR04194	[np.float64(6.713308228060648e-05)]
MAR04210	[2.9037379183842352e-05]
MAR04211	[3.7984325592705935e-05]
MAR04343	[np.float64(6.713308228060648e-05)]
MAR04345	[0.004676213942597657]
MAR04346	[np.float64(6.713308228060648e-05)]
MAR04470	[0.004676213942597657]
MAR04471	[0.004676213942597657]
MAR04472	[0.004676213942597657]
MAR04484	[np.float64(6.713308228060648e-05)]
MAR04485	[np.float64(6.713308228060648e-05)]
MAR04510	[np.float64(6.713308228060648e-05)]
MAR04512	[np.float64(6.713308228060648e-05)]
MAR04513	[np.float64(6.713308228060648e-05)]
MAR04514	[3.1248290823254343e-05]
MAR04577	[np.float64(6.713308228060648e-05)]
MAR04579	[4.5278250872079955e-05]
MAR04580	[3.1248290823254343e-05]
MAR04608	[np.float64(6.713308228060648e-05)]
MAR04575	[np.float64(6.713308228060648e-05)]
MAR04637	[np.float64(6.713308228060648e-05)]
MAR04642	[np.float64(6.713308228060648e-05)]
MAR04643	[3.7984325592705935e-05]
MAR04644	[np.float64(6.713308228060648e-05)]
MAR04672	[8.4310167750605e-05]
MAR04676	[np.float64(6.713308228060648e-05)]
MAR04736	[0.00906218291663845]
MAR04819	[0.00906218291663845]
MAR05299	[np.float64(6.713308228060648e-05)]
MAR05352	[np.float64(6.713308228060648e-05)]
MAR05415	[2.9037379183842352e-05]
MAR05416	[2.9037379183842352e-05]
MAR05417	[3.8660052292240714e-05]
MAR06612	[np.float64(6.713308228060648e-05)]
MAR06613	[np.float64(6.713308228060648e-05)]
MAR06621	[2.9037379183842352e-05]
MAR06622	[2.9037379183842352e-05]
MAR06623	[2.9738743158397182e-05]
MAR06624	[np.float64(6.713308228060648e-05)]
MAR06627	[2.9037379183842352e-05]
MAR07744	[np.float64(6.713308228060648e-05)]
MAR08072	[8.4310167750605e-05]
MAR08637	[8.4310167750605e-05]
MAR03965	[np.float64(6.713308228060648e-05)]
MAR03966	[3.7984325592705935e-05]
MAR03967	[np.float64(6.713308228060648e-05)]
MAR03968	[np.float64(6.713308228060648e-05)]
MAR03999	[np.float64(6.713308228060648e-05)]
MAR04024	[np.float64(6.713308228060648e-05)]
MAR04026	[0.004710908773887676]
MAR04054	[2.9738743158397182e-05]
MAR04061	[np.float64(6.713308228060648e-05)]
MAR04083	[np.float64(6.713308228060648e-05)]
MAR04136	[2.9037379183842352e-05]
MAR04180	[np.float64(6.713308228060648e-05)]
MAR04185	[np.float64(6.713308228060648e-05)]
MAR04186	[np.float64(6.713308228060648e-05)]
MAR04342	[np.float64(6.713308228060648e-05)]
MAR04344	[8.4310167750605e-05]
MAR04483	[np.float64(6.713308228060648e-05)]
MAR04507	[np.float64(6.713308228060648e-05)]
MAR04516	[3.1549287183577916e-05]
MAR04601	[np.float64(6.713308228060648e-05)]
MAR04633	[np.float64(6.713308228060648e-05)]
MAR04640	[np.float64(6.713308228060648e-05)]
MAR04641	[2.9738743158397182e-05]
MAR04680	[4.5278250872079955e-05]
MAR04806	[np.float64(6.713308228060648e-05)]
MAR05394	[8.4310167750605e-05]
MAR06625	[np.float64(6.713308228060648e-05)]
MAR06626	[np.float64(6.713308228060648e-05)]
MAR07160	[2.9037379183842352e-05]
MAR07161	[2.9723626296671168e-05]
MAR07162	[2.9723626296671168e-05]
MAR07163	[np.float64(6.713308228060648e-05)]
MAR07164	[np.float64(6.713308228060648e-05)]
MAR07713	[np.float64(6.713308228060648e-05)]
MAR07716	[np.float64(6.713308228060648e-05)]
MAR07717	[np.float64(6.713308228060648e-05)]
MAR07721	[np.float64(6.713308228060648e-05)]
MAR07725	[np.float64(6.713308228060648e-05)]
MAR07728	[np.float64(6.713308228060648e-05)]
MAR07800	[0.0086953325602442]
MAR07801	[np.float64(6.713308228060648e-05)]
MAR07802	[0.0086953325602442]
MAR07863	[np.float64(6.713308228060648e-05)]
MAR07864	[np.float64(6.713308228060648e-05)]
MAR07865	[np.float64(6.713308228060648e-05)]
MAR07866	[np.float64(6.713308228060648e-05)]
MAR07867	[np.float64(6.713308228060648e-05)]
MAR07868	[np.float64(6.713308228060648e-05)]
MAR07869	[np.float64(6.713308228060648e-05)]
MAR07870	[np.float64(6.713308228060648e-05)]
MAR07871	[np.float64(6.713308228060648e-05)]
MAR07872	[np.float64(6.713308228060648e-05)]
MAR07873	[np.float64(6.713308228060648e-05)]
MAR07874	[np.float64(6.713308228060648e-05)]
MAR07875	[0.004710908773887676]
MAR07876	[np.float64(6.713308228060648e-05)]
MAR07878	[np.float64(6.713308228060648e-05)]
MAR07879	[3.7984325592705935e-05]
MAR07880	[np.float64(6.713308228060648e-05)]
MAR07881	[np.float64(6.713308228060648e-05)]
MAR07882	[np.float64(6.713308228060648e-05)]
MAR07883	[np.float64(6.713308228060648e-05)]
MAR07884	[np.float64(6.713308228060648e-05)]
MAR07885	[np.float64(6.713308228060648e-05)]
MAR07886	[np.float64(6.713308228060648e-05)]
MAR07887	[np.float64(6.713308228060648e-05)]
MAR07888	[np.float64(6.713308228060648e-05)]
MAR07889	[np.float64(6.713308228060648e-05)]
MAR07890	[np.float64(6.713308228060648e-05)]
MAR07891	[np.float64(6.713308228060648e-05)]
MAR07892	[np.float64(6.713308228060648e-05)]
MAR07893	[np.float64(6.713308228060648e-05)]
MAR07894	[np.float64(6.713308228060648e-05)]
MAR07895	[np.float64(6.713308228060648e-05)]
MAR08083	[np.float64(6.713308228060648e-05)]
MAR08085	[np.float64(6.713308228060648e-05)]
MAR08087	[np.float64(6.713308228060648e-05)]
MAR08443	[np.float64(6.713308228060648e-05)]
MAR08444	[np.float64(6.713308228060648e-05)]
MAR08445	[np.float64(6.713308228060648e-05)]
MAR08446	[0.00906218291663845]
MAR08448	[np.float64(6.713308228060648e-05)]
MAR08449	[np.float64(6.713308228060648e-05)]
MAR08450	[np.float64(6.713308228060648e-05)]
MAR08451	[np.float64(6.713308228060648e-05)]
MAR08452	[np.float64(6.713308228060648e-05)]
MAR08453	[np.float64(6.713308228060648e-05)]
MAR08454	[np.float64(6.713308228060648e-05)]
MAR08455	[np.float64(6.713308228060648e-05)]
MAR08456	[np.float64(6.713308228060648e-05)]
MAR08457	[np.float64(6.713308228060648e-05)]
MAR08458	[np.float64(6.713308228060648e-05)]
MAR08459	[np.float64(6.713308228060648e-05)]
MAR08460	[np.float64(6.713308228060648e-05)]
MAR08461	[0.0086953325602442]
MAR08462	[np.float64(6.713308228060648e-05)]
MAR08463	[np.float64(6.713308228060648e-05)]
MAR08464	[np.float64(6.713308228060648e-05)]
MAR08465	[np.float64(6.713308228060648e-05)]
MAR08466	[np.float64(6.713308228060648e-05)]
MAR08467	[np.float64(6.713308228060648e-05)]
MAR08468	[np.float64(6.713308228060648e-05)]
MAR08469	[np.float64(6.713308228060648e-05)]
MAR08470	[np.float64(6.713308228060648e-05)]
MAR08471	[np.float64(6.713308228060648e-05)]
MAR08472	[np.float64(6.713308228060648e-05)]
MAR08473	[np.float64(6.713308228060648e-05)]
MAR08474	[np.float64(6.713308228060648e-05)]
MAR08477	[np.float64(6.713308228060648e-05)]
MAR08478	[np.float64(6.713308228060648e-05)]
MAR08479	[np.float64(6.713308228060648e-05)]
MAR08480	[0.00906218291663845]
MAR08481	[8.4310167750605e-05]
MAR08482	[np.float64(6.713308228060648e-05)]
MAR08483	[np.float64(6.713308228060648e-05)]
MAR08484	[8.4310167750605e-05]
MAR08485	[np.float64(6.713308228060648e-05)]
MAR08486	[3.52390203130258e-05]
MAR08487	[np.float64(6.713308228060648e-05)]
MAR08488	[3.7984325592705935e-05]
MAR08489	[3.7984325592705935e-05]
MAR08493	[np.float64(6.713308228060648e-05)]
MAR08494	[np.float64(6.713308228060648e-05)]
MAR08495	[np.float64(6.713308228060648e-05)]
MAR03802	[2.995045955520258e-05]
MAR03804	[2.995045955520258e-05]
MAR03811	[np.float64(6.713308228060648e-05)]
MAR03813	[np.float64(6.713308228060648e-05)]
MAR03822	[np.float64(6.713308228060648e-05)]
MAR03827	[3.092916008544024e-05]
MAR03829	[np.float64(6.713308228060648e-05)]
MAR03862	[0.005524288346307094]
MAR03865	[3.092916008544024e-05]
MAR03870	[np.float64(6.713308228060648e-05)]
MAR03873	[0.007346789452025403]
MAR08654	[0.007346789452025403]
MAR03890	[np.float64(6.713308228060648e-05)]
MAR03892	[np.float64(6.713308228060648e-05)]
MAR09802	[0.0055600173574716395]
MAR03899	[np.float64(6.713308228060648e-05)]
MAR03903	[0.004176838530359184]
MAR04109	[np.float64(6.713308228060648e-05)]
MAR04114	[np.float64(6.713308228060648e-05)]
MAR04115	[np.float64(6.713308228060648e-05)]
MAR04118	[np.float64(6.713308228060648e-05)]
MAR04172	[0.005524288346307094]
MAR04196	[np.float64(6.713308228060648e-05)]
MAR04197	[np.float64(6.713308228060648e-05)]
MAR04287	[2.9037379183842352e-05]
MAR04690	[np.float64(6.713308228060648e-05)]
MAR04693	[8.4310167750605e-05]
MAR06780	[3.092916008544024e-05]
MAR06968	[np.float64(6.713308228060648e-05)]
MAR06969	[0.00906218291663845]
MAR06970	[np.float64(6.713308228060648e-05)]
MAR06971	[3.8660052292240714e-05]
MAR06972	[3.8660052292240714e-05]
MAR07641	[0.005524288346307094]
MAR07642	[8.4310167750605e-05]
MAR08626	[0.006851265170606231]
MAR08628	[0.00906218291663845]
MAR03806	[np.float64(6.713308228060648e-05)]
MAR03807	[2.9037379183842352e-05]
MAR03809	[0.00906218291663845]
MAR03816	[0.005489941701390298]
MAR03819	[np.float64(6.713308228060648e-05)]
MAR03820	[np.float64(6.713308228060648e-05)]
MAR03832	[8.4310167750605e-05]
MAR03833	[np.float64(6.713308228060648e-05)]
MAR03835	[np.float64(6.713308228060648e-05)]
MAR03837	[np.float64(6.713308228060648e-05)]
MAR03895	[np.float64(6.713308228060648e-05)]
MAR03897	[np.float64(6.713308228060648e-05)]
MAR03956	[np.float64(6.713308228060648e-05)]
MAR03993	[np.float64(6.713308228060648e-05)]
MAR04073	[np.float64(6.713308228060648e-05)]
MAR04075	[2.9037379183842352e-05]
MAR04077	[2.9037379183842352e-05]
MAR04190	[np.float64(6.713308228060648e-05)]
MAR04191	[8.276259811459243e-05]
MAR04212	[5.108917658270245e-05]
MAR04422	[5.108917658270245e-05]
MAR04423	[np.float64(6.713308228060648e-05)]
MAR04424	[0.0059643768572906234]
MAR04583	[np.float64(6.713308228060648e-05)]
MAR04605	[np.float64(6.713308228060648e-05)]
MAR04606	[0.004710908773887676]
MAR04607	[np.float64(6.713308228060648e-05)]
MAR04776	[np.float64(6.713308228060648e-05)]
MAR04777	[np.float64(6.713308228060648e-05)]
MAR04778	[np.float64(6.713308228060648e-05)]
MAR04779	[np.float64(6.713308228060648e-05)]
MAR04780	[np.float64(6.713308228060648e-05)]
MAR04781	[np.float64(6.713308228060648e-05)]
MAR04784	[np.float64(6.713308228060648e-05)]
MAR04785	[np.float64(6.713308228060648e-05)]
MAR04786	[3.092916008544024e-05]
MAR04787	[0.0055600173574716395]
MAR05384	[np.float64(6.713308228060648e-05)]
MAR06929	[2.9037379183842352e-05]
MAR06930	[2.9037379183842352e-05]
MAR06931	[np.float64(6.713308228060648e-05)]
MAR06932	[np.float64(6.713308228060648e-05)]
MAR06933	[np.float64(6.713308228060648e-05)]
MAR06934	[np.float64(6.713308228060648e-05)]
MAR06935	[np.float64(6.713308228060648e-05)]
MAR06936	[np.float64(6.713308228060648e-05)]
MAR06938	[2.9037379183842352e-05]
MAR06939	[2.9037379183842352e-05]
MAR06940	[8.4310167750605e-05]
MAR06941	[np.float64(6.713308228060648e-05)]
MAR06942	[np.float64(6.713308228060648e-05)]
MAR06943	[np.float64(6.713308228060648e-05)]
MAR06944	[np.float64(6.713308228060648e-05)]
MAR06945	[np.float64(6.713308228060648e-05)]
MAR06946	[np.float64(6.713308228060648e-05)]
MAR06947	[np.float64(6.713308228060648e-05)]
MAR06948	[np.float64(6.713308228060648e-05)]
MAR06949	[np.float64(6.713308228060648e-05)]
MAR06950	[np.float64(6.713308228060648e-05)]
MAR06951	[np.float64(6.713308228060648e-05)]
MAR06952	[np.float64(6.713308228060648e-05)]
MAR06953	[np.float64(6.713308228060648e-05)]
MAR06954	[np.float64(6.713308228060648e-05)]
MAR06955	[8.4310167750605e-05]
MAR06956	[8.4310167750605e-05]
MAR06957	[8.4310167750605e-05]
MAR06958	[3.7984325592705935e-05]
MAR06959	[3.7984325592705935e-05]
MAR06960	[8.4310167750605e-05]
MAR06961	[3.7984325592705935e-05]
MAR06962	[3.7984325592705935e-05]
MAR06963	[3.7984325592705935e-05]
MAR06964	[3.7984325592705935e-05]
MAR06965	[np.float64(6.713308228060648e-05)]
MAR06966	[np.float64(6.713308228060648e-05)]
MAR06967	[np.float64(6.713308228060648e-05)]
MAR06973	[np.float64(6.713308228060648e-05)]
MAR08096	[np.float64(6.713308228060648e-05)]
MAR08097	[np.float64(6.713308228060648e-05)]
MAR08098	[3.092916008544024e-05]
MAR08416	[np.float64(6.713308228060648e-05)]
MAR08425	[0.004648802588729832]
MAR08426	[np.float64(6.713308228060648e-05)]
MAR08427	[np.float64(6.713308228060648e-05)]
MAR08431	[8.4310167750605e-05]
MAR08432	[0.00906218291663845]
MAR08603	[2.9037379183842352e-05]
MAR08604	[np.float64(6.713308228060648e-05)]
MAR08605	[np.float64(6.713308228060648e-05)]
MAR08606	[np.float64(6.713308228060648e-05)]
MAR08607	[8.4310167750605e-05]
MAR08608	[0.00906218291663845]
MAR08609	[np.float64(6.713308228060648e-05)]
MAR08610	[0.00906218291663845]
MAR08611	[0.006287108860154966]
MAR04285	[0.00906218291663845]
MAR00457	[np.float64(6.713308228060648e-05)]
MAR00460	[np.float64(6.713308228060648e-05)]
MAR03750	[0.006287108860154966]
MAR03752	[np.float64(6.713308228060648e-05)]
MAR03770	[np.float64(6.713308228060648e-05)]
MAR03771	[0.006287108860154966]
MAR03772	[0.006287108860154966]
MAR03782	[0.006287108860154966]
MAR03784	[np.float64(6.713308228060648e-05)]
MAR03794	[np.float64(6.713308228060648e-05)]
MAR03839	[np.float64(6.713308228060648e-05)]
MAR03841	[2.9037379183842352e-05]
MAR03843	[np.float64(6.713308228060648e-05)]
MAR03845	[np.float64(6.713308228060648e-05)]
MAR03847	[np.float64(6.713308228060648e-05)]
MAR03849	[0.006851265170606231]
MAR03852	[8.276259811459243e-05]
MAR03856	[np.float64(6.713308228060648e-05)]
MAR03860	[8.4310167750605e-05]
MAR03883	[np.float64(6.713308228060648e-05)]
MAR03901	[np.float64(6.713308228060648e-05)]
MAR03939	[np.float64(6.713308228060648e-05)]
MAR03974	[np.float64(6.713308228060648e-05)]
MAR04198	[0.006935796717097496]
MAR04199	[0.004648802588729832]
MAR04200	[np.float64(6.713308228060648e-05)]
MAR04284	[8.4310167750605e-05]
MAR04348	[np.float64(6.713308228060648e-05)]
MAR04466	[0.00906218291663845]
MAR04467	[0.006935796717097496]
MAR04582	[0.004214386547489437]
MAR04584	[np.float64(6.713308228060648e-05)]
MAR04696	[0.00906218291663845]
MAR04697	[np.float64(6.713308228060648e-05)]
MAR04698	[np.float64(6.713308228060648e-05)]
MAR04699	[0.00906218291663845]
MAR04700	[np.float64(6.713308228060648e-05)]
MAR04742	[np.float64(6.713308228060648e-05)]
MAR04788	[0.006935796717097496]
MAR04789	[0.00906218291663845]
MAR04791	[0.006935796717097496]
MAR04792	[3.818778067594408e-05]
MAR04937	[np.float64(6.713308228060648e-05)]
MAR05392	[np.float64(6.713308228060648e-05)]
MAR05393	[np.float64(6.713308228060648e-05)]
MAR06409	[np.float64(6.713308228060648e-05)]
MAR07702	[np.float64(6.713308228060648e-05)]
MAR07703	[0.00906218291663845]
MAR08433	[np.float64(6.713308228060648e-05)]
MAR08434	[np.float64(6.713308228060648e-05)]
MAR08439	[0.0059643768572906234]
MAR08440	[np.float64(6.713308228060648e-05)]
MAR08441	[0.00906218291663845]
MAR08442	[8.4310167750605e-05]
MAR09718	[8.4310167750605e-05]
MAR09486	[np.float64(6.713308228060648e-05)]
MAR04426	[3.7984325592705935e-05]
MAR04428	[0.006935796717097496]
MAR04429	[0.006935796717097496]
MAR04430	[np.float64(6.713308228060648e-05)]
MAR04431	[np.float64(6.713308228060648e-05)]
MAR04437	[0.0059643768572906234]
MAR04658	[0.006287108860154966]
MAR04660	[8.4310167750605e-05]
MAR04712	[0.00906218291663845]
MAR05336	[np.float64(6.713308228060648e-05)]
MAR05337	[np.float64(6.713308228060648e-05)]
MAR05338	[3.1549287183577916e-05]
MAR05339	[np.float64(6.713308228060648e-05)]
MAR05340	[np.float64(6.713308228060648e-05)]
MAR08783	[np.float64(6.713308228060648e-05)]
MAR08784	[np.float64(6.713308228060648e-05)]
MAR08786	[np.float64(6.713308228060648e-05)]
MAR04241	[np.float64(6.713308228060648e-05)]
MAR04288	[0.004214386547489437]
MAR04596	[np.float64(6.713308228060648e-05)]
MAR04597	[np.float64(6.713308228060648e-05)]
MAR04599	[4.1766982863012684e-05]
MAR04667	[np.float64(6.713308228060648e-05)]
MAR04668	[0.004214386547489437]
MAR04737	[np.float64(6.713308228060648e-05)]
MAR04739	[np.float64(6.713308228060648e-05)]
MAR04740	[8.4310167750605e-05]
MAR06415	[4.1766982863012684e-05]
MAR06974	[8.4310167750605e-05]
MAR06975	[np.float64(6.713308228060648e-05)]
MAR06976	[np.float64(6.713308228060648e-05)]
MAR06977	[np.float64(6.713308228060648e-05)]
MAR06978	[np.float64(6.713308228060648e-05)]
MAR06979	[np.float64(6.713308228060648e-05)]
MAR06980	[3.818778067594408e-05]
MAR06981	[np.float64(6.713308228060648e-05)]
MAR06982	[0.00906218291663845]
MAR06983	[np.float64(6.713308228060648e-05)]
MAR06984	[3.8660052292240714e-05]
MAR06985	[np.float64(6.713308228060648e-05)]
MAR08017	[8.4310167750605e-05]
MAR08018	[8.4310167750605e-05]
MAR08019	[8.4310167750605e-05]
MAR08021	[0.006851265170606231]
MAR08025	[np.float64(6.713308228060648e-05)]
MAR08026	[np.float64(6.713308228060648e-05)]
MAR08027	[np.float64(6.713308228060648e-05)]
MAR08029	[np.float64(6.713308228060648e-05)]
MAR03164	[2.9037379183842352e-05]
MAR03166	[2.9989555505679623e-05]
MAR03885	[np.float64(6.713308228060648e-05)]
MAR04250	[8.4310167750605e-05]
MAR08091	[0.008086508948238352]
MAR08092	[np.float64(6.713308228060648e-05)]
MAR08563	[np.float64(6.713308228060648e-05)]
MAR08566	[np.float64(6.713308228060648e-05)]
MAR03935	[np.float64(6.713308228060648e-05)]
MAR04681	[0.008086508948238352]
MAR04682	[np.float64(6.713308228060648e-05)]
MAR04683	[np.float64(6.713308228060648e-05)]
MAR04685	[np.float64(6.713308228060648e-05)]
MAR04686	[np.float64(6.713308228060648e-05)]
MAR04687	[np.float64(6.713308228060648e-05)]
MAR04702	[8.4310167750605e-05]
MAR04703	[np.float64(6.713308228060648e-05)]
MAR04704	[np.float64(6.713308228060648e-05)]
MAR06988	[0.006935796717097496]
MAR07689	[0.004648802588729832]
MAR07701	[np.float64(6.713308228060648e-05)]
MAR08094	[0.004648802588729832]
MAR08529	[np.float64(6.713308228060648e-05)]
MAR08530	[np.float64(6.713308228060648e-05)]
MAR08533	[0.00906218291663845]
MAR08534	[0.004648802588729832]
MAR08535	[0.004648802588729832]
MAR08537	[0.0086953325602442]
MAR08541	[0.00906218291663845]
MAR08542	[0.00906218291663845]
MAR08543	[0.006935796717097496]
MAR08544	[0.006935796717097496]
MAR08630	[0.00906218291663845]
MAR08540	[8.4310167750605e-05]
MAR03206	[np.float64(6.713308228060648e-05)]
MAR03208	[np.float64(6.713308228060648e-05)]
MAR03213	[np.float64(6.713308228060648e-05)]
MAR03215	[np.float64(6.713308228060648e-05)]
MAR03747	[np.float64(6.713308228060648e-05)]
MAR03744	[np.float64(6.713308228060648e-05)]
MAR03757	[2.9989555505679623e-05]
MAR03761	[0.004214386547489437]
MAR03777	[np.float64(6.713308228060648e-05)]
MAR03778	[np.float64(6.713308228060648e-05)]
MAR03795	[0.004214386547489437]
MAR04797	[np.float64(6.713308228060648e-05)]
MAR06417	[np.float64(6.713308228060648e-05)]
MAR06419	[np.float64(6.713308228060648e-05)]
MAR06420	[np.float64(6.713308228060648e-05)]
MAR06421	[np.float64(6.713308228060648e-05)]
MAR06422	[np.float64(6.713308228060648e-05)]
MAR06923	[np.float64(6.713308228060648e-05)]
MAR03765	[np.float64(6.713308228060648e-05)]
MAR06924	[np.float64(6.713308228060648e-05)]
MAR06925	[np.float64(6.713308228060648e-05)]
MAR06926	[np.float64(6.713308228060648e-05)]
MAR06927	[np.float64(6.713308228060648e-05)]
MAR08088	[8.4310167750605e-05]
MAR08787	[np.float64(6.713308228060648e-05)]
MAR03743	[0.006287108860154966]
MAR04214	[0.006287108860154966]
MAR04216	[np.float64(6.713308228060648e-05)]
MAR04218	[0.00906218291663845]
MAR04219	[np.float64(6.713308228060648e-05)]
MAR04220	[0.0059643768572906234]
MAR04222	[np.float64(6.713308228060648e-05)]
MAR04224	[0.00906218291663845]
MAR04225	[0.00906218291663845]
MAR04227	[np.float64(6.713308228060648e-05)]
MAR04231	[0.007610041142847916]
MAR04232	[8.4310167750605e-05]
MAR04233	[8.4310167750605e-05]
MAR04235	[8.4310167750605e-05]
MAR04243	[np.float64(6.713308228060648e-05)]
MAR04244	[np.float64(6.713308228060648e-05)]
MAR04245	[8.4310167750605e-05]
MAR04246	[np.float64(6.713308228060648e-05)]
MAR04248	[8.4310167750605e-05]
MAR06707	[0.008086508948238352]
MAR06708	[8.4310167750605e-05]
MAR06709	[8.4310167750605e-05]
MAR06711	[0.00906218291663845]
MAR06712	[8.4310167750605e-05]
MAR06713	[np.float64(6.713308228060648e-05)]
MAR06714	[np.float64(6.713308228060648e-05)]
MAR06715	[np.float64(6.713308228060648e-05)]
MAR06716	[0.006287108860154966]
MAR06717	[np.float64(6.713308228060648e-05)]
MAR06718	[0.008086508948238352]
MAR06719	[np.float64(6.713308228060648e-05)]
MAR06720	[8.4310167750605e-05]
MAR06721	[8.4310167750605e-05]
MAR06722	[0.00906218291663845]
MAR06723	[2.9037379183842352e-05]
MAR06725	[3.092916008544024e-05]
MAR06726	[0.004710908773887676]
MAR06727	[np.float64(6.713308228060648e-05)]
MAR06728	[0.0086953325602442]
MAR06729	[0.00906218291663845]
MAR06730	[np.float64(6.713308228060648e-05)]
MAR06731	[0.008086508948238352]
MAR06734	[8.4310167750605e-05]
MAR06735	[np.float64(6.713308228060648e-05)]
MAR06736	[np.float64(6.713308228060648e-05)]
MAR06738	[8.4310167750605e-05]
MAR06739	[np.float64(6.713308228060648e-05)]
MAR06740	[0.008086508948238352]
MAR06741	[0.00906218291663845]
MAR06742	[8.4310167750605e-05]
MAR06743	[0.005732440794601939]
MAR06744	[8.4310167750605e-05]
MAR06745	[np.float64(6.713308228060648e-05)]
MAR06746	[np.float64(6.713308228060648e-05)]
MAR06747	[np.float64(6.713308228060648e-05)]
MAR06748	[np.float64(6.713308228060648e-05)]
MAR06749	[np.float64(6.713308228060648e-05)]
MAR06750	[np.float64(6.713308228060648e-05)]
MAR06751	[np.float64(6.713308228060648e-05)]
MAR06752	[np.float64(6.713308228060648e-05)]
MAR06753	[np.float64(6.713308228060648e-05)]
MAR06754	[np.float64(6.713308228060648e-05)]
MAR06755	[np.float64(6.713308228060648e-05)]
MAR06756	[np.float64(6.713308228060648e-05)]
MAR06757	[np.float64(6.713308228060648e-05)]
MAR06758	[np.float64(6.713308228060648e-05)]
MAR06759	[8.4310167750605e-05]
MAR06760	[np.float64(6.713308228060648e-05)]
MAR06761	[np.float64(6.713308228060648e-05)]
MAR06762	[np.float64(6.713308228060648e-05)]
MAR06763	[np.float64(6.713308228060648e-05)]
MAR06764	[np.float64(6.713308228060648e-05)]
MAR06765	[8.4310167750605e-05]
MAR06766	[np.float64(6.713308228060648e-05)]
MAR06767	[np.float64(6.713308228060648e-05)]
MAR06768	[3.092916008544024e-05]
MAR06770	[0.005489941701390298]
MAR06771	[np.float64(6.713308228060648e-05)]
MAR06772	[0.004710908773887676]
MAR06774	[0.007904614381639004]
MAR06776	[np.float64(6.713308228060648e-05)]
MAR06778	[np.float64(6.713308228060648e-05)]
MAR06782	[8.4310167750605e-05]
MAR06783	[8.4310167750605e-05]
MAR06784	[8.4310167750605e-05]
MAR06785	[8.4310167750605e-05]
MAR06786	[8.4310167750605e-05]
MAR06787	[0.008086508948238352]
MAR06788	[np.float64(6.713308228060648e-05)]
MAR06789	[np.float64(6.713308228060648e-05)]
MAR06790	[np.float64(6.713308228060648e-05)]
MAR06791	[np.float64(6.713308228060648e-05)]
MAR06792	[8.4310167750605e-05]
MAR06798	[np.float64(6.713308228060648e-05)]
MAR06799	[np.float64(6.713308228060648e-05)]
MAR06800	[np.float64(6.713308228060648e-05)]
MAR06801	[np.float64(6.713308228060648e-05)]
MAR06802	[8.4310167750605e-05]
MAR06803	[0.00906218291663845]
MAR06806	[8.4310167750605e-05]
MAR06807	[8.4310167750605e-05]
MAR06808	[2.9037379183842352e-05]
MAR06811	[2.9037379183842352e-05]
MAR06813	[2.9037379183842352e-05]
MAR06814	[np.float64(6.713308228060648e-05)]
MAR06815	[2.9037379183842352e-05]
MAR06817	[np.float64(6.713308228060648e-05)]
MAR06818	[8.4310167750605e-05]
MAR06819	[np.float64(6.713308228060648e-05)]
MAR06820	[2.9037379183842352e-05]
MAR06822	[8.4310167750605e-05]
MAR06823	[np.float64(6.713308228060648e-05)]
MAR06824	[2.9037379183842352e-05]
MAR06826	[0.005489941701390298]
MAR06827	[0.005489941701390298]
MAR06828	[np.float64(6.713308228060648e-05)]
MAR06829	[np.float64(6.713308228060648e-05)]
MAR06830	[np.float64(6.713308228060648e-05)]
MAR06831	[0.004648802588729832]
MAR06834	[0.005489941701390298]
MAR06835	[0.005489941701390298]
MAR06836	[np.float64(6.713308228060648e-05)]
MAR06837	[np.float64(6.713308228060648e-05)]
MAR06838	[0.00906218291663845]
MAR06839	[0.004648802588729832]
MAR06840	[0.005489941701390298]
MAR06841	[0.005489941701390298]
MAR06842	[np.float64(6.713308228060648e-05)]
MAR06843	[np.float64(6.713308228060648e-05)]
MAR06844	[0.00906218291663845]
MAR06845	[0.004648802588729832]
MAR06848	[0.005489941701390298]
MAR06849	[0.005489941701390298]
MAR06850	[0.00906218291663845]
MAR06851	[0.004648802588729832]
MAR06854	[0.005489941701390298]
MAR06855	[0.005489941701390298]
MAR06874	[0.00906218291663845]
MAR06875	[8.4310167750605e-05]
MAR06876	[8.4310167750605e-05]
MAR06877	[8.4310167750605e-05]
MAR06878	[8.4310167750605e-05]
MAR06879	[8.4310167750605e-05]
MAR06880	[8.4310167750605e-05]
MAR06881	[8.4310167750605e-05]
MAR06882	[8.4310167750605e-05]
MAR06883	[2.9037379183842352e-05]
MAR06885	[np.float64(6.713308228060648e-05)]
MAR06886	[2.9037379183842352e-05]
MAR06888	[0.00906218291663845]
MAR06889	[0.00906218291663845]
MAR07628	[2.9037379183842352e-05]
MAR07756	[0.006907934860084768]
MAR08539	[0.00906218291663845]
MAR08794	[8.4310167750605e-05]
MAR08795	[8.4310167750605e-05]
MAR08796	[0.006287108860154966]
MAR03875	[3.0160616702511973e-05]
MAR03877	[2.9037379183842352e-05]
MAR03879	[0.005489941701390298]
MAR03881	[np.float64(6.713308228060648e-05)]
MAR03912	[3.092916008544024e-05]
MAR03917	[np.float64(6.713308228060648e-05)]
MAR03919	[0.004648802588729832]
MAR03920	[np.float64(6.713308228060648e-05)]
MAR03922	[np.float64(6.713308228060648e-05)]
MAR03928	[np.float64(6.713308228060648e-05)]
MAR03995	[3.8660052292240714e-05]
MAR03996	[8.4310167750605e-05]
MAR04072	[np.float64(6.713308228060648e-05)]
MAR04189	[np.float64(6.713308228060648e-05)]
MAR04302	[np.float64(6.713308228060648e-05)]
MAR04323	[0.005489941701390298]
MAR05381	[0.004648802588729832]
MAR05385	[np.float64(6.713308228060648e-05)]
MAR05386	[np.float64(6.713308228060648e-05)]
MAR05387	[np.float64(6.713308228060648e-05)]
MAR05388	[np.float64(6.713308228060648e-05)]
MAR05389	[np.float64(6.713308228060648e-05)]
MAR05390	[0.005489941701390298]
MAR05391	[0.00906218291663845]
MAR05418	[np.float64(6.713308228060648e-05)]
MAR05419	[np.float64(6.713308228060648e-05)]
MAR06515	[np.float64(6.713308228060648e-05)]
MAR06518	[np.float64(6.713308228060648e-05)]
MAR06519	[np.float64(6.713308228060648e-05)]
MAR06520	[np.float64(6.713308228060648e-05)]
MAR06523	[0.0059643768572906234]
MAR08062	[0.004648802588729832]
MAR08066	[3.092916008544024e-05]
MAR08067	[3.092916008544024e-05]
MAR08068	[np.float64(6.713308228060648e-05)]
MAR08069	[2.995045955520258e-05]
MAR08641	[np.float64(6.713308228060648e-05)]
MAR08682	[8.4310167750605e-05]
MAR08683	[np.float64(6.713308228060648e-05)]
MAR08684	[3.092916008544024e-05]
MAR08685	[8.4310167750605e-05]
MAR03868	[np.float64(6.713308228060648e-05)]
MAR03869	[np.float64(6.713308228060648e-05)]
MAR03889	[np.float64(6.713308228060648e-05)]
MAR03933	[np.float64(6.713308228060648e-05)]
MAR03937	[np.float64(6.713308228060648e-05)]
MAR04116	[2.9037379183842352e-05]
MAR04120	[2.9037379183842352e-05]
MAR04121	[2.9037379183842352e-05]
MAR04175	[np.float64(6.713308228060648e-05)]
MAR04176	[np.float64(6.713308228060648e-05)]
MAR04324	[np.float64(6.713308228060648e-05)]
MAR04326	[np.float64(6.713308228060648e-05)]
MAR04328	[np.float64(6.713308228060648e-05)]
MAR04329	[np.float64(6.713308228060648e-05)]
MAR04708	[3.8660052292240714e-05]
MAR08769	[np.float64(6.713308228060648e-05)]
MAR08770	[3.8660052292240714e-05]
MAR08771	[np.float64(6.713308228060648e-05)]
MAR04078	[3.7984325592705935e-05]
MAR04079	[np.float64(6.713308228060648e-05)]
MAR04174	[np.float64(6.713308228060648e-05)]
MAR04330	[8.4310167750605e-05]
MAR04347	[0.00906218291663845]
MAR04425	[0.004710908773887676]
MAR04427	[np.float64(6.713308228060648e-05)]
MAR04688	[np.float64(6.713308228060648e-05)]
MAR04689	[np.float64(6.713308228060648e-05)]
MAR04735	[2.9037379183842352e-05]
MAR07991	[8.4310167750605e-05]
MAR07992	[np.float64(6.713308228060648e-05)]
MAR07993	[np.float64(6.713308228060648e-05)]
MAR07128	[np.float64(6.713308228060648e-05)]
MAR07129	[np.float64(6.713308228060648e-05)]
MAR07130	[8.4310167750605e-05]
MAR07131	[3.8660052292240714e-05]
MAR07132	[6.663761141462202e-05]
MAR07133	[0.004214386547489437]
MAR07134	[np.float64(6.713308228060648e-05)]
MAR07135	[0.005489941701390298]
MAR07136	[2.9037379183842352e-05]
MAR07137	[np.float64(6.713308228060648e-05)]
MAR07138	[0.004648802588729832]
MAR07139	[3.0160616702511973e-05]
MAR07140	[8.4310167750605e-05]
MAR07141	[0.004214386547489437]
MAR07620	[np.float64(6.713308228060648e-05)]
MAR07647	[0.00906218291663845]
MAR08640	[np.float64(6.713308228060648e-05)]
MAR08689	[0.00906218291663845]
MAR08690	[0.00906218291663845]
MAR03753	[2.9037379183842352e-05]
MAR03755	[np.float64(6.713308228060648e-05)]
MAR03759	[np.float64(6.713308228060648e-05)]
MAR03763	[0.004214386547489437]
MAR03773	[np.float64(6.713308228060648e-05)]
MAR03775	[np.float64(6.713308228060648e-05)]
MAR03785	[2.9037379183842352e-05]
MAR03790	[np.float64(6.713308228060648e-05)]
MAR03792	[8.4310167750605e-05]
MAR03796	[np.float64(6.713308228060648e-05)]
MAR03823	[2.9989555505679623e-05]
MAR06416	[np.float64(6.713308228060648e-05)]
MAR03986	[0.00906218291663845]
MAR03988	[np.float64(6.713308228060648e-05)]
MAR04124	[np.float64(6.713308228060648e-05)]
MAR04158	[np.float64(6.713308228060648e-05)]
MAR04159	[np.float64(6.713308228060648e-05)]
MAR04299	[3.1248290823254343e-05]
MAR04300	[np.float64(6.713308228060648e-05)]
MAR04494	[np.float64(6.713308228060648e-05)]
MAR04524	[np.float64(6.713308228060648e-05)]
MAR04525	[np.float64(6.713308228060648e-05)]
MAR04526	[np.float64(6.713308228060648e-05)]
MAR04527	[0.0055600173574716395]
MAR04528	[np.float64(6.713308228060648e-05)]
MAR04529	[np.float64(6.713308228060648e-05)]
MAR04530	[np.float64(6.713308228060648e-05)]
MAR04531	[8.4310167750605e-05]
MAR04532	[np.float64(6.713308228060648e-05)]
MAR04533	[8.4310167750605e-05]
MAR04534	[8.4310167750605e-05]
MAR04536	[np.float64(6.713308228060648e-05)]
MAR04628	[np.float64(6.713308228060648e-05)]
MAR04629	[np.float64(6.713308228060648e-05)]
MAR04631	[np.float64(6.713308228060648e-05)]
MAR07696	[8.4310167750605e-05]
MAR07697	[np.float64(6.713308228060648e-05)]
MAR07698	[np.float64(6.713308228060648e-05)]
MAR08366	[8.4310167750605e-05]
MAR08367	[8.4310167750605e-05]
MAR08368	[8.4310167750605e-05]
MAR08371	[np.float64(6.713308228060648e-05)]
MAR08372	[8.4310167750605e-05]
MAR08373	[np.float64(6.713308228060648e-05)]
MAR08375	[0.0043702273628809275]
MAR08376	[0.00906218291663845]
MAR08377	[np.float64(6.713308228060648e-05)]
MAR08672	[np.float64(6.713308228060648e-05)]
MAR08674	[8.4310167750605e-05]
MAR08675	[8.4310167750605e-05]
MAR05130	[np.float64(6.713308228060648e-05)]
MAR05131	[2.9723626296671168e-05]
MAR05132	[3.818778067594408e-05]
MAR05133	[2.9037379183842352e-05]
MAR05134	[np.float64(6.713308228060648e-05)]
MAR05135	[np.float64(6.713308228060648e-05)]
MAR05136	[np.float64(6.713308228060648e-05)]
MAR05137	[3.52390203130258e-05]
MAR05138	[3.124917496601491e-05]
MAR05139	[np.float64(6.713308228060648e-05)]
MAR05140	[3.1248290823254343e-05]
MAR05141	[np.float64(6.713308228060648e-05)]
MAR05142	[2.9037379183842352e-05]
MAR05143	[np.float64(6.713308228060648e-05)]
MAR05144	[np.float64(6.713308228060648e-05)]
MAR05145	[2.9738743158397182e-05]
MAR05146	[3.52390203130258e-05]
MAR05147	[3.476265980622146e-05]
MAR05148	[3.818778067594408e-05]
MAR05149	[np.float64(6.713308228060648e-05)]
MAR05150	[np.float64(6.713308228060648e-05)]
MAR07171	[np.float64(6.713308228060648e-05)]
MAR07172	[np.float64(6.713308228060648e-05)]
MAR07174	[0.00906218291663845]
MAR07175	[0.005524288346307094]
MAR07180	[np.float64(6.713308228060648e-05)]
MAR07181	[np.float64(6.713308228060648e-05)]
MAR07183	[np.float64(6.713308228060648e-05)]
MAR07197	[8.4310167750605e-05]
MAR07436	[np.float64(6.713308228060648e-05)]
MAR07438	[np.float64(6.713308228060648e-05)]
MAR07440	[np.float64(6.713308228060648e-05)]
MAR08254	[0.00906218291663845]
MAR08255	[0.00906218291663845]
MAR08256	[8.4310167750605e-05]
MAR08257	[np.float64(6.713308228060648e-05)]
MAR08258	[8.4310167750605e-05]
MAR08260	[8.4310167750605e-05]
MAR08261	[8.4310167750605e-05]
MAR01532	[np.float64(6.713308228060648e-05)]
MAR07254	[np.float64(6.713308228060648e-05)]
MAR07256	[np.float64(6.713308228060648e-05)]
MAR07258	[8.4310167750605e-05]
MAR07259	[8.4310167750605e-05]
MAR07260	[8.4310167750605e-05]
MAR07261	[np.float64(6.713308228060648e-05)]
MAR07263	[3.8660052292240714e-05]
MAR07264	[np.float64(6.713308228060648e-05)]
MAR07265	[np.float64(6.713308228060648e-05)]
MAR07266	[np.float64(6.713308228060648e-05)]
MAR07267	[5.108917658270245e-05]
MAR07268	[5.108917658270245e-05]
MAR07269	[np.float64(6.713308228060648e-05)]
MAR07270	[np.float64(6.713308228060648e-05)]
MAR07271	[2.9458573639937487e-05]
MAR07274	[np.float64(6.713308228060648e-05)]
MAR07275	[2.9458573639937487e-05]
MAR07276	[np.float64(6.713308228060648e-05)]
MAR07277	[8.4310167750605e-05]
MAR07278	[np.float64(6.713308228060648e-05)]
MAR07279	[np.float64(6.713308228060648e-05)]
MAR07280	[np.float64(6.713308228060648e-05)]
MAR07281	[np.float64(6.713308228060648e-05)]
MAR07285	[2.9037379183842352e-05]
MAR07286	[np.float64(6.713308228060648e-05)]
MAR07287	[3.0160616702511973e-05]
MAR07288	[8.4310167750605e-05]
MAR07289	[np.float64(6.713308228060648e-05)]
MAR07290	[8.4310167750605e-05]
MAR07291	[np.float64(6.713308228060648e-05)]
MAR07292	[8.4310167750605e-05]
MAR07293	[np.float64(6.713308228060648e-05)]
MAR07294	[8.4310167750605e-05]
MAR07295	[8.4310167750605e-05]
MAR07296	[8.4310167750605e-05]
MAR07297	[8.4310167750605e-05]
MAR07298	[8.4310167750605e-05]
MAR07299	[8.4310167750605e-05]
MAR07300	[8.4310167750605e-05]
MAR07301	[8.4310167750605e-05]
MAR07302	[8.4310167750605e-05]
MAR07303	[8.4310167750605e-05]
MAR07304	[8.4310167750605e-05]
MAR07305	[8.4310167750605e-05]
MAR07306	[8.4310167750605e-05]
MAR07308	[np.float64(6.713308228060648e-05)]
MAR07309	[np.float64(6.713308228060648e-05)]
MAR07310	[np.float64(6.713308228060648e-05)]
MAR07311	[np.float64(6.713308228060648e-05)]
MAR07312	[np.float64(6.713308228060648e-05)]
MAR07313	[np.float64(6.713308228060648e-05)]
MAR07314	[np.float64(6.713308228060648e-05)]
MAR07315	[np.float64(6.713308228060648e-05)]
MAR07316	[np.float64(6.713308228060648e-05)]
MAR07317	[np.float64(6.713308228060648e-05)]
MAR07318	[np.float64(6.713308228060648e-05)]
MAR07319	[np.float64(6.713308228060648e-05)]
MAR07320	[np.float64(6.713308228060648e-05)]
MAR07321	[np.float64(6.713308228060648e-05)]
MAR07322	[np.float64(6.713308228060648e-05)]
MAR07323	[np.float64(6.713308228060648e-05)]
MAR07324	[np.float64(6.713308228060648e-05)]
MAR07325	[np.float64(6.713308228060648e-05)]
MAR07326	[0.006287108860154966]
MAR07327	[5.108917658270245e-05]
MAR07328	[np.float64(6.713308228060648e-05)]
MAR07329	[0.00906218291663845]
MAR07332	[np.float64(6.713308228060648e-05)]
MAR07333	[np.float64(6.713308228060648e-05)]
MAR07334	[0.004214386547489437]
MAR07428	[np.float64(6.713308228060648e-05)]
MAR07429	[np.float64(6.713308228060648e-05)]
MAR07574	[np.float64(6.713308228060648e-05)]
MAR07575	[np.float64(6.713308228060648e-05)]
MAR07576	[3.6593123089299434e-05]
MAR07577	[3.6593123089299434e-05]
MAR07578	[np.float64(6.713308228060648e-05)]
MAR07580	[np.float64(6.713308228060648e-05)]
MAR07582	[np.float64(6.713308228060648e-05)]
MAR07585	[np.float64(6.713308228060648e-05)]
MAR07586	[np.float64(6.713308228060648e-05)]
MAR07587	[np.float64(6.713308228060648e-05)]
MAR08691	[np.float64(6.713308228060648e-05)]
MAR08692	[8.4310167750605e-05]
MAR08693	[5.108917658270245e-05]
MAR08694	[np.float64(6.713308228060648e-05)]
MAR08695	[8.4310167750605e-05]
MAR05151	[0.00906218291663845]
MAR05152	[0.00906218291663845]
MAR05153	[0.00906218291663845]
MAR05154	[0.00906218291663845]
MAR05155	[8.4310167750605e-05]
MAR05156	[8.4310167750605e-05]
MAR05157	[0.00906218291663845]
MAR05158	[0.00906218291663845]
MAR05159	[0.00906218291663845]
MAR05160	[0.00906218291663845]
MAR05161	[8.4310167750605e-05]
MAR05162	[0.00906218291663845]
MAR05163	[0.00906218291663845]
MAR05164	[2.9037379183842352e-05]
MAR05165	[np.float64(6.713308228060648e-05)]
MAR05166	[np.float64(6.713308228060648e-05)]
MAR05167	[8.4310167750605e-05]
MAR05168	[8.4310167750605e-05]
MAR05169	[8.4310167750605e-05]
MAR05170	[8.4310167750605e-05]
MAR05171	[8.4310167750605e-05]
MAR05172	[8.4310167750605e-05]
MAR05174	[8.4310167750605e-05]
MAR07282	[8.4310167750605e-05]
MAR07616	[8.4310167750605e-05]
MAR07619	[np.float64(6.713308228060648e-05)]
MAR09735	[8.4310167750605e-05]
MAR07621	[8.4310167750605e-05]
MAR07622	[np.float64(6.713308228060648e-05)]
MAR07624	[0.006287108860154966]
MAR07626	[0.006287108860154966]
MAR05258	[0.00906218291663845]
MAR05259	[2.9037379183842352e-05]
MAR05260	[8.4310167750605e-05]
MAR05261	[2.9037379183842352e-05]
MAR05262	[8.4310167750605e-05]
MAR05263	[2.9037379183842352e-05]
MAR05264	[8.4310167750605e-05]
MAR05265	[2.9037379183842352e-05]
MAR05266	[8.4310167750605e-05]
MAR05267	[8.4310167750605e-05]
MAR05268	[8.4310167750605e-05]
MAR05269	[8.4310167750605e-05]
MAR05270	[8.4310167750605e-05]
MAR05271	[8.4310167750605e-05]
MAR05272	[2.9037379183842352e-05]
MAR05273	[8.4310167750605e-05]
MAR05274	[2.9037379183842352e-05]
MAR05275	[8.4310167750605e-05]
MAR05276	[2.9037379183842352e-05]
MAR05277	[8.4310167750605e-05]
MAR05278	[2.9037379183842352e-05]
MAR05279	[8.4310167750605e-05]
MAR05280	[2.9037379183842352e-05]
MAR05281	[8.4310167750605e-05]
MAR05282	[2.9037379183842352e-05]
MAR05283	[8.4310167750605e-05]
MAR05284	[2.9037379183842352e-05]
MAR05285	[2.9037379183842352e-05]
MAR05286	[2.9037379183842352e-05]
MAR05287	[2.9037379183842352e-05]
MAR05288	[np.float64(6.713308228060648e-05)]
MAR05290	[2.9037379183842352e-05]
MAR05291	[8.4310167750605e-05]
MAR09817	[8.4310167750605e-05]
MAR09818	[8.4310167750605e-05]
MAR05407	[3.216462933622003e-05]
MAR03851	[8.4310167750605e-05]
MAR03861	[np.float64(6.713308228060648e-05)]
MAR03866	[8.4310167750605e-05]
MAR03915	[0.006935796717097496]
MAR04084	[np.float64(6.713308228060648e-05)]
MAR04187	[np.float64(6.713308228060648e-05)]
MAR04188	[8.4310167750605e-05]
MAR04701	[0.0059643768572906234]
MAR04840	[8.4310167750605e-05]
MAR04842	[np.float64(6.713308228060648e-05)]
MAR08662	[np.float64(6.713308228060648e-05)]
MAR08663	[np.float64(6.713308228060648e-05)]
MAR08664	[np.float64(6.713308228060648e-05)]
MAR08665	[8.4310167750605e-05]
MAR08666	[0.006935796717097496]
MAR08667	[np.float64(6.713308228060648e-05)]
MAR08668	[np.float64(6.713308228060648e-05)]
MAR08669	[8.4310167750605e-05]
MAR00710	[np.float64(6.713308228060648e-05)]
MAR03787	[np.float64(6.713308228060648e-05)]
MAR03957	[3.117461578225632e-05]
MAR03958	[np.float64(6.713308228060648e-05)]
MAR04139	[np.float64(6.713308228060648e-05)]
MAR04141	[2.995045955520258e-05]
MAR04145	[np.float64(6.713308228060648e-05)]
MAR04147	[np.float64(6.713308228060648e-05)]
MAR04149	[2.9037379183842352e-05]
MAR04152	[np.float64(6.713308228060648e-05)]
MAR04209	[4.5278250872079955e-05]
MAR04408	[2.9738743158397182e-05]
MAR04410	[2.9738743158397182e-05]
MAR04454	[np.float64(6.713308228060648e-05)]
MAR04458	[np.float64(6.713308228060648e-05)]
MAR04465	[np.float64(6.713308228060648e-05)]
MAR04589	[np.float64(6.713308228060648e-05)]
MAR04652	[4.6302170605116756e-05]
MAR06413	[4.5278250872079955e-05]
MAR06414	[4.1766982863012684e-05]
MAR07704	[0.00906218291663845]
MAR07706	[0.00906218291663845]
MAR08772	[np.float64(6.713308228060648e-05)]
MAR08773	[np.float64(6.713308228060648e-05)]
MAR08774	[8.4310167750605e-05]
MAR08775	[np.float64(6.713308228060648e-05)]
MAR08777	[8.4310167750605e-05]
MAR08778	[np.float64(6.713308228060648e-05)]
MAR08779	[np.float64(6.713308228060648e-05)]
MAR08780	[np.float64(6.713308228060648e-05)]
MAR08781	[8.4310167750605e-05]
MAR08782	[np.float64(6.713308228060648e-05)]
MAR03975	[2.9458401254052057e-05]
MAR03977	[2.9458401254052057e-05]
MAR03979	[2.9458401254052057e-05]
MAR06911	[np.float64(6.713308228060648e-05)]
MAR06912	[2.9458401254052057e-05]
MAR06914	[2.9037379183842352e-05]
MAR06916	[2.9037379183842352e-05]
MAR06918	[2.9037379183842352e-05]
MAR06921	[2.9037379183842352e-05]
MAR03960	[np.float64(6.713308228060648e-05)]
MAR03980	[np.float64(6.713308228060648e-05)]
MAR03982	[np.float64(6.713308228060648e-05)]
MAR04767	[8.4310167750605e-05]
MAR06608	[8.4310167750605e-05]
MAR08409	[0.00906218291663845]
MAR08410	[np.float64(6.713308228060648e-05)]
MAR08413	[np.float64(6.713308228060648e-05)]
MAR08415	[np.float64(6.713308228060648e-05)]
MAR00156	[0.0059643768572906234]
MAR00165	[0.0059643768572906234]
MAR00168	[0.0059643768572906234]
MAR00171	[0.0059643768572906234]
MAR00174	[0.0059643768572906234]
MAR00177	[0.0059643768572906234]
MAR00180	[0.0059643768572906234]
MAR00184	[0.0059643768572906234]
MAR00188	[4.6630363117873754e-05]
MAR00192	[4.6630363117873754e-05]
MAR00196	[4.6630363117873754e-05]
MAR00200	[4.6630363117873754e-05]
MAR00204	[4.6630363117873754e-05]
MAR00209	[4.6630363117873754e-05]
MAR00213	[4.6630363117873754e-05]
MAR00217	[4.6630363117873754e-05]
MAR00226	[4.6630363117873754e-05]
MAR00233	[4.6630363117873754e-05]
MAR00237	[4.6630363117873754e-05]
MAR00241	[4.6630363117873754e-05]
MAR00245	[4.6630363117873754e-05]
MAR00249	[4.6630363117873754e-05]
MAR00255	[4.6630363117873754e-05]
MAR00259	[4.6630363117873754e-05]
MAR00263	[4.6630363117873754e-05]
MAR00267	[4.6630363117873754e-05]
MAR00271	[4.6630363117873754e-05]
MAR00275	[4.6630363117873754e-05]
MAR00279	[4.6630363117873754e-05]
MAR00283	[4.6630363117873754e-05]
MAR00289	[4.6630363117873754e-05]
MAR00293	[4.6630363117873754e-05]
MAR00297	[4.6630363117873754e-05]
MAR00301	[4.6630363117873754e-05]
MAR00305	[4.6630363117873754e-05]
MAR00309	[4.6630363117873754e-05]
MAR00313	[4.6630363117873754e-05]
MAR00319	[4.6630363117873754e-05]
MAR00323	[4.6630363117873754e-05]
MAR00327	[4.6630363117873754e-05]
MAR00331	[4.6630363117873754e-05]
MAR00337	[4.6630363117873754e-05]
MAR00341	[4.6630363117873754e-05]
MAR00345	[4.6630363117873754e-05]
MAR00349	[4.6630363117873754e-05]
MAR00353	[4.6630363117873754e-05]
MAR00357	[4.6630363117873754e-05]
MAR00361	[4.6630363117873754e-05]
MAR00365	[4.6630363117873754e-05]
MAR00369	[4.6630363117873754e-05]
MAR00373	[4.6630363117873754e-05]
MAR00377	[4.6630363117873754e-05]
MAR00381	[4.6630363117873754e-05]
MAR00385	[4.6630363117873754e-05]
MAR00389	[4.6630363117873754e-05]
MAR00393	[4.6630363117873754e-05]
MAR00397	[4.6630363117873754e-05]
MAR00401	[4.6630363117873754e-05]
MAR00405	[4.6630363117873754e-05]
MAR00409	[4.6630363117873754e-05]
MAR00413	[4.6630363117873754e-05]
MAR00417	[4.6630363117873754e-05]
MAR00421	[4.6630363117873754e-05]
MAR00425	[4.6630363117873754e-05]
MAR00429	[4.6630363117873754e-05]
MAR00433	[4.6630363117873754e-05]
MAR00437	[4.6630363117873754e-05]
MAR02942	[4.6630363117873754e-05]
MAR02943	[4.6630363117873754e-05]
MAR02944	[4.6630363117873754e-05]
MAR02945	[4.6630363117873754e-05]
MAR02946	[4.6630363117873754e-05]
MAR02947	[4.6630363117873754e-05]
MAR02948	[4.6630363117873754e-05]
MAR02949	[4.6630363117873754e-05]
MAR02951	[4.6630363117873754e-05]
MAR02952	[4.6630363117873754e-05]
MAR02954	[4.6630363117873754e-05]
MAR02955	[4.6630363117873754e-05]
MAR02956	[4.6630363117873754e-05]
MAR02957	[4.6630363117873754e-05]
MAR02959	[4.6630363117873754e-05]
MAR02961	[4.6630363117873754e-05]
MAR02962	[4.6630363117873754e-05]
MAR02963	[4.6630363117873754e-05]
MAR02964	[4.6630363117873754e-05]
MAR02965	[4.6630363117873754e-05]
MAR02966	[4.6630363117873754e-05]
MAR02967	[4.6630363117873754e-05]
MAR02968	[4.6630363117873754e-05]
MAR02969	[4.6630363117873754e-05]
MAR02970	[4.6630363117873754e-05]
MAR02971	[4.6630363117873754e-05]
MAR02972	[4.6630363117873754e-05]
MAR02973	[4.6630363117873754e-05]
MAR02974	[4.6630363117873754e-05]
MAR02975	[4.6630363117873754e-05]
MAR02976	[4.6630363117873754e-05]
MAR02977	[4.6630363117873754e-05]
MAR02978	[4.6630363117873754e-05]
MAR02979	[4.6630363117873754e-05]
MAR02980	[4.6630363117873754e-05]
MAR02981	[4.6630363117873754e-05]
MAR02982	[4.6630363117873754e-05]
MAR02983	[4.6630363117873754e-05]
MAR02984	[4.6630363117873754e-05]
MAR02985	[4.6630363117873754e-05]
MAR02986	[4.6630363117873754e-05]
MAR02987	[4.6630363117873754e-05]
MAR02988	[4.6630363117873754e-05]
MAR02989	[4.6630363117873754e-05]
MAR02990	[4.6630363117873754e-05]
MAR02991	[4.6630363117873754e-05]
MAR02992	[4.6630363117873754e-05]
MAR02994	[4.6630363117873754e-05]
MAR02996	[4.6630363117873754e-05]
MAR02998	[4.6630363117873754e-05]
MAR02999	[4.6630363117873754e-05]
MAR03000	[4.6630363117873754e-05]
MAR03001	[4.6630363117873754e-05]
MAR03002	[4.6630363117873754e-05]
MAR03003	[4.6630363117873754e-05]
MAR02152	[3.216462933622003e-05]
MAR02153	[3.216462933622003e-05]
MAR02154	[3.216462933622003e-05]
MAR02155	[3.216462933622003e-05]
MAR02156	[3.216462933622003e-05]
MAR02157	[3.216462933622003e-05]
MAR02158	[3.216462933622003e-05]
MAR02159	[3.216462933622003e-05]
MAR02160	[3.216462933622003e-05]
MAR02161	[3.216462933622003e-05]
MAR02162	[3.216462933622003e-05]
MAR02163	[3.216462933622003e-05]
MAR02164	[3.216462933622003e-05]
MAR02165	[3.216462933622003e-05]
MAR02166	[3.216462933622003e-05]
MAR02167	[3.216462933622003e-05]
MAR02168	[3.216462933622003e-05]
MAR02169	[3.216462933622003e-05]
MAR02170	[3.216462933622003e-05]
MAR02171	[3.216462933622003e-05]
MAR02173	[3.216462933622003e-05]
MAR02174	[3.216462933622003e-05]
MAR02175	[3.216462933622003e-05]
MAR02176	[3.216462933622003e-05]
MAR02178	[3.216462933622003e-05]
MAR02179	[3.216462933622003e-05]
MAR02180	[3.216462933622003e-05]
MAR02181	[3.216462933622003e-05]
MAR04295	[0.0043702273628809275]
MAR02227	[3.216462933622003e-05]
MAR02228	[3.216462933622003e-05]
MAR02229	[3.216462933622003e-05]
MAR02230	[3.216462933622003e-05]
MAR02231	[3.216462933622003e-05]
MAR02232	[3.216462933622003e-05]
MAR02233	[3.216462933622003e-05]
MAR02234	[3.216462933622003e-05]
MAR02235	[3.216462933622003e-05]
MAR02236	[3.216462933622003e-05]
MAR02237	[3.216462933622003e-05]
MAR02238	[3.216462933622003e-05]
MAR02239	[3.216462933622003e-05]
MAR02240	[3.216462933622003e-05]
MAR02241	[3.216462933622003e-05]
MAR02242	[3.216462933622003e-05]
MAR02243	[3.216462933622003e-05]
MAR02244	[3.216462933622003e-05]
MAR02245	[3.216462933622003e-05]
MAR02246	[3.216462933622003e-05]
MAR02247	[3.216462933622003e-05]
MAR02249	[3.216462933622003e-05]
MAR02250	[3.216462933622003e-05]
MAR02251	[3.216462933622003e-05]
MAR02252	[3.216462933622003e-05]
MAR02254	[3.216462933622003e-05]
MAR02255	[3.216462933622003e-05]
MAR02256	[3.216462933622003e-05]
MAR02257	[3.216462933622003e-05]
MAR02305	[3.1549287183577916e-05]
MAR02307	[np.float64(6.713308228060648e-05)]
MAR02309	[3.8660052292240714e-05]
MAR02311	[np.float64(6.713308228060648e-05)]
MAR02315	[3.1549287183577916e-05]
MAR02317	[np.float64(6.713308228060648e-05)]
MAR02319	[3.8660052292240714e-05]
MAR02321	[np.float64(6.713308228060648e-05)]
MAR02324	[3.1549287183577916e-05]
MAR02326	[np.float64(6.713308228060648e-05)]
MAR02328	[3.8660052292240714e-05]
MAR02330	[np.float64(6.713308228060648e-05)]
MAR02332	[3.1549287183577916e-05]
MAR02334	[np.float64(6.713308228060648e-05)]
MAR02336	[3.8660052292240714e-05]
MAR02338	[np.float64(6.713308228060648e-05)]
MAR02342	[3.1549287183577916e-05]
MAR02343	[np.float64(6.713308228060648e-05)]
MAR02344	[3.8660052292240714e-05]
MAR02345	[np.float64(6.713308228060648e-05)]
MAR02347	[3.1549287183577916e-05]
MAR02348	[np.float64(6.713308228060648e-05)]
MAR02349	[3.8660052292240714e-05]
MAR02350	[np.float64(6.713308228060648e-05)]
MAR02353	[3.1549287183577916e-05]
MAR02354	[np.float64(6.713308228060648e-05)]
MAR02355	[3.8660052292240714e-05]
MAR02356	[np.float64(6.713308228060648e-05)]
MAR02361	[3.1549287183577916e-05]
MAR02362	[np.float64(6.713308228060648e-05)]
MAR02363	[3.8660052292240714e-05]
MAR02364	[np.float64(6.713308228060648e-05)]
MAR02190	[3.1549287183577916e-05]
MAR02191	[np.float64(6.713308228060648e-05)]
MAR02193	[3.8660052292240714e-05]
MAR02194	[np.float64(6.713308228060648e-05)]
MAR02201	[3.1549287183577916e-05]
MAR02202	[np.float64(6.713308228060648e-05)]
MAR02203	[3.8660052292240714e-05]
MAR02204	[np.float64(6.713308228060648e-05)]
MAR02205	[3.1549287183577916e-05]
MAR02208	[np.float64(6.713308228060648e-05)]
MAR02209	[3.8660052292240714e-05]
MAR02210	[np.float64(6.713308228060648e-05)]
MAR02211	[3.1549287183577916e-05]
MAR02212	[np.float64(6.713308228060648e-05)]
MAR02213	[3.8660052292240714e-05]
MAR02214	[np.float64(6.713308228060648e-05)]
MAR02215	[3.1549287183577916e-05]
MAR02217	[np.float64(6.713308228060648e-05)]
MAR02218	[3.8660052292240714e-05]
MAR02219	[np.float64(6.713308228060648e-05)]
MAR02259	[3.1549287183577916e-05]
MAR02260	[np.float64(6.713308228060648e-05)]
MAR02261	[3.8660052292240714e-05]
MAR02262	[np.float64(6.713308228060648e-05)]
MAR02263	[3.1549287183577916e-05]
MAR02264	[np.float64(6.713308228060648e-05)]
MAR02265	[3.8660052292240714e-05]
MAR02266	[np.float64(6.713308228060648e-05)]
MAR02267	[3.1549287183577916e-05]
MAR02268	[np.float64(6.713308228060648e-05)]
MAR02269	[3.8660052292240714e-05]
MAR02270	[np.float64(6.713308228060648e-05)]
MAR02281	[2.9037379183842352e-05]
MAR02282	[2.9037379183842352e-05]
MAR02284	[2.9037379183842352e-05]
MAR02286	[2.9037379183842352e-05]
MAR02287	[2.9037379183842352e-05]
MAR02292	[2.9037379183842352e-05]
MAR02293	[2.9037379183842352e-05]
MAR02294	[2.9037379183842352e-05]
MAR02295	[2.9037379183842352e-05]
MAR02296	[2.9037379183842352e-05]
MAR02359	[np.float64(6.713308228060648e-05)]
MAR02365	[np.float64(6.713308228060648e-05)]
MAR02288	[2.9037379183842352e-05]
MAR02289	[2.9037379183842352e-05]
MAR00709	[3.7984325592705935e-05]
MAR02150	[3.216462933622003e-05]
MAR02151	[3.216462933622003e-05]
MAR02172	[3.216462933622003e-05]
MAR02177	[3.216462933622003e-05]
MAR02182	[3.216462933622003e-05]
MAR02248	[3.216462933622003e-05]
MAR02253	[3.216462933622003e-05]
MAR02258	[3.216462933622003e-05]
MAR02437	[8.4310167750605e-05]
MAR02438	[np.float64(6.713308228060648e-05)]
MAR02439	[8.4310167750605e-05]
MAR02440	[0.0059643768572906234]
MAR02441	[2.9037379183842352e-05]
MAR02442	[8.4310167750605e-05]
MAR02443	[8.4310167750605e-05]
MAR02444	[8.4310167750605e-05]
MAR02445	[8.4310167750605e-05]
MAR02446	[8.4310167750605e-05]
MAR02447	[8.4310167750605e-05]
MAR02448	[8.4310167750605e-05]
MAR02449	[8.4310167750605e-05]
MAR02450	[8.4310167750605e-05]
MAR02451	[8.4310167750605e-05]
MAR02452	[8.4310167750605e-05]
MAR02453	[8.4310167750605e-05]
MAR02454	[8.4310167750605e-05]
MAR02455	[np.float64(6.713308228060648e-05)]
MAR02456	[np.float64(6.713308228060648e-05)]
MAR02457	[np.float64(6.713308228060648e-05)]
MAR02458	[np.float64(6.713308228060648e-05)]
MAR02459	[np.float64(6.713308228060648e-05)]
MAR02460	[np.float64(6.713308228060648e-05)]
MAR02461	[np.float64(6.713308228060648e-05)]
MAR02462	[np.float64(6.713308228060648e-05)]
MAR02463	[np.float64(6.713308228060648e-05)]
MAR02464	[np.float64(6.713308228060648e-05)]
MAR02465	[np.float64(6.713308228060648e-05)]
MAR02466	[np.float64(6.713308228060648e-05)]
MAR02467	[np.float64(6.713308228060648e-05)]
MAR02468	[np.float64(6.713308228060648e-05)]
MAR02469	[np.float64(6.713308228060648e-05)]
MAR02470	[np.float64(6.713308228060648e-05)]
MAR06397	[np.float64(6.713308228060648e-05)]
MAR06402	[np.float64(6.713308228060648e-05)]
MAR06403	[np.float64(6.713308228060648e-05)]
MAR06404	[np.float64(6.713308228060648e-05)]
MAR02472	[np.float64(6.713308228060648e-05)]
MAR02475	[3.1549287183577916e-05]
MAR02478	[np.float64(6.713308228060648e-05)]
MAR02480	[3.8660052292240714e-05]
MAR02482	[np.float64(6.713308228060648e-05)]
MAR02484	[np.float64(6.713308228060648e-05)]
MAR02486	[3.1549287183577916e-05]
MAR02489	[np.float64(6.713308228060648e-05)]
MAR02491	[3.8660052292240714e-05]
MAR02493	[np.float64(6.713308228060648e-05)]
MAR02495	[8.4310167750605e-05]
MAR02497	[3.1549287183577916e-05]
MAR02499	[np.float64(6.713308228060648e-05)]
MAR02501	[3.8660052292240714e-05]
MAR02503	[np.float64(6.713308228060648e-05)]
MAR02505	[np.float64(6.713308228060648e-05)]
MAR02510	[np.float64(6.713308228060648e-05)]
MAR02511	[np.float64(6.713308228060648e-05)]
MAR02512	[np.float64(6.713308228060648e-05)]
MAR02513	[np.float64(6.713308228060648e-05)]
MAR02514	[8.4310167750605e-05]
MAR02515	[3.1549287183577916e-05]
MAR02516	[np.float64(6.713308228060648e-05)]
MAR02518	[3.8660052292240714e-05]
MAR02520	[np.float64(6.713308228060648e-05)]
MAR02522	[3.1549287183577916e-05]
MAR02524	[np.float64(6.713308228060648e-05)]
MAR02526	[3.8660052292240714e-05]
MAR02528	[np.float64(6.713308228060648e-05)]
MAR02530	[3.1549287183577916e-05]
MAR02533	[np.float64(6.713308228060648e-05)]
MAR02535	[3.8660052292240714e-05]
MAR02537	[np.float64(6.713308228060648e-05)]
MAR02540	[3.1549287183577916e-05]
MAR02541	[np.float64(6.713308228060648e-05)]
MAR02542	[3.8660052292240714e-05]
MAR02543	[np.float64(6.713308228060648e-05)]
MAR02544	[0.00906218291663845]
MAR02545	[8.4310167750605e-05]
MAR02546	[np.float64(6.713308228060648e-05)]
MAR02548	[np.float64(6.713308228060648e-05)]
MAR02549	[8.4310167750605e-05]
MAR02550	[8.4310167750605e-05]
MAR02551	[np.float64(6.713308228060648e-05)]
MAR02552	[np.float64(6.713308228060648e-05)]
MAR02553	[np.float64(6.713308228060648e-05)]
MAR02555	[np.float64(6.713308228060648e-05)]
MAR02556	[np.float64(6.713308228060648e-05)]
MAR02557	[np.float64(6.713308228060648e-05)]
MAR02558	[8.4310167750605e-05]
MAR02559	[8.4310167750605e-05]
MAR02560	[8.4310167750605e-05]
MAR02561	[0.00906218291663845]
MAR02562	[np.float64(6.713308228060648e-05)]
MAR02563	[np.float64(6.713308228060648e-05)]
MAR02565	[0.00906218291663845]
MAR02566	[np.float64(6.713308228060648e-05)]
MAR02567	[8.4310167750605e-05]
MAR02568	[0.00906218291663845]
MAR02570	[np.float64(6.713308228060648e-05)]
MAR02571	[8.4310167750605e-05]
MAR02572	[0.00906218291663845]
MAR02573	[np.float64(6.713308228060648e-05)]
MAR02574	[np.float64(6.713308228060648e-05)]
MAR02576	[np.float64(6.713308228060648e-05)]
MAR02577	[8.4310167750605e-05]
MAR02578	[0.00906218291663845]
MAR02579	[np.float64(6.713308228060648e-05)]
MAR02580	[np.float64(6.713308228060648e-05)]
MAR02581	[np.float64(6.713308228060648e-05)]
MAR02582	[np.float64(6.713308228060648e-05)]
MAR02583	[2.9037379183842352e-05]
MAR02584	[2.9037379183842352e-05]
MAR02586	[0.00906218291663845]
MAR02587	[8.4310167750605e-05]
MAR02368	[np.float64(6.713308228060648e-05)]
MAR02371	[3.1549287183577916e-05]
MAR02374	[8.4310167750605e-05]
MAR02376	[8.4310167750605e-05]
MAR02378	[np.float64(6.713308228060648e-05)]
MAR02380	[np.float64(6.713308228060648e-05)]
MAR02383	[3.1549287183577916e-05]
MAR02387	[np.float64(6.713308228060648e-05)]
MAR02389	[3.8660052292240714e-05]
MAR02391	[8.4310167750605e-05]
MAR02393	[8.4310167750605e-05]
MAR02395	[3.1549287183577916e-05]
MAR02397	[np.float64(6.713308228060648e-05)]
MAR02399	[3.8660052292240714e-05]
MAR02401	[np.float64(6.713308228060648e-05)]
MAR02403	[8.4310167750605e-05]
MAR02408	[np.float64(6.713308228060648e-05)]
MAR02409	[np.float64(6.713308228060648e-05)]
MAR02410	[np.float64(6.713308228060648e-05)]
MAR02411	[np.float64(6.713308228060648e-05)]
MAR02412	[8.4310167750605e-05]
MAR02415	[3.1549287183577916e-05]
MAR02417	[np.float64(6.713308228060648e-05)]
MAR02419	[3.8660052292240714e-05]
MAR02421	[np.float64(6.713308228060648e-05)]
MAR02423	[3.1549287183577916e-05]
MAR02426	[np.float64(6.713308228060648e-05)]
MAR02428	[3.8660052292240714e-05]
MAR02430	[np.float64(6.713308228060648e-05)]
MAR02433	[3.1549287183577916e-05]
MAR02434	[np.float64(6.713308228060648e-05)]
MAR02435	[3.8660052292240714e-05]
MAR02436	[np.float64(6.713308228060648e-05)]
MAR03444	[6.663761141462202e-05]
MAR03445	[np.float64(6.713308228060648e-05)]
MAR03446	[np.float64(6.713308228060648e-05)]
MAR03447	[np.float64(6.713308228060648e-05)]
MAR03448	[6.663761141462202e-05]
MAR03449	[np.float64(6.713308228060648e-05)]
MAR03450	[2.9989555505679623e-05]
MAR03452	[6.663761141462202e-05]
MAR03453	[np.float64(6.713308228060648e-05)]
MAR03454	[2.9989555505679623e-05]
MAR03455	[np.float64(6.713308228060648e-05)]
MAR03456	[6.663761141462202e-05]
MAR03457	[np.float64(6.713308228060648e-05)]
MAR03458	[np.float64(6.713308228060648e-05)]
MAR03459	[np.float64(6.713308228060648e-05)]
MAR03460	[np.float64(6.713308228060648e-05)]
MAR03461	[np.float64(6.713308228060648e-05)]
MAR03462	[np.float64(6.713308228060648e-05)]
MAR03463	[np.float64(6.713308228060648e-05)]
MAR03464	[np.float64(6.713308228060648e-05)]
MAR03466	[np.float64(6.713308228060648e-05)]
MAR03467	[np.float64(6.713308228060648e-05)]
MAR03468	[np.float64(6.713308228060648e-05)]
MAR03469	[np.float64(6.713308228060648e-05)]
MAR03470	[np.float64(6.713308228060648e-05)]
MAR03471	[np.float64(6.713308228060648e-05)]
MAR03472	[np.float64(6.713308228060648e-05)]
MAR00931	[np.float64(6.713308228060648e-05)]
MAR00932	[np.float64(6.713308228060648e-05)]
MAR00933	[np.float64(6.713308228060648e-05)]
MAR00934	[np.float64(6.713308228060648e-05)]
MAR00935	[np.float64(6.713308228060648e-05)]
MAR00936	[np.float64(6.713308228060648e-05)]
MAR00937	[np.float64(6.713308228060648e-05)]
MAR00938	[np.float64(6.713308228060648e-05)]
MAR00939	[np.float64(6.713308228060648e-05)]
MAR00940	[np.float64(6.713308228060648e-05)]
MAR00942	[np.float64(6.713308228060648e-05)]
MAR00943	[np.float64(6.713308228060648e-05)]
MAR00944	[np.float64(6.713308228060648e-05)]
MAR00945	[np.float64(6.713308228060648e-05)]
MAR00946	[np.float64(6.713308228060648e-05)]
MAR00947	[np.float64(6.713308228060648e-05)]
MAR00948	[np.float64(6.713308228060648e-05)]
MAR00949	[np.float64(6.713308228060648e-05)]
MAR00950	[np.float64(6.713308228060648e-05)]
MAR00951	[np.float64(6.713308228060648e-05)]
MAR00953	[np.float64(6.713308228060648e-05)]
MAR00954	[np.float64(6.713308228060648e-05)]
MAR00955	[np.float64(6.713308228060648e-05)]
MAR00956	[np.float64(6.713308228060648e-05)]
MAR00957	[np.float64(6.713308228060648e-05)]
MAR00958	[0.00906218291663845]
MAR00959	[0.00906218291663845]
MAR00960	[2.9037379183842352e-05]
MAR00961	[np.float64(6.713308228060648e-05)]
MAR00963	[2.9037379183842352e-05]
MAR00964	[np.float64(6.713308228060648e-05)]
MAR00967	[np.float64(6.713308228060648e-05)]
MAR00969	[np.float64(6.713308228060648e-05)]
MAR00971	[0.00906218291663845]
MAR00973	[np.float64(6.713308228060648e-05)]
MAR00976	[np.float64(6.713308228060648e-05)]
MAR00979	[8.4310167750605e-05]
MAR00980	[np.float64(6.713308228060648e-05)]
MAR00981	[np.float64(6.713308228060648e-05)]
MAR00983	[0.0059643768572906234]
MAR00985	[0.0059643768572906234]
MAR00986	[0.0059643768572906234]
MAR00987	[0.0059643768572906234]
MAR00988	[2.9037379183842352e-05]
MAR00989	[8.4310167750605e-05]
MAR00990	[8.4310167750605e-05]
MAR00991	[np.float64(6.713308228060648e-05)]
MAR00992	[np.float64(6.713308228060648e-05)]
MAR00993	[np.float64(6.713308228060648e-05)]
MAR00994	[np.float64(6.713308228060648e-05)]
MAR00995	[np.float64(6.713308228060648e-05)]
MAR00996	[np.float64(6.713308228060648e-05)]
MAR00997	[np.float64(6.713308228060648e-05)]
MAR00998	[0.00906218291663845]
MAR00999	[0.00906218291663845]
MAR01000	[0.00906218291663845]
MAR01002	[np.float64(6.713308228060648e-05)]
MAR01003	[np.float64(6.713308228060648e-05)]
MAR01004	[np.float64(6.713308228060648e-05)]
MAR01006	[np.float64(6.713308228060648e-05)]
MAR01007	[np.float64(6.713308228060648e-05)]
MAR01008	[np.float64(6.713308228060648e-05)]
MAR01010	[np.float64(6.713308228060648e-05)]
MAR01011	[np.float64(6.713308228060648e-05)]
MAR01013	[0.00906218291663845]
MAR01014	[0.00906218291663845]
MAR01015	[0.00906218291663845]
MAR01016	[0.00906218291663845]
MAR01017	[0.00906218291663845]
MAR01018	[0.00906218291663845]
MAR01020	[np.float64(6.713308228060648e-05)]
MAR01021	[np.float64(6.713308228060648e-05)]
MAR01022	[np.float64(6.713308228060648e-05)]
MAR01023	[np.float64(6.713308228060648e-05)]
MAR01025	[np.float64(6.713308228060648e-05)]
MAR01026	[np.float64(6.713308228060648e-05)]
MAR01027	[np.float64(6.713308228060648e-05)]
MAR01028	[np.float64(6.713308228060648e-05)]
MAR01029	[np.float64(6.713308228060648e-05)]
MAR01030	[np.float64(6.713308228060648e-05)]
MAR01033	[np.float64(6.713308228060648e-05)]
MAR01034	[np.float64(6.713308228060648e-05)]
MAR01037	[np.float64(6.713308228060648e-05)]
MAR01039	[np.float64(6.713308228060648e-05)]
MAR01040	[8.4310167750605e-05]
MAR01041	[8.4310167750605e-05]
MAR01042	[8.4310167750605e-05]
MAR01043	[2.9037379183842352e-05]
MAR01045	[2.9037379183842352e-05]
MAR01048	[2.9037379183842352e-05]
MAR01049	[2.9037379183842352e-05]
MAR01050	[2.9037379183842352e-05]
MAR01053	[2.9037379183842352e-05]
MAR01054	[2.9037379183842352e-05]
MAR01055	[np.float64(6.713308228060648e-05)]
MAR01057	[np.float64(6.713308228060648e-05)]
MAR01058	[np.float64(6.713308228060648e-05)]
MAR01059	[np.float64(6.713308228060648e-05)]
MAR01061	[np.float64(6.713308228060648e-05)]
MAR01062	[np.float64(6.713308228060648e-05)]
MAR01063	[np.float64(6.713308228060648e-05)]
MAR01064	[np.float64(6.713308228060648e-05)]
MAR01065	[2.9037379183842352e-05]
MAR01066	[2.9037379183842352e-05]
MAR01067	[2.9037379183842352e-05]
MAR01068	[2.9037379183842352e-05]
MAR01069	[2.9037379183842352e-05]
MAR01070	[2.9037379183842352e-05]
MAR01071	[np.float64(6.713308228060648e-05)]
MAR01072	[np.float64(6.713308228060648e-05)]
MAR01073	[np.float64(6.713308228060648e-05)]
MAR01074	[np.float64(6.713308228060648e-05)]
MAR01075	[0.00906218291663845]
MAR01077	[0.00906218291663845]
MAR01079	[np.float64(6.713308228060648e-05)]
MAR03015	[3.7984325592705935e-05]
MAR01080	[np.float64(6.713308228060648e-05)]
MAR01081	[np.float64(6.713308228060648e-05)]
MAR01084	[np.float64(6.713308228060648e-05)]
MAR01085	[0.007904614381639004]
MAR01087	[8.4310167750605e-05]
MAR01088	[2.9738743158397182e-05]
MAR01091	[2.9738743158397182e-05]
MAR01092	[8.4310167750605e-05]
MAR01093	[np.float64(6.713308228060648e-05)]
MAR01096	[np.float64(6.713308228060648e-05)]
MAR01097	[np.float64(6.713308228060648e-05)]
MAR01098	[np.float64(6.713308228060648e-05)]
MAR01099	[np.float64(6.713308228060648e-05)]
MAR01100	[np.float64(6.713308228060648e-05)]
MAR01101	[np.float64(6.713308228060648e-05)]
MAR01102	[np.float64(6.713308228060648e-05)]
MAR01103	[np.float64(6.713308228060648e-05)]
MAR01105	[np.float64(6.713308228060648e-05)]
MAR01106	[np.float64(6.713308228060648e-05)]
MAR01107	[np.float64(6.713308228060648e-05)]
MAR01108	[np.float64(6.713308228060648e-05)]
MAR01109	[np.float64(6.713308228060648e-05)]
MAR01110	[np.float64(6.713308228060648e-05)]
MAR01111	[np.float64(6.713308228060648e-05)]
MAR01112	[np.float64(6.713308228060648e-05)]
MAR01113	[8.4310167750605e-05]
MAR01114	[8.4310167750605e-05]
MAR01115	[8.4310167750605e-05]
MAR01116	[np.float64(6.713308228060648e-05)]
MAR01117	[np.float64(6.713308228060648e-05)]
MAR01119	[2.9037379183842352e-05]
MAR01120	[2.9037379183842352e-05]
MAR01121	[2.9037379183842352e-05]
MAR01122	[2.9037379183842352e-05]
MAR01123	[np.float64(6.713308228060648e-05)]
MAR01124	[np.float64(6.713308228060648e-05)]
MAR01125	[np.float64(6.713308228060648e-05)]
MAR01126	[np.float64(6.713308228060648e-05)]
MAR01127	[np.float64(6.713308228060648e-05)]
MAR01128	[np.float64(6.713308228060648e-05)]
MAR01129	[np.float64(6.713308228060648e-05)]
MAR01130	[np.float64(6.713308228060648e-05)]
MAR01131	[np.float64(6.713308228060648e-05)]
MAR01132	[np.float64(6.713308228060648e-05)]
MAR01133	[np.float64(6.713308228060648e-05)]
MAR01134	[np.float64(6.713308228060648e-05)]
MAR01136	[8.4310167750605e-05]
MAR01137	[np.float64(6.713308228060648e-05)]
MAR01138	[np.float64(6.713308228060648e-05)]
MAR01139	[np.float64(6.713308228060648e-05)]
MAR01140	[np.float64(6.713308228060648e-05)]
MAR01142	[8.4310167750605e-05]
MAR01146	[np.float64(6.713308228060648e-05)]
MAR01147	[np.float64(6.713308228060648e-05)]
MAR01148	[np.float64(6.713308228060648e-05)]
MAR01149	[np.float64(6.713308228060648e-05)]
MAR01150	[np.float64(6.713308228060648e-05)]
MAR01151	[np.float64(6.713308228060648e-05)]
MAR01152	[np.float64(6.713308228060648e-05)]
MAR01153	[np.float64(6.713308228060648e-05)]
MAR01154	[np.float64(6.713308228060648e-05)]
MAR01155	[np.float64(6.713308228060648e-05)]
MAR01156	[np.float64(6.713308228060648e-05)]
MAR01157	[4.6630363117873754e-05]
MAR01158	[4.6630363117873754e-05]
MAR01159	[4.6630363117873754e-05]
MAR01160	[4.6630363117873754e-05]
MAR01161	[np.float64(6.713308228060648e-05)]
MAR01162	[np.float64(6.713308228060648e-05)]
MAR01163	[np.float64(6.713308228060648e-05)]
MAR01164	[np.float64(6.713308228060648e-05)]
MAR01165	[2.9989555505679623e-05]
MAR01166	[np.float64(6.713308228060648e-05)]
MAR01167	[np.float64(6.713308228060648e-05)]
MAR01168	[np.float64(6.713308228060648e-05)]
MAR01170	[np.float64(6.713308228060648e-05)]
MAR01171	[np.float64(6.713308228060648e-05)]
MAR01186	[8.4310167750605e-05]
MAR01190	[np.float64(6.713308228060648e-05)]
MAR01191	[np.float64(6.713308228060648e-05)]
MAR01192	[np.float64(6.713308228060648e-05)]
MAR01193	[np.float64(6.713308228060648e-05)]
MAR01194	[np.float64(6.713308228060648e-05)]
MAR01195	[np.float64(6.713308228060648e-05)]
MAR01196	[np.float64(6.713308228060648e-05)]
MAR01197	[8.4310167750605e-05]
MAR01198	[8.4310167750605e-05]
MAR01199	[8.4310167750605e-05]
MAR01200	[4.6630363117873754e-05]
MAR01201	[4.6630363117873754e-05]
MAR01202	[4.6630363117873754e-05]
MAR01203	[4.6630363117873754e-05]
MAR01204	[np.float64(6.713308228060648e-05)]
MAR01205	[np.float64(6.713308228060648e-05)]
MAR01206	[np.float64(6.713308228060648e-05)]
MAR01207	[np.float64(6.713308228060648e-05)]
MAR01208	[2.9989555505679623e-05]
MAR01209	[np.float64(6.713308228060648e-05)]
MAR01210	[np.float64(6.713308228060648e-05)]
MAR01211	[np.float64(6.713308228060648e-05)]
MAR01212	[np.float64(6.713308228060648e-05)]
MAR01213	[np.float64(6.713308228060648e-05)]
MAR01228	[np.float64(6.713308228060648e-05)]
MAR01229	[np.float64(6.713308228060648e-05)]
MAR01230	[np.float64(6.713308228060648e-05)]
MAR01231	[np.float64(6.713308228060648e-05)]
MAR01232	[np.float64(6.713308228060648e-05)]
MAR01233	[np.float64(6.713308228060648e-05)]
MAR01234	[np.float64(6.713308228060648e-05)]
MAR01235	[np.float64(6.713308228060648e-05)]
MAR01236	[np.float64(6.713308228060648e-05)]
MAR01237	[np.float64(6.713308228060648e-05)]
MAR01238	[np.float64(6.713308228060648e-05)]
MAR01239	[np.float64(6.713308228060648e-05)]
MAR01241	[8.4310167750605e-05]
MAR01244	[np.float64(6.713308228060648e-05)]
MAR01245	[np.float64(6.713308228060648e-05)]
MAR01246	[np.float64(6.713308228060648e-05)]
MAR01247	[8.4310167750605e-05]
MAR01248	[4.6630363117873754e-05]
MAR01249	[4.6630363117873754e-05]
MAR01250	[4.6630363117873754e-05]
MAR01251	[4.6630363117873754e-05]
MAR01253	[np.float64(6.713308228060648e-05)]
MAR01254	[np.float64(6.713308228060648e-05)]
MAR01255	[np.float64(6.713308228060648e-05)]
MAR01256	[np.float64(6.713308228060648e-05)]
MAR01257	[2.9989555505679623e-05]
MAR01258	[np.float64(6.713308228060648e-05)]
MAR01259	[np.float64(6.713308228060648e-05)]
MAR01260	[np.float64(6.713308228060648e-05)]
MAR01261	[np.float64(6.713308228060648e-05)]
MAR01262	[np.float64(6.713308228060648e-05)]
MAR01263	[4.6630363117873754e-05]
MAR01264	[4.6630363117873754e-05]
MAR01265	[4.6630363117873754e-05]
MAR01266	[4.6630363117873754e-05]
MAR01270	[np.float64(6.713308228060648e-05)]
MAR01271	[np.float64(6.713308228060648e-05)]
MAR01272	[np.float64(6.713308228060648e-05)]
MAR01273	[np.float64(6.713308228060648e-05)]
MAR01274	[2.9989555505679623e-05]
MAR01275	[np.float64(6.713308228060648e-05)]
MAR01276	[np.float64(6.713308228060648e-05)]
MAR01277	[np.float64(6.713308228060648e-05)]
MAR01278	[np.float64(6.713308228060648e-05)]
MAR01279	[np.float64(6.713308228060648e-05)]
MAR01280	[np.float64(6.713308228060648e-05)]
MAR01281	[np.float64(6.713308228060648e-05)]
MAR01282	[np.float64(6.713308228060648e-05)]
MAR01285	[8.4310167750605e-05]
MAR01287	[8.4310167750605e-05]
MAR01288	[np.float64(6.713308228060648e-05)]
MAR01289	[np.float64(6.713308228060648e-05)]
MAR01290	[4.6630363117873754e-05]
MAR01291	[np.float64(6.713308228060648e-05)]
MAR01292	[np.float64(6.713308228060648e-05)]
MAR01293	[np.float64(6.713308228060648e-05)]
MAR01294	[np.float64(6.713308228060648e-05)]
MAR01295	[np.float64(6.713308228060648e-05)]
MAR01296	[np.float64(6.713308228060648e-05)]
MAR01297	[np.float64(6.713308228060648e-05)]
MAR01298	[np.float64(6.713308228060648e-05)]
MAR01299	[np.float64(6.713308228060648e-05)]
MAR01300	[np.float64(6.713308228060648e-05)]
MAR01301	[np.float64(6.713308228060648e-05)]
MAR01302	[np.float64(6.713308228060648e-05)]
MAR01303	[np.float64(6.713308228060648e-05)]
MAR01304	[np.float64(6.713308228060648e-05)]
MAR04796	[np.float64(6.713308228060648e-05)]
MAR08545	[0.0059643768572906234]
MAR08546	[np.float64(6.713308228060648e-05)]
MAR08547	[8.4310167750605e-05]
MAR08548	[np.float64(6.713308228060648e-05)]
MAR08549	[8.4310167750605e-05]
MAR08550	[np.float64(6.713308228060648e-05)]
MAR08552	[8.4310167750605e-05]
MAR08554	[0.007904614381639004]
MAR08555	[0.00906218291663845]
MAR08556	[np.float64(6.713308228060648e-05)]
MAR08557	[np.float64(6.713308228060648e-05)]
MAR08558	[np.float64(6.713308228060648e-05)]
MAR08559	[0.00906218291663845]
MAR08560	[2.9037379183842352e-05]
MAR08561	[8.4310167750605e-05]
MAR00154	[np.float64(6.713308228060648e-05)]
MAR00189	[np.float64(6.713308228060648e-05)]
MAR00193	[np.float64(6.713308228060648e-05)]
MAR00197	[np.float64(6.713308228060648e-05)]
MAR00201	[np.float64(6.713308228060648e-05)]
MAR00206	[np.float64(6.713308228060648e-05)]
MAR00210	[np.float64(6.713308228060648e-05)]
MAR00214	[np.float64(6.713308228060648e-05)]
MAR00223	[np.float64(6.713308228060648e-05)]
MAR00230	[np.float64(6.713308228060648e-05)]
MAR00234	[np.float64(6.713308228060648e-05)]
MAR00238	[np.float64(6.713308228060648e-05)]
MAR00242	[np.float64(6.713308228060648e-05)]
MAR00246	[np.float64(6.713308228060648e-05)]
MAR00250	[np.float64(6.713308228060648e-05)]
MAR00256	[np.float64(6.713308228060648e-05)]
MAR00260	[np.float64(6.713308228060648e-05)]
MAR00264	[np.float64(6.713308228060648e-05)]
MAR00268	[np.float64(6.713308228060648e-05)]
MAR00272	[np.float64(6.713308228060648e-05)]
MAR00276	[np.float64(6.713308228060648e-05)]
MAR00280	[np.float64(6.713308228060648e-05)]
MAR00284	[np.float64(6.713308228060648e-05)]
MAR00290	[np.float64(6.713308228060648e-05)]
MAR00294	[np.float64(6.713308228060648e-05)]
MAR00298	[np.float64(6.713308228060648e-05)]
MAR00302	[np.float64(6.713308228060648e-05)]
MAR00306	[np.float64(6.713308228060648e-05)]
MAR00310	[0.005078061572815832]
MAR00314	[0.005078061572815832]
MAR00320	[0.005078061572815832]
MAR00324	[0.005078061572815832]
MAR00328	[0.005078061572815832]
MAR00332	[0.005078061572815832]
MAR00338	[0.005078061572815832]
MAR00342	[0.005078061572815832]
MAR00346	[0.005078061572815832]
MAR00350	[np.float64(6.713308228060648e-05)]
MAR00354	[np.float64(6.713308228060648e-05)]
MAR00358	[np.float64(6.713308228060648e-05)]
MAR00362	[np.float64(6.713308228060648e-05)]
MAR00366	[0.005078061572815832]
MAR00370	[0.005078061572815832]
MAR00374	[0.005078061572815832]
MAR00378	[0.005078061572815832]
MAR00382	[np.float64(6.713308228060648e-05)]
MAR00386	[0.005078061572815832]
MAR00390	[0.005078061572815832]
MAR00394	[0.005078061572815832]
MAR00398	[np.float64(6.713308228060648e-05)]
MAR00402	[np.float64(6.713308228060648e-05)]
MAR00406	[np.float64(6.713308228060648e-05)]
MAR00410	[np.float64(6.713308228060648e-05)]
MAR00414	[0.005078061572815832]
MAR00418	[0.005078061572815832]
MAR00422	[0.005078061572815832]
MAR00426	[0.005078061572815832]
MAR00430	[np.float64(6.713308228060648e-05)]
MAR00434	[0.005078061572815832]
MAR00438	[0.005078061572815832]
MAR03009	[np.float64(6.713308228060648e-05)]
MAR03475	[np.float64(6.713308228060648e-05)]
MAR03476	[8.4310167750605e-05]
MAR03477	[8.4310167750605e-05]
MAR00159	[np.float64(6.713308228060648e-05)]
MAR02591	[np.float64(6.713308228060648e-05)]
MAR02594	[np.float64(6.713308228060648e-05)]
MAR02599	[np.float64(6.713308228060648e-05)]
MAR02602	[np.float64(6.713308228060648e-05)]
MAR02605	[np.float64(6.713308228060648e-05)]
MAR02608	[np.float64(6.713308228060648e-05)]
MAR02611	[np.float64(6.713308228060648e-05)]
MAR02614	[np.float64(6.713308228060648e-05)]
MAR02620	[np.float64(6.713308228060648e-05)]
MAR02623	[np.float64(6.713308228060648e-05)]
MAR02626	[np.float64(6.713308228060648e-05)]
MAR02633	[np.float64(6.713308228060648e-05)]
MAR02636	[np.float64(6.713308228060648e-05)]
MAR02642	[np.float64(6.713308228060648e-05)]
MAR02648	[np.float64(6.713308228060648e-05)]
MAR02651	[np.float64(6.713308228060648e-05)]
MAR02654	[np.float64(6.713308228060648e-05)]
MAR02657	[np.float64(6.713308228060648e-05)]
MAR02660	[np.float64(6.713308228060648e-05)]
MAR02663	[np.float64(6.713308228060648e-05)]
MAR02666	[np.float64(6.713308228060648e-05)]
MAR02669	[np.float64(6.713308228060648e-05)]
MAR02672	[np.float64(6.713308228060648e-05)]
MAR02675	[np.float64(6.713308228060648e-05)]
MAR02678	[np.float64(6.713308228060648e-05)]
MAR02681	[np.float64(6.713308228060648e-05)]
MAR02684	[np.float64(6.713308228060648e-05)]
MAR02687	[np.float64(6.713308228060648e-05)]
MAR02690	[np.float64(6.713308228060648e-05)]
MAR02693	[np.float64(6.713308228060648e-05)]
MAR02699	[np.float64(6.713308228060648e-05)]
MAR02702	[np.float64(6.713308228060648e-05)]
MAR02705	[np.float64(6.713308228060648e-05)]
MAR02708	[np.float64(6.713308228060648e-05)]
MAR02711	[np.float64(6.713308228060648e-05)]
MAR02714	[np.float64(6.713308228060648e-05)]
MAR02717	[np.float64(6.713308228060648e-05)]
MAR02720	[np.float64(6.713308228060648e-05)]
MAR02726	[np.float64(6.713308228060648e-05)]
MAR02730	[np.float64(6.713308228060648e-05)]
MAR02733	[np.float64(6.713308228060648e-05)]
MAR02736	[np.float64(6.713308228060648e-05)]
MAR02739	[np.float64(6.713308228060648e-05)]
MAR02742	[np.float64(6.713308228060648e-05)]
MAR02746	[np.float64(6.713308228060648e-05)]
MAR02752	[np.float64(6.713308228060648e-05)]
MAR02755	[np.float64(6.713308228060648e-05)]
MAR02759	[np.float64(6.713308228060648e-05)]
MAR02762	[np.float64(6.713308228060648e-05)]
MAR02768	[np.float64(6.713308228060648e-05)]
MAR02771	[np.float64(6.713308228060648e-05)]
MAR02774	[np.float64(6.713308228060648e-05)]
MAR02877	[np.float64(6.713308228060648e-05)]
MAR03032	[np.float64(6.713308228060648e-05)]
MAR03521	[8.4310167750605e-05]
MAR08419	[8.4310167750605e-05]
MAR00160	[np.float64(6.713308228060648e-05)]
MAR00161	[np.float64(6.713308228060648e-05)]
MAR00162	[np.float64(6.713308228060648e-05)]
MAR00163	[np.float64(6.713308228060648e-05)]
MAR02592	[np.float64(6.713308228060648e-05)]
MAR02593	[np.float64(6.713308228060648e-05)]
MAR02596	[np.float64(6.713308228060648e-05)]
MAR02598	[np.float64(6.713308228060648e-05)]
MAR02600	[np.float64(6.713308228060648e-05)]
MAR02601	[np.float64(6.713308228060648e-05)]
MAR02603	[np.float64(6.713308228060648e-05)]
MAR02604	[np.float64(6.713308228060648e-05)]
MAR02606	[np.float64(6.713308228060648e-05)]
MAR02607	[np.float64(6.713308228060648e-05)]
MAR02609	[np.float64(6.713308228060648e-05)]
MAR02610	[np.float64(6.713308228060648e-05)]
MAR02612	[np.float64(6.713308228060648e-05)]
MAR02613	[np.float64(6.713308228060648e-05)]
MAR02616	[np.float64(6.713308228060648e-05)]
MAR02618	[np.float64(6.713308228060648e-05)]
MAR02621	[np.float64(6.713308228060648e-05)]
MAR02622	[np.float64(6.713308228060648e-05)]
MAR02624	[np.float64(6.713308228060648e-05)]
MAR02625	[np.float64(6.713308228060648e-05)]
MAR02629	[np.float64(6.713308228060648e-05)]
MAR02630	[np.float64(6.713308228060648e-05)]
MAR02634	[np.float64(6.713308228060648e-05)]
MAR02635	[np.float64(6.713308228060648e-05)]
MAR02638	[np.float64(6.713308228060648e-05)]
MAR02640	[np.float64(6.713308228060648e-05)]
MAR02644	[np.float64(6.713308228060648e-05)]
MAR02646	[np.float64(6.713308228060648e-05)]
MAR02649	[np.float64(6.713308228060648e-05)]
MAR02650	[np.float64(6.713308228060648e-05)]
MAR02652	[np.float64(6.713308228060648e-05)]
MAR02653	[np.float64(6.713308228060648e-05)]
MAR02655	[np.float64(6.713308228060648e-05)]
MAR02656	[np.float64(6.713308228060648e-05)]
MAR02658	[np.float64(6.713308228060648e-05)]
MAR02659	[np.float64(6.713308228060648e-05)]
MAR02661	[np.float64(6.713308228060648e-05)]
MAR02662	[np.float64(6.713308228060648e-05)]
MAR02664	[np.float64(6.713308228060648e-05)]
MAR02665	[np.float64(6.713308228060648e-05)]
MAR02667	[np.float64(6.713308228060648e-05)]
MAR02668	[np.float64(6.713308228060648e-05)]
MAR02670	[np.float64(6.713308228060648e-05)]
MAR02671	[np.float64(6.713308228060648e-05)]
MAR02673	[np.float64(6.713308228060648e-05)]
MAR02674	[np.float64(6.713308228060648e-05)]
MAR02676	[np.float64(6.713308228060648e-05)]
MAR02677	[np.float64(6.713308228060648e-05)]
MAR02679	[np.float64(6.713308228060648e-05)]
MAR02680	[np.float64(6.713308228060648e-05)]
MAR02682	[np.float64(6.713308228060648e-05)]
MAR02683	[np.float64(6.713308228060648e-05)]
MAR02685	[np.float64(6.713308228060648e-05)]
MAR02686	[np.float64(6.713308228060648e-05)]
MAR02688	[np.float64(6.713308228060648e-05)]
MAR02689	[np.float64(6.713308228060648e-05)]
MAR02691	[np.float64(6.713308228060648e-05)]
MAR02692	[np.float64(6.713308228060648e-05)]
MAR02695	[np.float64(6.713308228060648e-05)]
MAR02697	[np.float64(6.713308228060648e-05)]
MAR02700	[np.float64(6.713308228060648e-05)]
MAR02701	[np.float64(6.713308228060648e-05)]
MAR02703	[np.float64(6.713308228060648e-05)]
MAR02704	[np.float64(6.713308228060648e-05)]
MAR02706	[np.float64(6.713308228060648e-05)]
MAR02707	[np.float64(6.713308228060648e-05)]
MAR02709	[np.float64(6.713308228060648e-05)]
MAR02710	[np.float64(6.713308228060648e-05)]
MAR02712	[np.float64(6.713308228060648e-05)]
MAR02713	[np.float64(6.713308228060648e-05)]
MAR02715	[np.float64(6.713308228060648e-05)]
MAR02716	[np.float64(6.713308228060648e-05)]
MAR02718	[np.float64(6.713308228060648e-05)]
MAR02719	[np.float64(6.713308228060648e-05)]
MAR02722	[np.float64(6.713308228060648e-05)]
MAR02724	[np.float64(6.713308228060648e-05)]
MAR02727	[np.float64(6.713308228060648e-05)]
MAR02729	[np.float64(6.713308228060648e-05)]
MAR02731	[np.float64(6.713308228060648e-05)]
MAR02732	[np.float64(6.713308228060648e-05)]
MAR02734	[np.float64(6.713308228060648e-05)]
MAR02735	[np.float64(6.713308228060648e-05)]
MAR02737	[np.float64(6.713308228060648e-05)]
MAR02738	[np.float64(6.713308228060648e-05)]
MAR02740	[np.float64(6.713308228060648e-05)]
MAR02741	[np.float64(6.713308228060648e-05)]
MAR02744	[np.float64(6.713308228060648e-05)]
MAR02745	[np.float64(6.713308228060648e-05)]
MAR02748	[np.float64(6.713308228060648e-05)]
MAR02750	[np.float64(6.713308228060648e-05)]
MAR02753	[np.float64(6.713308228060648e-05)]
MAR02754	[np.float64(6.713308228060648e-05)]
MAR02757	[np.float64(6.713308228060648e-05)]
MAR02758	[np.float64(6.713308228060648e-05)]
MAR02760	[np.float64(6.713308228060648e-05)]
MAR02761	[np.float64(6.713308228060648e-05)]
MAR02764	[np.float64(6.713308228060648e-05)]
MAR02766	[np.float64(6.713308228060648e-05)]
MAR02769	[np.float64(6.713308228060648e-05)]
MAR02770	[np.float64(6.713308228060648e-05)]
MAR02772	[np.float64(6.713308228060648e-05)]
MAR02773	[np.float64(6.713308228060648e-05)]
MAR02775	[np.float64(6.713308228060648e-05)]
MAR02776	[np.float64(6.713308228060648e-05)]
MAR03519	[8.4310167750605e-05]
MAR03520	[8.4310167750605e-05]
MAR08417	[8.4310167750605e-05]
MAR08418	[8.4310167750605e-05]
MAR03027	[8.4310167750605e-05]
MAR03028	[np.float64(6.713308228060648e-05)]
MAR03029	[np.float64(6.713308228060648e-05)]
MAR03030	[np.float64(6.713308228060648e-05)]
MAR03033	[np.float64(6.713308228060648e-05)]
MAR03034	[np.float64(6.713308228060648e-05)]
MAR03035	[np.float64(6.713308228060648e-05)]
MAR03037	[np.float64(6.713308228060648e-05)]
MAR02778	[np.float64(6.713308228060648e-05)]
MAR02780	[np.float64(6.713308228060648e-05)]
MAR02783	[np.float64(6.713308228060648e-05)]
MAR02785	[np.float64(6.713308228060648e-05)]
MAR02787	[np.float64(6.713308228060648e-05)]
MAR02788	[np.float64(6.713308228060648e-05)]
MAR02789	[np.float64(6.713308228060648e-05)]
MAR02790	[np.float64(6.713308228060648e-05)]
MAR02791	[np.float64(6.713308228060648e-05)]
MAR02792	[np.float64(6.713308228060648e-05)]
MAR02793	[np.float64(6.713308228060648e-05)]
MAR02794	[np.float64(6.713308228060648e-05)]
MAR02795	[np.float64(6.713308228060648e-05)]
MAR02796	[np.float64(6.713308228060648e-05)]
MAR02797	[np.float64(6.713308228060648e-05)]
MAR02798	[np.float64(6.713308228060648e-05)]
MAR02799	[np.float64(6.713308228060648e-05)]
MAR02800	[np.float64(6.713308228060648e-05)]
MAR02801	[np.float64(6.713308228060648e-05)]
MAR02803	[np.float64(6.713308228060648e-05)]
MAR02805	[np.float64(6.713308228060648e-05)]
MAR02806	[np.float64(6.713308228060648e-05)]
MAR02807	[np.float64(6.713308228060648e-05)]
MAR02809	[np.float64(6.713308228060648e-05)]
MAR02811	[np.float64(6.713308228060648e-05)]
MAR02812	[np.float64(6.713308228060648e-05)]
MAR02813	[np.float64(6.713308228060648e-05)]
MAR02814	[np.float64(6.713308228060648e-05)]
MAR02815	[np.float64(6.713308228060648e-05)]
MAR02816	[np.float64(6.713308228060648e-05)]
MAR02817	[np.float64(6.713308228060648e-05)]
MAR02819	[np.float64(6.713308228060648e-05)]
MAR02821	[np.float64(6.713308228060648e-05)]
MAR02822	[np.float64(6.713308228060648e-05)]
MAR02823	[np.float64(6.713308228060648e-05)]
MAR02824	[np.float64(6.713308228060648e-05)]
MAR02825	[np.float64(6.713308228060648e-05)]
MAR02827	[np.float64(6.713308228060648e-05)]
MAR02829	[np.float64(6.713308228060648e-05)]
MAR02830	[np.float64(6.713308228060648e-05)]
MAR02831	[np.float64(6.713308228060648e-05)]
MAR02832	[np.float64(6.713308228060648e-05)]
MAR02833	[np.float64(6.713308228060648e-05)]
MAR02834	[np.float64(6.713308228060648e-05)]
MAR02835	[np.float64(6.713308228060648e-05)]
MAR02836	[np.float64(6.713308228060648e-05)]
MAR02837	[np.float64(6.713308228060648e-05)]
MAR02838	[np.float64(6.713308228060648e-05)]
MAR02839	[np.float64(6.713308228060648e-05)]
MAR02840	[np.float64(6.713308228060648e-05)]
MAR02841	[np.float64(6.713308228060648e-05)]
MAR02842	[np.float64(6.713308228060648e-05)]
MAR02843	[np.float64(6.713308228060648e-05)]
MAR02844	[np.float64(6.713308228060648e-05)]
MAR02845	[np.float64(6.713308228060648e-05)]
MAR02846	[np.float64(6.713308228060648e-05)]
MAR02847	[np.float64(6.713308228060648e-05)]
MAR02848	[np.float64(6.713308228060648e-05)]
MAR02849	[np.float64(6.713308228060648e-05)]
MAR02850	[np.float64(6.713308228060648e-05)]
MAR02851	[np.float64(6.713308228060648e-05)]
MAR02852	[np.float64(6.713308228060648e-05)]
MAR02853	[np.float64(6.713308228060648e-05)]
MAR02854	[np.float64(6.713308228060648e-05)]
MAR02855	[np.float64(6.713308228060648e-05)]
MAR02856	[np.float64(6.713308228060648e-05)]
MAR02857	[np.float64(6.713308228060648e-05)]
MAR02859	[np.float64(6.713308228060648e-05)]
MAR02861	[np.float64(6.713308228060648e-05)]
MAR02862	[np.float64(6.713308228060648e-05)]
MAR02863	[np.float64(6.713308228060648e-05)]
MAR02864	[np.float64(6.713308228060648e-05)]
MAR02865	[np.float64(6.713308228060648e-05)]
MAR02866	[np.float64(6.713308228060648e-05)]
MAR02867	[np.float64(6.713308228060648e-05)]
MAR02868	[np.float64(6.713308228060648e-05)]
MAR02869	[np.float64(6.713308228060648e-05)]
MAR02870	[np.float64(6.713308228060648e-05)]
MAR02871	[np.float64(6.713308228060648e-05)]
MAR02872	[np.float64(6.713308228060648e-05)]
MAR02873	[np.float64(6.713308228060648e-05)]
MAR02874	[np.float64(6.713308228060648e-05)]
MAR02875	[np.float64(6.713308228060648e-05)]
MAR02876	[np.float64(6.713308228060648e-05)]
MAR02878	[np.float64(6.713308228060648e-05)]
MAR02879	[np.float64(6.713308228060648e-05)]
MAR02880	[np.float64(6.713308228060648e-05)]
MAR02882	[np.float64(6.713308228060648e-05)]
MAR02884	[np.float64(6.713308228060648e-05)]
MAR02886	[np.float64(6.713308228060648e-05)]
MAR02888	[np.float64(6.713308228060648e-05)]
MAR02890	[np.float64(6.713308228060648e-05)]
MAR02892	[np.float64(6.713308228060648e-05)]
MAR02894	[np.float64(6.713308228060648e-05)]
MAR02896	[np.float64(6.713308228060648e-05)]
MAR02897	[np.float64(6.713308228060648e-05)]
MAR02898	[np.float64(6.713308228060648e-05)]
MAR02899	[np.float64(6.713308228060648e-05)]
MAR02900	[np.float64(6.713308228060648e-05)]
MAR02901	[np.float64(6.713308228060648e-05)]
MAR02902	[np.float64(6.713308228060648e-05)]
MAR02903	[np.float64(6.713308228060648e-05)]
MAR02904	[np.float64(6.713308228060648e-05)]
MAR02905	[np.float64(6.713308228060648e-05)]
MAR02906	[np.float64(6.713308228060648e-05)]
MAR02907	[np.float64(6.713308228060648e-05)]
MAR02908	[np.float64(6.713308228060648e-05)]
MAR02909	[np.float64(6.713308228060648e-05)]
MAR02910	[np.float64(6.713308228060648e-05)]
MAR02911	[np.float64(6.713308228060648e-05)]
MAR02912	[np.float64(6.713308228060648e-05)]
MAR02913	[np.float64(6.713308228060648e-05)]
MAR02914	[np.float64(6.713308228060648e-05)]
MAR02915	[np.float64(6.713308228060648e-05)]
MAR02916	[np.float64(6.713308228060648e-05)]
MAR02917	[np.float64(6.713308228060648e-05)]
MAR02918	[np.float64(6.713308228060648e-05)]
MAR02919	[np.float64(6.713308228060648e-05)]
MAR02920	[np.float64(6.713308228060648e-05)]
MAR02921	[np.float64(6.713308228060648e-05)]
MAR02922	[np.float64(6.713308228060648e-05)]
MAR02923	[np.float64(6.713308228060648e-05)]
MAR02924	[np.float64(6.713308228060648e-05)]
MAR02925	[np.float64(6.713308228060648e-05)]
MAR02926	[np.float64(6.713308228060648e-05)]
MAR02927	[np.float64(6.713308228060648e-05)]
MAR02928	[np.float64(6.713308228060648e-05)]
MAR02929	[np.float64(6.713308228060648e-05)]
MAR02930	[np.float64(6.713308228060648e-05)]
MAR02931	[np.float64(6.713308228060648e-05)]
MAR02932	[np.float64(6.713308228060648e-05)]
MAR00001	[3.216462933622003e-05]
MAR00002	[0.0086953325602442]
MAR00003	[np.float64(6.713308228060648e-05)]
MAR00005	[np.float64(6.713308228060648e-05)]
MAR00449	[np.float64(6.713308228060648e-05)]
MAR00604	[np.float64(6.713308228060648e-05)]
MAR00605	[np.float64(6.713308228060648e-05)]
MAR00665	[np.float64(6.713308228060648e-05)]
MAR00667	[np.float64(6.713308228060648e-05)]
MAR00668	[np.float64(6.713308228060648e-05)]
MAR00669	[np.float64(6.713308228060648e-05)]
MAR00670	[np.float64(6.713308228060648e-05)]
MAR00671	[np.float64(6.713308228060648e-05)]
MAR00672	[np.float64(6.713308228060648e-05)]
MAR00679	[np.float64(6.713308228060648e-05)]
MAR00680	[np.float64(6.713308228060648e-05)]
MAR00681	[np.float64(6.713308228060648e-05)]
MAR00682	[np.float64(6.713308228060648e-05)]
MAR00683	[np.float64(6.713308228060648e-05)]
MAR00684	[np.float64(6.713308228060648e-05)]
MAR07588	[np.float64(6.713308228060648e-05)]
MAR03053	[8.4310167750605e-05]
MAR03054	[8.4310167750605e-05]
MAR03055	[8.4310167750605e-05]
MAR03057	[np.float64(6.713308228060648e-05)]
MAR03058	[np.float64(6.713308228060648e-05)]
MAR03059	[np.float64(6.713308228060648e-05)]
MAR03060	[np.float64(6.713308228060648e-05)]
MAR03062	[np.float64(6.713308228060648e-05)]
MAR03063	[np.float64(6.713308228060648e-05)]
MAR03064	[np.float64(6.713308228060648e-05)]
MAR03065	[np.float64(6.713308228060648e-05)]
MAR03066	[np.float64(6.713308228060648e-05)]
MAR03067	[np.float64(6.713308228060648e-05)]
MAR03068	[np.float64(6.713308228060648e-05)]
MAR03069	[np.float64(6.713308228060648e-05)]
MAR03070	[np.float64(6.713308228060648e-05)]
MAR03071	[np.float64(6.713308228060648e-05)]
MAR03072	[np.float64(6.713308228060648e-05)]
MAR03073	[np.float64(6.713308228060648e-05)]
MAR03074	[np.float64(6.713308228060648e-05)]
MAR03075	[np.float64(6.713308228060648e-05)]
MAR03076	[np.float64(6.713308228060648e-05)]
MAR03077	[np.float64(6.713308228060648e-05)]
MAR03078	[np.float64(6.713308228060648e-05)]
MAR03079	[np.float64(6.713308228060648e-05)]
MAR03080	[np.float64(6.713308228060648e-05)]
MAR03081	[np.float64(6.713308228060648e-05)]
MAR03082	[np.float64(6.713308228060648e-05)]
MAR03083	[np.float64(6.713308228060648e-05)]
MAR03084	[np.float64(6.713308228060648e-05)]
MAR03085	[np.float64(6.713308228060648e-05)]
MAR03086	[np.float64(6.713308228060648e-05)]
MAR03087	[np.float64(6.713308228060648e-05)]
MAR03088	[np.float64(6.713308228060648e-05)]
MAR03089	[np.float64(6.713308228060648e-05)]
MAR03090	[np.float64(6.713308228060648e-05)]
MAR03091	[np.float64(6.713308228060648e-05)]
MAR03092	[np.float64(6.713308228060648e-05)]
MAR03093	[np.float64(6.713308228060648e-05)]
MAR03094	[np.float64(6.713308228060648e-05)]
MAR03095	[np.float64(6.713308228060648e-05)]
MAR03096	[np.float64(6.713308228060648e-05)]
MAR03097	[np.float64(6.713308228060648e-05)]
MAR03098	[np.float64(6.713308228060648e-05)]
MAR03099	[np.float64(6.713308228060648e-05)]
MAR03100	[np.float64(6.713308228060648e-05)]
MAR03101	[np.float64(6.713308228060648e-05)]
MAR03102	[np.float64(6.713308228060648e-05)]
MAR03103	[np.float64(6.713308228060648e-05)]
MAR03104	[np.float64(6.713308228060648e-05)]
MAR03106	[8.4310167750605e-05]
MAR03056	[8.4310167750605e-05]
MAR03326	[np.float64(6.713308228060648e-05)]
MAR03327	[np.float64(6.713308228060648e-05)]
MAR03328	[np.float64(6.713308228060648e-05)]
MAR03329	[np.float64(6.713308228060648e-05)]
MAR03330	[np.float64(6.713308228060648e-05)]
MAR03331	[np.float64(6.713308228060648e-05)]
MAR03332	[np.float64(6.713308228060648e-05)]
MAR03333	[np.float64(6.713308228060648e-05)]
MAR03334	[np.float64(6.713308228060648e-05)]
MAR03335	[np.float64(6.713308228060648e-05)]
MAR03336	[np.float64(6.713308228060648e-05)]
MAR03337	[np.float64(6.713308228060648e-05)]
MAR03338	[np.float64(6.713308228060648e-05)]
MAR03339	[np.float64(6.713308228060648e-05)]
MAR03340	[np.float64(6.713308228060648e-05)]
MAR03341	[np.float64(6.713308228060648e-05)]
MAR03342	[np.float64(6.713308228060648e-05)]
MAR03343	[np.float64(6.713308228060648e-05)]
MAR03344	[np.float64(6.713308228060648e-05)]
MAR03345	[np.float64(6.713308228060648e-05)]
MAR03346	[np.float64(6.713308228060648e-05)]
MAR03347	[np.float64(6.713308228060648e-05)]
MAR03348	[np.float64(6.713308228060648e-05)]
MAR03349	[np.float64(6.713308228060648e-05)]
MAR03350	[np.float64(6.713308228060648e-05)]
MAR03351	[np.float64(6.713308228060648e-05)]
MAR03352	[np.float64(6.713308228060648e-05)]
MAR03353	[np.float64(6.713308228060648e-05)]
MAR03355	[np.float64(6.713308228060648e-05)]
MAR03365	[np.float64(6.713308228060648e-05)]
MAR03367	[np.float64(6.713308228060648e-05)]
MAR03368	[np.float64(6.713308228060648e-05)]
MAR03370	[np.float64(6.713308228060648e-05)]
MAR03372	[np.float64(6.713308228060648e-05)]
MAR03373	[np.float64(6.713308228060648e-05)]
MAR03375	[np.float64(6.713308228060648e-05)]
MAR03478	[8.4310167750605e-05]
MAR03480	[np.float64(6.713308228060648e-05)]
MAR03481	[np.float64(6.713308228060648e-05)]
MAR03482	[np.float64(6.713308228060648e-05)]
MAR03484	[np.float64(6.713308228060648e-05)]
MAR03486	[np.float64(6.713308228060648e-05)]
MAR03488	[np.float64(6.713308228060648e-05)]
MAR03491	[8.4310167750605e-05]
MAR03493	[np.float64(6.713308228060648e-05)]
MAR03498	[np.float64(6.713308228060648e-05)]
MAR03501	[np.float64(6.713308228060648e-05)]
MAR03503	[np.float64(6.713308228060648e-05)]
MAR03505	[np.float64(6.713308228060648e-05)]
MAR03506	[np.float64(6.713308228060648e-05)]
MAR03508	[np.float64(6.713308228060648e-05)]
MAR03509	[np.float64(6.713308228060648e-05)]
MAR03510	[np.float64(6.713308228060648e-05)]
MAR03511	[8.4310167750605e-05]
MAR03512	[np.float64(6.713308228060648e-05)]
MAR03513	[np.float64(6.713308228060648e-05)]
MAR03514	[np.float64(6.713308228060648e-05)]
MAR03515	[np.float64(6.713308228060648e-05)]
MAR03517	[np.float64(6.713308228060648e-05)]
MAR03302	[np.float64(6.713308228060648e-05)]
MAR03304	[np.float64(6.713308228060648e-05)]
MAR03305	[np.float64(6.713308228060648e-05)]
MAR03307	[np.float64(6.713308228060648e-05)]
MAR03309	[np.float64(6.713308228060648e-05)]
MAR03310	[np.float64(6.713308228060648e-05)]
MAR03312	[np.float64(6.713308228060648e-05)]
MAR03314	[np.float64(6.713308228060648e-05)]
MAR03315	[np.float64(6.713308228060648e-05)]
MAR03316	[np.float64(6.713308228060648e-05)]
MAR03317	[np.float64(6.713308228060648e-05)]
MAR03319	[np.float64(6.713308228060648e-05)]
MAR03320	[np.float64(6.713308228060648e-05)]
MAR03321	[np.float64(6.713308228060648e-05)]
MAR03323	[np.float64(6.713308228060648e-05)]
MAR03107	[6.663761141462202e-05]
MAR03108	[np.float64(6.713308228060648e-05)]
MAR03109	[2.9989555505679623e-05]
MAR03110	[np.float64(6.713308228060648e-05)]
MAR03111	[6.663761141462202e-05]
MAR03112	[np.float64(6.713308228060648e-05)]
MAR03113	[2.9989555505679623e-05]
MAR03114	[np.float64(6.713308228060648e-05)]
MAR03115	[6.663761141462202e-05]
MAR03116	[np.float64(6.713308228060648e-05)]
MAR03117	[2.9989555505679623e-05]
MAR03118	[np.float64(6.713308228060648e-05)]
MAR03121	[6.663761141462202e-05]
MAR03122	[np.float64(6.713308228060648e-05)]
MAR03123	[2.9989555505679623e-05]
MAR03125	[np.float64(6.713308228060648e-05)]
MAR03128	[6.663761141462202e-05]
MAR03129	[np.float64(6.713308228060648e-05)]
MAR03130	[2.9989555505679623e-05]
MAR03132	[np.float64(6.713308228060648e-05)]
MAR03135	[6.663761141462202e-05]
MAR03136	[2.9037379183842352e-05]
MAR03137	[2.9989555505679623e-05]
MAR03139	[np.float64(6.713308228060648e-05)]
MAR03142	[np.float64(6.713308228060648e-05)]
MAR03143	[2.9037379183842352e-05]
MAR03144	[2.9989555505679623e-05]
MAR03146	[np.float64(6.713308228060648e-05)]
MAR03149	[np.float64(6.713308228060648e-05)]
MAR03150	[2.9037379183842352e-05]
MAR03151	[2.9989555505679623e-05]
MAR03153	[np.float64(6.713308228060648e-05)]
MAR03156	[np.float64(6.713308228060648e-05)]
MAR03157	[2.9037379183842352e-05]
MAR03158	[2.9989555505679623e-05]
MAR03160	[np.float64(6.713308228060648e-05)]
MAR03398	[2.9037379183842352e-05]
MAR03406	[2.9037379183842352e-05]
MAR03407	[2.9037379183842352e-05]
MAR03408	[2.9037379183842352e-05]
MAR03409	[2.9037379183842352e-05]
MAR03411	[2.9037379183842352e-05]
MAR03413	[2.9037379183842352e-05]
MAR03414	[2.9037379183842352e-05]
MAR03416	[2.9037379183842352e-05]
MAR03421	[2.9037379183842352e-05]
MAR03423	[2.9037379183842352e-05]
MAR03424	[2.9037379183842352e-05]
MAR03425	[2.9037379183842352e-05]
MAR09719	[2.9037379183842352e-05]
MAR03427	[2.9037379183842352e-05]
MAR03428	[2.9037379183842352e-05]
MAR03429	[2.9037379183842352e-05]
MAR03430	[2.9037379183842352e-05]
MAR03431	[2.9037379183842352e-05]
MAR03432	[2.9037379183842352e-05]
MAR03433	[2.9037379183842352e-05]
MAR03170	[6.663761141462202e-05]
MAR03171	[np.float64(6.713308228060648e-05)]
MAR03172	[2.9989555505679623e-05]
MAR03173	[np.float64(6.713308228060648e-05)]
MAR03174	[6.663761141462202e-05]
MAR03175	[np.float64(6.713308228060648e-05)]
MAR03176	[2.9989555505679623e-05]
MAR03177	[np.float64(6.713308228060648e-05)]
MAR03178	[6.663761141462202e-05]
MAR03179	[np.float64(6.713308228060648e-05)]
MAR03180	[2.9989555505679623e-05]
MAR03181	[np.float64(6.713308228060648e-05)]
MAR03182	[6.663761141462202e-05]
MAR03183	[np.float64(6.713308228060648e-05)]
MAR03184	[2.9989555505679623e-05]
MAR03185	[np.float64(6.713308228060648e-05)]
MAR03186	[6.663761141462202e-05]
MAR03187	[np.float64(6.713308228060648e-05)]
MAR03188	[2.9989555505679623e-05]
MAR03189	[np.float64(6.713308228060648e-05)]
MAR03190	[np.float64(6.713308228060648e-05)]
MAR03191	[2.9037379183842352e-05]
MAR03192	[2.9989555505679623e-05]
MAR03193	[np.float64(6.713308228060648e-05)]
MAR03194	[np.float64(6.713308228060648e-05)]
MAR03195	[2.9037379183842352e-05]
MAR03196	[2.9989555505679623e-05]
MAR03197	[np.float64(6.713308228060648e-05)]
MAR03198	[np.float64(6.713308228060648e-05)]
MAR03199	[2.9037379183842352e-05]
MAR03200	[2.9989555505679623e-05]
MAR03201	[np.float64(6.713308228060648e-05)]
MAR03202	[np.float64(6.713308228060648e-05)]
MAR03203	[2.9037379183842352e-05]
MAR03204	[2.9989555505679623e-05]
MAR03205	[np.float64(6.713308228060648e-05)]
MAR03396	[8.4310167750605e-05]
MAR03397	[8.4310167750605e-05]
MAR03240	[6.663761141462202e-05]
MAR03241	[np.float64(6.713308228060648e-05)]
MAR03242	[2.9989555505679623e-05]
MAR03243	[np.float64(6.713308228060648e-05)]
MAR03244	[6.663761141462202e-05]
MAR03245	[np.float64(6.713308228060648e-05)]
MAR03246	[2.9989555505679623e-05]
MAR03247	[np.float64(6.713308228060648e-05)]
MAR03250	[6.663761141462202e-05]
MAR03252	[np.float64(6.713308228060648e-05)]
MAR03254	[2.9989555505679623e-05]
MAR03256	[np.float64(6.713308228060648e-05)]
MAR03258	[6.663761141462202e-05]
MAR03260	[np.float64(6.713308228060648e-05)]
MAR03262	[2.9989555505679623e-05]
MAR03264	[np.float64(6.713308228060648e-05)]
MAR03272	[np.float64(6.713308228060648e-05)]
MAR03356	[np.float64(6.713308228060648e-05)]
MAR03357	[np.float64(6.713308228060648e-05)]
MAR03358	[np.float64(6.713308228060648e-05)]
MAR03359	[np.float64(6.713308228060648e-05)]
MAR03360	[np.float64(6.713308228060648e-05)]
MAR03361	[np.float64(6.713308228060648e-05)]
MAR03362	[np.float64(6.713308228060648e-05)]
MAR03363	[np.float64(6.713308228060648e-05)]
MAR03218	[6.663761141462202e-05]
MAR03219	[np.float64(6.713308228060648e-05)]
MAR03220	[2.9989555505679623e-05]
MAR03221	[np.float64(6.713308228060648e-05)]
MAR03222	[6.663761141462202e-05]
MAR03223	[np.float64(6.713308228060648e-05)]
MAR03224	[2.9989555505679623e-05]
MAR03225	[np.float64(6.713308228060648e-05)]
MAR03226	[6.663761141462202e-05]
MAR03227	[np.float64(6.713308228060648e-05)]
MAR03228	[2.9989555505679623e-05]
MAR03229	[np.float64(6.713308228060648e-05)]
MAR03230	[6.663761141462202e-05]
MAR03231	[np.float64(6.713308228060648e-05)]
MAR03232	[2.9989555505679623e-05]
MAR03233	[np.float64(6.713308228060648e-05)]
MAR03234	[6.663761141462202e-05]
MAR03235	[np.float64(6.713308228060648e-05)]
MAR03236	[2.9989555505679623e-05]
MAR03237	[np.float64(6.713308228060648e-05)]
MAR03239	[np.float64(6.713308228060648e-05)]
MAR03275	[6.663761141462202e-05]
MAR03277	[np.float64(6.713308228060648e-05)]
MAR03278	[2.9989555505679623e-05]
MAR03279	[np.float64(6.713308228060648e-05)]
MAR03280	[6.663761141462202e-05]
MAR03281	[np.float64(6.713308228060648e-05)]
MAR03282	[2.9989555505679623e-05]
MAR03283	[np.float64(6.713308228060648e-05)]
MAR03284	[6.663761141462202e-05]
MAR03285	[np.float64(6.713308228060648e-05)]
MAR03286	[2.9989555505679623e-05]
MAR03287	[np.float64(6.713308228060648e-05)]
MAR03288	[np.float64(6.713308228060648e-05)]
MAR03290	[2.9037379183842352e-05]
MAR03292	[2.9989555505679623e-05]
MAR03293	[np.float64(6.713308228060648e-05)]
MAR03294	[6.663761141462202e-05]
MAR03298	[np.float64(6.713308228060648e-05)]
MAR01174	[np.float64(6.713308228060648e-05)]
MAR01175	[np.float64(6.713308228060648e-05)]
MAR01176	[np.float64(6.713308228060648e-05)]
MAR01177	[np.float64(6.713308228060648e-05)]
MAR01178	[2.9989555505679623e-05]
MAR01179	[np.float64(6.713308228060648e-05)]
MAR01180	[np.float64(6.713308228060648e-05)]
MAR01181	[np.float64(6.713308228060648e-05)]
MAR01182	[np.float64(6.713308228060648e-05)]
MAR01183	[2.9989555505679623e-05]
MAR01184	[np.float64(6.713308228060648e-05)]
MAR01216	[np.float64(6.713308228060648e-05)]
MAR01217	[np.float64(6.713308228060648e-05)]
MAR01218	[np.float64(6.713308228060648e-05)]
MAR01219	[np.float64(6.713308228060648e-05)]
MAR01220	[2.9989555505679623e-05]
MAR01221	[np.float64(6.713308228060648e-05)]
MAR01222	[np.float64(6.713308228060648e-05)]
MAR01223	[np.float64(6.713308228060648e-05)]
MAR01224	[np.float64(6.713308228060648e-05)]
MAR01225	[2.9989555505679623e-05]
MAR01226	[np.float64(6.713308228060648e-05)]
MAR03522	[np.float64(6.713308228060648e-05)]
MAR03523	[2.9037379183842352e-05]
MAR03524	[2.9989555505679623e-05]
MAR03525	[np.float64(6.713308228060648e-05)]
MAR03526	[8.4310167750605e-05]
MAR03527	[np.float64(6.713308228060648e-05)]
MAR03528	[2.9037379183842352e-05]
MAR03529	[2.9989555505679623e-05]
MAR03530	[np.float64(6.713308228060648e-05)]
MAR03531	[np.float64(6.713308228060648e-05)]
MAR03532	[2.9037379183842352e-05]
MAR03533	[2.9989555505679623e-05]
MAR03534	[np.float64(6.713308228060648e-05)]
MAR01573	[0.00906218291663845]
MAR06901	[np.float64(6.713308228060648e-05)]
MAR06903	[np.float64(6.713308228060648e-05)]
MAR06904	[np.float64(6.713308228060648e-05)]
MAR06905	[np.float64(6.713308228060648e-05)]
MAR06906	[8.4310167750605e-05]
MAR06907	[np.float64(6.713308228060648e-05)]
MAR06908	[np.float64(6.713308228060648e-05)]
MAR06909	[np.float64(6.713308228060648e-05)]
MAR06910	[np.float64(6.713308228060648e-05)]
MAR07165	[8.4310167750605e-05]
MAR07166	[np.float64(6.713308228060648e-05)]
MAR07167	[4.5784706799220375e-05]
MAR07168	[np.float64(6.713308228060648e-05)]
MAR07169	[8.4310167750605e-05]
MAR07170	[np.float64(6.713308228060648e-05)]
MAR09722	[3.1342690941515203e-05]
MAR01920	[0.004648802588729832]
MAR01924	[3.476265980622146e-05]
MAR01926	[8.4310167750605e-05]
MAR01927	[np.float64(6.713308228060648e-05)]
MAR01928	[0.0086953325602442]
MAR01929	[0.0086953325602442]
MAR01931	[np.float64(6.713308228060648e-05)]
MAR01932	[0.0086953325602442]
MAR01933	[0.00906218291663845]
MAR01934	[0.0086953325602442]
MAR01935	[0.0086953325602442]
MAR01940	[0.00906218291663845]
MAR01941	[0.0055600173574716395]
MAR01942	[0.00906218291663845]
MAR01943	[0.006907934860084768]
MAR01948	[0.00906218291663845]
MAR01949	[0.0055600173574716395]
MAR01950	[0.00906218291663845]
MAR01951	[0.0055600173574716395]
MAR01989	[0.00906218291663845]
MAR01990	[0.00906218291663845]
MAR01991	[0.00906218291663845]
MAR01992	[0.00906218291663845]
MAR01993	[0.00906218291663845]
MAR02002	[np.float64(6.713308228060648e-05)]
MAR02003	[np.float64(6.713308228060648e-05)]
MAR02004	[0.00906218291663845]
MAR02005	[0.00906218291663845]
MAR02007	[0.00906218291663845]
MAR02009	[0.00906218291663845]
MAR02010	[0.00906218291663845]
MAR02011	[0.00906218291663845]
MAR04766	[np.float64(6.713308228060648e-05)]
MAR06793	[0.006935796717097496]
MAR06794	[0.006935796717097496]
MAR06795	[0.006935796717097496]
MAR06796	[0.006935796717097496]
MAR07648	[np.float64(6.713308228060648e-05)]
MAR07928	[0.00906218291663845]
MAR07930	[0.0055600173574716395]
MAR07931	[0.0055600173574716395]
MAR07932	[0.00906218291663845]
MAR07934	[0.00906218291663845]
MAR07935	[0.0086953325602442]
MAR07936	[0.00906218291663845]
MAR07937	[0.00906218291663845]
MAR07938	[0.00906218291663845]
MAR07939	[0.0055600173574716395]
MAR07940	[np.float64(6.713308228060648e-05)]
MAR07941	[np.float64(6.713308228060648e-05)]
MAR07942	[0.00906218291663845]
MAR07943	[np.float64(6.713308228060648e-05)]
MAR07945	[0.004648802588729832]
MAR07948	[0.004648802588729832]
MAR07950	[0.004648802588729832]
MAR07952	[0.004648802588729832]
MAR07954	[0.0055600173574716395]
MAR07955	[np.float64(6.713308228060648e-05)]
MAR07957	[np.float64(6.713308228060648e-05)]
MAR07958	[0.005489941701390298]
MAR07959	[7.83259160877673e-05]
MAR07962	[7.83259160877673e-05]
MAR07965	[7.83259160877673e-05]
MAR07968	[np.float64(6.713308228060648e-05)]
MAR02041	[np.float64(6.713308228060648e-05)]
MAR07970	[np.float64(6.713308228060648e-05)]
MAR07971	[0.0055600173574716395]
MAR07972	[0.0055600173574716395]
MAR07973	[0.0055600173574716395]
MAR07974	[0.00906218291663845]
MAR07976	[np.float64(6.713308228060648e-05)]
MAR07978	[0.00906218291663845]
MAR07980	[7.83259160877673e-05]
MAR07984	[7.83259160877673e-05]
MAR07987	[7.83259160877673e-05]
MAR01944	[0.00906218291663845]
MAR01945	[0.00906218291663845]
MAR01952	[0.004648802588729832]
MAR01953	[0.004648802588729832]
MAR01958	[0.00906218291663845]
MAR01959	[0.0043702273628809275]
MAR01960	[0.0043702273628809275]
MAR01962	[0.004648802588729832]
MAR01963	[0.004648802588729832]
MAR01967	[0.0055600173574716395]
MAR01968	[0.0055600173574716395]
MAR01969	[0.005489941701390298]
MAR01970	[0.0055600173574716395]
MAR01971	[0.0055600173574716395]
MAR01973	[np.float64(6.713308228060648e-05)]
MAR01974	[np.float64(6.713308228060648e-05)]
MAR01976	[np.float64(6.713308228060648e-05)]
MAR01977	[np.float64(6.713308228060648e-05)]
MAR01978	[0.00906218291663845]
MAR01982	[0.0055600173574716395]
MAR01983	[0.0055600173574716395]
MAR02014	[0.008651765287144555]
MAR02015	[np.float64(6.713308228060648e-05)]
MAR02016	[np.float64(6.713308228060648e-05)]
MAR02017	[np.float64(6.713308228060648e-05)]
MAR02018	[np.float64(6.713308228060648e-05)]
MAR02019	[np.float64(6.713308228060648e-05)]
MAR02020	[0.004648802588729832]
MAR02022	[0.0055600173574716395]
MAR02024	[0.0055600173574716395]
MAR02025	[0.004648802588729832]
MAR01440	[np.float64(6.713308228060648e-05)]
MAR01445	[np.float64(6.713308228060648e-05)]
MAR01448	[np.float64(6.713308228060648e-05)]
MAR01454	[np.float64(6.713308228060648e-05)]
MAR01465	[np.float64(6.713308228060648e-05)]
MAR01467	[np.float64(6.713308228060648e-05)]
MAR01470	[np.float64(6.713308228060648e-05)]
MAR01473	[np.float64(6.713308228060648e-05)]
MAR01477	[np.float64(6.713308228060648e-05)]
MAR01478	[np.float64(6.713308228060648e-05)]
MAR01479	[np.float64(6.713308228060648e-05)]
MAR01484	[np.float64(6.713308228060648e-05)]
MAR01490	[np.float64(6.713308228060648e-05)]
MAR01493	[np.float64(6.713308228060648e-05)]
MAR01494	[np.float64(6.713308228060648e-05)]
MAR01495	[np.float64(6.713308228060648e-05)]
MAR01496	[np.float64(6.713308228060648e-05)]
MAR01500	[np.float64(6.713308228060648e-05)]
MAR01502	[np.float64(6.713308228060648e-05)]
MAR01503	[np.float64(6.713308228060648e-05)]
MAR01504	[np.float64(6.713308228060648e-05)]
MAR01505	[np.float64(6.713308228060648e-05)]
MAR01509	[np.float64(6.713308228060648e-05)]
MAR01512	[3.8660052292240714e-05]
MAR01516	[np.float64(6.713308228060648e-05)]
MAR01519	[3.491738203590861e-05]
MAR01526	[3.7984325592705935e-05]
MAR01533	[3.7984325592705935e-05]
MAR01557	[np.float64(6.713308228060648e-05)]
MAR01558	[np.float64(6.713308228060648e-05)]
MAR01565	[3.491738203590861e-05]
MAR01535	[3.7984325592705935e-05]
MAR01536	[np.float64(6.713308228060648e-05)]
MAR01538	[np.float64(6.713308228060648e-05)]
MAR01539	[np.float64(6.713308228060648e-05)]
MAR01540	[np.float64(6.713308228060648e-05)]
MAR01543	[np.float64(6.713308228060648e-05)]
MAR01544	[np.float64(6.713308228060648e-05)]
MAR01545	[np.float64(6.713308228060648e-05)]
MAR01546	[np.float64(6.713308228060648e-05)]
MAR01547	[np.float64(6.713308228060648e-05)]
MAR01548	[np.float64(6.713308228060648e-05)]
MAR01549	[np.float64(6.713308228060648e-05)]
MAR01550	[np.float64(6.713308228060648e-05)]
MAR01551	[np.float64(6.713308228060648e-05)]
MAR01552	[np.float64(6.713308228060648e-05)]
MAR01553	[3.8660052292240714e-05]
MAR01437	[np.float64(6.713308228060648e-05)]
MAR01451	[np.float64(6.713308228060648e-05)]
MAR01457	[np.float64(6.713308228060648e-05)]
MAR01460	[np.float64(6.713308228060648e-05)]
MAR01531	[0.004648802588729832]
MAR01570	[3.7984325592705935e-05]
MAR01576	[np.float64(6.713308228060648e-05)]
MAR01577	[np.float64(6.713308228060648e-05)]
MAR03105	[np.float64(6.713308228060648e-05)]
MAR04630	[np.float64(6.713308228060648e-05)]
MAR02029	[np.float64(6.713308228060648e-05)]
MAR02030	[np.float64(6.713308228060648e-05)]
MAR02031	[np.float64(6.713308228060648e-05)]
MAR02032	[np.float64(6.713308228060648e-05)]
MAR02033	[np.float64(6.713308228060648e-05)]
MAR02034	[np.float64(6.713308228060648e-05)]
MAR02036	[np.float64(6.713308228060648e-05)]
MAR02037	[0.004648802588729832]
MAR02038	[0.004648802588729832]
MAR02042	[np.float64(6.713308228060648e-05)]
MAR02043	[np.float64(6.713308228060648e-05)]
MAR02044	[np.float64(6.713308228060648e-05)]
MAR02045	[np.float64(6.713308228060648e-05)]
MAR02046	[0.006287108860154966]
MAR02047	[0.006287108860154966]
MAR02048	[np.float64(6.713308228060648e-05)]
MAR02049	[0.006287108860154966]
MAR02050	[0.006287108860154966]
MAR02051	[0.006287108860154966]
MAR02052	[np.float64(6.713308228060648e-05)]
MAR02053	[np.float64(6.713308228060648e-05)]
MAR02054	[np.float64(6.713308228060648e-05)]
MAR02055	[0.006287108860154966]
MAR02056	[0.006287108860154966]
MAR02057	[0.006287108860154966]
MAR02058	[np.float64(6.713308228060648e-05)]
MAR02059	[np.float64(6.713308228060648e-05)]
MAR02060	[np.float64(6.713308228060648e-05)]
MAR02061	[2.9037379183842352e-05]
MAR02062	[2.9037379183842352e-05]
MAR02063	[2.9037379183842352e-05]
MAR02064	[8.4310167750605e-05]
MAR02068	[2.9037379183842352e-05]
MAR02069	[2.9037379183842352e-05]
MAR02070	[2.9037379183842352e-05]
MAR02071	[2.9037379183842352e-05]
MAR02072	[2.9037379183842352e-05]
MAR02073	[2.9037379183842352e-05]
MAR02074	[2.9037379183842352e-05]
MAR02075	[2.9037379183842352e-05]
MAR02076	[2.9037379183842352e-05]
MAR02077	[2.9037379183842352e-05]
MAR02078	[2.9037379183842352e-05]
MAR02079	[8.4310167750605e-05]
MAR02083	[2.9037379183842352e-05]
MAR02084	[2.9037379183842352e-05]
MAR02085	[2.9037379183842352e-05]
MAR02086	[2.9037379183842352e-05]
MAR02088	[2.9037379183842352e-05]
MAR02089	[2.9037379183842352e-05]
MAR02091	[8.4310167750605e-05]
MAR02095	[2.9037379183842352e-05]
MAR02096	[2.9037379183842352e-05]
MAR02097	[2.9037379183842352e-05]
MAR02098	[2.9037379183842352e-05]
MAR02099	[2.9037379183842352e-05]
MAR02100	[2.9037379183842352e-05]
MAR02102	[8.4310167750605e-05]
MAR02106	[2.9037379183842352e-05]
MAR02107	[2.9037379183842352e-05]
MAR02108	[2.9037379183842352e-05]
MAR02109	[2.9037379183842352e-05]
MAR02110	[2.9037379183842352e-05]
MAR02111	[2.9037379183842352e-05]
MAR02112	[2.9037379183842352e-05]
MAR02113	[2.9037379183842352e-05]
MAR03537	[8.4310167750605e-05]
MAR03538	[4.1892431193616604e-05]
MAR03539	[4.1892431193616604e-05]
MAR03540	[4.1892431193616604e-05]
MAR03541	[4.1892431193616604e-05]
MAR03542	[4.1892431193616604e-05]
MAR03543	[4.1892431193616604e-05]
MAR03544	[4.1892431193616604e-05]
MAR03545	[4.1892431193616604e-05]
MAR03546	[4.1892431193616604e-05]
MAR03547	[4.1892431193616604e-05]
MAR03548	[4.1892431193616604e-05]
MAR03549	[4.1892431193616604e-05]
MAR03550	[4.1892431193616604e-05]
MAR03551	[4.1892431193616604e-05]
MAR03552	[4.1892431193616604e-05]
MAR03553	[4.1892431193616604e-05]
MAR03554	[4.1892431193616604e-05]
MAR03555	[4.1892431193616604e-05]
MAR03556	[4.1892431193616604e-05]
MAR03557	[4.1892431193616604e-05]
MAR03558	[4.1892431193616604e-05]
MAR03559	[4.1892431193616604e-05]
MAR03560	[4.1892431193616604e-05]
MAR03561	[4.1892431193616604e-05]
MAR03562	[4.1892431193616604e-05]
MAR03563	[4.1892431193616604e-05]
MAR03564	[4.1892431193616604e-05]
MAR03565	[4.1892431193616604e-05]
MAR03566	[4.1892431193616604e-05]
MAR03567	[4.1892431193616604e-05]
MAR03568	[4.1892431193616604e-05]
MAR03569	[4.1892431193616604e-05]
MAR03570	[4.1892431193616604e-05]
MAR03571	[4.1892431193616604e-05]
MAR03572	[4.1892431193616604e-05]
MAR03573	[4.1892431193616604e-05]
MAR03574	[4.1892431193616604e-05]
MAR03575	[4.1892431193616604e-05]
MAR03576	[4.1892431193616604e-05]
MAR03577	[4.1892431193616604e-05]
MAR03578	[4.1892431193616604e-05]
MAR03579	[4.1892431193616604e-05]
MAR03580	[4.1892431193616604e-05]
MAR03581	[4.1892431193616604e-05]
MAR03582	[4.1892431193616604e-05]
MAR03583	[4.1892431193616604e-05]
MAR03584	[4.1892431193616604e-05]
MAR03585	[4.1892431193616604e-05]
MAR03586	[4.1892431193616604e-05]
MAR03587	[4.1892431193616604e-05]
MAR03588	[4.1892431193616604e-05]
MAR03589	[4.1892431193616604e-05]
MAR03590	[4.1892431193616604e-05]
MAR03591	[4.1892431193616604e-05]
MAR03592	[4.1892431193616604e-05]
MAR03593	[4.1892431193616604e-05]
MAR03594	[4.1892431193616604e-05]
MAR03595	[4.1892431193616604e-05]
MAR03596	[4.1892431193616604e-05]
MAR03622	[8.4310167750605e-05]
MAR03625	[np.float64(6.713308228060648e-05)]
MAR03626	[np.float64(6.713308228060648e-05)]
MAR03627	[np.float64(6.713308228060648e-05)]
MAR03628	[np.float64(6.713308228060648e-05)]
MAR03629	[np.float64(6.713308228060648e-05)]
MAR03630	[np.float64(6.713308228060648e-05)]
MAR03631	[np.float64(6.713308228060648e-05)]
MAR03632	[np.float64(6.713308228060648e-05)]
MAR03633	[np.float64(6.713308228060648e-05)]
MAR03634	[np.float64(6.713308228060648e-05)]
MAR03635	[np.float64(6.713308228060648e-05)]
MAR03636	[np.float64(6.713308228060648e-05)]
MAR03637	[np.float64(6.713308228060648e-05)]
MAR03638	[np.float64(6.713308228060648e-05)]
MAR03639	[np.float64(6.713308228060648e-05)]
MAR03640	[np.float64(6.713308228060648e-05)]
MAR03641	[np.float64(6.713308228060648e-05)]
MAR03642	[np.float64(6.713308228060648e-05)]
MAR03643	[np.float64(6.713308228060648e-05)]
MAR03644	[np.float64(6.713308228060648e-05)]
MAR03645	[np.float64(6.713308228060648e-05)]
MAR03646	[np.float64(6.713308228060648e-05)]
MAR03647	[np.float64(6.713308228060648e-05)]
MAR03648	[np.float64(6.713308228060648e-05)]
MAR03649	[np.float64(6.713308228060648e-05)]
MAR03650	[np.float64(6.713308228060648e-05)]
MAR03651	[np.float64(6.713308228060648e-05)]
MAR03652	[np.float64(6.713308228060648e-05)]
MAR03653	[np.float64(6.713308228060648e-05)]
MAR03654	[np.float64(6.713308228060648e-05)]
MAR03655	[np.float64(6.713308228060648e-05)]
MAR03656	[np.float64(6.713308228060648e-05)]
MAR03657	[np.float64(6.713308228060648e-05)]
MAR03658	[np.float64(6.713308228060648e-05)]
MAR03659	[np.float64(6.713308228060648e-05)]
MAR03660	[np.float64(6.713308228060648e-05)]
MAR03661	[np.float64(6.713308228060648e-05)]
MAR03662	[np.float64(6.713308228060648e-05)]
MAR03663	[np.float64(6.713308228060648e-05)]
MAR03664	[np.float64(6.713308228060648e-05)]
MAR03665	[np.float64(6.713308228060648e-05)]
MAR03666	[np.float64(6.713308228060648e-05)]
MAR03667	[np.float64(6.713308228060648e-05)]
MAR03668	[np.float64(6.713308228060648e-05)]
MAR03669	[np.float64(6.713308228060648e-05)]
MAR03670	[np.float64(6.713308228060648e-05)]
MAR03671	[np.float64(6.713308228060648e-05)]
MAR03672	[np.float64(6.713308228060648e-05)]
MAR03673	[np.float64(6.713308228060648e-05)]
MAR03674	[np.float64(6.713308228060648e-05)]
MAR03675	[np.float64(6.713308228060648e-05)]
MAR03676	[np.float64(6.713308228060648e-05)]
MAR03677	[np.float64(6.713308228060648e-05)]
MAR03678	[np.float64(6.713308228060648e-05)]
MAR03679	[np.float64(6.713308228060648e-05)]
MAR03680	[np.float64(6.713308228060648e-05)]
MAR03681	[np.float64(6.713308228060648e-05)]
MAR03682	[np.float64(6.713308228060648e-05)]
MAR03683	[np.float64(6.713308228060648e-05)]
MAR03684	[4.1892431193616604e-05]
MAR03685	[4.1892431193616604e-05]
MAR03686	[4.1892431193616604e-05]
MAR03687	[4.1892431193616604e-05]
MAR03688	[4.1892431193616604e-05]
MAR03689	[4.1892431193616604e-05]
MAR03690	[4.1892431193616604e-05]
MAR03691	[4.1892431193616604e-05]
MAR03692	[4.1892431193616604e-05]
MAR03693	[4.1892431193616604e-05]
MAR03694	[4.1892431193616604e-05]
MAR03695	[4.1892431193616604e-05]
MAR03696	[4.1892431193616604e-05]
MAR03697	[4.1892431193616604e-05]
MAR03698	[4.1892431193616604e-05]
MAR03699	[4.1892431193616604e-05]
MAR03700	[4.1892431193616604e-05]
MAR03701	[4.1892431193616604e-05]
MAR03702	[4.1892431193616604e-05]
MAR03703	[4.1892431193616604e-05]
MAR03704	[4.1892431193616604e-05]
MAR03705	[4.1892431193616604e-05]
MAR03706	[4.1892431193616604e-05]
MAR03707	[4.1892431193616604e-05]
MAR03708	[4.1892431193616604e-05]
MAR03709	[4.1892431193616604e-05]
MAR03710	[4.1892431193616604e-05]
MAR03711	[4.1892431193616604e-05]
MAR03712	[4.1892431193616604e-05]
MAR03713	[4.1892431193616604e-05]
MAR03714	[4.1892431193616604e-05]
MAR03715	[4.1892431193616604e-05]
MAR03716	[4.1892431193616604e-05]
MAR03717	[4.1892431193616604e-05]
MAR03718	[4.1892431193616604e-05]
MAR03719	[4.1892431193616604e-05]
MAR03720	[4.1892431193616604e-05]
MAR03721	[4.1892431193616604e-05]
MAR03722	[4.1892431193616604e-05]
MAR03723	[4.1892431193616604e-05]
MAR03724	[4.1892431193616604e-05]
MAR03725	[4.1892431193616604e-05]
MAR03726	[4.1892431193616604e-05]
MAR03727	[4.1892431193616604e-05]
MAR03728	[4.1892431193616604e-05]
MAR03729	[4.1892431193616604e-05]
MAR03730	[4.1892431193616604e-05]
MAR03731	[4.1892431193616604e-05]
MAR03732	[4.1892431193616604e-05]
MAR03733	[4.1892431193616604e-05]
MAR03734	[4.1892431193616604e-05]
MAR03735	[4.1892431193616604e-05]
MAR03736	[4.1892431193616604e-05]
MAR03737	[4.1892431193616604e-05]
MAR03738	[4.1892431193616604e-05]
MAR03739	[4.1892431193616604e-05]
MAR03740	[4.1892431193616604e-05]
MAR03741	[4.1892431193616604e-05]
MAR03742	[4.1892431193616604e-05]
MAR00715	[np.float64(6.713308228060648e-05)]
MAR00716	[np.float64(6.713308228060648e-05)]
MAR00733	[np.float64(6.713308228060648e-05)]
MAR00735	[np.float64(6.713308228060648e-05)]
MAR00736	[np.float64(6.713308228060648e-05)]
MAR00738	[np.float64(6.713308228060648e-05)]
MAR00741	[np.float64(6.713308228060648e-05)]
MAR00744	[np.float64(6.713308228060648e-05)]
MAR00746	[np.float64(6.713308228060648e-05)]
MAR00748	[np.float64(6.713308228060648e-05)]
MAR00750	[np.float64(6.713308228060648e-05)]
MAR00753	[np.float64(6.713308228060648e-05)]
MAR00754	[np.float64(6.713308228060648e-05)]
MAR00758	[np.float64(6.713308228060648e-05)]
MAR00760	[np.float64(6.713308228060648e-05)]
MAR00761	[np.float64(6.713308228060648e-05)]
MAR00762	[np.float64(6.713308228060648e-05)]
MAR00763	[8.4310167750605e-05]
MAR00765	[np.float64(6.713308228060648e-05)]
MAR00766	[np.float64(6.713308228060648e-05)]
MAR00767	[np.float64(6.713308228060648e-05)]
MAR00773	[np.float64(6.713308228060648e-05)]
MAR00775	[np.float64(6.713308228060648e-05)]
MAR00779	[np.float64(6.713308228060648e-05)]
MAR00781	[8.4310167750605e-05]
MAR00783	[np.float64(6.713308228060648e-05)]
MAR00795	[np.float64(6.713308228060648e-05)]
MAR08147	[np.float64(6.713308228060648e-05)]
MAR08148	[0.004176838530359184]
MAR08149	[np.float64(6.713308228060648e-05)]
MAR08150	[0.0059643768572906234]
MAR08151	[np.float64(6.713308228060648e-05)]
MAR08152	[np.float64(6.713308228060648e-05)]
MAR08155	[np.float64(6.713308228060648e-05)]
MAR08156	[np.float64(6.713308228060648e-05)]
MAR08159	[np.float64(6.713308228060648e-05)]
MAR08162	[0.0086953325602442]
MAR08165	[8.4310167750605e-05]
MAR08166	[np.float64(6.713308228060648e-05)]
MAR08167	[np.float64(6.713308228060648e-05)]
MAR08168	[np.float64(6.713308228060648e-05)]
MAR08169	[np.float64(6.713308228060648e-05)]
MAR08170	[np.float64(6.713308228060648e-05)]
MAR08171	[0.00906218291663845]
MAR08172	[np.float64(6.713308228060648e-05)]
MAR08173	[np.float64(6.713308228060648e-05)]
MAR08174	[np.float64(6.713308228060648e-05)]
MAR08175	[0.0059643768572906234]
MAR08176	[np.float64(6.713308228060648e-05)]
MAR08177	[0.00906218291663845]
MAR08178	[0.0059643768572906234]
MAR08179	[0.0086953325602442]
MAR08180	[0.00906218291663845]
MAR08181	[0.00906218291663845]
MAR08182	[0.00906218291663845]
MAR08183	[0.00906218291663845]
MAR08184	[0.004648802588729832]
MAR08185	[np.float64(6.713308228060648e-05)]
MAR08186	[np.float64(6.713308228060648e-05)]
MAR08187	[np.float64(6.713308228060648e-05)]
MAR08188	[np.float64(6.713308228060648e-05)]
MAR08189	[np.float64(6.713308228060648e-05)]
MAR08190	[8.4310167750605e-05]
MAR08191	[8.4310167750605e-05]
MAR08192	[8.4310167750605e-05]
MAR08194	[np.float64(6.713308228060648e-05)]
MAR08197	[8.4310167750605e-05]
MAR08198	[np.float64(6.713308228060648e-05)]
MAR08201	[np.float64(6.713308228060648e-05)]
MAR00786	[np.float64(6.713308228060648e-05)]
MAR08206	[0.005870013361635331]
MAR08209	[np.float64(6.713308228060648e-05)]
MAR08210	[0.004214386547489437]
MAR08211	[np.float64(6.713308228060648e-05)]
MAR08212	[0.005870013361635331]
MAR08217	[np.float64(6.713308228060648e-05)]
MAR08219	[np.float64(6.713308228060648e-05)]
MAR08220	[np.float64(6.713308228060648e-05)]
MAR08221	[np.float64(6.713308228060648e-05)]
MAR08224	[np.float64(6.713308228060648e-05)]
MAR08226	[np.float64(6.713308228060648e-05)]
MAR08227	[np.float64(6.713308228060648e-05)]
MAR08228	[np.float64(6.713308228060648e-05)]
MAR08233	[np.float64(6.713308228060648e-05)]
MAR08235	[np.float64(6.713308228060648e-05)]
MAR08237	[np.float64(6.713308228060648e-05)]
MAR08238	[np.float64(6.713308228060648e-05)]
MAR08242	[0.0043702273628809275]
MAR08245	[8.4310167750605e-05]
MAR08246	[np.float64(6.713308228060648e-05)]
MAR08248	[np.float64(6.713308228060648e-05)]
MAR08249	[np.float64(6.713308228060648e-05)]
MAR08250	[np.float64(6.713308228060648e-05)]
MAR08251	[np.float64(6.713308228060648e-05)]
MAR00453	[np.float64(6.713308228060648e-05)]
MAR00456	[np.float64(6.713308228060648e-05)]
MAR00458	[np.float64(6.713308228060648e-05)]
MAR00459	[np.float64(6.713308228060648e-05)]
MAR00463	[np.float64(6.713308228060648e-05)]
MAR00486	[np.float64(6.713308228060648e-05)]
MAR00487	[np.float64(6.713308228060648e-05)]
MAR00488	[np.float64(6.713308228060648e-05)]
MAR00489	[np.float64(6.713308228060648e-05)]
MAR00490	[np.float64(6.713308228060648e-05)]
MAR00491	[np.float64(6.713308228060648e-05)]
MAR00492	[np.float64(6.713308228060648e-05)]
MAR00493	[np.float64(6.713308228060648e-05)]
MAR00494	[np.float64(6.713308228060648e-05)]
MAR00495	[np.float64(6.713308228060648e-05)]
MAR00496	[np.float64(6.713308228060648e-05)]
MAR00497	[np.float64(6.713308228060648e-05)]
MAR00498	[np.float64(6.713308228060648e-05)]
MAR00499	[np.float64(6.713308228060648e-05)]
MAR00500	[np.float64(6.713308228060648e-05)]
MAR00501	[np.float64(6.713308228060648e-05)]
MAR00502	[np.float64(6.713308228060648e-05)]
MAR00503	[np.float64(6.713308228060648e-05)]
MAR00504	[np.float64(6.713308228060648e-05)]
MAR00505	[np.float64(6.713308228060648e-05)]
MAR00506	[np.float64(6.713308228060648e-05)]
MAR00507	[np.float64(6.713308228060648e-05)]
MAR00508	[np.float64(6.713308228060648e-05)]
MAR00509	[np.float64(6.713308228060648e-05)]
MAR00510	[np.float64(6.713308228060648e-05)]
MAR00511	[np.float64(6.713308228060648e-05)]
MAR00512	[np.float64(6.713308228060648e-05)]
MAR00513	[np.float64(6.713308228060648e-05)]
MAR00514	[np.float64(6.713308228060648e-05)]
MAR00515	[np.float64(6.713308228060648e-05)]
MAR00516	[np.float64(6.713308228060648e-05)]
MAR00517	[np.float64(6.713308228060648e-05)]
MAR00518	[np.float64(6.713308228060648e-05)]
MAR00519	[np.float64(6.713308228060648e-05)]
MAR00520	[np.float64(6.713308228060648e-05)]
MAR00521	[np.float64(6.713308228060648e-05)]
MAR00522	[np.float64(6.713308228060648e-05)]
MAR00523	[np.float64(6.713308228060648e-05)]
MAR00524	[np.float64(6.713308228060648e-05)]
MAR00525	[np.float64(6.713308228060648e-05)]
MAR00526	[np.float64(6.713308228060648e-05)]
MAR00527	[np.float64(6.713308228060648e-05)]
MAR00528	[np.float64(6.713308228060648e-05)]
MAR00529	[np.float64(6.713308228060648e-05)]
MAR00530	[np.float64(6.713308228060648e-05)]
MAR00531	[np.float64(6.713308228060648e-05)]
MAR00532	[np.float64(6.713308228060648e-05)]
MAR00533	[np.float64(6.713308228060648e-05)]
MAR00534	[np.float64(6.713308228060648e-05)]
MAR00535	[np.float64(6.713308228060648e-05)]
MAR00536	[np.float64(6.713308228060648e-05)]
MAR00537	[np.float64(6.713308228060648e-05)]
MAR00538	[np.float64(6.713308228060648e-05)]
MAR00539	[np.float64(6.713308228060648e-05)]
MAR00540	[np.float64(6.713308228060648e-05)]
MAR00541	[np.float64(6.713308228060648e-05)]
MAR00542	[np.float64(6.713308228060648e-05)]
MAR00543	[np.float64(6.713308228060648e-05)]
MAR00544	[np.float64(6.713308228060648e-05)]
MAR00588	[2.9037379183842352e-05]
MAR00596	[np.float64(6.713308228060648e-05)]
MAR00673	[np.float64(6.713308228060648e-05)]
MAR00674	[np.float64(6.713308228060648e-05)]
MAR00675	[np.float64(6.713308228060648e-05)]
MAR00676	[np.float64(6.713308228060648e-05)]
MAR00677	[np.float64(6.713308228060648e-05)]
MAR00678	[np.float64(6.713308228060648e-05)]
MAR04296	[0.00906218291663845]
MAR04390	[np.float64(6.713308228060648e-05)]
MAR05254	[np.float64(6.713308228060648e-05)]
MAR07599	[np.float64(6.713308228060648e-05)]
MAR00448	[np.float64(6.713308228060648e-05)]
MAR00450	[np.float64(6.713308228060648e-05)]
MAR00468	[np.float64(6.713308228060648e-05)]
MAR00479	[np.float64(6.713308228060648e-05)]
MAR00481	[np.float64(6.713308228060648e-05)]
MAR00484	[np.float64(6.713308228060648e-05)]
MAR00579	[np.float64(6.713308228060648e-05)]
MAR00580	[2.9037379183842352e-05]
MAR00581	[np.float64(6.713308228060648e-05)]
MAR00582	[np.float64(6.713308228060648e-05)]
MAR00584	[8.4310167750605e-05]
MAR00586	[np.float64(6.713308228060648e-05)]
MAR00589	[2.9037379183842352e-05]
MAR00590	[2.9037379183842352e-05]
MAR00591	[2.9037379183842352e-05]
MAR00592	[2.9037379183842352e-05]
MAR00593	[2.9037379183842352e-05]
MAR00594	[2.9037379183842352e-05]
MAR00597	[np.float64(6.713308228060648e-05)]
MAR00598	[np.float64(6.713308228060648e-05)]
MAR00599	[np.float64(6.713308228060648e-05)]
MAR00600	[np.float64(6.713308228060648e-05)]
MAR00601	[np.float64(6.713308228060648e-05)]
MAR00602	[np.float64(6.713308228060648e-05)]
MAR00610	[np.float64(6.713308228060648e-05)]
MAR00613	[np.float64(6.713308228060648e-05)]
MAR00614	[np.float64(6.713308228060648e-05)]
MAR00615	[np.float64(6.713308228060648e-05)]
MAR00616	[np.float64(6.713308228060648e-05)]
MAR00622	[np.float64(6.713308228060648e-05)]
MAR00623	[np.float64(6.713308228060648e-05)]
MAR00625	[np.float64(6.713308228060648e-05)]
MAR00627	[np.float64(6.713308228060648e-05)]
MAR00629	[np.float64(6.713308228060648e-05)]
MAR00630	[np.float64(6.713308228060648e-05)]
MAR00632	[np.float64(6.713308228060648e-05)]
MAR00633	[np.float64(6.713308228060648e-05)]
MAR00634	[np.float64(6.713308228060648e-05)]
MAR00635	[np.float64(6.713308228060648e-05)]
MAR00636	[np.float64(6.713308228060648e-05)]
MAR00638	[np.float64(6.713308228060648e-05)]
MAR00640	[0.00906218291663845]
MAR00641	[0.006374710832933714]
MAR00642	[np.float64(6.713308228060648e-05)]
MAR00643	[np.float64(6.713308228060648e-05)]
MAR00644	[np.float64(6.713308228060648e-05)]
MAR00645	[np.float64(6.713308228060648e-05)]
MAR00646	[np.float64(6.713308228060648e-05)]
MAR00647	[8.4310167750605e-05]
MAR00648	[np.float64(6.713308228060648e-05)]
MAR00649	[0.006935796717097496]
MAR00651	[np.float64(6.713308228060648e-05)]
MAR00653	[np.float64(6.713308228060648e-05)]
MAR00654	[np.float64(6.713308228060648e-05)]
MAR00657	[np.float64(6.713308228060648e-05)]
MAR00659	[8.4310167750605e-05]
MAR00660	[np.float64(6.713308228060648e-05)]
MAR04627	[0.004648802588729832]
MAR04838	[0.004648802588729832]
MAR04839	[0.004648802588729832]
MAR07591	[np.float64(6.713308228060648e-05)]
MAR07594	[np.float64(6.713308228060648e-05)]
MAR07597	[8.4310167750605e-05]
MAR07601	[8.4310167750605e-05]
MAR07611	[np.float64(6.713308228060648e-05)]
MAR07612	[0.004214386547489437]
MAR07613	[np.float64(6.713308228060648e-05)]
MAR07755	[np.float64(6.713308228060648e-05)]
MAR08362	[0.00906218291663845]
MAR08421	[0.006374710832933714]
MAR08424	[0.006935796717097496]
MAR08518	[np.float64(6.713308228060648e-05)]
MAR08519	[0.004214386547489437]
MAR08521	[np.float64(6.713308228060648e-05)]
MAR08522	[8.4310167750605e-05]
MAR08523	[np.float64(6.713308228060648e-05)]
MAR08525	[np.float64(6.713308228060648e-05)]
MAR09805	[0.00906218291663845]
MAR00815	[8.4310167750605e-05]
MAR00816	[np.float64(6.713308228060648e-05)]
MAR00817	[np.float64(6.713308228060648e-05)]
MAR00819	[np.float64(6.713308228060648e-05)]
MAR00820	[0.004648802588729832]
MAR00821	[np.float64(6.713308228060648e-05)]
MAR00822	[0.00906218291663845]
MAR00823	[np.float64(6.713308228060648e-05)]
MAR00824	[0.004648802588729832]
MAR00825	[np.float64(6.713308228060648e-05)]
MAR00827	[8.4310167750605e-05]
MAR00828	[np.float64(6.713308228060648e-05)]
MAR00829	[np.float64(6.713308228060648e-05)]
MAR00830	[np.float64(6.713308228060648e-05)]
MAR00837	[np.float64(6.713308228060648e-05)]
MAR00838	[np.float64(6.713308228060648e-05)]
MAR00839	[0.00906218291663845]
MAR00840	[0.0059643768572906234]
MAR00841	[0.0086953325602442]
MAR00842	[8.4310167750605e-05]
MAR00843	[np.float64(6.713308228060648e-05)]
MAR00844	[np.float64(6.713308228060648e-05)]
MAR00845	[np.float64(6.713308228060648e-05)]
MAR00846	[0.00906218291663845]
MAR00847	[np.float64(6.713308228060648e-05)]
MAR00848	[0.0059643768572906234]
MAR00849	[np.float64(6.713308228060648e-05)]
MAR00850	[np.float64(6.713308228060648e-05)]
MAR00851	[0.0086953325602442]
MAR00852	[0.0086953325602442]
MAR00853	[0.0086953325602442]
MAR00854	[0.0086953325602442]
MAR00855	[0.0086953325602442]
MAR00856	[8.4310167750605e-05]
MAR00857	[np.float64(6.713308228060648e-05)]
MAR00858	[np.float64(6.713308228060648e-05)]
MAR00928	[0.005870013361635331]
MAR00801	[0.004176838530359184]
MAR00803	[np.float64(6.713308228060648e-05)]
MAR00805	[np.float64(6.713308228060648e-05)]
MAR00806	[np.float64(6.713308228060648e-05)]
MAR00807	[np.float64(6.713308228060648e-05)]
MAR00809	[0.0059643768572906234]
MAR00810	[np.float64(6.713308228060648e-05)]
MAR00811	[np.float64(6.713308228060648e-05)]
MAR00812	[np.float64(6.713308228060648e-05)]
MAR00813	[np.float64(6.713308228060648e-05)]
MAR00814	[0.0086953325602442]
MAR00859	[np.float64(6.713308228060648e-05)]
MAR00860	[0.0059643768572906234]
MAR00861	[np.float64(6.713308228060648e-05)]
MAR00862	[0.004648802588729832]
MAR00863	[0.004648802588729832]
MAR00864	[np.float64(6.713308228060648e-05)]
MAR00865	[np.float64(6.713308228060648e-05)]
MAR00866	[np.float64(6.713308228060648e-05)]
MAR00867	[np.float64(6.713308228060648e-05)]
MAR00868	[np.float64(6.713308228060648e-05)]
MAR00870	[0.004648802588729832]
MAR00871	[0.004648802588729832]
MAR00873	[0.004648802588729832]
MAR00875	[np.float64(6.713308228060648e-05)]
MAR00876	[np.float64(6.713308228060648e-05)]
MAR00877	[0.0086953325602442]
MAR00878	[8.276259811459243e-05]
MAR00879	[np.float64(6.713308228060648e-05)]
MAR00880	[np.float64(6.713308228060648e-05)]
MAR00881	[np.float64(6.713308228060648e-05)]
MAR00882	[8.276259811459243e-05]
MAR00883	[np.float64(6.713308228060648e-05)]
MAR00884	[np.float64(6.713308228060648e-05)]
MAR00885	[8.4310167750605e-05]
MAR00886	[np.float64(6.713308228060648e-05)]
MAR00887	[np.float64(6.713308228060648e-05)]
MAR00888	[8.276259811459243e-05]
MAR00889	[np.float64(6.713308228060648e-05)]
MAR00890	[np.float64(6.713308228060648e-05)]
MAR00891	[np.float64(6.713308228060648e-05)]
MAR00892	[np.float64(6.713308228060648e-05)]
MAR00893	[8.276259811459243e-05]
MAR00894	[8.276259811459243e-05]
MAR00895	[8.276259811459243e-05]
MAR00896	[8.276259811459243e-05]
MAR00897	[8.276259811459243e-05]
MAR00898	[np.float64(6.713308228060648e-05)]
MAR00899	[8.276259811459243e-05]
MAR00900	[8.276259811459243e-05]
MAR00901	[np.float64(6.713308228060648e-05)]
MAR00902	[np.float64(6.713308228060648e-05)]
MAR00903	[8.4310167750605e-05]
MAR00904	[np.float64(6.713308228060648e-05)]
MAR00905	[np.float64(6.713308228060648e-05)]
MAR00906	[0.005489941701390298]
MAR00907	[8.4310167750605e-05]
MAR00908	[np.float64(6.713308228060648e-05)]
MAR00909	[np.float64(6.713308228060648e-05)]
MAR00910	[np.float64(6.713308228060648e-05)]
MAR00911	[8.276259811459243e-05]
MAR00912	[8.4310167750605e-05]
MAR00787	[np.float64(6.713308228060648e-05)]
MAR00790	[np.float64(6.713308228060648e-05)]
MAR00792	[0.005870013361635331]
MAR00793	[0.004214386547489437]
MAR00794	[0.004648802588729832]
MAR00797	[np.float64(6.713308228060648e-05)]
MAR00804	[np.float64(6.713308228060648e-05)]
MAR00808	[np.float64(6.713308228060648e-05)]
MAR00826	[np.float64(6.713308228060648e-05)]
MAR00832	[np.float64(6.713308228060648e-05)]
MAR00834	[np.float64(6.713308228060648e-05)]
MAR00835	[np.float64(6.713308228060648e-05)]
MAR00836	[np.float64(6.713308228060648e-05)]
MAR00914	[0.004214386547489437]
MAR00915	[0.005870013361635331]
MAR00919	[np.float64(6.713308228060648e-05)]
MAR00920	[np.float64(6.713308228060648e-05)]
MAR00921	[np.float64(6.713308228060648e-05)]
MAR00924	[np.float64(6.713308228060648e-05)]
MAR00925	[np.float64(6.713308228060648e-05)]
MAR00926	[np.float64(6.713308228060648e-05)]
MAR07188	[0.0059643768572906234]
MAR08378	[np.float64(6.713308228060648e-05)]
MAR08379	[np.float64(6.713308228060648e-05)]
MAR07185	[np.float64(6.713308228060648e-05)]
MAR08380	[np.float64(6.713308228060648e-05)]
MAR07186	[np.float64(6.713308228060648e-05)]
MAR08381	[np.float64(6.713308228060648e-05)]
MAR07187	[np.float64(6.713308228060648e-05)]
MAR08383	[np.float64(6.713308228060648e-05)]
MAR08384	[np.float64(6.713308228060648e-05)]
MAR08385	[np.float64(6.713308228060648e-05)]
MAR08387	[np.float64(6.713308228060648e-05)]
MAR08388	[np.float64(6.713308228060648e-05)]
MAR08389	[np.float64(6.713308228060648e-05)]
MAR08390	[np.float64(6.713308228060648e-05)]
MAR08391	[np.float64(6.713308228060648e-05)]
MAR08392	[np.float64(6.713308228060648e-05)]
MAR08393	[np.float64(6.713308228060648e-05)]
MAR08394	[np.float64(6.713308228060648e-05)]
MAR08395	[np.float64(6.713308228060648e-05)]
MAR08396	[np.float64(6.713308228060648e-05)]
MAR08397	[np.float64(6.713308228060648e-05)]
MAR08398	[np.float64(6.713308228060648e-05)]
MAR08399	[np.float64(6.713308228060648e-05)]
MAR08401	[np.float64(6.713308228060648e-05)]
MAR08402	[np.float64(6.713308228060648e-05)]
MAR08403	[np.float64(6.713308228060648e-05)]
MAR08404	[np.float64(6.713308228060648e-05)]
MAR08405	[np.float64(6.713308228060648e-05)]
MAR08406	[np.float64(6.713308228060648e-05)]
MAR08407	[np.float64(6.713308228060648e-05)]
MAR01979	[0.0055600173574716395]
MAR01980	[0.0055600173574716395]
MAR01981	[0.00906218291663845]
MAR01985	[0.0043702273628809275]
MAR01987	[0.0043702273628809275]
MAR01988	[0.00906218291663845]
MAR01995	[0.00906218291663845]
MAR01996	[0.00906218291663845]
MAR01999	[0.0043702273628809275]
MAR02000	[0.0043702273628809275]
MAR02001	[0.0043702273628809275]
MAR01305	[np.float64(6.713308228060648e-05)]
MAR01307	[np.float64(6.713308228060648e-05)]
MAR01308	[0.00906218291663845]
MAR01310	[8.4310167750605e-05]
MAR01312	[2.9037379183842352e-05]
MAR01313	[0.006935796717097496]
MAR01315	[8.4310167750605e-05]
MAR01317	[8.4310167750605e-05]
MAR01318	[8.4310167750605e-05]
MAR01319	[8.4310167750605e-05]
MAR01320	[8.4310167750605e-05]
MAR01321	[np.float64(6.713308228060648e-05)]
MAR01322	[8.4310167750605e-05]
MAR01323	[8.4310167750605e-05]
MAR01324	[8.4310167750605e-05]
MAR01325	[np.float64(6.713308228060648e-05)]
MAR01326	[np.float64(6.713308228060648e-05)]
MAR01327	[np.float64(6.713308228060648e-05)]
MAR01328	[8.4310167750605e-05]
MAR01329	[np.float64(6.713308228060648e-05)]
MAR01330	[0.00906218291663845]
MAR01332	[8.4310167750605e-05]
MAR01333	[8.4310167750605e-05]
MAR01334	[8.4310167750605e-05]
MAR01335	[8.4310167750605e-05]
MAR01336	[8.4310167750605e-05]
MAR01337	[8.4310167750605e-05]
MAR01338	[8.4310167750605e-05]
MAR01339	[0.006935796717097496]
MAR01341	[8.4310167750605e-05]
MAR01342	[8.4310167750605e-05]
MAR01343	[8.4310167750605e-05]
MAR01344	[np.float64(6.713308228060648e-05)]
MAR01345	[8.4310167750605e-05]
MAR01346	[np.float64(6.713308228060648e-05)]
MAR01347	[np.float64(6.713308228060648e-05)]
MAR01350	[np.float64(6.713308228060648e-05)]
MAR01352	[np.float64(6.713308228060648e-05)]
MAR01355	[8.4310167750605e-05]
MAR01356	[8.4310167750605e-05]
MAR01357	[8.4310167750605e-05]
MAR01358	[8.4310167750605e-05]
MAR01359	[8.4310167750605e-05]
MAR01360	[8.4310167750605e-05]
MAR01361	[8.4310167750605e-05]
MAR01362	[8.4310167750605e-05]
MAR01363	[8.4310167750605e-05]
MAR01364	[8.4310167750605e-05]
MAR01365	[8.4310167750605e-05]
MAR01366	[8.4310167750605e-05]
MAR01367	[2.9037379183842352e-05]
MAR01370	[2.9037379183842352e-05]
MAR01373	[8.4310167750605e-05]
MAR01374	[8.4310167750605e-05]
MAR01375	[8.4310167750605e-05]
MAR01376	[8.4310167750605e-05]
MAR01379	[2.9037379183842352e-05]
MAR01382	[np.float64(6.713308228060648e-05)]
MAR01383	[8.4310167750605e-05]
MAR01384	[2.9037379183842352e-05]
MAR01387	[np.float64(6.713308228060648e-05)]
MAR01388	[0.0059643768572906234]
MAR01389	[8.4310167750605e-05]
MAR01390	[np.float64(6.713308228060648e-05)]
MAR01391	[np.float64(6.713308228060648e-05)]
MAR01393	[np.float64(6.713308228060648e-05)]
MAR01394	[2.9037379183842352e-05]
MAR01395	[np.float64(6.713308228060648e-05)]
MAR01398	[2.9037379183842352e-05]
MAR01401	[8.4310167750605e-05]
MAR01402	[8.4310167750605e-05]
MAR00703	[np.float64(6.713308228060648e-05)]
MAR00705	[np.float64(6.713308228060648e-05)]
MAR00706	[np.float64(6.713308228060648e-05)]
MAR00708	[np.float64(6.713308228060648e-05)]
MAR07598	[np.float64(6.713308228060648e-05)]
MAR07600	[np.float64(6.713308228060648e-05)]
MAR07602	[np.float64(6.713308228060648e-05)]
MAR07603	[np.float64(6.713308228060648e-05)]
MAR07604	[np.float64(6.713308228060648e-05)]
MAR07605	[np.float64(6.713308228060648e-05)]
MAR07606	[0.00906218291663845]
MAR07607	[0.00906218291663845]
MAR07610	[np.float64(6.713308228060648e-05)]
MAR07614	[np.float64(6.713308228060648e-05)]
MAR07615	[np.float64(6.713308228060648e-05)]
MAR07200	[np.float64(6.713308228060648e-05)]
MAR07202	[np.float64(6.713308228060648e-05)]
MAR07203	[np.float64(6.713308228060648e-05)]
MAR07205	[np.float64(6.713308228060648e-05)]
MAR07206	[np.float64(6.713308228060648e-05)]
MAR07207	[np.float64(6.713308228060648e-05)]
MAR07208	[np.float64(6.713308228060648e-05)]
MAR07209	[np.float64(6.713308228060648e-05)]
MAR07210	[np.float64(6.713308228060648e-05)]
MAR07211	[np.float64(6.713308228060648e-05)]
MAR07212	[np.float64(6.713308228060648e-05)]
MAR07213	[np.float64(6.713308228060648e-05)]
MAR07214	[np.float64(6.713308228060648e-05)]
MAR07215	[np.float64(6.713308228060648e-05)]
MAR07216	[np.float64(6.713308228060648e-05)]
MAR07217	[np.float64(6.713308228060648e-05)]
MAR07218	[np.float64(6.713308228060648e-05)]
MAR07219	[np.float64(6.713308228060648e-05)]
MAR07220	[np.float64(6.713308228060648e-05)]
MAR07221	[np.float64(6.713308228060648e-05)]
MAR07222	[np.float64(6.713308228060648e-05)]
MAR07490	[8.4310167750605e-05]
MAR07491	[np.float64(6.713308228060648e-05)]
MAR07492	[np.float64(6.713308228060648e-05)]
MAR07493	[3.5003963581731235e-05]
MAR07494	[3.5003963581731235e-05]
MAR07495	[3.5003963581731235e-05]
MAR07496	[3.5003963581731235e-05]
MAR07497	[8.4310167750605e-05]
MAR07498	[np.float64(6.713308228060648e-05)]
MAR07509	[np.float64(6.713308228060648e-05)]
MAR07510	[np.float64(6.713308228060648e-05)]
MAR07519	[np.float64(6.713308228060648e-05)]
MAR07520	[3.5003963581731235e-05]
MAR07521	[3.5003963581731235e-05]
MAR07522	[np.float64(6.713308228060648e-05)]
MAR07534	[0.004214386547489437]
MAR07535	[3.5003963581731235e-05]
MAR07536	[3.5003963581731235e-05]
MAR07537	[np.float64(6.713308228060648e-05)]
MAR07538	[0.004214386547489437]
MAR07551	[np.float64(6.713308228060648e-05)]
MAR07552	[np.float64(6.713308228060648e-05)]
MAR07553	[np.float64(6.713308228060648e-05)]
MAR07554	[8.4310167750605e-05]
MAR07501	[8.4310167750605e-05]
MAR07502	[0.0043702273628809275]
MAR07503	[np.float64(6.713308228060648e-05)]
MAR07504	[np.float64(6.713308228060648e-05)]
MAR07505	[np.float64(6.713308228060648e-05)]
MAR07506	[0.0043702273628809275]
MAR07507	[np.float64(6.713308228060648e-05)]
MAR07508	[8.4310167750605e-05]
MAR07513	[8.4310167750605e-05]
MAR07514	[0.0043702273628809275]
MAR07515	[np.float64(6.713308228060648e-05)]
MAR07516	[np.float64(6.713308228060648e-05)]
MAR07517	[np.float64(6.713308228060648e-05)]
MAR07518	[np.float64(6.713308228060648e-05)]
MAR07525	[8.4310167750605e-05]
MAR07526	[3.6593123089299434e-05]
MAR07527	[np.float64(6.713308228060648e-05)]
MAR07528	[np.float64(6.713308228060648e-05)]
MAR07529	[np.float64(6.713308228060648e-05)]
MAR07530	[3.6593123089299434e-05]
MAR07531	[np.float64(6.713308228060648e-05)]
MAR07532	[np.float64(6.713308228060648e-05)]
MAR07533	[8.4310167750605e-05]
MAR07541	[8.4310167750605e-05]
MAR07542	[3.6593123089299434e-05]
MAR07543	[np.float64(6.713308228060648e-05)]
MAR07544	[np.float64(6.713308228060648e-05)]
MAR07545	[8.4310167750605e-05]
MAR07546	[np.float64(6.713308228060648e-05)]
MAR07547	[3.6593123089299434e-05]
MAR07548	[np.float64(6.713308228060648e-05)]
MAR07549	[np.float64(6.713308228060648e-05)]
MAR07550	[8.4310167750605e-05]
MAR07557	[8.4310167750605e-05]
MAR07558	[0.0043702273628809275]
MAR07559	[np.float64(6.713308228060648e-05)]
MAR07560	[3.6593123089299434e-05]
MAR07561	[np.float64(6.713308228060648e-05)]
MAR07562	[np.float64(6.713308228060648e-05)]
MAR07563	[np.float64(6.713308228060648e-05)]
MAR07564	[0.0043702273628809275]
MAR07565	[3.6593123089299434e-05]
MAR07566	[np.float64(6.713308228060648e-05)]
MAR07567	[8.4310167750605e-05]
MAR07225	[np.float64(6.713308228060648e-05)]
MAR07226	[np.float64(6.713308228060648e-05)]
MAR07227	[np.float64(6.713308228060648e-05)]
MAR07228	[np.float64(6.713308228060648e-05)]
MAR07229	[np.float64(6.713308228060648e-05)]
MAR07230	[np.float64(6.713308228060648e-05)]
MAR07231	[np.float64(6.713308228060648e-05)]
MAR07232	[np.float64(6.713308228060648e-05)]
MAR07233	[np.float64(6.713308228060648e-05)]
MAR07234	[np.float64(6.713308228060648e-05)]
MAR07235	[np.float64(6.713308228060648e-05)]
MAR07236	[8.4310167750605e-05]
MAR07237	[np.float64(6.713308228060648e-05)]
MAR07238	[np.float64(6.713308228060648e-05)]
MAR07239	[np.float64(6.713308228060648e-05)]
MAR07240	[np.float64(6.713308228060648e-05)]
MAR07241	[np.float64(6.713308228060648e-05)]
MAR07242	[np.float64(6.713308228060648e-05)]
MAR07243	[8.4310167750605e-05]
MAR07244	[np.float64(6.713308228060648e-05)]
MAR07245	[np.float64(6.713308228060648e-05)]
MAR07246	[np.float64(6.713308228060648e-05)]
MAR07247	[np.float64(6.713308228060648e-05)]
MAR07248	[np.float64(6.713308228060648e-05)]
MAR07249	[8.4310167750605e-05]
MAR07250	[np.float64(6.713308228060648e-05)]
MAR07251	[8.4310167750605e-05]
MAR07571	[np.float64(6.713308228060648e-05)]
MAR07572	[np.float64(6.713308228060648e-05)]
MAR07573	[np.float64(6.713308228060648e-05)]
MAR07335	[np.float64(6.713308228060648e-05)]
MAR07336	[np.float64(6.713308228060648e-05)]
MAR07337	[np.float64(6.713308228060648e-05)]
MAR07338	[np.float64(6.713308228060648e-05)]
MAR07339	[0.0043702273628809275]
MAR07340	[np.float64(6.713308228060648e-05)]
MAR07341	[np.float64(6.713308228060648e-05)]
MAR07342	[0.0043702273628809275]
MAR07343	[np.float64(6.713308228060648e-05)]
MAR07344	[np.float64(6.713308228060648e-05)]
MAR07345	[0.0043702273628809275]
MAR07346	[np.float64(6.713308228060648e-05)]
MAR07347	[np.float64(6.713308228060648e-05)]
MAR07348	[0.0043702273628809275]
MAR07349	[np.float64(6.713308228060648e-05)]
MAR07350	[np.float64(6.713308228060648e-05)]
MAR07351	[0.0043702273628809275]
MAR07352	[np.float64(6.713308228060648e-05)]
MAR07353	[np.float64(6.713308228060648e-05)]
MAR07354	[0.0043702273628809275]
MAR07355	[np.float64(6.713308228060648e-05)]
MAR07356	[np.float64(6.713308228060648e-05)]
MAR07357	[0.0043702273628809275]
MAR07358	[np.float64(6.713308228060648e-05)]
MAR07359	[np.float64(6.713308228060648e-05)]
MAR07360	[0.0043702273628809275]
MAR07361	[np.float64(6.713308228060648e-05)]
MAR07362	[np.float64(6.713308228060648e-05)]
MAR07363	[0.0043702273628809275]
MAR07364	[np.float64(6.713308228060648e-05)]
MAR07365	[np.float64(6.713308228060648e-05)]
MAR07366	[0.0043702273628809275]
MAR07367	[np.float64(6.713308228060648e-05)]
MAR07368	[np.float64(6.713308228060648e-05)]
MAR07369	[0.0043702273628809275]
MAR07370	[np.float64(6.713308228060648e-05)]
MAR07371	[np.float64(6.713308228060648e-05)]
MAR07442	[np.float64(6.713308228060648e-05)]
MAR07443	[np.float64(6.713308228060648e-05)]
MAR07444	[np.float64(6.713308228060648e-05)]
MAR07445	[np.float64(6.713308228060648e-05)]
MAR07446	[np.float64(6.713308228060648e-05)]
MAR07447	[0.0043702273628809275]
MAR07448	[np.float64(6.713308228060648e-05)]
MAR07449	[np.float64(6.713308228060648e-05)]
MAR07450	[0.0043702273628809275]
MAR07451	[np.float64(6.713308228060648e-05)]
MAR07452	[np.float64(6.713308228060648e-05)]
MAR07471	[np.float64(6.713308228060648e-05)]
MAR07472	[np.float64(6.713308228060648e-05)]
MAR07473	[np.float64(6.713308228060648e-05)]
MAR07474	[np.float64(6.713308228060648e-05)]
MAR07475	[np.float64(6.713308228060648e-05)]
MAR07476	[0.0043702273628809275]
MAR07477	[np.float64(6.713308228060648e-05)]
MAR07478	[np.float64(6.713308228060648e-05)]
MAR07479	[0.0043702273628809275]
MAR07480	[np.float64(6.713308228060648e-05)]
MAR07481	[np.float64(6.713308228060648e-05)]
MAR07373	[np.float64(6.713308228060648e-05)]
MAR07375	[np.float64(6.713308228060648e-05)]
MAR07376	[np.float64(6.713308228060648e-05)]
MAR07377	[np.float64(6.713308228060648e-05)]
MAR07378	[3.6593123089299434e-05]
MAR07379	[3.6593123089299434e-05]
MAR07380	[3.6593123089299434e-05]
MAR07381	[np.float64(6.713308228060648e-05)]
MAR07382	[np.float64(6.713308228060648e-05)]
MAR07383	[np.float64(6.713308228060648e-05)]
MAR07384	[3.6593123089299434e-05]
MAR07385	[np.float64(6.713308228060648e-05)]
MAR07386	[np.float64(6.713308228060648e-05)]
MAR07387	[np.float64(6.713308228060648e-05)]
MAR07388	[3.6593123089299434e-05]
MAR07389	[np.float64(6.713308228060648e-05)]
MAR07390	[np.float64(6.713308228060648e-05)]
MAR07391	[np.float64(6.713308228060648e-05)]
MAR07392	[3.6593123089299434e-05]
MAR07393	[np.float64(6.713308228060648e-05)]
MAR07394	[np.float64(6.713308228060648e-05)]
MAR07395	[np.float64(6.713308228060648e-05)]
MAR07396	[3.6593123089299434e-05]
MAR07397	[np.float64(6.713308228060648e-05)]
MAR07398	[np.float64(6.713308228060648e-05)]
MAR07399	[np.float64(6.713308228060648e-05)]
MAR07400	[3.6593123089299434e-05]
MAR07401	[np.float64(6.713308228060648e-05)]
MAR07402	[np.float64(6.713308228060648e-05)]
MAR07403	[np.float64(6.713308228060648e-05)]
MAR07404	[3.6593123089299434e-05]
MAR07405	[np.float64(6.713308228060648e-05)]
MAR07406	[np.float64(6.713308228060648e-05)]
MAR07407	[np.float64(6.713308228060648e-05)]
MAR07408	[3.6593123089299434e-05]
MAR07409	[np.float64(6.713308228060648e-05)]
MAR07410	[np.float64(6.713308228060648e-05)]
MAR07411	[np.float64(6.713308228060648e-05)]
MAR07412	[3.6593123089299434e-05]
MAR07413	[np.float64(6.713308228060648e-05)]
MAR07414	[np.float64(6.713308228060648e-05)]
MAR07415	[np.float64(6.713308228060648e-05)]
MAR07416	[3.6593123089299434e-05]
MAR07417	[np.float64(6.713308228060648e-05)]
MAR07418	[np.float64(6.713308228060648e-05)]
MAR07419	[np.float64(6.713308228060648e-05)]
MAR07420	[3.6593123089299434e-05]
MAR07421	[np.float64(6.713308228060648e-05)]
MAR07422	[np.float64(6.713308228060648e-05)]
MAR07423	[np.float64(6.713308228060648e-05)]
MAR07424	[3.6593123089299434e-05]
MAR07425	[np.float64(6.713308228060648e-05)]
MAR07426	[3.6593123089299434e-05]
MAR07427	[np.float64(6.713308228060648e-05)]
MAR07455	[3.6593123089299434e-05]
MAR07456	[3.6593123089299434e-05]
MAR07457	[3.6593123089299434e-05]
MAR07458	[np.float64(6.713308228060648e-05)]
MAR07459	[np.float64(6.713308228060648e-05)]
MAR07460	[np.float64(6.713308228060648e-05)]
MAR07461	[3.6593123089299434e-05]
MAR07462	[np.float64(6.713308228060648e-05)]
MAR07463	[np.float64(6.713308228060648e-05)]
MAR07464	[np.float64(6.713308228060648e-05)]
MAR07465	[3.6593123089299434e-05]
MAR07466	[np.float64(6.713308228060648e-05)]
MAR07467	[3.6593123089299434e-05]
MAR07468	[8.4310167750605e-05]
MAR07469	[np.float64(6.713308228060648e-05)]
MAR07484	[3.6593123089299434e-05]
MAR07485	[3.6593123089299434e-05]
MAR07486	[3.6593123089299434e-05]
MAR07487	[np.float64(6.713308228060648e-05)]
MAR07488	[np.float64(6.713308228060648e-05)]
MAR07489	[np.float64(6.713308228060648e-05)]
MAR08643	[np.float64(6.713308228060648e-05)]
MAR08645	[np.float64(6.713308228060648e-05)]
MAR08648	[0.004710908773887676]
MAR01581	[0.00906218291663845]
MAR01584	[np.float64(6.713308228060648e-05)]
MAR01585	[np.float64(6.713308228060648e-05)]
MAR01589	[0.00906218291663845]
MAR01590	[0.00906218291663845]
MAR01592	[8.4310167750605e-05]
MAR01593	[8.4310167750605e-05]
MAR01595	[0.008651765287144555]
MAR01598	[0.00906218291663845]
MAR01599	[np.float64(6.713308228060648e-05)]
MAR01604	[0.004648802588729832]
MAR01605	[0.004648802588729832]
MAR01608	[0.004648802588729832]
MAR01609	[0.004648802588729832]
MAR01610	[0.004648802588729832]
MAR01611	[0.004648802588729832]
MAR01613	[0.004648802588729832]
MAR01614	[0.004648802588729832]
MAR01617	[8.4310167750605e-05]
MAR01619	[np.float64(6.713308228060648e-05)]
MAR01620	[np.float64(6.713308228060648e-05)]
MAR01622	[np.float64(6.713308228060648e-05)]
MAR01623	[8.4310167750605e-05]
MAR01624	[np.float64(6.713308228060648e-05)]
MAR01625	[np.float64(6.713308228060648e-05)]
MAR01627	[np.float64(6.713308228060648e-05)]
MAR01629	[0.00906218291663845]
MAR01631	[0.00906218291663845]
MAR01632	[8.4310167750605e-05]
MAR01638	[np.float64(6.713308228060648e-05)]
MAR01642	[np.float64(6.713308228060648e-05)]
MAR01646	[np.float64(6.713308228060648e-05)]
MAR01652	[np.float64(6.713308228060648e-05)]
MAR01659	[2.982220531222946e-05]
MAR01660	[np.float64(6.713308228060648e-05)]
MAR01663	[np.float64(6.713308228060648e-05)]
MAR01665	[np.float64(6.713308228060648e-05)]
MAR01667	[0.005078061572815832]
MAR01668	[0.005078061572815832]
MAR01670	[0.005078061572815832]
MAR01673	[0.008651765287144555]
MAR01676	[np.float64(6.713308228060648e-05)]
MAR01678	[0.00906218291663845]
MAR01679	[8.4310167750605e-05]
MAR01681	[0.004648802588729832]
MAR01682	[0.004648802588729832]
MAR01684	[np.float64(6.713308228060648e-05)]
MAR01685	[0.004648802588729832]
MAR01687	[0.004648802588729832]
MAR01689	[0.004648802588729832]
MAR01691	[0.004648802588729832]
MAR01692	[np.float64(6.713308228060648e-05)]
MAR01693	[0.004648802588729832]
MAR01694	[np.float64(6.713308228060648e-05)]
MAR01695	[8.4310167750605e-05]
MAR01696	[np.float64(6.713308228060648e-05)]
MAR01697	[np.float64(6.713308228060648e-05)]
MAR01699	[np.float64(6.713308228060648e-05)]
MAR01700	[np.float64(6.713308228060648e-05)]
MAR01701	[8.4310167750605e-05]
MAR01702	[8.4310167750605e-05]
MAR01703	[8.4310167750605e-05]
MAR01704	[0.007125298237484381]
MAR01706	[np.float64(6.713308228060648e-05)]
MAR01708	[np.float64(6.713308228060648e-05)]
MAR01710	[np.float64(6.713308228060648e-05)]
MAR01716	[np.float64(6.713308228060648e-05)]
MAR01717	[8.4310167750605e-05]
MAR01718	[np.float64(6.713308228060648e-05)]
MAR01720	[0.005078061572815832]
MAR01722	[0.005078061572815832]
MAR01723	[0.005078061572815832]
MAR01725	[8.4310167750605e-05]
MAR01726	[np.float64(6.713308228060648e-05)]
MAR01727	[np.float64(6.713308228060648e-05)]
MAR01729	[0.00906218291663845]
MAR01730	[0.004648802588729832]
MAR01735	[0.00906218291663845]
MAR01737	[0.004710908773887676]
MAR01738	[np.float64(6.713308228060648e-05)]
MAR01739	[0.00906218291663845]
MAR01740	[0.008651765287144555]
MAR01741	[0.008651765287144555]
MAR01742	[0.00906218291663845]
MAR01743	[0.00906218291663845]
MAR01744	[8.4310167750605e-05]
MAR01745	[8.4310167750605e-05]
MAR01746	[0.004648802588729832]
MAR01747	[0.004648802588729832]
MAR01748	[0.004648802588729832]
MAR01749	[0.004648802588729832]
MAR01750	[0.004648802588729832]
MAR01751	[0.004648802588729832]
MAR01752	[8.4310167750605e-05]
MAR01753	[8.4310167750605e-05]
MAR01754	[np.float64(6.713308228060648e-05)]
MAR01756	[np.float64(6.713308228060648e-05)]
MAR01758	[8.4310167750605e-05]
MAR01759	[8.4310167750605e-05]
MAR01760	[8.4310167750605e-05]
MAR01761	[8.4310167750605e-05]
MAR01762	[0.004648802588729832]
MAR01764	[8.4310167750605e-05]
MAR01765	[0.006907934860084768]
MAR01766	[np.float64(6.713308228060648e-05)]
MAR01767	[0.00906218291663845]
MAR01768	[0.008651765287144555]
MAR01769	[0.008651765287144555]
MAR01770	[0.00906218291663845]
MAR01771	[0.00906218291663845]
MAR01772	[8.4310167750605e-05]
MAR01774	[8.4310167750605e-05]
MAR01776	[0.004214386547489437]
MAR01777	[0.006907934860084768]
MAR01778	[np.float64(6.713308228060648e-05)]
MAR01781	[0.004214386547489437]
MAR01783	[0.0055600173574716395]
MAR01784	[0.004214386547489437]
MAR01785	[0.004214386547489437]
MAR01786	[0.004214386547489437]
MAR01787	[8.4310167750605e-05]
MAR01790	[0.004648802588729832]
MAR01792	[0.004648802588729832]
MAR01794	[0.004648802588729832]
MAR01796	[0.004648802588729832]
MAR01797	[0.004214386547489437]
MAR01798	[0.004214386547489437]
MAR01800	[0.004648802588729832]
MAR01802	[0.004214386547489437]
MAR01803	[0.004648802588729832]
MAR01804	[0.004214386547489437]
MAR01805	[0.004214386547489437]
MAR01806	[0.004648802588729832]
MAR01807	[0.004648802588729832]
MAR01810	[0.006287108860154966]
MAR01811	[0.004648802588729832]
MAR01813	[np.float64(6.713308228060648e-05)]
MAR01815	[0.006287108860154966]
MAR01817	[0.006287108860154966]
MAR01819	[0.006287108860154966]
MAR01830	[0.00906218291663845]
MAR01831	[0.00906218291663845]
MAR01832	[np.float64(6.713308228060648e-05)]
MAR01833	[np.float64(6.713308228060648e-05)]
MAR01834	[8.4310167750605e-05]
MAR01835	[0.005078061572815832]
MAR01836	[8.4310167750605e-05]
MAR01837	[0.005078061572815832]
MAR01838	[0.006287108860154966]
MAR01839	[0.00906218291663845]
MAR01840	[0.00906218291663845]
MAR01841	[0.005078061572815832]
MAR01842	[0.005078061572815832]
MAR01843	[0.00906218291663845]
MAR01844	[0.005078061572815832]
MAR01845	[0.005078061572815832]
MAR01846	[0.00906218291663845]
MAR03799	[np.float64(6.713308228060648e-05)]
MAR03908	[0.00906218291663845]
MAR03910	[np.float64(6.713308228060648e-05)]
MAR03911	[8.4310167750605e-05]
MAR04679	[np.float64(6.713308228060648e-05)]
MAR08063	[8.4310167750605e-05]
MAR08064	[8.4310167750605e-05]
MAR08065	[np.float64(6.713308228060648e-05)]
MAR08759	[8.4310167750605e-05]
MAR01847	[0.004648802588729832]
MAR01848	[np.float64(6.713308228060648e-05)]
MAR01850	[8.4310167750605e-05]
MAR01852	[0.004214386547489437]
MAR01853	[np.float64(6.713308228060648e-05)]
MAR01854	[8.4310167750605e-05]
MAR01855	[0.004214386547489437]
MAR01857	[8.4310167750605e-05]
MAR01859	[8.4310167750605e-05]
MAR01861	[8.4310167750605e-05]
MAR01862	[0.004214386547489437]
MAR01863	[0.004214386547489437]
MAR01864	[0.004214386547489437]
MAR01865	[0.004214386547489437]
MAR01866	[0.004214386547489437]
MAR01867	[0.004214386547489437]
MAR01868	[np.float64(6.713308228060648e-05)]
MAR01870	[np.float64(6.713308228060648e-05)]
MAR01872	[np.float64(6.713308228060648e-05)]
MAR01874	[np.float64(6.713308228060648e-05)]
MAR01875	[np.float64(6.713308228060648e-05)]
MAR01876	[np.float64(6.713308228060648e-05)]
MAR01877	[np.float64(6.713308228060648e-05)]
MAR01878	[np.float64(6.713308228060648e-05)]
MAR01879	[np.float64(6.713308228060648e-05)]
MAR01880	[np.float64(6.713308228060648e-05)]
MAR01881	[np.float64(6.713308228060648e-05)]
MAR01882	[np.float64(6.713308228060648e-05)]
MAR01883	[np.float64(6.713308228060648e-05)]
MAR01884	[np.float64(6.713308228060648e-05)]
MAR01885	[np.float64(6.713308228060648e-05)]
MAR01886	[np.float64(6.713308228060648e-05)]
MAR01887	[np.float64(6.713308228060648e-05)]
MAR01888	[np.float64(6.713308228060648e-05)]
MAR01889	[np.float64(6.713308228060648e-05)]
MAR01890	[np.float64(6.713308228060648e-05)]
MAR01891	[np.float64(6.713308228060648e-05)]
MAR01892	[np.float64(6.713308228060648e-05)]
MAR01893	[np.float64(6.713308228060648e-05)]
MAR01894	[np.float64(6.713308228060648e-05)]
MAR01895	[np.float64(6.713308228060648e-05)]
MAR01896	[np.float64(6.713308228060648e-05)]
MAR01897	[np.float64(6.713308228060648e-05)]
MAR01403	[8.4310167750605e-05]
MAR01404	[8.4310167750605e-05]
MAR01405	[8.4310167750605e-05]
MAR01406	[8.4310167750605e-05]
MAR01407	[8.4310167750605e-05]
MAR01408	[8.4310167750605e-05]
MAR01409	[8.4310167750605e-05]
MAR01410	[8.4310167750605e-05]
MAR01411	[8.4310167750605e-05]
MAR01412	[8.4310167750605e-05]
MAR01413	[8.4310167750605e-05]
MAR01414	[8.4310167750605e-05]
MAR01415	[8.4310167750605e-05]
MAR01416	[8.4310167750605e-05]
MAR01417	[8.4310167750605e-05]
MAR01418	[8.4310167750605e-05]
MAR01419	[8.4310167750605e-05]
MAR01420	[8.4310167750605e-05]
MAR01421	[8.4310167750605e-05]
MAR01422	[8.4310167750605e-05]
MAR01423	[8.4310167750605e-05]
MAR01424	[8.4310167750605e-05]
MAR01425	[8.4310167750605e-05]
MAR01426	[8.4310167750605e-05]
MAR01427	[8.4310167750605e-05]
MAR01428	[8.4310167750605e-05]
MAR01429	[8.4310167750605e-05]
MAR01430	[8.4310167750605e-05]
MAR01431	[8.4310167750605e-05]
MAR01432	[8.4310167750605e-05]
MAR01433	[8.4310167750605e-05]
MAR08262	[np.float64(6.713308228060648e-05)]
MAR08263	[np.float64(6.713308228060648e-05)]
MAR08264	[0.004648802588729832]
MAR08267	[np.float64(6.713308228060648e-05)]
MAR08268	[0.004648802588729832]
MAR08271	[0.004648802588729832]
MAR08275	[np.float64(6.713308228060648e-05)]
MAR08276	[0.0059643768572906234]
MAR08277	[np.float64(6.713308228060648e-05)]
MAR08278	[np.float64(6.713308228060648e-05)]
MAR08279	[np.float64(6.713308228060648e-05)]
MAR08280	[np.float64(6.713308228060648e-05)]
MAR08281	[np.float64(6.713308228060648e-05)]
MAR08284	[np.float64(6.713308228060648e-05)]
MAR08285	[np.float64(6.713308228060648e-05)]
MAR08286	[np.float64(6.713308228060648e-05)]
MAR08287	[0.0059643768572906234]
MAR08288	[np.float64(6.713308228060648e-05)]
MAR08291	[np.float64(6.713308228060648e-05)]
MAR08292	[np.float64(6.713308228060648e-05)]
MAR08293	[np.float64(6.713308228060648e-05)]
MAR08294	[np.float64(6.713308228060648e-05)]
MAR08295	[np.float64(6.713308228060648e-05)]
MAR08298	[np.float64(6.713308228060648e-05)]
MAR08302	[np.float64(6.713308228060648e-05)]
MAR08305	[np.float64(6.713308228060648e-05)]
MAR08306	[np.float64(6.713308228060648e-05)]
MAR08307	[0.0059643768572906234]
MAR08308	[0.0059643768572906234]
MAR08309	[0.0059643768572906234]
MAR08316	[0.005489941701390298]
MAR08317	[np.float64(6.713308228060648e-05)]
MAR08318	[np.float64(6.713308228060648e-05)]
MAR08319	[0.004648802588729832]
MAR08322	[0.0059643768572906234]
MAR08325	[np.float64(6.713308228060648e-05)]
MAR08326	[0.0059643768572906234]
MAR08327	[0.00906218291663845]
MAR08330	[0.0059643768572906234]
MAR08331	[0.0059643768572906234]
MAR08332	[0.0059643768572906234]
MAR08333	[0.0059643768572906234]
MAR08334	[0.0059643768572906234]
MAR08337	[np.float64(6.713308228060648e-05)]
MAR00712	[np.float64(6.713308228060648e-05)]
MAR03992	[np.float64(6.713308228060648e-05)]
MAR04228	[0.00906218291663845]
MAR04251	[0.00906218291663845]
MAR04252	[np.float64(6.713308228060648e-05)]
MAR04253	[np.float64(6.713308228060648e-05)]
MAR04254	[np.float64(6.713308228060648e-05)]
MAR04255	[np.float64(6.713308228060648e-05)]
MAR04257	[np.float64(6.713308228060648e-05)]
MAR04259	[8.4310167750605e-05]
MAR04260	[np.float64(6.713308228060648e-05)]
MAR04261	[np.float64(6.713308228060648e-05)]
MAR04262	[np.float64(6.713308228060648e-05)]
MAR04263	[np.float64(6.713308228060648e-05)]
MAR04264	[np.float64(6.713308228060648e-05)]
MAR04265	[np.float64(6.713308228060648e-05)]
MAR04267	[np.float64(6.713308228060648e-05)]
MAR04268	[np.float64(6.713308228060648e-05)]
MAR04269	[np.float64(6.713308228060648e-05)]
MAR04270	[np.float64(6.713308228060648e-05)]
MAR04271	[np.float64(6.713308228060648e-05)]
MAR04276	[np.float64(6.713308228060648e-05)]
MAR04278	[np.float64(6.713308228060648e-05)]
MAR04662	[3.52390203130258e-05]
MAR07142	[0.0059643768572906234]
MAR07143	[0.0059643768572906234]
MAR07623	[np.float64(6.713308228060648e-05)]
MAR07625	[np.float64(6.713308228060648e-05)]
MAR07627	[0.0059643768572906234]
MAR07676	[0.004214386547489437]
MAR07677	[np.float64(6.713308228060648e-05)]
MAR07678	[np.float64(6.713308228060648e-05)]
MAR08788	[0.0059643768572906234]
MAR08790	[np.float64(6.713308228060648e-05)]
MAR08791	[3.52390203130258e-05]
MAR03871	[3.7984325592705935e-05]
MAR04058	[3.7984325592705935e-05]
MAR04498	[8.4310167750605e-05]
MAR04499	[8.4310167750605e-05]
MAR04500	[np.float64(6.713308228060648e-05)]
MAR04714	[np.float64(6.713308228060648e-05)]
MAR04715	[np.float64(6.713308228060648e-05)]
MAR04716	[8.4310167750605e-05]
MAR04717	[0.006287108860154966]
MAR04718	[np.float64(6.713308228060648e-05)]
MAR04723	[np.float64(6.713308228060648e-05)]
MAR04725	[np.float64(6.713308228060648e-05)]
MAR04727	[3.7984325592705935e-05]
MAR04730	[np.float64(6.713308228060648e-05)]
MAR04731	[np.float64(6.713308228060648e-05)]
MAR04732	[0.00906218291663845]
MAR04733	[np.float64(6.713308228060648e-05)]
MAR04734	[3.7984325592705935e-05]
MAR07731	[np.float64(6.713308228060648e-05)]
MAR08792	[np.float64(6.713308228060648e-05)]
MAR00663	[np.float64(6.713308228060648e-05)]
MAR04308	[np.float64(6.713308228060648e-05)]
MAR06539	[0.006935796717097496]
MAR06540	[np.float64(6.713308228060648e-05)]
MAR06542	[np.float64(6.713308228060648e-05)]
MAR06543	[np.float64(6.713308228060648e-05)]
MAR06544	[np.float64(6.713308228060648e-05)]
MAR06545	[np.float64(6.713308228060648e-05)]
MAR06546	[np.float64(6.713308228060648e-05)]
MAR06547	[np.float64(6.713308228060648e-05)]
MAR06548	[np.float64(6.713308228060648e-05)]
MAR06549	[np.float64(6.713308228060648e-05)]
MAR06550	[np.float64(6.713308228060648e-05)]
MAR06551	[np.float64(6.713308228060648e-05)]
MAR06552	[np.float64(6.713308228060648e-05)]
MAR06553	[np.float64(6.713308228060648e-05)]
MAR06554	[np.float64(6.713308228060648e-05)]
MAR06555	[np.float64(6.713308228060648e-05)]
MAR06556	[np.float64(6.713308228060648e-05)]
MAR06557	[np.float64(6.713308228060648e-05)]
MAR06558	[np.float64(6.713308228060648e-05)]
MAR06559	[np.float64(6.713308228060648e-05)]
MAR06560	[np.float64(6.713308228060648e-05)]
MAR06561	[np.float64(6.713308228060648e-05)]
MAR06562	[np.float64(6.713308228060648e-05)]
MAR06563	[np.float64(6.713308228060648e-05)]
MAR06564	[np.float64(6.713308228060648e-05)]
MAR06565	[np.float64(6.713308228060648e-05)]
MAR06566	[np.float64(6.713308228060648e-05)]
MAR06567	[np.float64(6.713308228060648e-05)]
MAR06568	[np.float64(6.713308228060648e-05)]
MAR06569	[np.float64(6.713308228060648e-05)]
MAR06570	[np.float64(6.713308228060648e-05)]
MAR06571	[np.float64(6.713308228060648e-05)]
MAR06572	[np.float64(6.713308228060648e-05)]
MAR06573	[np.float64(6.713308228060648e-05)]
MAR06574	[np.float64(6.713308228060648e-05)]
MAR06575	[np.float64(6.713308228060648e-05)]
MAR06576	[np.float64(6.713308228060648e-05)]
MAR06579	[np.float64(6.713308228060648e-05)]
MAR06580	[np.float64(6.713308228060648e-05)]
MAR06581	[np.float64(6.713308228060648e-05)]
MAR06583	[np.float64(6.713308228060648e-05)]
MAR06584	[np.float64(6.713308228060648e-05)]
MAR06585	[np.float64(6.713308228060648e-05)]
MAR06587	[np.float64(6.713308228060648e-05)]
MAR06588	[np.float64(6.713308228060648e-05)]
MAR06589	[np.float64(6.713308228060648e-05)]
MAR06591	[np.float64(6.713308228060648e-05)]
MAR06592	[np.float64(6.713308228060648e-05)]
MAR06595	[np.float64(6.713308228060648e-05)]
MAR07652	[np.float64(6.713308228060648e-05)]
MAR07654	[np.float64(6.713308228060648e-05)]
MAR07655	[np.float64(6.713308228060648e-05)]
MAR07656	[np.float64(6.713308228060648e-05)]
MAR08799	[np.float64(6.713308228060648e-05)]
MAR08800	[np.float64(6.713308228060648e-05)]
MAR08801	[8.4310167750605e-05]
MAR08802	[np.float64(6.713308228060648e-05)]
MAR08803	[np.float64(6.713308228060648e-05)]
MAR08804	[np.float64(6.713308228060648e-05)]
MAR08805	[np.float64(6.713308228060648e-05)]
MAR08806	[8.4310167750605e-05]
MAR08807	[np.float64(6.713308228060648e-05)]
MAR08808	[np.float64(6.713308228060648e-05)]
MAR08809	[np.float64(6.713308228060648e-05)]
MAR08810	[np.float64(6.713308228060648e-05)]
MAR08811	[np.float64(6.713308228060648e-05)]
MAR08812	[np.float64(6.713308228060648e-05)]
MAR08813	[np.float64(6.713308228060648e-05)]
MAR08814	[np.float64(6.713308228060648e-05)]
MAR08815	[np.float64(6.713308228060648e-05)]
MAR08816	[np.float64(6.713308228060648e-05)]
MAR08817	[np.float64(6.713308228060648e-05)]
MAR08818	[np.float64(6.713308228060648e-05)]
MAR08819	[np.float64(6.713308228060648e-05)]
MAR08820	[8.4310167750605e-05]
MAR08821	[np.float64(6.713308228060648e-05)]
MAR08822	[np.float64(6.713308228060648e-05)]
MAR08823	[0.00906218291663845]
MAR08824	[np.float64(6.713308228060648e-05)]
MAR08825	[np.float64(6.713308228060648e-05)]
MAR08826	[np.float64(6.713308228060648e-05)]
MAR08827	[np.float64(6.713308228060648e-05)]
MAR08829	[np.float64(6.713308228060648e-05)]
MAR08830	[np.float64(6.713308228060648e-05)]
MAR08831	[np.float64(6.713308228060648e-05)]
MAR08833	[0.00906218291663845]
MAR08835	[np.float64(6.713308228060648e-05)]
MAR08836	[np.float64(6.713308228060648e-05)]
MAR03925	[np.float64(6.713308228060648e-05)]
MAR03929	[0.006287108860154966]
MAR03972	[8.4310167750605e-05]
MAR04332	[np.float64(6.713308228060648e-05)]
MAR04333	[np.float64(6.713308228060648e-05)]
MAR04335	[np.float64(6.713308228060648e-05)]
MAR04336	[0.0059643768572906234]
MAR04338	[np.float64(6.713308228060648e-05)]
MAR04340	[np.float64(6.713308228060648e-05)]
MAR04440	[np.float64(6.713308228060648e-05)]
MAR04442	[np.float64(6.713308228060648e-05)]
MAR04444	[np.float64(6.713308228060648e-05)]
MAR04446	[np.float64(6.713308228060648e-05)]
MAR04448	[np.float64(6.713308228060648e-05)]
MAR04503	[np.float64(6.713308228060648e-05)]
MAR04505	[np.float64(6.713308228060648e-05)]
MAR04654	[np.float64(6.713308228060648e-05)]
MAR04655	[np.float64(6.713308228060648e-05)]
MAR04656	[np.float64(6.713308228060648e-05)]
MAR04665	[3.818778067594408e-05]
MAR09726	[0.006287108860154966]
MAR04666	[np.float64(6.713308228060648e-05)]
MAR07145	[0.00438700011252152]
MAR07146	[np.float64(6.713308228060648e-05)]
MAR07147	[0.004710908773887676]
MAR07908	[np.float64(6.713308228060648e-05)]
MAR07909	[np.float64(6.713308228060648e-05)]
MAR07910	[np.float64(6.713308228060648e-05)]
MAR07911	[np.float64(6.713308228060648e-05)]
MAR07912	[np.float64(6.713308228060648e-05)]
MAR07913	[np.float64(6.713308228060648e-05)]
MAR07916	[np.float64(6.713308228060648e-05)]
MAR07919	[np.float64(6.713308228060648e-05)]
MAR07920	[np.float64(6.713308228060648e-05)]
MAR07921	[np.float64(6.713308228060648e-05)]
MAR07922	[np.float64(6.713308228060648e-05)]
MAR07925	[np.float64(6.713308228060648e-05)]
MAR08105	[np.float64(6.713308228060648e-05)]
MAR08106	[np.float64(6.713308228060648e-05)]
MAR08107	[np.float64(6.713308228060648e-05)]
MAR08108	[np.float64(6.713308228060648e-05)]
MAR08109	[np.float64(6.713308228060648e-05)]
MAR08110	[np.float64(6.713308228060648e-05)]
MAR08112	[np.float64(6.713308228060648e-05)]
MAR08113	[np.float64(6.713308228060648e-05)]
MAR08114	[np.float64(6.713308228060648e-05)]
MAR08115	[np.float64(6.713308228060648e-05)]
MAR08116	[np.float64(6.713308228060648e-05)]
MAR08117	[np.float64(6.713308228060648e-05)]
MAR08129	[np.float64(6.713308228060648e-05)]
MAR08130	[np.float64(6.713308228060648e-05)]
MAR08132	[np.float64(6.713308228060648e-05)]
MAR08133	[np.float64(6.713308228060648e-05)]
MAR08135	[np.float64(6.713308228060648e-05)]
MAR08136	[np.float64(6.713308228060648e-05)]
MAR08137	[np.float64(6.713308228060648e-05)]
MAR08138	[np.float64(6.713308228060648e-05)]
MAR08139	[np.float64(6.713308228060648e-05)]
MAR08140	[np.float64(6.713308228060648e-05)]
MAR08141	[np.float64(6.713308228060648e-05)]
MAR08142	[np.float64(6.713308228060648e-05)]
MAR08143	[np.float64(6.713308228060648e-05)]
MAR08144	[np.float64(6.713308228060648e-05)]
MAR08758	[0.0059643768572906234]
MAR07661	[8.276259811459243e-05]
MAR07662	[8.276259811459243e-05]
MAR07663	[8.276259811459243e-05]
MAR07668	[np.float64(6.713308228060648e-05)]
MAR07669	[8.4310167750605e-05]
MAR07670	[np.float64(6.713308228060648e-05)]
MAR07671	[8.4310167750605e-05]
MAR07672	[np.float64(6.713308228060648e-05)]
MAR07673	[np.float64(6.713308228060648e-05)]
MAR04160	[np.float64(6.713308228060648e-05)]
MAR04162	[np.float64(6.713308228060648e-05)]
MAR04163	[np.float64(6.713308228060648e-05)]
MAR04165	[3.52390203130258e-05]
MAR04166	[3.52390203130258e-05]
MAR04167	[3.52390203130258e-05]
MAR04169	[np.float64(6.713308228060648e-05)]
MAR04170	[np.float64(6.713308228060648e-05)]
MAR04523	[np.float64(6.713308228060648e-05)]
MAR04539	[np.float64(6.713308228060648e-05)]
MAR04540	[np.float64(6.713308228060648e-05)]
MAR04541	[np.float64(6.713308228060648e-05)]
MAR04542	[np.float64(6.713308228060648e-05)]
MAR04543	[np.float64(6.713308228060648e-05)]
MAR04544	[np.float64(6.713308228060648e-05)]
MAR04816	[np.float64(6.713308228060648e-05)]
MAR04817	[np.float64(6.713308228060648e-05)]
MAR04818	[np.float64(6.713308228060648e-05)]
MAR04833	[np.float64(6.713308228060648e-05)]
MAR04834	[np.float64(6.713308228060648e-05)]
MAR04835	[np.float64(6.713308228060648e-05)]
MAR04836	[np.float64(6.713308228060648e-05)]
MAR08538	[np.float64(6.713308228060648e-05)]
MAR08738	[np.float64(6.713308228060648e-05)]
MAR08739	[3.52390203130258e-05]
MAR08740	[8.4310167750605e-05]
MAR06393	[8.4310167750605e-05]
MAR06394	[8.4310167750605e-05]
MAR06396	[np.float64(6.713308228060648e-05)]
MAR06405	[4.1892431193616604e-05]
MAR08345	[8.4310167750605e-05]
MAR08346	[0.00906218291663845]
MAR08348	[8.4310167750605e-05]
MAR08349	[np.float64(6.713308228060648e-05)]
MAR08619	[8.4310167750605e-05]
MAR08620	[8.4310167750605e-05]
MAR08621	[8.4310167750605e-05]
MAR08622	[8.4310167750605e-05]
MAR08623	[8.4310167750605e-05]
MAR08624	[8.4310167750605e-05]
MAR08625	[8.4310167750605e-05]
MAR03991	[2.9037379183842352e-05]
MAR04657	[np.float64(6.713308228060648e-05)]
MAR04744	[np.float64(6.713308228060648e-05)]
MAR04746	[np.float64(6.713308228060648e-05)]
MAR04748	[np.float64(6.713308228060648e-05)]
MAR04750	[np.float64(6.713308228060648e-05)]
MAR04752	[np.float64(6.713308228060648e-05)]
MAR04755	[np.float64(6.713308228060648e-05)]
MAR04757	[np.float64(6.713308228060648e-05)]
MAR04762	[np.float64(6.713308228060648e-05)]
MAR04763	[np.float64(6.713308228060648e-05)]
MAR04764	[np.float64(6.713308228060648e-05)]
MAR04768	[8.4310167750605e-05]
MAR04769	[8.4310167750605e-05]
MAR04770	[8.4310167750605e-05]
MAR04771	[8.4310167750605e-05]
MAR04772	[np.float64(6.713308228060648e-05)]
MAR04773	[8.4310167750605e-05]
MAR06395	[np.float64(6.713308228060648e-05)]
MAR08634	[np.float64(6.713308228060648e-05)]
MAR09717	[8.4310167750605e-05]
MAR06630	[3.7984325592705935e-05]
MAR06631	[np.float64(6.713308228060648e-05)]
MAR06632	[3.7984325592705935e-05]
MAR06633	[np.float64(6.713308228060648e-05)]
MAR06634	[np.float64(6.713308228060648e-05)]
MAR06635	[np.float64(6.713308228060648e-05)]
MAR06636	[np.float64(6.713308228060648e-05)]
MAR06637	[0.004420589299513373]
MAR06638	[np.float64(6.713308228060648e-05)]
MAR06639	[np.float64(6.713308228060648e-05)]
MAR06640	[np.float64(6.713308228060648e-05)]
MAR06641	[np.float64(6.713308228060648e-05)]
MAR06642	[np.float64(6.713308228060648e-05)]
MAR06643	[0.006287108860154966]
MAR06644	[np.float64(6.713308228060648e-05)]
MAR06645	[0.006287108860154966]
MAR06646	[np.float64(6.713308228060648e-05)]
MAR06647	[np.float64(6.713308228060648e-05)]
MAR06648	[0.00769689950922203]
MAR06649	[0.00769689950922203]
MAR06650	[0.006287108860154966]
MAR06651	[0.006287108860154966]
MAR06652	[np.float64(6.713308228060648e-05)]
MAR06653	[0.00769689950922203]
MAR06654	[0.00769689950922203]
MAR06655	[0.00769689950922203]
MAR06656	[0.00769689950922203]
MAR06657	[np.float64(6.713308228060648e-05)]
MAR06658	[np.float64(6.713308228060648e-05)]
MAR06659	[8.4310167750605e-05]
MAR06660	[8.4310167750605e-05]
MAR06661	[0.00906218291663845]
MAR06662	[8.4310167750605e-05]
MAR06663	[8.4310167750605e-05]
MAR06664	[np.float64(6.713308228060648e-05)]
MAR06665	[np.float64(6.713308228060648e-05)]
MAR06666	[np.float64(6.713308228060648e-05)]
MAR06667	[np.float64(6.713308228060648e-05)]
MAR06668	[np.float64(6.713308228060648e-05)]
MAR06669	[np.float64(6.713308228060648e-05)]
MAR06670	[np.float64(6.713308228060648e-05)]
MAR06671	[np.float64(6.713308228060648e-05)]
MAR06672	[8.4310167750605e-05]
MAR06673	[8.4310167750605e-05]
MAR06674	[np.float64(6.713308228060648e-05)]
MAR06675	[np.float64(6.713308228060648e-05)]
MAR06676	[np.float64(6.713308228060648e-05)]
MAR06677	[np.float64(6.713308228060648e-05)]
MAR06678	[np.float64(6.713308228060648e-05)]
MAR06679	[np.float64(6.713308228060648e-05)]
MAR06680	[np.float64(6.713308228060648e-05)]
MAR06681	[np.float64(6.713308228060648e-05)]
MAR06682	[np.float64(6.713308228060648e-05)]
MAR06683	[np.float64(6.713308228060648e-05)]
MAR06684	[np.float64(6.713308228060648e-05)]
MAR06685	[np.float64(6.713308228060648e-05)]
MAR06686	[np.float64(6.713308228060648e-05)]
MAR06687	[np.float64(6.713308228060648e-05)]
MAR06690	[8.4310167750605e-05]
MAR06691	[8.4310167750605e-05]
MAR06692	[8.4310167750605e-05]
MAR06693	[8.4310167750605e-05]
MAR06694	[8.4310167750605e-05]
MAR06695	[8.4310167750605e-05]
MAR06697	[8.4310167750605e-05]
MAR06699	[8.4310167750605e-05]
MAR06700	[np.float64(6.713308228060648e-05)]
MAR06701	[np.float64(6.713308228060648e-05)]
MAR06702	[np.float64(6.713308228060648e-05)]
MAR06703	[np.float64(6.713308228060648e-05)]
MAR06704	[np.float64(6.713308228060648e-05)]
MAR06705	[np.float64(6.713308228060648e-05)]
MAR08697	[0.006396098587511528]
MAR08698	[8.4310167750605e-05]
MAR08699	[8.4310167750605e-05]
MAR08700	[0.008086508948238352]
MAR08702	[8.4310167750605e-05]
MAR08703	[8.4310167750605e-05]
MAR08704	[8.4310167750605e-05]
MAR08706	[8.4310167750605e-05]
MAR08709	[np.float64(6.713308228060648e-05)]
MAR08710	[0.004425047287438457]
MAR08711	[8.4310167750605e-05]
MAR08712	[8.4310167750605e-05]
MAR08713	[7.83259160877673e-05]
MAR08717	[7.83259160877673e-05]
MAR06506	[np.float64(6.713308228060648e-05)]
MAR06507	[np.float64(6.713308228060648e-05)]
MAR06508	[np.float64(6.713308228060648e-05)]
MAR06509	[0.00906218291663845]
MAR06510	[8.4310167750605e-05]
MAR06511	[np.float64(6.713308228060648e-05)]
MAR04537	[0.006935796717097496]
MAR04545	[0.008086508948238352]
MAR04546	[0.004710908773887676]
MAR04547	[0.006935796717097496]
MAR04548	[np.float64(6.713308228060648e-05)]
MAR04549	[np.float64(6.713308228060648e-05)]
MAR04550	[0.006287108860154966]
MAR04551	[8.4310167750605e-05]
MAR04552	[8.4310167750605e-05]
MAR04553	[8.4310167750605e-05]
MAR04554	[8.4310167750605e-05]
MAR04555	[0.00906218291663845]
MAR04556	[0.00906218291663845]
MAR04557	[0.006287108860154966]
MAR04558	[np.float64(6.713308228060648e-05)]
MAR04559	[np.float64(6.713308228060648e-05)]
MAR04560	[np.float64(6.713308228060648e-05)]
MAR04561	[np.float64(6.713308228060648e-05)]
MAR04563	[np.float64(6.713308228060648e-05)]
MAR04564	[0.006935796717097496]
MAR04204	[0.007904614381639004]
MAR04206	[0.007904614381639004]
MAR04207	[np.float64(6.713308228060648e-05)]
MAR04208	[np.float64(6.713308228060648e-05)]
MAR08744	[np.float64(6.713308228060648e-05)]
MAR08746	[np.float64(6.713308228060648e-05)]
MAR08748	[8.4310167750605e-05]
MAR08613	[8.4310167750605e-05]
MAR08615	[np.float64(6.713308228060648e-05)]
MAR08616	[np.float64(6.713308228060648e-05)]
MAR04064	[np.float64(6.713308228060648e-05)]
MAR04065	[np.float64(6.713308228060648e-05)]
MAR04066	[np.float64(6.713308228060648e-05)]
MAR04067	[np.float64(6.713308228060648e-05)]
MAR04068	[np.float64(6.713308228060648e-05)]
MAR04069	[np.float64(6.713308228060648e-05)]
MAR04070	[np.float64(6.713308228060648e-05)]
MAR04071	[np.float64(6.713308228060648e-05)]
MAR08102	[np.float64(6.713308228060648e-05)]
MAR08724	[np.float64(6.713308228060648e-05)]
MAR08725	[np.float64(6.713308228060648e-05)]
MAR02114	[8.4310167750605e-05]
MAR02115	[0.005489941701390298]
MAR02117	[0.004214386547489437]
MAR02118	[np.float64(6.713308228060648e-05)]
MAR02129	[np.float64(6.713308228060648e-05)]
MAR02130	[np.float64(6.713308228060648e-05)]
MAR02131	[np.float64(6.713308228060648e-05)]
MAR02132	[np.float64(6.713308228060648e-05)]
MAR02133	[np.float64(6.713308228060648e-05)]
MAR02134	[np.float64(6.713308228060648e-05)]
MAR02135	[np.float64(6.713308228060648e-05)]
MAR02136	[np.float64(6.713308228060648e-05)]
MAR02137	[np.float64(6.713308228060648e-05)]
MAR02138	[np.float64(6.713308228060648e-05)]
MAR02139	[np.float64(6.713308228060648e-05)]
MAR02140	[np.float64(6.713308228060648e-05)]
MAR02142	[np.float64(6.713308228060648e-05)]
MAR02143	[np.float64(6.713308228060648e-05)]
MAR02144	[np.float64(6.713308228060648e-05)]
MAR02145	[np.float64(6.713308228060648e-05)]
MAR07996	[0.004648802588729832]
MAR07999	[np.float64(6.713308228060648e-05)]
MAR08003	[8.4310167750605e-05]
MAR08004	[np.float64(6.713308228060648e-05)]
MAR08005	[8.4310167750605e-05]
MAR08006	[8.4310167750605e-05]
MAR08008	[np.float64(6.713308228060648e-05)]
MAR08011	[8.4310167750605e-05]
MAR08012	[8.4310167750605e-05]
MAR08013	[8.4310167750605e-05]
MAR08014	[8.4310167750605e-05]
MAR06423	[8.4310167750605e-05]
MAR06426	[np.float64(6.713308228060648e-05)]
MAR06427	[np.float64(6.713308228060648e-05)]
MAR06428	[np.float64(6.713308228060648e-05)]
MAR06429	[np.float64(6.713308228060648e-05)]
MAR06432	[2.9037379183842352e-05]
MAR06433	[2.9037379183842352e-05]
MAR06434	[8.4310167750605e-05]
MAR06435	[2.9037379183842352e-05]
MAR06436	[2.9037379183842352e-05]
MAR06441	[np.float64(6.713308228060648e-05)]
MAR06442	[np.float64(6.713308228060648e-05)]
MAR06443	[np.float64(6.713308228060648e-05)]
MAR06444	[np.float64(6.713308228060648e-05)]
MAR06447	[8.4310167750605e-05]
MAR06448	[2.9037379183842352e-05]
MAR06450	[2.9037379183842352e-05]
MAR06451	[2.9037379183842352e-05]
MAR06453	[2.9037379183842352e-05]
MAR06456	[8.4310167750605e-05]
MAR06457	[8.4310167750605e-05]
MAR06458	[8.4310167750605e-05]
MAR06459	[8.4310167750605e-05]
MAR06460	[8.4310167750605e-05]
MAR06461	[8.4310167750605e-05]
MAR06464	[np.float64(6.713308228060648e-05)]
MAR06465	[np.float64(6.713308228060648e-05)]
MAR06466	[np.float64(6.713308228060648e-05)]
MAR06467	[np.float64(6.713308228060648e-05)]
MAR06470	[8.4310167750605e-05]
MAR06471	[2.9037379183842352e-05]
MAR06472	[2.9037379183842352e-05]
MAR06473	[2.9037379183842352e-05]
MAR06476	[np.float64(6.713308228060648e-05)]
MAR06500	[8.4310167750605e-05]
MAR06477	[np.float64(6.713308228060648e-05)]
MAR06478	[np.float64(6.713308228060648e-05)]
MAR06479	[np.float64(6.713308228060648e-05)]
MAR06482	[8.4310167750605e-05]
MAR06484	[2.9037379183842352e-05]
MAR06486	[2.9037379183842352e-05]
MAR06488	[8.4310167750605e-05]
MAR06490	[np.float64(6.713308228060648e-05)]
MAR06492	[np.float64(6.713308228060648e-05)]
MAR06495	[np.float64(6.713308228060648e-05)]
MAR06496	[np.float64(6.713308228060648e-05)]
MAR06501	[8.4310167750605e-05]
MAR06992	[np.float64(6.713308228060648e-05)]
MAR06993	[np.float64(6.713308228060648e-05)]
MAR06994	[np.float64(6.713308228060648e-05)]
MAR06995	[2.9037379183842352e-05]
MAR06996	[np.float64(6.713308228060648e-05)]
MAR06997	[8.4310167750605e-05]
MAR06998	[2.9037379183842352e-05]
MAR06999	[np.float64(6.713308228060648e-05)]
MAR07000	[np.float64(6.713308228060648e-05)]
MAR07001	[np.float64(6.713308228060648e-05)]
MAR07002	[np.float64(6.713308228060648e-05)]
MAR07003	[2.9037379183842352e-05]
MAR07004	[np.float64(6.713308228060648e-05)]
MAR07005	[np.float64(6.713308228060648e-05)]
MAR07006	[8.4310167750605e-05]
MAR07007	[8.4310167750605e-05]
MAR07008	[8.4310167750605e-05]
MAR07009	[8.4310167750605e-05]
MAR07010	[8.4310167750605e-05]
MAR07011	[8.4310167750605e-05]
MAR07012	[8.4310167750605e-05]
MAR07013	[2.9037379183842352e-05]
MAR07014	[np.float64(6.713308228060648e-05)]
MAR07015	[8.4310167750605e-05]
MAR07016	[8.4310167750605e-05]
MAR07017	[np.float64(6.713308228060648e-05)]
MAR07018	[0.00769689950922203]
MAR07019	[np.float64(6.713308228060648e-05)]
MAR07020	[0.00769689950922203]
MAR07021	[np.float64(6.713308228060648e-05)]
MAR07022	[2.9037379183842352e-05]
MAR07023	[np.float64(6.713308228060648e-05)]
MAR07024	[8.4310167750605e-05]
MAR07025	[np.float64(6.713308228060648e-05)]
MAR07026	[np.float64(6.713308228060648e-05)]
MAR07027	[np.float64(6.713308228060648e-05)]
MAR07028	[np.float64(6.713308228060648e-05)]
MAR07029	[2.9037379183842352e-05]
MAR07030	[np.float64(6.713308228060648e-05)]
MAR07031	[8.4310167750605e-05]
MAR07032	[8.4310167750605e-05]
MAR07033	[np.float64(6.713308228060648e-05)]
MAR07034	[8.4310167750605e-05]
MAR07035	[np.float64(6.713308228060648e-05)]
MAR07036	[np.float64(6.713308228060648e-05)]
MAR07037	[8.4310167750605e-05]
MAR07038	[np.float64(6.713308228060648e-05)]
MAR07039	[np.float64(6.713308228060648e-05)]
MAR07040	[np.float64(6.713308228060648e-05)]
MAR07041	[2.9037379183842352e-05]
MAR07042	[np.float64(6.713308228060648e-05)]
MAR07043	[8.4310167750605e-05]
MAR07044	[0.004214386547489437]
MAR07045	[8.4310167750605e-05]
MAR07046	[8.4310167750605e-05]
MAR07047	[8.4310167750605e-05]
MAR07048	[np.float64(6.713308228060648e-05)]
MAR07049	[8.4310167750605e-05]
MAR07050	[2.9037379183842352e-05]
MAR07051	[np.float64(6.713308228060648e-05)]
MAR07052	[np.float64(6.713308228060648e-05)]
MAR07053	[np.float64(6.713308228060648e-05)]
MAR07054	[np.float64(6.713308228060648e-05)]
MAR07055	[np.float64(6.713308228060648e-05)]
MAR07056	[np.float64(6.713308228060648e-05)]
MAR07057	[0.00906218291663845]
MAR07058	[np.float64(6.713308228060648e-05)]
MAR07059	[np.float64(6.713308228060648e-05)]
MAR07060	[np.float64(6.713308228060648e-05)]
MAR07061	[0.004214386547489437]
MAR07062	[8.4310167750605e-05]
MAR07063	[0.006935796717097496]
MAR07064	[0.006935796717097496]
MAR07065	[np.float64(6.713308228060648e-05)]
MAR07066	[np.float64(6.713308228060648e-05)]
MAR07067	[8.4310167750605e-05]
MAR07068	[8.4310167750605e-05]
MAR07069	[8.4310167750605e-05]
MAR07070	[8.4310167750605e-05]
MAR07071	[8.4310167750605e-05]
MAR07072	[8.4310167750605e-05]
MAR07073	[8.4310167750605e-05]
MAR07074	[8.4310167750605e-05]
MAR07075	[8.4310167750605e-05]
MAR07076	[8.4310167750605e-05]
MAR07077	[8.4310167750605e-05]
MAR07078	[np.float64(6.713308228060648e-05)]
MAR07079	[2.9037379183842352e-05]
MAR07080	[2.9037379183842352e-05]
MAR07081	[np.float64(6.713308228060648e-05)]
MAR07082	[np.float64(6.713308228060648e-05)]
MAR07083	[2.9037379183842352e-05]
MAR07084	[2.9037379183842352e-05]
MAR07085	[8.4310167750605e-05]
MAR07086	[8.4310167750605e-05]
MAR07087	[8.4310167750605e-05]
MAR07088	[np.float64(6.713308228060648e-05)]
MAR07089	[2.9037379183842352e-05]
MAR07090	[8.4310167750605e-05]
MAR07091	[np.float64(6.713308228060648e-05)]
MAR07092	[2.9037379183842352e-05]
MAR07093	[2.9037379183842352e-05]
MAR07094	[8.4310167750605e-05]
MAR07095	[8.4310167750605e-05]
MAR07096	[np.float64(6.713308228060648e-05)]
MAR07097	[2.9037379183842352e-05]
MAR07098	[8.4310167750605e-05]
MAR07099	[0.004214386547489437]
MAR07100	[2.9037379183842352e-05]
MAR07103	[2.9037379183842352e-05]
MAR07104	[8.4310167750605e-05]
MAR07106	[8.4310167750605e-05]
MAR07688	[0.004648802588729832]
MAR08032	[0.00906218291663845]
MAR08034	[0.004214386547489437]
MAR08036	[0.00906218291663845]
MAR08037	[0.00906218291663845]
MAR08038	[0.00906218291663845]
MAR08040	[0.006935796717097496]
MAR08043	[0.00906218291663845]
MAR08046	[0.00906218291663845]
MAR08049	[0.00906218291663845]
MAR08052	[0.00906218291663845]
MAR08055	[0.006287108860154966]
MAR08059	[np.float64(6.713308228060648e-05)]
MAR08596	[0.00906218291663845]
MAR08598	[0.00906218291663845]
MAR08601	[0.00906218291663845]
MAR06535	[2.9037379183842352e-05]
MAR06536	[2.9037379183842352e-05]
MAR09569	[np.float64(6.713308228060648e-05)]
MAR03955	[3.216462933622003e-05]
MAR03984	[np.float64(6.713308228060648e-05)]
MAR04201	[2.9037379183842352e-05]
MAR04202	[np.float64(6.713308228060648e-05)]
MAR05127	[8.4310167750605e-05]
MAR05128	[8.4310167750605e-05]
MAR05363	[8.4310167750605e-05]
MAR07794	[2.9458401254052057e-05]
MAR08617	[8.4310167750605e-05]
MAR08752	[2.9037379183842352e-05]
MAR07741	[np.float64(6.713308228060648e-05)]
MAR09464	[np.float64(6.713308228060648e-05)]
MAR09465	[0.00906218291663845]
MAR09466	[np.float64(6.713308228060648e-05)]
MAR09467	[np.float64(6.713308228060648e-05)]
MAR09468	[np.float64(6.713308228060648e-05)]
MAR09469	[np.float64(6.713308228060648e-05)]
MAR09470	[np.float64(6.713308228060648e-05)]
MAR09471	[np.float64(6.713308228060648e-05)]
MAR09472	[np.float64(6.713308228060648e-05)]
MAR09473	[0.0059643768572906234]
MAR09474	[np.float64(6.713308228060648e-05)]
MAR09475	[8.276259811459243e-05]
MAR09476	[0.0059643768572906234]
MAR09477	[0.00906218291663845]
MAR09478	[0.0064255080039279985]
MAR09479	[0.0064255080039279985]
MAR09480	[0.0064255080039279985]
MAR09481	[0.00906218291663845]
MAR09482	[0.0059643768572906234]
MAR09483	[0.00906218291663845]
MAR09484	[np.float64(6.713308228060648e-05)]
MAR09485	[0.0043702273628809275]
MAR09487	[4.5278250872079955e-05]
MAR09488	[2.982220531222946e-05]
MAR09489	[8.4310167750605e-05]
MAR09490	[np.float64(6.713308228060648e-05)]
MAR09491	[2.9037379183842352e-05]
MAR09492	[2.9037379183842352e-05]
MAR09493	[0.0043702273628809275]
MAR09494	[8.4310167750605e-05]
MAR09495	[3.7984325592705935e-05]
MAR09496	[np.float64(6.713308228060648e-05)]
MAR09497	[0.006935796717097496]
MAR09498	[0.004214386547489437]
MAR09499	[3.7984325592705935e-05]
MAR09500	[np.float64(6.713308228060648e-05)]
MAR09501	[np.float64(6.713308228060648e-05)]
MAR09502	[np.float64(6.713308228060648e-05)]
MAR09503	[0.00906218291663845]
MAR09504	[np.float64(6.713308228060648e-05)]
MAR09505	[np.float64(6.713308228060648e-05)]
MAR09506	[np.float64(6.713308228060648e-05)]
MAR09507	[np.float64(6.713308228060648e-05)]
MAR09508	[np.float64(6.713308228060648e-05)]
MAR09509	[np.float64(6.713308228060648e-05)]
MAR09510	[np.float64(6.713308228060648e-05)]
MAR09511	[np.float64(6.713308228060648e-05)]
MAR09512	[np.float64(6.713308228060648e-05)]
MAR09513	[np.float64(6.713308228060648e-05)]
MAR09514	[0.004648802588729832]
MAR09515	[np.float64(6.713308228060648e-05)]
MAR09516	[np.float64(6.713308228060648e-05)]
MAR09517	[np.float64(6.713308228060648e-05)]
MAR09518	[np.float64(6.713308228060648e-05)]
MAR09519	[np.float64(6.713308228060648e-05)]
MAR09520	[np.float64(6.713308228060648e-05)]
MAR09521	[np.float64(6.713308228060648e-05)]
MAR09522	[3.7984325592705935e-05]
MAR09523	[np.float64(6.713308228060648e-05)]
MAR09524	[np.float64(6.713308228060648e-05)]
MAR09525	[0.007356830038341962]
MAR09527	[np.float64(6.713308228060648e-05)]
MAR09528	[np.float64(6.713308228060648e-05)]
MAR09529	[0.004214386547489437]
MAR09530	[np.float64(6.713308228060648e-05)]
MAR09531	[np.float64(6.713308228060648e-05)]
MAR09532	[np.float64(6.713308228060648e-05)]
MAR09534	[0.006907934860084768]
MAR09535	[np.float64(6.713308228060648e-05)]
MAR09536	[np.float64(6.713308228060648e-05)]
MAR09537	[np.float64(6.713308228060648e-05)]
MAR09538	[3.1342690941515203e-05]
MAR09539	[np.float64(6.713308228060648e-05)]
MAR09540	[0.004214386547489437]
MAR09541	[np.float64(6.713308228060648e-05)]
MAR09542	[np.float64(6.713308228060648e-05)]
MAR09543	[0.00906218291663845]
MAR09544	[0.004214386547489437]
MAR09545	[np.float64(6.713308228060648e-05)]
MAR09546	[np.float64(6.713308228060648e-05)]
MAR09547	[np.float64(6.713308228060648e-05)]
MAR09548	[np.float64(6.713308228060648e-05)]
MAR09549	[np.float64(6.713308228060648e-05)]
MAR09550	[np.float64(6.713308228060648e-05)]
MAR09551	[np.float64(6.713308228060648e-05)]
MAR09552	[np.float64(6.713308228060648e-05)]
MAR09553	[np.float64(6.713308228060648e-05)]
MAR09801	[np.float64(6.713308228060648e-05)]
MAR09807	[np.float64(6.713308228060648e-05)]
MAR09554	[0.006287108860154966]
MAR09555	[0.00906218291663845]
MAR09556	[np.float64(6.713308228060648e-05)]
MAR09557	[np.float64(6.713308228060648e-05)]
MAR09558	[np.float64(6.713308228060648e-05)]
MAR09559	[np.float64(6.713308228060648e-05)]
MAR09560	[np.float64(6.713308228060648e-05)]
MAR09561	[0.00906218291663845]
MAR09562	[np.float64(6.713308228060648e-05)]
MAR09563	[np.float64(6.713308228060648e-05)]
MAR09564	[np.float64(6.713308228060648e-05)]
MAR09565	[np.float64(6.713308228060648e-05)]
MAR09566	[np.float64(6.713308228060648e-05)]
MAR09567	[np.float64(6.713308228060648e-05)]
MAR09568	[np.float64(6.713308228060648e-05)]
MAR09570	[np.float64(6.713308228060648e-05)]
MAR09571	[np.float64(6.713308228060648e-05)]
MAR09572	[np.float64(6.713308228060648e-05)]
MAR09573	[np.float64(6.713308228060648e-05)]
MAR09574	[np.float64(6.713308228060648e-05)]
MAR09575	[np.float64(6.713308228060648e-05)]
MAR09580	[np.float64(6.713308228060648e-05)]
MAR09581	[np.float64(6.713308228060648e-05)]
MAR09582	[0.004480315936213807]
MAR09583	[0.0043702273628809275]
MAR09584	[0.004480315936213807]
MAR09585	[np.float64(6.713308228060648e-05)]
MAR09586	[np.float64(6.713308228060648e-05)]
MAR09587	[np.float64(6.713308228060648e-05)]
MAR09588	[0.00906218291663845]
MAR09798	[8.4310167750605e-05]
MAR09806	[2.9037379183842352e-05]
MAR00010	[np.float64(6.713308228060648e-05)]
MAR00011	[8.4310167750605e-05]
MAR00012	[8.4310167750605e-05]
MAR00013	[0.0086953325602442]
MAR00014	[0.0086953325602442]
MAR00477	[8.4310167750605e-05]
MAR00545	[8.4310167750605e-05]
MAR00546	[8.4310167750605e-05]
MAR00547	[8.4310167750605e-05]
MAR00548	[8.4310167750605e-05]
MAR00549	[8.4310167750605e-05]
MAR00550	[8.4310167750605e-05]
MAR00551	[8.4310167750605e-05]
MAR00552	[8.4310167750605e-05]
MAR00553	[8.4310167750605e-05]
MAR00555	[8.4310167750605e-05]
MAR00556	[8.4310167750605e-05]
MAR00557	[8.4310167750605e-05]
MAR00558	[8.4310167750605e-05]
MAR00559	[8.4310167750605e-05]
MAR00560	[8.4310167750605e-05]
MAR00561	[8.4310167750605e-05]
MAR00685	[8.4310167750605e-05]
MAR00686	[8.4310167750605e-05]
MAR00687	[8.4310167750605e-05]
MAR00688	[8.4310167750605e-05]
MAR00689	[8.4310167750605e-05]
MAR00690	[8.4310167750605e-05]
MAR00691	[8.4310167750605e-05]
MAR00692	[8.4310167750605e-05]
MAR01185	[8.4310167750605e-05]
MAR01227	[8.4310167750605e-05]
MAR05233	[8.4310167750605e-05]
MAR05234	[8.4310167750605e-05]
MAR05238	[8.4310167750605e-05]
MAR05239	[8.4310167750605e-05]
MAR05243	[8.4310167750605e-05]
MAR05244	[8.4310167750605e-05]
MAR05247	[8.4310167750605e-05]
MAR05257	[8.4310167750605e-05]
MAR09022	[8.4310167750605e-05]
MAR00004	[8.4310167750605e-05]
MAR00006	[3.216462933622003e-05]
MAR00007	[0.0086953325602442]
MAR00008	[0.0086953325602442]
MAR00009	[8.4310167750605e-05]
MAR00015	[8.4310167750605e-05]
MAR00016	[8.4310167750605e-05]
MAR00017	[8.4310167750605e-05]
MAR00018	[0.004710908773887676]
MAR00019	[np.float64(6.713308228060648e-05)]
MAR00155	[5.108917658270245e-05]
MAR00164	[5.108917658270245e-05]
MAR00167	[5.108917658270245e-05]
MAR00170	[5.108917658270245e-05]
MAR00173	[5.108917658270245e-05]
MAR00176	[5.108917658270245e-05]
MAR00179	[5.108917658270245e-05]
MAR00183	[5.108917658270245e-05]
MAR00187	[5.108917658270245e-05]
MAR00190	[3.216462933622003e-05]
MAR00191	[5.108917658270245e-05]
MAR00194	[0.0043702273628809275]
MAR00195	[5.108917658270245e-05]
MAR00198	[0.0043702273628809275]
MAR00199	[5.108917658270245e-05]
MAR00202	[0.0043702273628809275]
MAR00203	[5.108917658270245e-05]
MAR00207	[0.0043702273628809275]
MAR00208	[5.108917658270245e-05]
MAR00211	[0.0043702273628809275]
MAR00212	[5.108917658270245e-05]
MAR00215	[0.0043702273628809275]
MAR00216	[5.108917658270245e-05]
MAR00224	[0.0043702273628809275]
MAR00225	[5.108917658270245e-05]
MAR00231	[0.0043702273628809275]
MAR00232	[5.108917658270245e-05]
MAR00235	[0.0043702273628809275]
MAR00236	[5.108917658270245e-05]
MAR00239	[0.0043702273628809275]
MAR00240	[5.108917658270245e-05]
MAR00243	[0.0043702273628809275]
MAR00244	[5.108917658270245e-05]
MAR00247	[0.0043702273628809275]
MAR00248	[5.108917658270245e-05]
MAR00253	[0.0043702273628809275]
MAR00254	[5.108917658270245e-05]
MAR00257	[0.0043702273628809275]
MAR00258	[5.108917658270245e-05]
MAR00261	[0.0043702273628809275]
MAR00262	[5.108917658270245e-05]
MAR00265	[0.0043702273628809275]
MAR00266	[5.108917658270245e-05]
MAR00269	[0.0043702273628809275]
MAR00270	[5.108917658270245e-05]
MAR00273	[0.0043702273628809275]
MAR00274	[5.108917658270245e-05]
MAR00277	[0.0043702273628809275]
MAR00278	[5.108917658270245e-05]
MAR00281	[0.0043702273628809275]
MAR00282	[5.108917658270245e-05]
MAR00287	[0.0043702273628809275]
MAR00288	[5.108917658270245e-05]
MAR00291	[0.0043702273628809275]
MAR00292	[5.108917658270245e-05]
MAR00295	[0.0043702273628809275]
MAR00296	[5.108917658270245e-05]
MAR00299	[0.0043702273628809275]
MAR00300	[5.108917658270245e-05]
MAR00303	[0.0043702273628809275]
MAR00304	[5.108917658270245e-05]
MAR00307	[0.0043702273628809275]
MAR00308	[5.108917658270245e-05]
MAR00311	[0.0043702273628809275]
MAR00312	[5.108917658270245e-05]
MAR00317	[0.0043702273628809275]
MAR00318	[5.108917658270245e-05]
MAR00321	[0.0043702273628809275]
MAR00322	[5.108917658270245e-05]
MAR00325	[0.0043702273628809275]
MAR00326	[5.108917658270245e-05]
MAR00329	[0.0043702273628809275]
MAR00330	[5.108917658270245e-05]
MAR00335	[0.0043702273628809275]
MAR00336	[5.108917658270245e-05]
MAR00339	[0.0043702273628809275]
MAR00340	[5.108917658270245e-05]
MAR00343	[0.0043702273628809275]
MAR00344	[5.108917658270245e-05]
MAR00347	[0.0043702273628809275]
MAR00348	[5.108917658270245e-05]
MAR00351	[0.0043702273628809275]
MAR00352	[5.108917658270245e-05]
MAR00355	[0.0043702273628809275]
MAR00356	[5.108917658270245e-05]
MAR00359	[0.0043702273628809275]
MAR00360	[5.108917658270245e-05]
MAR00363	[0.0043702273628809275]
MAR00364	[5.108917658270245e-05]
MAR00367	[0.0043702273628809275]
MAR00368	[5.108917658270245e-05]
MAR00371	[0.0043702273628809275]
MAR00372	[5.108917658270245e-05]
MAR00375	[0.0043702273628809275]
MAR00376	[5.108917658270245e-05]
MAR00379	[0.0043702273628809275]
MAR00380	[5.108917658270245e-05]
MAR00383	[0.0043702273628809275]
MAR00384	[5.108917658270245e-05]
MAR00387	[0.0043702273628809275]
MAR00388	[5.108917658270245e-05]
MAR00391	[0.0043702273628809275]
MAR00392	[5.108917658270245e-05]
MAR00395	[0.0043702273628809275]
MAR00396	[5.108917658270245e-05]
MAR00399	[0.0043702273628809275]
MAR00400	[5.108917658270245e-05]
MAR00403	[0.0043702273628809275]
MAR00404	[5.108917658270245e-05]
MAR00407	[0.0043702273628809275]
MAR00408	[5.108917658270245e-05]
MAR00411	[0.0043702273628809275]
MAR00412	[5.108917658270245e-05]
MAR00415	[0.0043702273628809275]
MAR00416	[5.108917658270245e-05]
MAR00419	[0.0043702273628809275]
MAR00420	[5.108917658270245e-05]
MAR00423	[0.0043702273628809275]
MAR00424	[5.108917658270245e-05]
MAR00427	[0.0043702273628809275]
MAR00428	[5.108917658270245e-05]
MAR00431	[0.0043702273628809275]
MAR00432	[5.108917658270245e-05]
MAR00435	[0.0043702273628809275]
MAR00436	[5.108917658270245e-05]
MAR00439	[0.0043702273628809275]
MAR00440	[8.4310167750605e-05]
MAR00444	[np.float64(6.713308228060648e-05)]
MAR00469	[8.4310167750605e-05]
MAR00470	[0.00906218291663845]
MAR00476	[0.0043702273628809275]
MAR00770	[np.float64(6.713308228060648e-05)]
MAR00782	[8.4310167750605e-05]
MAR01082	[np.float64(6.713308228060648e-05)]
MAR01086	[0.00906218291663845]
MAR01898	[np.float64(6.713308228060648e-05)]
MAR01899	[np.float64(6.713308228060648e-05)]
MAR01900	[np.float64(6.713308228060648e-05)]
MAR01901	[np.float64(6.713308228060648e-05)]
MAR01902	[np.float64(6.713308228060648e-05)]
MAR01903	[np.float64(6.713308228060648e-05)]
MAR01904	[np.float64(6.713308228060648e-05)]
MAR01905	[np.float64(6.713308228060648e-05)]
MAR01906	[np.float64(6.713308228060648e-05)]
MAR01907	[np.float64(6.713308228060648e-05)]
MAR01908	[np.float64(6.713308228060648e-05)]
MAR01909	[np.float64(6.713308228060648e-05)]
MAR01910	[8.4310167750605e-05]
MAR01911	[0.0043702273628809275]
MAR01913	[8.4310167750605e-05]
MAR01914	[np.float64(6.713308228060648e-05)]
MAR01919	[0.004648802588729832]
MAR02013	[8.4310167750605e-05]
MAR03858	[3.018719623960039e-05]
MAR03916	[np.float64(6.713308228060648e-05)]
MAR03951	[8.4310167750605e-05]
MAR03959	[8.4310167750605e-05]
MAR03964	[8.4310167750605e-05]
MAR04062	[8.4310167750605e-05]
MAR04063	[8.4310167750605e-05]
MAR04249	[8.4310167750605e-05]
MAR04321	[np.float64(6.713308228060648e-05)]
MAR04432	[8.4310167750605e-05]
MAR04433	[np.float64(6.713308228060648e-05)]
MAR04434	[np.float64(6.713308228060648e-05)]
MAR04435	[np.float64(6.713308228060648e-05)]
MAR04436	[np.float64(6.713308228060648e-05)]
MAR04691	[np.float64(6.713308228060648e-05)]
MAR04721	[np.float64(6.713308228060648e-05)]
MAR04844	[3.216462933622003e-05]
MAR04845	[0.006935796717097496]
MAR04847	[np.float64(6.713308228060648e-05)]
MAR04848	[np.float64(6.713308228060648e-05)]
MAR04849	[0.00906218291663845]
MAR04858	[np.float64(6.713308228060648e-05)]
MAR04861	[0.006935796717097496]
MAR04873	[0.00906218291663845]
MAR04875	[8.4310167750605e-05]
MAR04882	[np.float64(6.713308228060648e-05)]
MAR04885	[np.float64(6.713308228060648e-05)]
MAR04896	[8.4310167750605e-05]
MAR04910	[np.float64(6.713308228060648e-05)]
MAR04912	[np.float64(6.713308228060648e-05)]
MAR04919	[8.4310167750605e-05]
MAR04928	[3.018719623960039e-05]
MAR04931	[2.9037379183842352e-05]
MAR04932	[np.float64(6.713308228060648e-05)]
MAR04933	[np.float64(6.713308228060648e-05)]
MAR04934	[8.4310167750605e-05]
MAR04935	[3.018719623960039e-05]
MAR04938	[0.005489941701390298]
MAR04939	[0.0086953325602442]
MAR04946	[np.float64(6.713308228060648e-05)]
MAR04947	[8.4310167750605e-05]
MAR04948	[8.4310167750605e-05]
MAR04949	[0.007610041142847916]
MAR04952	[8.4310167750605e-05]
MAR04954	[np.float64(6.713308228060648e-05)]
MAR04956	[np.float64(6.713308228060648e-05)]
MAR04958	[8.4310167750605e-05]
MAR04969	[8.4310167750605e-05]
MAR04973	[np.float64(6.713308228060648e-05)]
MAR04975	[0.00906218291663845]
MAR04976	[3.018719623960039e-05]
MAR04980	[np.float64(6.713308228060648e-05)]
MAR04982	[8.4310167750605e-05]
MAR04983	[0.00906218291663845]
MAR04985	[np.float64(6.713308228060648e-05)]
MAR04989	[8.4310167750605e-05]
MAR04990	[8.4310167750605e-05]
MAR04992	[3.52390203130258e-05]
MAR04993	[8.4310167750605e-05]
MAR04994	[0.0043702273628809275]
MAR04995	[8.4310167750605e-05]
MAR04996	[np.float64(6.713308228060648e-05)]
MAR04999	[np.float64(6.713308228060648e-05)]
MAR05000	[8.4310167750605e-05]
MAR05002	[8.4310167750605e-05]
MAR05003	[np.float64(6.713308228060648e-05)]
MAR05005	[0.006935796717097496]
MAR05007	[np.float64(6.713308228060648e-05)]
MAR05008	[np.float64(6.713308228060648e-05)]
MAR05009	[8.4310167750605e-05]
MAR05010	[8.4310167750605e-05]
MAR05011	[8.4310167750605e-05]
MAR05013	[0.0043702273628809275]
MAR05018	[3.018719623960039e-05]
MAR05020	[8.4310167750605e-05]
MAR05021	[np.float64(6.713308228060648e-05)]
MAR05023	[0.00906218291663845]
MAR05029	[np.float64(6.713308228060648e-05)]
MAR05032	[np.float64(6.713308228060648e-05)]
MAR05034	[np.float64(6.713308228060648e-05)]
MAR05035	[np.float64(6.713308228060648e-05)]
MAR05037	[np.float64(6.713308228060648e-05)]
MAR05038	[0.00906218291663845]
MAR05039	[0.00906218291663845]
MAR05040	[0.00906218291663845]
MAR05041	[0.006935796717097496]
MAR05042	[np.float64(6.713308228060648e-05)]
MAR05068	[3.6078358966179565e-05]
MAR05070	[2.9037379183842352e-05]
MAR05071	[3.6078358966179565e-05]
MAR05073	[2.9037379183842352e-05]
MAR05074	[2.9037379183842352e-05]
MAR05076	[2.9037379183842352e-05]
MAR05077	[2.9037379183842352e-05]
MAR05078	[2.9037379183842352e-05]
MAR05079	[2.9037379183842352e-05]
MAR05080	[2.9037379183842352e-05]
MAR05082	[2.9037379183842352e-05]
MAR05084	[2.9037379183842352e-05]
MAR05085	[2.9037379183842352e-05]
MAR05087	[2.9037379183842352e-05]
MAR05088	[2.9037379183842352e-05]
MAR05089	[2.9037379183842352e-05]
MAR05091	[2.9037379183842352e-05]
MAR05092	[2.9037379183842352e-05]
MAR05094	[3.6078358966179565e-05]
MAR05129	[0.006935796717097496]
MAR05198	[8.4310167750605e-05]
MAR05200	[8.4310167750605e-05]
MAR05202	[8.4310167750605e-05]
MAR05206	[8.4310167750605e-05]
MAR05213	[8.4310167750605e-05]
MAR05215	[8.4310167750605e-05]
MAR05216	[8.4310167750605e-05]
MAR05219	[8.4310167750605e-05]
MAR05221	[8.4310167750605e-05]
MAR05231	[8.4310167750605e-05]
MAR05232	[8.4310167750605e-05]
MAR05236	[8.4310167750605e-05]
MAR05237	[8.4310167750605e-05]
MAR05240	[8.4310167750605e-05]
MAR05241	[np.float64(6.713308228060648e-05)]
MAR05246	[np.float64(6.713308228060648e-05)]
MAR05296	[8.4310167750605e-05]
MAR05303	[8.4310167750605e-05]
MAR05305	[2.948732197229683e-05]
MAR05307	[np.float64(6.713308228060648e-05)]
MAR05308	[2.948732197229683e-05]
MAR05311	[2.9760986965356928e-05]
MAR05313	[np.float64(6.713308228060648e-05)]
MAR05314	[np.float64(6.713308228060648e-05)]
MAR05315	[2.9037379183842352e-05]
MAR05316	[np.float64(6.713308228060648e-05)]
MAR05317	[0.00906218291663845]
MAR05318	[0.00906218291663845]
MAR05319	[2.9760986965356928e-05]
MAR05320	[2.9760986965356928e-05]
MAR05322	[2.9760986965356928e-05]
MAR05324	[2.9760986965356928e-05]
MAR05326	[2.9760986965356928e-05]
MAR05328	[np.float64(6.713308228060648e-05)]
MAR05330	[np.float64(6.713308228060648e-05)]
MAR05332	[0.006935796717097496]
MAR05333	[2.9760986965356928e-05]
MAR05335	[0.00906218291663845]
MAR05429	[2.9037379183842352e-05]
MAR05430	[np.float64(6.713308228060648e-05)]
MAR05432	[np.float64(6.713308228060648e-05)]
MAR05433	[0.004214386547489437]
MAR05435	[0.004214386547489437]
MAR05436	[0.004214386547489437]
MAR05437	[0.004214386547489437]
MAR05438	[0.004214386547489437]
MAR05439	[0.004214386547489437]
MAR05440	[8.4310167750605e-05]
MAR05441	[8.4310167750605e-05]
MAR05442	[np.float64(6.713308228060648e-05)]
MAR05443	[np.float64(6.713308228060648e-05)]
MAR05444	[np.float64(6.713308228060648e-05)]
MAR05445	[np.float64(6.713308228060648e-05)]
MAR05446	[np.float64(6.713308228060648e-05)]
MAR05447	[np.float64(6.713308228060648e-05)]
MAR05448	[0.00906218291663845]
MAR05450	[0.0059643768572906234]
MAR05451	[np.float64(6.713308228060648e-05)]
MAR05454	[np.float64(6.713308228060648e-05)]
MAR05455	[np.float64(6.713308228060648e-05)]
MAR05457	[0.00906218291663845]
MAR05458	[2.9037379183842352e-05]
MAR05459	[2.9037379183842352e-05]
MAR05460	[2.9037379183842352e-05]
MAR05461	[2.9037379183842352e-05]
MAR05462	[2.9037379183842352e-05]
MAR05463	[2.9037379183842352e-05]
MAR05464	[2.9037379183842352e-05]
MAR05465	[2.9037379183842352e-05]
MAR05466	[2.9037379183842352e-05]
MAR05467	[2.9037379183842352e-05]
MAR05468	[2.9037379183842352e-05]
MAR05469	[2.9037379183842352e-05]
MAR05470	[2.9037379183842352e-05]
MAR05471	[2.9037379183842352e-05]
MAR05472	[2.9037379183842352e-05]
MAR05473	[2.9037379183842352e-05]
MAR05474	[2.9037379183842352e-05]
MAR05475	[2.9037379183842352e-05]
MAR05476	[2.9037379183842352e-05]
MAR05477	[2.9037379183842352e-05]
MAR05478	[2.9037379183842352e-05]
MAR05479	[2.9037379183842352e-05]
MAR05480	[2.9037379183842352e-05]
MAR05481	[2.9037379183842352e-05]
MAR05482	[2.9037379183842352e-05]
MAR05483	[2.9037379183842352e-05]
MAR05484	[2.9037379183842352e-05]
MAR05485	[2.9037379183842352e-05]
MAR05486	[2.9037379183842352e-05]
MAR05487	[2.9037379183842352e-05]
MAR05488	[2.9037379183842352e-05]
MAR05489	[2.9037379183842352e-05]
MAR05490	[2.9037379183842352e-05]
MAR05491	[2.9037379183842352e-05]
MAR05492	[2.9037379183842352e-05]
MAR05493	[2.9037379183842352e-05]
MAR05494	[2.9037379183842352e-05]
MAR05495	[2.9037379183842352e-05]
MAR05496	[2.9037379183842352e-05]
MAR05497	[2.9037379183842352e-05]
MAR05498	[2.9037379183842352e-05]
MAR05499	[2.9037379183842352e-05]
MAR05500	[2.9037379183842352e-05]
MAR05501	[2.9037379183842352e-05]
MAR05502	[2.9037379183842352e-05]
MAR05503	[2.9037379183842352e-05]
MAR05504	[2.9037379183842352e-05]
MAR05505	[2.9037379183842352e-05]
MAR05506	[2.9037379183842352e-05]
MAR05507	[2.9037379183842352e-05]
MAR05508	[2.9037379183842352e-05]
MAR05509	[2.9037379183842352e-05]
MAR05510	[2.9037379183842352e-05]
MAR05511	[2.9037379183842352e-05]
MAR05512	[2.9037379183842352e-05]
MAR05513	[2.9037379183842352e-05]
MAR05514	[2.9037379183842352e-05]
MAR05515	[2.9037379183842352e-05]
MAR05516	[2.9037379183842352e-05]
MAR05517	[2.9037379183842352e-05]
MAR05518	[2.9037379183842352e-05]
MAR05519	[2.9037379183842352e-05]
MAR05520	[2.9037379183842352e-05]
MAR05521	[2.9037379183842352e-05]
MAR05522	[2.9037379183842352e-05]
MAR05523	[2.9037379183842352e-05]
MAR05524	[2.9037379183842352e-05]
MAR05525	[2.9037379183842352e-05]
MAR05526	[2.9037379183842352e-05]
MAR05527	[2.9037379183842352e-05]
MAR05528	[2.9037379183842352e-05]
MAR05529	[2.9037379183842352e-05]
MAR05530	[2.9037379183842352e-05]
MAR05531	[2.9037379183842352e-05]
MAR05532	[2.9037379183842352e-05]
MAR05533	[2.9037379183842352e-05]
MAR05534	[2.9037379183842352e-05]
MAR05535	[2.9037379183842352e-05]
MAR05536	[2.9037379183842352e-05]
MAR05537	[2.9037379183842352e-05]
MAR05538	[2.9037379183842352e-05]
MAR05539	[2.9037379183842352e-05]
MAR05540	[2.9037379183842352e-05]
MAR05541	[2.9037379183842352e-05]
MAR05542	[2.9037379183842352e-05]
MAR05543	[2.9037379183842352e-05]
MAR05544	[2.9037379183842352e-05]
MAR05545	[2.9037379183842352e-05]
MAR05546	[2.9037379183842352e-05]
MAR05547	[2.9037379183842352e-05]
MAR05548	[2.9037379183842352e-05]
MAR05549	[2.9037379183842352e-05]
MAR05550	[0.006287108860154966]
MAR05551	[2.9037379183842352e-05]
MAR05552	[2.9037379183842352e-05]
MAR05553	[2.9037379183842352e-05]
MAR05554	[2.9037379183842352e-05]
MAR05555	[2.9037379183842352e-05]
MAR05556	[2.9037379183842352e-05]
MAR05557	[2.9037379183842352e-05]
MAR05558	[2.9037379183842352e-05]
MAR05559	[2.9037379183842352e-05]
MAR05560	[2.9037379183842352e-05]
MAR05561	[2.9037379183842352e-05]
MAR05562	[2.9037379183842352e-05]
MAR05563	[2.9037379183842352e-05]
MAR05564	[2.9037379183842352e-05]
MAR05565	[2.9037379183842352e-05]
MAR05566	[2.9037379183842352e-05]
MAR05567	[2.9037379183842352e-05]
MAR05568	[2.9037379183842352e-05]
MAR05569	[2.9037379183842352e-05]
MAR05570	[2.9037379183842352e-05]
MAR05571	[2.9037379183842352e-05]
MAR05572	[2.9037379183842352e-05]
MAR05573	[2.9037379183842352e-05]
MAR05574	[2.9037379183842352e-05]
MAR05575	[2.9037379183842352e-05]
MAR05576	[2.9037379183842352e-05]
MAR05577	[2.9037379183842352e-05]
MAR05578	[2.9037379183842352e-05]
MAR05579	[2.9037379183842352e-05]
MAR05580	[2.9037379183842352e-05]
MAR05581	[2.9037379183842352e-05]
MAR05582	[2.9037379183842352e-05]
MAR05583	[2.9037379183842352e-05]
MAR05584	[2.9037379183842352e-05]
MAR05585	[2.9037379183842352e-05]
MAR05586	[2.9037379183842352e-05]
MAR05587	[2.9037379183842352e-05]
MAR05588	[2.9037379183842352e-05]
MAR05589	[2.9037379183842352e-05]
MAR05590	[2.9037379183842352e-05]
MAR05591	[2.9037379183842352e-05]
MAR05592	[2.9037379183842352e-05]
MAR05593	[2.9037379183842352e-05]
MAR05594	[2.9037379183842352e-05]
MAR05595	[2.9037379183842352e-05]
MAR05596	[2.9037379183842352e-05]
MAR05597	[2.9037379183842352e-05]
MAR05598	[2.9037379183842352e-05]
MAR05599	[2.9037379183842352e-05]
MAR05600	[2.9037379183842352e-05]
MAR05601	[2.9037379183842352e-05]
MAR05602	[2.9037379183842352e-05]
MAR05603	[2.948732197229683e-05]
MAR05604	[2.948732197229683e-05]
MAR05605	[2.9037379183842352e-05]
MAR05606	[2.9037379183842352e-05]
MAR05607	[2.9037379183842352e-05]
MAR05608	[2.9037379183842352e-05]
MAR05609	[2.948732197229683e-05]
MAR05610	[2.9037379183842352e-05]
MAR05611	[2.9037379183842352e-05]
MAR05612	[2.948732197229683e-05]
MAR05613	[2.9037379183842352e-05]
MAR05614	[2.948732197229683e-05]
MAR05615	[2.9037379183842352e-05]
MAR05616	[2.9037379183842352e-05]
MAR05617	[2.9037379183842352e-05]
MAR05618	[2.948732197229683e-05]
MAR05619	[2.948732197229683e-05]
MAR05620	[2.9037379183842352e-05]
MAR05621	[2.9037379183842352e-05]
MAR05622	[2.9037379183842352e-05]
MAR05623	[2.9037379183842352e-05]
MAR05624	[2.948732197229683e-05]
MAR05625	[2.9037379183842352e-05]
MAR05626	[2.9037379183842352e-05]
MAR05627	[2.948732197229683e-05]
MAR05628	[2.9037379183842352e-05]
MAR05629	[2.948732197229683e-05]
MAR05630	[2.9037379183842352e-05]
MAR05631	[2.9037379183842352e-05]
MAR05632	[2.9037379183842352e-05]
MAR05633	[2.948732197229683e-05]
MAR05634	[2.948732197229683e-05]
MAR05635	[2.9037379183842352e-05]
MAR05636	[2.9037379183842352e-05]
MAR05637	[2.9037379183842352e-05]
MAR05638	[2.9037379183842352e-05]
MAR05639	[2.948732197229683e-05]
MAR05640	[2.9037379183842352e-05]
MAR05641	[2.9037379183842352e-05]
MAR05642	[2.948732197229683e-05]
MAR05643	[2.9037379183842352e-05]
MAR05644	[2.948732197229683e-05]
MAR05645	[2.9037379183842352e-05]
MAR05646	[2.9037379183842352e-05]
MAR05647	[2.9037379183842352e-05]
MAR05648	[2.9037379183842352e-05]
MAR05649	[2.9037379183842352e-05]
MAR05650	[2.9037379183842352e-05]
MAR05651	[2.9037379183842352e-05]
MAR05652	[2.9037379183842352e-05]
MAR05653	[2.9037379183842352e-05]
MAR05654	[2.9037379183842352e-05]
MAR05655	[2.9037379183842352e-05]
MAR05656	[2.9037379183842352e-05]
MAR05657	[2.9037379183842352e-05]
MAR05658	[2.9037379183842352e-05]
MAR05659	[2.9037379183842352e-05]
MAR05660	[2.9037379183842352e-05]
MAR05661	[2.9037379183842352e-05]
MAR05662	[2.9037379183842352e-05]
MAR05663	[2.9037379183842352e-05]
MAR05664	[2.9037379183842352e-05]
MAR05665	[2.9037379183842352e-05]
MAR05666	[2.9037379183842352e-05]
MAR05667	[2.9037379183842352e-05]
MAR05668	[2.9037379183842352e-05]
MAR05669	[2.9037379183842352e-05]
MAR05670	[2.9037379183842352e-05]
MAR05671	[2.9037379183842352e-05]
MAR05672	[2.9037379183842352e-05]
MAR05673	[2.9037379183842352e-05]
MAR05674	[2.9037379183842352e-05]
MAR05675	[2.9037379183842352e-05]
MAR05676	[2.9037379183842352e-05]
MAR05677	[np.float64(6.713308228060648e-05)]
MAR05678	[np.float64(6.713308228060648e-05)]
MAR05679	[np.float64(6.713308228060648e-05)]
MAR05680	[np.float64(6.713308228060648e-05)]
MAR05681	[np.float64(6.713308228060648e-05)]
MAR05682	[np.float64(6.713308228060648e-05)]
MAR05683	[np.float64(6.713308228060648e-05)]
MAR05684	[np.float64(6.713308228060648e-05)]
MAR05685	[np.float64(6.713308228060648e-05)]
MAR05686	[np.float64(6.713308228060648e-05)]
MAR05687	[np.float64(6.713308228060648e-05)]
MAR05688	[np.float64(6.713308228060648e-05)]
MAR05689	[np.float64(6.713308228060648e-05)]
MAR05690	[np.float64(6.713308228060648e-05)]
MAR05691	[np.float64(6.713308228060648e-05)]
MAR05692	[np.float64(6.713308228060648e-05)]
MAR05693	[np.float64(6.713308228060648e-05)]
MAR05694	[np.float64(6.713308228060648e-05)]
MAR05695	[np.float64(6.713308228060648e-05)]
MAR05696	[np.float64(6.713308228060648e-05)]
MAR05697	[np.float64(6.713308228060648e-05)]
MAR05698	[np.float64(6.713308228060648e-05)]
MAR05699	[np.float64(6.713308228060648e-05)]
MAR05700	[np.float64(6.713308228060648e-05)]
MAR05701	[np.float64(6.713308228060648e-05)]
MAR05702	[np.float64(6.713308228060648e-05)]
MAR05703	[np.float64(6.713308228060648e-05)]
MAR05704	[np.float64(6.713308228060648e-05)]
MAR05705	[np.float64(6.713308228060648e-05)]
MAR05706	[np.float64(6.713308228060648e-05)]
MAR05707	[np.float64(6.713308228060648e-05)]
MAR05708	[2.948732197229683e-05]
MAR05709	[2.948732197229683e-05]
MAR05710	[2.948732197229683e-05]
MAR05711	[np.float64(6.713308228060648e-05)]
MAR05712	[np.float64(6.713308228060648e-05)]
MAR05713	[np.float64(6.713308228060648e-05)]
MAR05714	[np.float64(6.713308228060648e-05)]
MAR05715	[np.float64(6.713308228060648e-05)]
MAR05716	[np.float64(6.713308228060648e-05)]
MAR05717	[2.948732197229683e-05]
MAR05718	[np.float64(6.713308228060648e-05)]
MAR05719	[2.948732197229683e-05]
MAR05720	[np.float64(6.713308228060648e-05)]
MAR05721	[np.float64(6.713308228060648e-05)]
MAR05722	[np.float64(6.713308228060648e-05)]
MAR05723	[np.float64(6.713308228060648e-05)]
MAR05724	[np.float64(6.713308228060648e-05)]
MAR05725	[np.float64(6.713308228060648e-05)]
MAR05726	[np.float64(6.713308228060648e-05)]
MAR05727	[np.float64(6.713308228060648e-05)]
MAR05728	[np.float64(6.713308228060648e-05)]
MAR05729	[np.float64(6.713308228060648e-05)]
MAR05730	[np.float64(6.713308228060648e-05)]
MAR05731	[np.float64(6.713308228060648e-05)]
MAR05732	[np.float64(6.713308228060648e-05)]
MAR05733	[np.float64(6.713308228060648e-05)]
MAR05734	[np.float64(6.713308228060648e-05)]
MAR05735	[np.float64(6.713308228060648e-05)]
MAR05736	[np.float64(6.713308228060648e-05)]
MAR05737	[np.float64(6.713308228060648e-05)]
MAR05738	[np.float64(6.713308228060648e-05)]
MAR05739	[np.float64(6.713308228060648e-05)]
MAR05740	[np.float64(6.713308228060648e-05)]
MAR05741	[np.float64(6.713308228060648e-05)]
MAR05742	[np.float64(6.713308228060648e-05)]
MAR05743	[np.float64(6.713308228060648e-05)]
MAR05744	[np.float64(6.713308228060648e-05)]
MAR05745	[np.float64(6.713308228060648e-05)]
MAR05746	[np.float64(6.713308228060648e-05)]
MAR05747	[np.float64(6.713308228060648e-05)]
MAR05748	[np.float64(6.713308228060648e-05)]
MAR05749	[np.float64(6.713308228060648e-05)]
MAR05750	[np.float64(6.713308228060648e-05)]
MAR05751	[np.float64(6.713308228060648e-05)]
MAR05752	[np.float64(6.713308228060648e-05)]
MAR05753	[2.948732197229683e-05]
MAR05754	[2.948732197229683e-05]
MAR05755	[2.948732197229683e-05]
MAR05756	[np.float64(6.713308228060648e-05)]
MAR05757	[np.float64(6.713308228060648e-05)]
MAR05758	[np.float64(6.713308228060648e-05)]
MAR05759	[np.float64(6.713308228060648e-05)]
MAR05760	[2.948732197229683e-05]
MAR05761	[np.float64(6.713308228060648e-05)]
MAR05762	[np.float64(6.713308228060648e-05)]
MAR05763	[np.float64(6.713308228060648e-05)]
MAR05764	[2.948732197229683e-05]
MAR05765	[np.float64(6.713308228060648e-05)]
MAR05766	[np.float64(6.713308228060648e-05)]
MAR05767	[np.float64(6.713308228060648e-05)]
MAR05768	[np.float64(6.713308228060648e-05)]
MAR05769	[np.float64(6.713308228060648e-05)]
MAR05770	[np.float64(6.713308228060648e-05)]
MAR05771	[np.float64(6.713308228060648e-05)]
MAR05772	[np.float64(6.713308228060648e-05)]
MAR05773	[np.float64(6.713308228060648e-05)]
MAR05774	[np.float64(6.713308228060648e-05)]
MAR05775	[np.float64(6.713308228060648e-05)]
MAR05776	[np.float64(6.713308228060648e-05)]
MAR05777	[np.float64(6.713308228060648e-05)]
MAR05778	[np.float64(6.713308228060648e-05)]
MAR05779	[np.float64(6.713308228060648e-05)]
MAR05780	[np.float64(6.713308228060648e-05)]
MAR05781	[np.float64(6.713308228060648e-05)]
MAR05782	[np.float64(6.713308228060648e-05)]
MAR05783	[2.948732197229683e-05]
MAR05784	[2.948732197229683e-05]
MAR05785	[2.948732197229683e-05]
MAR05786	[np.float64(6.713308228060648e-05)]
MAR05787	[np.float64(6.713308228060648e-05)]
MAR05788	[np.float64(6.713308228060648e-05)]
MAR05789	[np.float64(6.713308228060648e-05)]
MAR05790	[2.948732197229683e-05]
MAR05791	[np.float64(6.713308228060648e-05)]
MAR05792	[np.float64(6.713308228060648e-05)]
MAR05793	[2.948732197229683e-05]
MAR05794	[np.float64(6.713308228060648e-05)]
MAR05795	[np.float64(6.713308228060648e-05)]
MAR05796	[np.float64(6.713308228060648e-05)]
MAR05797	[np.float64(6.713308228060648e-05)]
MAR05798	[np.float64(6.713308228060648e-05)]
MAR05799	[np.float64(6.713308228060648e-05)]
MAR05800	[np.float64(6.713308228060648e-05)]
MAR05801	[np.float64(6.713308228060648e-05)]
MAR05802	[np.float64(6.713308228060648e-05)]
MAR05803	[np.float64(6.713308228060648e-05)]
MAR05804	[np.float64(6.713308228060648e-05)]
MAR05805	[np.float64(6.713308228060648e-05)]
MAR05806	[np.float64(6.713308228060648e-05)]
MAR05807	[np.float64(6.713308228060648e-05)]
MAR05808	[np.float64(6.713308228060648e-05)]
MAR05809	[np.float64(6.713308228060648e-05)]
MAR05810	[np.float64(6.713308228060648e-05)]
MAR05811	[np.float64(6.713308228060648e-05)]
MAR05812	[np.float64(6.713308228060648e-05)]
MAR05813	[np.float64(6.713308228060648e-05)]
MAR05814	[np.float64(6.713308228060648e-05)]
MAR05815	[np.float64(6.713308228060648e-05)]
MAR05816	[np.float64(6.713308228060648e-05)]
MAR05817	[np.float64(6.713308228060648e-05)]
MAR05818	[np.float64(6.713308228060648e-05)]
MAR05819	[np.float64(6.713308228060648e-05)]
MAR05820	[np.float64(6.713308228060648e-05)]
MAR05821	[np.float64(6.713308228060648e-05)]
MAR05822	[np.float64(6.713308228060648e-05)]
MAR05823	[np.float64(6.713308228060648e-05)]
MAR05824	[np.float64(6.713308228060648e-05)]
MAR05825	[np.float64(6.713308228060648e-05)]
MAR05826	[np.float64(6.713308228060648e-05)]
MAR05827	[np.float64(6.713308228060648e-05)]
MAR05828	[np.float64(6.713308228060648e-05)]
MAR05829	[np.float64(6.713308228060648e-05)]
MAR05830	[np.float64(6.713308228060648e-05)]
MAR05831	[np.float64(6.713308228060648e-05)]
MAR05832	[np.float64(6.713308228060648e-05)]
MAR05833	[np.float64(6.713308228060648e-05)]
MAR05834	[np.float64(6.713308228060648e-05)]
MAR05835	[np.float64(6.713308228060648e-05)]
MAR05836	[np.float64(6.713308228060648e-05)]
MAR05837	[np.float64(6.713308228060648e-05)]
MAR05838	[np.float64(6.713308228060648e-05)]
MAR05839	[np.float64(6.713308228060648e-05)]
MAR05840	[np.float64(6.713308228060648e-05)]
MAR05841	[np.float64(6.713308228060648e-05)]
MAR05842	[np.float64(6.713308228060648e-05)]
MAR05843	[np.float64(6.713308228060648e-05)]
MAR05844	[np.float64(6.713308228060648e-05)]
MAR05845	[np.float64(6.713308228060648e-05)]
MAR05846	[np.float64(6.713308228060648e-05)]
MAR05847	[np.float64(6.713308228060648e-05)]
MAR05848	[np.float64(6.713308228060648e-05)]
MAR05849	[np.float64(6.713308228060648e-05)]
MAR05850	[np.float64(6.713308228060648e-05)]
MAR05851	[np.float64(6.713308228060648e-05)]
MAR05852	[np.float64(6.713308228060648e-05)]
MAR05853	[np.float64(6.713308228060648e-05)]
MAR05854	[np.float64(6.713308228060648e-05)]
MAR05855	[np.float64(6.713308228060648e-05)]
MAR05856	[np.float64(6.713308228060648e-05)]
MAR05857	[np.float64(6.713308228060648e-05)]
MAR05858	[np.float64(6.713308228060648e-05)]
MAR05859	[np.float64(6.713308228060648e-05)]
MAR05860	[np.float64(6.713308228060648e-05)]
MAR05861	[np.float64(6.713308228060648e-05)]
MAR05862	[np.float64(6.713308228060648e-05)]
MAR05863	[np.float64(6.713308228060648e-05)]
MAR05864	[np.float64(6.713308228060648e-05)]
MAR05865	[np.float64(6.713308228060648e-05)]
MAR05866	[np.float64(6.713308228060648e-05)]
MAR05867	[np.float64(6.713308228060648e-05)]
MAR05868	[np.float64(6.713308228060648e-05)]
MAR05869	[np.float64(6.713308228060648e-05)]
MAR05870	[np.float64(6.713308228060648e-05)]
MAR05871	[np.float64(6.713308228060648e-05)]
MAR05872	[np.float64(6.713308228060648e-05)]
MAR05873	[2.9037379183842352e-05]
MAR05874	[np.float64(6.713308228060648e-05)]
MAR05875	[np.float64(6.713308228060648e-05)]
MAR05876	[np.float64(6.713308228060648e-05)]
MAR05877	[np.float64(6.713308228060648e-05)]
MAR05878	[np.float64(6.713308228060648e-05)]
MAR05879	[np.float64(6.713308228060648e-05)]
MAR05880	[np.float64(6.713308228060648e-05)]
MAR05881	[np.float64(6.713308228060648e-05)]
MAR05882	[np.float64(6.713308228060648e-05)]
MAR05883	[np.float64(6.713308228060648e-05)]
MAR05884	[np.float64(6.713308228060648e-05)]
MAR05885	[np.float64(6.713308228060648e-05)]
MAR05886	[np.float64(6.713308228060648e-05)]
MAR05887	[np.float64(6.713308228060648e-05)]
MAR05888	[np.float64(6.713308228060648e-05)]
MAR05889	[np.float64(6.713308228060648e-05)]
MAR05890	[np.float64(6.713308228060648e-05)]
MAR05891	[np.float64(6.713308228060648e-05)]
MAR05892	[np.float64(6.713308228060648e-05)]
MAR05893	[np.float64(6.713308228060648e-05)]
MAR05894	[np.float64(6.713308228060648e-05)]
MAR05895	[np.float64(6.713308228060648e-05)]
MAR05896	[np.float64(6.713308228060648e-05)]
MAR05897	[np.float64(6.713308228060648e-05)]
MAR05898	[np.float64(6.713308228060648e-05)]
MAR05899	[np.float64(6.713308228060648e-05)]
MAR05900	[np.float64(6.713308228060648e-05)]
MAR05901	[np.float64(6.713308228060648e-05)]
MAR05902	[np.float64(6.713308228060648e-05)]
MAR05903	[np.float64(6.713308228060648e-05)]
MAR05904	[np.float64(6.713308228060648e-05)]
MAR05905	[np.float64(6.713308228060648e-05)]
MAR05906	[np.float64(6.713308228060648e-05)]
MAR05907	[np.float64(6.713308228060648e-05)]
MAR05908	[np.float64(6.713308228060648e-05)]
MAR05909	[np.float64(6.713308228060648e-05)]
MAR05910	[np.float64(6.713308228060648e-05)]
MAR05911	[np.float64(6.713308228060648e-05)]
MAR05912	[np.float64(6.713308228060648e-05)]
MAR05913	[np.float64(6.713308228060648e-05)]
MAR05914	[np.float64(6.713308228060648e-05)]
MAR05915	[np.float64(6.713308228060648e-05)]
MAR05916	[np.float64(6.713308228060648e-05)]
MAR05917	[np.float64(6.713308228060648e-05)]
MAR05918	[np.float64(6.713308228060648e-05)]
MAR05919	[np.float64(6.713308228060648e-05)]
MAR05920	[np.float64(6.713308228060648e-05)]
MAR05921	[np.float64(6.713308228060648e-05)]
MAR05922	[np.float64(6.713308228060648e-05)]
MAR05923	[np.float64(6.713308228060648e-05)]
MAR05924	[np.float64(6.713308228060648e-05)]
MAR05925	[np.float64(6.713308228060648e-05)]
MAR05926	[np.float64(6.713308228060648e-05)]
MAR05927	[np.float64(6.713308228060648e-05)]
MAR05928	[np.float64(6.713308228060648e-05)]
MAR05929	[np.float64(6.713308228060648e-05)]
MAR05930	[np.float64(6.713308228060648e-05)]
MAR05931	[np.float64(6.713308228060648e-05)]
MAR05932	[np.float64(6.713308228060648e-05)]
MAR05933	[np.float64(6.713308228060648e-05)]
MAR05934	[np.float64(6.713308228060648e-05)]
MAR05935	[np.float64(6.713308228060648e-05)]
MAR05936	[np.float64(6.713308228060648e-05)]
MAR05937	[np.float64(6.713308228060648e-05)]
MAR05938	[np.float64(6.713308228060648e-05)]
MAR05939	[np.float64(6.713308228060648e-05)]
MAR05940	[np.float64(6.713308228060648e-05)]
MAR05941	[np.float64(6.713308228060648e-05)]
MAR05942	[np.float64(6.713308228060648e-05)]
MAR05943	[np.float64(6.713308228060648e-05)]
MAR05944	[np.float64(6.713308228060648e-05)]
MAR05945	[np.float64(6.713308228060648e-05)]
MAR05946	[np.float64(6.713308228060648e-05)]
MAR05947	[np.float64(6.713308228060648e-05)]
MAR05948	[np.float64(6.713308228060648e-05)]
MAR05949	[np.float64(6.713308228060648e-05)]
MAR05950	[np.float64(6.713308228060648e-05)]
MAR05951	[np.float64(6.713308228060648e-05)]
MAR05952	[np.float64(6.713308228060648e-05)]
MAR05953	[np.float64(6.713308228060648e-05)]
MAR05954	[np.float64(6.713308228060648e-05)]
MAR05955	[np.float64(6.713308228060648e-05)]
MAR05956	[np.float64(6.713308228060648e-05)]
MAR05957	[np.float64(6.713308228060648e-05)]
MAR05958	[np.float64(6.713308228060648e-05)]
MAR05959	[np.float64(6.713308228060648e-05)]
MAR05960	[np.float64(6.713308228060648e-05)]
MAR05961	[np.float64(6.713308228060648e-05)]
MAR05962	[np.float64(6.713308228060648e-05)]
MAR05963	[np.float64(6.713308228060648e-05)]
MAR05964	[np.float64(6.713308228060648e-05)]
MAR05965	[np.float64(6.713308228060648e-05)]
MAR05966	[np.float64(6.713308228060648e-05)]
MAR05967	[np.float64(6.713308228060648e-05)]
MAR05968	[np.float64(6.713308228060648e-05)]
MAR05969	[np.float64(6.713308228060648e-05)]
MAR05970	[np.float64(6.713308228060648e-05)]
MAR05971	[np.float64(6.713308228060648e-05)]
MAR05972	[np.float64(6.713308228060648e-05)]
MAR05973	[np.float64(6.713308228060648e-05)]
MAR05974	[np.float64(6.713308228060648e-05)]
MAR05975	[np.float64(6.713308228060648e-05)]
MAR05976	[np.float64(6.713308228060648e-05)]
MAR05977	[np.float64(6.713308228060648e-05)]
MAR05978	[np.float64(6.713308228060648e-05)]
MAR05979	[np.float64(6.713308228060648e-05)]
MAR05980	[np.float64(6.713308228060648e-05)]
MAR05981	[np.float64(6.713308228060648e-05)]
MAR05982	[np.float64(6.713308228060648e-05)]
MAR05983	[np.float64(6.713308228060648e-05)]
MAR05984	[np.float64(6.713308228060648e-05)]
MAR05985	[np.float64(6.713308228060648e-05)]
MAR05986	[np.float64(6.713308228060648e-05)]
MAR05987	[np.float64(6.713308228060648e-05)]
MAR05989	[2.9458573639937487e-05]
MAR05990	[np.float64(6.713308228060648e-05)]
MAR05992	[0.005489941701390298]
MAR05993	[8.4310167750605e-05]
MAR05994	[0.006935796717097496]
MAR05995	[0.0086953325602442]
MAR05996	[np.float64(6.713308228060648e-05)]
MAR05997	[0.006935796717097496]
MAR05998	[3.018719623960039e-05]
MAR06000	[3.018719623960039e-05]
MAR06001	[3.018719623960039e-05]
MAR06002	[3.018719623960039e-05]
MAR06003	[3.018719623960039e-05]
MAR06004	[3.018719623960039e-05]
MAR06005	[3.018719623960039e-05]
MAR06006	[3.018719623960039e-05]
MAR06007	[3.018719623960039e-05]
MAR06008	[3.018719623960039e-05]
MAR06009	[3.018719623960039e-05]
MAR06010	[3.018719623960039e-05]
MAR06011	[3.018719623960039e-05]
MAR06012	[3.018719623960039e-05]
MAR06013	[3.018719623960039e-05]
MAR06014	[3.018719623960039e-05]
MAR06015	[3.018719623960039e-05]
MAR06016	[3.018719623960039e-05]
MAR06017	[3.018719623960039e-05]
MAR06018	[3.018719623960039e-05]
MAR06019	[3.018719623960039e-05]
MAR06020	[3.018719623960039e-05]
MAR06021	[3.018719623960039e-05]
MAR06022	[3.018719623960039e-05]
MAR06023	[3.018719623960039e-05]
MAR06024	[3.018719623960039e-05]
MAR06025	[3.018719623960039e-05]
MAR06026	[3.018719623960039e-05]
MAR06027	[3.018719623960039e-05]
MAR06028	[3.018719623960039e-05]
MAR06029	[3.018719623960039e-05]
MAR06030	[3.018719623960039e-05]
MAR06031	[3.018719623960039e-05]
MAR06032	[3.018719623960039e-05]
MAR06033	[3.018719623960039e-05]
MAR06034	[3.018719623960039e-05]
MAR06035	[3.018719623960039e-05]
MAR06036	[3.018719623960039e-05]
MAR06037	[3.018719623960039e-05]
MAR06038	[3.018719623960039e-05]
MAR06039	[3.018719623960039e-05]
MAR06040	[3.018719623960039e-05]
MAR06041	[3.018719623960039e-05]
MAR06042	[3.018719623960039e-05]
MAR06043	[3.018719623960039e-05]
MAR06044	[3.018719623960039e-05]
MAR06045	[3.018719623960039e-05]
MAR06046	[3.018719623960039e-05]
MAR06047	[3.018719623960039e-05]
MAR06048	[3.018719623960039e-05]
MAR06049	[3.018719623960039e-05]
MAR06050	[3.018719623960039e-05]
MAR06051	[3.018719623960039e-05]
MAR06052	[3.018719623960039e-05]
MAR06053	[3.018719623960039e-05]
MAR06054	[3.018719623960039e-05]
MAR06055	[np.float64(6.713308228060648e-05)]
MAR06056	[np.float64(6.713308228060648e-05)]
MAR06057	[0.00906218291663845]
MAR06058	[0.005684099525282462]
MAR06059	[np.float64(6.713308228060648e-05)]
MAR06060	[np.float64(6.713308228060648e-05)]
MAR06061	[np.float64(6.713308228060648e-05)]
MAR06062	[np.float64(6.713308228060648e-05)]
MAR06063	[np.float64(6.713308228060648e-05)]
MAR06064	[np.float64(6.713308228060648e-05)]
MAR06065	[np.float64(6.713308228060648e-05)]
MAR06066	[np.float64(6.713308228060648e-05)]
MAR06067	[np.float64(6.713308228060648e-05)]
MAR06068	[np.float64(6.713308228060648e-05)]
MAR06069	[np.float64(6.713308228060648e-05)]
MAR06070	[np.float64(6.713308228060648e-05)]
MAR06071	[np.float64(6.713308228060648e-05)]
MAR06072	[np.float64(6.713308228060648e-05)]
MAR06073	[np.float64(6.713308228060648e-05)]
MAR06074	[np.float64(6.713308228060648e-05)]
MAR06075	[np.float64(6.713308228060648e-05)]
MAR06076	[np.float64(6.713308228060648e-05)]
MAR06077	[np.float64(6.713308228060648e-05)]
MAR06078	[np.float64(6.713308228060648e-05)]
MAR06079	[np.float64(6.713308228060648e-05)]
MAR06080	[np.float64(6.713308228060648e-05)]
MAR06081	[np.float64(6.713308228060648e-05)]
MAR06082	[np.float64(6.713308228060648e-05)]
MAR06083	[np.float64(6.713308228060648e-05)]
MAR06084	[np.float64(6.713308228060648e-05)]
MAR06085	[np.float64(6.713308228060648e-05)]
MAR06086	[np.float64(6.713308228060648e-05)]
MAR06087	[np.float64(6.713308228060648e-05)]
MAR06088	[np.float64(6.713308228060648e-05)]
MAR06089	[np.float64(6.713308228060648e-05)]
MAR06090	[np.float64(6.713308228060648e-05)]
MAR06091	[np.float64(6.713308228060648e-05)]
MAR06092	[np.float64(6.713308228060648e-05)]
MAR06093	[np.float64(6.713308228060648e-05)]
MAR06094	[np.float64(6.713308228060648e-05)]
MAR06095	[np.float64(6.713308228060648e-05)]
MAR06096	[np.float64(6.713308228060648e-05)]
MAR06097	[np.float64(6.713308228060648e-05)]
MAR06098	[np.float64(6.713308228060648e-05)]
MAR06099	[np.float64(6.713308228060648e-05)]
MAR06100	[np.float64(6.713308228060648e-05)]
MAR06101	[np.float64(6.713308228060648e-05)]
MAR06102	[np.float64(6.713308228060648e-05)]
MAR06103	[0.00906218291663845]
MAR06104	[0.00906218291663845]
MAR06105	[0.00906218291663845]
MAR06106	[0.00906218291663845]
MAR06107	[0.00906218291663845]
MAR06108	[np.float64(6.713308228060648e-05)]
MAR06109	[np.float64(6.713308228060648e-05)]
MAR06110	[np.float64(6.713308228060648e-05)]
MAR06111	[np.float64(6.713308228060648e-05)]
MAR06112	[np.float64(6.713308228060648e-05)]
MAR06113	[np.float64(6.713308228060648e-05)]
MAR06114	[np.float64(6.713308228060648e-05)]
MAR06115	[np.float64(6.713308228060648e-05)]
MAR06116	[np.float64(6.713308228060648e-05)]
MAR06117	[np.float64(6.713308228060648e-05)]
MAR06118	[np.float64(6.713308228060648e-05)]
MAR06119	[np.float64(6.713308228060648e-05)]
MAR06120	[np.float64(6.713308228060648e-05)]
MAR06121	[np.float64(6.713308228060648e-05)]
MAR06122	[np.float64(6.713308228060648e-05)]
MAR06123	[0.00906218291663845]
MAR06124	[0.00906218291663845]
MAR06125	[0.00906218291663845]
MAR06126	[0.00906218291663845]
MAR06127	[0.00906218291663845]
MAR06128	[0.00906218291663845]
MAR06129	[np.float64(6.713308228060648e-05)]
MAR06130	[0.00906218291663845]
MAR06131	[0.00906218291663845]
MAR06132	[0.00906218291663845]
MAR06133	[0.00906218291663845]
MAR06134	[0.00906218291663845]
MAR06135	[0.00906218291663845]
MAR06136	[0.00906218291663845]
MAR06137	[0.00906218291663845]
MAR06138	[0.00906218291663845]
MAR06139	[0.00906218291663845]
MAR06140	[0.00906218291663845]
MAR06141	[0.00906218291663845]
MAR06145	[0.00906218291663845]
MAR06146	[0.00906218291663845]
MAR06147	[0.00906218291663845]
MAR06148	[0.00906218291663845]
MAR06149	[0.00906218291663845]
MAR06150	[0.00906218291663845]
MAR06151	[0.00906218291663845]
MAR06152	[0.00906218291663845]
MAR06153	[0.00906218291663845]
MAR06154	[0.00906218291663845]
MAR06155	[0.00906218291663845]
MAR06156	[0.00906218291663845]
MAR06157	[0.00906218291663845]
MAR06158	[0.00906218291663845]
MAR06159	[0.00906218291663845]
MAR06160	[0.00906218291663845]
MAR06161	[0.00906218291663845]
MAR06162	[0.00906218291663845]
MAR06163	[0.00906218291663845]
MAR06164	[0.00906218291663845]
MAR06165	[0.00906218291663845]
MAR06166	[0.00906218291663845]
MAR06167	[0.00906218291663845]
MAR06168	[0.00906218291663845]
MAR06169	[0.00906218291663845]
MAR06170	[0.00906218291663845]
MAR06171	[0.00906218291663845]
MAR06172	[0.00906218291663845]
MAR06173	[0.00906218291663845]
MAR06174	[0.00906218291663845]
MAR06175	[0.00906218291663845]
MAR06176	[0.00906218291663845]
MAR06177	[0.00906218291663845]
MAR06178	[0.00906218291663845]
MAR06179	[0.00906218291663845]
MAR06180	[0.00906218291663845]
MAR06181	[0.00906218291663845]
MAR06182	[0.00906218291663845]
MAR06183	[0.00906218291663845]
MAR06184	[0.00906218291663845]
MAR06185	[0.00906218291663845]
MAR06186	[0.00906218291663845]
MAR06187	[0.00906218291663845]
MAR06188	[0.00906218291663845]
MAR06189	[0.00906218291663845]
MAR06190	[0.00906218291663845]
MAR06191	[0.00906218291663845]
MAR06192	[0.00906218291663845]
MAR06193	[0.00906218291663845]
MAR06194	[0.00906218291663845]
MAR06195	[0.00906218291663845]
MAR06196	[0.00906218291663845]
MAR06197	[0.00906218291663845]
MAR06198	[0.00906218291663845]
MAR06199	[0.00906218291663845]
MAR06200	[0.00906218291663845]
MAR06201	[0.00906218291663845]
MAR06202	[0.00906218291663845]
MAR06203	[0.00906218291663845]
MAR06204	[0.00906218291663845]
MAR06205	[0.00906218291663845]
MAR06206	[0.00906218291663845]
MAR06207	[0.00906218291663845]
MAR06208	[0.00906218291663845]
MAR06209	[0.00906218291663845]
MAR06210	[0.00906218291663845]
MAR06211	[0.00906218291663845]
MAR06212	[0.00906218291663845]
MAR06213	[0.00906218291663845]
MAR06214	[np.float64(6.713308228060648e-05)]
MAR06215	[np.float64(6.713308228060648e-05)]
MAR06216	[np.float64(6.713308228060648e-05)]
MAR06217	[np.float64(6.713308228060648e-05)]
MAR06218	[0.004710908773887676]
MAR06219	[0.004710908773887676]
MAR06221	[0.004710908773887676]
MAR06222	[0.004710908773887676]
MAR06223	[0.004710908773887676]
MAR06224	[0.004710908773887676]
MAR06225	[0.004710908773887676]
MAR06226	[0.004710908773887676]
MAR06227	[0.004710908773887676]
MAR06228	[0.004710908773887676]
MAR06229	[0.004710908773887676]
MAR06230	[0.004710908773887676]
MAR06231	[0.004710908773887676]
MAR06232	[0.004710908773887676]
MAR06233	[0.004710908773887676]
MAR06234	[0.004710908773887676]
MAR06235	[0.004710908773887676]
MAR06236	[0.004710908773887676]
MAR06237	[0.004710908773887676]
MAR06238	[0.004710908773887676]
MAR06239	[0.004710908773887676]
MAR06240	[0.004710908773887676]
MAR06241	[np.float64(6.713308228060648e-05)]
MAR06242	[np.float64(6.713308228060648e-05)]
MAR06243	[np.float64(6.713308228060648e-05)]
MAR06244	[0.00906218291663845]
MAR06245	[np.float64(6.713308228060648e-05)]
MAR06246	[np.float64(6.713308228060648e-05)]
MAR06247	[np.float64(6.713308228060648e-05)]
MAR06248	[0.009040447805431692]
MAR06249	[0.0059643768572906234]
MAR06250	[0.00906218291663845]
MAR06251	[8.4310167750605e-05]
MAR06253	[0.00906218291663845]
MAR06254	[0.00906218291663845]
MAR06255	[0.00906218291663845]
MAR06256	[0.00906218291663845]
MAR06257	[np.float64(6.713308228060648e-05)]
MAR06258	[0.00906218291663845]
MAR06259	[0.00906218291663845]
MAR06260	[8.4310167750605e-05]
MAR06261	[0.00906218291663845]
MAR06262	[0.00906218291663845]
MAR06263	[0.00906218291663845]
MAR06264	[0.00906218291663845]
MAR06265	[0.00906218291663845]
MAR06266	[0.004710908773887676]
MAR06267	[0.00906218291663845]
MAR06268	[np.float64(6.713308228060648e-05)]
MAR06269	[8.4310167750605e-05]
MAR06270	[0.00906218291663845]
MAR06271	[0.00906218291663845]
MAR06272	[0.00906218291663845]
MAR06273	[0.00906218291663845]
MAR06274	[0.00906218291663845]
MAR06275	[np.float64(6.713308228060648e-05)]
MAR06351	[0.006935796717097496]
MAR06352	[0.006935796717097496]
MAR06353	[0.006935796717097496]
MAR06354	[0.006935796717097496]
MAR06355	[0.006935796717097496]
MAR06356	[0.006935796717097496]
MAR06357	[0.006935796717097496]
MAR06358	[0.006935796717097496]
MAR06359	[0.006935796717097496]
MAR06360	[0.006935796717097496]
MAR06361	[0.006935796717097496]
MAR06362	[0.006935796717097496]
MAR06363	[0.006935796717097496]
MAR06364	[0.006935796717097496]
MAR06365	[0.006935796717097496]
MAR06366	[np.float64(6.713308228060648e-05)]
MAR06367	[np.float64(6.713308228060648e-05)]
MAR06368	[np.float64(6.713308228060648e-05)]
MAR06369	[np.float64(6.713308228060648e-05)]
MAR06370	[np.float64(6.713308228060648e-05)]
MAR06371	[np.float64(6.713308228060648e-05)]
MAR06372	[np.float64(6.713308228060648e-05)]
MAR06373	[np.float64(6.713308228060648e-05)]
MAR06374	[np.float64(6.713308228060648e-05)]
MAR06375	[2.9760986965356928e-05]
MAR06377	[2.948732197229683e-05]
MAR06379	[3.6078358966179565e-05]
MAR06380	[np.float64(6.713308228060648e-05)]
MAR06381	[2.9760986965356928e-05]
MAR06382	[2.9760986965356928e-05]
MAR06383	[3.6078358966179565e-05]
MAR06384	[2.9760986965356928e-05]
MAR06392	[np.float64(6.713308228060648e-05)]
MAR06424	[8.4310167750605e-05]
MAR06439	[8.4310167750605e-05]
MAR06462	[8.4310167750605e-05]
MAR06474	[np.float64(6.713308228060648e-05)]
MAR06505	[8.4310167750605e-05]
MAR06512	[np.float64(6.713308228060648e-05)]
MAR06514	[8.4310167750605e-05]
MAR06516	[8.4310167750605e-05]
MAR06524	[0.00906218291663845]
MAR06525	[np.float64(6.713308228060648e-05)]
MAR06526	[np.float64(6.713308228060648e-05)]
MAR06527	[np.float64(6.713308228060648e-05)]
MAR06529	[0.00906218291663845]
MAR06530	[np.float64(6.713308228060648e-05)]
MAR06531	[np.float64(6.713308228060648e-05)]
MAR06532	[np.float64(6.713308228060648e-05)]
MAR06533	[np.float64(6.713308228060648e-05)]
MAR06534	[np.float64(6.713308228060648e-05)]
MAR06628	[np.float64(6.713308228060648e-05)]
MAR06732	[np.float64(6.713308228060648e-05)]
MAR06733	[np.float64(6.713308228060648e-05)]
MAR06989	[0.0086953325602442]
MAR06991	[8.4310167750605e-05]
MAR07109	[8.4310167750605e-05]
MAR07111	[8.4310167750605e-05]
MAR07113	[8.4310167750605e-05]
MAR07115	[8.4310167750605e-05]
MAR07117	[8.4310167750605e-05]
MAR07119	[8.4310167750605e-05]
MAR07121	[8.4310167750605e-05]
MAR07123	[8.4310167750605e-05]
MAR07125	[8.4310167750605e-05]
MAR07127	[8.4310167750605e-05]
MAR07173	[8.4310167750605e-05]
MAR07184	[8.4310167750605e-05]
MAR07223	[8.4310167750605e-05]
MAR07253	[8.4310167750605e-05]
MAR07372	[8.4310167750605e-05]
MAR07453	[8.4310167750605e-05]
MAR07482	[8.4310167750605e-05]
MAR07499	[np.float64(6.713308228060648e-05)]
MAR07511	[8.4310167750605e-05]
MAR07523	[8.4310167750605e-05]
MAR07539	[8.4310167750605e-05]
MAR07555	[8.4310167750605e-05]
MAR07568	[3.117461578225632e-05]
MAR07569	[3.117461578225632e-05]
MAR07579	[8.4310167750605e-05]
MAR07583	[8.4310167750605e-05]
MAR07608	[8.4310167750605e-05]
MAR07609	[8.4310167750605e-05]
MAR07629	[np.float64(6.713308228060648e-05)]
MAR07630	[0.006935796717097496]
MAR07631	[np.float64(6.713308228060648e-05)]
MAR07632	[np.float64(6.713308228060648e-05)]
MAR07633	[0.004214386547489437]
MAR07634	[0.004214386547489437]
MAR07635	[0.004214386547489437]
MAR07636	[0.004214386547489437]
MAR07637	[0.004214386547489437]
MAR07639	[np.float64(6.713308228060648e-05)]
MAR07643	[2.9037379183842352e-05]
MAR07644	[2.9037379183842352e-05]
MAR07645	[np.float64(6.713308228060648e-05)]
MAR07650	[np.float64(6.713308228060648e-05)]
MAR07651	[np.float64(6.713308228060648e-05)]
MAR07660	[8.4310167750605e-05]
MAR07666	[3.018719623960039e-05]
MAR07667	[np.float64(6.713308228060648e-05)]
MAR07679	[8.4310167750605e-05]
MAR07680	[np.float64(6.713308228060648e-05)]
MAR07681	[0.00906218291663845]
MAR07682	[np.float64(6.713308228060648e-05)]
MAR07683	[np.float64(6.713308228060648e-05)]
MAR07684	[np.float64(6.713308228060648e-05)]
MAR07685	[np.float64(6.713308228060648e-05)]
MAR07686	[np.float64(6.713308228060648e-05)]
MAR07687	[np.float64(6.713308228060648e-05)]
MAR07690	[8.4310167750605e-05]
MAR07691	[np.float64(6.713308228060648e-05)]
MAR07692	[np.float64(6.713308228060648e-05)]
MAR07699	[0.004648802588729832]
MAR07700	[0.00906218291663845]
MAR07734	[0.00906218291663845]
MAR07735	[np.float64(6.713308228060648e-05)]
MAR07736	[0.00906218291663845]
MAR07737	[0.00906218291663845]
MAR07738	[0.00906218291663845]
MAR07739	[0.00906218291663845]
MAR07774	[8.4310167750605e-05]
MAR07781	[8.4310167750605e-05]
MAR07787	[8.4310167750605e-05]
MAR07798	[8.4310167750605e-05]
MAR07896	[8.4310167750605e-05]
MAR07898	[8.4310167750605e-05]
MAR07900	[8.4310167750605e-05]
MAR07901	[8.4310167750605e-05]
MAR07902	[np.float64(6.713308228060648e-05)]
MAR07903	[8.4310167750605e-05]
MAR07904	[0.00906218291663845]
MAR07905	[0.00906218291663845]
MAR07906	[8.4310167750605e-05]
MAR07946	[0.004214386547489437]
MAR07951	[8.4310167750605e-05]
MAR07961	[8.4310167750605e-05]
MAR07964	[np.float64(6.713308228060648e-05)]
MAR07967	[np.float64(6.713308228060648e-05)]
MAR07975	[8.4310167750605e-05]
MAR07977	[8.4310167750605e-05]
MAR07979	[8.4310167750605e-05]
MAR07982	[np.float64(6.713308228060648e-05)]
MAR07986	[np.float64(6.713308228060648e-05)]
MAR07990	[np.float64(6.713308228060648e-05)]
MAR07994	[8.4310167750605e-05]
MAR07997	[8.4310167750605e-05]
MAR08002	[8.4310167750605e-05]
MAR08007	[8.4310167750605e-05]
MAR08010	[8.4310167750605e-05]
MAR08015	[8.4310167750605e-05]
MAR08023	[8.4310167750605e-05]
MAR08031	[0.00906218291663845]
MAR08033	[8.4310167750605e-05]
MAR08035	[8.4310167750605e-05]
MAR08039	[8.4310167750605e-05]
MAR08041	[8.4310167750605e-05]
MAR08042	[8.4310167750605e-05]
MAR08044	[8.4310167750605e-05]
MAR08045	[8.4310167750605e-05]
MAR08047	[8.4310167750605e-05]
MAR08048	[8.4310167750605e-05]
MAR08050	[8.4310167750605e-05]
MAR08051	[8.4310167750605e-05]
MAR08053	[8.4310167750605e-05]
MAR08054	[8.4310167750605e-05]
MAR08056	[8.4310167750605e-05]
MAR08057	[8.4310167750605e-05]
MAR08061	[8.4310167750605e-05]
MAR08073	[8.4310167750605e-05]
MAR08075	[3.018719623960039e-05]
MAR08076	[np.float64(6.713308228060648e-05)]
MAR08077	[np.float64(6.713308228060648e-05)]
MAR08079	[8.4310167750605e-05]
MAR08080	[8.4310167750605e-05]
MAR08081	[0.00906218291663845]
MAR08090	[8.4310167750605e-05]
MAR08095	[8.4310167750605e-05]
MAR08100	[8.4310167750605e-05]
MAR08101	[8.4310167750605e-05]
MAR08103	[8.4310167750605e-05]
MAR08104	[8.4310167750605e-05]
MAR08154	[8.4310167750605e-05]
MAR08158	[8.4310167750605e-05]
MAR08161	[8.4310167750605e-05]
MAR08164	[8.4310167750605e-05]
MAR08214	[8.4310167750605e-05]
MAR08223	[8.4310167750605e-05]
MAR08225	[np.float64(6.713308228060648e-05)]
MAR08229	[8.4310167750605e-05]
MAR08231	[8.4310167750605e-05]
MAR08240	[8.4310167750605e-05]
MAR08247	[8.4310167750605e-05]
MAR08253	[8.4310167750605e-05]
MAR08266	[8.4310167750605e-05]
MAR08270	[8.4310167750605e-05]
MAR08273	[8.4310167750605e-05]
MAR08283	[8.4310167750605e-05]
MAR08290	[8.4310167750605e-05]
MAR08297	[8.4310167750605e-05]
MAR08300	[8.4310167750605e-05]
MAR08304	[8.4310167750605e-05]
MAR08311	[8.4310167750605e-05]
MAR08313	[8.4310167750605e-05]
MAR08315	[8.4310167750605e-05]
MAR08321	[8.4310167750605e-05]
MAR08324	[8.4310167750605e-05]
MAR08329	[8.4310167750605e-05]
MAR08336	[8.4310167750605e-05]
MAR08339	[8.4310167750605e-05]
MAR08340	[8.4310167750605e-05]
MAR08343	[8.4310167750605e-05]
MAR08354	[np.float64(6.713308228060648e-05)]
MAR08364	[3.018719623960039e-05]
MAR08374	[8.4310167750605e-05]
MAR08408	[8.4310167750605e-05]
MAR08420	[8.4310167750605e-05]
MAR08429	[3.52390203130258e-05]
MAR08515	[0.00906218291663845]
MAR08520	[8.4310167750605e-05]
MAR08536	[8.4310167750605e-05]
MAR08551	[np.float64(6.713308228060648e-05)]
MAR08567	[8.4310167750605e-05]
MAR08586	[np.float64(6.713308228060648e-05)]
MAR08593	[8.4310167750605e-05]
MAR08595	[8.4310167750605e-05]
MAR08597	[8.4310167750605e-05]
MAR08599	[8.4310167750605e-05]
MAR08600	[8.4310167750605e-05]
MAR08602	[8.4310167750605e-05]
MAR08612	[8.4310167750605e-05]
MAR08618	[8.4310167750605e-05]
MAR08629	[8.4310167750605e-05]
MAR08631	[0.00906218291663845]
MAR08632	[np.float64(6.713308228060648e-05)]
MAR08633	[np.float64(6.713308228060648e-05)]
MAR08635	[0.00906218291663845]
MAR08636	[np.float64(6.713308228060648e-05)]
MAR08656	[8.4310167750605e-05]
MAR08658	[np.float64(6.713308228060648e-05)]
MAR08659	[np.float64(6.713308228060648e-05)]
MAR08660	[0.004214386547489437]
MAR08670	[np.float64(6.713308228060648e-05)]
MAR08671	[0.00906218291663845]
MAR08676	[np.float64(6.713308228060648e-05)]
MAR08677	[np.float64(6.713308228060648e-05)]
MAR08678	[8.4310167750605e-05]
MAR08679	[8.4310167750605e-05]
MAR08686	[8.4310167750605e-05]
MAR08687	[np.float64(6.713308228060648e-05)]
MAR08696	[8.4310167750605e-05]
MAR08714	[8.4310167750605e-05]
MAR08718	[8.4310167750605e-05]
MAR08720	[8.4310167750605e-05]
MAR08721	[8.4310167750605e-05]
MAR08723	[8.4310167750605e-05]
MAR08730	[np.float64(6.713308228060648e-05)]
MAR08732	[0.00906218291663845]
MAR08733	[2.9037379183842352e-05]
MAR08734	[2.9037379183842352e-05]
MAR08735	[np.float64(6.713308228060648e-05)]
MAR08736	[np.float64(6.713308228060648e-05)]
MAR08760	[8.4310167750605e-05]
MAR08797	[8.4310167750605e-05]
MAR08798	[8.4310167750605e-05]
MAR08846	[np.float64(6.713308228060648e-05)]
MAR08847	[np.float64(6.713308228060648e-05)]
MAR08849	[8.4310167750605e-05]
MAR08850	[np.float64(6.713308228060648e-05)]
MAR08852	[8.4310167750605e-05]
MAR08853	[0.00906218291663845]
MAR08854	[8.4310167750605e-05]
MAR08861	[0.007610041142847916]
MAR08863	[8.4310167750605e-05]
MAR08864	[8.4310167750605e-05]
MAR08865	[8.4310167750605e-05]
MAR08866	[8.4310167750605e-05]
MAR08867	[np.float64(6.713308228060648e-05)]
MAR08869	[8.4310167750605e-05]
MAR08870	[8.4310167750605e-05]
MAR08872	[0.00906218291663845]
MAR08873	[8.4310167750605e-05]
MAR08876	[0.00906218291663845]
MAR08877	[0.00906218291663845]
MAR08878	[8.4310167750605e-05]
MAR08879	[np.float64(6.713308228060648e-05)]
MAR08881	[8.4310167750605e-05]
MAR08883	[8.4310167750605e-05]
MAR08884	[0.00906218291663845]
MAR08889	[0.006907934860084768]
MAR08892	[0.006935796717097496]
MAR08893	[8.4310167750605e-05]
MAR08896	[8.4310167750605e-05]
MAR08898	[8.4310167750605e-05]
MAR08899	[8.4310167750605e-05]
MAR08901	[8.4310167750605e-05]
MAR08903	[8.4310167750605e-05]
MAR08905	[8.4310167750605e-05]
MAR08907	[8.4310167750605e-05]
MAR08911	[np.float64(6.713308228060648e-05)]
MAR08912	[np.float64(6.713308228060648e-05)]
MAR08913	[8.4310167750605e-05]
MAR08917	[np.float64(6.713308228060648e-05)]
MAR08922	[8.4310167750605e-05]
MAR08923	[8.4310167750605e-05]
MAR08924	[0.0086953325602442]
MAR08925	[np.float64(6.713308228060648e-05)]
MAR08927	[8.4310167750605e-05]
MAR08929	[np.float64(6.713308228060648e-05)]
MAR08930	[np.float64(6.713308228060648e-05)]
MAR08931	[8.4310167750605e-05]
MAR08932	[0.004710908773887676]
MAR08933	[0.004710908773887676]
MAR08934	[np.float64(6.713308228060648e-05)]
MAR08935	[np.float64(6.713308228060648e-05)]
MAR08936	[0.004710908773887676]
MAR08937	[8.4310167750605e-05]
MAR08938	[0.0059643768572906234]
MAR08939	[5.108917658270245e-05]
MAR08940	[5.108917658270245e-05]
MAR08941	[5.108917658270245e-05]
MAR08942	[5.108917658270245e-05]
MAR08943	[5.108917658270245e-05]
MAR08944	[5.108917658270245e-05]
MAR08945	[5.108917658270245e-05]
MAR08946	[5.108917658270245e-05]
MAR08947	[5.108917658270245e-05]
MAR09173	[8.4310167750605e-05]
MAR09175	[8.4310167750605e-05]
MAR09176	[8.4310167750605e-05]
MAR09178	[8.4310167750605e-05]
MAR09180	[8.4310167750605e-05]
MAR09182	[8.4310167750605e-05]
MAR09183	[8.4310167750605e-05]
MAR09184	[8.4310167750605e-05]
MAR09185	[8.4310167750605e-05]
MAR09187	[8.4310167750605e-05]
MAR09188	[8.4310167750605e-05]
MAR09189	[8.4310167750605e-05]
MAR09190	[2.9037379183842352e-05]
MAR09191	[2.9037379183842352e-05]
MAR09192	[0.0043702273628809275]
MAR09193	[0.00906218291663845]
MAR09195	[0.00906218291663845]
MAR09196	[0.00906218291663845]
MAR09197	[0.00906218291663845]
MAR09198	[0.0043702273628809275]
MAR09590	[np.float64(6.713308228060648e-05)]
MAR09591	[np.float64(6.713308228060648e-05)]
MAR09592	[np.float64(6.713308228060648e-05)]
MAR09593	[np.float64(6.713308228060648e-05)]
MAR09594	[np.float64(6.713308228060648e-05)]
MAR09595	[np.float64(6.713308228060648e-05)]
MAR09596	[np.float64(6.713308228060648e-05)]
MAR09597	[np.float64(6.713308228060648e-05)]
MAR09598	[np.float64(6.713308228060648e-05)]
MAR09599	[np.float64(6.713308228060648e-05)]
MAR09600	[np.float64(6.713308228060648e-05)]
MAR09601	[np.float64(6.713308228060648e-05)]
MAR09602	[0.006907934860084768]
MAR09603	[0.006907934860084768]
MAR09604	[0.006907934860084768]
MAR09605	[np.float64(6.713308228060648e-05)]
MAR09606	[np.float64(6.713308228060648e-05)]
MAR09607	[np.float64(6.713308228060648e-05)]
MAR09608	[np.float64(6.713308228060648e-05)]
MAR09609	[np.float64(6.713308228060648e-05)]
MAR09610	[0.0086953325602442]
MAR09611	[0.006935796717097496]
MAR09612	[8.4310167750605e-05]
MAR09613	[np.float64(6.713308228060648e-05)]
MAR09614	[0.00906218291663845]
MAR09615	[np.float64(6.713308228060648e-05)]
MAR09616	[np.float64(6.713308228060648e-05)]
MAR09617	[0.0059643768572906234]
MAR09618	[0.0043702273628809275]
MAR09619	[0.004480315936213807]
MAR09620	[0.00906218291663845]
MAR09621	[np.float64(6.713308228060648e-05)]
MAR09622	[0.00906218291663845]
MAR09623	[0.008814714230434605]
MAR09624	[0.008814714230434605]
MAR09635	[8.4310167750605e-05]
MAR09636	[8.4310167750605e-05]
MAR09637	[8.4310167750605e-05]
MAR09638	[8.4310167750605e-05]
MAR09639	[8.4310167750605e-05]
MAR09640	[8.4310167750605e-05]
MAR09641	[8.4310167750605e-05]
MAR09642	[8.4310167750605e-05]
MAR09643	[8.4310167750605e-05]
MAR09644	[8.4310167750605e-05]
MAR09645	[8.4310167750605e-05]
MAR09646	[8.4310167750605e-05]
MAR09647	[8.4310167750605e-05]
MAR09648	[8.4310167750605e-05]
MAR09649	[8.4310167750605e-05]
MAR09650	[8.4310167750605e-05]
MAR09651	[8.4310167750605e-05]
MAR09652	[8.4310167750605e-05]
MAR09653	[8.4310167750605e-05]
MAR09654	[8.4310167750605e-05]
MAR09655	[8.4310167750605e-05]
MAR09656	[8.4310167750605e-05]
MAR09657	[8.4310167750605e-05]
MAR09658	[8.4310167750605e-05]
MAR09659	[8.4310167750605e-05]
MAR09660	[8.4310167750605e-05]
MAR09661	[8.4310167750605e-05]
MAR09662	[8.4310167750605e-05]
MAR09663	[8.4310167750605e-05]
MAR09720	[8.4310167750605e-05]
MAR09728	[8.4310167750605e-05]
MAR09731	[8.4310167750605e-05]
MAR09737	[8.4310167750605e-05]
MAR08071	[8.4310167750605e-05]
MAR04312	[2.9037379183842352e-05]
MAR08428	[8.4310167750605e-05]
MAR08430	[8.4310167750605e-05]
MAR08022	[0.006935796717097496]
MAR08070	[8.4310167750605e-05]
MAR09015	[np.float64(6.713308228060648e-05)]
MAR09020	[0.0043702273628809275]
MAR00157	[8.4310167750605e-05]
MAR00158	[np.float64(6.713308228060648e-05)]
MAR00166	[8.4310167750605e-05]
MAR00169	[np.float64(6.713308228060648e-05)]
MAR00172	[8.4310167750605e-05]
MAR00175	[8.4310167750605e-05]
MAR00178	[8.4310167750605e-05]
MAR00182	[8.4310167750605e-05]
MAR00185	[8.4310167750605e-05]
MAR00446	[8.4310167750605e-05]
MAR00578	[8.4310167750605e-05]
MAR00587	[8.4310167750605e-05]
MAR00962	[8.4310167750605e-05]
MAR01145	[8.4310167750605e-05]
MAR01173	[8.4310167750605e-05]
MAR01187	[8.4310167750605e-05]
MAR01215	[8.4310167750605e-05]
MAR01243	[8.4310167750605e-05]
MAR01267	[8.4310167750605e-05]
MAR01284	[8.4310167750605e-05]
MAR01572	[8.4310167750605e-05]
MAR01602	[8.4310167750605e-05]
MAR01915	[8.4310167750605e-05]
MAR01925	[8.4310167750605e-05]
MAR01930	[8.4310167750605e-05]
MAR01936	[8.4310167750605e-05]
MAR01994	[8.4310167750605e-05]
MAR01997	[8.4310167750605e-05]
MAR02008	[8.4310167750605e-05]
MAR02012	[8.4310167750605e-05]
MAR02065	[8.4310167750605e-05]
MAR02080	[8.4310167750605e-05]
MAR02094	[8.4310167750605e-05]
MAR02105	[8.4310167750605e-05]
MAR02116	[2.9037379183842352e-05]
MAR02127	[8.4310167750605e-05]
MAR02141	[np.float64(6.713308228060648e-05)]
MAR02590	[np.float64(6.713308228060648e-05)]
MAR03746	[8.4310167750605e-05]
MAR03762	[8.4310167750605e-05]
MAR03789	[8.4310167750605e-05]
MAR03818	[8.4310167750605e-05]
MAR03825	[np.float64(6.713308228060648e-05)]
MAR03863	[np.float64(6.713308228060648e-05)]
MAR03864	[np.float64(6.713308228060648e-05)]
MAR03921	[8.4310167750605e-05]
MAR03946	[8.4310167750605e-05]
MAR03949	[8.4310167750605e-05]
MAR03950	[8.4310167750605e-05]
MAR03952	[8.4310167750605e-05]
MAR03954	[8.4310167750605e-05]
MAR03971	[np.float64(6.713308228060648e-05)]
MAR04184	[np.float64(6.713308228060648e-05)]
MAR04237	[0.006935796717097496]
MAR04266	[8.4310167750605e-05]
MAR04367	[8.4310167750605e-05]
MAR04684	[8.4310167750605e-05]
MAR04692	[8.4310167750605e-05]
MAR04720	[8.4310167750605e-05]
MAR04729	[8.4310167750605e-05]
MAR04738	[8.4310167750605e-05]
MAR04743	[8.4310167750605e-05]
MAR04754	[0.004214386547489437]
MAR04756	[0.004214386547489437]
MAR04760	[0.004214386547489437]
MAR04850	[8.4310167750605e-05]
MAR04851	[np.float64(6.713308228060648e-05)]
MAR04852	[4.532864113052643e-05]
MAR04854	[np.float64(6.713308228060648e-05)]
MAR04855	[4.532864113052643e-05]
MAR04862	[np.float64(6.713308228060648e-05)]
MAR04863	[np.float64(6.713308228060648e-05)]
MAR04864	[np.float64(6.713308228060648e-05)]
MAR04865	[np.float64(6.713308228060648e-05)]
MAR04867	[np.float64(6.713308228060648e-05)]
MAR04868	[np.float64(6.713308228060648e-05)]
MAR04870	[np.float64(6.713308228060648e-05)]
MAR04871	[np.float64(6.713308228060648e-05)]
MAR04872	[np.float64(6.713308228060648e-05)]
MAR04874	[8.4310167750605e-05]
MAR04888	[0.00906218291663845]
MAR04898	[8.4310167750605e-05]
MAR04905	[8.4310167750605e-05]
MAR04914	[np.float64(6.713308228060648e-05)]
MAR04922	[8.4310167750605e-05]
MAR04926	[np.float64(6.713308228060648e-05)]
MAR04944	[np.float64(6.713308228060648e-05)]
MAR04951	[0.00906218291663845]
MAR04953	[8.4310167750605e-05]
MAR04959	[8.4310167750605e-05]
MAR04963	[8.4310167750605e-05]
MAR04964	[np.float64(6.713308228060648e-05)]
MAR04971	[np.float64(6.713308228060648e-05)]
MAR04972	[np.float64(6.713308228060648e-05)]
MAR04957	[8.4310167750605e-05]
MAR04977	[3.018719623960039e-05]
MAR04979	[8.4310167750605e-05]
MAR04997	[np.float64(6.713308228060648e-05)]
MAR04998	[8.4310167750605e-05]
MAR05006	[8.4310167750605e-05]
MAR05014	[8.4310167750605e-05]
MAR05015	[8.4310167750605e-05]
MAR05016	[3.018719623960039e-05]
MAR05022	[0.0059643768572906234]
MAR05031	[np.float64(6.713308228060648e-05)]
MAR05033	[np.float64(6.713308228060648e-05)]
MAR05036	[np.float64(6.713308228060648e-05)]
MAR05043	[3.216462933622003e-05]
MAR05046	[np.float64(6.713308228060648e-05)]
MAR05096	[8.4310167750605e-05]
MAR05099	[8.4310167750605e-05]
MAR05101	[8.4310167750605e-05]
MAR05102	[8.4310167750605e-05]
MAR05105	[np.float64(6.713308228060648e-05)]
MAR05107	[8.4310167750605e-05]
MAR05109	[8.4310167750605e-05]
MAR05112	[8.4310167750605e-05]
MAR05113	[np.float64(6.713308228060648e-05)]
MAR05114	[np.float64(6.713308228060648e-05)]
MAR05115	[8.4310167750605e-05]
MAR05116	[8.4310167750605e-05]
MAR05117	[8.4310167750605e-05]
MAR05118	[8.4310167750605e-05]
MAR05121	[8.4310167750605e-05]
MAR05122	[np.float64(6.713308228060648e-05)]
MAR05124	[np.float64(6.713308228060648e-05)]
MAR05125	[8.4310167750605e-05]
MAR05126	[8.4310167750605e-05]
MAR05222	[8.4310167750605e-05]
MAR05223	[8.4310167750605e-05]
MAR05225	[8.4310167750605e-05]
MAR05227	[8.4310167750605e-05]
MAR05292	[np.float64(6.713308228060648e-05)]
MAR05304	[8.4310167750605e-05]
MAR05348	[3.018719623960039e-05]
MAR05349	[3.018719623960039e-05]
MAR05361	[8.4310167750605e-05]
MAR05411	[3.018719623960039e-05]
MAR05420	[np.float64(6.713308228060648e-05)]
MAR05426	[8.4310167750605e-05]
MAR06276	[np.float64(6.713308228060648e-05)]
MAR06277	[np.float64(6.713308228060648e-05)]
MAR06286	[np.float64(6.713308228060648e-05)]
MAR06287	[np.float64(6.713308228060648e-05)]
MAR06288	[np.float64(6.713308228060648e-05)]
MAR06289	[np.float64(6.713308228060648e-05)]
MAR06290	[np.float64(6.713308228060648e-05)]
MAR06291	[np.float64(6.713308228060648e-05)]
MAR06292	[np.float64(6.713308228060648e-05)]
MAR06293	[np.float64(6.713308228060648e-05)]
MAR06294	[np.float64(6.713308228060648e-05)]
MAR06295	[np.float64(6.713308228060648e-05)]
MAR06296	[np.float64(6.713308228060648e-05)]
MAR06297	[np.float64(6.713308228060648e-05)]
MAR06298	[np.float64(6.713308228060648e-05)]
MAR06299	[0.004838693442620365]
MAR06300	[0.004838693442620365]
MAR06301	[np.float64(6.713308228060648e-05)]
MAR06302	[np.float64(6.713308228060648e-05)]
MAR06303	[0.004838693442620365]
MAR06304	[0.004838693442620365]
MAR06305	[0.004838693442620365]
MAR06306	[0.004838693442620365]
MAR06307	[np.float64(6.713308228060648e-05)]
MAR06308	[np.float64(6.713308228060648e-05)]
MAR06309	[0.004838693442620365]
MAR06310	[0.004838693442620365]
MAR06311	[0.004838693442620365]
MAR06312	[0.004838693442620365]
MAR06313	[np.float64(6.713308228060648e-05)]
MAR06314	[np.float64(6.713308228060648e-05)]
MAR06315	[0.004838693442620365]
MAR06316	[0.004838693442620365]
MAR06317	[np.float64(6.713308228060648e-05)]
MAR06318	[np.float64(6.713308228060648e-05)]
MAR06321	[np.float64(6.713308228060648e-05)]
MAR06323	[np.float64(6.713308228060648e-05)]
MAR06325	[0.004838693442620365]
MAR06326	[0.004838693442620365]
MAR06327	[np.float64(6.713308228060648e-05)]
MAR06328	[2.9037379183842352e-05]
MAR06330	[np.float64(6.713308228060648e-05)]
MAR06331	[np.float64(6.713308228060648e-05)]
MAR06332	[np.float64(6.713308228060648e-05)]
MAR06333	[np.float64(6.713308228060648e-05)]
MAR06334	[np.float64(6.713308228060648e-05)]
MAR06335	[np.float64(6.713308228060648e-05)]
MAR06336	[np.float64(6.713308228060648e-05)]
MAR06337	[np.float64(6.713308228060648e-05)]
MAR06338	[np.float64(6.713308228060648e-05)]
MAR06339	[np.float64(6.713308228060648e-05)]
MAR06340	[np.float64(6.713308228060648e-05)]
MAR06341	[np.float64(6.713308228060648e-05)]
MAR06342	[np.float64(6.713308228060648e-05)]
MAR06343	[np.float64(6.713308228060648e-05)]
MAR06389	[np.float64(6.713308228060648e-05)]
MAR06431	[8.4310167750605e-05]
MAR06438	[8.4310167750605e-05]
MAR06446	[8.4310167750605e-05]
MAR06454	[8.4310167750605e-05]
MAR06455	[8.4310167750605e-05]
MAR06469	[8.4310167750605e-05]
MAR06481	[8.4310167750605e-05]
MAR06513	[8.4310167750605e-05]
MAR06517	[8.4310167750605e-05]
MAR06521	[np.float64(6.713308228060648e-05)]
MAR06522	[np.float64(6.713308228060648e-05)]
MAR06618	[8.4310167750605e-05]
MAR06620	[8.4310167750605e-05]
MAR06781	[8.4310167750605e-05]
MAR06890	[8.4310167750605e-05]
MAR06902	[8.4310167750605e-05]
MAR07638	[np.float64(6.713308228060648e-05)]
MAR07708	[8.4310167750605e-05]
MAR07719	[np.float64(6.713308228060648e-05)]
MAR07723	[np.float64(6.713308228060648e-05)]
MAR07757	[np.float64(6.713308228060648e-05)]
MAR07760	[0.0059643768572906234]
MAR07769	[np.float64(6.713308228060648e-05)]
MAR07804	[np.float64(6.713308228060648e-05)]
MAR07806	[np.float64(6.713308228060648e-05)]
MAR07808	[np.float64(6.713308228060648e-05)]
MAR07810	[np.float64(6.713308228060648e-05)]
MAR07812	[np.float64(6.713308228060648e-05)]
MAR07814	[np.float64(6.713308228060648e-05)]
MAR07815	[np.float64(6.713308228060648e-05)]
MAR07816	[np.float64(6.713308228060648e-05)]
MAR07818	[np.float64(6.713308228060648e-05)]
MAR07820	[np.float64(6.713308228060648e-05)]
MAR07822	[np.float64(6.713308228060648e-05)]
MAR07824	[np.float64(6.713308228060648e-05)]
MAR07825	[np.float64(6.713308228060648e-05)]
MAR07826	[np.float64(6.713308228060648e-05)]
MAR07827	[np.float64(6.713308228060648e-05)]
MAR07828	[np.float64(6.713308228060648e-05)]
MAR07829	[np.float64(6.713308228060648e-05)]
MAR07830	[np.float64(6.713308228060648e-05)]
MAR07831	[np.float64(6.713308228060648e-05)]
MAR07832	[np.float64(6.713308228060648e-05)]
MAR07833	[np.float64(6.713308228060648e-05)]
MAR07834	[np.float64(6.713308228060648e-05)]
MAR07835	[np.float64(6.713308228060648e-05)]
MAR07836	[np.float64(6.713308228060648e-05)]
MAR07837	[np.float64(6.713308228060648e-05)]
MAR07838	[np.float64(6.713308228060648e-05)]
MAR07839	[np.float64(6.713308228060648e-05)]
MAR07840	[np.float64(6.713308228060648e-05)]
MAR07841	[np.float64(6.713308228060648e-05)]
MAR07842	[np.float64(6.713308228060648e-05)]
MAR07843	[np.float64(6.713308228060648e-05)]
MAR07844	[np.float64(6.713308228060648e-05)]
MAR07845	[np.float64(6.713308228060648e-05)]
MAR07846	[np.float64(6.713308228060648e-05)]
MAR07847	[np.float64(6.713308228060648e-05)]
MAR07848	[np.float64(6.713308228060648e-05)]
MAR07849	[np.float64(6.713308228060648e-05)]
MAR07850	[np.float64(6.713308228060648e-05)]
MAR07851	[np.float64(6.713308228060648e-05)]
MAR07852	[np.float64(6.713308228060648e-05)]
MAR07853	[np.float64(6.713308228060648e-05)]
MAR07854	[np.float64(6.713308228060648e-05)]
MAR07897	[8.4310167750605e-05]
MAR07899	[8.4310167750605e-05]
MAR07914	[8.4310167750605e-05]
MAR07917	[8.4310167750605e-05]
MAR07923	[8.4310167750605e-05]
MAR07995	[8.4310167750605e-05]
MAR07998	[8.4310167750605e-05]
MAR08000	[8.4310167750605e-05]
MAR08001	[8.4310167750605e-05]
MAR08009	[8.4310167750605e-05]
MAR08089	[8.4310167750605e-05]
MAR08093	[8.4310167750605e-05]
MAR08099	[8.4310167750605e-05]
MAR08120	[8.4310167750605e-05]
MAR08122	[8.4310167750605e-05]
MAR08124	[8.4310167750605e-05]
MAR08126	[8.4310167750605e-05]
MAR08128	[8.4310167750605e-05]
MAR08356	[8.4310167750605e-05]
MAR08365	[3.018719623960039e-05]
MAR08411	[8.4310167750605e-05]
MAR08438	[8.4310167750605e-05]
MAR08475	[np.float64(6.713308228060648e-05)]
MAR08505	[8.4310167750605e-05]
MAR08510	[8.4310167750605e-05]
MAR08513	[3.018719623960039e-05]
MAR08528	[8.4310167750605e-05]
MAR08532	[8.4310167750605e-05]
MAR08562	[8.4310167750605e-05]
MAR08614	[0.004214386547489437]
MAR08627	[8.4310167750605e-05]
MAR08655	[8.4310167750605e-05]
MAR08657	[8.4310167750605e-05]
MAR08680	[8.4310167750605e-05]
MAR08731	[8.4310167750605e-05]
MAR08741	[np.float64(6.713308228060648e-05)]
MAR08742	[np.float64(6.713308228060648e-05)]
MAR08776	[8.4310167750605e-05]
MAR08785	[8.4310167750605e-05]
MAR08848	[8.4310167750605e-05]
MAR08890	[8.4310167750605e-05]
MAR08891	[8.4310167750605e-05]
MAR08910	[np.float64(6.713308228060648e-05)]
MAR09174	[8.4310167750605e-05]
MAR09194	[8.4310167750605e-05]
MAR09675	[8.4310167750605e-05]
MAR09676	[8.4310167750605e-05]
MAR09677	[8.4310167750605e-05]
MAR09014	[8.4310167750605e-05]
MAR00707	[8.4310167750605e-05]
MAR00713	[4.5784706799220375e-05]
MAR01104	[8.4310167750605e-05]
MAR01135	[8.4310167750605e-05]
MAR01144	[8.4310167750605e-05]
MAR01172	[8.4310167750605e-05]
MAR01188	[8.4310167750605e-05]
MAR01214	[8.4310167750605e-05]
MAR01242	[8.4310167750605e-05]
MAR01268	[8.4310167750605e-05]
MAR01283	[8.4310167750605e-05]
MAR01286	[8.4310167750605e-05]
MAR01443	[3.018719623960039e-05]
MAR02067	[8.4310167750605e-05]
MAR02082	[8.4310167750605e-05]
MAR02093	[8.4310167750605e-05]
MAR02104	[8.4310167750605e-05]
MAR02407	[np.float64(6.713308228060648e-05)]
MAR02509	[np.float64(6.713308228060648e-05)]
MAR02547	[8.4310167750605e-05]
MAR02575	[8.4310167750605e-05]
MAR03007	[3.018719623960039e-05]
MAR03008	[2.982220531222946e-05]
MAR03011	[2.982220531222946e-05]
MAR03013	[2.982220531222946e-05]
MAR03014	[2.982220531222946e-05]
MAR03017	[2.982220531222946e-05]
MAR03018	[np.float64(6.713308228060648e-05)]
MAR03019	[np.float64(6.713308228060648e-05)]
MAR03020	[np.float64(6.713308228060648e-05)]
MAR03021	[np.float64(6.713308228060648e-05)]
MAR03022	[np.float64(6.713308228060648e-05)]
MAR03023	[np.float64(6.713308228060648e-05)]
MAR03024	[np.float64(6.713308228060648e-05)]
MAR03025	[np.float64(6.713308228060648e-05)]
MAR03026	[np.float64(6.713308228060648e-05)]
MAR03473	[np.float64(6.713308228060648e-05)]
MAR03848	[8.4310167750605e-05]
MAR03850	[8.4310167750605e-05]
MAR03867	[8.4310167750605e-05]
MAR03947	[8.4310167750605e-05]
MAR03948	[8.4310167750605e-05]
MAR04393	[8.4310167750605e-05]
MAR04468	[8.4310167750605e-05]
MAR04469	[8.4310167750605e-05]
MAR04647	[8.4310167750605e-05]
MAR04790	[8.4310167750605e-05]
MAR04890	[8.4310167750605e-05]
MAR04900	[8.4310167750605e-05]
MAR04908	[np.float64(6.713308228060648e-05)]
MAR04924	[8.4310167750605e-05]
MAR04930	[3.018719623960039e-05]
MAR04945	[8.4310167750605e-05]
MAR04986	[np.float64(6.713308228060648e-05)]
MAR05344	[8.4310167750605e-05]
MAR05346	[8.4310167750605e-05]
MAR05362	[8.4310167750605e-05]
MAR05414	[8.4310167750605e-05]
MAR05452	[np.float64(6.713308228060648e-05)]
MAR05453	[8.4310167750605e-05]
MAR06928	[8.4310167750605e-05]
MAR06937	[8.4310167750605e-05]
MAR06986	[8.4310167750605e-05]
MAR06987	[8.4310167750605e-05]
MAR07590	[8.4310167750605e-05]
MAR07596	[8.4310167750605e-05]
MAR07640	[8.4310167750605e-05]
MAR07646	[np.float64(6.713308228060648e-05)]
MAR07705	[8.4310167750605e-05]
MAR07707	[8.4310167750605e-05]
MAR07777	[8.4310167750605e-05]
MAR07779	[8.4310167750605e-05]
MAR07797	[8.4310167750605e-05]
MAR08016	[8.4310167750605e-05]
MAR08020	[8.4310167750605e-05]
MAR08359	[8.4310167750605e-05]
MAR08414	[8.4310167750605e-05]
MAR08754	[8.4310167750605e-05]
MAR08756	[8.4310167750605e-05]
MAR08860	[8.4310167750605e-05]
MAR08926	[8.4310167750605e-05]
MAR09179	[8.4310167750605e-05]
MAR09181	[8.4310167750605e-05]
MAR09678	[8.4310167750605e-05]
MAR09679	[8.4310167750605e-05]
MAR09680	[8.4310167750605e-05]
MAR09017	[8.4310167750605e-05]
MAR00984	[8.4310167750605e-05]
MAR01089	[8.4310167750605e-05]
MAR01090	[8.4310167750605e-05]
MAR01094	[8.4310167750605e-05]
MAR01095	[8.4310167750605e-05]
MAR02564	[8.4310167750605e-05]
MAR02585	[np.float64(6.713308228060648e-05)]
MAR04274	[8.4310167750605e-05]
MAR04275	[8.4310167750605e-05]
MAR04277	[8.4310167750605e-05]
MAR04535	[np.float64(6.713308228060648e-05)]
MAR04538	[8.4310167750605e-05]
MAR04893	[8.4310167750605e-05]
MAR04904	[8.4310167750605e-05]
MAR04916	[8.4310167750605e-05]
MAR05422	[8.4310167750605e-05]
MAR05423	[8.4310167750605e-05]
MAR05424	[8.4310167750605e-05]
MAR06617	[8.4310167750605e-05]
MAR06619	[8.4310167750605e-05]
MAR07653	[8.4310167750605e-05]
MAR07664	[8.4310167750605e-05]
MAR07665	[8.4310167750605e-05]
MAR07712	[8.4310167750605e-05]
MAR07763	[8.4310167750605e-05]
MAR07764	[8.4310167750605e-05]
MAR07765	[8.4310167750605e-05]
MAR07767	[8.4310167750605e-05]
MAR07773	[8.4310167750605e-05]
MAR07786	[8.4310167750605e-05]
MAR07792	[8.4310167750605e-05]
MAR07795	[8.4310167750605e-05]
MAR07796	[4.632978762022018e-05]
MAR07855	[8.4310167750605e-05]
MAR07856	[8.4310167750605e-05]
MAR07857	[8.4310167750605e-05]
MAR07858	[8.4310167750605e-05]
MAR07859	[8.4310167750605e-05]
MAR07860	[8.4310167750605e-05]
MAR07861	[8.4310167750605e-05]
MAR07862	[8.4310167750605e-05]
MAR07877	[8.4310167750605e-05]
MAR08024	[8.4310167750605e-05]
MAR08028	[8.4310167750605e-05]
MAR08082	[8.4310167750605e-05]
MAR08361	[8.4310167750605e-05]
MAR08363	[8.4310167750605e-05]
MAR08412	[8.4310167750605e-05]
MAR08447	[8.4310167750605e-05]
MAR08476	[np.float64(6.713308228060648e-05)]
MAR08789	[8.4310167750605e-05]
MAR08828	[8.4310167750605e-05]
MAR08837	[8.4310167750605e-05]
MAR08838	[8.4310167750605e-05]
MAR08839	[8.4310167750605e-05]
MAR08840	[8.4310167750605e-05]
MAR08841	[8.4310167750605e-05]
MAR08842	[8.4310167750605e-05]
MAR08843	[8.4310167750605e-05]
MAR08844	[8.4310167750605e-05]
MAR08845	[8.4310167750605e-05]
MAR08862	[8.4310167750605e-05]
MAR08868	[8.4310167750605e-05]
MAR08871	[8.4310167750605e-05]
MAR08894	[8.4310167750605e-05]
MAR08909	[8.4310167750605e-05]
MAR08918	[8.4310167750605e-05]
MAR09673	[8.4310167750605e-05]
MAR09674	[8.4310167750605e-05]
MAR08638	[8.4310167750605e-05]
MAR08642	[8.4310167750605e-05]
MAR04314	[2.9037379183842352e-05]
MAR09016	[8.4310167750605e-05]
MAR09018	[8.4310167750605e-05]
MAR00769	[8.4310167750605e-05]
MAR00791	[8.4310167750605e-05]
MAR00796	[8.4310167750605e-05]
MAR00798	[8.4310167750605e-05]
MAR00802	[8.4310167750605e-05]
MAR00831	[8.4310167750605e-05]
MAR00913	[8.4310167750605e-05]
MAR00929	[8.4310167750605e-05]
MAR01917	[4.1892431193616604e-05]
MAR02040	[8.4310167750605e-05]
MAR02087	[8.4310167750605e-05]
MAR02090	[8.4310167750605e-05]
MAR02101	[8.4310167750605e-05]
MAR03987	[8.4310167750605e-05]
MAR04887	[8.4310167750605e-05]
MAR04903	[8.4310167750605e-05]
MAR04907	[np.float64(6.713308228060648e-05)]
MAR04962	[8.4310167750605e-05]
MAR05047	[np.float64(6.713308228060648e-05)]
MAR05048	[np.float64(6.713308228060648e-05)]
MAR05049	[np.float64(6.713308228060648e-05)]
MAR05050	[np.float64(6.713308228060648e-05)]
MAR05051	[np.float64(6.713308228060648e-05)]
MAR05052	[np.float64(6.713308228060648e-05)]
MAR05053	[np.float64(6.713308228060648e-05)]
MAR05054	[np.float64(6.713308228060648e-05)]
MAR05055	[np.float64(6.713308228060648e-05)]
MAR05056	[np.float64(6.713308228060648e-05)]
MAR05057	[np.float64(6.713308228060648e-05)]
MAR05058	[np.float64(6.713308228060648e-05)]
MAR05059	[np.float64(6.713308228060648e-05)]
MAR05060	[np.float64(6.713308228060648e-05)]
MAR05061	[np.float64(6.713308228060648e-05)]
MAR05062	[np.float64(6.713308228060648e-05)]
MAR05063	[np.float64(6.713308228060648e-05)]
MAR05064	[np.float64(6.713308228060648e-05)]
MAR05065	[np.float64(6.713308228060648e-05)]
MAR05066	[np.float64(6.713308228060648e-05)]
MAR05067	[np.float64(6.713308228060648e-05)]
MAR05197	[8.4310167750605e-05]
MAR05199	[8.4310167750605e-05]
MAR05201	[8.4310167750605e-05]
MAR05204	[8.4310167750605e-05]
MAR05212	[8.4310167750605e-05]
MAR05214	[8.4310167750605e-05]
MAR05217	[8.4310167750605e-05]
MAR05218	[8.4310167750605e-05]
MAR05220	[8.4310167750605e-05]
MAR05224	[8.4310167750605e-05]
MAR05226	[8.4310167750605e-05]
MAR05228	[8.4310167750605e-05]
MAR05230	[8.4310167750605e-05]
MAR07196	[np.float64(6.713308228060648e-05)]
MAR07199	[8.4310167750605e-05]
MAR07224	[8.4310167750605e-05]
MAR07252	[8.4310167750605e-05]
MAR07283	[8.4310167750605e-05]
MAR07374	[8.4310167750605e-05]
MAR07430	[8.4310167750605e-05]
MAR07454	[8.4310167750605e-05]
MAR07470	[8.4310167750605e-05]
MAR07483	[8.4310167750605e-05]
MAR07500	[8.4310167750605e-05]
MAR07512	[8.4310167750605e-05]
MAR07524	[8.4310167750605e-05]
MAR07540	[8.4310167750605e-05]
MAR07556	[8.4310167750605e-05]
MAR07570	[8.4310167750605e-05]
MAR07581	[8.4310167750605e-05]
MAR07584	[8.4310167750605e-05]
MAR07710	[np.float64(6.713308228060648e-05)]
MAR07711	[8.4310167750605e-05]
MAR07714	[np.float64(6.713308228060648e-05)]
MAR07715	[8.4310167750605e-05]
MAR07718	[np.float64(6.713308228060648e-05)]
MAR07720	[8.4310167750605e-05]
MAR07722	[np.float64(6.713308228060648e-05)]
MAR07724	[8.4310167750605e-05]
MAR07726	[np.float64(6.713308228060648e-05)]
MAR07727	[8.4310167750605e-05]
MAR07729	[np.float64(6.713308228060648e-05)]
MAR07730	[8.4310167750605e-05]
MAR07732	[8.4310167750605e-05]
MAR07762	[8.4310167750605e-05]
MAR07770	[8.4310167750605e-05]
MAR07799	[np.float64(6.713308228060648e-05)]
MAR07907	[8.4310167750605e-05]
MAR07915	[8.4310167750605e-05]
MAR07918	[8.4310167750605e-05]
MAR07924	[8.4310167750605e-05]
MAR07927	[8.4310167750605e-05]
MAR08118	[8.4310167750605e-05]
MAR08119	[8.4310167750605e-05]
MAR08121	[8.4310167750605e-05]
MAR08123	[8.4310167750605e-05]
MAR08125	[8.4310167750605e-05]
MAR08127	[8.4310167750605e-05]
MAR08131	[8.4310167750605e-05]
MAR08134	[8.4310167750605e-05]
MAR08196	[8.4310167750605e-05]
MAR08200	[8.4310167750605e-05]
MAR08202	[8.4310167750605e-05]
MAR08203	[8.4310167750605e-05]
MAR08208	[8.4310167750605e-05]
MAR08216	[8.4310167750605e-05]
MAR08244	[8.4310167750605e-05]
MAR08355	[np.float64(6.713308228060648e-05)]
MAR08370	[8.4310167750605e-05]
MAR08490	[8.4310167750605e-05]
MAR08491	[8.4310167750605e-05]
MAR08492	[8.4310167750605e-05]
MAR08531	[8.4310167750605e-05]
MAR08588	[8.4310167750605e-05]
MAR08590	[8.4310167750605e-05]
MAR08688	[np.float64(6.713308228060648e-05)]
MAR08753	[8.4310167750605e-05]
MAR08763	[8.4310167750605e-05]
MAR08765	[8.4310167750605e-05]
MAR08858	[8.4310167750605e-05]
MAR08875	[8.4310167750605e-05]
MAR08885	[8.4310167750605e-05]
MAR08887	[np.float64(6.713308228060648e-05)]
MAR08908	[np.float64(6.713308228060648e-05)]
MAR08928	[np.float64(6.713308228060648e-05)]
MAR09672	[8.4310167750605e-05]
MAR00612	[8.4310167750605e-05]
MAR03597	[8.4310167750605e-05]
MAR04961	[8.4310167750605e-05]
MAR05045	[8.4310167750605e-05]
MAR05248	[8.4310167750605e-05]
MAR05249	[8.4310167750605e-05]
MAR05250	[8.4310167750605e-05]
MAR05251	[8.4310167750605e-05]
MAR05252	[8.4310167750605e-05]
MAR05253	[8.4310167750605e-05]
MAR05255	[8.4310167750605e-05]
MAR07198	[8.4310167750605e-05]
MAR07284	[8.4310167750605e-05]
MAR09738	[8.4310167750605e-05]
MAR09739	[8.4310167750605e-05]
MAR09740	[8.4310167750605e-05]
MAR09741	[8.4310167750605e-05]
MAR09742	[8.4310167750605e-05]
MAR09743	[8.4310167750605e-05]
MAR09744	[8.4310167750605e-05]
MAR09745	[8.4310167750605e-05]
MAR09746	[8.4310167750605e-05]
MAR09747	[8.4310167750605e-05]
MAR09748	[8.4310167750605e-05]
MAR09749	[8.4310167750605e-05]
MAR09750	[8.4310167750605e-05]
MAR09751	[8.4310167750605e-05]
MAR09752	[8.4310167750605e-05]
MAR09753	[8.4310167750605e-05]
MAR09754	[8.4310167750605e-05]
MAR09755	[8.4310167750605e-05]
MAR09756	[8.4310167750605e-05]
MAR09757	[8.4310167750605e-05]
MAR09758	[8.4310167750605e-05]
MAR09759	[8.4310167750605e-05]
MAR09760	[8.4310167750605e-05]
MAR09761	[8.4310167750605e-05]
MAR09762	[8.4310167750605e-05]
MAR09763	[8.4310167750605e-05]
MAR09764	[8.4310167750605e-05]
MAR09765	[8.4310167750605e-05]
MAR09766	[8.4310167750605e-05]
MAR09767	[8.4310167750605e-05]
MAR09768	[8.4310167750605e-05]
MAR09769	[8.4310167750605e-05]
MAR09770	[8.4310167750605e-05]
MAR09771	[8.4310167750605e-05]
MAR09772	[8.4310167750605e-05]
MAR09773	[8.4310167750605e-05]
MAR09774	[8.4310167750605e-05]
MAR09775	[8.4310167750605e-05]
MAR09776	[8.4310167750605e-05]
MAR09777	[8.4310167750605e-05]
MAR09778	[8.4310167750605e-05]
MAR09779	[8.4310167750605e-05]
MAR09780	[8.4310167750605e-05]
MAR09781	[8.4310167750605e-05]
MAR09782	[8.4310167750605e-05]
MAR09783	[8.4310167750605e-05]
MAR09784	[8.4310167750605e-05]
MAR09785	[8.4310167750605e-05]
MAR09786	[8.4310167750605e-05]
MAR09787	[8.4310167750605e-05]
MAR09788	[8.4310167750605e-05]
MAR09789	[8.4310167750605e-05]
MAR09790	[8.4310167750605e-05]
MAR09791	[8.4310167750605e-05]
MAR09792	[8.4310167750605e-05]
MAR09793	[np.float64(6.713308228060648e-05)]
MAR09794	[8.4310167750605e-05]
MAR09795	[8.4310167750605e-05]
MAR09796	[8.4310167750605e-05]
MAR00652	[8.4310167750605e-05]
MAR00717	[8.4310167750605e-05]
MAR00731	[np.float64(6.713308228060648e-05)]
MAR00732	[8.4310167750605e-05]
MAR00734	[8.4310167750605e-05]
MAR00917	[8.4310167750605e-05]
MAR00918	[np.float64(6.713308228060648e-05)]
MAR01916	[4.1892431193616604e-05]
MAR04125	[np.float64(6.713308228060648e-05)]
MAR04892	[8.4310167750605e-05]
MAR04902	[8.4310167750605e-05]
MAR04955	[8.4310167750605e-05]
MAR06577	[8.4310167750605e-05]
MAR06578	[2.9037379183842352e-05]
MAR07201	[8.4310167750605e-05]
MAR07204	[8.4310167750605e-05]
MAR07331	[8.4310167750605e-05]
MAR07431	[8.4310167750605e-05]
MAR07433	[np.float64(6.713308228060648e-05)]
MAR07434	[np.float64(6.713308228060648e-05)]
MAR07435	[8.4310167750605e-05]
MAR07437	[8.4310167750605e-05]
MAR07675	[np.float64(6.713308228060648e-05)]
MAR07693	[np.float64(6.713308228060648e-05)]
MAR07694	[np.float64(6.713308228060648e-05)]
MAR07695	[np.float64(6.713308228060648e-05)]
MAR07733	[np.float64(6.713308228060648e-05)]
MAR07740	[4.663025353953734e-05]
MAR07743	[np.float64(6.713308228060648e-05)]
MAR07759	[np.float64(6.713308228060648e-05)]
MAR07761	[0.0059643768572906234]
MAR07793	[8.4310167750605e-05]
MAR08084	[8.4310167750605e-05]
MAR08086	[8.4310167750605e-05]
MAR08145	[8.4310167750605e-05]
MAR08146	[np.float64(6.713308228060648e-05)]
MAR08153	[8.4310167750605e-05]
MAR08157	[8.4310167750605e-05]
MAR08160	[8.4310167750605e-05]
MAR08163	[8.4310167750605e-05]
MAR08193	[8.4310167750605e-05]
MAR08195	[8.4310167750605e-05]
MAR08199	[8.4310167750605e-05]
MAR08205	[8.4310167750605e-05]
MAR08207	[8.4310167750605e-05]
MAR08213	[8.4310167750605e-05]
MAR08215	[8.4310167750605e-05]
MAR08222	[8.4310167750605e-05]
MAR08230	[8.4310167750605e-05]
MAR08232	[8.4310167750605e-05]
MAR08241	[8.4310167750605e-05]
MAR08243	[8.4310167750605e-05]
MAR08252	[8.4310167750605e-05]
MAR08259	[8.4310167750605e-05]
MAR08265	[8.4310167750605e-05]
MAR08269	[8.4310167750605e-05]
MAR08272	[8.4310167750605e-05]
MAR08282	[8.4310167750605e-05]
MAR08289	[8.4310167750605e-05]
MAR08296	[8.4310167750605e-05]
MAR08299	[8.4310167750605e-05]
MAR08303	[8.4310167750605e-05]
MAR08310	[8.4310167750605e-05]
MAR08312	[8.4310167750605e-05]
MAR08314	[8.4310167750605e-05]
MAR08320	[8.4310167750605e-05]
MAR08323	[8.4310167750605e-05]
MAR08328	[8.4310167750605e-05]
MAR08335	[8.4310167750605e-05]
MAR08338	[8.4310167750605e-05]
MAR08496	[np.float64(6.713308228060648e-05)]
MAR08524	[8.4310167750605e-05]
MAR08527	[8.4310167750605e-05]
MAR08661	[0.0043702273628809275]
MAR08673	[8.4310167750605e-05]
MAR08793	[8.4310167750605e-05]
MAR08834	[8.4310167750605e-05]
MAR08856	[8.4310167750605e-05]
MAR08857	[np.float64(6.713308228060648e-05)]
MAR08874	[8.4310167750605e-05]
MAR08880	[8.4310167750605e-05]
MAR08882	[8.4310167750605e-05]
MAR08895	[8.4310167750605e-05]
MAR08897	[8.4310167750605e-05]
MAR08900	[8.4310167750605e-05]
MAR08902	[8.4310167750605e-05]
MAR08904	[8.4310167750605e-05]
MAR08920	[8.4310167750605e-05]
MAR09199	[np.float64(6.713308228060648e-05)]
MAR09664	[8.4310167750605e-05]
MAR09665	[8.4310167750605e-05]
MAR09666	[8.4310167750605e-05]
MAR09667	[8.4310167750605e-05]
MAR09668	[8.4310167750605e-05]
MAR09669	[8.4310167750605e-05]
MAR09670	[8.4310167750605e-05]
MAR09671	[8.4310167750605e-05]
MAR07182	[8.4310167750605e-05]
MAR07330	[8.4310167750605e-05]
MAR07432	[8.4310167750605e-05]
MAR04313	[2.9037379183842352e-05]
MAR07307	[8.4310167750605e-05]
MAR01809	[8.4310167750605e-05]
MAR00020	[8.4310167750605e-05]
MAR00461	[np.float64(6.713308228060648e-05)]
MAR00462	[8.4310167750605e-05]
MAR00466	[8.4310167750605e-05]
MAR00467	[8.4310167750605e-05]
MAR00664	[np.float64(6.713308228060648e-05)]
MAR00730	[np.float64(6.713308228060648e-05)]
MAR00768	[np.float64(6.713308228060648e-05)]
MAR00771	[8.4310167750605e-05]
MAR00966	[8.4310167750605e-05]
MAR01035	[8.4310167750605e-05]
MAR01143	[8.4310167750605e-05]
MAR01189	[8.4310167750605e-05]
MAR01240	[8.4310167750605e-05]
MAR01252	[8.4310167750605e-05]
MAR01269	[8.4310167750605e-05]
MAR01306	[8.4310167750605e-05]
MAR01309	[8.4310167750605e-05]
MAR01311	[8.4310167750605e-05]
MAR01316	[8.4310167750605e-05]
MAR01331	[8.4310167750605e-05]
MAR01392	[np.float64(6.713308228060648e-05)]
MAR01530	[8.4310167750605e-05]
MAR01672	[8.4310167750605e-05]
MAR01937	[8.4310167750605e-05]
MAR01998	[8.4310167750605e-05]
MAR02039	[8.4310167750605e-05]
MAR02066	[8.4310167750605e-05]
MAR02081	[8.4310167750605e-05]
MAR02092	[8.4310167750605e-05]
MAR02103	[8.4310167750605e-05]
MAR02554	[8.4310167750605e-05]
MAR02569	[8.4310167750605e-05]
MAR02777	[np.float64(6.713308228060648e-05)]
MAR03953	[8.4310167750605e-05]
MAR04123	[8.4310167750605e-05]
MAR04126	[8.4310167750605e-05]
MAR04765	[8.4310167750605e-05]
MAR04846	[8.4310167750605e-05]
MAR04856	[8.4310167750605e-05]
MAR04860	[8.4310167750605e-05]
MAR04876	[8.4310167750605e-05]
MAR04877	[8.4310167750605e-05]
MAR04878	[8.4310167750605e-05]
MAR04879	[8.4310167750605e-05]
MAR04880	[np.float64(6.713308228060648e-05)]
MAR04881	[np.float64(6.713308228060648e-05)]
MAR04883	[8.4310167750605e-05]
MAR04894	[8.4310167750605e-05]
MAR04906	[np.float64(6.713308228060648e-05)]
MAR04913	[8.4310167750605e-05]
MAR04917	[8.4310167750605e-05]
MAR04941	[8.4310167750605e-05]
MAR04942	[np.float64(6.713308228060648e-05)]
MAR04960	[8.4310167750605e-05]
MAR05004	[0.006935796717097496]
MAR05012	[8.4310167750605e-05]
MAR05027	[np.float64(6.713308228060648e-05)]
MAR05203	[8.4310167750605e-05]
MAR05205	[8.4310167750605e-05]
MAR05207	[8.4310167750605e-05]
MAR05209	[8.4310167750605e-05]
MAR05210	[8.4310167750605e-05]
MAR05211	[8.4310167750605e-05]
MAR05245	[8.4310167750605e-05]
MAR05342	[0.006935796717097496]
MAR05347	[8.4310167750605e-05]
MAR05354	[8.4310167750605e-05]
MAR06385	[np.float64(6.713308228060648e-05)]
MAR06386	[8.4310167750605e-05]
MAR06387	[8.4310167750605e-05]
MAR06388	[8.4310167750605e-05]
MAR06425	[8.4310167750605e-05]
MAR06430	[8.4310167750605e-05]
MAR06440	[8.4310167750605e-05]
MAR06445	[8.4310167750605e-05]
MAR06463	[8.4310167750605e-05]
MAR06468	[8.4310167750605e-05]
MAR06475	[8.4310167750605e-05]
MAR06480	[8.4310167750605e-05]
MAR06629	[8.4310167750605e-05]
MAR06797	[8.4310167750605e-05]
MAR06990	[8.4310167750605e-05]
MAR07257	[8.4310167750605e-05]
MAR07272	[8.4310167750605e-05]
MAR07273	[8.4310167750605e-05]
MAR07649	[np.float64(6.713308228060648e-05)]
MAR07766	[8.4310167750605e-05]
MAR07768	[8.4310167750605e-05]
MAR07772	[8.4310167750605e-05]
MAR07776	[8.4310167750605e-05]
MAR07778	[8.4310167750605e-05]
MAR07780	[8.4310167750605e-05]
MAR07784	[8.4310167750605e-05]
MAR07789	[8.4310167750605e-05]
MAR07791	[8.4310167750605e-05]
MAR07929	[8.4310167750605e-05]
MAR07933	[8.4310167750605e-05]
MAR07944	[8.4310167750605e-05]
MAR07947	[8.4310167750605e-05]
MAR07949	[8.4310167750605e-05]
MAR07953	[8.4310167750605e-05]
MAR07956	[8.4310167750605e-05]
MAR07960	[8.4310167750605e-05]
MAR07963	[8.4310167750605e-05]
MAR07966	[8.4310167750605e-05]
MAR07969	[8.4310167750605e-05]
MAR07981	[8.4310167750605e-05]
MAR07983	[8.4310167750605e-05]
MAR07985	[8.4310167750605e-05]
MAR07988	[8.4310167750605e-05]
MAR07989	[8.4310167750605e-05]
MAR08030	[8.4310167750605e-05]
MAR08058	[8.4310167750605e-05]
MAR08060	[8.4310167750605e-05]
MAR08234	[8.4310167750605e-05]
MAR08236	[8.4310167750605e-05]
MAR08239	[8.4310167750605e-05]
MAR08347	[8.4310167750605e-05]
MAR08350	[8.4310167750605e-05]
MAR08351	[8.4310167750605e-05]
MAR08358	[8.4310167750605e-05]
MAR08369	[np.float64(6.713308228060648e-05)]
MAR08382	[8.4310167750605e-05]
MAR08526	[8.4310167750605e-05]
MAR08553	[8.4310167750605e-05]
MAR08594	[8.4310167750605e-05]
MAR08651	[8.4310167750605e-05]
MAR08681	[8.4310167750605e-05]
MAR08715	[8.4310167750605e-05]
MAR08716	[8.4310167750605e-05]
MAR08719	[8.4310167750605e-05]
MAR08722	[8.4310167750605e-05]
MAR08737	[8.4310167750605e-05]
MAR08851	[8.4310167750605e-05]
MAR08855	[8.4310167750605e-05]
MAR08859	[8.4310167750605e-05]
MAR08886	[8.4310167750605e-05]
MAR08888	[8.4310167750605e-05]
MAR08906	[8.4310167750605e-05]
MAR08914	[8.4310167750605e-05]
MAR08915	[8.4310167750605e-05]
MAR08919	[8.4310167750605e-05]
MAR08921	[8.4310167750605e-05]
MAR09177	[8.4310167750605e-05]
MAR09200	[4.5278250872079955e-05]
MAR09625	[8.4310167750605e-05]
MAR09626	[8.4310167750605e-05]
MAR09627	[8.4310167750605e-05]
MAR09628	[8.4310167750605e-05]
MAR09629	[8.4310167750605e-05]
MAR09630	[8.4310167750605e-05]
MAR09631	[8.4310167750605e-05]
MAR09632	[8.4310167750605e-05]
MAR09633	[8.4310167750605e-05]
MAR09634	[8.4310167750605e-05]
MAR09716	[8.4310167750605e-05]
MAR09724	[8.4310167750605e-05]
MAR09732	[8.4310167750605e-05]
MAR07108	[8.4310167750605e-05]
MAR07110	[8.4310167750605e-05]
MAR07112	[8.4310167750605e-05]
MAR07114	[8.4310167750605e-05]
MAR07116	[8.4310167750605e-05]
MAR07118	[8.4310167750605e-05]
MAR07120	[8.4310167750605e-05]
MAR07122	[8.4310167750605e-05]
MAR07124	[8.4310167750605e-05]
MAR07126	[8.4310167750605e-05]
MAR09023	[8.4310167750605e-05]
MAR09024	[8.4310167750605e-05]
MAR09032	[8.4310167750605e-05]
MAR09808	[8.4310167750605e-05]
MAR09809	[8.4310167750605e-05]
MAR09810	[8.4310167750605e-05]
MAR09811	[8.4310167750605e-05]
MAR09812	[8.4310167750605e-05]
MAR09813	[8.4310167750605e-05]
MAR09814	[8.4310167750605e-05]
MAR09815	[8.4310167750605e-05]
MAR09816	[8.4310167750605e-05]
MAR09033	[8.4310167750605e-05]
MAR09034	[8.4310167750605e-05]
MAR09035	[8.4310167750605e-05]
MAR09036	[8.4310167750605e-05]
MAR09037	[8.4310167750605e-05]
MAR09038	[8.4310167750605e-05]
MAR09039	[8.4310167750605e-05]
MAR09040	[8.4310167750605e-05]
MAR09041	[8.4310167750605e-05]
MAR09042	[8.4310167750605e-05]
MAR09043	[8.4310167750605e-05]
MAR09044	[8.4310167750605e-05]
MAR09045	[8.4310167750605e-05]
MAR09046	[8.4310167750605e-05]
MAR09047	[8.4310167750605e-05]
MAR09048	[8.4310167750605e-05]
MAR09049	[8.4310167750605e-05]
MAR09050	[8.4310167750605e-05]
MAR09051	[8.4310167750605e-05]
MAR09052	[8.4310167750605e-05]
MAR09053	[8.4310167750605e-05]
MAR09054	[8.4310167750605e-05]
MAR09055	[8.4310167750605e-05]
MAR09056	[8.4310167750605e-05]
MAR09058	[8.4310167750605e-05]
MAR09061	[8.4310167750605e-05]
MAR09062	[8.4310167750605e-05]
MAR09063	[8.4310167750605e-05]
MAR09064	[8.4310167750605e-05]
MAR09065	[8.4310167750605e-05]
MAR09066	[8.4310167750605e-05]
MAR09067	[8.4310167750605e-05]
MAR09068	[8.4310167750605e-05]
MAR09069	[8.4310167750605e-05]
MAR09070	[8.4310167750605e-05]
MAR09071	[8.4310167750605e-05]
MAR09072	[8.4310167750605e-05]
MAR09073	[8.4310167750605e-05]
MAR09074	[8.4310167750605e-05]
MAR09075	[8.4310167750605e-05]
MAR09076	[8.4310167750605e-05]
MAR09077	[8.4310167750605e-05]
MAR09078	[8.4310167750605e-05]
MAR09079	[8.4310167750605e-05]
MAR09080	[8.4310167750605e-05]
MAR09081	[8.4310167750605e-05]
MAR09082	[8.4310167750605e-05]
MAR09083	[8.4310167750605e-05]
MAR09084	[8.4310167750605e-05]
MAR09085	[8.4310167750605e-05]
MAR09086	[8.4310167750605e-05]
MAR09087	[8.4310167750605e-05]
MAR09088	[8.4310167750605e-05]
MAR09089	[8.4310167750605e-05]
MAR09090	[8.4310167750605e-05]
MAR09091	[8.4310167750605e-05]
MAR09092	[8.4310167750605e-05]
MAR09093	[8.4310167750605e-05]
MAR09094	[8.4310167750605e-05]
MAR09095	[8.4310167750605e-05]
MAR09096	[8.4310167750605e-05]
MAR09097	[8.4310167750605e-05]
MAR09098	[8.4310167750605e-05]
MAR09099	[8.4310167750605e-05]
MAR09100	[8.4310167750605e-05]
MAR09101	[8.4310167750605e-05]
MAR09102	[8.4310167750605e-05]
MAR09103	[8.4310167750605e-05]
MAR09104	[8.4310167750605e-05]
MAR09105	[8.4310167750605e-05]
MAR09106	[8.4310167750605e-05]
MAR09107	[8.4310167750605e-05]
MAR09108	[8.4310167750605e-05]
MAR09109	[8.4310167750605e-05]
MAR09110	[8.4310167750605e-05]
MAR09111	[8.4310167750605e-05]
MAR09113	[8.4310167750605e-05]
MAR09114	[8.4310167750605e-05]
MAR09115	[8.4310167750605e-05]
MAR09116	[8.4310167750605e-05]
MAR09117	[8.4310167750605e-05]
MAR09118	[8.4310167750605e-05]
MAR09119	[8.4310167750605e-05]
MAR09120	[8.4310167750605e-05]
MAR09121	[8.4310167750605e-05]
MAR09122	[8.4310167750605e-05]
MAR09123	[8.4310167750605e-05]
MAR09124	[8.4310167750605e-05]
MAR09125	[8.4310167750605e-05]
MAR09126	[8.4310167750605e-05]
MAR09127	[8.4310167750605e-05]
MAR09128	[8.4310167750605e-05]
MAR09129	[8.4310167750605e-05]
MAR09130	[8.4310167750605e-05]
MAR09131	[8.4310167750605e-05]
MAR09132	[8.4310167750605e-05]
MAR09133	[8.4310167750605e-05]
MAR09134	[8.4310167750605e-05]
MAR09135	[8.4310167750605e-05]
MAR09136	[8.4310167750605e-05]
MAR09137	[8.4310167750605e-05]
MAR09138	[8.4310167750605e-05]
MAR09139	[8.4310167750605e-05]
MAR09140	[8.4310167750605e-05]
MAR09141	[8.4310167750605e-05]
MAR09142	[8.4310167750605e-05]
MAR09143	[8.4310167750605e-05]
MAR09144	[8.4310167750605e-05]
MAR09145	[8.4310167750605e-05]
MAR09146	[8.4310167750605e-05]
MAR09147	[8.4310167750605e-05]
MAR09148	[8.4310167750605e-05]
MAR09149	[8.4310167750605e-05]
MAR09150	[8.4310167750605e-05]
MAR09151	[8.4310167750605e-05]
MAR09152	[8.4310167750605e-05]
MAR09153	[8.4310167750605e-05]
MAR09154	[8.4310167750605e-05]
MAR09155	[8.4310167750605e-05]
MAR09156	[8.4310167750605e-05]
MAR09157	[8.4310167750605e-05]
MAR09158	[8.4310167750605e-05]
MAR09159	[8.4310167750605e-05]
MAR09160	[8.4310167750605e-05]
MAR09161	[8.4310167750605e-05]
MAR09162	[8.4310167750605e-05]
MAR09163	[8.4310167750605e-05]
MAR09164	[8.4310167750605e-05]
MAR09165	[8.4310167750605e-05]
MAR09166	[8.4310167750605e-05]
MAR09167	[8.4310167750605e-05]
MAR09168	[8.4310167750605e-05]
MAR09169	[8.4310167750605e-05]
MAR09171	[8.4310167750605e-05]
MAR09172	[8.4310167750605e-05]
MAR09201	[8.4310167750605e-05]
MAR09202	[8.4310167750605e-05]
MAR09203	[8.4310167750605e-05]
MAR09204	[8.4310167750605e-05]
MAR09205	[8.4310167750605e-05]
MAR09206	[8.4310167750605e-05]
MAR09207	[8.4310167750605e-05]
MAR09208	[8.4310167750605e-05]
MAR09209	[8.4310167750605e-05]
MAR09210	[8.4310167750605e-05]
MAR09211	[8.4310167750605e-05]
MAR09212	[8.4310167750605e-05]
MAR09213	[8.4310167750605e-05]
MAR09214	[8.4310167750605e-05]
MAR09215	[8.4310167750605e-05]
MAR09216	[8.4310167750605e-05]
MAR09217	[8.4310167750605e-05]
MAR09218	[8.4310167750605e-05]
MAR09219	[8.4310167750605e-05]
MAR09220	[8.4310167750605e-05]
MAR09221	[8.4310167750605e-05]
MAR09222	[8.4310167750605e-05]
MAR09223	[8.4310167750605e-05]
MAR09224	[8.4310167750605e-05]
MAR09225	[8.4310167750605e-05]
MAR09226	[8.4310167750605e-05]
MAR09227	[8.4310167750605e-05]
MAR09228	[8.4310167750605e-05]
MAR09229	[8.4310167750605e-05]
MAR09230	[8.4310167750605e-05]
MAR09231	[8.4310167750605e-05]
MAR09232	[8.4310167750605e-05]
MAR09233	[8.4310167750605e-05]
MAR09234	[8.4310167750605e-05]
MAR09235	[8.4310167750605e-05]
MAR09236	[8.4310167750605e-05]
MAR09237	[8.4310167750605e-05]
MAR09238	[8.4310167750605e-05]
MAR09239	[8.4310167750605e-05]
MAR09240	[8.4310167750605e-05]
MAR09241	[8.4310167750605e-05]
MAR09242	[8.4310167750605e-05]
MAR09243	[8.4310167750605e-05]
MAR09244	[8.4310167750605e-05]
MAR09245	[8.4310167750605e-05]
MAR09246	[8.4310167750605e-05]
MAR09247	[8.4310167750605e-05]
MAR09248	[8.4310167750605e-05]
MAR09249	[8.4310167750605e-05]
MAR09250	[8.4310167750605e-05]
MAR09251	[8.4310167750605e-05]
MAR09252	[8.4310167750605e-05]
MAR09253	[8.4310167750605e-05]
MAR09254	[8.4310167750605e-05]
MAR09255	[8.4310167750605e-05]
MAR09256	[8.4310167750605e-05]
MAR09257	[8.4310167750605e-05]
MAR09258	[8.4310167750605e-05]
MAR09259	[8.4310167750605e-05]
MAR09260	[8.4310167750605e-05]
MAR09261	[8.4310167750605e-05]
MAR09262	[8.4310167750605e-05]
MAR09263	[8.4310167750605e-05]
MAR09264	[8.4310167750605e-05]
MAR09265	[8.4310167750605e-05]
MAR09266	[8.4310167750605e-05]
MAR09267	[8.4310167750605e-05]
MAR09268	[8.4310167750605e-05]
MAR09269	[8.4310167750605e-05]
MAR09270	[8.4310167750605e-05]
MAR09271	[8.4310167750605e-05]
MAR09272	[8.4310167750605e-05]
MAR09273	[8.4310167750605e-05]
MAR09275	[8.4310167750605e-05]
MAR09276	[8.4310167750605e-05]
MAR09277	[8.4310167750605e-05]
MAR09278	[8.4310167750605e-05]
MAR09279	[8.4310167750605e-05]
MAR09280	[8.4310167750605e-05]
MAR09281	[8.4310167750605e-05]
MAR09282	[8.4310167750605e-05]
MAR09283	[8.4310167750605e-05]
MAR09284	[8.4310167750605e-05]
MAR09285	[8.4310167750605e-05]
MAR09286	[8.4310167750605e-05]
MAR09287	[8.4310167750605e-05]
MAR09288	[8.4310167750605e-05]
MAR09289	[8.4310167750605e-05]
MAR09290	[8.4310167750605e-05]
MAR09291	[8.4310167750605e-05]
MAR09292	[8.4310167750605e-05]
MAR09293	[8.4310167750605e-05]
MAR09294	[8.4310167750605e-05]
MAR09295	[8.4310167750605e-05]
MAR09296	[8.4310167750605e-05]
MAR09297	[8.4310167750605e-05]
MAR09298	[8.4310167750605e-05]
MAR09299	[8.4310167750605e-05]
MAR09300	[8.4310167750605e-05]
MAR09301	[8.4310167750605e-05]
MAR09302	[8.4310167750605e-05]
MAR09303	[8.4310167750605e-05]
MAR09304	[8.4310167750605e-05]
MAR09305	[8.4310167750605e-05]
MAR09306	[8.4310167750605e-05]
MAR09307	[8.4310167750605e-05]
MAR09308	[8.4310167750605e-05]
MAR09309	[8.4310167750605e-05]
MAR09310	[8.4310167750605e-05]
MAR09311	[8.4310167750605e-05]
MAR09312	[8.4310167750605e-05]
MAR09313	[8.4310167750605e-05]
MAR09314	[8.4310167750605e-05]
MAR09315	[8.4310167750605e-05]
MAR09316	[8.4310167750605e-05]
MAR09317	[8.4310167750605e-05]
MAR09318	[8.4310167750605e-05]
MAR09319	[8.4310167750605e-05]
MAR09320	[8.4310167750605e-05]
MAR09321	[8.4310167750605e-05]
MAR09322	[8.4310167750605e-05]
MAR09323	[8.4310167750605e-05]
MAR09324	[8.4310167750605e-05]
MAR09325	[8.4310167750605e-05]
MAR09326	[8.4310167750605e-05]
MAR09327	[8.4310167750605e-05]
MAR09328	[8.4310167750605e-05]
MAR09329	[8.4310167750605e-05]
MAR09330	[8.4310167750605e-05]
MAR09331	[8.4310167750605e-05]
MAR09332	[8.4310167750605e-05]
MAR09333	[8.4310167750605e-05]
MAR09334	[8.4310167750605e-05]
MAR09335	[8.4310167750605e-05]
MAR09336	[8.4310167750605e-05]
MAR09337	[8.4310167750605e-05]
MAR09338	[8.4310167750605e-05]
MAR09339	[8.4310167750605e-05]
MAR09340	[8.4310167750605e-05]
MAR09341	[8.4310167750605e-05]
MAR09342	[8.4310167750605e-05]
MAR09343	[8.4310167750605e-05]
MAR09344	[8.4310167750605e-05]
MAR09345	[8.4310167750605e-05]
MAR09346	[8.4310167750605e-05]
MAR09347	[8.4310167750605e-05]
MAR09348	[8.4310167750605e-05]
MAR09349	[8.4310167750605e-05]
MAR09350	[8.4310167750605e-05]
MAR09351	[8.4310167750605e-05]
MAR09352	[8.4310167750605e-05]
MAR09353	[8.4310167750605e-05]
MAR09354	[8.4310167750605e-05]
MAR09355	[8.4310167750605e-05]
MAR09356	[8.4310167750605e-05]
MAR09357	[8.4310167750605e-05]
MAR09358	[8.4310167750605e-05]
MAR09359	[8.4310167750605e-05]
MAR09360	[8.4310167750605e-05]
MAR09361	[8.4310167750605e-05]
MAR09362	[8.4310167750605e-05]
MAR09363	[8.4310167750605e-05]
MAR09364	[8.4310167750605e-05]
MAR09365	[8.4310167750605e-05]
MAR09366	[8.4310167750605e-05]
MAR09367	[8.4310167750605e-05]
MAR09368	[8.4310167750605e-05]
MAR09369	[8.4310167750605e-05]
MAR09370	[8.4310167750605e-05]
MAR09371	[8.4310167750605e-05]
MAR09372	[8.4310167750605e-05]
MAR09373	[8.4310167750605e-05]
MAR09374	[8.4310167750605e-05]
MAR09375	[8.4310167750605e-05]
MAR09376	[8.4310167750605e-05]
MAR09377	[8.4310167750605e-05]
MAR09378	[8.4310167750605e-05]
MAR09379	[8.4310167750605e-05]
MAR09380	[8.4310167750605e-05]
MAR09381	[8.4310167750605e-05]
MAR09382	[8.4310167750605e-05]
MAR09383	[8.4310167750605e-05]
MAR09384	[8.4310167750605e-05]
MAR09385	[8.4310167750605e-05]
MAR09386	[8.4310167750605e-05]
MAR09387	[8.4310167750605e-05]
MAR09388	[8.4310167750605e-05]
MAR09389	[8.4310167750605e-05]
MAR09390	[8.4310167750605e-05]
MAR09391	[8.4310167750605e-05]
MAR09392	[8.4310167750605e-05]
MAR09393	[8.4310167750605e-05]
MAR09394	[8.4310167750605e-05]
MAR09395	[8.4310167750605e-05]
MAR09396	[8.4310167750605e-05]
MAR09397	[8.4310167750605e-05]
MAR09398	[8.4310167750605e-05]
MAR09399	[8.4310167750605e-05]
MAR09400	[8.4310167750605e-05]
MAR09401	[8.4310167750605e-05]
MAR09404	[8.4310167750605e-05]
MAR09405	[8.4310167750605e-05]
MAR09406	[8.4310167750605e-05]
MAR09407	[8.4310167750605e-05]
MAR09408	[8.4310167750605e-05]
MAR09409	[8.4310167750605e-05]
MAR09410	[8.4310167750605e-05]
MAR09411	[8.4310167750605e-05]
MAR09412	[8.4310167750605e-05]
MAR09413	[8.4310167750605e-05]
MAR09414	[8.4310167750605e-05]
MAR09415	[8.4310167750605e-05]
MAR09416	[8.4310167750605e-05]
MAR09417	[8.4310167750605e-05]
MAR09418	[8.4310167750605e-05]
MAR09419	[8.4310167750605e-05]
MAR09420	[8.4310167750605e-05]
MAR09421	[8.4310167750605e-05]
MAR09422	[8.4310167750605e-05]
MAR09423	[8.4310167750605e-05]
MAR09424	[8.4310167750605e-05]
MAR09425	[8.4310167750605e-05]
MAR09426	[8.4310167750605e-05]
MAR09427	[8.4310167750605e-05]
MAR09428	[8.4310167750605e-05]
MAR09429	[8.4310167750605e-05]
MAR09430	[8.4310167750605e-05]
MAR09431	[8.4310167750605e-05]
MAR09432	[8.4310167750605e-05]
MAR09433	[8.4310167750605e-05]
MAR09434	[8.4310167750605e-05]
MAR09435	[8.4310167750605e-05]
MAR09436	[8.4310167750605e-05]
MAR09437	[8.4310167750605e-05]
MAR09438	[8.4310167750605e-05]
MAR09439	[8.4310167750605e-05]
MAR09440	[8.4310167750605e-05]
MAR09441	[8.4310167750605e-05]
MAR09442	[8.4310167750605e-05]
MAR09443	[8.4310167750605e-05]
MAR09444	[8.4310167750605e-05]
MAR09445	[8.4310167750605e-05]
MAR09446	[8.4310167750605e-05]
MAR09447	[8.4310167750605e-05]
MAR09448	[8.4310167750605e-05]
MAR09449	[8.4310167750605e-05]
MAR09450	[8.4310167750605e-05]
MAR09451	[8.4310167750605e-05]
MAR09452	[8.4310167750605e-05]
MAR09453	[8.4310167750605e-05]
MAR09454	[8.4310167750605e-05]
MAR09455	[8.4310167750605e-05]
MAR09456	[8.4310167750605e-05]
MAR09457	[8.4310167750605e-05]
MAR09458	[8.4310167750605e-05]
MAR09460	[8.4310167750605e-05]
MAR09461	[8.4310167750605e-05]
MAR09462	[8.4310167750605e-05]
MAR09463	[8.4310167750605e-05]
MAR09681	[8.4310167750605e-05]
MAR09682	[8.4310167750605e-05]
MAR09683	[8.4310167750605e-05]
MAR09684	[8.4310167750605e-05]
MAR09685	[8.4310167750605e-05]
MAR09686	[8.4310167750605e-05]
MAR09687	[8.4310167750605e-05]
MAR09688	[8.4310167750605e-05]
MAR09689	[8.4310167750605e-05]
MAR09690	[8.4310167750605e-05]
MAR09691	[8.4310167750605e-05]
MAR09692	[8.4310167750605e-05]
MAR09693	[8.4310167750605e-05]
MAR09694	[8.4310167750605e-05]
MAR09695	[8.4310167750605e-05]
MAR09696	[8.4310167750605e-05]
MAR09697	[8.4310167750605e-05]
MAR09698	[8.4310167750605e-05]
MAR09699	[8.4310167750605e-05]
MAR09700	[8.4310167750605e-05]
MAR09701	[8.4310167750605e-05]
MAR09702	[8.4310167750605e-05]
MAR09703	[8.4310167750605e-05]
MAR09704	[8.4310167750605e-05]
MAR09705	[8.4310167750605e-05]
MAR09706	[8.4310167750605e-05]
MAR09707	[8.4310167750605e-05]
MAR09708	[8.4310167750605e-05]
MAR09709	[8.4310167750605e-05]
MAR09710	[8.4310167750605e-05]
MAR09711	[8.4310167750605e-05]
MAR09712	[8.4310167750605e-05]
MAR09713	[8.4310167750605e-05]
MAR09714	[8.4310167750605e-05]
MAR09715	[8.4310167750605e-05]
MAR09721	[8.4310167750605e-05]
MAR09729	[8.4310167750605e-05]
MAR09730	[8.4310167750605e-05]
MAR09725	[8.4310167750605e-05]
MAR00031	[np.float64(6.713308228060648e-05)]
MAR00021	[8.4310167750605e-05]
MAR00022	[8.4310167750605e-05]
MAR00023	[8.4310167750605e-05]
MAR00033	[8.4310167750605e-05]
MAR00034	[8.4310167750605e-05]
MAR00035	[8.4310167750605e-05]
MAR00036	[8.4310167750605e-05]
MAR00037	[8.4310167750605e-05]
MAR00038	[8.4310167750605e-05]
MAR00040	[8.4310167750605e-05]
MAR00041	[8.4310167750605e-05]
MAR00043	[np.float64(6.713308228060648e-05)]
MAR00044	[8.4310167750605e-05]
MAR00045	[8.4310167750605e-05]
MAR00046	[np.float64(6.713308228060648e-05)]
MAR00047	[8.4310167750605e-05]
MAR00048	[8.4310167750605e-05]
MAR00049	[8.4310167750605e-05]
MAR00050	[np.float64(6.713308228060648e-05)]
MAR00051	[np.float64(6.713308228060648e-05)]
MAR00052	[0.004214386547489437]
MAR00053	[np.float64(6.713308228060648e-05)]
MAR00054	[8.4310167750605e-05]
MAR00055	[np.float64(6.713308228060648e-05)]
MAR00056	[8.4310167750605e-05]
MAR00057	[np.float64(6.713308228060648e-05)]
MAR00058	[0.00906218291663845]
MAR00060	[np.float64(6.713308228060648e-05)]
MAR00061	[8.4310167750605e-05]
MAR00062	[np.float64(6.713308228060648e-05)]
MAR00063	[8.4310167750605e-05]
MAR00064	[np.float64(6.713308228060648e-05)]
MAR00065	[0.004214386547489437]
MAR00066	[np.float64(6.713308228060648e-05)]
MAR00067	[np.float64(6.713308228060648e-05)]
MAR00068	[np.float64(6.713308228060648e-05)]
MAR00069	[8.4310167750605e-05]
MAR00070	[8.4310167750605e-05]
MAR00071	[8.4310167750605e-05]
MAR00072	[2.9037379183842352e-05]
MAR00073	[8.4310167750605e-05]
MAR00074	[8.4310167750605e-05]
MAR00075	[8.4310167750605e-05]
MAR00076	[np.float64(6.713308228060648e-05)]
MAR00077	[8.4310167750605e-05]
MAR00078	[8.4310167750605e-05]
MAR00079	[np.float64(6.713308228060648e-05)]
MAR00080	[2.9037379183842352e-05]
MAR00081	[np.float64(6.713308228060648e-05)]
MAR00082	[np.float64(6.713308228060648e-05)]
MAR00083	[0.005078061572815832]
MAR00084	[0.005078061572815832]
MAR00085	[0.005078061572815832]
MAR00086	[np.float64(6.713308228060648e-05)]
MAR00087	[0.00906218291663845]
MAR00088	[np.float64(6.713308228060648e-05)]
MAR00089	[8.4310167750605e-05]
MAR00090	[8.4310167750605e-05]
MAR00091	[8.276259811459243e-05]
MAR00092	[np.float64(6.713308228060648e-05)]
MAR00093	[3.018719623960039e-05]
MAR00094	[np.float64(6.713308228060648e-05)]
MAR00095	[0.00906218291663845]
MAR00097	[3.018719623960039e-05]
MAR00098	[8.4310167750605e-05]
MAR00099	[8.4310167750605e-05]
MAR00100	[8.4310167750605e-05]
MAR00101	[np.float64(6.713308228060648e-05)]
MAR00102	[np.float64(6.713308228060648e-05)]
MAR00103	[np.float64(6.713308228060648e-05)]
MAR00104	[np.float64(6.713308228060648e-05)]
MAR00105	[np.float64(6.713308228060648e-05)]
MAR00106	[np.float64(6.713308228060648e-05)]
MAR00107	[np.float64(6.713308228060648e-05)]
MAR00108	[np.float64(6.713308228060648e-05)]
MAR00109	[np.float64(6.713308228060648e-05)]
MAR00110	[np.float64(6.713308228060648e-05)]
MAR00111	[np.float64(6.713308228060648e-05)]
MAR00112	[8.4310167750605e-05]
MAR00113	[np.float64(6.713308228060648e-05)]
MAR00114	[np.float64(6.713308228060648e-05)]
MAR00115	[np.float64(6.713308228060648e-05)]
MAR00116	[np.float64(6.713308228060648e-05)]
MAR00117	[np.float64(6.713308228060648e-05)]
MAR00118	[np.float64(6.713308228060648e-05)]
MAR00119	[np.float64(6.713308228060648e-05)]
MAR00120	[8.4310167750605e-05]
MAR00121	[np.float64(6.713308228060648e-05)]
MAR00122	[np.float64(6.713308228060648e-05)]
MAR00123	[8.4310167750605e-05]
MAR00124	[np.float64(6.713308228060648e-05)]
MAR00125	[np.float64(6.713308228060648e-05)]
MAR00126	[np.float64(6.713308228060648e-05)]
MAR00127	[8.4310167750605e-05]
MAR00128	[np.float64(6.713308228060648e-05)]
MAR00129	[np.float64(6.713308228060648e-05)]
MAR00130	[8.4310167750605e-05]
MAR00131	[np.float64(6.713308228060648e-05)]
MAR00132	[8.4310167750605e-05]
MAR00133	[np.float64(6.713308228060648e-05)]
MAR00134	[np.float64(6.713308228060648e-05)]
MAR00135	[8.4310167750605e-05]
MAR00136	[8.4310167750605e-05]
MAR00137	[np.float64(6.713308228060648e-05)]
MAR00138	[8.4310167750605e-05]
MAR00139	[np.float64(6.713308228060648e-05)]
MAR00140	[8.4310167750605e-05]
MAR00141	[np.float64(6.713308228060648e-05)]
MAR00142	[8.4310167750605e-05]
MAR00143	[np.float64(6.713308228060648e-05)]
MAR00144	[2.9037379183842352e-05]
MAR00145	[np.float64(6.713308228060648e-05)]
MAR00146	[2.9037379183842352e-05]
MAR00147	[2.9037379183842352e-05]
MAR00148	[2.9037379183842352e-05]
MAR00149	[np.float64(6.713308228060648e-05)]
MAR00150	[np.float64(6.713308228060648e-05)]
MAR00151	[np.float64(6.713308228060648e-05)]
MAR00152	[np.float64(6.713308228060648e-05)]
MAR00181	[np.float64(6.713308228060648e-05)]
MAR00186	[np.float64(6.713308228060648e-05)]
MAR00205	[8.4310167750605e-05]
MAR00218	[8.4310167750605e-05]
MAR00219	[8.4310167750605e-05]
MAR00220	[8.4310167750605e-05]
MAR00221	[8.4310167750605e-05]
MAR00222	[3.7984325592705935e-05]
MAR00227	[3.491738203590861e-05]
MAR00228	[3.491738203590861e-05]
MAR00229	[8.4310167750605e-05]
MAR00251	[8.4310167750605e-05]
MAR00252	[np.float64(6.713308228060648e-05)]
MAR00285	[np.float64(6.713308228060648e-05)]
MAR00286	[8.4310167750605e-05]
MAR00315	[8.4310167750605e-05]
MAR00316	[8.4310167750605e-05]
MAR00333	[8.4310167750605e-05]
MAR00334	[0.004214386547489437]
MAR00441	[np.float64(6.713308228060648e-05)]
MAR00442	[0.00906218291663845]
MAR00443	[3.8660052292240714e-05]
MAR00447	[8.4310167750605e-05]
MAR00451	[np.float64(6.713308228060648e-05)]
MAR00452	[np.float64(6.713308228060648e-05)]
MAR00455	[np.float64(6.713308228060648e-05)]
MAR00465	[np.float64(6.713308228060648e-05)]
MAR00471	[np.float64(6.713308228060648e-05)]
MAR00472	[np.float64(6.713308228060648e-05)]
MAR00473	[8.4310167750605e-05]
MAR00474	[8.4310167750605e-05]
MAR00475	[8.4310167750605e-05]
MAR00480	[8.4310167750605e-05]
MAR00485	[8.4310167750605e-05]
MAR00554	[8.4310167750605e-05]
MAR00564	[8.4310167750605e-05]
MAR00565	[8.4310167750605e-05]
MAR00566	[8.4310167750605e-05]
MAR00567	[8.4310167750605e-05]
MAR00568	[8.4310167750605e-05]
MAR00569	[8.4310167750605e-05]
MAR00570	[8.4310167750605e-05]
MAR00571	[8.4310167750605e-05]
MAR00572	[8.4310167750605e-05]
MAR00573	[8.4310167750605e-05]
MAR00574	[8.4310167750605e-05]
MAR00575	[8.4310167750605e-05]
MAR00576	[8.4310167750605e-05]
MAR00577	[8.4310167750605e-05]
MAR00583	[8.4310167750605e-05]
MAR00585	[8.4310167750605e-05]
MAR00595	[8.4310167750605e-05]
MAR00603	[8.4310167750605e-05]
MAR00606	[8.4310167750605e-05]
MAR00608	[8.4310167750605e-05]
MAR00609	[8.4310167750605e-05]
MAR00611	[8.4310167750605e-05]
MAR00617	[8.4310167750605e-05]
MAR00618	[8.4310167750605e-05]
MAR00619	[8.4310167750605e-05]
MAR00620	[8.4310167750605e-05]
MAR00621	[8.4310167750605e-05]
MAR00624	[8.4310167750605e-05]
MAR00626	[8.4310167750605e-05]
MAR00628	[8.4310167750605e-05]
MAR00631	[8.4310167750605e-05]
MAR00637	[8.4310167750605e-05]
MAR00639	[8.4310167750605e-05]
MAR00650	[8.4310167750605e-05]
MAR00655	[8.4310167750605e-05]
MAR00656	[8.4310167750605e-05]
MAR00658	[8.4310167750605e-05]
MAR00661	[8.4310167750605e-05]
MAR00662	[8.4310167750605e-05]
MAR00666	[8.4310167750605e-05]
MAR00693	[8.4310167750605e-05]
MAR00694	[8.4310167750605e-05]
MAR00695	[8.4310167750605e-05]
MAR00696	[8.4310167750605e-05]
MAR00697	[8.4310167750605e-05]
MAR00698	[8.4310167750605e-05]
MAR00699	[8.4310167750605e-05]
MAR00700	[8.4310167750605e-05]
MAR00701	[8.4310167750605e-05]
MAR00702	[8.4310167750605e-05]
MAR00704	[8.4310167750605e-05]
MAR00711	[8.4310167750605e-05]
MAR00714	[8.4310167750605e-05]
MAR00720	[8.4310167750605e-05]
MAR00721	[8.4310167750605e-05]
MAR00722	[8.4310167750605e-05]
MAR00723	[0.007356830038341962]
MAR00724	[0.007356830038341962]
MAR00725	[0.007356830038341962]
MAR00726	[0.007356830038341962]
MAR00727	[8.4310167750605e-05]
MAR00728	[8.4310167750605e-05]
MAR00729	[0.007356830038341962]
MAR00737	[np.float64(6.713308228060648e-05)]
MAR00739	[np.float64(6.713308228060648e-05)]
MAR00742	[0.006935796717097496]
MAR00743	[np.float64(6.713308228060648e-05)]
MAR00745	[np.float64(6.713308228060648e-05)]
MAR00747	[np.float64(6.713308228060648e-05)]
MAR00749	[np.float64(6.713308228060648e-05)]
MAR00751	[np.float64(6.713308228060648e-05)]
MAR00752	[np.float64(6.713308228060648e-05)]
MAR00755	[np.float64(6.713308228060648e-05)]
MAR00756	[np.float64(6.713308228060648e-05)]
MAR00757	[np.float64(6.713308228060648e-05)]
MAR00759	[np.float64(6.713308228060648e-05)]
MAR00764	[np.float64(6.713308228060648e-05)]
MAR00772	[np.float64(6.713308228060648e-05)]
MAR00774	[np.float64(6.713308228060648e-05)]
MAR00776	[np.float64(6.713308228060648e-05)]
MAR00777	[np.float64(6.713308228060648e-05)]
MAR00778	[np.float64(6.713308228060648e-05)]
MAR00780	[np.float64(6.713308228060648e-05)]
MAR00784	[np.float64(6.713308228060648e-05)]
MAR00785	[np.float64(6.713308228060648e-05)]
MAR00788	[np.float64(6.713308228060648e-05)]
MAR00799	[np.float64(6.713308228060648e-05)]
MAR00800	[np.float64(6.713308228060648e-05)]
MAR00818	[np.float64(6.713308228060648e-05)]
MAR00833	[np.float64(6.713308228060648e-05)]
MAR00869	[np.float64(6.713308228060648e-05)]
MAR00872	[np.float64(6.713308228060648e-05)]
MAR00874	[np.float64(6.713308228060648e-05)]
MAR00916	[np.float64(6.713308228060648e-05)]
MAR00922	[np.float64(6.713308228060648e-05)]
MAR00923	[np.float64(6.713308228060648e-05)]
MAR00927	[np.float64(6.713308228060648e-05)]
MAR00930	[np.float64(6.713308228060648e-05)]
MAR00952	[np.float64(6.713308228060648e-05)]
MAR00968	[np.float64(6.713308228060648e-05)]
MAR00970	[np.float64(6.713308228060648e-05)]
MAR00972	[np.float64(6.713308228060648e-05)]
MAR00974	[np.float64(6.713308228060648e-05)]
MAR00975	[np.float64(6.713308228060648e-05)]
MAR00977	[np.float64(6.713308228060648e-05)]
MAR00978	[np.float64(6.713308228060648e-05)]
MAR00982	[np.float64(6.713308228060648e-05)]
MAR01001	[np.float64(6.713308228060648e-05)]
MAR01005	[np.float64(6.713308228060648e-05)]
MAR01012	[8.4310167750605e-05]
MAR01019	[8.4310167750605e-05]
MAR01024	[8.4310167750605e-05]
MAR01031	[8.4310167750605e-05]
MAR01032	[8.4310167750605e-05]
MAR01036	[3.216462933622003e-05]
MAR01038	[0.007346789452025403]
MAR01044	[np.float64(6.713308228060648e-05)]
MAR01046	[8.4310167750605e-05]
MAR01047	[np.float64(6.713308228060648e-05)]
MAR01051	[8.4310167750605e-05]
MAR01052	[8.4310167750605e-05]
MAR01056	[8.4310167750605e-05]
MAR01060	[8.4310167750605e-05]
MAR01076	[8.4310167750605e-05]
MAR01078	[8.4310167750605e-05]
MAR01083	[np.float64(6.713308228060648e-05)]
MAR01118	[0.004648802588729832]
MAR01141	[0.0059643768572906234]
MAR01169	[np.float64(6.713308228060648e-05)]
MAR01314	[0.00906218291663845]
MAR01340	[8.4310167750605e-05]
MAR01348	[8.4310167750605e-05]
MAR01349	[8.4310167750605e-05]
MAR01351	[8.4310167750605e-05]
MAR01353	[np.float64(6.713308228060648e-05)]
MAR01354	[8.4310167750605e-05]
MAR01368	[8.4310167750605e-05]
MAR01369	[8.4310167750605e-05]
MAR01371	[3.818778067594408e-05]
MAR01372	[np.float64(6.713308228060648e-05)]
MAR01377	[8.4310167750605e-05]
MAR01378	[0.00906218291663845]
MAR01380	[np.float64(6.713308228060648e-05)]
MAR01381	[8.4310167750605e-05]
MAR01385	[8.4310167750605e-05]
MAR01386	[np.float64(6.713308228060648e-05)]
MAR01396	[0.00906218291663845]
MAR01397	[np.float64(6.713308228060648e-05)]
MAR01399	[np.float64(6.713308228060648e-05)]
MAR01400	[np.float64(6.713308228060648e-05)]
MAR01435	[8.4310167750605e-05]
MAR01438	[8.4310167750605e-05]
MAR01439	[np.float64(6.713308228060648e-05)]
MAR01441	[np.float64(6.713308228060648e-05)]
MAR01442	[0.004214386547489437]
MAR01444	[0.006935796717097496]
MAR01446	[np.float64(6.713308228060648e-05)]
MAR01447	[8.4310167750605e-05]
MAR01449	[np.float64(6.713308228060648e-05)]
MAR01450	[np.float64(6.713308228060648e-05)]
MAR01452	[np.float64(6.713308228060648e-05)]
MAR01453	[2.9037379183842352e-05]
MAR01455	[8.4310167750605e-05]
MAR01456	[np.float64(6.713308228060648e-05)]
MAR01461	[8.4310167750605e-05]
MAR01462	[8.4310167750605e-05]
MAR01463	[np.float64(6.713308228060648e-05)]
MAR01464	[8.4310167750605e-05]
MAR01466	[np.float64(6.713308228060648e-05)]
MAR01468	[np.float64(6.713308228060648e-05)]
MAR01469	[8.4310167750605e-05]
MAR01471	[8.4310167750605e-05]
MAR01472	[np.float64(6.713308228060648e-05)]
MAR01474	[np.float64(6.713308228060648e-05)]
MAR01475	[np.float64(6.713308228060648e-05)]
MAR01476	[8.4310167750605e-05]
MAR01480	[8.4310167750605e-05]
MAR01481	[np.float64(6.713308228060648e-05)]
MAR01482	[np.float64(6.713308228060648e-05)]
MAR01485	[0.00906218291663845]
MAR01486	[np.float64(6.713308228060648e-05)]
MAR01487	[np.float64(6.713308228060648e-05)]
MAR01488	[np.float64(6.713308228060648e-05)]
MAR01489	[np.float64(6.713308228060648e-05)]
MAR01491	[np.float64(6.713308228060648e-05)]
MAR01492	[np.float64(6.713308228060648e-05)]
MAR01497	[0.00906218291663845]
MAR01498	[np.float64(6.713308228060648e-05)]
MAR01499	[8.4310167750605e-05]
MAR01501	[np.float64(6.713308228060648e-05)]
MAR01506	[8.4310167750605e-05]
MAR01507	[8.4310167750605e-05]
MAR01508	[np.float64(6.713308228060648e-05)]
MAR01510	[np.float64(6.713308228060648e-05)]
MAR01511	[np.float64(6.713308228060648e-05)]
MAR01513	[np.float64(6.713308228060648e-05)]
MAR01514	[8.4310167750605e-05]
MAR01517	[np.float64(6.713308228060648e-05)]
MAR01518	[8.4310167750605e-05]
MAR01520	[np.float64(6.713308228060648e-05)]
MAR01521	[np.float64(6.713308228060648e-05)]
MAR01522	[np.float64(6.713308228060648e-05)]
MAR01523	[np.float64(6.713308228060648e-05)]
MAR01524	[np.float64(6.713308228060648e-05)]
MAR01525	[0.00906218291663845]
MAR01527	[np.float64(6.713308228060648e-05)]
MAR01528	[np.float64(6.713308228060648e-05)]
MAR01529	[np.float64(6.713308228060648e-05)]
MAR01534	[0.0059643768572906234]
MAR01537	[8.4310167750605e-05]
MAR01541	[8.4310167750605e-05]
MAR01542	[np.float64(6.713308228060648e-05)]
MAR01554	[0.006935796717097496]
MAR01555	[0.004214386547489437]
MAR01556	[np.float64(6.713308228060648e-05)]
MAR01559	[np.float64(6.713308228060648e-05)]
MAR01560	[0.00906218291663845]
MAR01561	[8.4310167750605e-05]
MAR01562	[8.4310167750605e-05]
MAR01563	[8.4310167750605e-05]
MAR01564	[8.4310167750605e-05]
MAR01566	[8.4310167750605e-05]
MAR01567	[0.004648802588729832]
MAR01569	[0.004710908773887676]
MAR01571	[0.00906218291663845]
MAR01574	[0.006907934860084768]
MAR01575	[8.4310167750605e-05]
MAR01578	[8.4310167750605e-05]
MAR01579	[8.4310167750605e-05]
MAR01580	[8.4310167750605e-05]
MAR01582	[8.4310167750605e-05]
MAR01583	[0.00906218291663845]
MAR01586	[0.0043702273628809275]
MAR01587	[8.4310167750605e-05]
MAR01588	[np.float64(6.713308228060648e-05)]
MAR01591	[8.4310167750605e-05]
MAR01594	[0.004710908773887676]
MAR01596	[0.004710908773887676]
MAR01597	[8.4310167750605e-05]
MAR01600	[np.float64(6.713308228060648e-05)]
MAR01601	[8.4310167750605e-05]
MAR01603	[np.float64(6.713308228060648e-05)]
MAR01606	[np.float64(6.713308228060648e-05)]
MAR01607	[8.4310167750605e-05]
MAR01612	[np.float64(6.713308228060648e-05)]
MAR01615	[np.float64(6.713308228060648e-05)]
MAR01616	[3.092916008544024e-05]
MAR01618	[np.float64(6.713308228060648e-05)]
MAR01621	[8.4310167750605e-05]
MAR01626	[8.4310167750605e-05]
MAR01628	[np.float64(6.713308228060648e-05)]
MAR01633	[8.4310167750605e-05]
MAR01634	[np.float64(6.713308228060648e-05)]
MAR01636	[np.float64(6.713308228060648e-05)]
MAR01640	[8.4310167750605e-05]
MAR01641	[8.4310167750605e-05]
MAR01643	[np.float64(6.713308228060648e-05)]
MAR01645	[8.4310167750605e-05]
MAR01647	[8.4310167750605e-05]
MAR01648	[8.4310167750605e-05]
MAR01649	[2.981544453351819e-05]
MAR01650	[np.float64(6.713308228060648e-05)]
MAR01654	[8.4310167750605e-05]
MAR01655	[np.float64(6.713308228060648e-05)]
MAR01657	[8.4310167750605e-05]
MAR01658	[np.float64(6.713308228060648e-05)]
MAR01661	[0.004710908773887676]
MAR01664	[0.004710908773887676]
MAR01669	[8.4310167750605e-05]
MAR01671	[np.float64(6.713308228060648e-05)]
MAR01674	[np.float64(6.713308228060648e-05)]
MAR01675	[np.float64(6.713308228060648e-05)]
MAR01677	[np.float64(6.713308228060648e-05)]
MAR01680	[8.4310167750605e-05]
MAR01683	[8.4310167750605e-05]
MAR01686	[8.4310167750605e-05]
MAR01688	[8.4310167750605e-05]
MAR01690	[np.float64(6.713308228060648e-05)]
MAR01698	[8.4310167750605e-05]
MAR01705	[8.4310167750605e-05]
MAR01707	[8.4310167750605e-05]
MAR01711	[np.float64(6.713308228060648e-05)]
MAR01712	[8.4310167750605e-05]
MAR01713	[0.00906218291663845]
MAR01714	[np.float64(6.713308228060648e-05)]
MAR01715	[np.float64(6.713308228060648e-05)]
MAR01719	[8.4310167750605e-05]
MAR01721	[np.float64(6.713308228060648e-05)]
MAR01724	[8.4310167750605e-05]
MAR01728	[8.4310167750605e-05]
MAR01731	[8.4310167750605e-05]
MAR01732	[8.4310167750605e-05]
MAR01733	[8.4310167750605e-05]
MAR01734	[8.4310167750605e-05]
MAR01736	[np.float64(6.713308228060648e-05)]
MAR01755	[np.float64(6.713308228060648e-05)]
MAR01757	[np.float64(6.713308228060648e-05)]
MAR01763	[np.float64(6.713308228060648e-05)]
MAR01773	[np.float64(6.713308228060648e-05)]
MAR01775	[np.float64(6.713308228060648e-05)]
MAR01779	[8.4310167750605e-05]
MAR01780	[np.float64(6.713308228060648e-05)]
MAR01782	[np.float64(6.713308228060648e-05)]
MAR01791	[8.4310167750605e-05]
MAR01793	[np.float64(6.713308228060648e-05)]
MAR01795	[8.4310167750605e-05]
MAR01799	[np.float64(6.713308228060648e-05)]
MAR01801	[3.8660052292240714e-05]
MAR01808	[3.8660052292240714e-05]
MAR01812	[8.4310167750605e-05]
MAR01814	[np.float64(6.713308228060648e-05)]
MAR01816	[0.00906218291663845]
MAR01818	[np.float64(6.713308228060648e-05)]
MAR01820	[0.007610041142847916]
MAR01821	[8.4310167750605e-05]
MAR01822	[8.4310167750605e-05]
MAR01824	[8.4310167750605e-05]
MAR01825	[8.4310167750605e-05]
MAR01826	[8.4310167750605e-05]
MAR01827	[8.4310167750605e-05]
MAR01828	[8.4310167750605e-05]
MAR01829	[8.4310167750605e-05]
MAR01849	[8.4310167750605e-05]
MAR01851	[8.4310167750605e-05]
MAR01856	[8.4310167750605e-05]
MAR01858	[8.4310167750605e-05]
MAR01860	[8.4310167750605e-05]
MAR01869	[8.4310167750605e-05]
MAR01871	[8.4310167750605e-05]
MAR01873	[8.4310167750605e-05]
MAR01912	[8.4310167750605e-05]
MAR01918	[8.4310167750605e-05]
MAR01921	[8.4310167750605e-05]
MAR01922	[8.4310167750605e-05]
MAR01923	[8.4310167750605e-05]
MAR01938	[8.4310167750605e-05]
MAR01939	[8.4310167750605e-05]
MAR01946	[8.4310167750605e-05]
MAR01947	[8.4310167750605e-05]
MAR01954	[8.4310167750605e-05]
MAR01955	[8.4310167750605e-05]
MAR01956	[8.4310167750605e-05]
MAR01957	[8.4310167750605e-05]
MAR01961	[8.4310167750605e-05]
MAR01964	[8.4310167750605e-05]
MAR01965	[8.4310167750605e-05]
MAR01966	[8.4310167750605e-05]
MAR01972	[8.4310167750605e-05]
MAR01975	[8.4310167750605e-05]
MAR01984	[8.4310167750605e-05]
MAR01986	[8.4310167750605e-05]
MAR02021	[0.00906218291663845]
MAR02023	[np.float64(6.713308228060648e-05)]
MAR02026	[np.float64(6.713308228060648e-05)]
MAR02028	[np.float64(6.713308228060648e-05)]
MAR02119	[0.006935796717097496]
MAR02120	[3.7984325592705935e-05]
MAR02121	[np.float64(6.713308228060648e-05)]
MAR02122	[np.float64(6.713308228060648e-05)]
MAR02123	[np.float64(6.713308228060648e-05)]
MAR02124	[np.float64(6.713308228060648e-05)]
MAR02125	[np.float64(6.713308228060648e-05)]
MAR02126	[2.9037379183842352e-05]
MAR02128	[2.9037379183842352e-05]
MAR02146	[8.4310167750605e-05]
MAR02147	[np.float64(6.713308228060648e-05)]
MAR02148	[np.float64(6.713308228060648e-05)]
MAR02149	[np.float64(6.713308228060648e-05)]
MAR02183	[np.float64(6.713308228060648e-05)]
MAR02184	[np.float64(6.713308228060648e-05)]
MAR02186	[0.00906218291663845]
MAR02187	[np.float64(6.713308228060648e-05)]
MAR02188	[np.float64(6.713308228060648e-05)]
MAR02189	[np.float64(6.713308228060648e-05)]
MAR02192	[np.float64(6.713308228060648e-05)]
MAR02195	[np.float64(6.713308228060648e-05)]
MAR02196	[np.float64(6.713308228060648e-05)]
MAR02197	[np.float64(6.713308228060648e-05)]
MAR02198	[np.float64(6.713308228060648e-05)]
MAR02200	[np.float64(6.713308228060648e-05)]
MAR02206	[3.7984325592705935e-05]
MAR02207	[np.float64(6.713308228060648e-05)]
MAR02216	[np.float64(6.713308228060648e-05)]
MAR02220	[np.float64(6.713308228060648e-05)]
MAR02221	[0.006287108860154966]
MAR02222	[8.4310167750605e-05]
MAR02223	[8.4310167750605e-05]
MAR02224	[8.4310167750605e-05]
MAR02225	[8.4310167750605e-05]
MAR02226	[0.007610041142847916]
MAR02271	[0.004838693442620365]
MAR02272	[np.float64(6.713308228060648e-05)]
MAR02273	[8.4310167750605e-05]
MAR02274	[8.4310167750605e-05]
MAR02275	[8.4310167750605e-05]
MAR02278	[8.4310167750605e-05]
MAR02279	[8.4310167750605e-05]
MAR02280	[8.4310167750605e-05]
MAR02283	[8.4310167750605e-05]
MAR02285	[8.4310167750605e-05]
MAR02290	[8.4310167750605e-05]
MAR02291	[8.4310167750605e-05]
MAR02297	[8.4310167750605e-05]
MAR02298	[8.4310167750605e-05]
MAR02299	[8.4310167750605e-05]
MAR02300	[8.4310167750605e-05]
MAR02301	[np.float64(6.713308228060648e-05)]
MAR02302	[8.4310167750605e-05]
MAR02303	[np.float64(6.713308228060648e-05)]
MAR02304	[8.4310167750605e-05]
MAR02306	[np.float64(6.713308228060648e-05)]
MAR02308	[np.float64(6.713308228060648e-05)]
MAR02310	[4.6630363117873754e-05]
MAR02312	[4.6630363117873754e-05]
MAR02313	[4.6630363117873754e-05]
MAR02314	[4.6630363117873754e-05]
MAR02316	[8.4310167750605e-05]
MAR02318	[8.4310167750605e-05]
MAR02320	[8.4310167750605e-05]
MAR02322	[np.float64(6.713308228060648e-05)]
MAR02323	[3.216462933622003e-05]
MAR02325	[3.216462933622003e-05]
MAR02327	[3.216462933622003e-05]
MAR02329	[0.007356830038341962]
MAR02331	[8.4310167750605e-05]
MAR02333	[8.4310167750605e-05]
MAR02335	[8.4310167750605e-05]
MAR02337	[3.7984325592705935e-05]
MAR02339	[3.8660052292240714e-05]
MAR02340	[8.4310167750605e-05]
MAR02341	[np.float64(6.713308228060648e-05)]
MAR02346	[8.4310167750605e-05]
MAR02351	[np.float64(6.713308228060648e-05)]
MAR02352	[2.9037379183842352e-05]
MAR02357	[2.9037379183842352e-05]
MAR02360	[8.4310167750605e-05]
MAR02375	[8.4310167750605e-05]
MAR02377	[8.4310167750605e-05]
MAR02379	[8.4310167750605e-05]
MAR02381	[np.float64(6.713308228060648e-05)]
MAR02382	[8.4310167750605e-05]
MAR02385	[0.0043702273628809275]
MAR02386	[0.0043702273628809275]
MAR02388	[np.float64(6.713308228060648e-05)]
MAR02396	[0.00906218291663845]
MAR02398	[0.00906218291663845]
MAR02400	[0.00906218291663845]
MAR02402	[0.004710908773887676]
MAR02404	[0.00906218291663845]
MAR02405	[np.float64(6.713308228060648e-05)]
MAR02406	[np.float64(6.713308228060648e-05)]
MAR02413	[np.float64(6.713308228060648e-05)]
MAR02414	[np.float64(6.713308228060648e-05)]
MAR02416	[np.float64(6.713308228060648e-05)]
MAR02418	[np.float64(6.713308228060648e-05)]
MAR02420	[np.float64(6.713308228060648e-05)]
MAR02422	[np.float64(6.713308228060648e-05)]
MAR02424	[np.float64(6.713308228060648e-05)]
MAR02425	[np.float64(6.713308228060648e-05)]
MAR02427	[8.4310167750605e-05]
MAR02429	[8.4310167750605e-05]
MAR02431	[8.4310167750605e-05]
MAR02432	[8.4310167750605e-05]
MAR02471	[8.4310167750605e-05]
MAR02473	[8.4310167750605e-05]
MAR02474	[8.4310167750605e-05]
MAR02476	[8.4310167750605e-05]
MAR02477	[8.4310167750605e-05]
MAR02479	[8.4310167750605e-05]
MAR02481	[8.4310167750605e-05]
MAR02483	[np.float64(6.713308228060648e-05)]
MAR02485	[np.float64(6.713308228060648e-05)]
MAR02487	[np.float64(6.713308228060648e-05)]
MAR02488	[np.float64(6.713308228060648e-05)]
MAR02492	[8.4310167750605e-05]
MAR02494	[np.float64(6.713308228060648e-05)]
MAR02496	[np.float64(6.713308228060648e-05)]
MAR02498	[np.float64(6.713308228060648e-05)]
MAR02500	[np.float64(6.713308228060648e-05)]
MAR02502	[np.float64(6.713308228060648e-05)]
MAR02504	[np.float64(6.713308228060648e-05)]
MAR02506	[np.float64(6.713308228060648e-05)]
MAR02507	[np.float64(6.713308228060648e-05)]
MAR02508	[np.float64(6.713308228060648e-05)]
MAR02519	[3.1549287183577916e-05]
MAR02521	[3.1549287183577916e-05]
MAR02523	[np.float64(6.713308228060648e-05)]
MAR02525	[np.float64(6.713308228060648e-05)]
MAR02527	[8.4310167750605e-05]
MAR02529	[0.00906218291663845]
MAR02531	[2.9037379183842352e-05]
MAR02536	[0.004648802588729832]
MAR02538	[0.004648802588729832]
MAR02539	[0.004648802588729832]
MAR02589	[0.004648802588729832]
MAR02595	[0.004648802588729832]
MAR02597	[0.004648802588729832]
MAR02615	[7.83259160877673e-05]
MAR02617	[np.float64(6.713308228060648e-05)]
MAR02619	[7.83259160877673e-05]
MAR02627	[np.float64(6.713308228060648e-05)]
MAR02628	[7.83259160877673e-05]
MAR02631	[np.float64(6.713308228060648e-05)]
MAR02632	[7.83259160877673e-05]
MAR02637	[np.float64(6.713308228060648e-05)]
MAR02639	[0.0064255080039279985]
MAR02641	[0.0064255080039279985]
MAR02643	[0.0064255080039279985]
MAR02645	[2.9037379183842352e-05]
MAR02647	[0.00906218291663845]
MAR02694	[2.9037379183842352e-05]
MAR02696	[0.00906218291663845]
MAR02698	[np.float64(6.713308228060648e-05)]
MAR02721	[8.4310167750605e-05]
MAR02723	[0.00906218291663845]
MAR02725	[0.004648802588729832]
MAR02728	[0.004648802588729832]
MAR02743	[0.004648802588729832]
MAR02747	[0.004648802588729832]
MAR02749	[0.004648802588729832]
MAR02751	[0.00906218291663845]
MAR02756	[0.004648802588729832]
MAR02763	[0.004648802588729832]
MAR02765	[np.float64(6.713308228060648e-05)]
MAR02767	[np.float64(6.713308228060648e-05)]
MAR02779	[8.4310167750605e-05]
MAR02781	[np.float64(6.713308228060648e-05)]
MAR02782	[8.4310167750605e-05]
MAR02784	[8.4310167750605e-05]
MAR02786	[4.6630363117873754e-05]
MAR02802	[4.6630363117873754e-05]
MAR02804	[np.float64(6.713308228060648e-05)]
MAR02808	[np.float64(6.713308228060648e-05)]
MAR02810	[np.float64(6.713308228060648e-05)]
MAR02818	[np.float64(6.713308228060648e-05)]
MAR02820	[8.4310167750605e-05]
MAR02826	[8.4310167750605e-05]
MAR02828	[8.4310167750605e-05]
MAR02858	[0.0059643768572906234]
MAR02860	[8.4310167750605e-05]
MAR02881	[0.0055600173574716395]
MAR02883	[8.4310167750605e-05]
MAR02885	[0.004648802588729832]
MAR02887	[8.4310167750605e-05]
MAR02889	[8.4310167750605e-05]
MAR02891	[0.004648802588729832]
MAR02893	[8.4310167750605e-05]
MAR02895	[8.4310167750605e-05]
MAR02933	[8.4310167750605e-05]
MAR02934	[8.4310167750605e-05]
MAR02935	[8.4310167750605e-05]
MAR02936	[8.4310167750605e-05]
MAR02937	[8.4310167750605e-05]
MAR02938	[8.4310167750605e-05]
MAR02939	[8.4310167750605e-05]
MAR02940	[np.float64(6.713308228060648e-05)]
MAR02941	[8.4310167750605e-05]
MAR02950	[np.float64(6.713308228060648e-05)]
MAR02953	[np.float64(6.713308228060648e-05)]
MAR02958	[np.float64(6.713308228060648e-05)]
MAR02960	[8.4310167750605e-05]
MAR02993	[8.4310167750605e-05]
MAR02995	[np.float64(6.713308228060648e-05)]
MAR02997	[np.float64(6.713308228060648e-05)]
MAR03004	[np.float64(6.713308228060648e-05)]
MAR03005	[0.00906218291663845]
MAR03006	[np.float64(6.713308228060648e-05)]
MAR03010	[np.float64(6.713308228060648e-05)]
MAR03012	[np.float64(6.713308228060648e-05)]
MAR03016	[8.4310167750605e-05]
MAR03031	[7.83259160877673e-05]
MAR03036	[8.4310167750605e-05]
MAR03038	[0.00906218291663845]
MAR03039	[8.4310167750605e-05]
MAR03040	[0.004648802588729832]
MAR03041	[8.4310167750605e-05]
MAR03042	[0.00906218291663845]
MAR03043	[0.0059643768572906234]
MAR03044	[np.float64(6.713308228060648e-05)]
MAR03045	[0.0059643768572906234]
MAR03046	[np.float64(6.713308228060648e-05)]
MAR03047	[8.4310167750605e-05]
MAR03048	[np.float64(6.713308228060648e-05)]
MAR03049	[8.4310167750605e-05]
MAR03050	[8.4310167750605e-05]
MAR03051	[np.float64(6.713308228060648e-05)]
MAR03052	[np.float64(6.713308228060648e-05)]
MAR03061	[3.491738203590861e-05]
MAR03119	[8.4310167750605e-05]
MAR03120	[8.4310167750605e-05]
MAR03124	[np.float64(6.713308228060648e-05)]
MAR03126	[8.4310167750605e-05]
MAR03127	[0.0064255080039279985]
MAR03131	[8.4310167750605e-05]
MAR03133	[8.4310167750605e-05]
MAR03134	[0.006287108860154966]
MAR03138	[8.4310167750605e-05]
MAR03140	[0.00906218291663845]
MAR03141	[2.9037379183842352e-05]
MAR03145	[0.00906218291663845]
MAR03147	[0.00906218291663845]
MAR03148	[2.9037379183842352e-05]
MAR03152	[0.00906218291663845]
MAR03154	[np.float64(6.713308228060648e-05)]
MAR03155	[np.float64(6.713308228060648e-05)]
MAR03159	[np.float64(6.713308228060648e-05)]
MAR03161	[np.float64(6.713308228060648e-05)]
MAR03162	[0.006935796717097496]
MAR03165	[np.float64(6.713308228060648e-05)]
MAR03167	[8.4310167750605e-05]
MAR03168	[8.4310167750605e-05]
MAR03169	[7.83259160877673e-05]
MAR03207	[np.float64(6.713308228060648e-05)]
MAR03209	[0.004648802588729832]
MAR03210	[8.4310167750605e-05]
MAR03214	[0.004648802588729832]
MAR03216	[8.4310167750605e-05]
MAR03217	[8.4310167750605e-05]
MAR03238	[8.4310167750605e-05]
MAR03248	[8.4310167750605e-05]
MAR03249	[8.4310167750605e-05]
MAR03251	[0.005870013361635331]
MAR03253	[0.005870013361635331]
MAR03255	[8.4310167750605e-05]
MAR03257	[0.00906218291663845]
MAR03259	[8.4310167750605e-05]
MAR03261	[8.4310167750605e-05]
MAR03263	[0.00906218291663845]
MAR03265	[8.4310167750605e-05]
MAR03266	[8.4310167750605e-05]
MAR03267	[8.4310167750605e-05]
MAR03268	[8.4310167750605e-05]
MAR03269	[2.9989555505679623e-05]
MAR03270	[np.float64(6.713308228060648e-05)]
MAR03271	[np.float64(6.713308228060648e-05)]
MAR03273	[4.6630363117873754e-05]
MAR03274	[4.6630363117873754e-05]
MAR03276	[np.float64(6.713308228060648e-05)]
MAR03289	[np.float64(6.713308228060648e-05)]
MAR03291	[np.float64(6.713308228060648e-05)]
MAR03295	[np.float64(6.713308228060648e-05)]
MAR03297	[2.9037379183842352e-05]
MAR03299	[np.float64(6.713308228060648e-05)]
MAR03300	[np.float64(6.713308228060648e-05)]
MAR03303	[np.float64(6.713308228060648e-05)]
MAR03308	[np.float64(6.713308228060648e-05)]
MAR03313	[np.float64(6.713308228060648e-05)]
MAR03318	[np.float64(6.713308228060648e-05)]
MAR03324	[8.4310167750605e-05]
MAR03325	[np.float64(6.713308228060648e-05)]
MAR03354	[np.float64(6.713308228060648e-05)]
MAR03366	[np.float64(6.713308228060648e-05)]
MAR03371	[np.float64(6.713308228060648e-05)]
MAR03374	[np.float64(6.713308228060648e-05)]
MAR03376	[np.float64(6.713308228060648e-05)]
MAR03377	[np.float64(6.713308228060648e-05)]
MAR03378	[np.float64(6.713308228060648e-05)]
MAR03379	[2.9037379183842352e-05]
MAR03380	[2.9989555505679623e-05]
MAR03381	[np.float64(6.713308228060648e-05)]
MAR03382	[8.4310167750605e-05]
MAR03383	[8.4310167750605e-05]
MAR03384	[np.float64(6.713308228060648e-05)]
MAR03385	[np.float64(6.713308228060648e-05)]
MAR03386	[np.float64(6.713308228060648e-05)]
MAR03387	[4.6630363117873754e-05]
MAR03388	[8.4310167750605e-05]
MAR03389	[np.float64(6.713308228060648e-05)]
MAR03390	[8.4310167750605e-05]
MAR03391	[2.9037379183842352e-05]
MAR03392	[8.4310167750605e-05]
MAR03393	[3.1549287183577916e-05]
MAR03394	[3.1549287183577916e-05]
MAR03395	[3.1549287183577916e-05]
MAR03399	[3.1549287183577916e-05]
MAR03400	[0.0055600173574716395]
MAR03401	[3.1549287183577916e-05]
MAR03402	[3.1549287183577916e-05]
MAR03403	[3.1549287183577916e-05]
MAR03404	[3.1549287183577916e-05]
MAR03405	[3.1549287183577916e-05]
MAR03410	[3.1549287183577916e-05]
MAR03412	[3.1549287183577916e-05]
MAR03415	[3.1549287183577916e-05]
MAR03417	[3.1549287183577916e-05]
MAR03418	[3.1549287183577916e-05]
MAR03419	[8.4310167750605e-05]
MAR03420	[np.float64(6.713308228060648e-05)]
MAR03434	[np.float64(6.713308228060648e-05)]
MAR03435	[8.4310167750605e-05]
MAR03436	[np.float64(6.713308228060648e-05)]
MAR03437	[8.4310167750605e-05]
MAR03438	[3.1549287183577916e-05]
MAR03439	[np.float64(6.713308228060648e-05)]
MAR03440	[3.1549287183577916e-05]
MAR03442	[3.1549287183577916e-05]
MAR03443	[3.1549287183577916e-05]
MAR03451	[3.1549287183577916e-05]
MAR03465	[3.1549287183577916e-05]
MAR03474	[3.1549287183577916e-05]
MAR03479	[3.1549287183577916e-05]
MAR03483	[np.float64(6.713308228060648e-05)]
MAR03485	[3.1549287183577916e-05]
MAR03487	[3.1549287183577916e-05]
MAR03490	[3.1549287183577916e-05]
MAR03492	[3.1549287183577916e-05]
MAR03494	[3.1549287183577916e-05]
MAR03495	[3.1549287183577916e-05]
MAR03496	[3.1549287183577916e-05]
MAR03497	[3.1549287183577916e-05]
MAR03499	[3.1549287183577916e-05]
MAR03500	[3.1549287183577916e-05]
MAR03502	[3.1549287183577916e-05]
MAR03504	[3.1549287183577916e-05]
MAR03507	[3.1549287183577916e-05]
MAR03516	[3.1549287183577916e-05]
MAR03518	[3.1549287183577916e-05]
MAR03535	[3.1549287183577916e-05]
MAR03536	[8.4310167750605e-05]
MAR03598	[8.4310167750605e-05]
MAR03599	[8.4310167750605e-05]
MAR03600	[0.004648802588729832]
MAR03601	[0.004648802588729832]
MAR03602	[0.004648802588729832]
MAR03603	[0.004648802588729832]
MAR03604	[3.1549287183577916e-05]
MAR03605	[3.1549287183577916e-05]
MAR03606	[3.1549287183577916e-05]
MAR03607	[3.1549287183577916e-05]
MAR03608	[3.1549287183577916e-05]
MAR03609	[3.1549287183577916e-05]
MAR03610	[3.1549287183577916e-05]
MAR03611	[3.1549287183577916e-05]
MAR03612	[3.1549287183577916e-05]
MAR03613	[0.00906218291663845]
MAR03614	[0.00906218291663845]
MAR03615	[3.1549287183577916e-05]
MAR03616	[3.1549287183577916e-05]
MAR03617	[3.1549287183577916e-05]
MAR03618	[np.float64(6.713308228060648e-05)]
MAR03619	[3.1549287183577916e-05]
MAR03620	[8.4310167750605e-05]
MAR03621	[3.1549287183577916e-05]
MAR03623	[8.4310167750605e-05]
MAR03624	[3.1549287183577916e-05]
MAR03745	[8.4310167750605e-05]
MAR03749	[3.1549287183577916e-05]
MAR03756	[np.float64(6.713308228060648e-05)]
MAR03758	[8.4310167750605e-05]
MAR03764	[np.float64(6.713308228060648e-05)]
MAR03766	[8.4310167750605e-05]
MAR03768	[0.004648802588729832]
MAR03774	[8.4310167750605e-05]
MAR03776	[0.00906218291663845]
MAR03779	[np.float64(6.713308228060648e-05)]
MAR03781	[0.0043702273628809275]
MAR03786	[0.0043702273628809275]
MAR03788	[np.float64(6.713308228060648e-05)]
MAR03791	[0.0043702273628809275]
MAR03798	[0.0043702273628809275]
MAR03801	[4.6630363117873754e-05]
MAR03803	[4.6630363117873754e-05]
MAR03805	[4.6630363117873754e-05]
MAR03808	[2.9989555505679623e-05]
MAR03810	[np.float64(6.713308228060648e-05)]
MAR03812	[2.9989555505679623e-05]
MAR03814	[np.float64(6.713308228060648e-05)]
MAR03815	[np.float64(6.713308228060648e-05)]
MAR03817	[np.float64(6.713308228060648e-05)]
MAR03821	[np.float64(6.713308228060648e-05)]
MAR03824	[8.4310167750605e-05]
MAR03826	[0.006935796717097496]
MAR03828	[np.float64(6.713308228060648e-05)]
MAR03830	[8.4310167750605e-05]
MAR03834	[8.4310167750605e-05]
MAR03836	[8.4310167750605e-05]
MAR03840	[8.4310167750605e-05]
MAR03842	[np.float64(6.713308228060648e-05)]
MAR03844	[np.float64(6.713308228060648e-05)]
MAR03846	[4.6630363117873754e-05]
MAR03872	[4.6630363117873754e-05]
MAR03874	[4.6630363117873754e-05]
MAR03876	[2.9989555505679623e-05]
MAR03878	[8.4310167750605e-05]
MAR03880	[8.4310167750605e-05]
MAR03882	[8.4310167750605e-05]
MAR03884	[8.4310167750605e-05]
MAR03886	[np.float64(6.713308228060648e-05)]
MAR03887	[np.float64(6.713308228060648e-05)]
MAR03888	[np.float64(6.713308228060648e-05)]
MAR03891	[np.float64(6.713308228060648e-05)]
MAR03893	[0.00906218291663845]
MAR03894	[np.float64(6.713308228060648e-05)]
MAR03896	[np.float64(6.713308228060648e-05)]
MAR03898	[8.4310167750605e-05]
MAR03900	[0.00906218291663845]
MAR03902	[np.float64(6.713308228060648e-05)]
MAR03904	[np.float64(6.713308228060648e-05)]
MAR03906	[0.00906218291663845]
MAR03909	[8.4310167750605e-05]
MAR03913	[np.float64(6.713308228060648e-05)]
MAR03914	[8.4310167750605e-05]
MAR03918	[2.9037379183842352e-05]
MAR03924	[2.9037379183842352e-05]
MAR03926	[np.float64(6.713308228060648e-05)]
MAR03927	[8.4310167750605e-05]
MAR03930	[8.4310167750605e-05]
MAR03932	[np.float64(6.713308228060648e-05)]
MAR03934	[8.4310167750605e-05]
MAR03936	[8.4310167750605e-05]
MAR03938	[np.float64(6.713308228060648e-05)]
MAR03941	[np.float64(6.713308228060648e-05)]
MAR03942	[np.float64(6.713308228060648e-05)]
MAR03943	[np.float64(6.713308228060648e-05)]
MAR03945	[np.float64(6.713308228060648e-05)]
MAR03961	[np.float64(6.713308228060648e-05)]
MAR03962	[8.4310167750605e-05]
MAR03963	[np.float64(6.713308228060648e-05)]
MAR03973	[np.float64(6.713308228060648e-05)]
MAR03976	[np.float64(6.713308228060648e-05)]
MAR03978	[np.float64(6.713308228060648e-05)]
MAR03981	[np.float64(6.713308228060648e-05)]
MAR03983	[2.9989555505679623e-05]
MAR03985	[2.9037379183842352e-05]
MAR03990	[np.float64(6.713308228060648e-05)]
MAR03994	[np.float64(6.713308228060648e-05)]
MAR03997	[np.float64(6.713308228060648e-05)]
MAR04001	[np.float64(6.713308228060648e-05)]
MAR04003	[np.float64(6.713308228060648e-05)]
MAR04007	[8.4310167750605e-05]
MAR04009	[0.004648802588729832]
MAR04011	[8.4310167750605e-05]
MAR04013	[8.4310167750605e-05]
MAR04015	[8.4310167750605e-05]
MAR04017	[8.4310167750605e-05]
MAR04019	[np.float64(6.713308228060648e-05)]
MAR04021	[np.float64(6.713308228060648e-05)]
MAR04023	[np.float64(6.713308228060648e-05)]
MAR04025	[np.float64(6.713308228060648e-05)]
MAR04027	[np.float64(6.713308228060648e-05)]
MAR04029	[np.float64(6.713308228060648e-05)]
MAR04031	[np.float64(6.713308228060648e-05)]
MAR04033	[np.float64(6.713308228060648e-05)]
MAR04035	[np.float64(6.713308228060648e-05)]
MAR04037	[np.float64(6.713308228060648e-05)]
MAR04039	[8.4310167750605e-05]
MAR04041	[np.float64(6.713308228060648e-05)]
MAR04043	[np.float64(6.713308228060648e-05)]
MAR04045	[np.float64(6.713308228060648e-05)]
MAR04047	[np.float64(6.713308228060648e-05)]
MAR04049	[8.4310167750605e-05]
MAR04051	[np.float64(6.713308228060648e-05)]
MAR04053	[8.4310167750605e-05]
MAR04055	[np.float64(6.713308228060648e-05)]
MAR04057	[np.float64(6.713308228060648e-05)]
MAR04074	[np.float64(6.713308228060648e-05)]
MAR04076	[np.float64(6.713308228060648e-05)]
MAR04088	[8.4310167750605e-05]
MAR04090	[np.float64(6.713308228060648e-05)]
MAR04092	[8.4310167750605e-05]
MAR04094	[8.4310167750605e-05]
MAR04096	[8.4310167750605e-05]
MAR04098	[8.4310167750605e-05]
MAR04100	[8.4310167750605e-05]
MAR04102	[8.4310167750605e-05]
MAR04104	[8.4310167750605e-05]
MAR04110	[8.4310167750605e-05]
MAR04117	[8.4310167750605e-05]
MAR04119	[8.4310167750605e-05]
MAR04129	[8.4310167750605e-05]
MAR04138	[8.4310167750605e-05]
MAR04140	[8.4310167750605e-05]
MAR04142	[8.4310167750605e-05]
MAR04146	[8.4310167750605e-05]
MAR04148	[8.4310167750605e-05]
MAR04150	[8.4310167750605e-05]
MAR04151	[8.4310167750605e-05]
MAR04153	[8.4310167750605e-05]
MAR04154	[8.4310167750605e-05]
MAR04155	[8.4310167750605e-05]
MAR04157	[8.4310167750605e-05]
MAR04161	[8.4310167750605e-05]
MAR04164	[8.4310167750605e-05]
MAR04173	[8.4310167750605e-05]
MAR04178	[8.4310167750605e-05]
MAR04181	[8.4310167750605e-05]
MAR04195	[8.4310167750605e-05]
MAR04203	[8.4310167750605e-05]
MAR04213	[8.4310167750605e-05]
MAR04215	[8.4310167750605e-05]
MAR04217	[8.4310167750605e-05]
MAR04221	[8.4310167750605e-05]
MAR04223	[8.4310167750605e-05]
MAR04226	[8.4310167750605e-05]
MAR04229	[8.4310167750605e-05]
MAR04230	[8.4310167750605e-05]
MAR04234	[8.4310167750605e-05]
MAR04236	[8.4310167750605e-05]
MAR04238	[8.4310167750605e-05]
MAR04240	[8.4310167750605e-05]
MAR04247	[8.4310167750605e-05]
MAR04256	[8.4310167750605e-05]
MAR04258	[8.4310167750605e-05]
MAR04272	[8.4310167750605e-05]
MAR04273	[8.4310167750605e-05]
MAR04286	[8.4310167750605e-05]
MAR04289	[8.4310167750605e-05]
MAR04292	[8.4310167750605e-05]
MAR04293	[8.4310167750605e-05]
MAR04294	[8.4310167750605e-05]
MAR04298	[8.4310167750605e-05]
MAR04305	[8.4310167750605e-05]
MAR04307	[8.4310167750605e-05]
MAR04309	[8.4310167750605e-05]
MAR04311	[8.4310167750605e-05]
MAR04322	[8.4310167750605e-05]
MAR04325	[8.4310167750605e-05]
MAR04327	[8.4310167750605e-05]
MAR04334	[8.4310167750605e-05]
MAR04337	[8.4310167750605e-05]
MAR04339	[8.4310167750605e-05]
MAR04341	[8.4310167750605e-05]
MAR04349	[8.4310167750605e-05]
MAR04353	[8.4310167750605e-05]
MAR04357	[8.4310167750605e-05]
MAR04359	[8.4310167750605e-05]
MAR04361	[8.4310167750605e-05]
MAR04362	[8.4310167750605e-05]
MAR04364	[8.4310167750605e-05]
MAR04366	[8.4310167750605e-05]
MAR04369	[8.4310167750605e-05]
MAR04374	[8.4310167750605e-05]
MAR04376	[8.4310167750605e-05]
MAR04378	[8.4310167750605e-05]
MAR04380	[8.4310167750605e-05]
MAR04382	[8.4310167750605e-05]
MAR04384	[8.4310167750605e-05]
MAR04389	[8.4310167750605e-05]
MAR04392	[8.4310167750605e-05]
MAR04395	[8.4310167750605e-05]
MAR04397	[8.4310167750605e-05]
MAR04405	[8.4310167750605e-05]
MAR04407	[8.4310167750605e-05]
MAR04409	[8.4310167750605e-05]
MAR04413	[8.4310167750605e-05]
MAR04438	[np.float64(6.713308228060648e-05)]
MAR04439	[np.float64(6.713308228060648e-05)]
MAR04441	[8.4310167750605e-05]
MAR04443	[8.4310167750605e-05]
MAR04445	[np.float64(6.713308228060648e-05)]
MAR04447	[np.float64(6.713308228060648e-05)]
MAR04457	[np.float64(6.713308228060648e-05)]
MAR04462	[np.float64(6.713308228060648e-05)]
MAR04475	[np.float64(6.713308228060648e-05)]
MAR04479	[np.float64(6.713308228060648e-05)]
MAR04491	[np.float64(6.713308228060648e-05)]
MAR04504	[np.float64(6.713308228060648e-05)]
MAR04508	[np.float64(6.713308228060648e-05)]
MAR04509	[np.float64(6.713308228060648e-05)]
MAR04511	[8.4310167750605e-05]
MAR04515	[8.4310167750605e-05]
MAR04522	[np.float64(6.713308228060648e-05)]
MAR04566	[np.float64(6.713308228060648e-05)]
MAR04569	[np.float64(6.713308228060648e-05)]
MAR04571	[np.float64(6.713308228060648e-05)]
MAR04578	[np.float64(6.713308228060648e-05)]
MAR04581	[np.float64(6.713308228060648e-05)]
MAR04598	[np.float64(6.713308228060648e-05)]
MAR04610	[np.float64(6.713308228060648e-05)]
MAR04613	[np.float64(6.713308228060648e-05)]
MAR04616	[np.float64(6.713308228060648e-05)]
MAR04620	[np.float64(6.713308228060648e-05)]
MAR04624	[np.float64(6.713308228060648e-05)]
MAR04634	[np.float64(6.713308228060648e-05)]
MAR04636	[np.float64(6.713308228060648e-05)]
MAR04638	[np.float64(6.713308228060648e-05)]
MAR04639	[np.float64(6.713308228060648e-05)]
MAR04645	[np.float64(6.713308228060648e-05)]
MAR04661	[np.float64(6.713308228060648e-05)]
MAR04671	[np.float64(6.713308228060648e-05)]
MAR04674	[np.float64(6.713308228060648e-05)]
MAR04677	[np.float64(6.713308228060648e-05)]
MAR04678	[np.float64(6.713308228060648e-05)]
MAR04707	[np.float64(6.713308228060648e-05)]
MAR04711	[np.float64(6.713308228060648e-05)]
MAR04719	[np.float64(6.713308228060648e-05)]
MAR04722	[np.float64(6.713308228060648e-05)]
MAR04726	[np.float64(6.713308228060648e-05)]
MAR04728	[np.float64(6.713308228060648e-05)]
MAR04745	[np.float64(6.713308228060648e-05)]
MAR04749	[np.float64(6.713308228060648e-05)]
MAR04759	[np.float64(6.713308228060648e-05)]
MAR04782	[np.float64(6.713308228060648e-05)]
MAR04783	[8.4310167750605e-05]
MAR04793	[np.float64(6.713308228060648e-05)]
MAR04803	[np.float64(6.713308228060648e-05)]
MAR04805	[5.108917658270245e-05]
MAR04807	[8.4310167750605e-05]
MAR04809	[8.4310167750605e-05]
MAR04811	[np.float64(6.713308228060648e-05)]
MAR04813	[8.4310167750605e-05]
MAR04815	[8.4310167750605e-05]
MAR04820	[8.4310167750605e-05]
MAR04821	[8.4310167750605e-05]
MAR04822	[8.4310167750605e-05]
MAR04823	[8.4310167750605e-05]
MAR04824	[8.4310167750605e-05]
MAR04825	[8.4310167750605e-05]
MAR04826	[8.4310167750605e-05]
MAR04827	[8.4310167750605e-05]
MAR04828	[8.4310167750605e-05]
MAR04829	[8.4310167750605e-05]
MAR04830	[8.4310167750605e-05]
MAR04853	[8.4310167750605e-05]
MAR04857	[8.4310167750605e-05]
MAR04859	[8.4310167750605e-05]
MAR04866	[8.4310167750605e-05]
MAR04869	[8.4310167750605e-05]
MAR04884	[8.4310167750605e-05]
MAR04886	[8.4310167750605e-05]
MAR04889	[8.4310167750605e-05]
MAR04891	[8.4310167750605e-05]
MAR04895	[8.4310167750605e-05]
MAR04897	[8.4310167750605e-05]
MAR04899	[8.4310167750605e-05]
MAR04901	[8.4310167750605e-05]
MAR04909	[8.4310167750605e-05]
MAR04918	[8.4310167750605e-05]
MAR04920	[8.4310167750605e-05]
MAR04921	[8.4310167750605e-05]
MAR04923	[8.4310167750605e-05]
MAR04925	[8.4310167750605e-05]
MAR04927	[8.4310167750605e-05]
MAR04929	[8.4310167750605e-05]
MAR04936	[8.4310167750605e-05]
MAR04943	[8.4310167750605e-05]
MAR04950	[8.4310167750605e-05]
MAR04965	[8.4310167750605e-05]
MAR04968	[np.float64(6.713308228060648e-05)]
MAR04970	[np.float64(6.713308228060648e-05)]
MAR04974	[np.float64(6.713308228060648e-05)]
MAR04978	[np.float64(6.713308228060648e-05)]
MAR04981	[np.float64(6.713308228060648e-05)]
MAR04984	[2.9037379183842352e-05]
MAR04987	[np.float64(6.713308228060648e-05)]
MAR04988	[np.float64(6.713308228060648e-05)]
MAR04991	[np.float64(6.713308228060648e-05)]
MAR05001	[np.float64(6.713308228060648e-05)]
MAR05017	[np.float64(6.713308228060648e-05)]
MAR05025	[np.float64(6.713308228060648e-05)]
MAR05026	[np.float64(6.713308228060648e-05)]
MAR05028	[np.float64(6.713308228060648e-05)]
MAR05030	[2.9037379183842352e-05]
MAR05044	[2.9037379183842352e-05]
MAR05069	[np.float64(6.713308228060648e-05)]
MAR05081	[np.float64(6.713308228060648e-05)]
MAR05083	[2.9037379183842352e-05]
MAR05086	[np.float64(6.713308228060648e-05)]
MAR05090	[np.float64(6.713308228060648e-05)]
MAR05093	[np.float64(6.713308228060648e-05)]
MAR05095	[2.9037379183842352e-05]
MAR05097	[np.float64(6.713308228060648e-05)]
MAR05098	[2.9037379183842352e-05]
MAR05100	[np.float64(6.713308228060648e-05)]
MAR05103	[np.float64(6.713308228060648e-05)]
MAR05104	[np.float64(6.713308228060648e-05)]
MAR05106	[np.float64(6.713308228060648e-05)]
MAR05108	[np.float64(6.713308228060648e-05)]
MAR05110	[6.663761141462202e-05]
MAR05111	[6.663761141462202e-05]
MAR05119	[np.float64(6.713308228060648e-05)]
MAR05120	[6.663761141462202e-05]
MAR05175	[np.float64(6.713308228060648e-05)]
MAR05176	[6.663761141462202e-05]
MAR05177	[6.663761141462202e-05]
MAR05178	[np.float64(6.713308228060648e-05)]
MAR05179	[6.663761141462202e-05]
MAR05180	[np.float64(6.713308228060648e-05)]
MAR05181	[6.663761141462202e-05]
MAR05182	[np.float64(6.713308228060648e-05)]
MAR05183	[np.float64(6.713308228060648e-05)]
MAR05184	[np.float64(6.713308228060648e-05)]
MAR05185	[6.663761141462202e-05]
MAR05188	[6.663761141462202e-05]
MAR05189	[np.float64(6.713308228060648e-05)]
MAR05190	[6.663761141462202e-05]
MAR05192	[6.663761141462202e-05]
MAR05193	[np.float64(6.713308228060648e-05)]
MAR05194	[6.663761141462202e-05]
MAR05196	[np.float64(6.713308228060648e-05)]
MAR05235	[np.float64(6.713308228060648e-05)]
MAR05242	[np.float64(6.713308228060648e-05)]
MAR05256	[np.float64(6.713308228060648e-05)]
MAR05293	[np.float64(6.713308228060648e-05)]
MAR05298	[6.663761141462202e-05]
MAR05300	[np.float64(6.713308228060648e-05)]
MAR05306	[np.float64(6.713308228060648e-05)]
MAR05309	[np.float64(6.713308228060648e-05)]
MAR05312	[np.float64(6.713308228060648e-05)]
MAR05321	[np.float64(6.713308228060648e-05)]
MAR05325	[6.663761141462202e-05]
MAR05327	[np.float64(6.713308228060648e-05)]
MAR05329	[6.663761141462202e-05]
MAR05331	[np.float64(6.713308228060648e-05)]
MAR05334	[0.00451217217288418]
MAR05341	[np.float64(6.713308228060648e-05)]
MAR05343	[6.663761141462202e-05]
MAR05345	[6.663761141462202e-05]
MAR05350	[np.float64(6.713308228060648e-05)]
MAR05355	[6.663761141462202e-05]
MAR05357	[6.663761141462202e-05]
MAR05359	[6.663761141462202e-05]
MAR05360	[np.float64(6.713308228060648e-05)]
MAR05364	[np.float64(6.713308228060648e-05)]
MAR05365	[6.663761141462202e-05]
MAR05366	[np.float64(6.713308228060648e-05)]
MAR05367	[np.float64(6.713308228060648e-05)]
MAR05368	[np.float64(6.713308228060648e-05)]
MAR05369	[6.663761141462202e-05]
MAR05370	[np.float64(6.713308228060648e-05)]
MAR05371	[6.663761141462202e-05]
MAR05372	[np.float64(6.713308228060648e-05)]
MAR05373	[6.663761141462202e-05]
MAR05374	[np.float64(6.713308228060648e-05)]
MAR05375	[np.float64(6.713308228060648e-05)]
MAR05376	[6.663761141462202e-05]
MAR05377	[np.float64(6.713308228060648e-05)]
MAR05378	[np.float64(6.713308228060648e-05)]
MAR05379	[np.float64(6.713308228060648e-05)]
MAR05380	[6.663761141462202e-05]
MAR05382	[np.float64(6.713308228060648e-05)]
MAR05383	[np.float64(6.713308228060648e-05)]
MAR05402	[np.float64(6.713308228060648e-05)]
MAR05403	[6.663761141462202e-05]
MAR05404	[np.float64(6.713308228060648e-05)]
MAR05405	[np.float64(6.713308228060648e-05)]
MAR05408	[6.663761141462202e-05]
MAR05410	[np.float64(6.713308228060648e-05)]
MAR05412	[np.float64(6.713308228060648e-05)]
MAR05421	[np.float64(6.713308228060648e-05)]
MAR05425	[np.float64(6.713308228060648e-05)]
MAR05427	[np.float64(6.713308228060648e-05)]
MAR05428	[np.float64(6.713308228060648e-05)]
MAR05431	[np.float64(6.713308228060648e-05)]
MAR05456	[np.float64(6.713308228060648e-05)]
MAR05988	[2.9037379183842352e-05]
MAR05991	[np.float64(6.713308228060648e-05)]
MAR05999	[np.float64(6.713308228060648e-05)]
MAR06278	[np.float64(6.713308228060648e-05)]
MAR06280	[np.float64(6.713308228060648e-05)]
MAR06281	[np.float64(6.713308228060648e-05)]
MAR06282	[np.float64(6.713308228060648e-05)]
MAR06284	[np.float64(6.713308228060648e-05)]
MAR06285	[np.float64(6.713308228060648e-05)]
MAR06319	[2.9037379183842352e-05]
MAR06320	[2.9037379183842352e-05]
MAR06322	[np.float64(6.713308228060648e-05)]
MAR06344	[np.float64(6.713308228060648e-05)]
MAR06345	[np.float64(6.713308228060648e-05)]
MAR06346	[8.4310167750605e-05]
MAR06347	[2.9037379183842352e-05]
MAR06348	[np.float64(6.713308228060648e-05)]
MAR06349	[np.float64(6.713308228060648e-05)]
MAR06350	[np.float64(6.713308228060648e-05)]
MAR06376	[np.float64(6.713308228060648e-05)]
MAR06378	[np.float64(6.713308228060648e-05)]
MAR06390	[np.float64(6.713308228060648e-05)]
MAR06407	[2.9037379183842352e-05]
MAR06418	[np.float64(6.713308228060648e-05)]
MAR06437	[6.663761141462202e-05]
MAR06449	[6.663761141462202e-05]
MAR06452	[6.663761141462202e-05]
MAR06483	[np.float64(6.713308228060648e-05)]
MAR06485	[np.float64(6.713308228060648e-05)]
MAR06487	[np.float64(6.713308228060648e-05)]
MAR06489	[np.float64(6.713308228060648e-05)]
MAR06491	[np.float64(6.713308228060648e-05)]
MAR06493	[np.float64(6.713308228060648e-05)]
MAR06498	[8.4310167750605e-05]
MAR06499	[np.float64(6.713308228060648e-05)]
MAR06502	[np.float64(6.713308228060648e-05)]
MAR06503	[np.float64(6.713308228060648e-05)]
MAR06528	[np.float64(6.713308228060648e-05)]
MAR06538	[np.float64(6.713308228060648e-05)]
MAR06586	[np.float64(6.713308228060648e-05)]
MAR06593	[np.float64(6.713308228060648e-05)]
MAR06596	[np.float64(6.713308228060648e-05)]
MAR06597	[np.float64(6.713308228060648e-05)]
MAR06598	[np.float64(6.713308228060648e-05)]
MAR06599	[np.float64(6.713308228060648e-05)]
MAR06600	[np.float64(6.713308228060648e-05)]
MAR06604	[5.108917658270245e-05]
MAR06688	[np.float64(6.713308228060648e-05)]
MAR06689	[np.float64(6.713308228060648e-05)]
MAR06696	[np.float64(6.713308228060648e-05)]
MAR06698	[np.float64(6.713308228060648e-05)]
MAR06724	[8.4310167750605e-05]
MAR06769	[8.4310167750605e-05]
MAR06773	[8.4310167750605e-05]
MAR06775	[np.float64(6.713308228060648e-05)]
MAR06777	[np.float64(6.713308228060648e-05)]
MAR06779	[np.float64(6.713308228060648e-05)]
MAR06804	[8.4310167750605e-05]
MAR06805	[8.4310167750605e-05]
MAR06809	[np.float64(6.713308228060648e-05)]
MAR06810	[np.float64(6.713308228060648e-05)]
MAR06812	[np.float64(6.713308228060648e-05)]
MAR06816	[np.float64(6.713308228060648e-05)]
MAR06821	[8.4310167750605e-05]
MAR06825	[np.float64(6.713308228060648e-05)]
MAR06832	[np.float64(6.713308228060648e-05)]
MAR06833	[8.4310167750605e-05]
MAR06846	[8.4310167750605e-05]
MAR06847	[np.float64(6.713308228060648e-05)]
MAR06852	[np.float64(6.713308228060648e-05)]
MAR06859	[2.9037379183842352e-05]
MAR06860	[np.float64(6.713308228060648e-05)]
MAR06861	[np.float64(6.713308228060648e-05)]
MAR06862	[0.00906218291663845]
MAR06863	[2.9037379183842352e-05]
MAR06864	[np.float64(6.713308228060648e-05)]
MAR06865	[0.004519491261591337]
MAR06866	[np.float64(6.713308228060648e-05)]
MAR06867	[8.4310167750605e-05]
MAR06868	[8.4310167750605e-05]
MAR06869	[8.4310167750605e-05]
MAR06870	[8.4310167750605e-05]
MAR06871	[0.00906218291663845]
MAR06872	[np.float64(6.713308228060648e-05)]
MAR06873	[8.4310167750605e-05]
MAR06884	[np.float64(6.713308228060648e-05)]
MAR06887	[np.float64(6.713308228060648e-05)]
MAR06891	[0.006287108860154966]
MAR06892	[0.006287108860154966]
MAR06893	[np.float64(6.713308228060648e-05)]
MAR06896	[0.004519491261591337]
MAR06897	[2.9037379183842352e-05]
MAR06898	[np.float64(6.713308228060648e-05)]
MAR06899	[0.00906218291663845]
MAR06900	[0.00906218291663845]
MAR06913	[0.00906218291663845]
MAR06915	[np.float64(6.713308228060648e-05)]
MAR06917	[0.00906218291663845]
MAR06919	[8.4310167750605e-05]
MAR06920	[8.4310167750605e-05]
MAR06922	[8.4310167750605e-05]
MAR07101	[np.float64(6.713308228060648e-05)]
MAR07102	[2.9037379183842352e-05]
MAR07105	[2.9037379183842352e-05]
MAR07107	[0.00906218291663845]
MAR07148	[0.00906218291663845]
MAR07149	[np.float64(6.713308228060648e-05)]
MAR07150	[0.00906218291663845]
MAR07151	[2.9037379183842352e-05]
MAR07152	[5.108917658270245e-05]
MAR07153	[2.9037379183842352e-05]
MAR07154	[0.004648802588729832]
MAR07155	[0.00906218291663845]
MAR07156	[5.108917658270245e-05]
MAR07157	[5.108917658270245e-05]
MAR07158	[8.4310167750605e-05]
MAR07159	[8.4310167750605e-05]
MAR07176	[8.4310167750605e-05]
MAR07177	[8.4310167750605e-05]
MAR07178	[0.00906218291663845]
MAR07179	[0.004519491261591337]
MAR07189	[2.9037379183842352e-05]
MAR07190	[0.00906218291663845]
MAR07192	[0.00906218291663845]
MAR07193	[np.float64(6.713308228060648e-05)]
MAR07194	[np.float64(6.713308228060648e-05)]
MAR07195	[8.4310167750605e-05]
MAR07255	[8.4310167750605e-05]
MAR07439	[8.4310167750605e-05]
MAR07589	[np.float64(6.713308228060648e-05)]
MAR07592	[8.4310167750605e-05]
MAR07593	[0.004519491261591337]
MAR07595	[0.004519491261591337]
MAR07657	[0.004519491261591337]
MAR07658	[0.0043702273628809275]
MAR07659	[8.4310167750605e-05]
MAR07750	[8.4310167750605e-05]
MAR07751	[8.4310167750605e-05]
MAR07752	[8.4310167750605e-05]
MAR07753	[np.float64(6.713308228060648e-05)]
MAR07754	[8.4310167750605e-05]
MAR07803	[8.4310167750605e-05]
MAR07805	[8.4310167750605e-05]
MAR07807	[8.4310167750605e-05]
MAR07809	[8.4310167750605e-05]
MAR07811	[np.float64(6.713308228060648e-05)]
MAR07813	[0.007610041142847916]
MAR07817	[8.4310167750605e-05]
MAR07819	[8.4310167750605e-05]
MAR07821	[8.4310167750605e-05]
MAR08111	[8.4310167750605e-05]
MAR08204	[8.4310167750605e-05]
MAR08218	[3.7984325592705935e-05]
MAR08274	[np.float64(6.713308228060648e-05)]
MAR08301	[np.float64(6.713308228060648e-05)]
MAR08386	[8.4310167750605e-05]
MAR08400	[8.4310167750605e-05]
MAR08422	[8.4310167750605e-05]
MAR08423	[8.4310167750605e-05]
MAR08644	[8.4310167750605e-05]
MAR08646	[8.4310167750605e-05]
MAR08647	[8.4310167750605e-05]
MAR08649	[8.4310167750605e-05]
MAR08650	[8.4310167750605e-05]
MAR08701	[8.4310167750605e-05]
MAR08705	[8.4310167750605e-05]
MAR08707	[8.4310167750605e-05]
MAR08708	[8.4310167750605e-05]
MAR08832	[8.4310167750605e-05]
MAR08916	[8.4310167750605e-05]
MAR08948	[8.4310167750605e-05]
MAR08949	[8.4310167750605e-05]
MAR08950	[8.4310167750605e-05]
MAR08951	[8.4310167750605e-05]
MAR08952	[8.4310167750605e-05]
MAR08953	[8.4310167750605e-05]
MAR08954	[8.4310167750605e-05]
MAR08955	[8.4310167750605e-05]
MAR08956	[8.4310167750605e-05]
MAR08957	[8.4310167750605e-05]
MAR08958	[8.4310167750605e-05]
MAR08959	[8.4310167750605e-05]
MAR08960	[8.4310167750605e-05]
MAR08961	[8.4310167750605e-05]
MAR08962	[8.4310167750605e-05]
MAR08963	[8.4310167750605e-05]
MAR08964	[8.4310167750605e-05]
MAR08965	[8.4310167750605e-05]
MAR08966	[8.4310167750605e-05]
MAR08967	[8.4310167750605e-05]
MAR08968	[0.00906218291663845]
MAR08969	[0.00906218291663845]
MAR08970	[8.4310167750605e-05]
MAR08971	[3.52390203130258e-05]
MAR08972	[np.float64(6.713308228060648e-05)]
MAR08974	[8.4310167750605e-05]
MAR08975	[8.4310167750605e-05]
MAR08976	[8.4310167750605e-05]
MAR08977	[8.4310167750605e-05]
MAR08978	[8.4310167750605e-05]
MAR08979	[8.4310167750605e-05]
MAR08980	[8.4310167750605e-05]
MAR08981	[8.4310167750605e-05]
MAR08982	[8.4310167750605e-05]
MAR08983	[8.4310167750605e-05]
MAR08984	[8.4310167750605e-05]
MAR08986	[8.4310167750605e-05]
MAR08987	[8.4310167750605e-05]
MAR08988	[8.4310167750605e-05]
MAR08989	[8.4310167750605e-05]
MAR08991	[8.4310167750605e-05]
MAR08993	[8.4310167750605e-05]
MAR08994	[8.4310167750605e-05]
MAR08995	[8.4310167750605e-05]
MAR08996	[8.4310167750605e-05]
MAR08997	[8.4310167750605e-05]
MAR08998	[8.4310167750605e-05]
MAR08999	[8.4310167750605e-05]
MAR09000	[8.4310167750605e-05]
MAR09001	[8.4310167750605e-05]
MAR09002	[8.4310167750605e-05]
MAR09003	[8.4310167750605e-05]
MAR09004	[8.4310167750605e-05]
MAR09005	[8.4310167750605e-05]
MAR09006	[8.4310167750605e-05]
MAR09007	[8.4310167750605e-05]
MAR09008	[8.4310167750605e-05]
MAR09009	[8.4310167750605e-05]
MAR09010	[8.4310167750605e-05]
MAR09011	[8.4310167750605e-05]
MAR09012	[8.4310167750605e-05]
MAR09013	[8.4310167750605e-05]
MAR09021	[8.4310167750605e-05]
MAR09025	[8.4310167750605e-05]
MAR09026	[8.4310167750605e-05]
MAR09027	[8.4310167750605e-05]
MAR09028	[8.4310167750605e-05]
MAR09029	[8.4310167750605e-05]
MAR09030	[8.4310167750605e-05]
MAR09031	[0.00906218291663845]
MAR09057	[8.4310167750605e-05]
MAR09059	[0.00906218291663845]
MAR09060	[8.4310167750605e-05]
MAR09112	[8.4310167750605e-05]
MAR09170	[8.4310167750605e-05]
MAR09186	[8.4310167750605e-05]
MAR09274	[np.float64(6.713308228060648e-05)]
MAR09402	[np.float64(6.713308228060648e-05)]
MAR09403	[8.4310167750605e-05]
MAR09459	[8.4310167750605e-05]
MAR09526	[8.4310167750605e-05]
MAR09533	[8.4310167750605e-05]
MAR09576	[0.00906218291663845]
MAR09589	[8.4310167750605e-05]
MAR09723	[8.4310167750605e-05]
MAR09736	[2.9037379183842352e-05]
MAR09819	[0.00906218291663845]
MAR09820	[8.4310167750605e-05]
MAR09821	[8.4310167750605e-05]
MAR09822	[8.4310167750605e-05]
MAR09823	[8.4310167750605e-05]
MAR09824	[8.4310167750605e-05]
MAR09825	[8.4310167750605e-05]
MAR09826	[8.4310167750605e-05]
MAR09827	[8.4310167750605e-05]
MAR09828	[8.4310167750605e-05]
MAR09829	[8.4310167750605e-05]
MAR09830	[8.4310167750605e-05]
MAR09831	[8.4310167750605e-05]
MAR09832	[8.4310167750605e-05]
MAR09833	[8.4310167750605e-05]
MAR09834	[8.4310167750605e-05]
MAR09835	[8.4310167750605e-05]
MAR09836	[8.4310167750605e-05]
MAR09837	[8.4310167750605e-05]
MAR09838	[8.4310167750605e-05]
MAR09839	[8.4310167750605e-05]
MAR09840	[8.4310167750605e-05]
MAR09841	[8.4310167750605e-05]
MAR09842	[8.4310167750605e-05]
MAR09843	[8.4310167750605e-05]
MAR09844	[8.4310167750605e-05]
MAR09845	[8.4310167750605e-05]
MAR09846	[8.4310167750605e-05]
MAR09847	[8.4310167750605e-05]
MAR09848	[8.4310167750605e-05]
MAR09849	[8.4310167750605e-05]
MAR09850	[8.4310167750605e-05]
MAR09851	[8.4310167750605e-05]
MAR09852	[8.4310167750605e-05]
MAR09853	[8.4310167750605e-05]
MAR09854	[8.4310167750605e-05]
MAR09855	[8.4310167750605e-05]
MAR09856	[8.4310167750605e-05]
MAR09857	[8.4310167750605e-05]
MAR09858	[8.4310167750605e-05]
MAR09859	[8.4310167750605e-05]
MAR09860	[8.4310167750605e-05]
MAR09861	[8.4310167750605e-05]
MAR09862	[8.4310167750605e-05]
MAR09863	[8.4310167750605e-05]
MAR09864	[8.4310167750605e-05]
MAR09865	[8.4310167750605e-05]
MAR09866	[8.4310167750605e-05]
MAR09867	[8.4310167750605e-05]
MAR09868	[8.4310167750605e-05]
MAR09869	[np.float64(6.713308228060648e-05)]
MAR09870	[5.108917658270245e-05]
MAR09871	[np.float64(6.713308228060648e-05)]
MAR09872	[np.float64(6.713308228060648e-05)]
MAR09873	[0.006907934860084768]
MAR09874	[0.00906218291663845]
MAR09875	[0.004519491261591337]
MAR09876	[np.float64(6.713308228060648e-05)]
MAR09877	[0.0059643768572906234]
MAR09878	[0.0059643768572906234]
MAR09879	[0.00906218291663845]
MAR09880	[0.0059643768572906234]
MAR09881	[0.00906218291663845]
MAR09882	[np.float64(6.713308228060648e-05)]
MAR09883	[0.00906218291663845]
MAR09884	[0.008814714230434605]
MAR09885	[0.00906218291663845]
MAR09886	[0.006907934860084768]
MAR09888	[np.float64(6.713308228060648e-05)]
MAR09889	[0.006935796717097496]
MAR09890	[np.float64(6.713308228060648e-05)]
MAR09891	[np.float64(6.713308228060648e-05)]
MAR09892	[np.float64(6.713308228060648e-05)]
MAR09893	[0.00906218291663845]
MAR09894	[np.float64(6.713308228060648e-05)]
MAR09895	[np.float64(6.713308228060648e-05)]
MAR09896	[0.00906218291663845]
MAR09897	[0.0055600173574716395]
MAR09898	[np.float64(6.713308228060648e-05)]
MAR09899	[np.float64(6.713308228060648e-05)]
MAR09900	[0.00906218291663845]
MAR09901	[0.0043702273628809275]
MAR09902	[0.00906218291663845]
MAR09903	[0.004214386547489437]
MAR09904	[np.float64(6.713308228060648e-05)]
MAR09905	[0.0059643768572906234]
MAR09906	[0.00906218291663845]
MAR09907	[np.float64(6.713308228060648e-05)]
MAR09908	[np.float64(6.713308228060648e-05)]
MAR09909	[np.float64(6.713308228060648e-05)]
MAR09910	[np.float64(6.713308228060648e-05)]
MAR09911	[8.4310167750605e-05]
MAR09912	[np.float64(6.713308228060648e-05)]
MAR09913	[np.float64(6.713308228060648e-05)]
MAR09914	[np.float64(6.713308228060648e-05)]
MAR09915	[np.float64(6.713308228060648e-05)]
MAR09916	[np.float64(6.713308228060648e-05)]
MAR09917	[np.float64(6.713308228060648e-05)]
MAR09918	[np.float64(6.713308228060648e-05)]
MAR09919	[8.4310167750605e-05]
MAR09920	[8.4310167750605e-05]
MAR09921	[8.4310167750605e-05]
MAR09922	[8.4310167750605e-05]
MAR09923	[8.4310167750605e-05]
MAR09924	[8.4310167750605e-05]
MAR09925	[8.4310167750605e-05]
MAR09926	[8.4310167750605e-05]
MAR09927	[8.4310167750605e-05]
MAR09928	[8.4310167750605e-05]
MAR09929	[8.4310167750605e-05]
MAR09930	[8.4310167750605e-05]
MAR09931	[8.4310167750605e-05]
MAR09932	[8.4310167750605e-05]
MAR09933	[8.4310167750605e-05]
MAR09934	[np.float64(6.713308228060648e-05)]
MAR09935	[8.4310167750605e-05]
MAR09936	[8.4310167750605e-05]
MAR09937	[0.0043702273628809275]
MAR09938	[np.float64(6.713308228060648e-05)]
MAR09939	[8.4310167750605e-05]
MAR09940	[8.4310167750605e-05]
MAR09941	[8.4310167750605e-05]
MAR09942	[4.1892431193616604e-05]
MAR09943	[4.1892431193616604e-05]
MAR09944	[4.1892431193616604e-05]
MAR09945	[4.1892431193616604e-05]
MAR09946	[4.1892431193616604e-05]
MAR09947	[4.1892431193616604e-05]
MAR09948	[8.4310167750605e-05]
MAR09950	[8.4310167750605e-05]
MAR09951	[np.float64(6.713308228060648e-05)]
MAR09952	[8.4310167750605e-05]
MAR09953	[8.4310167750605e-05]
MAR09954	[8.4310167750605e-05]
MAR09955	[8.4310167750605e-05]
MAR09956	[8.4310167750605e-05]
MAR09957	[8.4310167750605e-05]
MAR09958	[8.4310167750605e-05]
MAR09959	[8.4310167750605e-05]
MAR09960	[8.4310167750605e-05]
MAR09961	[8.4310167750605e-05]
MAR09962	[8.4310167750605e-05]
MAR09963	[8.4310167750605e-05]
MAR09964	[8.4310167750605e-05]
MAR09965	[8.4310167750605e-05]
MAR09966	[8.4310167750605e-05]
MAR09967	[8.4310167750605e-05]
MAR09968	[8.4310167750605e-05]
MAR09969	[8.4310167750605e-05]
MAR09970	[8.4310167750605e-05]
MAR09971	[8.4310167750605e-05]
MAR09972	[8.4310167750605e-05]
MAR09973	[8.4310167750605e-05]
MAR09974	[8.4310167750605e-05]
MAR09975	[8.4310167750605e-05]
MAR09976	[8.4310167750605e-05]
MAR09977	[8.4310167750605e-05]
MAR09978	[8.4310167750605e-05]
MAR09979	[8.4310167750605e-05]
MAR09980	[8.4310167750605e-05]
MAR09981	[8.4310167750605e-05]
MAR09982	[8.4310167750605e-05]
MAR09983	[8.4310167750605e-05]
MAR09984	[8.4310167750605e-05]
MAR09985	[0.00906218291663845]
MAR09986	[8.4310167750605e-05]
MAR09987	[8.4310167750605e-05]
MAR09988	[8.4310167750605e-05]
MAR09989	[8.4310167750605e-05]
MAR09990	[8.4310167750605e-05]
MAR09991	[8.4310167750605e-05]
MAR09992	[8.4310167750605e-05]
MAR09993	[8.4310167750605e-05]
MAR09994	[8.4310167750605e-05]
MAR09995	[8.4310167750605e-05]
MAR09996	[8.4310167750605e-05]
MAR09997	[8.4310167750605e-05]
MAR09998	[8.4310167750605e-05]
MAR09999	[8.4310167750605e-05]
MAR10000	[8.4310167750605e-05]
MAR10001	[8.4310167750605e-05]
MAR10002	[8.4310167750605e-05]
MAR10003	[8.4310167750605e-05]
MAR10004	[8.4310167750605e-05]
MAR10005	[8.4310167750605e-05]
MAR10006	[8.4310167750605e-05]
MAR10007	[8.4310167750605e-05]
MAR10008	[0.005489941701390298]
MAR10009	[8.4310167750605e-05]
MAR10010	[np.float64(6.713308228060648e-05)]
MAR10011	[0.004214386547489437]
MAR10012	[8.4310167750605e-05]
MAR10013	[8.4310167750605e-05]
MAR10014	[np.float64(6.713308228060648e-05)]
MAR10015	[8.4310167750605e-05]
MAR10016	[8.4310167750605e-05]
MAR10017	[8.4310167750605e-05]
MAR10018	[8.4310167750605e-05]
MAR10019	[8.4310167750605e-05]
MAR10020	[np.float64(6.713308228060648e-05)]
MAR10021	[8.4310167750605e-05]
MAR10022	[8.4310167750605e-05]
MAR10032	[8.4310167750605e-05]
MAR10133	[8.4310167750605e-05]
MAR10134	[8.4310167750605e-05]
MAR10135	[8.4310167750605e-05]
MAR10136	[8.4310167750605e-05]
MAR10137	[8.4310167750605e-05]
MAR10138	[8.4310167750605e-05]
MAR10139	[8.4310167750605e-05]
MAR10140	[8.4310167750605e-05]
MAR10141	[8.4310167750605e-05]
MAR10142	[8.4310167750605e-05]
MAR10143	[8.4310167750605e-05]
MAR10144	[8.4310167750605e-05]
MAR10145	[8.4310167750605e-05]
MAR10146	[8.4310167750605e-05]
MAR10147	[8.4310167750605e-05]
MAR10148	[8.4310167750605e-05]
MAR10149	[8.4310167750605e-05]
MAR10150	[8.4310167750605e-05]
MAR10151	[8.4310167750605e-05]
MAR10152	[8.4310167750605e-05]
MAR10153	[8.4310167750605e-05]
MAR10154	[8.4310167750605e-05]
MAR10155	[np.float64(6.713308228060648e-05)]
MAR10156	[8.4310167750605e-05]
MAR10157	[8.4310167750605e-05]
MAR10158	[8.4310167750605e-05]
MAR10159	[8.4310167750605e-05]
MAR10160	[8.4310167750605e-05]
MAR10161	[8.4310167750605e-05]
MAR10162	[8.4310167750605e-05]
MAR10163	[8.4310167750605e-05]
MAR10165	[8.4310167750605e-05]
MAR10166	[8.4310167750605e-05]
MAR10167	[8.4310167750605e-05]
MAR10168	[8.4310167750605e-05]
MAR10169	[8.4310167750605e-05]
MAR10170	[8.4310167750605e-05]
MAR10171	[8.4310167750605e-05]
MAR10172	[8.4310167750605e-05]
MAR10173	[8.4310167750605e-05]
MAR10174	[8.4310167750605e-05]
MAR10175	[8.4310167750605e-05]
MAR10176	[8.4310167750605e-05]
MAR10177	[8.4310167750605e-05]
MAR10178	[8.4310167750605e-05]
MAR10179	[8.4310167750605e-05]
MAR10180	[8.4310167750605e-05]
MAR10181	[8.4310167750605e-05]
MAR10182	[8.4310167750605e-05]
MAR10183	[8.4310167750605e-05]
MAR10184	[8.4310167750605e-05]
MAR10185	[8.4310167750605e-05]
MAR10186	[8.4310167750605e-05]
MAR10187	[8.4310167750605e-05]
MAR10188	[8.4310167750605e-05]
MAR10189	[8.4310167750605e-05]
MAR10190	[8.4310167750605e-05]
MAR10191	[8.4310167750605e-05]
MAR10192	[8.4310167750605e-05]
MAR10193	[8.4310167750605e-05]
MAR10194	[8.4310167750605e-05]
MAR10195	[8.4310167750605e-05]
MAR10196	[8.4310167750605e-05]
MAR10197	[8.4310167750605e-05]
MAR10198	[8.4310167750605e-05]
MAR10199	[8.4310167750605e-05]
MAR10200	[8.4310167750605e-05]
MAR10201	[8.4310167750605e-05]
MAR10202	[8.4310167750605e-05]
MAR10203	[8.4310167750605e-05]
MAR10204	[8.4310167750605e-05]
MAR10205	[8.4310167750605e-05]
MAR10206	[8.4310167750605e-05]
MAR10207	[8.4310167750605e-05]
MAR10208	[8.4310167750605e-05]
MAR10209	[8.4310167750605e-05]
MAR10210	[8.4310167750605e-05]
MAR10211	[8.4310167750605e-05]
MAR10212	[8.4310167750605e-05]
MAR10213	[8.4310167750605e-05]
MAR10214	[8.4310167750605e-05]
MAR10215	[8.4310167750605e-05]
MAR10216	[8.4310167750605e-05]
MAR10217	[8.4310167750605e-05]
MAR10218	[8.4310167750605e-05]
MAR10219	[8.4310167750605e-05]
MAR10220	[8.4310167750605e-05]
MAR10221	[8.4310167750605e-05]
MAR10222	[8.4310167750605e-05]
MAR10223	[8.4310167750605e-05]
MAR10224	[8.4310167750605e-05]
MAR10225	[8.4310167750605e-05]
MAR10226	[8.4310167750605e-05]
MAR10227	[8.4310167750605e-05]
MAR10228	[8.4310167750605e-05]
MAR10229	[8.4310167750605e-05]
MAR10230	[8.4310167750605e-05]
MAR10231	[8.4310167750605e-05]
MAR10232	[8.4310167750605e-05]
MAR10233	[8.4310167750605e-05]
MAR10234	[8.4310167750605e-05]
MAR10235	[8.4310167750605e-05]
MAR10236	[8.4310167750605e-05]
MAR10237	[8.4310167750605e-05]
MAR10238	[8.4310167750605e-05]
MAR10239	[8.4310167750605e-05]
MAR10240	[8.4310167750605e-05]
MAR10241	[8.4310167750605e-05]
MAR10242	[8.4310167750605e-05]
MAR10243	[8.4310167750605e-05]
MAR10244	[8.4310167750605e-05]
MAR10245	[8.4310167750605e-05]
MAR10246	[8.4310167750605e-05]
MAR10247	[8.4310167750605e-05]
MAR10248	[8.4310167750605e-05]
MAR10249	[8.4310167750605e-05]
MAR10250	[8.4310167750605e-05]
MAR10251	[8.4310167750605e-05]
MAR10252	[8.4310167750605e-05]
MAR10253	[8.4310167750605e-05]
MAR10254	[8.4310167750605e-05]
MAR10255	[8.4310167750605e-05]
MAR10256	[8.4310167750605e-05]
MAR10257	[8.4310167750605e-05]
MAR10258	[8.4310167750605e-05]
MAR10259	[8.4310167750605e-05]
MAR10260	[8.4310167750605e-05]
MAR10261	[8.4310167750605e-05]
MAR10262	[8.4310167750605e-05]
MAR10263	[8.4310167750605e-05]
MAR10264	[8.4310167750605e-05]
MAR10265	[8.4310167750605e-05]
MAR10266	[8.4310167750605e-05]
MAR10267	[8.4310167750605e-05]
MAR10268	[8.4310167750605e-05]
MAR10269	[8.4310167750605e-05]
MAR10270	[8.4310167750605e-05]
MAR10271	[8.4310167750605e-05]
MAR10272	[8.4310167750605e-05]
MAR10273	[8.4310167750605e-05]
MAR10274	[8.4310167750605e-05]
MAR10275	[8.4310167750605e-05]
MAR10276	[8.4310167750605e-05]
MAR10277	[8.4310167750605e-05]
MAR10278	[8.4310167750605e-05]
MAR10279	[8.4310167750605e-05]
MAR10280	[8.4310167750605e-05]
MAR10281	[8.4310167750605e-05]
MAR10282	[8.4310167750605e-05]
MAR10283	[8.4310167750605e-05]
MAR10284	[8.4310167750605e-05]
MAR10285	[8.4310167750605e-05]
MAR10286	[8.4310167750605e-05]
MAR10287	[8.4310167750605e-05]
MAR10288	[8.4310167750605e-05]
MAR10289	[8.4310167750605e-05]
MAR10290	[8.4310167750605e-05]
MAR10291	[8.4310167750605e-05]
MAR10292	[8.4310167750605e-05]
MAR10293	[8.4310167750605e-05]
MAR10294	[8.4310167750605e-05]
MAR10295	[8.4310167750605e-05]
MAR10296	[8.4310167750605e-05]
MAR10297	[8.4310167750605e-05]
MAR10298	[8.4310167750605e-05]
MAR10299	[8.4310167750605e-05]
MAR10300	[8.4310167750605e-05]
MAR10301	[8.4310167750605e-05]
MAR10302	[8.4310167750605e-05]
MAR10303	[8.4310167750605e-05]
MAR10304	[8.4310167750605e-05]
MAR10305	[8.4310167750605e-05]
MAR10306	[8.4310167750605e-05]
MAR10307	[8.4310167750605e-05]
MAR10308	[8.4310167750605e-05]
MAR10309	[8.4310167750605e-05]
MAR10310	[8.4310167750605e-05]
MAR10311	[8.4310167750605e-05]
MAR10312	[8.4310167750605e-05]
MAR10313	[8.4310167750605e-05]
MAR10314	[8.4310167750605e-05]
MAR10315	[8.4310167750605e-05]
MAR10316	[8.4310167750605e-05]
MAR10317	[8.4310167750605e-05]
MAR10318	[8.4310167750605e-05]
MAR10319	[8.4310167750605e-05]
MAR10320	[8.4310167750605e-05]
MAR10321	[8.4310167750605e-05]
MAR10322	[8.4310167750605e-05]
MAR10323	[8.4310167750605e-05]
MAR10324	[8.4310167750605e-05]
MAR10325	[8.4310167750605e-05]
MAR10326	[8.4310167750605e-05]
MAR10327	[8.4310167750605e-05]
MAR10328	[8.4310167750605e-05]
MAR10329	[8.4310167750605e-05]
MAR10330	[8.4310167750605e-05]
MAR10331	[8.4310167750605e-05]
MAR10332	[8.4310167750605e-05]
MAR10333	[8.4310167750605e-05]
MAR10334	[8.4310167750605e-05]
MAR10335	[8.4310167750605e-05]
MAR10336	[8.4310167750605e-05]
MAR10337	[8.4310167750605e-05]
MAR10338	[8.4310167750605e-05]
MAR10339	[8.4310167750605e-05]
MAR10340	[8.4310167750605e-05]
MAR10341	[8.4310167750605e-05]
MAR10342	[8.4310167750605e-05]
MAR10343	[8.4310167750605e-05]
MAR10344	[8.4310167750605e-05]
MAR10345	[8.4310167750605e-05]
MAR10346	[8.4310167750605e-05]
MAR10347	[8.4310167750605e-05]
MAR10348	[8.4310167750605e-05]
MAR10349	[8.4310167750605e-05]
MAR10350	[8.4310167750605e-05]
MAR10351	[8.4310167750605e-05]
MAR10352	[8.4310167750605e-05]
MAR10353	[8.4310167750605e-05]
MAR10354	[8.4310167750605e-05]
MAR10355	[8.4310167750605e-05]
MAR10356	[8.4310167750605e-05]
MAR10357	[8.4310167750605e-05]
MAR10358	[8.4310167750605e-05]
MAR10359	[8.4310167750605e-05]
MAR10360	[8.4310167750605e-05]
MAR10361	[8.4310167750605e-05]
MAR10362	[8.4310167750605e-05]
MAR10363	[8.4310167750605e-05]
MAR10364	[8.4310167750605e-05]
MAR10365	[8.4310167750605e-05]
MAR10366	[8.4310167750605e-05]
MAR10367	[8.4310167750605e-05]
MAR10368	[8.4310167750605e-05]
MAR10369	[8.4310167750605e-05]
MAR10370	[8.4310167750605e-05]
MAR10371	[8.4310167750605e-05]
MAR10372	[8.4310167750605e-05]
MAR10373	[8.4310167750605e-05]
MAR10374	[np.float64(6.713308228060648e-05)]
MAR10375	[8.4310167750605e-05]
MAR10376	[8.4310167750605e-05]
MAR10377	[np.float64(6.713308228060648e-05)]
MAR10378	[8.4310167750605e-05]
MAR10379	[8.4310167750605e-05]
MAR10380	[8.4310167750605e-05]
MAR10381	[8.4310167750605e-05]
MAR10382	[8.4310167750605e-05]
MAR10383	[8.4310167750605e-05]
MAR10384	[8.4310167750605e-05]
MAR10385	[8.4310167750605e-05]
MAR10386	[8.4310167750605e-05]
MAR10387	[8.4310167750605e-05]
MAR10388	[8.4310167750605e-05]
MAR10389	[8.4310167750605e-05]
MAR10390	[8.4310167750605e-05]
MAR10391	[8.4310167750605e-05]
MAR10392	[8.4310167750605e-05]
MAR10393	[8.4310167750605e-05]
MAR10394	[8.4310167750605e-05]
MAR10395	[8.4310167750605e-05]
MAR10396	[8.4310167750605e-05]
MAR10397	[8.4310167750605e-05]
MAR10398	[8.4310167750605e-05]
MAR10399	[8.4310167750605e-05]
MAR10400	[8.4310167750605e-05]
MAR10401	[8.4310167750605e-05]
MAR10402	[8.4310167750605e-05]
MAR10403	[8.4310167750605e-05]
MAR10404	[8.4310167750605e-05]
MAR10405	[8.4310167750605e-05]
MAR10406	[8.4310167750605e-05]
MAR10407	[8.4310167750605e-05]
MAR10408	[8.4310167750605e-05]
MAR10409	[8.4310167750605e-05]
MAR10411	[8.4310167750605e-05]
MAR10412	[8.4310167750605e-05]
MAR10413	[8.4310167750605e-05]
MAR10414	[8.4310167750605e-05]
MAR10415	[8.4310167750605e-05]
MAR10416	[8.4310167750605e-05]
MAR10417	[8.4310167750605e-05]
MAR10418	[8.4310167750605e-05]
MAR10419	[8.4310167750605e-05]
MAR10420	[8.4310167750605e-05]
MAR10421	[8.4310167750605e-05]
MAR10422	[8.4310167750605e-05]
MAR10423	[8.4310167750605e-05]
MAR10424	[8.4310167750605e-05]
MAR10425	[8.4310167750605e-05]
MAR10426	[8.4310167750605e-05]
MAR10427	[8.4310167750605e-05]
MAR10428	[8.4310167750605e-05]
MAR10429	[8.4310167750605e-05]
MAR10430	[8.4310167750605e-05]
MAR10431	[8.4310167750605e-05]
MAR10432	[8.4310167750605e-05]
MAR10434	[8.4310167750605e-05]
MAR10435	[8.4310167750605e-05]
MAR10436	[8.4310167750605e-05]
MAR10437	[8.4310167750605e-05]
MAR10438	[8.4310167750605e-05]
MAR10439	[8.4310167750605e-05]
MAR10440	[8.4310167750605e-05]
MAR10441	[8.4310167750605e-05]
MAR10442	[8.4310167750605e-05]
MAR10443	[8.4310167750605e-05]
MAR10444	[8.4310167750605e-05]
MAR10445	[0.005078061572815832]
MAR10446	[0.005078061572815832]
MAR10448	[8.4310167750605e-05]
MAR10449	[8.4310167750605e-05]
MAR10450	[8.4310167750605e-05]
MAR10451	[np.float64(6.713308228060648e-05)]
MAR10452	[np.float64(6.713308228060648e-05)]
MAR10453	[np.float64(6.713308228060648e-05)]
MAR10454	[np.float64(6.713308228060648e-05)]
MAR10455	[8.4310167750605e-05]
MAR10456	[8.4310167750605e-05]
MAR10457	[8.4310167750605e-05]
MAR10458	[8.4310167750605e-05]
MAR10459	[0.006287108860154966]
MAR10460	[0.006935796717097496]
MAR10461	[0.004214386547489437]
MAR10462	[0.006935796717097496]
MAR10463	[8.4310167750605e-05]
MAR10464	[0.00906218291663845]
MAR10465	[8.4310167750605e-05]
MAR10466	[8.4310167750605e-05]
MAR10468	[8.4310167750605e-05]
MAR10470	[8.4310167750605e-05]
MAR10472	[8.4310167750605e-05]
MAR10473	[8.4310167750605e-05]
MAR10474	[8.4310167750605e-05]
MAR10475	[8.4310167750605e-05]
MAR10476	[8.4310167750605e-05]
MAR10477	[8.4310167750605e-05]
MAR10478	[8.4310167750605e-05]
MAR10479	[8.4310167750605e-05]
MAR10480	[8.4310167750605e-05]
MAR10481	[8.4310167750605e-05]
MAR10482	[8.4310167750605e-05]
MAR10483	[8.4310167750605e-05]
MAR10484	[8.4310167750605e-05]
MAR10485	[8.4310167750605e-05]
MAR10486	[8.4310167750605e-05]
MAR10487	[8.4310167750605e-05]
MAR10488	[8.4310167750605e-05]
MAR10489	[8.4310167750605e-05]
MAR10490	[8.4310167750605e-05]
MAR10491	[8.4310167750605e-05]
MAR10492	[8.4310167750605e-05]
MAR10493	[8.4310167750605e-05]
MAR10494	[8.4310167750605e-05]
MAR10495	[8.4310167750605e-05]
MAR10496	[8.4310167750605e-05]
MAR10497	[8.4310167750605e-05]
MAR10498	[8.4310167750605e-05]
MAR10499	[8.4310167750605e-05]
MAR10500	[8.4310167750605e-05]
MAR10501	[8.4310167750605e-05]
MAR10502	[8.4310167750605e-05]
MAR10503	[8.4310167750605e-05]
MAR10504	[8.4310167750605e-05]
MAR10505	[8.4310167750605e-05]
MAR10506	[8.4310167750605e-05]
MAR10507	[8.4310167750605e-05]
MAR10508	[8.4310167750605e-05]
MAR10509	[8.4310167750605e-05]
MAR10510	[8.4310167750605e-05]
MAR10511	[8.4310167750605e-05]
MAR10512	[8.4310167750605e-05]
MAR10513	[8.4310167750605e-05]
MAR10514	[8.4310167750605e-05]
MAR10515	[8.4310167750605e-05]
MAR10516	[8.4310167750605e-05]
MAR10517	[8.4310167750605e-05]
MAR10518	[8.4310167750605e-05]
MAR10519	[8.4310167750605e-05]
MAR10520	[8.4310167750605e-05]
MAR10521	[8.4310167750605e-05]
MAR10522	[8.4310167750605e-05]
MAR10523	[8.4310167750605e-05]
MAR10524	[8.4310167750605e-05]
MAR10525	[8.4310167750605e-05]
MAR10526	[8.4310167750605e-05]
MAR10527	[8.4310167750605e-05]
MAR10528	[8.4310167750605e-05]
MAR10529	[8.4310167750605e-05]
MAR10530	[8.4310167750605e-05]
MAR10531	[8.4310167750605e-05]
MAR10532	[8.4310167750605e-05]
MAR10533	[8.4310167750605e-05]
MAR10534	[8.4310167750605e-05]
MAR10535	[8.4310167750605e-05]
MAR10536	[8.4310167750605e-05]
MAR10537	[8.4310167750605e-05]
MAR10538	[8.4310167750605e-05]
MAR10539	[8.4310167750605e-05]
MAR10540	[8.4310167750605e-05]
MAR10541	[8.4310167750605e-05]
MAR10542	[8.4310167750605e-05]
MAR10543	[8.4310167750605e-05]
MAR10544	[8.4310167750605e-05]
MAR10545	[8.4310167750605e-05]
MAR10546	[8.4310167750605e-05]
MAR10547	[8.4310167750605e-05]
MAR10548	[8.4310167750605e-05]
MAR10549	[8.4310167750605e-05]
MAR10550	[8.4310167750605e-05]
MAR10551	[8.4310167750605e-05]
MAR10552	[8.4310167750605e-05]
MAR10553	[8.4310167750605e-05]
MAR10554	[8.4310167750605e-05]
MAR10555	[8.4310167750605e-05]
MAR10556	[8.4310167750605e-05]
MAR10557	[8.4310167750605e-05]
MAR10558	[8.4310167750605e-05]
MAR10559	[8.4310167750605e-05]
MAR10560	[8.4310167750605e-05]
MAR10561	[8.4310167750605e-05]
MAR10562	[8.4310167750605e-05]
MAR10563	[8.4310167750605e-05]
MAR10564	[8.4310167750605e-05]
MAR10565	[8.4310167750605e-05]
MAR10566	[8.4310167750605e-05]
MAR10567	[8.4310167750605e-05]
MAR10568	[8.4310167750605e-05]
MAR10569	[8.4310167750605e-05]
MAR10570	[8.4310167750605e-05]
MAR10571	[8.4310167750605e-05]
MAR10572	[8.4310167750605e-05]
MAR10573	[8.4310167750605e-05]
MAR10574	[8.4310167750605e-05]
MAR10575	[8.4310167750605e-05]
MAR10576	[8.4310167750605e-05]
MAR10577	[8.4310167750605e-05]
MAR10578	[8.4310167750605e-05]
MAR10579	[8.4310167750605e-05]
MAR10580	[8.4310167750605e-05]
MAR10581	[8.4310167750605e-05]
MAR10582	[8.4310167750605e-05]
MAR10583	[8.4310167750605e-05]
MAR10584	[8.4310167750605e-05]
MAR10585	[8.4310167750605e-05]
MAR10586	[8.4310167750605e-05]
MAR10587	[8.4310167750605e-05]
MAR10588	[8.4310167750605e-05]
MAR10589	[8.4310167750605e-05]
MAR10590	[8.4310167750605e-05]
MAR10591	[8.4310167750605e-05]
MAR10592	[8.4310167750605e-05]
MAR10593	[8.4310167750605e-05]
MAR10594	[8.4310167750605e-05]
MAR10595	[8.4310167750605e-05]
MAR10596	[8.4310167750605e-05]
MAR10597	[8.4310167750605e-05]
MAR10598	[8.4310167750605e-05]
MAR10599	[8.4310167750605e-05]
MAR10600	[8.4310167750605e-05]
MAR10601	[8.4310167750605e-05]
MAR10602	[8.4310167750605e-05]
MAR10603	[8.4310167750605e-05]
MAR10604	[8.4310167750605e-05]
MAR10605	[8.4310167750605e-05]
MAR10606	[8.4310167750605e-05]
MAR10607	[8.4310167750605e-05]
MAR10608	[8.4310167750605e-05]
MAR10609	[8.4310167750605e-05]
MAR10610	[8.4310167750605e-05]
MAR10611	[8.4310167750605e-05]
MAR10612	[8.4310167750605e-05]
MAR10613	[8.4310167750605e-05]
MAR10614	[8.4310167750605e-05]
MAR10615	[8.4310167750605e-05]
MAR10616	[8.4310167750605e-05]
MAR10617	[8.4310167750605e-05]
MAR10618	[8.4310167750605e-05]
MAR10619	[8.4310167750605e-05]
MAR10620	[8.4310167750605e-05]
MAR10621	[8.4310167750605e-05]
MAR10622	[8.4310167750605e-05]
MAR10623	[8.4310167750605e-05]
MAR10624	[8.4310167750605e-05]
MAR10625	[8.4310167750605e-05]
MAR10626	[8.4310167750605e-05]
MAR10627	[8.4310167750605e-05]
MAR10628	[8.4310167750605e-05]
MAR10629	[8.4310167750605e-05]
MAR10630	[8.4310167750605e-05]
MAR10631	[8.4310167750605e-05]
MAR10632	[8.4310167750605e-05]
MAR10633	[8.4310167750605e-05]
MAR10634	[8.4310167750605e-05]
MAR10635	[8.4310167750605e-05]
MAR10636	[8.4310167750605e-05]
MAR10637	[8.4310167750605e-05]
MAR10638	[8.4310167750605e-05]
MAR10639	[8.4310167750605e-05]
MAR10640	[8.4310167750605e-05]
MAR10641	[8.4310167750605e-05]
MAR10642	[8.4310167750605e-05]
MAR10643	[8.4310167750605e-05]
MAR10644	[8.4310167750605e-05]
MAR10645	[8.4310167750605e-05]
MAR10646	[8.4310167750605e-05]
MAR10647	[8.4310167750605e-05]
MAR10648	[8.4310167750605e-05]
MAR10649	[8.4310167750605e-05]
MAR10650	[8.4310167750605e-05]
MAR10651	[8.4310167750605e-05]
MAR10652	[8.4310167750605e-05]
MAR10653	[8.4310167750605e-05]
MAR10654	[8.4310167750605e-05]
MAR10655	[8.4310167750605e-05]
MAR10656	[8.4310167750605e-05]
MAR10657	[8.4310167750605e-05]
MAR10658	[8.4310167750605e-05]
MAR10659	[8.4310167750605e-05]
MAR10660	[8.4310167750605e-05]
MAR10661	[8.4310167750605e-05]
MAR10662	[8.4310167750605e-05]
MAR10663	[8.4310167750605e-05]
MAR10664	[8.4310167750605e-05]
MAR10665	[8.4310167750605e-05]
MAR10666	[8.4310167750605e-05]
MAR10667	[8.4310167750605e-05]
MAR10668	[8.4310167750605e-05]
MAR10669	[8.4310167750605e-05]
MAR10670	[8.4310167750605e-05]
MAR10671	[8.4310167750605e-05]
MAR10672	[8.4310167750605e-05]
MAR10673	[8.4310167750605e-05]
MAR10674	[8.4310167750605e-05]
MAR10675	[8.4310167750605e-05]
MAR10676	[8.4310167750605e-05]
MAR10677	[8.4310167750605e-05]
MAR10678	[8.4310167750605e-05]
MAR10679	[8.4310167750605e-05]
MAR10680	[8.4310167750605e-05]
MAR10681	[8.4310167750605e-05]
MAR10682	[8.4310167750605e-05]
MAR10683	[8.4310167750605e-05]
MAR10684	[8.4310167750605e-05]
MAR10685	[8.4310167750605e-05]
MAR10686	[8.4310167750605e-05]
MAR10687	[8.4310167750605e-05]
MAR10688	[8.4310167750605e-05]
MAR10689	[8.4310167750605e-05]
MAR10690	[8.4310167750605e-05]
MAR10691	[8.4310167750605e-05]
MAR10692	[8.4310167750605e-05]
MAR10693	[8.4310167750605e-05]
MAR10694	[8.4310167750605e-05]
MAR10695	[8.4310167750605e-05]
MAR10696	[8.4310167750605e-05]
MAR10697	[8.4310167750605e-05]
MAR10698	[8.4310167750605e-05]
MAR10699	[8.4310167750605e-05]
MAR10700	[8.4310167750605e-05]
MAR10701	[8.4310167750605e-05]
MAR10702	[8.4310167750605e-05]
MAR10703	[8.4310167750605e-05]
MAR10704	[8.4310167750605e-05]
MAR10705	[8.4310167750605e-05]
MAR10706	[8.4310167750605e-05]
MAR10707	[8.4310167750605e-05]
MAR10708	[8.4310167750605e-05]
MAR10709	[8.4310167750605e-05]
MAR10710	[8.4310167750605e-05]
MAR10711	[8.4310167750605e-05]
MAR10712	[8.4310167750605e-05]
MAR10713	[8.4310167750605e-05]
MAR10714	[8.4310167750605e-05]
MAR10715	[8.4310167750605e-05]
MAR10716	[8.4310167750605e-05]
MAR10717	[8.4310167750605e-05]
MAR10718	[8.4310167750605e-05]
MAR10719	[8.4310167750605e-05]
MAR10720	[8.4310167750605e-05]
MAR10721	[8.4310167750605e-05]
MAR10722	[8.4310167750605e-05]
MAR10723	[8.4310167750605e-05]
MAR10724	[8.4310167750605e-05]
MAR10725	[8.4310167750605e-05]
MAR10726	[8.4310167750605e-05]
MAR10727	[8.4310167750605e-05]
MAR10728	[8.4310167750605e-05]
MAR10729	[8.4310167750605e-05]
MAR10730	[8.4310167750605e-05]
MAR10731	[8.4310167750605e-05]
MAR10732	[8.4310167750605e-05]
MAR10733	[8.4310167750605e-05]
MAR10734	[8.4310167750605e-05]
MAR10735	[8.4310167750605e-05]
MAR10736	[8.4310167750605e-05]
MAR10737	[8.4310167750605e-05]
MAR10738	[8.4310167750605e-05]
MAR10739	[np.float64(6.713308228060648e-05)]
MAR10740	[np.float64(6.713308228060648e-05)]
MAR10741	[np.float64(6.713308228060648e-05)]
MAR10742	[np.float64(6.713308228060648e-05)]
MAR10743	[np.float64(6.713308228060648e-05)]
MAR10744	[np.float64(6.713308228060648e-05)]
MAR10745	[np.float64(6.713308228060648e-05)]
MAR10746	[np.float64(6.713308228060648e-05)]
MAR10747	[np.float64(6.713308228060648e-05)]
MAR10748	[np.float64(6.713308228060648e-05)]
MAR10749	[np.float64(6.713308228060648e-05)]
MAR10750	[np.float64(6.713308228060648e-05)]
MAR10751	[np.float64(6.713308228060648e-05)]
MAR10752	[np.float64(6.713308228060648e-05)]
MAR10753	[np.float64(6.713308228060648e-05)]
MAR10754	[np.float64(6.713308228060648e-05)]
MAR10755	[np.float64(6.713308228060648e-05)]
MAR10756	[np.float64(6.713308228060648e-05)]
MAR10757	[np.float64(6.713308228060648e-05)]
MAR10758	[np.float64(6.713308228060648e-05)]
MAR10759	[np.float64(6.713308228060648e-05)]
MAR10760	[np.float64(6.713308228060648e-05)]
MAR10761	[np.float64(6.713308228060648e-05)]
MAR10762	[np.float64(6.713308228060648e-05)]
MAR10763	[np.float64(6.713308228060648e-05)]
MAR10764	[np.float64(6.713308228060648e-05)]
MAR10765	[np.float64(6.713308228060648e-05)]
MAR10766	[np.float64(6.713308228060648e-05)]
MAR10767	[np.float64(6.713308228060648e-05)]
MAR10768	[np.float64(6.713308228060648e-05)]
MAR10769	[np.float64(6.713308228060648e-05)]
MAR10770	[np.float64(6.713308228060648e-05)]
MAR10771	[np.float64(6.713308228060648e-05)]
MAR10772	[np.float64(6.713308228060648e-05)]
MAR10773	[np.float64(6.713308228060648e-05)]
MAR10774	[np.float64(6.713308228060648e-05)]
MAR10775	[np.float64(6.713308228060648e-05)]
MAR10776	[np.float64(6.713308228060648e-05)]
MAR10777	[np.float64(6.713308228060648e-05)]
MAR10778	[np.float64(6.713308228060648e-05)]
MAR10779	[np.float64(6.713308228060648e-05)]
MAR10780	[np.float64(6.713308228060648e-05)]
MAR10781	[np.float64(6.713308228060648e-05)]
MAR10782	[np.float64(6.713308228060648e-05)]
MAR10783	[np.float64(6.713308228060648e-05)]
MAR10784	[np.float64(6.713308228060648e-05)]
MAR10785	[np.float64(6.713308228060648e-05)]
MAR10786	[np.float64(6.713308228060648e-05)]
MAR10787	[np.float64(6.713308228060648e-05)]
MAR10788	[np.float64(6.713308228060648e-05)]
MAR10789	[np.float64(6.713308228060648e-05)]
MAR10790	[np.float64(6.713308228060648e-05)]
MAR10791	[np.float64(6.713308228060648e-05)]
MAR10792	[np.float64(6.713308228060648e-05)]
MAR10793	[np.float64(6.713308228060648e-05)]
MAR10794	[np.float64(6.713308228060648e-05)]
MAR10795	[np.float64(6.713308228060648e-05)]
MAR10796	[np.float64(6.713308228060648e-05)]
MAR10797	[np.float64(6.713308228060648e-05)]
MAR10798	[np.float64(6.713308228060648e-05)]
MAR10799	[np.float64(6.713308228060648e-05)]
MAR10800	[np.float64(6.713308228060648e-05)]
MAR10801	[np.float64(6.713308228060648e-05)]
MAR10802	[np.float64(6.713308228060648e-05)]
MAR10803	[np.float64(6.713308228060648e-05)]
MAR10804	[np.float64(6.713308228060648e-05)]
MAR10805	[np.float64(6.713308228060648e-05)]
MAR10806	[np.float64(6.713308228060648e-05)]
MAR10807	[np.float64(6.713308228060648e-05)]
MAR10808	[np.float64(6.713308228060648e-05)]
MAR10809	[np.float64(6.713308228060648e-05)]
MAR10810	[np.float64(6.713308228060648e-05)]
MAR10811	[np.float64(6.713308228060648e-05)]
MAR10812	[np.float64(6.713308228060648e-05)]
MAR10813	[np.float64(6.713308228060648e-05)]
MAR10814	[np.float64(6.713308228060648e-05)]
MAR10815	[np.float64(6.713308228060648e-05)]
MAR10816	[np.float64(6.713308228060648e-05)]
MAR10817	[np.float64(6.713308228060648e-05)]
MAR10818	[np.float64(6.713308228060648e-05)]
MAR10819	[np.float64(6.713308228060648e-05)]
MAR10820	[np.float64(6.713308228060648e-05)]
MAR10821	[np.float64(6.713308228060648e-05)]
MAR10822	[np.float64(6.713308228060648e-05)]
MAR10823	[np.float64(6.713308228060648e-05)]
MAR10824	[np.float64(6.713308228060648e-05)]
MAR10825	[np.float64(6.713308228060648e-05)]
MAR10826	[np.float64(6.713308228060648e-05)]
MAR10827	[np.float64(6.713308228060648e-05)]
MAR10828	[np.float64(6.713308228060648e-05)]
MAR10829	[np.float64(6.713308228060648e-05)]
MAR10830	[np.float64(6.713308228060648e-05)]
MAR10831	[np.float64(6.713308228060648e-05)]
MAR10832	[np.float64(6.713308228060648e-05)]
MAR10833	[np.float64(6.713308228060648e-05)]
MAR10834	[np.float64(6.713308228060648e-05)]
MAR10835	[np.float64(6.713308228060648e-05)]
MAR10836	[np.float64(6.713308228060648e-05)]
MAR10837	[np.float64(6.713308228060648e-05)]
MAR10838	[np.float64(6.713308228060648e-05)]
MAR10839	[np.float64(6.713308228060648e-05)]
MAR10840	[np.float64(6.713308228060648e-05)]
MAR10841	[np.float64(6.713308228060648e-05)]
MAR10842	[np.float64(6.713308228060648e-05)]
MAR10843	[np.float64(6.713308228060648e-05)]
MAR10844	[np.float64(6.713308228060648e-05)]
MAR10845	[np.float64(6.713308228060648e-05)]
MAR10846	[np.float64(6.713308228060648e-05)]
MAR10847	[np.float64(6.713308228060648e-05)]
MAR10848	[np.float64(6.713308228060648e-05)]
MAR10849	[np.float64(6.713308228060648e-05)]
MAR10850	[np.float64(6.713308228060648e-05)]
MAR10851	[np.float64(6.713308228060648e-05)]
MAR10852	[np.float64(6.713308228060648e-05)]
MAR10853	[np.float64(6.713308228060648e-05)]
MAR10854	[np.float64(6.713308228060648e-05)]
MAR10855	[np.float64(6.713308228060648e-05)]
MAR10856	[np.float64(6.713308228060648e-05)]
MAR10857	[np.float64(6.713308228060648e-05)]
MAR10858	[np.float64(6.713308228060648e-05)]
MAR10859	[np.float64(6.713308228060648e-05)]
MAR10860	[np.float64(6.713308228060648e-05)]
MAR10861	[np.float64(6.713308228060648e-05)]
MAR10862	[np.float64(6.713308228060648e-05)]
MAR10863	[np.float64(6.713308228060648e-05)]
MAR10864	[np.float64(6.713308228060648e-05)]
MAR10865	[np.float64(6.713308228060648e-05)]
MAR10866	[np.float64(6.713308228060648e-05)]
MAR10867	[np.float64(6.713308228060648e-05)]
MAR10868	[np.float64(6.713308228060648e-05)]
MAR10869	[np.float64(6.713308228060648e-05)]
MAR10870	[np.float64(6.713308228060648e-05)]
MAR10871	[np.float64(6.713308228060648e-05)]
MAR10872	[np.float64(6.713308228060648e-05)]
MAR10873	[np.float64(6.713308228060648e-05)]
MAR10874	[np.float64(6.713308228060648e-05)]
MAR10875	[np.float64(6.713308228060648e-05)]
MAR10876	[np.float64(6.713308228060648e-05)]
MAR10877	[np.float64(6.713308228060648e-05)]
MAR10878	[np.float64(6.713308228060648e-05)]
MAR10879	[np.float64(6.713308228060648e-05)]
MAR10880	[np.float64(6.713308228060648e-05)]
MAR10881	[np.float64(6.713308228060648e-05)]
MAR10882	[np.float64(6.713308228060648e-05)]
MAR10883	[np.float64(6.713308228060648e-05)]
MAR10884	[np.float64(6.713308228060648e-05)]
MAR10885	[np.float64(6.713308228060648e-05)]
MAR10886	[np.float64(6.713308228060648e-05)]
MAR10887	[np.float64(6.713308228060648e-05)]
MAR10888	[np.float64(6.713308228060648e-05)]
MAR10889	[np.float64(6.713308228060648e-05)]
MAR10890	[np.float64(6.713308228060648e-05)]
MAR10891	[np.float64(6.713308228060648e-05)]
MAR10892	[np.float64(6.713308228060648e-05)]
MAR10893	[np.float64(6.713308228060648e-05)]
MAR10894	[np.float64(6.713308228060648e-05)]
MAR10895	[np.float64(6.713308228060648e-05)]
MAR10896	[np.float64(6.713308228060648e-05)]
MAR10897	[np.float64(6.713308228060648e-05)]
MAR10898	[np.float64(6.713308228060648e-05)]
MAR10899	[np.float64(6.713308228060648e-05)]
MAR10900	[np.float64(6.713308228060648e-05)]
MAR10901	[np.float64(6.713308228060648e-05)]
MAR10902	[np.float64(6.713308228060648e-05)]
MAR10903	[np.float64(6.713308228060648e-05)]
MAR10904	[np.float64(6.713308228060648e-05)]
MAR10905	[np.float64(6.713308228060648e-05)]
MAR10906	[np.float64(6.713308228060648e-05)]
MAR10907	[np.float64(6.713308228060648e-05)]
MAR10908	[np.float64(6.713308228060648e-05)]
MAR10909	[np.float64(6.713308228060648e-05)]
MAR10910	[np.float64(6.713308228060648e-05)]
MAR10911	[np.float64(6.713308228060648e-05)]
MAR10912	[np.float64(6.713308228060648e-05)]
MAR10913	[np.float64(6.713308228060648e-05)]
MAR10914	[np.float64(6.713308228060648e-05)]
MAR10915	[np.float64(6.713308228060648e-05)]
MAR10916	[np.float64(6.713308228060648e-05)]
MAR10917	[np.float64(6.713308228060648e-05)]
MAR10918	[np.float64(6.713308228060648e-05)]
MAR10919	[np.float64(6.713308228060648e-05)]
MAR10920	[np.float64(6.713308228060648e-05)]
MAR10921	[np.float64(6.713308228060648e-05)]
MAR10922	[np.float64(6.713308228060648e-05)]
MAR10923	[np.float64(6.713308228060648e-05)]
MAR10924	[np.float64(6.713308228060648e-05)]
MAR10925	[np.float64(6.713308228060648e-05)]
MAR10926	[np.float64(6.713308228060648e-05)]
MAR10927	[np.float64(6.713308228060648e-05)]
MAR10928	[np.float64(6.713308228060648e-05)]
MAR10929	[np.float64(6.713308228060648e-05)]
MAR10930	[np.float64(6.713308228060648e-05)]
MAR10931	[np.float64(6.713308228060648e-05)]
MAR10932	[np.float64(6.713308228060648e-05)]
MAR10933	[np.float64(6.713308228060648e-05)]
MAR10934	[np.float64(6.713308228060648e-05)]
MAR10935	[np.float64(6.713308228060648e-05)]
MAR10936	[np.float64(6.713308228060648e-05)]
MAR10937	[np.float64(6.713308228060648e-05)]
MAR10938	[np.float64(6.713308228060648e-05)]
MAR10939	[np.float64(6.713308228060648e-05)]
MAR10940	[np.float64(6.713308228060648e-05)]
MAR10941	[np.float64(6.713308228060648e-05)]
MAR10942	[np.float64(6.713308228060648e-05)]
MAR10943	[np.float64(6.713308228060648e-05)]
MAR10944	[np.float64(6.713308228060648e-05)]
MAR10945	[np.float64(6.713308228060648e-05)]
MAR10946	[np.float64(6.713308228060648e-05)]
MAR10947	[np.float64(6.713308228060648e-05)]
MAR10948	[np.float64(6.713308228060648e-05)]
MAR10949	[np.float64(6.713308228060648e-05)]
MAR10950	[np.float64(6.713308228060648e-05)]
MAR10951	[np.float64(6.713308228060648e-05)]
MAR10952	[np.float64(6.713308228060648e-05)]
MAR10953	[np.float64(6.713308228060648e-05)]
MAR10954	[np.float64(6.713308228060648e-05)]
MAR10955	[np.float64(6.713308228060648e-05)]
MAR10956	[np.float64(6.713308228060648e-05)]
MAR10957	[np.float64(6.713308228060648e-05)]
MAR10958	[np.float64(6.713308228060648e-05)]
MAR10959	[np.float64(6.713308228060648e-05)]
MAR10960	[np.float64(6.713308228060648e-05)]
MAR10961	[np.float64(6.713308228060648e-05)]
MAR10962	[np.float64(6.713308228060648e-05)]
MAR10963	[np.float64(6.713308228060648e-05)]
MAR10964	[np.float64(6.713308228060648e-05)]
MAR10965	[np.float64(6.713308228060648e-05)]
MAR10966	[np.float64(6.713308228060648e-05)]
MAR10967	[np.float64(6.713308228060648e-05)]
MAR10968	[np.float64(6.713308228060648e-05)]
MAR10969	[np.float64(6.713308228060648e-05)]
MAR10970	[np.float64(6.713308228060648e-05)]
MAR10971	[np.float64(6.713308228060648e-05)]
MAR10972	[np.float64(6.713308228060648e-05)]
MAR10973	[np.float64(6.713308228060648e-05)]
MAR10974	[np.float64(6.713308228060648e-05)]
MAR10975	[np.float64(6.713308228060648e-05)]
MAR10976	[np.float64(6.713308228060648e-05)]
MAR10977	[np.float64(6.713308228060648e-05)]
MAR10978	[np.float64(6.713308228060648e-05)]
MAR10979	[np.float64(6.713308228060648e-05)]
MAR10980	[np.float64(6.713308228060648e-05)]
MAR10981	[8.4310167750605e-05]
MAR10982	[8.4310167750605e-05]
MAR10983	[8.4310167750605e-05]
MAR10984	[8.4310167750605e-05]
MAR10985	[8.4310167750605e-05]
MAR10986	[8.4310167750605e-05]
MAR10987	[8.4310167750605e-05]
MAR10988	[8.4310167750605e-05]
MAR10989	[8.4310167750605e-05]
MAR10990	[8.4310167750605e-05]
MAR10991	[8.4310167750605e-05]
MAR10992	[8.4310167750605e-05]
MAR10993	[8.4310167750605e-05]
MAR10994	[8.4310167750605e-05]
MAR10995	[8.4310167750605e-05]
MAR10996	[8.4310167750605e-05]
MAR10997	[8.4310167750605e-05]
MAR10998	[8.4310167750605e-05]
MAR10999	[8.4310167750605e-05]
MAR11000	[8.4310167750605e-05]
MAR11001	[8.4310167750605e-05]
MAR11002	[8.4310167750605e-05]
MAR11003	[8.4310167750605e-05]
MAR11004	[8.4310167750605e-05]
MAR11005	[8.4310167750605e-05]
MAR11006	[8.4310167750605e-05]
MAR11007	[8.4310167750605e-05]
MAR11008	[8.4310167750605e-05]
MAR11009	[8.4310167750605e-05]
MAR11010	[8.4310167750605e-05]
MAR11011	[8.4310167750605e-05]
MAR11012	[8.4310167750605e-05]
MAR11013	[8.4310167750605e-05]
MAR11014	[8.4310167750605e-05]
MAR11015	[8.4310167750605e-05]
MAR11016	[8.4310167750605e-05]
MAR11017	[8.4310167750605e-05]
MAR11018	[8.4310167750605e-05]
MAR11019	[8.4310167750605e-05]
MAR11020	[8.4310167750605e-05]
MAR11021	[8.4310167750605e-05]
MAR11022	[8.4310167750605e-05]
MAR11023	[8.4310167750605e-05]
MAR11024	[8.4310167750605e-05]
MAR11025	[8.4310167750605e-05]
MAR11026	[8.4310167750605e-05]
MAR11027	[8.4310167750605e-05]
MAR11028	[8.4310167750605e-05]
MAR11029	[8.4310167750605e-05]
MAR11030	[8.4310167750605e-05]
MAR11031	[8.4310167750605e-05]
MAR11032	[8.4310167750605e-05]
MAR11033	[8.4310167750605e-05]
MAR11034	[8.4310167750605e-05]
MAR11035	[8.4310167750605e-05]
MAR11036	[8.4310167750605e-05]
MAR11037	[8.4310167750605e-05]
MAR11038	[8.4310167750605e-05]
MAR11039	[8.4310167750605e-05]
MAR11040	[8.4310167750605e-05]
MAR11041	[8.4310167750605e-05]
MAR11042	[8.4310167750605e-05]
MAR11043	[8.4310167750605e-05]
MAR11044	[8.4310167750605e-05]
MAR11045	[8.4310167750605e-05]
MAR11046	[8.4310167750605e-05]
MAR11047	[8.4310167750605e-05]
MAR11048	[8.4310167750605e-05]
MAR11049	[8.4310167750605e-05]
MAR11050	[8.4310167750605e-05]
MAR11051	[8.4310167750605e-05]
MAR11052	[8.4310167750605e-05]
MAR11053	[8.4310167750605e-05]
MAR11054	[8.4310167750605e-05]
MAR11055	[8.4310167750605e-05]
MAR11056	[8.4310167750605e-05]
MAR11057	[8.4310167750605e-05]
MAR11058	[8.4310167750605e-05]
MAR11059	[8.4310167750605e-05]
MAR11060	[8.4310167750605e-05]
MAR11061	[8.4310167750605e-05]
MAR11062	[8.4310167750605e-05]
MAR11063	[8.4310167750605e-05]
MAR11064	[8.4310167750605e-05]
MAR11065	[8.4310167750605e-05]
MAR11066	[8.4310167750605e-05]
MAR11067	[8.4310167750605e-05]
MAR11068	[8.4310167750605e-05]
MAR11069	[8.4310167750605e-05]
MAR11070	[8.4310167750605e-05]
MAR11071	[8.4310167750605e-05]
MAR11072	[8.4310167750605e-05]
MAR11073	[8.4310167750605e-05]
MAR11074	[8.4310167750605e-05]
MAR11075	[8.4310167750605e-05]
MAR11076	[8.4310167750605e-05]
MAR11077	[8.4310167750605e-05]
MAR11078	[8.4310167750605e-05]
MAR11079	[8.4310167750605e-05]
MAR11080	[8.4310167750605e-05]
MAR11081	[8.4310167750605e-05]
MAR11082	[8.4310167750605e-05]
MAR11083	[8.4310167750605e-05]
MAR11084	[8.4310167750605e-05]
MAR11085	[8.4310167750605e-05]
MAR11086	[8.4310167750605e-05]
MAR11087	[8.4310167750605e-05]
MAR11088	[8.4310167750605e-05]
MAR11089	[8.4310167750605e-05]
MAR11090	[8.4310167750605e-05]
MAR11091	[8.4310167750605e-05]
MAR11092	[8.4310167750605e-05]
MAR11093	[8.4310167750605e-05]
MAR11094	[8.4310167750605e-05]
MAR11095	[8.4310167750605e-05]
MAR11096	[8.4310167750605e-05]
MAR11097	[8.4310167750605e-05]
MAR11098	[8.4310167750605e-05]
MAR11099	[8.4310167750605e-05]
MAR11100	[8.4310167750605e-05]
MAR11101	[8.4310167750605e-05]
MAR11102	[8.4310167750605e-05]
MAR11103	[8.4310167750605e-05]
MAR11104	[8.4310167750605e-05]
MAR11105	[8.4310167750605e-05]
MAR11106	[8.4310167750605e-05]
MAR11107	[8.4310167750605e-05]
MAR11108	[8.4310167750605e-05]
MAR11109	[8.4310167750605e-05]
MAR11110	[8.4310167750605e-05]
MAR11111	[8.4310167750605e-05]
MAR11112	[8.4310167750605e-05]
MAR11113	[8.4310167750605e-05]
MAR11114	[8.4310167750605e-05]
MAR11115	[8.4310167750605e-05]
MAR11116	[8.4310167750605e-05]
MAR11117	[8.4310167750605e-05]
MAR11118	[8.4310167750605e-05]
MAR11119	[8.4310167750605e-05]
MAR11120	[8.4310167750605e-05]
MAR11121	[8.4310167750605e-05]
MAR11122	[8.4310167750605e-05]
MAR11123	[8.4310167750605e-05]
MAR11124	[8.4310167750605e-05]
MAR11125	[8.4310167750605e-05]
MAR11126	[8.4310167750605e-05]
MAR11127	[8.4310167750605e-05]
MAR11128	[8.4310167750605e-05]
MAR11129	[8.4310167750605e-05]
MAR11130	[8.4310167750605e-05]
MAR11131	[8.4310167750605e-05]
MAR11132	[8.4310167750605e-05]
MAR11133	[8.4310167750605e-05]
MAR11134	[8.4310167750605e-05]
MAR11135	[8.4310167750605e-05]
MAR11136	[8.4310167750605e-05]
MAR11137	[8.4310167750605e-05]
MAR11138	[8.4310167750605e-05]
MAR11139	[8.4310167750605e-05]
MAR11140	[8.4310167750605e-05]
MAR11141	[8.4310167750605e-05]
MAR11142	[8.4310167750605e-05]
MAR11143	[8.4310167750605e-05]
MAR11144	[8.4310167750605e-05]
MAR11145	[8.4310167750605e-05]
MAR11146	[8.4310167750605e-05]
MAR11147	[8.4310167750605e-05]
MAR11148	[8.4310167750605e-05]
MAR11149	[8.4310167750605e-05]
MAR11150	[8.4310167750605e-05]
MAR11151	[8.4310167750605e-05]
MAR11152	[8.4310167750605e-05]
MAR11153	[8.4310167750605e-05]
MAR11154	[8.4310167750605e-05]
MAR11155	[8.4310167750605e-05]
MAR11156	[8.4310167750605e-05]
MAR11157	[8.4310167750605e-05]
MAR11158	[8.4310167750605e-05]
MAR11159	[8.4310167750605e-05]
MAR11160	[8.4310167750605e-05]
MAR11161	[8.4310167750605e-05]
MAR11162	[8.4310167750605e-05]
MAR11163	[8.4310167750605e-05]
MAR11164	[8.4310167750605e-05]
MAR11165	[8.4310167750605e-05]
MAR11166	[8.4310167750605e-05]
MAR11167	[8.4310167750605e-05]
MAR11168	[8.4310167750605e-05]
MAR11169	[8.4310167750605e-05]
MAR11170	[8.4310167750605e-05]
MAR11171	[8.4310167750605e-05]
MAR11172	[8.4310167750605e-05]
MAR11173	[8.4310167750605e-05]
MAR11174	[8.4310167750605e-05]
MAR11175	[8.4310167750605e-05]
MAR11176	[8.4310167750605e-05]
MAR11177	[8.4310167750605e-05]
MAR11178	[8.4310167750605e-05]
MAR11179	[8.4310167750605e-05]
MAR11180	[8.4310167750605e-05]
MAR11181	[8.4310167750605e-05]
MAR11182	[8.4310167750605e-05]
MAR11183	[8.4310167750605e-05]
MAR11184	[8.4310167750605e-05]
MAR11185	[8.4310167750605e-05]
MAR11186	[8.4310167750605e-05]
MAR11187	[8.4310167750605e-05]
MAR11188	[8.4310167750605e-05]
MAR11189	[8.4310167750605e-05]
MAR11190	[8.4310167750605e-05]
MAR11191	[8.4310167750605e-05]
MAR11192	[8.4310167750605e-05]
MAR11193	[8.4310167750605e-05]
MAR11194	[8.4310167750605e-05]
MAR11195	[8.4310167750605e-05]
MAR11196	[8.4310167750605e-05]
MAR11197	[8.4310167750605e-05]
MAR11198	[8.4310167750605e-05]
MAR11199	[8.4310167750605e-05]
MAR11200	[8.4310167750605e-05]
MAR11201	[8.4310167750605e-05]
MAR11202	[8.4310167750605e-05]
MAR11203	[8.4310167750605e-05]
MAR11204	[8.4310167750605e-05]
MAR11205	[8.4310167750605e-05]
MAR11206	[8.4310167750605e-05]
MAR11207	[8.4310167750605e-05]
MAR11208	[8.4310167750605e-05]
MAR11209	[8.4310167750605e-05]
MAR11210	[8.4310167750605e-05]
MAR11211	[8.4310167750605e-05]
MAR11212	[8.4310167750605e-05]
MAR11213	[8.4310167750605e-05]
MAR11214	[8.4310167750605e-05]
MAR11215	[8.4310167750605e-05]
MAR11216	[8.4310167750605e-05]
MAR11217	[8.4310167750605e-05]
MAR11218	[8.4310167750605e-05]
MAR11219	[8.4310167750605e-05]
MAR11220	[8.4310167750605e-05]
MAR11221	[8.4310167750605e-05]
MAR11222	[8.4310167750605e-05]
MAR11223	[0.00906218291663845]
MAR11224	[8.4310167750605e-05]
MAR11225	[8.4310167750605e-05]
MAR11226	[8.4310167750605e-05]
MAR11227	[8.4310167750605e-05]
MAR11228	[8.4310167750605e-05]
MAR11229	[8.4310167750605e-05]
MAR11230	[8.4310167750605e-05]
MAR11231	[8.4310167750605e-05]
MAR11232	[8.4310167750605e-05]
MAR11233	[8.4310167750605e-05]
MAR11234	[8.4310167750605e-05]
MAR11235	[8.4310167750605e-05]
MAR11236	[8.4310167750605e-05]
MAR11237	[8.4310167750605e-05]
MAR11238	[8.4310167750605e-05]
MAR11239	[8.4310167750605e-05]
MAR11240	[8.4310167750605e-05]
MAR11241	[8.4310167750605e-05]
MAR11242	[8.4310167750605e-05]
MAR11243	[8.4310167750605e-05]
MAR11244	[8.4310167750605e-05]
MAR11245	[8.4310167750605e-05]
MAR11246	[8.4310167750605e-05]
MAR11247	[8.4310167750605e-05]
MAR11248	[8.4310167750605e-05]
MAR11249	[8.4310167750605e-05]
MAR11250	[8.4310167750605e-05]
MAR11251	[8.4310167750605e-05]
MAR11252	[8.4310167750605e-05]
MAR11253	[8.4310167750605e-05]
MAR11254	[8.4310167750605e-05]
MAR11255	[8.4310167750605e-05]
MAR11256	[8.4310167750605e-05]
MAR11257	[8.4310167750605e-05]
MAR11258	[8.4310167750605e-05]
MAR11259	[8.4310167750605e-05]
MAR11260	[8.4310167750605e-05]
MAR11261	[8.4310167750605e-05]
MAR11262	[8.4310167750605e-05]
MAR11263	[8.4310167750605e-05]
MAR11264	[8.4310167750605e-05]
MAR11265	[8.4310167750605e-05]
MAR11266	[8.4310167750605e-05]
MAR11267	[8.4310167750605e-05]
MAR11268	[8.4310167750605e-05]
MAR11270	[8.4310167750605e-05]
MAR11271	[8.4310167750605e-05]
MAR11272	[8.4310167750605e-05]
MAR11274	[8.4310167750605e-05]
MAR11276	[8.4310167750605e-05]
MAR11277	[8.4310167750605e-05]
MAR11278	[8.4310167750605e-05]
MAR11279	[8.4310167750605e-05]
MAR11280	[8.4310167750605e-05]
MAR11281	[8.4310167750605e-05]
MAR11282	[8.4310167750605e-05]
MAR11283	[8.4310167750605e-05]
MAR11284	[8.4310167750605e-05]
MAR11285	[8.4310167750605e-05]
MAR11286	[8.4310167750605e-05]
MAR11287	[8.4310167750605e-05]
MAR11288	[8.4310167750605e-05]
MAR11289	[8.4310167750605e-05]
MAR11290	[8.4310167750605e-05]
MAR11291	[8.4310167750605e-05]
MAR11294	[np.float64(6.713308228060648e-05)]
MAR11295	[8.4310167750605e-05]
MAR11296	[8.4310167750605e-05]
MAR11297	[8.4310167750605e-05]
MAR11298	[8.4310167750605e-05]
MAR11299	[8.4310167750605e-05]
MAR11300	[8.4310167750605e-05]
MAR11301	[8.4310167750605e-05]
MAR11302	[8.4310167750605e-05]
MAR11303	[8.4310167750605e-05]
MAR11304	[8.4310167750605e-05]
MAR11305	[8.4310167750605e-05]
MAR11306	[8.4310167750605e-05]
MAR11307	[np.float64(6.713308228060648e-05)]
MAR11308	[8.4310167750605e-05]
MAR11309	[8.4310167750605e-05]
MAR11311	[8.4310167750605e-05]
MAR11312	[8.4310167750605e-05]
MAR11313	[8.4310167750605e-05]
MAR11314	[8.4310167750605e-05]
MAR11315	[8.4310167750605e-05]
MAR11316	[8.4310167750605e-05]
MAR11317	[8.4310167750605e-05]
MAR11318	[8.4310167750605e-05]
MAR11319	[8.4310167750605e-05]
MAR11320	[8.4310167750605e-05]
MAR11321	[8.4310167750605e-05]
MAR11322	[8.4310167750605e-05]
MAR11323	[8.4310167750605e-05]
MAR11324	[8.4310167750605e-05]
MAR11325	[8.4310167750605e-05]
MAR11326	[8.4310167750605e-05]
MAR11327	[8.4310167750605e-05]
MAR11328	[8.4310167750605e-05]
MAR11329	[8.4310167750605e-05]
MAR11330	[8.4310167750605e-05]
MAR11331	[8.4310167750605e-05]
MAR11332	[8.4310167750605e-05]
MAR11333	[8.4310167750605e-05]
MAR11334	[8.4310167750605e-05]
MAR11335	[8.4310167750605e-05]
MAR11336	[8.4310167750605e-05]
MAR11337	[8.4310167750605e-05]
MAR11338	[8.4310167750605e-05]
MAR11339	[8.4310167750605e-05]
MAR11340	[8.4310167750605e-05]
MAR11341	[8.4310167750605e-05]
MAR11342	[8.4310167750605e-05]
MAR11343	[8.4310167750605e-05]
MAR11344	[8.4310167750605e-05]
MAR11345	[8.4310167750605e-05]
MAR11346	[8.4310167750605e-05]
MAR11347	[8.4310167750605e-05]
MAR11348	[8.4310167750605e-05]
MAR11349	[8.4310167750605e-05]
MAR11350	[8.4310167750605e-05]
MAR11351	[8.4310167750605e-05]
MAR11352	[8.4310167750605e-05]
MAR11353	[8.4310167750605e-05]
MAR11354	[8.4310167750605e-05]
MAR11355	[8.4310167750605e-05]
MAR11356	[8.4310167750605e-05]
MAR11357	[8.4310167750605e-05]
MAR11358	[8.4310167750605e-05]
MAR11359	[8.4310167750605e-05]
MAR11360	[8.4310167750605e-05]
MAR11361	[8.4310167750605e-05]
MAR11362	[8.4310167750605e-05]
MAR11363	[8.4310167750605e-05]
MAR11364	[8.4310167750605e-05]
MAR11365	[8.4310167750605e-05]
MAR11366	[8.4310167750605e-05]
MAR11367	[8.4310167750605e-05]
MAR11368	[8.4310167750605e-05]
MAR11369	[8.4310167750605e-05]
MAR11370	[8.4310167750605e-05]
MAR11371	[8.4310167750605e-05]
MAR11372	[8.4310167750605e-05]
MAR11373	[8.4310167750605e-05]
MAR11374	[np.float64(6.713308228060648e-05)]
MAR11375	[0.004214386547489437]
MAR11376	[8.4310167750605e-05]
MAR11377	[np.float64(6.713308228060648e-05)]
MAR11378	[0.004214386547489437]
MAR11379	[8.4310167750605e-05]
MAR11380	[np.float64(6.713308228060648e-05)]
MAR11381	[0.004214386547489437]
MAR11382	[8.4310167750605e-05]
MAR11383	[np.float64(6.713308228060648e-05)]
MAR11384	[0.004214386547489437]
MAR11385	[8.4310167750605e-05]
MAR11386	[np.float64(6.713308228060648e-05)]
MAR11387	[8.4310167750605e-05]
MAR11388	[np.float64(6.713308228060648e-05)]
MAR11389	[0.004214386547489437]
MAR11390	[8.4310167750605e-05]
MAR11391	[8.4310167750605e-05]
MAR11392	[8.4310167750605e-05]
MAR11393	[8.4310167750605e-05]
MAR11394	[np.float64(6.713308228060648e-05)]
MAR11395	[0.0059643768572906234]
MAR11396	[3.018719623960039e-05]
MAR11397	[0.006935796717097496]
MAR11398	[8.4310167750605e-05]
MAR11399	[np.float64(6.713308228060648e-05)]
MAR11400	[8.4310167750605e-05]
MAR11401	[8.4310167750605e-05]
MAR11402	[8.4310167750605e-05]
MAR11403	[8.4310167750605e-05]
MAR11404	[8.4310167750605e-05]
MAR11405	[8.4310167750605e-05]
MAR11406	[8.4310167750605e-05]
MAR11407	[0.00906218291663845]
MAR11408	[np.float64(6.713308228060648e-05)]
MAR11409	[8.4310167750605e-05]
MAR11410	[0.00906218291663845]
MAR11411	[np.float64(6.713308228060648e-05)]
MAR11412	[0.00906218291663845]
MAR11413	[8.4310167750605e-05]
MAR11414	[np.float64(6.713308228060648e-05)]
MAR11415	[0.006935796717097496]
MAR11416	[np.float64(6.713308228060648e-05)]
MAR11417	[0.006935796717097496]
MAR11418	[0.006935796717097496]
MAR11419	[8.4310167750605e-05]
MAR11420	[8.4310167750605e-05]
MAR11422	[8.4310167750605e-05]
MAR11423	[8.4310167750605e-05]
MAR11424	[8.4310167750605e-05]
MAR11425	[8.4310167750605e-05]
MAR11426	[8.4310167750605e-05]
MAR11427	[8.4310167750605e-05]
MAR11428	[8.4310167750605e-05]
MAR11429	[8.4310167750605e-05]
MAR11430	[np.float64(6.713308228060648e-05)]
MAR11431	[8.4310167750605e-05]
MAR11432	[8.4310167750605e-05]
MAR11433	[np.float64(6.713308228060648e-05)]
MAR11434	[8.4310167750605e-05]
MAR11435	[8.4310167750605e-05]
MAR11436	[8.4310167750605e-05]
MAR11437	[8.4310167750605e-05]
MAR11438	[8.4310167750605e-05]
MAR11439	[8.4310167750605e-05]
MAR11440	[8.4310167750605e-05]
MAR11441	[8.4310167750605e-05]
MAR11442	[3.018719623960039e-05]
MAR11443	[np.float64(6.713308228060648e-05)]
MAR11444	[8.4310167750605e-05]
MAR11445	[8.4310167750605e-05]
MAR11446	[8.4310167750605e-05]
MAR11447	[8.4310167750605e-05]
MAR11448	[8.4310167750605e-05]
MAR11449	[8.4310167750605e-05]
MAR11450	[0.00906218291663845]
MAR11451	[8.4310167750605e-05]
MAR11452	[8.4310167750605e-05]
MAR11453	[0.00906218291663845]
MAR11454	[8.4310167750605e-05]
MAR11455	[8.4310167750605e-05]
MAR11456	[0.00906218291663845]
MAR11457	[8.4310167750605e-05]
MAR11458	[8.4310167750605e-05]
MAR11459	[8.4310167750605e-05]
MAR11460	[8.4310167750605e-05]
MAR11461	[8.4310167750605e-05]
MAR11462	[8.4310167750605e-05]
MAR11463	[8.4310167750605e-05]
MAR11464	[8.4310167750605e-05]
MAR11465	[8.4310167750605e-05]
MAR11466	[8.4310167750605e-05]
MAR11467	[np.float64(6.713308228060648e-05)]
MAR11468	[8.4310167750605e-05]
MAR11469	[8.4310167750605e-05]
MAR11470	[8.4310167750605e-05]
MAR11471	[8.4310167750605e-05]
MAR11472	[8.4310167750605e-05]
MAR11473	[8.4310167750605e-05]
MAR11474	[8.4310167750605e-05]
MAR11475	[8.4310167750605e-05]
MAR11476	[2.9037379183842352e-05]
MAR11477	[8.4310167750605e-05]
MAR11478	[8.4310167750605e-05]
MAR11479	[2.9037379183842352e-05]
MAR11480	[8.4310167750605e-05]
MAR11481	[8.4310167750605e-05]
MAR11482	[8.4310167750605e-05]
MAR11483	[8.4310167750605e-05]
MAR11484	[8.4310167750605e-05]
MAR11485	[8.4310167750605e-05]
MAR11486	[np.float64(6.713308228060648e-05)]
MAR11487	[8.4310167750605e-05]
MAR11488	[8.4310167750605e-05]
MAR11489	[8.4310167750605e-05]
MAR11490	[8.4310167750605e-05]
MAR11491	[8.4310167750605e-05]
MAR11492	[8.4310167750605e-05]
MAR11493	[8.4310167750605e-05]
MAR11494	[8.4310167750605e-05]
MAR11495	[8.4310167750605e-05]
MAR11496	[8.4310167750605e-05]
MAR11497	[8.4310167750605e-05]
MAR11498	[8.4310167750605e-05]
MAR11499	[8.4310167750605e-05]
MAR11500	[8.4310167750605e-05]
MAR11501	[8.4310167750605e-05]
MAR11502	[0.006287108860154966]
MAR11503	[8.4310167750605e-05]
MAR11504	[8.4310167750605e-05]
MAR11505	[8.4310167750605e-05]
MAR11506	[8.4310167750605e-05]
MAR11507	[8.4310167750605e-05]
MAR11508	[8.4310167750605e-05]
MAR11509	[0.006287108860154966]
MAR11510	[8.4310167750605e-05]
MAR11511	[8.4310167750605e-05]
MAR11512	[8.4310167750605e-05]
MAR11513	[8.4310167750605e-05]
MAR11514	[np.float64(6.713308228060648e-05)]
MAR11515	[8.4310167750605e-05]
MAR11516	[8.4310167750605e-05]
MAR11517	[8.4310167750605e-05]
MAR11518	[0.00906218291663845]
MAR11519	[8.4310167750605e-05]
MAR11520	[8.4310167750605e-05]
MAR11521	[8.4310167750605e-05]
MAR11522	[8.4310167750605e-05]
MAR11523	[8.4310167750605e-05]
MAR11524	[8.4310167750605e-05]
MAR11525	[8.4310167750605e-05]
MAR11526	[8.4310167750605e-05]
MAR11527	[8.4310167750605e-05]
MAR11528	[8.4310167750605e-05]
MAR11529	[np.float64(6.713308228060648e-05)]
MAR11530	[8.4310167750605e-05]
MAR11531	[8.4310167750605e-05]
MAR11532	[8.4310167750605e-05]
MAR11533	[8.4310167750605e-05]
MAR11534	[np.float64(6.713308228060648e-05)]
MAR11535	[8.4310167750605e-05]
MAR11536	[8.4310167750605e-05]
MAR11537	[8.4310167750605e-05]
MAR11538	[8.4310167750605e-05]
MAR11539	[np.float64(6.713308228060648e-05)]
MAR11540	[8.4310167750605e-05]
MAR11541	[8.4310167750605e-05]
MAR11542	[8.4310167750605e-05]
MAR11543	[8.4310167750605e-05]
MAR11544	[0.00906218291663845]
MAR11545	[8.4310167750605e-05]
MAR11546	[8.4310167750605e-05]
MAR11547	[8.4310167750605e-05]
MAR11548	[8.4310167750605e-05]
MAR11549	[8.4310167750605e-05]
MAR11550	[8.4310167750605e-05]
MAR11551	[8.4310167750605e-05]
MAR11552	[8.4310167750605e-05]
MAR11553	[8.4310167750605e-05]
MAR11554	[8.4310167750605e-05]
MAR11555	[0.006287108860154966]
MAR11556	[8.4310167750605e-05]
MAR11557	[8.4310167750605e-05]
MAR11558	[8.4310167750605e-05]
MAR11559	[8.4310167750605e-05]
MAR11560	[8.4310167750605e-05]
MAR11561	[8.4310167750605e-05]
MAR11562	[0.006287108860154966]
MAR11563	[8.4310167750605e-05]
MAR11564	[8.4310167750605e-05]
MAR11565	[8.4310167750605e-05]
MAR11566	[8.4310167750605e-05]
MAR11567	[8.4310167750605e-05]
MAR11568	[8.4310167750605e-05]
MAR11569	[8.4310167750605e-05]
MAR11570	[8.4310167750605e-05]
MAR11571	[8.4310167750605e-05]
MAR11572	[np.float64(6.713308228060648e-05)]
MAR11573	[8.4310167750605e-05]
MAR11574	[8.4310167750605e-05]
MAR11575	[8.4310167750605e-05]
MAR11576	[8.4310167750605e-05]
MAR11577	[5.108917658270245e-05]
MAR11578	[5.108917658270245e-05]
MAR11579	[8.4310167750605e-05]
MAR11580	[8.4310167750605e-05]
MAR11581	[5.108917658270245e-05]
MAR11582	[np.float64(6.713308228060648e-05)]
MAR11583	[8.4310167750605e-05]
MAR11584	[8.4310167750605e-05]
MAR11585	[8.4310167750605e-05]
MAR11586	[8.4310167750605e-05]
MAR11587	[np.float64(6.713308228060648e-05)]
MAR11588	[np.float64(6.713308228060648e-05)]
MAR11589	[np.float64(6.713308228060648e-05)]
MAR11590	[np.float64(6.713308228060648e-05)]
MAR11591	[np.float64(6.713308228060648e-05)]
MAR11592	[np.float64(6.713308228060648e-05)]
MAR11593	[np.float64(6.713308228060648e-05)]
MAR11594	[np.float64(6.713308228060648e-05)]
MAR11595	[np.float64(6.713308228060648e-05)]
MAR11596	[np.float64(6.713308228060648e-05)]
MAR11597	[np.float64(6.713308228060648e-05)]
MAR11598	[np.float64(6.713308228060648e-05)]
MAR11599	[np.float64(6.713308228060648e-05)]
MAR11600	[np.float64(6.713308228060648e-05)]
MAR11601	[np.float64(6.713308228060648e-05)]
MAR11602	[np.float64(6.713308228060648e-05)]
MAR11603	[np.float64(6.713308228060648e-05)]
MAR11604	[np.float64(6.713308228060648e-05)]
MAR11605	[np.float64(6.713308228060648e-05)]
MAR11606	[np.float64(6.713308228060648e-05)]
MAR11607	[np.float64(6.713308228060648e-05)]
MAR11608	[np.float64(6.713308228060648e-05)]
MAR11609	[np.float64(6.713308228060648e-05)]
MAR11610	[np.float64(6.713308228060648e-05)]
MAR11611	[np.float64(6.713308228060648e-05)]
MAR11612	[np.float64(6.713308228060648e-05)]
MAR11613	[np.float64(6.713308228060648e-05)]
MAR11614	[np.float64(6.713308228060648e-05)]
MAR11615	[np.float64(6.713308228060648e-05)]
MAR11616	[np.float64(6.713308228060648e-05)]
MAR11617	[np.float64(6.713308228060648e-05)]
MAR11618	[np.float64(6.713308228060648e-05)]
MAR11619	[np.float64(6.713308228060648e-05)]
MAR11620	[np.float64(6.713308228060648e-05)]
MAR11621	[np.float64(6.713308228060648e-05)]
MAR11622	[np.float64(6.713308228060648e-05)]
MAR11623	[np.float64(6.713308228060648e-05)]
MAR11624	[np.float64(6.713308228060648e-05)]
MAR11625	[np.float64(6.713308228060648e-05)]
MAR11626	[np.float64(6.713308228060648e-05)]
MAR11627	[np.float64(6.713308228060648e-05)]
MAR11628	[np.float64(6.713308228060648e-05)]
MAR11629	[8.4310167750605e-05]
MAR11630	[8.4310167750605e-05]
MAR11631	[8.4310167750605e-05]
MAR11632	[8.4310167750605e-05]
MAR11633	[8.4310167750605e-05]
MAR11634	[8.4310167750605e-05]
MAR11635	[8.4310167750605e-05]
MAR11636	[8.4310167750605e-05]
MAR11637	[8.4310167750605e-05]
MAR11638	[8.4310167750605e-05]
MAR11639	[8.4310167750605e-05]
MAR11640	[8.4310167750605e-05]
MAR11641	[8.4310167750605e-05]
MAR11642	[8.4310167750605e-05]
MAR11643	[8.4310167750605e-05]
MAR11644	[8.4310167750605e-05]
MAR11645	[8.4310167750605e-05]
MAR11646	[8.4310167750605e-05]
MAR11647	[np.float64(6.713308228060648e-05)]
MAR11648	[np.float64(6.713308228060648e-05)]
MAR11653	[8.4310167750605e-05]
MAR11654	[8.4310167750605e-05]
MAR11655	[8.4310167750605e-05]
MAR11656	[8.4310167750605e-05]
MAR11657	[8.4310167750605e-05]
MAR11658	[8.4310167750605e-05]
MAR11659	[8.4310167750605e-05]
MAR11660	[8.4310167750605e-05]
MAR11661	[8.4310167750605e-05]
MAR11662	[8.4310167750605e-05]
MAR11663	[8.4310167750605e-05]
MAR11664	[8.4310167750605e-05]
MAR11665	[8.4310167750605e-05]
MAR11666	[8.4310167750605e-05]
MAR11667	[8.4310167750605e-05]
MAR11668	[8.4310167750605e-05]
MAR11669	[8.4310167750605e-05]
MAR11670	[8.4310167750605e-05]
MAR11671	[8.4310167750605e-05]
MAR11672	[8.4310167750605e-05]
MAR11673	[8.4310167750605e-05]
MAR11674	[8.4310167750605e-05]
MAR11675	[8.4310167750605e-05]
MAR11676	[8.4310167750605e-05]
MAR11677	[8.4310167750605e-05]
MAR11678	[8.4310167750605e-05]
MAR11679	[8.4310167750605e-05]
MAR11680	[8.4310167750605e-05]
MAR11681	[8.4310167750605e-05]
MAR11682	[8.4310167750605e-05]
MAR11683	[8.4310167750605e-05]
MAR11684	[8.4310167750605e-05]
MAR11685	[8.4310167750605e-05]
MAR11686	[8.4310167750605e-05]
MAR11687	[8.4310167750605e-05]
MAR11688	[8.4310167750605e-05]
MAR11689	[8.4310167750605e-05]
MAR11690	[8.4310167750605e-05]
MAR11691	[8.4310167750605e-05]
MAR11692	[8.4310167750605e-05]
MAR11693	[8.4310167750605e-05]
MAR11694	[8.4310167750605e-05]
MAR11695	[np.float64(6.713308228060648e-05)]
MAR11696	[np.float64(6.713308228060648e-05)]
MAR11698	[np.float64(6.713308228060648e-05)]
MAR11700	[np.float64(6.713308228060648e-05)]
MAR11702	[np.float64(6.713308228060648e-05)]
MAR11704	[np.float64(6.713308228060648e-05)]
MAR11706	[np.float64(6.713308228060648e-05)]
MAR11708	[np.float64(6.713308228060648e-05)]
MAR11710	[np.float64(6.713308228060648e-05)]
MAR11712	[np.float64(6.713308228060648e-05)]
MAR11714	[np.float64(6.713308228060648e-05)]
MAR11716	[np.float64(6.713308228060648e-05)]
MAR11718	[np.float64(6.713308228060648e-05)]
MAR11720	[np.float64(6.713308228060648e-05)]
MAR11722	[np.float64(6.713308228060648e-05)]
MAR11724	[np.float64(6.713308228060648e-05)]
MAR11726	[np.float64(6.713308228060648e-05)]
MAR11728	[8.4310167750605e-05]
MAR11730	[8.4310167750605e-05]
MAR11731	[0.00906218291663845]
MAR11732	[8.4310167750605e-05]
MAR11733	[8.4310167750605e-05]
MAR11734	[0.00906218291663845]
MAR11735	[8.4310167750605e-05]
MAR11736	[np.float64(6.713308228060648e-05)]
MAR11737	[0.006935796717097496]
MAR11738	[8.4310167750605e-05]
MAR11739	[8.4310167750605e-05]
MAR11740	[np.float64(6.713308228060648e-05)]
MAR11741	[0.006935796717097496]
MAR11742	[8.4310167750605e-05]
MAR11743	[8.4310167750605e-05]
MAR11744	[0.00906218291663845]
MAR11745	[np.float64(6.713308228060648e-05)]
MAR11746	[0.006935796717097496]
MAR11747	[8.4310167750605e-05]
MAR11748	[8.4310167750605e-05]
MAR11749	[np.float64(6.713308228060648e-05)]
MAR11750	[8.4310167750605e-05]
MAR11751	[8.4310167750605e-05]
MAR11752	[np.float64(6.713308228060648e-05)]
MAR11753	[0.006935796717097496]
MAR11754	[8.4310167750605e-05]
MAR11755	[8.4310167750605e-05]
MAR11756	[0.008814714230434605]
MAR11757	[0.007224878176543248]
MAR11758	[0.007224878176543248]
MAR11759	[0.007224878176543248]
MAR11760	[0.007224878176543248]
MAR11761	[0.007224878176543248]
MAR11762	[0.007224878176543248]
MAR11763	[0.007224878176543248]
MAR11764	[0.007224878176543248]
MAR11765	[0.007224878176543248]
MAR11766	[0.007224878176543248]
MAR11767	[0.007224878176543248]
MAR11768	[0.007224878176543248]
MAR11769	[0.007224878176543248]
MAR11770	[0.007224878176543248]
MAR11771	[0.007224878176543248]
MAR11772	[0.007224878176543248]
MAR11773	[0.007224878176543248]
MAR11774	[0.007224878176543248]
MAR11775	[0.00906218291663845]
MAR11776	[8.4310167750605e-05]
MAR11777	[0.006935796717097496]
MAR11778	[np.float64(6.713308228060648e-05)]
MAR11779	[0.00906218291663845]
MAR11780	[3.018719623960039e-05]
MAR11781	[0.0043702273628809275]
MAR11782	[np.float64(6.713308228060648e-05)]
MAR11783	[0.00906218291663845]
MAR11784	[0.00906218291663845]
MAR11785	[0.006907934860084768]
MAR11786	[np.float64(6.713308228060648e-05)]
MAR11787	[np.float64(6.713308228060648e-05)]
MAR11788	[0.0059643768572906234]
MAR11789	[0.0059643768572906234]
MAR11790	[0.0059643768572906234]
MAR11791	[2.9760986965356928e-05]
MAR11792	[np.float64(6.713308228060648e-05)]
MAR11793	[np.float64(6.713308228060648e-05)]
MAR11794	[np.float64(6.713308228060648e-05)]
MAR11795	[np.float64(6.713308228060648e-05)]
MAR11796	[np.float64(6.713308228060648e-05)]
MAR11797	[np.float64(6.713308228060648e-05)]
MAR11798	[np.float64(6.713308228060648e-05)]
MAR11799	[8.4310167750605e-05]
MAR11800	[np.float64(6.713308228060648e-05)]
MAR11801	[np.float64(6.713308228060648e-05)]
MAR11802	[np.float64(6.713308228060648e-05)]
MAR11803	[0.0059643768572906234]
MAR11804	[2.9037379183842352e-05]
MAR11805	[np.float64(6.713308228060648e-05)]
MAR11806	[np.float64(6.713308228060648e-05)]
MAR11807	[np.float64(6.713308228060648e-05)]
MAR11808	[2.948732197229683e-05]
MAR11809	[np.float64(6.713308228060648e-05)]
MAR11810	[2.9037379183842352e-05]
MAR11811	[0.00906218291663845]
MAR11812	[0.00906218291663845]
MAR11813	[0.00906218291663845]
MAR11814	[0.00906218291663845]
MAR11815	[np.float64(6.713308228060648e-05)]
MAR11816	[8.4310167750605e-05]
MAR11817	[8.4310167750605e-05]
MAR11818	[8.4310167750605e-05]
MAR11819	[8.4310167750605e-05]
MAR11820	[8.4310167750605e-05]
MAR11821	[8.4310167750605e-05]
MAR11822	[8.4310167750605e-05]
MAR11823	[8.4310167750605e-05]
MAR11824	[8.4310167750605e-05]
MAR11825	[8.4310167750605e-05]
MAR11826	[8.4310167750605e-05]
MAR11827	[8.4310167750605e-05]
MAR11828	[8.4310167750605e-05]
MAR11829	[8.4310167750605e-05]
MAR11830	[8.4310167750605e-05]
MAR11831	[8.4310167750605e-05]
MAR11832	[8.4310167750605e-05]
MAR11833	[8.4310167750605e-05]
MAR11834	[8.4310167750605e-05]
MAR11835	[8.4310167750605e-05]
MAR11836	[8.4310167750605e-05]
MAR11837	[8.4310167750605e-05]
MAR11838	[8.4310167750605e-05]
MAR11839	[8.4310167750605e-05]
MAR11840	[8.4310167750605e-05]
MAR11841	[8.4310167750605e-05]
MAR11842	[8.4310167750605e-05]
MAR11843	[8.4310167750605e-05]
MAR11844	[8.4310167750605e-05]
MAR11845	[8.4310167750605e-05]
MAR11846	[8.4310167750605e-05]
MAR11847	[8.4310167750605e-05]
MAR11848	[8.4310167750605e-05]
MAR11849	[8.4310167750605e-05]
MAR11850	[8.4310167750605e-05]
MAR11851	[8.4310167750605e-05]
MAR11852	[8.4310167750605e-05]
MAR11853	[8.4310167750605e-05]
MAR11854	[8.4310167750605e-05]
MAR11855	[8.4310167750605e-05]
MAR11856	[8.4310167750605e-05]
MAR11857	[8.4310167750605e-05]
MAR11858	[8.4310167750605e-05]
MAR11859	[8.4310167750605e-05]
MAR11860	[8.4310167750605e-05]
MAR11861	[8.4310167750605e-05]
MAR11862	[8.4310167750605e-05]
MAR11863	[8.4310167750605e-05]
MAR11864	[8.4310167750605e-05]
MAR11865	[8.4310167750605e-05]
MAR11866	[8.4310167750605e-05]
MAR11867	[8.4310167750605e-05]
MAR11868	[8.4310167750605e-05]
MAR11869	[8.4310167750605e-05]
MAR11870	[8.4310167750605e-05]
MAR11871	[8.4310167750605e-05]
MAR11872	[8.4310167750605e-05]
MAR11873	[8.4310167750605e-05]
MAR11874	[8.4310167750605e-05]
MAR11875	[8.4310167750605e-05]
MAR11876	[8.4310167750605e-05]
MAR11877	[8.4310167750605e-05]
MAR11878	[8.4310167750605e-05]
MAR11879	[8.4310167750605e-05]
MAR11880	[8.4310167750605e-05]
MAR11881	[8.4310167750605e-05]
MAR11882	[8.4310167750605e-05]
MAR11883	[8.4310167750605e-05]
MAR11884	[8.4310167750605e-05]
MAR11885	[8.4310167750605e-05]
MAR11886	[8.4310167750605e-05]
MAR11887	[8.4310167750605e-05]
MAR11888	[8.4310167750605e-05]
MAR11889	[8.4310167750605e-05]
MAR11890	[8.4310167750605e-05]
MAR11891	[8.4310167750605e-05]
MAR11892	[8.4310167750605e-05]
MAR11893	[8.4310167750605e-05]
MAR11894	[8.4310167750605e-05]
MAR11895	[8.4310167750605e-05]
MAR11896	[8.4310167750605e-05]
MAR11897	[8.4310167750605e-05]
MAR11898	[8.4310167750605e-05]
MAR11899	[8.4310167750605e-05]
MAR11900	[8.4310167750605e-05]
MAR11901	[8.4310167750605e-05]
MAR11902	[8.4310167750605e-05]
MAR11903	[8.4310167750605e-05]
MAR11904	[8.4310167750605e-05]
MAR11905	[8.4310167750605e-05]
MAR11906	[8.4310167750605e-05]
MAR11907	[8.4310167750605e-05]
MAR11908	[8.4310167750605e-05]
MAR11909	[8.4310167750605e-05]
MAR11910	[8.4310167750605e-05]
MAR11911	[8.4310167750605e-05]
MAR11912	[8.4310167750605e-05]
MAR11913	[8.4310167750605e-05]
MAR11914	[8.4310167750605e-05]
MAR11915	[8.4310167750605e-05]
MAR11916	[8.4310167750605e-05]
MAR11917	[8.4310167750605e-05]
MAR11918	[8.4310167750605e-05]
MAR11919	[8.4310167750605e-05]
MAR11920	[8.4310167750605e-05]
MAR11921	[8.4310167750605e-05]
MAR11922	[8.4310167750605e-05]
MAR11923	[8.4310167750605e-05]
MAR11924	[8.4310167750605e-05]
MAR11925	[8.4310167750605e-05]
MAR11926	[8.4310167750605e-05]
MAR11927	[8.4310167750605e-05]
MAR11928	[8.4310167750605e-05]
MAR11929	[8.4310167750605e-05]
MAR11930	[8.4310167750605e-05]
MAR11931	[8.4310167750605e-05]
MAR11932	[8.4310167750605e-05]
MAR11933	[8.4310167750605e-05]
MAR11934	[8.4310167750605e-05]
MAR11935	[8.4310167750605e-05]
MAR11936	[8.4310167750605e-05]
MAR11937	[8.4310167750605e-05]
MAR11938	[8.4310167750605e-05]
MAR11939	[8.4310167750605e-05]
MAR11940	[8.4310167750605e-05]
MAR11941	[8.4310167750605e-05]
MAR11942	[8.4310167750605e-05]
MAR11943	[8.4310167750605e-05]
MAR11944	[8.4310167750605e-05]
MAR11945	[8.4310167750605e-05]
MAR11946	[8.4310167750605e-05]
MAR11947	[8.4310167750605e-05]
MAR11948	[8.4310167750605e-05]
MAR11949	[8.4310167750605e-05]
MAR11950	[8.4310167750605e-05]
MAR11951	[8.4310167750605e-05]
MAR11952	[8.4310167750605e-05]
MAR11953	[8.4310167750605e-05]
MAR11954	[8.4310167750605e-05]
MAR11955	[8.4310167750605e-05]
MAR11956	[8.4310167750605e-05]
MAR11957	[8.4310167750605e-05]
MAR11958	[8.4310167750605e-05]
MAR11959	[8.4310167750605e-05]
MAR11960	[8.4310167750605e-05]
MAR11961	[8.4310167750605e-05]
MAR11962	[8.4310167750605e-05]
MAR11963	[8.4310167750605e-05]
MAR11964	[8.4310167750605e-05]
MAR11965	[8.4310167750605e-05]
MAR11966	[8.4310167750605e-05]
MAR11967	[8.4310167750605e-05]
MAR11968	[8.4310167750605e-05]
MAR11969	[8.4310167750605e-05]
MAR11970	[8.4310167750605e-05]
MAR11971	[8.4310167750605e-05]
MAR11972	[8.4310167750605e-05]
MAR11973	[8.4310167750605e-05]
MAR11974	[8.4310167750605e-05]
MAR11975	[8.4310167750605e-05]
MAR11976	[8.4310167750605e-05]
MAR11977	[8.4310167750605e-05]
MAR11978	[8.4310167750605e-05]
MAR11979	[8.4310167750605e-05]
MAR11980	[8.4310167750605e-05]
MAR11981	[8.4310167750605e-05]
MAR11982	[8.4310167750605e-05]
MAR11983	[8.4310167750605e-05]
MAR11984	[8.4310167750605e-05]
MAR11985	[8.4310167750605e-05]
MAR11986	[8.4310167750605e-05]
MAR11987	[8.4310167750605e-05]
MAR11989	[8.4310167750605e-05]
MAR11990	[8.4310167750605e-05]
MAR11992	[8.4310167750605e-05]
MAR11993	[8.4310167750605e-05]
MAR11995	[8.4310167750605e-05]
MAR11996	[8.4310167750605e-05]
MAR11998	[8.4310167750605e-05]
MAR11999	[8.4310167750605e-05]
MAR12001	[0.004648802588729832]
MAR12002	[3.5003963581731235e-05]
MAR12003	[3.5003963581731235e-05]
MAR12004	[0.00906218291663845]
MAR12005	[np.float64(6.713308228060648e-05)]
MAR12006	[8.4310167750605e-05]
MAR12007	[8.4310167750605e-05]
MAR12008	[np.float64(6.713308228060648e-05)]
MAR12009	[8.4310167750605e-05]
MAR12010	[np.float64(6.713308228060648e-05)]
MAR12011	[8.4310167750605e-05]
MAR12012	[8.4310167750605e-05]
MAR12013	[np.float64(6.713308228060648e-05)]
MAR12014	[0.00906218291663845]
MAR12015	[8.4310167750605e-05]
MAR12016	[8.4310167750605e-05]
MAR12017	[8.4310167750605e-05]
MAR12018	[8.4310167750605e-05]
MAR12019	[8.4310167750605e-05]
MAR12020	[3.1342690941515203e-05]
MAR12021	[3.1342690941515203e-05]
MAR12022	[8.4310167750605e-05]
MAR12023	[0.007346789452025403]
MAR12024	[0.00906218291663845]
MAR12025	[8.4310167750605e-05]
MAR12026	[8.4310167750605e-05]
MAR12027	[8.4310167750605e-05]
MAR12028	[8.4310167750605e-05]
MAR12029	[np.float64(6.713308228060648e-05)]
MAR12030	[8.4310167750605e-05]
MAR12031	[8.4310167750605e-05]
MAR12032	[8.4310167750605e-05]
MAR12033	[8.4310167750605e-05]
MAR12034	[8.4310167750605e-05]
MAR12035	[np.float64(6.713308228060648e-05)]
MAR12036	[2.9037379183842352e-05]
MAR12037	[2.9037379183842352e-05]
MAR12038	[np.float64(6.713308228060648e-05)]
MAR12039	[np.float64(6.713308228060648e-05)]
MAR12040	[8.4310167750605e-05]
MAR12041	[0.0059643768572906234]
MAR12042	[8.4310167750605e-05]
MAR12043	[8.4310167750605e-05]
MAR12044	[8.4310167750605e-05]
MAR12045	[8.4310167750605e-05]
MAR12046	[8.4310167750605e-05]
MAR12047	[8.4310167750605e-05]
MAR12048	[8.4310167750605e-05]
MAR12049	[8.4310167750605e-05]
MAR12050	[np.float64(6.713308228060648e-05)]
MAR12051	[8.4310167750605e-05]
MAR12052	[8.4310167750605e-05]
MAR12053	[2.9037379183842352e-05]
MAR12054	[8.4310167750605e-05]
MAR12055	[8.4310167750605e-05]
MAR12056	[8.4310167750605e-05]
MAR12057	[8.4310167750605e-05]
MAR12058	[8.4310167750605e-05]
MAR12059	[8.4310167750605e-05]
MAR12060	[8.4310167750605e-05]
MAR12061	[np.float64(6.713308228060648e-05)]
MAR12062	[np.float64(6.713308228060648e-05)]
MAR12063	[np.float64(6.713308228060648e-05)]
MAR12064	[np.float64(6.713308228060648e-05)]
MAR12065	[3.6593123089299434e-05]
MAR12066	[0.00906218291663845]
MAR12067	[0.00906218291663845]
MAR12068	[0.00906218291663845]
MAR12069	[8.4310167750605e-05]
MAR12070	[np.float64(6.713308228060648e-05)]
MAR12071	[np.float64(6.713308228060648e-05)]
MAR12072	[np.float64(6.713308228060648e-05)]
MAR12073	[np.float64(6.713308228060648e-05)]
MAR12074	[np.float64(6.713308228060648e-05)]
MAR12075	[np.float64(6.713308228060648e-05)]
MAR12076	[np.float64(6.713308228060648e-05)]
MAR12077	[np.float64(6.713308228060648e-05)]
MAR12078	[np.float64(6.713308228060648e-05)]
MAR12079	[np.float64(6.713308228060648e-05)]
MAR12080	[8.4310167750605e-05]
MAR12081	[np.float64(6.713308228060648e-05)]
MAR12082	[np.float64(6.713308228060648e-05)]
MAR12083	[np.float64(6.713308228060648e-05)]
MAR12084	[8.4310167750605e-05]
MAR12085	[8.4310167750605e-05]
MAR12086	[0.0043702273628809275]
MAR12087	[0.00906218291663845]
MAR12088	[8.4310167750605e-05]
MAR12089	[8.4310167750605e-05]
MAR12090	[8.4310167750605e-05]
MAR12091	[8.4310167750605e-05]
MAR12092	[8.4310167750605e-05]
MAR12093	[8.4310167750605e-05]
MAR12094	[8.4310167750605e-05]
MAR12095	[8.4310167750605e-05]
MAR12096	[8.4310167750605e-05]
MAR12097	[8.4310167750605e-05]
MAR12098	[8.4310167750605e-05]
MAR12099	[8.4310167750605e-05]
MAR12100	[8.4310167750605e-05]
MAR12101	[8.4310167750605e-05]
MAR12102	[8.4310167750605e-05]
MAR12103	[8.4310167750605e-05]
MAR12104	[8.4310167750605e-05]
MAR12105	[8.4310167750605e-05]
MAR12106	[8.4310167750605e-05]
MAR12107	[8.4310167750605e-05]
MAR12108	[8.4310167750605e-05]
MAR12109	[8.4310167750605e-05]
MAR12110	[8.4310167750605e-05]
MAR12111	[8.4310167750605e-05]
MAR12112	[8.4310167750605e-05]
MAR12113	[8.4310167750605e-05]
MAR12114	[8.4310167750605e-05]
MAR12115	[8.4310167750605e-05]
MAR12116	[8.4310167750605e-05]
MAR12117	[8.4310167750605e-05]
MAR12118	[8.4310167750605e-05]
MAR12119	[8.4310167750605e-05]
MAR12120	[8.4310167750605e-05]
MAR12121	[8.4310167750605e-05]
MAR12122	[8.4310167750605e-05]
MAR12123	[8.4310167750605e-05]
MAR12124	[8.4310167750605e-05]
MAR12125	[8.4310167750605e-05]
MAR12126	[8.4310167750605e-05]
MAR12127	[8.4310167750605e-05]
MAR12128	[8.4310167750605e-05]
MAR12129	[8.4310167750605e-05]
MAR12130	[8.4310167750605e-05]
MAR12131	[8.4310167750605e-05]
MAR12132	[8.4310167750605e-05]
MAR12133	[8.4310167750605e-05]
MAR12134	[8.4310167750605e-05]
MAR12135	[8.4310167750605e-05]
MAR12136	[8.4310167750605e-05]
MAR12137	[8.4310167750605e-05]
MAR12138	[8.4310167750605e-05]
MAR12139	[8.4310167750605e-05]
MAR12140	[8.4310167750605e-05]
MAR12141	[8.4310167750605e-05]
MAR12142	[np.float64(6.713308228060648e-05)]
MAR12143	[np.float64(6.713308228060648e-05)]
MAR12144	[0.004214386547489437]
MAR12145	[0.006287108860154966]
MAR12146	[0.006287108860154966]
MAR12147	[np.float64(6.713308228060648e-05)]
MAR12148	[np.float64(6.713308228060648e-05)]
MAR12149	[0.004214386547489437]
MAR12150	[np.float64(6.713308228060648e-05)]
MAR12151	[np.float64(6.713308228060648e-05)]
MAR12152	[0.004214386547489437]
MAR12153	[np.float64(6.713308228060648e-05)]
MAR12154	[0.006287108860154966]
MAR12155	[np.float64(6.713308228060648e-05)]
MAR12156	[0.004214386547489437]
MAR12157	[np.float64(6.713308228060648e-05)]
MAR12158	[0.006287108860154966]
MAR12159	[np.float64(6.713308228060648e-05)]
MAR12160	[0.004214386547489437]
MAR12161	[np.float64(6.713308228060648e-05)]
MAR12162	[np.float64(6.713308228060648e-05)]
MAR12163	[0.004214386547489437]
MAR12164	[np.float64(6.713308228060648e-05)]
MAR12165	[np.float64(6.713308228060648e-05)]
MAR12166	[0.004214386547489437]
MAR12167	[0.00906218291663845]
MAR12168	[0.00906218291663845]
MAR12169	[np.float64(6.713308228060648e-05)]
MAR12170	[8.4310167750605e-05]
MAR12171	[np.float64(6.713308228060648e-05)]
MAR12172	[np.float64(6.713308228060648e-05)]
MAR12173	[0.00906218291663845]
MAR12174	[0.00906218291663845]
MAR12175	[0.00906218291663845]
MAR12176	[np.float64(6.713308228060648e-05)]
MAR12177	[8.4310167750605e-05]
MAR12178	[0.007346789452025403]
MAR12179	[0.007346789452025403]
MAR12180	[np.float64(6.713308228060648e-05)]
MAR12181	[8.4310167750605e-05]
MAR12182	[np.float64(6.713308228060648e-05)]
MAR12183	[0.006287108860154966]
MAR12184	[np.float64(6.713308228060648e-05)]
MAR12185	[np.float64(6.713308228060648e-05)]
MAR12186	[0.004214386547489437]
MAR12187	[0.007346789452025403]
MAR12188	[0.007346789452025403]
MAR12189	[np.float64(6.713308228060648e-05)]
MAR12190	[8.4310167750605e-05]
MAR12191	[0.007346789452025403]
MAR12192	[0.007346789452025403]
MAR12193	[np.float64(6.713308228060648e-05)]
MAR12194	[8.4310167750605e-05]
MAR12195	[np.float64(6.713308228060648e-05)]
MAR12196	[np.float64(6.713308228060648e-05)]
MAR12197	[0.00906218291663845]
MAR12198	[8.4310167750605e-05]
MAR12199	[8.4310167750605e-05]
MAR12200	[8.4310167750605e-05]
MAR12201	[8.4310167750605e-05]
MAR12202	[8.4310167750605e-05]
MAR12203	[8.4310167750605e-05]
MAR12204	[8.4310167750605e-05]
MAR12205	[8.4310167750605e-05]
MAR12206	[8.4310167750605e-05]
MAR12207	[8.4310167750605e-05]
MAR12208	[8.4310167750605e-05]
MAR12209	[8.4310167750605e-05]
MAR12210	[8.4310167750605e-05]
MAR12211	[8.4310167750605e-05]
MAR12212	[8.4310167750605e-05]
MAR12213	[8.4310167750605e-05]
MAR12214	[8.4310167750605e-05]
MAR12215	[8.4310167750605e-05]
MAR12216	[8.4310167750605e-05]
MAR12217	[8.4310167750605e-05]
MAR12218	[8.4310167750605e-05]
MAR12219	[8.4310167750605e-05]
MAR12220	[8.4310167750605e-05]
MAR12221	[8.4310167750605e-05]
MAR12222	[8.4310167750605e-05]
MAR12223	[8.4310167750605e-05]
MAR12224	[8.4310167750605e-05]
MAR12225	[8.4310167750605e-05]
MAR12226	[8.4310167750605e-05]
MAR12227	[8.4310167750605e-05]
MAR12228	[8.4310167750605e-05]
MAR12229	[8.4310167750605e-05]
MAR12230	[8.4310167750605e-05]
MAR12231	[8.4310167750605e-05]
MAR12232	[8.4310167750605e-05]
MAR12233	[8.4310167750605e-05]
MAR12234	[np.float64(6.713308228060648e-05)]
MAR12235	[np.float64(6.713308228060648e-05)]
MAR12236	[0.00906218291663845]
MAR12237	[np.float64(6.713308228060648e-05)]
MAR12238	[np.float64(6.713308228060648e-05)]
MAR12239	[0.00906218291663845]
MAR12240	[np.float64(6.713308228060648e-05)]
MAR12241	[np.float64(6.713308228060648e-05)]
MAR12242	[0.00906218291663845]
MAR12243	[np.float64(6.713308228060648e-05)]
MAR12244	[np.float64(6.713308228060648e-05)]
MAR12245	[0.00906218291663845]
MAR12246	[0.007346789452025403]
MAR12247	[0.007346789452025403]
MAR12248	[np.float64(6.713308228060648e-05)]
MAR12249	[8.4310167750605e-05]
MAR12250	[0.007346789452025403]
MAR12251	[0.007346789452025403]
MAR12252	[np.float64(6.713308228060648e-05)]
MAR12253	[8.4310167750605e-05]
MAR12254	[0.00906218291663845]
MAR12255	[0.00906218291663845]
MAR12256	[np.float64(6.713308228060648e-05)]
MAR12257	[8.4310167750605e-05]
MAR12258	[0.007346789452025403]
MAR12259	[0.007346789452025403]
MAR12260	[np.float64(6.713308228060648e-05)]
MAR12261	[8.4310167750605e-05]
MAR12262	[np.float64(6.713308228060648e-05)]
MAR12263	[np.float64(6.713308228060648e-05)]
MAR12264	[0.004214386547489437]
MAR12265	[8.4310167750605e-05]
MAR12266	[np.float64(6.713308228060648e-05)]
MAR12267	[np.float64(6.713308228060648e-05)]
MAR12268	[0.004214386547489437]
MAR12269	[np.float64(6.713308228060648e-05)]
MAR12270	[np.float64(6.713308228060648e-05)]
MAR12271	[0.004214386547489437]
MAR12272	[0.007346789452025403]
MAR12273	[0.007346789452025403]
MAR12274	[np.float64(6.713308228060648e-05)]
MAR12275	[8.4310167750605e-05]
MAR12276	[0.007346789452025403]
MAR12277	[0.007346789452025403]
MAR12278	[np.float64(6.713308228060648e-05)]
MAR12279	[8.4310167750605e-05]
MAR12280	[np.float64(6.713308228060648e-05)]
MAR12281	[np.float64(6.713308228060648e-05)]
MAR12282	[0.00906218291663845]
MAR12283	[8.4310167750605e-05]
MAR12284	[np.float64(6.713308228060648e-05)]
MAR12285	[np.float64(6.713308228060648e-05)]
MAR12286	[0.00906218291663845]
MAR12287	[np.float64(6.713308228060648e-05)]
MAR12288	[np.float64(6.713308228060648e-05)]
MAR12289	[0.006287108860154966]
MAR12290	[0.00906218291663845]
MAR12291	[np.float64(6.713308228060648e-05)]
MAR12292	[np.float64(6.713308228060648e-05)]
MAR12293	[0.00906218291663845]
MAR12294	[np.float64(6.713308228060648e-05)]
MAR12295	[np.float64(6.713308228060648e-05)]
MAR12296	[0.004214386547489437]
MAR12297	[np.float64(6.713308228060648e-05)]
MAR12298	[np.float64(6.713308228060648e-05)]
MAR12299	[0.00906218291663845]
MAR12300	[np.float64(6.713308228060648e-05)]
MAR12301	[np.float64(6.713308228060648e-05)]
MAR12302	[0.004214386547489437]
MAR12303	[np.float64(6.713308228060648e-05)]
MAR12304	[np.float64(6.713308228060648e-05)]
MAR12305	[0.00906218291663845]
MAR12306	[np.float64(6.713308228060648e-05)]
MAR12307	[0.004214386547489437]
MAR12308	[0.004648802588729832]
MAR12309	[8.4310167750605e-05]
MAR12310	[8.4310167750605e-05]
MAR12311	[8.4310167750605e-05]
MAR12312	[8.4310167750605e-05]
MAR12313	[8.4310167750605e-05]
MAR12314	[8.4310167750605e-05]
MAR12315	[8.4310167750605e-05]
MAR12316	[8.4310167750605e-05]
MAR12317	[8.4310167750605e-05]
MAR12318	[0.004648802588729832]
MAR12319	[0.004648802588729832]
MAR12320	[8.4310167750605e-05]
MAR12321	[8.4310167750605e-05]
MAR12322	[8.4310167750605e-05]
MAR12323	[8.4310167750605e-05]
MAR12324	[8.4310167750605e-05]
MAR12325	[8.4310167750605e-05]
MAR12326	[8.4310167750605e-05]
MAR12327	[8.4310167750605e-05]
MAR12328	[8.4310167750605e-05]
MAR12329	[8.4310167750605e-05]
MAR12330	[8.4310167750605e-05]
MAR12331	[8.4310167750605e-05]
MAR12332	[8.4310167750605e-05]
MAR12333	[0.007346789452025403]
MAR12334	[8.4310167750605e-05]
MAR12335	[0.005684099525282462]
MAR12336	[8.4310167750605e-05]
MAR12337	[0.004648802588729832]
MAR12338	[8.4310167750605e-05]
MAR12339	[8.4310167750605e-05]
MAR12340	[0.005684099525282462]
MAR12341	[8.4310167750605e-05]
MAR12342	[0.004648802588729832]
MAR12343	[0.00906218291663845]
MAR12344	[8.4310167750605e-05]
MAR12345	[8.4310167750605e-05]
MAR12346	[0.009040447805431692]
MAR12347	[0.005684099525282462]
MAR12348	[8.4310167750605e-05]
MAR12349	[0.004648802588729832]
MAR12350	[8.4310167750605e-05]
MAR12351	[8.4310167750605e-05]
MAR12352	[0.009040447805431692]
MAR12353	[8.4310167750605e-05]
MAR12354	[8.4310167750605e-05]
MAR12355	[0.007346789452025403]
MAR12356	[8.4310167750605e-05]
MAR12357	[8.4310167750605e-05]
MAR12358	[8.4310167750605e-05]
MAR12359	[8.4310167750605e-05]
MAR12360	[0.006287108860154966]
MAR12361	[8.4310167750605e-05]
MAR12362	[0.009040447805431692]
MAR12363	[0.0043702273628809275]
MAR12364	[8.4310167750605e-05]
MAR12365	[8.4310167750605e-05]
MAR12366	[8.4310167750605e-05]
MAR12367	[0.007346789452025403]
MAR12368	[8.4310167750605e-05]
MAR12369	[0.00906218291663845]
MAR12370	[8.4310167750605e-05]
MAR12371	[6.663761141462202e-05]
MAR12372	[np.float64(6.713308228060648e-05)]
MAR12373	[np.float64(6.713308228060648e-05)]
MAR12374	[8.4310167750605e-05]
MAR12375	[np.float64(6.713308228060648e-05)]
MAR12376	[np.float64(6.713308228060648e-05)]
MAR12377	[8.4310167750605e-05]
MAR12378	[0.009040447805431692]
MAR12379	[0.00906218291663845]
MAR12380	[8.4310167750605e-05]
MAR12381	[0.0043702273628809275]
MAR12382	[8.4310167750605e-05]
MAR12383	[np.float64(6.713308228060648e-05)]
MAR12384	[8.4310167750605e-05]
MAR12385	[0.009040447805431692]
MAR12386	[8.4310167750605e-05]
MAR12387	[0.004214386547489437]
MAR12388	[8.4310167750605e-05]
MAR12389	[8.4310167750605e-05]
MAR12390	[8.4310167750605e-05]
MAR12391	[8.4310167750605e-05]
MAR12392	[0.004648802588729832]
MAR12393	[0.00906218291663845]
MAR12394	[8.4310167750605e-05]
MAR12395	[8.4310167750605e-05]
MAR12396	[0.009040447805431692]
MAR12397	[0.004648802588729832]
MAR12398	[8.4310167750605e-05]
MAR12399	[8.4310167750605e-05]
MAR12400	[8.4310167750605e-05]
MAR12401	[0.009040447805431692]
MAR12402	[8.4310167750605e-05]
MAR12403	[0.005684099525282462]
MAR12404	[0.004648802588729832]
MAR12405	[8.4310167750605e-05]
MAR12406	[0.006287108860154966]
MAR12407	[np.float64(6.713308228060648e-05)]
MAR12408	[8.4310167750605e-05]
MAR12409	[0.006287108860154966]
MAR12410	[np.float64(6.713308228060648e-05)]
MAR12411	[8.4310167750605e-05]
MAR12412	[8.4310167750605e-05]
MAR12413	[8.4310167750605e-05]
MAR12414	[0.0043702273628809275]
MAR12415	[8.4310167750605e-05]
MAR12416	[8.4310167750605e-05]
MAR12417	[8.4310167750605e-05]
MAR12418	[8.4310167750605e-05]
MAR12419	[8.4310167750605e-05]
MAR12420	[8.4310167750605e-05]
MAR12421	[8.4310167750605e-05]
MAR12422	[8.4310167750605e-05]
MAR12423	[0.0043702273628809275]
MAR12424	[8.4310167750605e-05]
MAR12425	[0.00906218291663845]
MAR12426	[8.4310167750605e-05]
MAR12427	[0.0043702273628809275]
MAR12428	[np.float64(6.713308228060648e-05)]
MAR12429	[8.4310167750605e-05]
MAR12430	[8.4310167750605e-05]
MAR12431	[0.009040447805431692]
MAR12432	[0.00906218291663845]
MAR12433	[8.4310167750605e-05]
MAR12434	[0.00906218291663845]
MAR12435	[8.4310167750605e-05]
MAR12436	[0.0043702273628809275]
MAR12437	[0.00906218291663845]
MAR12438	[8.4310167750605e-05]
MAR12439	[0.0043702273628809275]
MAR12440	[0.00906218291663845]
MAR12441	[0.007224878176543248]
MAR12442	[8.4310167750605e-05]
MAR12443	[0.0043702273628809275]
MAR12444	[8.4310167750605e-05]
MAR12445	[8.4310167750605e-05]
MAR12446	[0.00906218291663845]
MAR12447	[8.4310167750605e-05]
MAR12448	[8.4310167750605e-05]
MAR12449	[8.4310167750605e-05]
MAR12450	[8.4310167750605e-05]
MAR12451	[8.4310167750605e-05]
MAR12452	[8.4310167750605e-05]
MAR12453	[8.4310167750605e-05]
MAR12454	[8.4310167750605e-05]
MAR12455	[0.00906218291663845]
MAR12456	[8.4310167750605e-05]
MAR12457	[0.006287108860154966]
MAR12458	[np.float64(6.713308228060648e-05)]
MAR12459	[8.4310167750605e-05]
MAR12460	[0.006935796717097496]
MAR12461	[0.007224878176543248]
MAR12462	[np.float64(6.713308228060648e-05)]
MAR12463	[8.4310167750605e-05]
MAR12464	[np.float64(6.713308228060648e-05)]
MAR12465	[np.float64(6.713308228060648e-05)]
MAR12466	[np.float64(6.713308228060648e-05)]
MAR12467	[np.float64(6.713308228060648e-05)]
MAR12468	[0.006935796717097496]
MAR12469	[8.4310167750605e-05]
MAR12470	[np.float64(6.713308228060648e-05)]
MAR12471	[0.006935796717097496]
MAR12472	[np.float64(6.713308228060648e-05)]
MAR12473	[0.00906218291663845]
MAR12474	[0.004648802588729832]
MAR12475	[8.4310167750605e-05]
MAR12476	[8.4310167750605e-05]
MAR12477	[8.4310167750605e-05]
MAR12478	[8.4310167750605e-05]
MAR12479	[8.4310167750605e-05]
MAR12480	[8.4310167750605e-05]
MAR12481	[8.4310167750605e-05]
MAR12482	[8.4310167750605e-05]
MAR12483	[8.4310167750605e-05]
MAR12484	[8.4310167750605e-05]
MAR12485	[8.4310167750605e-05]
MAR12486	[8.4310167750605e-05]
MAR12487	[8.4310167750605e-05]
MAR12488	[8.4310167750605e-05]
MAR12489	[8.4310167750605e-05]
MAR12490	[8.4310167750605e-05]
MAR12491	[8.4310167750605e-05]
MAR12492	[8.4310167750605e-05]
MAR12493	[8.4310167750605e-05]
MAR12494	[8.4310167750605e-05]
MAR12495	[8.4310167750605e-05]
MAR12496	[8.4310167750605e-05]
MAR12497	[0.004648802588729832]
MAR12498	[8.4310167750605e-05]
MAR12499	[8.4310167750605e-05]
MAR12500	[8.4310167750605e-05]
MAR12501	[8.4310167750605e-05]
MAR12502	[8.4310167750605e-05]
MAR12503	[8.4310167750605e-05]
MAR12504	[8.4310167750605e-05]
MAR12505	[8.4310167750605e-05]
MAR12506	[0.004648802588729832]
MAR12507	[8.4310167750605e-05]
MAR12508	[8.4310167750605e-05]
MAR12509	[3.018719623960039e-05]
MAR12510	[0.009040447805431692]
MAR12511	[0.00906218291663845]
MAR12512	[8.4310167750605e-05]
MAR12513	[8.4310167750605e-05]
MAR12514	[0.007224878176543248]
MAR12515	[7.83259160877673e-05]
MAR12516	[0.005684099525282462]
MAR12517	[7.83259160877673e-05]
MAR12518	[0.009040447805431692]
MAR12519	[8.4310167750605e-05]
MAR12520	[8.4310167750605e-05]
MAR12521	[8.4310167750605e-05]
MAR12522	[8.4310167750605e-05]
MAR12523	[0.007224878176543248]
MAR12524	[8.4310167750605e-05]
MAR12525	[8.4310167750605e-05]
MAR12526	[8.4310167750605e-05]
MAR12527	[8.4310167750605e-05]
MAR12528	[0.007346789452025403]
MAR12529	[8.4310167750605e-05]
MAR12530	[8.4310167750605e-05]
MAR12531	[8.4310167750605e-05]
MAR12532	[8.4310167750605e-05]
MAR12533	[0.006287108860154966]
MAR12534	[8.4310167750605e-05]
MAR12535	[0.006287108860154966]
MAR12536	[8.4310167750605e-05]
MAR12537	[np.float64(6.713308228060648e-05)]
MAR12538	[8.4310167750605e-05]
MAR12539	[0.006287108860154966]
MAR12540	[np.float64(6.713308228060648e-05)]
MAR12541	[np.float64(6.713308228060648e-05)]
MAR12542	[8.4310167750605e-05]
MAR12543	[0.00906218291663845]
MAR12544	[np.float64(6.713308228060648e-05)]
MAR12545	[np.float64(6.713308228060648e-05)]
MAR12546	[8.4310167750605e-05]
MAR12547	[np.float64(6.713308228060648e-05)]
MAR12548	[8.4310167750605e-05]
MAR12549	[8.4310167750605e-05]
MAR12550	[8.4310167750605e-05]
MAR12551	[0.00906218291663845]
MAR12552	[8.4310167750605e-05]
MAR12553	[8.4310167750605e-05]
MAR12554	[8.4310167750605e-05]
MAR12555	[8.4310167750605e-05]
MAR12556	[0.007224878176543248]
MAR12557	[7.83259160877673e-05]
MAR12558	[7.83259160877673e-05]
MAR12559	[8.4310167750605e-05]
MAR12560	[8.4310167750605e-05]
MAR12561	[8.4310167750605e-05]
MAR12562	[np.float64(6.713308228060648e-05)]
MAR12563	[8.4310167750605e-05]
MAR12564	[0.00906218291663845]
MAR12565	[8.4310167750605e-05]
MAR12566	[8.4310167750605e-05]
MAR12567	[8.4310167750605e-05]
MAR12568	[8.4310167750605e-05]
MAR12569	[0.006287108860154966]
MAR12570	[np.float64(6.713308228060648e-05)]
MAR12571	[8.4310167750605e-05]
MAR12572	[8.4310167750605e-05]
MAR12573	[8.4310167750605e-05]
MAR12574	[8.4310167750605e-05]
MAR12575	[8.4310167750605e-05]
MAR12576	[8.4310167750605e-05]
MAR12577	[8.4310167750605e-05]
MAR12578	[8.4310167750605e-05]
MAR12579	[8.4310167750605e-05]
MAR12580	[8.4310167750605e-05]
MAR12581	[8.4310167750605e-05]
MAR12582	[8.4310167750605e-05]
MAR12583	[8.4310167750605e-05]
MAR12584	[8.4310167750605e-05]
MAR12585	[8.4310167750605e-05]
MAR12586	[8.4310167750605e-05]
MAR12587	[8.4310167750605e-05]
MAR12588	[8.4310167750605e-05]
MAR12589	[8.4310167750605e-05]
MAR12590	[8.4310167750605e-05]
MAR12591	[8.4310167750605e-05]
MAR12592	[8.4310167750605e-05]
MAR12593	[8.4310167750605e-05]
MAR12594	[8.4310167750605e-05]
MAR12595	[8.4310167750605e-05]
MAR12596	[8.4310167750605e-05]
MAR12597	[8.4310167750605e-05]
MAR12598	[8.4310167750605e-05]
MAR12599	[8.4310167750605e-05]
MAR12600	[8.4310167750605e-05]
MAR12601	[8.4310167750605e-05]
MAR12602	[8.4310167750605e-05]
MAR12603	[8.4310167750605e-05]
MAR12604	[8.4310167750605e-05]
MAR12605	[8.4310167750605e-05]
MAR12606	[8.4310167750605e-05]
MAR12607	[8.4310167750605e-05]
MAR12608	[8.4310167750605e-05]
MAR12609	[8.4310167750605e-05]
MAR12610	[8.4310167750605e-05]
MAR12611	[8.4310167750605e-05]
MAR12612	[8.4310167750605e-05]
MAR12613	[8.4310167750605e-05]
MAR12614	[8.4310167750605e-05]
MAR12615	[8.4310167750605e-05]
MAR12616	[8.4310167750605e-05]
MAR12617	[8.4310167750605e-05]
MAR12618	[8.4310167750605e-05]
MAR12619	[8.4310167750605e-05]
MAR12620	[8.4310167750605e-05]
MAR12621	[8.4310167750605e-05]
MAR12622	[8.4310167750605e-05]
MAR12623	[8.4310167750605e-05]
MAR12624	[8.4310167750605e-05]
MAR12625	[8.4310167750605e-05]
MAR12626	[8.4310167750605e-05]
MAR12627	[8.4310167750605e-05]
MAR12628	[8.4310167750605e-05]
MAR12629	[8.4310167750605e-05]
MAR12630	[8.4310167750605e-05]
MAR12631	[8.4310167750605e-05]
MAR12632	[8.4310167750605e-05]
MAR12633	[8.4310167750605e-05]
MAR12634	[8.4310167750605e-05]
MAR12635	[8.4310167750605e-05]
MAR12636	[8.4310167750605e-05]
MAR12637	[8.4310167750605e-05]
MAR12638	[8.4310167750605e-05]
MAR12639	[8.4310167750605e-05]
MAR12640	[8.4310167750605e-05]
MAR12641	[8.4310167750605e-05]
MAR12642	[8.4310167750605e-05]
MAR12643	[8.4310167750605e-05]
MAR12644	[8.4310167750605e-05]
MAR12645	[8.4310167750605e-05]
MAR12646	[8.4310167750605e-05]
MAR12647	[8.4310167750605e-05]
MAR12648	[8.4310167750605e-05]
MAR12649	[8.4310167750605e-05]
MAR12650	[8.4310167750605e-05]
MAR12651	[8.4310167750605e-05]
MAR12652	[8.4310167750605e-05]
MAR12653	[8.4310167750605e-05]
MAR12654	[8.4310167750605e-05]
MAR12655	[8.4310167750605e-05]
MAR12656	[8.4310167750605e-05]
MAR12657	[8.4310167750605e-05]
MAR12658	[8.4310167750605e-05]
MAR12659	[8.4310167750605e-05]
MAR12660	[8.4310167750605e-05]
MAR12661	[8.4310167750605e-05]
MAR12662	[8.4310167750605e-05]
MAR12663	[8.4310167750605e-05]
MAR12664	[8.4310167750605e-05]
MAR12665	[8.4310167750605e-05]
MAR12666	[8.4310167750605e-05]
MAR12667	[8.4310167750605e-05]
MAR12668	[8.4310167750605e-05]
MAR12669	[8.4310167750605e-05]
MAR12670	[8.4310167750605e-05]
MAR12671	[8.4310167750605e-05]
MAR12672	[8.4310167750605e-05]
MAR12673	[8.4310167750605e-05]
MAR12674	[8.4310167750605e-05]
MAR12675	[8.4310167750605e-05]
MAR12676	[8.4310167750605e-05]
MAR12677	[8.4310167750605e-05]
MAR12678	[8.4310167750605e-05]
MAR12679	[8.4310167750605e-05]
MAR12680	[8.4310167750605e-05]
MAR12681	[8.4310167750605e-05]
MAR12682	[8.4310167750605e-05]
MAR12683	[8.4310167750605e-05]
MAR12684	[8.4310167750605e-05]
MAR12685	[8.4310167750605e-05]
MAR12686	[8.4310167750605e-05]
MAR12687	[8.4310167750605e-05]
MAR12688	[8.4310167750605e-05]
MAR12689	[8.4310167750605e-05]
MAR12690	[8.4310167750605e-05]
MAR12691	[8.4310167750605e-05]
MAR12692	[8.4310167750605e-05]
MAR12693	[8.4310167750605e-05]
MAR12694	[8.4310167750605e-05]
MAR12695	[8.4310167750605e-05]
MAR12696	[8.4310167750605e-05]
MAR12697	[8.4310167750605e-05]
MAR12698	[8.4310167750605e-05]
MAR12699	[8.4310167750605e-05]
MAR12700	[8.4310167750605e-05]
MAR12701	[8.4310167750605e-05]
MAR12702	[8.4310167750605e-05]
MAR12703	[8.4310167750605e-05]
MAR12704	[8.4310167750605e-05]
MAR12705	[8.4310167750605e-05]
MAR12706	[8.4310167750605e-05]
MAR12707	[8.4310167750605e-05]
MAR12708	[8.4310167750605e-05]
MAR12709	[8.4310167750605e-05]
MAR12710	[8.4310167750605e-05]
MAR12711	[8.4310167750605e-05]
MAR12712	[8.4310167750605e-05]
MAR12713	[8.4310167750605e-05]
MAR12714	[8.4310167750605e-05]
MAR12715	[8.4310167750605e-05]
MAR12716	[8.4310167750605e-05]
MAR12717	[8.4310167750605e-05]
MAR12718	[8.4310167750605e-05]
MAR12719	[8.4310167750605e-05]
MAR12720	[8.4310167750605e-05]
MAR12721	[8.4310167750605e-05]
MAR12722	[8.4310167750605e-05]
MAR12723	[8.4310167750605e-05]
MAR12724	[8.4310167750605e-05]
MAR12725	[8.4310167750605e-05]
MAR12726	[8.4310167750605e-05]
MAR12727	[0.009040447805431692]
MAR12728	[np.float64(6.713308228060648e-05)]
MAR12729	[8.4310167750605e-05]
MAR12730	[8.4310167750605e-05]
MAR12731	[8.4310167750605e-05]
MAR12732	[8.4310167750605e-05]
MAR12733	[8.4310167750605e-05]
MAR12734	[8.4310167750605e-05]
MAR12735	[8.4310167750605e-05]
MAR12736	[0.007346789452025403]
MAR12737	[np.float64(6.713308228060648e-05)]
MAR12738	[0.006287108860154966]
MAR12739	[0.006287108860154966]
MAR12740	[0.00906218291663845]
MAR12741	[8.4310167750605e-05]
MAR12742	[8.4310167750605e-05]
MAR12743	[8.4310167750605e-05]
MAR12744	[np.float64(6.713308228060648e-05)]
MAR12745	[8.4310167750605e-05]
MAR12746	[0.00906218291663845]
MAR12747	[0.006287108860154966]
MAR12748	[0.006287108860154966]
MAR12749	[0.00906218291663845]
MAR12750	[8.4310167750605e-05]
MAR12751	[8.4310167750605e-05]
MAR12752	[8.4310167750605e-05]
MAR12753	[8.4310167750605e-05]
MAR12754	[0.007224878176543248]
MAR12755	[8.4310167750605e-05]
MAR12756	[0.006287108860154966]
MAR12757	[8.4310167750605e-05]
MAR12758	[0.00906218291663845]
MAR12759	[8.4310167750605e-05]
MAR12760	[0.007224878176543248]
MAR12761	[0.006287108860154966]
MAR12762	[8.4310167750605e-05]
MAR12763	[0.006287108860154966]
MAR12764	[8.4310167750605e-05]
MAR12765	[8.4310167750605e-05]
MAR12766	[8.4310167750605e-05]
MAR12767	[0.006287108860154966]
MAR12768	[8.4310167750605e-05]
MAR12769	[8.4310167750605e-05]
MAR12770	[7.83259160877673e-05]
MAR12771	[8.4310167750605e-05]
MAR12772	[8.4310167750605e-05]
MAR12773	[8.4310167750605e-05]
MAR12774	[8.4310167750605e-05]
MAR12775	[0.00906218291663845]
MAR12776	[0.007224878176543248]
MAR12777	[0.004648802588729832]
MAR12778	[0.004648802588729832]
MAR12779	[0.004648802588729832]
MAR12780	[0.004648802588729832]
MAR12781	[0.004648802588729832]
MAR12782	[0.007224878176543248]
MAR12783	[8.4310167750605e-05]
MAR12784	[8.4310167750605e-05]
MAR12785	[8.4310167750605e-05]
MAR12786	[0.007224878176543248]
MAR12787	[np.float64(6.713308228060648e-05)]
MAR12788	[np.float64(6.713308228060648e-05)]
MAR12789	[8.4310167750605e-05]
MAR12790	[0.00906218291663845]
MAR12791	[8.4310167750605e-05]
MAR12792	[0.00906218291663845]
MAR12793	[np.float64(6.713308228060648e-05)]
MAR12794	[0.004648802588729832]
MAR12795	[8.4310167750605e-05]
MAR12796	[8.4310167750605e-05]
MAR12797	[8.4310167750605e-05]
MAR12798	[8.4310167750605e-05]
MAR12799	[8.4310167750605e-05]
MAR12800	[8.4310167750605e-05]
MAR12801	[8.4310167750605e-05]
MAR12802	[8.4310167750605e-05]
MAR12803	[8.4310167750605e-05]
MAR12804	[8.4310167750605e-05]
MAR12805	[8.4310167750605e-05]
MAR12806	[0.00906218291663845]
MAR12807	[8.4310167750605e-05]
MAR12808	[np.float64(6.713308228060648e-05)]
MAR12809	[8.4310167750605e-05]
MAR12810	[8.4310167750605e-05]
MAR12811	[np.float64(6.713308228060648e-05)]
MAR12812	[np.float64(6.713308228060648e-05)]
MAR12813	[8.4310167750605e-05]
MAR12814	[8.4310167750605e-05]
MAR12815	[0.00906218291663845]
MAR12816	[np.float64(6.713308228060648e-05)]
MAR12817	[0.006287108860154966]
MAR12818	[0.00906218291663845]
MAR12819	[8.4310167750605e-05]
MAR12820	[0.009040447805431692]
MAR12821	[np.float64(6.713308228060648e-05)]
MAR12822	[8.4310167750605e-05]
MAR12823	[np.float64(6.713308228060648e-05)]
MAR12824	[8.4310167750605e-05]
MAR12825	[8.4310167750605e-05]
MAR12826	[0.009040447805431692]
MAR12827	[8.4310167750605e-05]
MAR12828	[np.float64(6.713308228060648e-05)]
MAR12829	[8.4310167750605e-05]
MAR12830	[8.4310167750605e-05]
MAR12831	[np.float64(6.713308228060648e-05)]
MAR12832	[0.00906218291663845]
MAR12833	[8.4310167750605e-05]
MAR12834	[8.4310167750605e-05]
MAR12835	[0.009040447805431692]
MAR12836	[8.4310167750605e-05]
MAR12837	[8.4310167750605e-05]
MAR12838	[0.007224878176543248]
MAR12839	[np.float64(6.713308228060648e-05)]
MAR12840	[8.4310167750605e-05]
MAR12841	[0.007224878176543248]
MAR12842	[8.4310167750605e-05]
MAR12843	[7.83259160877673e-05]
MAR12844	[0.00906218291663845]
MAR12845	[8.4310167750605e-05]
MAR12846	[8.4310167750605e-05]
MAR12847	[0.00906218291663845]
MAR12848	[8.4310167750605e-05]
MAR12849	[8.4310167750605e-05]
MAR12850	[np.float64(6.713308228060648e-05)]
MAR12851	[8.4310167750605e-05]
MAR12852	[0.007224878176543248]
MAR12853	[8.4310167750605e-05]
MAR12854	[8.4310167750605e-05]
MAR12855	[8.4310167750605e-05]
MAR12856	[8.4310167750605e-05]
MAR12857	[8.4310167750605e-05]
MAR12858	[8.4310167750605e-05]
MAR12859	[8.4310167750605e-05]
MAR12860	[0.00906218291663845]
MAR12861	[8.4310167750605e-05]
MAR12862	[8.4310167750605e-05]
MAR12863	[8.4310167750605e-05]
MAR12864	[0.00906218291663845]
MAR12865	[8.4310167750605e-05]
MAR12866	[8.4310167750605e-05]
MAR12867	[0.00906218291663845]
MAR12868	[8.4310167750605e-05]
MAR12869	[0.006287108860154966]
MAR12870	[np.float64(6.713308228060648e-05)]
MAR12871	[8.4310167750605e-05]
MAR12872	[8.4310167750605e-05]
MAR12873	[8.4310167750605e-05]
MAR12874	[8.4310167750605e-05]
MAR12875	[8.4310167750605e-05]
MAR12876	[8.4310167750605e-05]
MAR12877	[8.4310167750605e-05]
MAR12878	[8.4310167750605e-05]
MAR12879	[8.4310167750605e-05]
MAR12880	[8.4310167750605e-05]
MAR12881	[8.4310167750605e-05]
MAR12882	[8.4310167750605e-05]
MAR12883	[8.4310167750605e-05]
MAR12884	[8.4310167750605e-05]
MAR12885	[8.4310167750605e-05]
MAR12886	[8.4310167750605e-05]
MAR12887	[8.4310167750605e-05]
MAR12888	[8.4310167750605e-05]
MAR12889	[8.4310167750605e-05]
MAR12890	[8.4310167750605e-05]
MAR12891	[8.4310167750605e-05]
MAR12892	[8.4310167750605e-05]
MAR12893	[8.4310167750605e-05]
MAR12894	[8.4310167750605e-05]
MAR12895	[8.4310167750605e-05]
MAR12896	[8.4310167750605e-05]
MAR12897	[8.4310167750605e-05]
MAR12898	[8.4310167750605e-05]
MAR12899	[8.4310167750605e-05]
MAR12900	[8.4310167750605e-05]
MAR12901	[8.4310167750605e-05]
MAR12902	[8.4310167750605e-05]
MAR12903	[8.4310167750605e-05]
MAR12904	[8.4310167750605e-05]
MAR12905	[8.4310167750605e-05]
MAR12906	[8.4310167750605e-05]
MAR12907	[8.4310167750605e-05]
MAR12908	[8.4310167750605e-05]
MAR12909	[8.4310167750605e-05]
MAR12910	[8.4310167750605e-05]
MAR12911	[8.4310167750605e-05]
MAR12912	[8.4310167750605e-05]
MAR12913	[8.4310167750605e-05]
MAR12914	[8.4310167750605e-05]
MAR12915	[8.4310167750605e-05]
MAR12916	[8.4310167750605e-05]
MAR12917	[8.4310167750605e-05]
MAR12918	[8.4310167750605e-05]
MAR12919	[8.4310167750605e-05]
MAR12920	[8.4310167750605e-05]
MAR12921	[8.4310167750605e-05]
MAR12922	[8.4310167750605e-05]
MAR12923	[8.4310167750605e-05]
MAR12924	[8.4310167750605e-05]
MAR12925	[8.4310167750605e-05]
MAR12926	[8.4310167750605e-05]
MAR12927	[8.4310167750605e-05]
MAR12928	[8.4310167750605e-05]
MAR12929	[8.4310167750605e-05]
MAR12930	[8.4310167750605e-05]
MAR12931	[8.4310167750605e-05]
MAR12932	[8.4310167750605e-05]
MAR12933	[8.4310167750605e-05]
MAR12934	[8.4310167750605e-05]
MAR12935	[8.4310167750605e-05]
MAR12936	[8.4310167750605e-05]
MAR12937	[8.4310167750605e-05]
MAR12938	[8.4310167750605e-05]
MAR12939	[8.4310167750605e-05]
MAR12940	[8.4310167750605e-05]
MAR12941	[8.4310167750605e-05]
MAR12942	[8.4310167750605e-05]
MAR12943	[8.4310167750605e-05]
MAR12944	[8.4310167750605e-05]
MAR12945	[8.4310167750605e-05]
MAR12946	[8.4310167750605e-05]
MAR12947	[8.4310167750605e-05]
MAR12948	[8.4310167750605e-05]
MAR12949	[8.4310167750605e-05]
MAR12950	[8.4310167750605e-05]
MAR12951	[8.4310167750605e-05]
MAR12952	[8.4310167750605e-05]
MAR12953	[8.4310167750605e-05]
MAR12954	[8.4310167750605e-05]
MAR12955	[8.4310167750605e-05]
MAR12956	[8.4310167750605e-05]
MAR12957	[8.4310167750605e-05]
MAR12958	[8.4310167750605e-05]
MAR12959	[8.4310167750605e-05]
MAR12960	[8.4310167750605e-05]
MAR12961	[8.4310167750605e-05]
MAR12962	[8.4310167750605e-05]
MAR12963	[8.4310167750605e-05]
MAR12964	[8.4310167750605e-05]
MAR12965	[8.4310167750605e-05]
MAR12966	[8.4310167750605e-05]
MAR12967	[8.4310167750605e-05]
MAR12968	[8.4310167750605e-05]
MAR12969	[8.4310167750605e-05]
MAR12970	[8.4310167750605e-05]
MAR12971	[8.4310167750605e-05]
MAR12972	[8.4310167750605e-05]
MAR12973	[8.4310167750605e-05]
MAR12974	[8.4310167750605e-05]
MAR12975	[8.4310167750605e-05]
MAR12976	[8.4310167750605e-05]
MAR12977	[8.4310167750605e-05]
MAR12978	[8.4310167750605e-05]
MAR12979	[8.4310167750605e-05]
MAR12980	[8.4310167750605e-05]
MAR12981	[8.4310167750605e-05]
MAR12982	[8.4310167750605e-05]
MAR12983	[8.4310167750605e-05]
MAR12984	[8.4310167750605e-05]
MAR12985	[8.4310167750605e-05]
MAR12986	[8.4310167750605e-05]
MAR12987	[8.4310167750605e-05]
MAR12988	[8.4310167750605e-05]
MAR12989	[8.4310167750605e-05]
MAR12990	[8.4310167750605e-05]
MAR12991	[8.4310167750605e-05]
MAR12992	[8.4310167750605e-05]
MAR12993	[8.4310167750605e-05]
MAR12994	[8.4310167750605e-05]
MAR12995	[8.4310167750605e-05]
MAR12996	[8.4310167750605e-05]
MAR12997	[8.4310167750605e-05]
MAR12998	[8.4310167750605e-05]
MAR12999	[8.4310167750605e-05]
MAR13000	[8.4310167750605e-05]
MAR13001	[8.4310167750605e-05]
MAR13002	[8.4310167750605e-05]
MAR13003	[8.4310167750605e-05]
MAR13004	[8.4310167750605e-05]
MAR13005	[8.4310167750605e-05]
MAR13006	[8.4310167750605e-05]
MAR13007	[8.4310167750605e-05]
MAR13008	[8.4310167750605e-05]
MAR13009	[8.4310167750605e-05]
MAR13010	[8.4310167750605e-05]
MAR13011	[8.4310167750605e-05]
MAR13012	[8.4310167750605e-05]
MAR13013	[8.4310167750605e-05]
MAR13014	[8.4310167750605e-05]
MAR13015	[8.4310167750605e-05]
MAR13016	[8.4310167750605e-05]
MAR13017	[8.4310167750605e-05]
MAR13018	[8.4310167750605e-05]
MAR13019	[8.4310167750605e-05]
MAR13020	[8.4310167750605e-05]
MAR13021	[8.4310167750605e-05]
MAR13022	[8.4310167750605e-05]
MAR13023	[8.4310167750605e-05]
MAR13024	[8.4310167750605e-05]
MAR13025	[8.4310167750605e-05]
MAR13026	[8.4310167750605e-05]
MAR13027	[8.4310167750605e-05]
MAR13028	[8.4310167750605e-05]
MAR13029	[8.4310167750605e-05]
MAR13030	[8.4310167750605e-05]
MAR13031	[8.4310167750605e-05]
MAR13032	[8.4310167750605e-05]
MAR13033	[8.4310167750605e-05]
MAR13034	[8.4310167750605e-05]
MAR13035	[8.4310167750605e-05]
MAR13036	[8.4310167750605e-05]
MAR13037	[8.4310167750605e-05]
MAR13038	[8.4310167750605e-05]
MAR13039	[8.4310167750605e-05]
MAR13040	[8.4310167750605e-05]
MAR13041	[8.4310167750605e-05]
MAR13042	[8.4310167750605e-05]
MAR13043	[8.4310167750605e-05]
MAR13044	[8.4310167750605e-05]
MAR13045	[8.4310167750605e-05]
MAR13046	[8.4310167750605e-05]
MAR13047	[8.4310167750605e-05]
MAR13048	[8.4310167750605e-05]
MAR13049	[8.4310167750605e-05]
MAR13050	[8.4310167750605e-05]
MAR13051	[8.4310167750605e-05]
MAR13052	[8.4310167750605e-05]
MAR13053	[8.4310167750605e-05]
MAR13054	[8.4310167750605e-05]
MAR13055	[8.4310167750605e-05]
MAR13056	[8.4310167750605e-05]
MAR13057	[8.4310167750605e-05]
MAR13058	[8.4310167750605e-05]
MAR13059	[8.4310167750605e-05]
MAR13060	[8.4310167750605e-05]
MAR13061	[8.4310167750605e-05]
MAR13062	[8.4310167750605e-05]
MAR13063	[8.4310167750605e-05]
MAR13065	[8.4310167750605e-05]
MAR13067	[8.4310167750605e-05]
MAR13068	[8.4310167750605e-05]
MAR13069	[8.4310167750605e-05]
MAR13070	[8.4310167750605e-05]
MAR13071	[8.4310167750605e-05]
MAR13072	[8.4310167750605e-05]
MAR13073	[8.4310167750605e-05]
MAR13074	[8.4310167750605e-05]
MAR13075	[8.4310167750605e-05]
MAR13076	[8.4310167750605e-05]
MAR13077	[8.4310167750605e-05]
MAR13078	[8.4310167750605e-05]
MAR13079	[3.216462933622003e-05]
MAR13080	[np.float64(6.713308228060648e-05)]
MAR13081	[2.9037379183842352e-05]
MAR10023	[8.4310167750605e-05]
MAR10024	[8.4310167750605e-05]
MAR10026	[8.4310167750605e-05]
MAR10027	[8.4310167750605e-05]
MAR10028	[8.4310167750605e-05]
MAR10029	[8.4310167750605e-05]
MAR10030	[8.4310167750605e-05]
MAR10031	[8.4310167750605e-05]
MAR10033	[8.4310167750605e-05]
MAR10034	[8.4310167750605e-05]
MAR10035	[8.4310167750605e-05]
MAR10036	[8.4310167750605e-05]
MAR10037	[8.4310167750605e-05]
MAR10038	[8.4310167750605e-05]
MAR10039	[8.4310167750605e-05]
MAR10040	[8.4310167750605e-05]
MAR10041	[8.4310167750605e-05]
MAR10042	[8.4310167750605e-05]
MAR10043	[8.4310167750605e-05]
MAR10044	[8.4310167750605e-05]
MAR10045	[8.4310167750605e-05]
MAR10046	[8.4310167750605e-05]
MAR10047	[8.4310167750605e-05]
MAR10048	[8.4310167750605e-05]
MAR10049	[8.4310167750605e-05]
MAR10050	[8.4310167750605e-05]
MAR10051	[8.4310167750605e-05]
MAR10052	[8.4310167750605e-05]
MAR10053	[8.4310167750605e-05]
MAR10054	[8.4310167750605e-05]
MAR10055	[8.4310167750605e-05]
MAR10056	[8.4310167750605e-05]
MAR10057	[8.4310167750605e-05]
MAR10058	[8.4310167750605e-05]
MAR10059	[8.4310167750605e-05]
MAR10060	[8.4310167750605e-05]
MAR10061	[np.float64(6.713308228060648e-05)]
MAR10062	[8.4310167750605e-05]
MAR10063	[8.4310167750605e-05]
MAR10064	[8.4310167750605e-05]
MAR10065	[8.4310167750605e-05]
MAR13082	[8.4310167750605e-05, 2.9037379183842352e-05]
MAR10066	[np.float64(6.713308228060648e-05)]
MAR10067	[np.float64(6.713308228060648e-05)]
MAR10068	[8.4310167750605e-05]
MAR10069	[8.4310167750605e-05]
MAR10070	[8.4310167750605e-05]
MAR10071	[np.float64(6.713308228060648e-05)]
MAR10072	[np.float64(6.713308228060648e-05)]
MAR10073	[np.float64(6.713308228060648e-05)]
MAR10074	[8.4310167750605e-05]
MAR10075	[np.float64(6.713308228060648e-05)]
MAR10076	[8.4310167750605e-05]
MAR10077	[8.4310167750605e-05]
MAR10078	[8.4310167750605e-05]
MAR10079	[np.float64(6.713308228060648e-05)]
MAR10080	[8.4310167750605e-05]
MAR10081	[8.4310167750605e-05]
MAR10082	[np.float64(6.713308228060648e-05)]
MAR10083	[8.4310167750605e-05]
MAR10084	[8.4310167750605e-05]
MAR10085	[8.4310167750605e-05]
MAR10086	[8.4310167750605e-05]
MAR10087	[8.4310167750605e-05]
MAR10088	[8.4310167750605e-05]
MAR10089	[8.4310167750605e-05]
MAR10090	[8.4310167750605e-05]
MAR10091	[8.4310167750605e-05]
MAR10092	[8.4310167750605e-05]
MAR10093	[8.4310167750605e-05]
MAR10094	[8.4310167750605e-05]
MAR10095	[8.4310167750605e-05]
MAR10096	[8.4310167750605e-05]
MAR10097	[8.4310167750605e-05]
MAR10098	[8.4310167750605e-05]
MAR10099	[8.4310167750605e-05]
MAR10100	[np.float64(6.713308228060648e-05)]
MAR10101	[np.float64(6.713308228060648e-05)]
MAR10102	[np.float64(6.713308228060648e-05)]
MAR10103	[np.float64(6.713308228060648e-05)]
MAR10104	[np.float64(6.713308228060648e-05)]
MAR10105	[8.4310167750605e-05]
MAR10106	[8.4310167750605e-05]
MAR10107	[8.4310167750605e-05]
MAR10108	[8.4310167750605e-05]
MAR10109	[np.float64(6.713308228060648e-05)]
MAR10110	[np.float64(6.713308228060648e-05)]
MAR10111	[8.4310167750605e-05]
MAR10112	[8.4310167750605e-05]
MAR10113	[8.4310167750605e-05]
MAR10114	[8.4310167750605e-05]
MAR10115	[np.float64(6.713308228060648e-05)]
MAR10116	[0.00906218291663845]
MAR10117	[np.float64(6.713308228060648e-05)]
MAR10118	[0.004214386547489437]
MAR10119	[0.004214386547489437]
MAR10120	[0.004214386547489437]
MAR10121	[8.4310167750605e-05]
MAR10122	[8.4310167750605e-05]
MAR10123	[8.4310167750605e-05]
MAR10124	[8.4310167750605e-05]
MAR10125	[np.float64(6.713308228060648e-05)]
MAR10126	[np.float64(6.713308228060648e-05)]
MAR10127	[0.004214386547489437]
MAR10128	[8.4310167750605e-05]
MAR10129	[8.4310167750605e-05]
MAR10130	[8.4310167750605e-05]
MAR10131	[8.4310167750605e-05]
MAR10132	[8.4310167750605e-05]
MAR13083	[0.00906218291663845]
MAR13084	[8.4310167750605e-05]
MAR13085	[8.4310167750605e-05]
MAR13086	[3.818778067594408e-05]
MAR13087	[0.00906218291663845]
MAR20001	[0.00906218291663845]
MAR20003	[0.00906218291663845]
MAR20005	[0.00906218291663845]
MAR20006	[np.float64(6.713308228060648e-05)]
MAR20007	[0.00906218291663845]
MAR20008	[np.float64(6.713308228060648e-05)]
MAR20009	[0.00906218291663845]
MAR20010	[0.00906218291663845]
MAR20011	[np.float64(6.713308228060648e-05)]
MAR20013	[0.0059643768572906234]
MAR20016	[np.float64(6.713308228060648e-05)]
MAR20017	[np.float64(6.713308228060648e-05)]
MAR20018	[np.float64(6.713308228060648e-05)]
MAR20019	[np.float64(6.713308228060648e-05)]
MAR20021	[0.004214386547489437]
MAR20022	[0.004214386547489437]
MAR20023	[0.004214386547489437]
MAR20024	[0.004214386547489437]
MAR20025	[0.004214386547489437]
MAR20026	[0.004214386547489437]
MAR20027	[0.004214386547489437]
MAR20028	[0.004214386547489437]
MAR20029	[0.004214386547489437]
MAR20030	[0.004214386547489437]
MAR20031	[0.004214386547489437]
MAR20032	[0.004214386547489437]
MAR20033	[np.float64(6.713308228060648e-05)]
MAR20034	[np.float64(6.713308228060648e-05)]
MAR20035	[np.float64(6.713308228060648e-05)]
MAR20036	[np.float64(6.713308228060648e-05)]
MAR20037	[np.float64(6.713308228060648e-05)]
MAR20038	[np.float64(6.713308228060648e-05)]
MAR20039	[np.float64(6.713308228060648e-05)]
MAR20040	[np.float64(6.713308228060648e-05)]
MAR20041	[np.float64(6.713308228060648e-05)]
MAR20042	[np.float64(6.713308228060648e-05)]
MAR20043	[np.float64(6.713308228060648e-05)]
MAR20044	[np.float64(6.713308228060648e-05)]
MAR20046	[np.float64(6.713308228060648e-05)]
MAR20047	[np.float64(6.713308228060648e-05)]
MAR20048	[np.float64(6.713308228060648e-05)]
MAR20049	[np.float64(6.713308228060648e-05)]
MAR20050	[np.float64(6.713308228060648e-05)]
MAR20051	[np.float64(6.713308228060648e-05)]
MAR20053	[np.float64(6.713308228060648e-05)]
MAR20054	[np.float64(6.713308228060648e-05)]
MAR20055	[np.float64(6.713308228060648e-05)]
MAR20056	[np.float64(6.713308228060648e-05)]
MAR20057	[np.float64(6.713308228060648e-05)]
MAR20058	[np.float64(6.713308228060648e-05)]
MAR20059	[np.float64(6.713308228060648e-05)]
MAR20060	[np.float64(6.713308228060648e-05)]
MAR20061	[np.float64(6.713308228060648e-05)]
MAR20062	[np.float64(6.713308228060648e-05)]
MAR20063	[np.float64(6.713308228060648e-05)]
MAR20064	[np.float64(6.713308228060648e-05)]
MAR20065	[np.float64(6.713308228060648e-05)]
MAR20067	[0.00906218291663845]
MAR20068	[0.00906218291663845]
MAR20069	[np.float64(6.713308228060648e-05)]
MAR20070	[np.float64(6.713308228060648e-05)]
MAR20071	[0.0059643768572906234]
MAR20072	[0.0059643768572906234]
MAR20073	[np.float64(6.713308228060648e-05)]
MAR20074	[np.float64(6.713308228060648e-05)]
MAR20075	[np.float64(6.713308228060648e-05)]
MAR20076	[np.float64(6.713308228060648e-05)]
MAR20077	[np.float64(6.713308228060648e-05)]
MAR20078	[np.float64(6.713308228060648e-05)]
MAR20079	[np.float64(6.713308228060648e-05)]
MAR20080	[np.float64(6.713308228060648e-05)]
MAR20081	[np.float64(6.713308228060648e-05)]
MAR20082	[np.float64(6.713308228060648e-05)]
MAR20083	[np.float64(6.713308228060648e-05)]
MAR20084	[np.float64(6.713308228060648e-05)]
MAR20085	[np.float64(6.713308228060648e-05)]
MAR20086	[np.float64(6.713308228060648e-05)]
MAR20087	[np.float64(6.713308228060648e-05)]
MAR20088	[np.float64(6.713308228060648e-05)]
MAR20090	[np.float64(6.713308228060648e-05)]
MAR20091	[np.float64(6.713308228060648e-05)]
MAR20092	[np.float64(6.713308228060648e-05)]
MAR20093	[np.float64(6.713308228060648e-05)]
MAR20094	[np.float64(6.713308228060648e-05)]
MAR20095	[np.float64(6.713308228060648e-05)]
MAR20096	[np.float64(6.713308228060648e-05)]
MAR20097	[np.float64(6.713308228060648e-05)]
MAR20098	[np.float64(6.713308228060648e-05)]
MAR20099	[np.float64(6.713308228060648e-05)]
MAR20100	[np.float64(6.713308228060648e-05)]
MAR20101	[np.float64(6.713308228060648e-05)]
MAR20102	[np.float64(6.713308228060648e-05)]
MAR20103	[np.float64(6.713308228060648e-05)]
MAR20104	[np.float64(6.713308228060648e-05)]
MAR20105	[np.float64(6.713308228060648e-05)]
MAR20106	[np.float64(6.713308228060648e-05)]
MAR20107	[np.float64(6.713308228060648e-05)]
MAR20108	[np.float64(6.713308228060648e-05)]
MAR20109	[np.float64(6.713308228060648e-05)]
MAR20110	[np.float64(6.713308228060648e-05)]
MAR20111	[0.006935796717097496]
MAR20112	[0.0043702273628809275]
MAR20113	[8.4310167750605e-05]
MAR20114	[np.float64(6.713308228060648e-05)]
MAR20115	[np.float64(6.713308228060648e-05)]
MAR20116	[np.float64(6.713308228060648e-05)]
MAR20117	[np.float64(6.713308228060648e-05)]
MAR20118	[np.float64(6.713308228060648e-05)]
MAR20119	[np.float64(6.713308228060648e-05)]
MAR20120	[np.float64(6.713308228060648e-05)]
MAR20121	[np.float64(6.713308228060648e-05)]
MAR20122	[np.float64(6.713308228060648e-05)]
MAR20123	[np.float64(6.713308228060648e-05)]
MAR20124	[np.float64(6.713308228060648e-05)]
MAR20125	[np.float64(6.713308228060648e-05)]
MAR20126	[np.float64(6.713308228060648e-05)]
MAR20127	[np.float64(6.713308228060648e-05)]
MAR20128	[np.float64(6.713308228060648e-05)]
MAR20129	[np.float64(6.713308228060648e-05)]
MAR20130	[np.float64(6.713308228060648e-05)]
MAR20131	[np.float64(6.713308228060648e-05)]
MAR20132	[np.float64(6.713308228060648e-05)]
MAR20133	[np.float64(6.713308228060648e-05)]
MAR20134	[np.float64(6.713308228060648e-05)]
MAR20135	[np.float64(6.713308228060648e-05)]
MAR20136	[np.float64(6.713308228060648e-05)]
MAR20137	[np.float64(6.713308228060648e-05)]
MAR20138	[np.float64(6.713308228060648e-05)]
MAR20139	[np.float64(6.713308228060648e-05)]
MAR20140	[np.float64(6.713308228060648e-05)]
MAR20141	[np.float64(6.713308228060648e-05)]
MAR20142	[np.float64(6.713308228060648e-05)]
MAR20143	[np.float64(6.713308228060648e-05)]
MAR20144	[np.float64(6.713308228060648e-05)]
MAR20145	[np.float64(6.713308228060648e-05)]
MAR20146	[np.float64(6.713308228060648e-05)]
MAR20147	[np.float64(6.713308228060648e-05)]
MAR20148	[np.float64(6.713308228060648e-05)]
MAR20149	[np.float64(6.713308228060648e-05)]
MAR20150	[np.float64(6.713308228060648e-05)]
MAR20151	[np.float64(6.713308228060648e-05)]
MAR20152	[np.float64(6.713308228060648e-05)]
MAR20153	[np.float64(6.713308228060648e-05)]
MAR20154	[np.float64(6.713308228060648e-05)]
MAR20155	[np.float64(6.713308228060648e-05)]
MAR20156	[np.float64(6.713308228060648e-05)]
MAR20157	[np.float64(6.713308228060648e-05)]
MAR20158	[np.float64(6.713308228060648e-05)]
MAR20159	[np.float64(6.713308228060648e-05)]
MAR20160	[np.float64(6.713308228060648e-05)]
MAR20161	[np.float64(6.713308228060648e-05)]
MAR20162	[np.float64(6.713308228060648e-05)]
MAR20163	[np.float64(6.713308228060648e-05)]
MAR20164	[np.float64(6.713308228060648e-05)]
MAR20165	[np.float64(6.713308228060648e-05)]
MAR20166	[np.float64(6.713308228060648e-05)]
MAR20167	[np.float64(6.713308228060648e-05)]
MAR20168	[np.float64(6.713308228060648e-05)]
MAR20169	[0.00906218291663845]
MAR20170	[np.float64(6.713308228060648e-05)]
MAR20171	[np.float64(6.713308228060648e-05)]
MAR20172	[np.float64(6.713308228060648e-05)]
MAR20173	[4.5278250872079955e-05]
MAR20174	[8.4310167750605e-05]
MAR20175	[8.4310167750605e-05]
MAR20176	[8.4310167750605e-05]
MAR20177	[np.float64(6.713308228060648e-05)]
MAR20178	[np.float64(6.713308228060648e-05)]
MAR20179	[8.4310167750605e-05]
MAR20180	[8.4310167750605e-05]
MAR20181	[np.float64(6.713308228060648e-05)]
MAR20182	[np.float64(6.713308228060648e-05)]
MAR20183	[np.float64(6.713308228060648e-05)]
