reaction	linear_coefficient
MAR03905	0.002855946330829352
MAR03907	0.0023676999316709227
MAR04097	0.0011781167233977361
MAR04099	8.356025542758606e-05
MAR04108	0.0011781167233977361
MAR04133	0.0011781167233977361
MAR04281	0.026055584588077184
MAR04388	0.026055584588077184
MAR04283	0.003082870860214714
MAR08357	0.0032226088056821144
MAR04379	0.006359513980389094
MAR04301	0.006359513980389094
MAR04355	0.001846176521971913
MAR04358	0.06098433122093839
MAR04360	0.0005423757995334814
MAR04363	0.03789788666579302
MAR04365	0.023037135996133
MAR04368	0.012489485251860149
MAR04370	0.0008110635229743315
MAR04371	0.023037135996133
MAR04372	0.0008110635229743315
MAR04373	0.049489136764713296
MAR04375	0.001846176521971913
MAR04377	0.000490355215585977
MAR04381	0.002802820591472077
MAR04391	0.02294936884478695
MAR04394	0.0032333521240778336
MAR04396	0.0015036699114788358
MAR04521	0.0008045569630834912
MAR06412	0.002792267345267816
MAR07745	0.00013431805588968662
MAR07747	0.001776218407850148
MAR08360	0.0021100144998001174
MAR08652	0.0008045569630834912
MAR08757	6.346528985521397e-05
MAR03989	0.0005545426849990112
MAR04122	0.0014428111726091665
MAR04837	8.652411761261409e-05
MAR05395	0.0012225770888569494
MAR05396	0.0019822778989622165
MAR09727	0.0019822778989622165
MAR05397	4.710125979021342e-05
MAR05398	0.01912359096251201
MAR05399	0.00043690726666900637
MAR05400	0.00043690726666900637
MAR05401	0.01912359096251201
MAR08568	3.394650667867715e-05
MAR08569	3.394650667867715e-05
MAR08570	3.394650667867715e-05
MAR08571	3.394650667867715e-05
MAR08572	3.394650667867715e-05
MAR08573	3.394650667867715e-05
MAR08574	3.394650667867715e-05
MAR08575	3.394650667867715e-05
MAR08576	3.394650667867715e-05
MAR08577	3.394650667867715e-05
MAR08578	3.394650667867715e-05
MAR08579	3.394650667867715e-05
MAR08581	3.394650667867715e-05
MAR08591	0.0003209288104652164
MAR08592	0.0005545426849990112
MAR08580	3.394650667867715e-05
MAR08582	3.394650667867715e-05
MAR08587	0.0003209288104652164
MAR08589	0.0005545426849990112
MAR08583	3.008376356048747e-05
MAR08584	2.911450790225425e-05
MAR08585	0.00014767306662673545
MAR03944	0.0014511509455459937
MAR04128	0.0019077960495224955
MAR04130	0.0007856837184938941
MAR04131	0.00019512894430526802
MAR04132	0.00019512894430526802
MAR04303	0.0005545426849990112
MAR04414	0.0007856837184938941
MAR04415	0.0009317441157222343
MAR04416	0.002999685773457763
MAR04831	6.570980090049546e-05
MAR04832	0.0009317441157222343
MAR07674	0.0021579599508109934
MAR08761	0.0003589544970326525
MAR08762	0.001846176521971913
MAR08764	2.9453832278662977e-05
MAR08766	0.0033228446595844714
MAR08767	0.00019512894430526802
MAR00454	6.570980090049546e-05
MAR04297	0.0027402961418876238
MAR04310	0.0003589544970326525
MAR04315	0.0016959397826180026
MAR04316	0.0033228446595844714
MAR04317	0.0019107827992750057
MAR04318	0.0019107827992750057
MAR04319	0.0032333521240778336
MAR04320	0.0019107827992750057
MAR04356	0.001846176521971913
MAR04383	0.0011486199681585813
MAR04385	0.0008127766924186975
MAR04386	0.00044455946207117437
MAR04387	0.00040364472423053827
MAR04399	6.264778248778759e-05
MAR04400	0.002844468495782622
MAR04401	0.00024413658231568557
MAR04402	0.00021370333577823173
MAR04403	6.570980090049546e-05
MAR04490	0.0032333521240778336
MAR04706	0.0027402961418876238
MAR08768	0.002844468495782622
MAR04590	0.0038963999951850087
MAR04591	0.0007280176563750548
MAR04592	0.0033228446595844714
MAR04593	0.0016959397826180026
MAR04594	0.0003206546102505297
MAR04595	0.00011409695413119323
MAR08341	0.0033228446595844714
MAR08342	6.570980090049546e-05
MAR08344	0.0023676999316709227
MAR08352	4.301137954516864e-05
MAR08353	6.570980090049546e-05
MAR08726	4.3849237187188015e-05
MAR08727	0.002725261140921048
MAR08728	6.570980090049546e-05
MAR08729	0.00036552890170517266
MAR06537	0.0023676999316709227
MAR01568	0.003082870860214714
MAR03853	0.009770557512379648
MAR03854	0.0033228446595844714
MAR03855	0.0033228446595844714
MAR03857	0.00037222752460602137
MAR03859	4.488298151807408e-05
MAR04087	0.0005216114063285357
MAR04089	0.0002817539027268654
MAR04091	0.0005216114063285357
MAR04093	3.1812906933271904e-05
MAR04095	3.1812906933271904e-05
MAR04101	2.911450790225425e-05
MAR04103	0.0010944930756508155
MAR04143	0.0001466760913486704
MAR04193	0.06098433122093839
MAR08497	0.0033228446595844714
MAR08498	6.346528985521397e-05
MAR08499	6.346528985521397e-05
MAR08500	0.0033228446595844714
MAR08501	0.0005352999778687699
MAR08502	0.002855946330829352
MAR08503	0.0032226088056821144
MAR08504	0.0032226088056821144
MAR08506	0.0032226088056821144
MAR08507	0.002855946330829352
MAR08508	0.002855946330829352
MAR08509	0.0033228446595844714
MAR08511	0.00037222752460602137
MAR08512	3.738565898790374e-05
MAR08514	4.488298151807408e-05
MAR08516	0.00032035356127554736
MAR08517	6.570980090049546e-05
MAR04280	0.00037676492805003545
MAR00153	0.0011781167233977361
MAR03212	0.0018263177045703834
MAR03797	0.0011781167233977361
MAR03800	8.34920282854817e-05
MAR04105	0.00010404179570851214
MAR04106	0.00010404179570851214
MAR04107	0.00010404179570851214
MAR04282	7.893578386274055e-05
MAR04331	0.0011781167233977361
MAR04459	0.0011781167233977361
MAR04460	0.0011781167233977361
MAR04464	6.570980090049546e-05
MAR04497	0.004583058235997571
MAR04741	0.0002431478373933223
MAR08078	6.570980090049546e-05
MAR09803	6.570980090049546e-05
MAR09804	0.0034647488251518224
MAR00718	0.0004887963284422824
MAR00719	0.0018225904007595555
MAR01434	0.0010908140706134448
MAR01436	0.00023121654586442074
MAR03163	0.0018263177045703834
MAR04461	0.00015625813591927672
MAR04604	0.0022156688832970155
MAR05351	0.00037676492805003545
MAR07709	9.13845660714257e-05
MAR04052	0.003712804150653237
MAR04304	0.004632453580651135
MAR04350	4.3849237187188015e-05
MAR04351	0.002154554418089565
MAR04352	0.002154554418089565
MAR04354	0.0015036699114788358
MAR04398	0.0012328781617393075
MAR04404	0.004025197386729777
MAR04473	0.006069207956700607
MAR04474	0.006069207956700607
MAR04476	0.000187295635189932
MAR04477	0.001914353148030208
MAR04501	0.004025197386729777
MAR04565	0.00847994347598675
MAR04567	0.006359513980389094
MAR09799	0.00018419169467210638
MAR09800	0.0003589544970326525
MAR04623	0.0004861388441031804
MAR04625	0.0015105169943111499
MAR04710	0.0015036699114788358
MAR04841	0.003082870860214714
MAR08074	4.3849237187188015e-05
MAR08653	0.0015105169943111499
MAR03998	0.0028105680881488106
MAR04000	0.0008476483245554139
MAR04002	0.003589003675990877
MAR04004	0.003589003675990877
MAR04010	0.0027632997336917253
MAR04081	0.0027632997336917253
MAR04082	0.0027632997336917253
MAR04012	0.0013579249013123615
MAR04014	0.0003094463110615321
MAR04020	0.004362517396142784
MAR04022	0.0008476483245554139
MAR04038	0.004749150341819395
MAR04040	0.014965093731135056
MAR04042	0.0031564843075365993
MAR04046	0.001936379419650415
MAR04048	0.0003094463110615321
MAR04080	0.0007839628884104854
MAR04085	0.006772516933728266
MAR04086	0.006772516933728266
MAR04134	0.0028105680881488106
MAR04135	0.004362517396142784
MAR04168	0.00494432420848434
MAR04171	0.06098433122093839
MAR04290	0.0007493403204596195
MAR04406	0.0012141284112100034
MAR04412	0.00014541056646325597
MAR04417	0.0027632997336917253
MAR04418	0.004009512803565601
MAR04419	0.001413226378555856
MAR04421	0.06098433122093839
MAR04449	0.0027632997336917253
MAR04450	0.0027632997336917253
MAR04451	6.570980090049546e-05
MAR04452	0.004009512803565601
MAR04453	0.001936379419650415
MAR04480	0.003869435015824688
MAR04481	0.00010517017948608495
MAR04482	0.00010517017948608495
MAR04486	0.0032333521240778336
MAR04487	0.0032333521240778336
MAR04488	0.0032333521240778336
MAR04489	0.0032333521240778336
MAR04492	0.0032333521240778336
MAR04493	0.0032333521240778336
MAR04495	0.0032333521240778336
MAR04496	0.0032333521240778336
MAR04518	4.415493115674169e-05
MAR04519	0.0007202346837094392
MAR04520	0.0007202346837094392
MAR04573	0.06098433122093839
MAR04574	0.005124151977772616
MAR04600	0.0028071342244188635
MAR04602	0.0027632997336917253
MAR04603	0.005124151977772616
MAR04611	0.03361808679665869
MAR04612	0.03361808679665869
MAR04614	0.03361808679665869
MAR04615	0.03361808679665869
MAR04617	0.03361808679665869
MAR04618	0.03361808679665869
MAR04619	0.03361808679665869
MAR04621	0.03361808679665869
MAR04632	0.0027632997336917253
MAR04646	0.0007202346837094392
MAR04648	0.0007202346837094392
MAR04649	0.0007202346837094392
MAR04650	0.0007202346837094392
MAR04651	0.005124151977772616
MAR04663	0.005124151977772616
MAR04664	0.004009512803565601
MAR04694	0.00010517017948608495
MAR04695	0.005124151977772616
MAR04705	0.0027632997336917253
MAR04709	0.005124151977772616
MAR04799	0.002073520594644805
MAR04802	0.002073520594644805
MAR04804	0.0033176236218165913
MAR04808	0.0012376610729210402
MAR04810	0.0033176236218165913
MAR04812	0.00014541056646325597
MAR04814	0.004749150341819395
MAR05301	0.0025277858618217674
MAR05353	0.004362517396142784
MAR06601	2.911450790225425e-05
MAR06602	0.009334134758457062
MAR06603	0.009334134758457062
MAR06605	6.570980090049546e-05
MAR06606	6.570980090049546e-05
MAR06607	6.570980090049546e-05
MAR06609	6.570980090049546e-05
MAR06610	6.570980090049546e-05
MAR06611	6.570980090049546e-05
MAR07144	0.0020856081444073976
MAR08755	0.0007202346837094392
MAR09797	6.570980090049546e-05
MAR04016	0.0017389748643587015
MAR04018	0.0017389748643587015
MAR04044	0.0017389748643587015
MAR04291	0.0017389748643587015
MAR04420	0.0017389748643587015
MAR04570	0.0017389748643587015
MAR04572	0.0017389748643587015
MAR04006	0.0017389748643587015
MAR04028	0.0017389748643587015
MAR04030	0.0017389748643587015
MAR04670	0.0017389748643587015
MAR04673	0.0017389748643587015
MAR04675	0.0017389748643587015
MAR06614	0.0017389748643587015
MAR06615	0.0017389748643587015
MAR06616	0.0017389748643587015
MAR04635	0.0017389748643587015
MAR03793	2.911450790225425e-05
MAR03931	0.0026641866864545822
MAR03969	0.0025277858618217674
MAR03970	0.0027632997336917253
MAR04008	0.0030876001035349964
MAR04032	0.0010234796676496718
MAR04034	0.0016628309356768972
MAR04036	0.0016324316318439974
MAR04050	0.0016628309356768972
MAR04056	0.0027632997336917253
MAR04059	0.0028105680881488106
MAR04060	0.0028105680881488106
MAR04127	0.0007232367624252965
MAR04177	0.0027632997336917253
MAR04179	0.0027632997336917253
MAR04182	0.0019107827992750057
MAR04183	0.0007493403204596195
MAR04192	0.0007493403204596195
MAR04194	0.0010234796676496718
MAR04210	0.06098433122093839
MAR04211	0.00494432420848434
MAR04343	0.0003863807662833479
MAR04345	4.563928435648702e-05
MAR04346	0.00032127555514835685
MAR04470	4.563928435648702e-05
MAR04471	4.563928435648702e-05
MAR04472	4.563928435648702e-05
MAR04484	0.0027632997336917253
MAR04485	0.0005353248586424573
MAR04510	0.0027632997336917253
MAR04512	0.0030876001035349964
MAR04513	0.0013579249013123615
MAR04514	0.00741540235020455
MAR04577	0.0016324316318439974
MAR04579	0.00393004904849959
MAR04580	0.00741540235020455
MAR04608	0.0016628309356768972
MAR04575	0.0003303043579104664
MAR04637	0.0032249204369030507
MAR04642	0.0009933301050891023
MAR04643	0.00494432420848434
MAR04644	0.00041389108991306544
MAR04672	6.570980090049546e-05
MAR04676	0.0025277858618217674
MAR04736	2.911450790225425e-05
MAR04819	2.973626393095735e-05
MAR05299	0.0025277858618217674
MAR05352	0.0025277858618217674
MAR05415	0.03361808679665869
MAR05416	0.03361808679665869
MAR05417	0.0026641866864545822
MAR06612	0.0032249204369030507
MAR06613	0.0032249204369030507
MAR06621	0.03361808679665869
MAR06622	0.03361808679665869
MAR06623	0.008409840611825738
MAR06624	0.00014084105877106004
MAR06627	0.06098433122093839
MAR07744	0.0012156410263628313
MAR08072	6.570980090049546e-05
MAR08637	6.570980090049546e-05
MAR03965	0.002606470631670909
MAR03966	0.00494432420848434
MAR03967	0.0030876001035349964
MAR03968	0.0032249204369030507
MAR03999	0.0007493403204596195
MAR04024	0.0030876001035349964
MAR04026	3.998375845158784e-05
MAR04054	0.008409840611825738
MAR04061	0.0007493403204596195
MAR04083	0.0013579249013123615
MAR04136	0.11344757042190609
MAR04180	0.0025277858618217674
MAR04185	0.0011017076105443839
MAR04186	0.0011017076105443839
MAR04342	0.0028105680881488106
MAR04344	6.570980090049546e-05
MAR04483	0.00014084105877106004
MAR04507	0.002170792570282775
MAR04516	0.005664627772274978
MAR04601	0.0028071342244188635
MAR04633	0.00010517017948608495
MAR04640	0.0032249204369030507
MAR04641	0.008409840611825738
MAR04680	0.00393004904849959
MAR04806	0.002073520594644805
MAR05394	6.570980090049546e-05
MAR06625	0.00014084105877106004
MAR06626	0.0009933301050891023
MAR07160	0.009765842799800091
MAR07161	0.008105365509858924
MAR07162	0.008105365509858924
MAR07163	0.0006062381085447747
MAR07164	0.0006062381085447747
MAR07713	0.0027632997336917253
MAR07716	0.0027632997336917253
MAR07717	0.0027632997336917253
MAR07721	0.0027632997336917253
MAR07725	0.0027632997336917253
MAR07728	0.0027632997336917253
MAR07800	2.911450790225425e-05
MAR07801	0.0011369763942124505
MAR07802	2.911450790225425e-05
MAR07863	0.0030876001035349964
MAR07864	0.0030876001035349964
MAR07865	0.0030876001035349964
MAR07866	0.0030876001035349964
MAR07867	0.0030876001035349964
MAR07868	0.0030876001035349964
MAR07869	0.0030876001035349964
MAR07870	0.0030876001035349964
MAR07871	0.0030876001035349964
MAR07872	0.0030876001035349964
MAR07873	0.0030876001035349964
MAR07874	0.0030876001035349964
MAR07875	3.998375845158784e-05
MAR07876	0.0030876001035349964
MAR07878	0.0017389748643587015
MAR07879	0.00494432420848434
MAR07880	0.0009933301050891023
MAR07881	0.0017389748643587015
MAR07882	0.0017389748643587015
MAR07883	0.0017389748643587015
MAR07884	0.0017389748643587015
MAR07885	0.0017389748643587015
MAR07886	0.0017389748643587015
MAR07887	0.0017389748643587015
MAR07888	0.0017389748643587015
MAR07889	0.0017389748643587015
MAR07890	0.0017389748643587015
MAR07891	0.0017389748643587015
MAR07892	0.0017389748643587015
MAR07893	0.0017389748643587015
MAR07894	0.0017389748643587015
MAR07895	0.0017389748643587015
MAR08083	0.0003094463110615321
MAR08085	0.0003094463110615321
MAR08087	0.0003094463110615321
MAR08443	0.0020856081444073976
MAR08444	0.0020856081444073976
MAR08445	0.0025277858618217674
MAR08446	2.911450790225425e-05
MAR08448	0.0030876001035349964
MAR08449	0.0030876001035349964
MAR08450	0.0030876001035349964
MAR08451	0.0030876001035349964
MAR08452	0.0030876001035349964
MAR08453	0.0030876001035349964
MAR08454	0.0030876001035349964
MAR08455	0.0030876001035349964
MAR08456	0.0030876001035349964
MAR08457	0.0030876001035349964
MAR08458	0.0030876001035349964
MAR08459	0.0030876001035349964
MAR08460	0.0030876001035349964
MAR08461	2.911450790225425e-05
MAR08462	0.0030876001035349964
MAR08463	0.0030876001035349964
MAR08464	0.0030876001035349964
MAR08465	0.0030876001035349964
MAR08466	0.0030876001035349964
MAR08467	0.0030876001035349964
MAR08468	0.0030876001035349964
MAR08469	0.0030876001035349964
MAR08470	0.0030876001035349964
MAR08471	0.0030876001035349964
MAR08472	0.0030876001035349964
MAR08473	0.00010517017948608495
MAR08474	0.0028105680881488106
MAR08477	0.0013579249013123615
MAR08478	0.0013579249013123615
MAR08479	0.0013579249013123615
MAR08480	2.911450790225425e-05
MAR08481	6.570980090049546e-05
MAR08482	0.0006517030733974493
MAR08483	0.002606470631670909
MAR08484	6.570980090049546e-05
MAR08485	0.0028105680881488106
MAR08486	0.005124151977772616
MAR08487	0.0024742716485263074
MAR08488	0.00494432420848434
MAR08489	0.00494432420848434
MAR08493	0.0008920324197611348
MAR08494	0.0008920324197611348
MAR08495	0.0008920324197611348
MAR03802	0.007929039090971462
MAR03804	0.007929039090971462
MAR03811	0.0007659844880889824
MAR03813	0.0004431907616890288
MAR03822	0.0006778846424716598
MAR03827	0.006803079406486661
MAR03829	0.0025269561926768887
MAR03862	3.369550644109269e-05
MAR03865	0.006803079406486661
MAR03870	0.0023345172931597664
MAR03873	3.106763587768821e-05
MAR08654	3.106763587768821e-05
MAR03890	0.00236382070702397
MAR03892	0.002264433370930481
MAR09802	3.6877347010196104e-05
MAR03899	9.449396853460547e-05
MAR03903	6.16672649365585e-05
MAR04109	0.0010027113219817732
MAR04114	0.0007834606868500705
MAR04115	0.0007834606868500705
MAR04118	0.0023345172931597664
MAR04172	3.369550644109269e-05
MAR04196	0.0002984503017079562
MAR04197	0.0006852191540752259
MAR04287	0.026055584588077184
MAR04690	0.0002462249748893517
MAR04693	5.071577309574947e-05
MAR06780	0.006803079406486661
MAR06968	0.00014338979464215978
MAR06969	2.911450790225425e-05
MAR06970	9.449396853460547e-05
MAR06971	0.00454602486389542
MAR06972	0.00454602486389542
MAR07641	3.221069906476362e-05
MAR07642	6.570980090049546e-05
MAR08626	3.173093544671297e-05
MAR08628	2.911450790225425e-05
MAR03806	0.0006778846424716598
MAR03807	0.009851104896064264
MAR03809	2.911450790225425e-05
MAR03816	3.572024676719283e-05
MAR03819	0.0006778846424716598
MAR03820	0.0006778846424716598
MAR03832	6.570980090049546e-05
MAR03833	0.001512016754483379
MAR03835	0.001512016754483379
MAR03837	0.001989548638189368
MAR03895	0.0031406696572868504
MAR03897	0.0031406696572868504
MAR03956	0.00010110827031069743
MAR03993	0.00013567935062678923
MAR04073	0.003099045506404173
MAR04075	0.010705028171447015
MAR04077	0.010705028171447015
MAR04190	0.00013567935062678923
MAR04191	7.738781796095072e-05
MAR04212	0.004110448044265322
MAR04422	0.004110448044265322
MAR04423	0.00019913660444926775
MAR04424	3.507673051682685e-05
MAR04583	0.00023964254889278713
MAR04605	0.0032226088056821144
MAR04606	4.150572985096067e-05
MAR04607	0.001361786129762463
MAR04776	0.0020014818999806107
MAR04777	0.0020014818999806107
MAR04778	0.001989548638189368
MAR04779	0.001989548638189368
MAR04780	0.001989548638189368
MAR04781	0.001989548638189368
MAR04784	0.0006778846424716598
MAR04785	0.0006778846424716598
MAR04786	0.006803079406486661
MAR04787	3.902581516285103e-05
MAR05384	0.00038784798411016985
MAR06929	0.01015690698419294
MAR06930	0.01015690698419294
MAR06931	0.00019913660444926775
MAR06932	0.00019913660444926775
MAR06933	0.00019913660444926775
MAR06934	0.00019913660444926775
MAR06935	0.00019913660444926775
MAR06936	0.00019913660444926775
MAR06938	0.01015690698419294
MAR06939	0.01015690698419294
MAR06940	6.570980090049546e-05
MAR06941	0.00019913660444926775
MAR06942	0.00019913660444926775
MAR06943	0.00019913660444926775
MAR06944	0.00019913660444926775
MAR06945	0.00019913660444926775
MAR06946	0.00019913660444926775
MAR06947	0.00019913660444926775
MAR06948	0.00019913660444926775
MAR06949	0.00019913660444926775
MAR06950	0.00019913660444926775
MAR06951	0.00019913660444926775
MAR06952	0.00019913660444926775
MAR06953	0.0034035341053320887
MAR06954	0.0034035341053320887
MAR06955	6.570980090049546e-05
MAR06956	6.570980090049546e-05
MAR06957	6.570980090049546e-05
MAR06958	0.004110012521229467
MAR06959	0.004110012521229467
MAR06960	6.570980090049546e-05
MAR06961	0.004110012521229467
MAR06962	0.004110012521229467
MAR06963	0.004110012521229467
MAR06964	0.004110012521229467
MAR06965	0.00010085452214436088
MAR06966	0.00010085452214436088
MAR06967	0.00010085452214436088
MAR06973	0.0034035341053320887
MAR08096	0.0006778846424716598
MAR08097	0.0006778846424716598
MAR08098	0.006803079406486661
MAR08416	0.00014338979464215978
MAR08425	4.466619890103188e-05
MAR08426	0.0001307607351453935
MAR08427	0.001170994778037864
MAR08431	6.570980090049546e-05
MAR08432	2.950294505564258e-05
MAR08603	0.01015690698419294
MAR08604	0.0010553869676438745
MAR08605	0.0032226088056821144
MAR08606	0.00019913660444926775
MAR08607	6.570980090049546e-05
MAR08608	2.911450790225425e-05
MAR08609	0.001989548638189368
MAR08610	2.911450790225425e-05
MAR08611	3.60622131575088e-05
MAR04285	2.9834434867328358e-05
MAR00457	7.225124778548543e-05
MAR00460	7.225124778548543e-05
MAR03750	3.1392578629832674e-05
MAR03752	0.000330864614049879
MAR03770	0.0008372791723789718
MAR03771	3.1392578629832674e-05
MAR03772	3.1392578629832674e-05
MAR03782	3.1392578629832674e-05
MAR03784	0.000330864614049879
MAR03794	0.00014338979464215978
MAR03839	0.0018225904007595555
MAR03841	0.011017297055885052
MAR03843	0.0017325614761414794
MAR03845	0.0009965548131154345
MAR03847	0.0005648483989586954
MAR03849	3.1676587439600124e-05
MAR03852	7.289326540981492e-05
MAR03856	0.0005352999778687699
MAR03860	6.570980090049546e-05
MAR03883	0.0003699541383439215
MAR03901	6.505789093635077e-05
MAR03939	0.0028348669871674824
MAR03974	0.0003699541383439215
MAR04198	3.0006545706762666e-05
MAR04199	4.466619890103188e-05
MAR04200	0.0003699541383439215
MAR04284	6.570980090049546e-05
MAR04348	0.0001608722333134699
MAR04466	2.911450790225425e-05
MAR04467	3.0006545706762666e-05
MAR04582	6.22136298534805e-05
MAR04584	0.001170994778037864
MAR04696	2.911450790225425e-05
MAR04697	0.0001783602569316289
MAR04698	0.0001783602569316289
MAR04699	2.911450790225425e-05
MAR04700	0.0006613370875358926
MAR04742	0.0028348669871674824
MAR04788	3.0006545706762666e-05
MAR04789	2.911450790225425e-05
MAR04791	3.0006545706762666e-05
MAR04792	0.0042601329788427575
MAR04937	0.00014819282169800305
MAR05392	0.003437214650312339
MAR05393	0.001906312722379805
MAR06409	0.002355842889768593
MAR07702	0.0005352999778687699
MAR07703	2.911450790225425e-05
MAR08433	0.0002330684305149198
MAR08434	0.0002330684305149198
MAR08439	3.1140673322105174e-05
MAR08440	0.0001783602569316289
MAR08441	2.911450790225425e-05
MAR08442	6.570980090049546e-05
MAR09718	6.570980090049546e-05
MAR09486	0.0003506144357865895
MAR04426	0.005186353983993804
MAR04428	3.3850901798966424e-05
MAR04429	2.911450790225425e-05
MAR04430	0.0010553869676438745
MAR04431	0.003082870860214714
MAR04437	3.238333130816822e-05
MAR04658	3.0315835744583358e-05
MAR04660	7.395665265324034e-05
MAR04712	2.977485506233507e-05
MAR05336	0.0016719320714508417
MAR05337	0.0012287796887001255
MAR05338	0.006153692557047174
MAR05339	0.0016719320714508417
MAR05340	0.0016719320714508417
MAR08783	0.00019913660444926775
MAR08784	0.0032226088056821144
MAR08786	0.0004184749568452681
MAR04241	0.0016344294421176402
MAR04288	4.8042218725150525e-05
MAR04596	0.00039221369988913686
MAR04597	0.00039221369988913686
MAR04599	0.005427426789220896
MAR04667	0.00034349595767358283
MAR04668	4.8042218725150525e-05
MAR04737	0.0001783602569316289
MAR04739	0.0001783602569316289
MAR04740	6.570980090049546e-05
MAR06415	0.004737174121280462
MAR06974	6.570980090049546e-05
MAR06975	0.0016344294421176402
MAR06976	0.0016344294421176402
MAR06977	0.0016344294421176402
MAR06978	0.004215455375358783
MAR06979	0.0001314019438026586
MAR06980	0.0042601329788427575
MAR06981	0.0032226088056821144
MAR06982	3.5304265225401414e-05
MAR06983	0.0017225687727816616
MAR06984	0.0046514927107943254
MAR06985	0.0017225687727816616
MAR08017	6.570980090049546e-05
MAR08018	6.570980090049546e-05
MAR08019	6.570980090049546e-05
MAR08021	3.1676587439600124e-05
MAR08025	0.0016344294421176402
MAR08026	0.0016344294421176402
MAR08027	0.0016344294421176402
MAR08029	0.004215455375358783
MAR03164	0.00916989309838836
MAR03166	0.007336267456068411
MAR03885	0.0011629592205157717
MAR04250	6.570980090049546e-05
MAR08091	2.911450790225425e-05
MAR08092	0.0010553869676438745
MAR08563	0.0004184749568452681
MAR08566	0.00046476622219861007
MAR03935	0.0005594004044064612
MAR04681	2.911450790225425e-05
MAR04682	0.0010553869676438745
MAR04683	0.003082870860214714
MAR04685	0.003082870860214714
MAR04686	0.003082870860214714
MAR04687	0.003082870860214714
MAR04702	6.570980090049546e-05
MAR04703	8.314251590082844e-05
MAR04704	8.314251590082844e-05
MAR06988	2.958506233833173e-05
MAR07689	4.308094175900174e-05
MAR07701	0.000716263621751762
MAR08094	4.308094175900174e-05
MAR08529	0.00019913660444926775
MAR08530	0.002855946330829352
MAR08533	2.911450790225425e-05
MAR08534	4.308094175900174e-05
MAR08535	4.308094175900174e-05
MAR08537	2.9803619952375815e-05
MAR08541	2.911450790225425e-05
MAR08542	2.911450790225425e-05
MAR08543	2.958506233833173e-05
MAR08544	2.958506233833173e-05
MAR08630	2.911450790225425e-05
MAR08540	6.570980090049546e-05
MAR03206	0.004071677923888144
MAR03208	0.0001883767753133297
MAR03213	0.0003710630975105613
MAR03215	0.0006205975103897689
MAR03747	8.902741758217066e-05
MAR03744	0.0009030161890669711
MAR03757	0.007336267456068411
MAR03761	7.893578386274055e-05
MAR03777	8.902741758217066e-05
MAR03778	0.0009030161890669711
MAR03795	7.893578386274055e-05
MAR04797	0.0032226088056821144
MAR06417	0.0005923657118862672
MAR06419	0.0005923657118862672
MAR06420	0.0005923657118862672
MAR06421	0.0005923657118862672
MAR06422	0.0005923657118862672
MAR06923	8.902741758217066e-05
MAR03765	0.0009030161890669711
MAR06924	0.00020247721655648952
MAR06925	0.0034647488251518224
MAR06926	0.001268646096665026
MAR06927	0.001268646096665026
MAR08088	5.071577309574947e-05
MAR08787	0.00010404179570851214
MAR03743	3.1392578629832674e-05
MAR04214	3.029467258568095e-05
MAR04216	0.0005668880915210894
MAR04218	2.9340507722295224e-05
MAR04219	0.0005668880915210894
MAR04220	3.929954482313903e-05
MAR04222	0.0006852191540752259
MAR04224	2.9340507722295224e-05
MAR04225	2.9340507722295224e-05
MAR04227	0.0021100144998001174
MAR04231	3.140728695233447e-05
MAR04232	6.570980090049546e-05
MAR04233	6.570980090049546e-05
MAR04235	6.570980090049546e-05
MAR04243	0.0006764409936264241
MAR04244	0.0006852191540752259
MAR04245	6.570980090049546e-05
MAR04246	0.0006852191540752259
MAR04248	6.570980090049546e-05
MAR06707	2.911450790225425e-05
MAR06708	6.570980090049546e-05
MAR06709	6.570980090049546e-05
MAR06711	2.911450790225425e-05
MAR06712	6.570980090049546e-05
MAR06713	0.0010553869676438745
MAR06714	0.0032226088056821144
MAR06715	0.002605655842834244
MAR06716	2.9724381658266157e-05
MAR06717	0.0005668880915210894
MAR06718	2.911450790225425e-05
MAR06719	0.0010553869676438745
MAR06720	6.570980090049546e-05
MAR06721	6.570980090049546e-05
MAR06722	2.911450790225425e-05
MAR06723	0.03948138358443121
MAR06725	0.006803079406486661
MAR06726	4.148667760215032e-05
MAR06727	0.00018539754685785917
MAR06728	2.9803619952375815e-05
MAR06729	2.911450790225425e-05
MAR06730	0.002605655842834244
MAR06731	2.911450790225425e-05
MAR06734	6.570980090049546e-05
MAR06735	0.002605655842834244
MAR06736	0.002605655842834244
MAR06738	6.570980090049546e-05
MAR06739	0.002605655842834244
MAR06740	2.911450790225425e-05
MAR06741	2.911450790225425e-05
MAR06742	6.570980090049546e-05
MAR06743	3.6083271670007616e-05
MAR06744	6.570980090049546e-05
MAR06745	0.0010553869676438745
MAR06746	0.002605655842834244
MAR06747	0.0010553869676438745
MAR06748	0.003082870860214714
MAR06749	0.003082870860214714
MAR06750	0.002605655842834244
MAR06751	0.0010553869676438745
MAR06752	0.0010553869676438745
MAR06753	0.003082870860214714
MAR06754	0.003082870860214714
MAR06755	0.002605655842834244
MAR06756	0.002855946330829352
MAR06757	0.002605655842834244
MAR06758	0.0010553869676438745
MAR06759	6.570980090049546e-05
MAR06760	0.003082870860214714
MAR06761	0.003082870860214714
MAR06762	0.002605655842834244
MAR06763	0.002605655842834244
MAR06764	0.0010553869676438745
MAR06765	6.570980090049546e-05
MAR06766	0.003082870860214714
MAR06767	0.003082870860214714
MAR06768	0.006803079406486661
MAR06770	3.740730993708315e-05
MAR06771	0.00018539754685785917
MAR06772	4.148667760215032e-05
MAR06774	2.911450790225425e-05
MAR06776	0.00013420496163002096
MAR06778	0.00029334561846684006
MAR06782	6.570980090049546e-05
MAR06783	6.570980090049546e-05
MAR06784	6.570980090049546e-05
MAR06785	6.570980090049546e-05
MAR06786	6.570980090049546e-05
MAR06787	2.911450790225425e-05
MAR06788	0.002605655842834244
MAR06789	0.0010553869676438745
MAR06790	0.003082870860214714
MAR06791	0.003082870860214714
MAR06792	6.570980090049546e-05
MAR06798	0.00010011830895316997
MAR06799	0.00010011830895316997
MAR06800	0.00010011830895316997
MAR06801	0.00010011830895316997
MAR06802	6.570980090049546e-05
MAR06803	2.911450790225425e-05
MAR06806	6.570980090049546e-05
MAR06807	6.570980090049546e-05
MAR06808	0.009334134758457062
MAR06811	0.03948138358443121
MAR06813	0.009334134758457062
MAR06814	0.0011060944203895118
MAR06815	0.03948138358443121
MAR06817	0.0011060944203895118
MAR06818	6.570980090049546e-05
MAR06819	0.0011060944203895118
MAR06820	0.03948138358443121
MAR06822	6.570980090049546e-05
MAR06823	0.0011060944203895118
MAR06824	0.03948138358443121
MAR06826	3.483460709229947e-05
MAR06827	3.483460709229947e-05
MAR06828	0.00010011830895316997
MAR06829	0.0022651989397695733
MAR06830	0.00010011830895316997
MAR06831	3.9122201290453987e-05
MAR06834	3.483460709229947e-05
MAR06835	3.483460709229947e-05
MAR06836	0.00010011830895316997
MAR06837	0.00010011830895316997
MAR06838	2.9384871977512807e-05
MAR06839	3.9122201290453987e-05
MAR06840	3.483460709229947e-05
MAR06841	3.483460709229947e-05
MAR06842	0.00010011830895316997
MAR06843	0.00010011830895316997
MAR06844	2.9384871977512807e-05
MAR06845	3.9122201290453987e-05
MAR06848	3.483460709229947e-05
MAR06849	3.483460709229947e-05
MAR06850	2.9384871977512807e-05
MAR06851	3.9122201290453987e-05
MAR06854	3.483460709229947e-05
MAR06855	3.483460709229947e-05
MAR06874	2.911450790225425e-05
MAR06875	6.570980090049546e-05
MAR06876	6.570980090049546e-05
MAR06877	6.570980090049546e-05
MAR06878	6.570980090049546e-05
MAR06879	6.570980090049546e-05
MAR06880	6.570980090049546e-05
MAR06881	6.570980090049546e-05
MAR06882	6.570980090049546e-05
MAR06883	0.03948138358443121
MAR06885	0.0011060944203895118
MAR06886	0.03948138358443121
MAR06888	2.911450790225425e-05
MAR06889	2.911450790225425e-05
MAR07628	0.009334134758457062
MAR07756	3.539027121321669e-05
MAR08539	2.911450790225425e-05
MAR08794	6.570980090049546e-05
MAR08795	6.570980090049546e-05
MAR08796	2.982044742983785e-05
MAR03875	0.006726066676128027
MAR03877	0.00853989650564283
MAR03879	3.9096056403133994e-05
MAR03881	0.0008834516965960205
MAR03912	0.006803079406486661
MAR03917	0.0005447059888707445
MAR03919	4.466619890103188e-05
MAR03920	0.0008141086521760292
MAR03922	0.00014338979464215978
MAR03928	0.001642546489081307
MAR03995	0.0026641866864545822
MAR03996	6.570980090049546e-05
MAR04072	0.0022938735861841118
MAR04189	0.0002790297341179111
MAR04302	0.0008834516965960205
MAR04323	3.9096056403133994e-05
MAR05381	4.308094175900174e-05
MAR05385	0.0010196249951381997
MAR05386	0.0005095554125117384
MAR05387	0.0029515882967778217
MAR05388	0.0017997856233186605
MAR05389	0.0017997856233186605
MAR05390	3.740730993708315e-05
MAR05391	2.9527822210541686e-05
MAR05418	0.00014338979464215978
MAR05419	0.00014338979464215978
MAR06515	0.001642546489081307
MAR06518	0.001642546489081307
MAR06519	0.00037676492805003545
MAR06520	0.001642546489081307
MAR06523	3.6033700761892137e-05
MAR08062	4.308094175900174e-05
MAR08066	0.006803079406486661
MAR08067	0.006803079406486661
MAR08068	0.0025045920456132583
MAR08069	0.007337984319661402
MAR08641	0.0022938735861841118
MAR08682	6.570980090049546e-05
MAR08683	0.0008834516965960205
MAR08684	0.006803079406486661
MAR08685	6.570980090049546e-05
MAR03868	0.0023345172931597664
MAR03869	0.0023345172931597664
MAR03889	0.00034228111783539145
MAR03933	0.002855946330829352
MAR03937	0.0021555073274945645
MAR04116	0.029004870536375935
MAR04120	0.029004870536375935
MAR04121	0.029004870536375935
MAR04175	0.00014819282169800305
MAR04176	0.00014819282169800305
MAR04324	0.001905293500358241
MAR04326	0.0014431264962862767
MAR04328	0.001993340923499584
MAR04329	0.001993340923499584
MAR04708	0.00454602486389542
MAR08769	0.00014819282169800305
MAR08770	0.00454602486389542
MAR08771	0.00425347066201367
MAR04078	0.004110012521229467
MAR04079	0.0032226088056821144
MAR04174	0.0002462249748893517
MAR04330	5.071577309574947e-05
MAR04347	2.973626393095735e-05
MAR04425	4.150572985096067e-05
MAR04427	0.001361786129762463
MAR04688	0.0032226088056821144
MAR04689	0.0032226088056821144
MAR04735	0.00916989309838836
MAR07991	6.570980090049546e-05
MAR07992	0.00019913660444926775
MAR07993	0.0032226088056821144
MAR07128	0.0011017076105443839
MAR07129	0.0011017076105443839
MAR07130	6.570980090049546e-05
MAR07131	0.0026641866864545822
MAR07132	0.004390476144385518
MAR07133	5.398863062984883e-05
MAR07134	0.0008834516965960205
MAR07135	3.9096056403133994e-05
MAR07136	0.00853989650564283
MAR07137	0.0008834516965960205
MAR07138	4.417323424176216e-05
MAR07139	0.006726066676128027
MAR07140	6.570980090049546e-05
MAR07141	5.398863062984883e-05
MAR07620	0.0025240602155652036
MAR07647	2.911450790225425e-05
MAR08640	0.0022938735861841118
MAR08689	2.911450790225425e-05
MAR08690	2.911450790225425e-05
MAR03753	0.00916989309838836
MAR03755	0.0002431478373933223
MAR03759	0.0032226088056821144
MAR03763	7.893578386274055e-05
MAR03773	0.001268646096665026
MAR03775	0.00032035356127554736
MAR03785	0.00916989309838836
MAR03790	8.314251590082844e-05
MAR03792	5.071577309574947e-05
MAR03796	0.0011781167233977361
MAR03823	0.007336267456068411
MAR06416	0.0005923657118862672
MAR03986	2.911450790225425e-05
MAR03988	0.0030917944313741228
MAR04124	0.00036552890170517266
MAR04158	0.0038761581133741783
MAR04159	0.0019077960495224955
MAR04299	0.005459466193193488
MAR04300	0.0008027122959383514
MAR04494	0.0032333521240778336
MAR04524	0.0004708810762748674
MAR04525	0.00047778364386150227
MAR04526	0.00047778364386150227
MAR04527	3.6427130462755815e-05
MAR04528	0.00047778364386150227
MAR04529	0.002103227716799744
MAR04530	0.0006211958171553557
MAR04531	6.570980090049546e-05
MAR04532	0.003736447372241004
MAR04533	6.570980090049546e-05
MAR04534	6.570980090049546e-05
MAR04536	0.003736447372241004
MAR04628	0.002119397811150451
MAR04629	0.00030136721410680236
MAR04631	0.0007580919331044671
MAR07696	6.570980090049546e-05
MAR07697	0.0010642485392600605
MAR07698	0.0019077960495224955
MAR08366	6.570980090049546e-05
MAR08367	6.570980090049546e-05
MAR08368	6.570980090049546e-05
MAR08371	0.002103227716799744
MAR08372	6.570980090049546e-05
MAR08373	0.00018272406669107366
MAR08375	4.324983113071751e-05
MAR08376	2.911450790225425e-05
MAR08377	0.003736447372241004
MAR08672	0.00036552890170517266
MAR08674	6.570980090049546e-05
MAR08675	6.570980090049546e-05
MAR05130	0.0017046536550690196
MAR05131	0.007737121465595932
MAR05132	0.005046347986670326
MAR05133	0.011580532503403707
MAR05134	0.0025368367352378834
MAR05135	0.0010555207781607426
MAR05136	0.00251446929097313
MAR05137	0.005384280491297039
MAR05138	0.005378707473018974
MAR05139	0.0016723959072147373
MAR05140	0.005973800497559994
MAR05141	0.0017238389726938594
MAR05142	0.012224215467988495
MAR05143	0.0025240602155652036
MAR05144	0.0011064123842897886
MAR05145	0.007843016038517515
MAR05146	0.005384280491297039
MAR05147	0.005477173376823364
MAR05148	0.004283748650632592
MAR05149	0.0027494089637362428
MAR05150	0.001538986115562097
MAR07171	0.0007287807081043971
MAR07172	9.685111758346695e-05
MAR07174	2.911450790225425e-05
MAR07175	3.1685683581073154e-05
MAR07180	0.00020484889444341513
MAR07181	0.00340846149783006
MAR07183	9.685111758346695e-05
MAR07197	6.570980090049546e-05
MAR07436	0.002503679219698081
MAR07438	0.0015558773150359617
MAR07440	0.00020484889444341513
MAR08254	2.911450790225425e-05
MAR08255	2.911450790225425e-05
MAR08256	6.570980090049546e-05
MAR08257	0.00020484889444341513
MAR08258	6.570980090049546e-05
MAR08260	6.570980090049546e-05
MAR08261	6.570980090049546e-05
MAR01532	0.0017270203505803613
MAR07254	0.0006217328338094517
MAR07256	0.002168298468937283
MAR07258	6.570980090049546e-05
MAR07259	6.570980090049546e-05
MAR07260	6.570980090049546e-05
MAR07261	0.00021100160462664952
MAR07263	0.005085230399540373
MAR07264	0.0012384401812513249
MAR07265	0.00030912999434414717
MAR07266	0.0011039096494108115
MAR07267	0.004000452346702727
MAR07268	0.004000452346702727
MAR07269	0.0002090757407514082
MAR07270	0.0002090757407514082
MAR07271	0.008550701701960638
MAR07274	0.003584753401684813
MAR07275	0.008550701701960638
MAR07276	0.003584753401684813
MAR07277	8.690625173217444e-05
MAR07278	0.002725261140921048
MAR07279	0.0003415277132360195
MAR07280	0.0015036164000460381
MAR07281	0.0015036164000460381
MAR07285	0.014834717966652018
MAR07286	0.0010330569935814997
MAR07287	0.0073093295038336135
MAR07288	6.570980090049546e-05
MAR07289	0.0016278938813693786
MAR07290	6.570980090049546e-05
MAR07291	0.0016278938813693786
MAR07292	6.570980090049546e-05
MAR07293	0.0016278938813693786
MAR07294	6.570980090049546e-05
MAR07295	6.570980090049546e-05
MAR07296	6.570980090049546e-05
MAR07297	6.570980090049546e-05
MAR07298	6.570980090049546e-05
MAR07299	6.570980090049546e-05
MAR07300	6.570980090049546e-05
MAR07301	6.570980090049546e-05
MAR07302	6.570980090049546e-05
MAR07303	6.570980090049546e-05
MAR07304	6.570980090049546e-05
MAR07305	6.570980090049546e-05
MAR07306	6.570980090049546e-05
MAR07308	0.0016278938813693786
MAR07309	0.0016278938813693786
MAR07310	0.0016278938813693786
MAR07311	0.0016278938813693786
MAR07312	0.0016278938813693786
MAR07313	0.0016278938813693786
MAR07314	0.0016278938813693786
MAR07315	0.0016278938813693786
MAR07316	0.0016278938813693786
MAR07317	0.0016278938813693786
MAR07318	0.0016278938813693786
MAR07319	0.0016278938813693786
MAR07320	0.0016278938813693786
MAR07321	0.0016278938813693786
MAR07322	0.0016278938813693786
MAR07323	0.0016834812969829399
MAR07324	0.0005689585938500567
MAR07325	0.00014634238978581275
MAR07326	3.0284636156166482e-05
MAR07327	0.004000988981294856
MAR07328	9.210011378037157e-05
MAR07329	2.9352050201958272e-05
MAR07332	8.124727891277709e-05
MAR07333	0.00340846149783006
MAR07334	5.411298943131414e-05
MAR07428	0.0007586174498836031
MAR07429	0.000136720711238581
MAR07574	0.0004410595525450124
MAR07575	0.0004523791444713287
MAR07576	0.0047553024882178
MAR07577	0.0047553024882178
MAR07578	0.0030917944313741228
MAR07580	0.000729225294227639
MAR07582	0.000729225294227639
MAR07585	0.0004410595525450124
MAR07586	0.0004523791444713287
MAR07587	0.0030917944313741228
MAR08691	0.002168298468937283
MAR08692	6.570980090049546e-05
MAR08693	0.004000988981294856
MAR08694	9.210011378037157e-05
MAR08695	6.570980090049546e-05
MAR05151	2.911450790225425e-05
MAR05152	2.911450790225425e-05
MAR05153	3.087301057903612e-05
MAR05154	2.911450790225425e-05
MAR05155	6.570980090049546e-05
MAR05156	6.570980090049546e-05
MAR05157	3.073010358493122e-05
MAR05158	2.911450790225425e-05
MAR05159	2.911450790225425e-05
MAR05160	2.911450790225425e-05
MAR05161	6.570980090049546e-05
MAR05162	2.911450790225425e-05
MAR05163	3.335704747738421e-05
MAR05164	0.0143354957322505
MAR05165	0.00032960479427746877
MAR05166	0.0014988786786882446
MAR05167	6.570980090049546e-05
MAR05168	6.570980090049546e-05
MAR05169	6.570980090049546e-05
MAR05170	6.570980090049546e-05
MAR05171	6.570980090049546e-05
MAR05172	6.570980090049546e-05
MAR05174	6.570980090049546e-05
MAR07282	6.570980090049546e-05
MAR07616	6.570980090049546e-05
MAR07619	0.00042548633628466096
MAR09735	6.570980090049546e-05
MAR07621	6.570980090049546e-05
MAR07622	0.00016652756096846227
MAR07624	3.088367164125483e-05
MAR07626	3.088367164125483e-05
MAR05258	2.911450790225425e-05
MAR05259	0.010048317151184764
MAR05260	6.570980090049546e-05
MAR05261	0.010048317151184764
MAR05262	6.570980090049546e-05
MAR05263	0.010048317151184764
MAR05264	6.570980090049546e-05
MAR05265	0.010048317151184764
MAR05266	6.570980090049546e-05
MAR05267	6.570980090049546e-05
MAR05268	6.570980090049546e-05
MAR05269	6.570980090049546e-05
MAR05270	6.570980090049546e-05
MAR05271	6.570980090049546e-05
MAR05272	0.010048317151184764
MAR05273	6.570980090049546e-05
MAR05274	0.010048317151184764
MAR05275	6.570980090049546e-05
MAR05276	0.010048317151184764
MAR05277	6.570980090049546e-05
MAR05278	0.010048317151184764
MAR05279	6.570980090049546e-05
MAR05280	0.010048317151184764
MAR05281	6.570980090049546e-05
MAR05282	0.010048317151184764
MAR05283	6.570980090049546e-05
MAR05284	0.010048317151184764
MAR05285	0.010048317151184764
MAR05286	0.010048317151184764
MAR05287	0.010048317151184764
MAR05288	0.004727985404487733
MAR05290	0.010048317151184764
MAR05291	6.570980090049546e-05
MAR09817	6.570980090049546e-05
MAR09818	6.570980090049546e-05
MAR05407	0.005946830954049577
MAR03851	6.570980090049546e-05
MAR03861	0.0025269561926768887
MAR03866	6.570980090049546e-05
MAR03915	2.911450790225425e-05
MAR04084	0.001771361176568739
MAR04187	0.001771361176568739
MAR04188	6.570980090049546e-05
MAR04701	3.1140673322105174e-05
MAR04840	6.570980090049546e-05
MAR04842	0.003082870860214714
MAR08662	0.001924259476136577
MAR08663	0.001924259476136577
MAR08664	0.00032035356127554736
MAR08665	6.570980090049546e-05
MAR08666	3.236471435855116e-05
MAR08667	0.001924259476136577
MAR08668	0.001924259476136577
MAR08669	6.570980090049546e-05
MAR00710	0.0025625771420102576
MAR03787	0.00039166499559346835
MAR03957	0.006967960181501109
MAR03958	0.0006912135098882867
MAR04139	0.0025045920456132583
MAR04141	0.007337984319661402
MAR04145	0.003160387507961711
MAR04147	0.001924259476136577
MAR04149	0.011004943303952188
MAR04152	0.001924259476136577
MAR04209	0.005427426789220896
MAR04408	0.009109093847175159
MAR04410	0.009109093847175159
MAR04454	0.00012722854714691256
MAR04458	0.0016728492417773199
MAR04465	0.0005352999778687699
MAR04589	0.0016728492417773199
MAR04652	0.004311175785818288
MAR06413	0.005427426789220896
MAR06414	0.004737174121280462
MAR07704	2.911450790225425e-05
MAR07706	2.911450790225425e-05
MAR08772	0.0003589544970326525
MAR08773	0.001846176521971913
MAR08774	6.570980090049546e-05
MAR08775	0.0032226088056821144
MAR08777	6.570980090049546e-05
MAR08778	0.0032226088056821144
MAR08779	0.0005352999778687699
MAR08780	0.00037676492805003545
MAR08781	6.570980090049546e-05
MAR08782	0.0005352999778687699
MAR03975	0.00859569289807248
MAR03977	0.00859569289807248
MAR03979	0.00859569289807248
MAR06911	0.004035151613416388
MAR06912	0.00859569289807248
MAR06914	1.0
MAR06916	0.2629922016562566
MAR06918	0.08887416979198232
MAR06921	0.2663481495167166
MAR03960	0.0038907005856895147
MAR03980	0.0021100144998001174
MAR03982	0.0021100144998001174
MAR04767	6.570980090049546e-05
MAR06608	6.570980090049546e-05
MAR08409	2.911450790225425e-05
MAR08410	0.0005603472815152264
MAR08413	0.0038907005856895147
MAR08415	0.0038907005856895147
MAR00156	3.1238244546911904e-05
MAR00165	3.1238244546911904e-05
MAR00168	3.1238244546911904e-05
MAR00171	3.1238244546911904e-05
MAR00174	3.1238244546911904e-05
MAR00177	3.1238244546911904e-05
MAR00180	3.1238244546911904e-05
MAR00184	3.1238244546911904e-05
MAR00188	0.003361702855299451
MAR00192	0.003361702855299451
MAR00196	0.003361702855299451
MAR00200	0.003361702855299451
MAR00204	0.003361702855299451
MAR00209	0.003361702855299451
MAR00213	0.003361702855299451
MAR00217	0.003361702855299451
MAR00226	0.003361702855299451
MAR00233	0.003361702855299451
MAR00237	0.003361702855299451
MAR00241	0.003361702855299451
MAR00245	0.003361702855299451
MAR00249	0.003361702855299451
MAR00255	0.003361702855299451
MAR00259	0.003361702855299451
MAR00263	0.003361702855299451
MAR00267	0.003361702855299451
MAR00271	0.003361702855299451
MAR00275	0.003361702855299451
MAR00279	0.003361702855299451
MAR00283	0.003361702855299451
MAR00289	0.003361702855299451
MAR00293	0.003361702855299451
MAR00297	0.003361702855299451
MAR00301	0.003361702855299451
MAR00305	0.003361702855299451
MAR00309	0.003361702855299451
MAR00313	0.003361702855299451
MAR00319	0.003361702855299451
MAR00323	0.003361702855299451
MAR00327	0.003361702855299451
MAR00331	0.003361702855299451
MAR00337	0.003361702855299451
MAR00341	0.003361702855299451
MAR00345	0.003361702855299451
MAR00349	0.003361702855299451
MAR00353	0.003361702855299451
MAR00357	0.003361702855299451
MAR00361	0.003361702855299451
MAR00365	0.003361702855299451
MAR00369	0.003361702855299451
MAR00373	0.003361702855299451
MAR00377	0.003361702855299451
MAR00381	0.003361702855299451
MAR00385	0.003361702855299451
MAR00389	0.003361702855299451
MAR00393	0.003361702855299451
MAR00397	0.003361702855299451
MAR00401	0.003361702855299451
MAR00405	0.003361702855299451
MAR00409	0.003361702855299451
MAR00413	0.003361702855299451
MAR00417	0.003361702855299451
MAR00421	0.003361702855299451
MAR00425	0.003361702855299451
MAR00429	0.003361702855299451
MAR00433	0.003361702855299451
MAR00437	0.003361702855299451
MAR02942	0.003361702855299451
MAR02943	0.003361702855299451
MAR02944	0.003361702855299451
MAR02945	0.003361702855299451
MAR02946	0.003361702855299451
MAR02947	0.003361702855299451
MAR02948	0.003361702855299451
MAR02949	0.003361702855299451
MAR02951	0.003361702855299451
MAR02952	0.003361702855299451
MAR02954	0.003361702855299451
MAR02955	0.003361702855299451
MAR02956	0.003361702855299451
MAR02957	0.003361702855299451
MAR02959	0.003361702855299451
MAR02961	0.003361702855299451
MAR02962	0.003361702855299451
MAR02963	0.003361702855299451
MAR02964	0.003361702855299451
MAR02965	0.003361702855299451
MAR02966	0.003361702855299451
MAR02967	0.003361702855299451
MAR02968	0.003361702855299451
MAR02969	0.003361702855299451
MAR02970	0.003361702855299451
MAR02971	0.003361702855299451
MAR02972	0.003361702855299451
MAR02973	0.003361702855299451
MAR02974	0.003361702855299451
MAR02975	0.003361702855299451
MAR02976	0.003361702855299451
MAR02977	0.003361702855299451
MAR02978	0.003361702855299451
MAR02979	0.003361702855299451
MAR02980	0.003361702855299451
MAR02981	0.003361702855299451
MAR02982	0.003361702855299451
MAR02983	0.003361702855299451
MAR02984	0.003361702855299451
MAR02985	0.003361702855299451
MAR02986	0.003361702855299451
MAR02987	0.003361702855299451
MAR02988	0.003361702855299451
MAR02989	0.003361702855299451
MAR02990	0.003361702855299451
MAR02991	0.003361702855299451
MAR02992	0.003361702855299451
MAR02994	0.003361702855299451
MAR02996	0.003361702855299451
MAR02998	0.003361702855299451
MAR02999	0.003361702855299451
MAR03000	0.003361702855299451
MAR03001	0.003361702855299451
MAR03002	0.003361702855299451
MAR03003	0.003361702855299451
MAR02152	0.004935899558173957
MAR02153	0.004935899558173957
MAR02154	0.004935899558173957
MAR02155	0.004935899558173957
MAR02156	0.004935899558173957
MAR02157	0.004935899558173957
MAR02158	0.004935899558173957
MAR02159	0.004935899558173957
MAR02160	0.004935899558173957
MAR02161	0.004935899558173957
MAR02162	0.004935899558173957
MAR02163	0.004935899558173957
MAR02164	0.004935899558173957
MAR02165	0.004935899558173957
MAR02166	0.004935899558173957
MAR02167	0.004935899558173957
MAR02168	0.004935899558173957
MAR02169	0.004935899558173957
MAR02170	0.004935899558173957
MAR02171	0.004935899558173957
MAR02173	0.004935899558173957
MAR02174	0.004935899558173957
MAR02175	0.004935899558173957
MAR02176	0.004935899558173957
MAR02178	0.004935899558173957
MAR02179	0.004935899558173957
MAR02180	0.004935899558173957
MAR02181	0.004935899558173957
MAR04295	5.3195564670443116e-05
MAR02227	0.004935899558173957
MAR02228	0.004935899558173957
MAR02229	0.004935899558173957
MAR02230	0.004935899558173957
MAR02231	0.004935899558173957
MAR02232	0.004935899558173957
MAR02233	0.004935899558173957
MAR02234	0.004935899558173957
MAR02235	0.004935899558173957
MAR02236	0.004935899558173957
MAR02237	0.004935899558173957
MAR02238	0.004935899558173957
MAR02239	0.004935899558173957
MAR02240	0.004935899558173957
MAR02241	0.004935899558173957
MAR02242	0.004935899558173957
MAR02243	0.004935899558173957
MAR02244	0.004935899558173957
MAR02245	0.004935899558173957
MAR02246	0.004935899558173957
MAR02247	0.004935899558173957
MAR02249	0.004935899558173957
MAR02250	0.004935899558173957
MAR02251	0.004935899558173957
MAR02252	0.004935899558173957
MAR02254	0.004935899558173957
MAR02255	0.004935899558173957
MAR02256	0.004935899558173957
MAR02257	0.004935899558173957
MAR02305	0.006153692557047174
MAR02307	0.0006936042481196624
MAR02309	0.004840015865748459
MAR02311	0.0015196590403001584
MAR02315	0.006153692557047174
MAR02317	0.0006936042481196624
MAR02319	0.004840015865748459
MAR02321	0.0015196590403001584
MAR02324	0.006153692557047174
MAR02326	0.0006936042481196624
MAR02328	0.004840015865748459
MAR02330	0.0015196590403001584
MAR02332	0.006153692557047174
MAR02334	0.0006936042481196624
MAR02336	0.004840015865748459
MAR02338	0.0015196590403001584
MAR02342	0.006153692557047174
MAR02343	0.0006936042481196624
MAR02344	0.004840015865748459
MAR02345	0.0015196590403001584
MAR02347	0.006153692557047174
MAR02348	0.0006936042481196624
MAR02349	0.004840015865748459
MAR02350	0.0015196590403001584
MAR02353	0.006153692557047174
MAR02354	0.0006936042481196624
MAR02355	0.004840015865748459
MAR02356	0.0015196590403001584
MAR02361	0.006153692557047174
MAR02362	0.0006936042481196624
MAR02363	0.004840015865748459
MAR02364	0.0015196590403001584
MAR02190	0.006153692557047174
MAR02191	0.0006936042481196624
MAR02193	0.004840015865748459
MAR02194	0.0015196590403001584
MAR02201	0.006153692557047174
MAR02202	0.0006936042481196624
MAR02203	0.004840015865748459
MAR02204	0.0015196590403001584
MAR02205	0.006153692557047174
MAR02208	0.0006936042481196624
MAR02209	0.004840015865748459
MAR02210	0.0015196590403001584
MAR02211	0.006153692557047174
MAR02212	0.0006936042481196624
MAR02213	0.004840015865748459
MAR02214	0.0015196590403001584
MAR02215	0.006153692557047174
MAR02217	0.0006936042481196624
MAR02218	0.004840015865748459
MAR02219	0.0015196590403001584
MAR02259	0.006153692557047174
MAR02260	0.0006936042481196624
MAR02261	0.004840015865748459
MAR02262	0.0015196590403001584
MAR02263	0.006153692557047174
MAR02264	0.0006936042481196624
MAR02265	0.004840015865748459
MAR02266	0.0015196590403001584
MAR02267	0.006153692557047174
MAR02268	0.0006936042481196624
MAR02269	0.004840015865748459
MAR02270	0.0015196590403001584
MAR02281	0.01580434241671891
MAR02282	0.01580434241671891
MAR02284	0.01580434241671891
MAR02286	0.01580434241671891
MAR02287	0.01580434241671891
MAR02292	0.01580434241671891
MAR02293	0.01580434241671891
MAR02294	0.01580434241671891
MAR02295	0.01580434241671891
MAR02296	0.01580434241671891
MAR02359	0.0010474425767628465
MAR02365	0.0010474425767628465
MAR02288	0.01580434241671891
MAR02289	0.01580434241671891
MAR00709	0.0041931424904831475
MAR02150	0.004935899558173957
MAR02151	0.004935899558173957
MAR02172	0.004935899558173957
MAR02177	0.004935899558173957
MAR02182	0.004935899558173957
MAR02248	0.004935899558173957
MAR02253	0.004935899558173957
MAR02258	0.004935899558173957
MAR02437	6.570980090049546e-05
MAR02438	0.0007850023694161789
MAR02439	6.570980090049546e-05
MAR02440	3.279266424050367e-05
MAR02441	0.017782781596457554
MAR02442	6.570980090049546e-05
MAR02443	6.570980090049546e-05
MAR02444	6.570980090049546e-05
MAR02445	6.570980090049546e-05
MAR02446	6.570980090049546e-05
MAR02447	6.570980090049546e-05
MAR02448	6.570980090049546e-05
MAR02449	6.570980090049546e-05
MAR02450	6.570980090049546e-05
MAR02451	6.570980090049546e-05
MAR02452	6.570980090049546e-05
MAR02453	6.570980090049546e-05
MAR02454	6.570980090049546e-05
MAR02455	0.001460399322727042
MAR02456	0.001460399322727042
MAR02457	0.001460399322727042
MAR02458	0.001460399322727042
MAR02459	0.001546628712146984
MAR02460	0.001546628712146984
MAR02461	0.00010011830895316997
MAR02462	0.00010011830895316997
MAR02463	0.00010011830895316997
MAR02464	0.00010011830895316997
MAR02465	0.001546628712146984
MAR02466	0.001546628712146984
MAR02467	0.00010011830895316997
MAR02468	0.00010011830895316997
MAR02469	0.00010011830895316997
MAR02470	0.00010011830895316997
MAR06397	0.002355842889768593
MAR06402	0.00016131753274838248
MAR06403	0.00011149055917361811
MAR06404	0.002355842889768593
MAR02472	0.0010474425767628465
MAR02475	0.006153692557047174
MAR02478	0.0006936042481196624
MAR02480	0.004840015865748459
MAR02482	0.0015196590403001584
MAR02484	0.0010474425767628465
MAR02486	0.006153692557047174
MAR02489	0.0006936042481196624
MAR02491	0.004840015865748459
MAR02493	0.0015196590403001584
MAR02495	6.570980090049546e-05
MAR02497	0.006153692557047174
MAR02499	0.0006936042481196624
MAR02501	0.004840015865748459
MAR02503	0.0015196590403001584
MAR02505	0.0010474425767628465
MAR02510	0.0005374444640485594
MAR02511	0.004071677923888144
MAR02512	0.000677045920163082
MAR02513	0.0006911857898580769
MAR02514	6.570980090049546e-05
MAR02515	0.006153692557047174
MAR02516	0.0006936042481196624
MAR02518	0.004840015865748459
MAR02520	0.0015196590403001584
MAR02522	0.006153692557047174
MAR02524	0.0006936042481196624
MAR02526	0.004840015865748459
MAR02528	0.0015196590403001584
MAR02530	0.006153692557047174
MAR02533	0.0006936042481196624
MAR02535	0.004840015865748459
MAR02537	0.0015196590403001584
MAR02540	0.006153692557047174
MAR02541	0.0006936042481196624
MAR02542	0.004840015865748459
MAR02543	0.0015196590403001584
MAR02544	2.911450790225425e-05
MAR02545	6.570980090049546e-05
MAR02546	0.002240154099921028
MAR02548	0.002240154099921028
MAR02549	6.570980090049546e-05
MAR02550	6.570980090049546e-05
MAR02551	0.0012244644339392716
MAR02552	0.00010101871701498931
MAR02553	0.00014312000670038097
MAR02555	0.00014312000670038097
MAR02556	0.00014819282169800305
MAR02557	0.0007850023694161789
MAR02558	6.570980090049546e-05
MAR02559	6.570980090049546e-05
MAR02560	6.570980090049546e-05
MAR02561	2.911450790225425e-05
MAR02562	0.001546628712146984
MAR02563	0.001546628712146984
MAR02565	2.911450790225425e-05
MAR02566	0.0007850023694161789
MAR02567	6.570980090049546e-05
MAR02568	2.911450790225425e-05
MAR02570	0.0007850023694161789
MAR02571	6.570980090049546e-05
MAR02572	2.911450790225425e-05
MAR02573	0.001546628712146984
MAR02574	0.001546628712146984
MAR02576	0.0007850023694161789
MAR02577	6.570980090049546e-05
MAR02578	2.911450790225425e-05
MAR02579	0.001546628712146984
MAR02580	0.001546628712146984
MAR02581	0.0014042862519996332
MAR02582	0.0014042862519996332
MAR02583	0.017205902276970057
MAR02584	0.017205902276970057
MAR02586	2.911450790225425e-05
MAR02587	6.570980090049546e-05
MAR02368	0.0010474425767628465
MAR02371	0.006153692557047174
MAR02374	6.570980090049546e-05
MAR02376	6.570980090049546e-05
MAR02378	0.0015196590403001584
MAR02380	0.0010474425767628465
MAR02383	0.006153692557047174
MAR02387	0.0006936042481196624
MAR02389	0.004840015865748459
MAR02391	6.570980090049546e-05
MAR02393	6.570980090049546e-05
MAR02395	0.006153692557047174
MAR02397	0.0006936042481196624
MAR02399	0.004840015865748459
MAR02401	0.0015196590403001584
MAR02403	6.570980090049546e-05
MAR02408	0.0005374444640485594
MAR02409	0.004071677923888144
MAR02410	0.000677045920163082
MAR02411	0.0006911857898580769
MAR02412	6.570980090049546e-05
MAR02415	0.006153692557047174
MAR02417	0.0006936042481196624
MAR02419	0.004840015865748459
MAR02421	0.0015196590403001584
MAR02423	0.006153692557047174
MAR02426	0.0006936042481196624
MAR02428	0.004840015865748459
MAR02430	0.0015196590403001584
MAR02433	0.006153692557047174
MAR02434	0.0006936042481196624
MAR02435	0.004840015865748459
MAR02436	0.0015196590403001584
MAR03444	0.003869435015824688
MAR03445	0.0017058705785831234
MAR03446	0.0009091205379500557
MAR03447	0.0017058705785831234
MAR03448	0.003869435015824688
MAR03449	0.004071677923888144
MAR03450	0.007336267456068411
MAR03452	0.003869435015824688
MAR03453	0.004071677923888144
MAR03454	0.007336267456068411
MAR03455	0.004071677923888144
MAR03456	0.003869435015824688
MAR03457	0.0009091205379500557
MAR03458	0.0017058705785831234
MAR03459	0.0005374444640485594
MAR03460	0.004071677923888144
MAR03461	0.00036357518696373664
MAR03462	0.004071677923888144
MAR03463	0.004071677923888144
MAR03464	0.000677045920163082
MAR03466	0.0005374444640485594
MAR03467	0.004071677923888144
MAR03468	0.000677045920163082
MAR03469	0.0006911857898580769
MAR03470	0.0005374444640485594
MAR03471	0.00036357518696373664
MAR03472	0.004071677923888144
MAR00931	0.001460399322727042
MAR00932	0.001460399322727042
MAR00933	0.001460399322727042
MAR00934	0.001460399322727042
MAR00935	0.001460399322727042
MAR00936	0.001460399322727042
MAR00937	0.001460399322727042
MAR00938	0.001460399322727042
MAR00939	0.001460399322727042
MAR00940	0.001460399322727042
MAR00942	0.001460399322727042
MAR00943	0.001460399322727042
MAR00944	0.001460399322727042
MAR00945	0.001546628712146984
MAR00946	0.001460399322727042
MAR00947	0.001460399322727042
MAR00948	0.001460399322727042
MAR00949	0.001546628712146984
MAR00950	0.001460399322727042
MAR00951	0.001460399322727042
MAR00953	0.001546628712146984
MAR00954	0.001460399322727042
MAR00955	0.001460399322727042
MAR00956	0.001460399322727042
MAR00957	0.001546628712146984
MAR00958	2.911450790225425e-05
MAR00959	2.911450790225425e-05
MAR00960	0.017782781596457554
MAR00961	0.0003723438302977968
MAR00963	0.017782781596457554
MAR00964	0.0003723438302977968
MAR00967	0.0003723438302977968
MAR00969	0.00014312000670038097
MAR00971	2.911450790225425e-05
MAR00973	0.002240154099921028
MAR00976	0.0003723438302977968
MAR00979	6.570980090049546e-05
MAR00980	0.002240154099921028
MAR00981	0.00014312000670038097
MAR00983	3.279266424050367e-05
MAR00985	3.279266424050367e-05
MAR00986	3.279266424050367e-05
MAR00987	3.279266424050367e-05
MAR00988	0.017782781596457554
MAR00989	6.570980090049546e-05
MAR00990	6.570980090049546e-05
MAR00991	0.001460399322727042
MAR00992	0.001460399322727042
MAR00993	0.001460399322727042
MAR00994	0.001460399322727042
MAR00995	0.0007850023694161789
MAR00996	0.0007850023694161789
MAR00997	0.0007850023694161789
MAR00998	2.911450790225425e-05
MAR00999	2.911450790225425e-05
MAR01000	2.911450790225425e-05
MAR01002	0.001546628712146984
MAR01003	0.001546628712146984
MAR01004	0.001546628712146984
MAR01006	0.001546628712146984
MAR01007	0.001546628712146984
MAR01008	0.001546628712146984
MAR01010	0.0003723438302977968
MAR01011	0.0003723438302977968
MAR01013	2.911450790225425e-05
MAR01014	2.911450790225425e-05
MAR01015	2.911450790225425e-05
MAR01016	2.911450790225425e-05
MAR01017	2.911450790225425e-05
MAR01018	2.911450790225425e-05
MAR01020	0.001546628712146984
MAR01021	0.001546628712146984
MAR01022	0.001546628712146984
MAR01023	0.001546628712146984
MAR01025	0.001546628712146984
MAR01026	0.001546628712146984
MAR01027	0.001546628712146984
MAR01028	0.001546628712146984
MAR01029	0.0003723438302977968
MAR01030	0.0003723438302977968
MAR01033	0.0003723438302977968
MAR01034	0.0003723438302977968
MAR01037	0.0003723438302977968
MAR01039	0.0003723438302977968
MAR01040	6.570980090049546e-05
MAR01041	6.570980090049546e-05
MAR01042	6.570980090049546e-05
MAR01043	0.017782781596457554
MAR01045	0.017782781596457554
MAR01048	0.017782781596457554
MAR01049	0.017782781596457554
MAR01050	0.03948138358443121
MAR01053	0.03948138358443121
MAR01054	0.03948138358443121
MAR01055	0.001546628712146984
MAR01057	0.001546628712146984
MAR01058	0.001546628712146984
MAR01059	0.00014312000670038097
MAR01061	0.00014312000670038097
MAR01062	0.0003723438302977968
MAR01063	0.0003723438302977968
MAR01064	0.0003723438302977968
MAR01065	0.00916989309838836
MAR01066	0.00916989309838836
MAR01067	0.00916989309838836
MAR01068	0.00916989309838836
MAR01069	0.00916989309838836
MAR01070	0.00916989309838836
MAR01071	0.00014312000670038097
MAR01072	0.00014312000670038097
MAR01073	0.0003723438302977968
MAR01074	0.0013100472593056596
MAR01075	2.911450790225425e-05
MAR01077	2.911450790225425e-05
MAR01079	0.0007273888218472314
MAR03015	0.0041931424904831475
MAR01080	0.0036702092023592875
MAR01081	0.00010101871701498931
MAR01084	0.00014819282169800305
MAR01085	3.217413083603907e-05
MAR01087	6.570980090049546e-05
MAR01088	0.008411701547588045
MAR01091	0.008411701547588045
MAR01092	6.570980090049546e-05
MAR01093	0.0003723438302977968
MAR01096	0.0003723438302977968
MAR01097	0.0005017378463192837
MAR01098	0.0034647488251518224
MAR01099	0.0005017378463192837
MAR01100	0.002240154099921028
MAR01101	0.002240154099921028
MAR01102	0.002240154099921028
MAR01103	0.002240154099921028
MAR01105	0.002240154099921028
MAR01106	0.002240154099921028
MAR01107	0.00014312000670038097
MAR01108	0.00014312000670038097
MAR01109	0.00014312000670038097
MAR01110	0.00014312000670038097
MAR01111	0.00014312000670038097
MAR01112	0.00014312000670038097
MAR01113	6.570980090049546e-05
MAR01114	6.570980090049546e-05
MAR01115	6.570980090049546e-05
MAR01116	0.002240154099921028
MAR01117	0.002240154099921028
MAR01119	0.03948138358443121
MAR01120	0.03948138358443121
MAR01121	0.03948138358443121
MAR01122	0.03948138358443121
MAR01123	0.002240154099921028
MAR01124	0.002240154099921028
MAR01125	0.002240154099921028
MAR01126	0.00014312000670038097
MAR01127	0.00014312000670038097
MAR01128	0.00014312000670038097
MAR01129	0.002855946330829352
MAR01130	0.002855946330829352
MAR01131	0.002855946330829352
MAR01132	0.0032226088056821144
MAR01133	0.0032226088056821144
MAR01134	0.0032226088056821144
MAR01136	6.570980090049546e-05
MAR01137	0.00014312000670038097
MAR01138	0.00014312000670038097
MAR01139	0.00014312000670038097
MAR01140	0.00014312000670038097
MAR01142	6.570980090049546e-05
MAR01146	0.002240154099921028
MAR01147	0.002240154099921028
MAR01148	0.002240154099921028
MAR01149	0.001460399322727042
MAR01150	0.001460399322727042
MAR01151	0.001460399322727042
MAR01152	0.001460399322727042
MAR01153	0.001460399322727042
MAR01154	0.001460399322727042
MAR01155	0.001460399322727042
MAR01156	0.001460399322727042
MAR01157	0.003361702855299451
MAR01158	0.003361702855299451
MAR01159	0.003361702855299451
MAR01160	0.003361702855299451
MAR01161	0.0005374444640485594
MAR01162	0.0005374444640485594
MAR01163	0.004071677923888144
MAR01164	0.004071677923888144
MAR01165	0.007336267456068411
MAR01166	0.000677045920163082
MAR01167	0.004071677923888144
MAR01168	0.0006911857898580769
MAR01170	0.002918554394196026
MAR01171	0.002918554394196026
MAR01186	6.570980090049546e-05
MAR01190	0.002240154099921028
MAR01191	0.002240154099921028
MAR01192	0.002240154099921028
MAR01193	0.001460399322727042
MAR01194	0.001460399322727042
MAR01195	0.001460399322727042
MAR01196	0.001460399322727042
MAR01197	6.570980090049546e-05
MAR01198	6.570980090049546e-05
MAR01199	6.570980090049546e-05
MAR01200	0.003361702855299451
MAR01201	0.003361702855299451
MAR01202	0.003361702855299451
MAR01203	0.003361702855299451
MAR01204	0.0005374444640485594
MAR01205	0.0005374444640485594
MAR01206	0.004071677923888144
MAR01207	0.004071677923888144
MAR01208	0.007336267456068411
MAR01209	0.000677045920163082
MAR01210	0.004071677923888144
MAR01211	0.0006911857898580769
MAR01212	0.002918554394196026
MAR01213	0.002918554394196026
MAR01228	0.0013100472593056596
MAR01229	0.0013100472593056596
MAR01230	0.0013100472593056596
MAR01231	0.002240154099921028
MAR01232	0.002240154099921028
MAR01233	0.002240154099921028
MAR01234	0.00014312000670038097
MAR01235	0.00014312000670038097
MAR01236	0.00014312000670038097
MAR01237	0.00014312000670038097
MAR01238	0.00014312000670038097
MAR01239	0.00014312000670038097
MAR01241	6.570980090049546e-05
MAR01244	0.002240154099921028
MAR01245	0.002240154099921028
MAR01246	0.002240154099921028
MAR01247	6.570980090049546e-05
MAR01248	0.003361702855299451
MAR01249	0.003361702855299451
MAR01250	0.003361702855299451
MAR01251	0.003361702855299451
MAR01253	0.0005374444640485594
MAR01254	0.0005374444640485594
MAR01255	0.004071677923888144
MAR01256	0.004071677923888144
MAR01257	0.007336267456068411
MAR01258	0.000677045920163082
MAR01259	0.004071677923888144
MAR01260	0.0006911857898580769
MAR01261	0.002918554394196026
MAR01262	0.002918554394196026
MAR01263	0.003361702855299451
MAR01264	0.003361702855299451
MAR01265	0.003361702855299451
MAR01266	0.003361702855299451
MAR01270	0.0005374444640485594
MAR01271	0.0005374444640485594
MAR01272	0.004071677923888144
MAR01273	0.004071677923888144
MAR01274	0.007336267456068411
MAR01275	0.000677045920163082
MAR01276	0.004071677923888144
MAR01277	0.0006911857898580769
MAR01278	0.002918554394196026
MAR01279	0.002918554394196026
MAR01280	0.002240154099921028
MAR01281	0.002240154099921028
MAR01282	0.002240154099921028
MAR01285	6.570980090049546e-05
MAR01287	6.570980090049546e-05
MAR01288	0.002855946330829352
MAR01289	0.0032226088056821144
MAR01290	0.003361702855299451
MAR01291	0.0005374444640485594
MAR01292	0.004071677923888144
MAR01293	0.000677045920163082
MAR01294	0.0006911857898580769
MAR01295	0.002918554394196026
MAR01296	0.000677045920163082
MAR01297	0.00036357518696373664
MAR01298	0.004071677923888144
MAR01299	0.004071677923888144
MAR01300	0.000677045920163082
MAR01301	0.0006911857898580769
MAR01302	0.0005827203358718112
MAR01303	0.0005374444640485594
MAR01304	0.002918554394196026
MAR04796	0.00014819282169800305
MAR08545	3.691765952827911e-05
MAR08546	0.002240154099921028
MAR08547	6.570980090049546e-05
MAR08548	0.00014819282169800305
MAR08549	6.570980090049546e-05
MAR08550	0.00010101871701498931
MAR08552	6.570980090049546e-05
MAR08554	2.984874161625144e-05
MAR08555	2.911450790225425e-05
MAR08556	0.00015537861360079579
MAR08557	0.0007850023694161789
MAR08558	0.0007850023694161789
MAR08559	2.911450790225425e-05
MAR08560	0.017205902276970057
MAR08561	6.570980090049546e-05
MAR00154	0.002918554394196026
MAR00189	0.002918554394196026
MAR00193	0.002918554394196026
MAR00197	0.002918554394196026
MAR00201	0.002918554394196026
MAR00206	0.002918554394196026
MAR00210	0.002918554394196026
MAR00214	0.002918554394196026
MAR00223	0.002918554394196026
MAR00230	0.002918554394196026
MAR00234	0.002918554394196026
MAR00238	0.002918554394196026
MAR00242	0.002918554394196026
MAR00246	0.002918554394196026
MAR00250	0.002918554394196026
MAR00256	0.002918554394196026
MAR00260	0.002918554394196026
MAR00264	0.002918554394196026
MAR00268	0.002918554394196026
MAR00272	0.002918554394196026
MAR00276	0.002918554394196026
MAR00280	0.00026565614317873457
MAR00284	0.00026565614317873457
MAR00290	0.00026565614317873457
MAR00294	0.00026565614317873457
MAR00298	0.00026565614317873457
MAR00302	0.00026565614317873457
MAR00306	0.00026565614317873457
MAR00310	4.1512536455967164e-05
MAR00314	4.1512536455967164e-05
MAR00320	4.1512536455967164e-05
MAR00324	4.1512536455967164e-05
MAR00328	4.1512536455967164e-05
MAR00332	4.1512536455967164e-05
MAR00338	4.1512536455967164e-05
MAR00342	4.1512536455967164e-05
MAR00346	4.1512536455967164e-05
MAR00350	0.002918554394196026
MAR00354	0.002918554394196026
MAR00358	0.00026565614317873457
MAR00362	0.00026565614317873457
MAR00366	4.1512536455967164e-05
MAR00370	4.1512536455967164e-05
MAR00374	4.1512536455967164e-05
MAR00378	4.1512536455967164e-05
MAR00382	0.002918554394196026
MAR00386	4.1512536455967164e-05
MAR00390	4.1512536455967164e-05
MAR00394	4.1512536455967164e-05
MAR00398	0.002918554394196026
MAR00402	0.002918554394196026
MAR00406	0.002918554394196026
MAR00410	0.002918554394196026
MAR00414	4.1512536455967164e-05
MAR00418	4.1512536455967164e-05
MAR00422	4.1512536455967164e-05
MAR00426	4.1512536455967164e-05
MAR00430	0.00026565614317873457
MAR00434	4.1512536455967164e-05
MAR00438	4.1512536455967164e-05
MAR03009	0.0005827203358718112
MAR03475	0.0005827203358718112
MAR03476	6.570980090049546e-05
MAR03477	6.570980090049546e-05
MAR00159	0.002359513539023806
MAR02591	0.002359513539023806
MAR02594	0.002359513539023806
MAR02599	0.002359513539023806
MAR02602	0.002359513539023806
MAR02605	0.002359513539023806
MAR02608	0.002359513539023806
MAR02611	0.002359513539023806
MAR02614	0.002359513539023806
MAR02620	0.002359513539023806
MAR02623	0.002359513539023806
MAR02626	0.002359513539023806
MAR02633	0.002359513539023806
MAR02636	0.002359513539023806
MAR02642	0.002359513539023806
MAR02648	0.002359513539023806
MAR02651	0.002359513539023806
MAR02654	0.002359513539023806
MAR02657	0.002359513539023806
MAR02660	0.002359513539023806
MAR02663	0.002359513539023806
MAR02666	0.002359513539023806
MAR02669	0.002359513539023806
MAR02672	0.002359513539023806
MAR02675	0.002359513539023806
MAR02678	0.002359513539023806
MAR02681	0.002359513539023806
MAR02684	0.002359513539023806
MAR02687	0.002359513539023806
MAR02690	0.002359513539023806
MAR02693	0.002359513539023806
MAR02699	0.002359513539023806
MAR02702	0.002359513539023806
MAR02705	0.002359513539023806
MAR02708	0.002359513539023806
MAR02711	0.002359513539023806
MAR02714	0.002359513539023806
MAR02717	0.002359513539023806
MAR02720	0.002359513539023806
MAR02726	0.002359513539023806
MAR02730	0.002359513539023806
MAR02733	0.002359513539023806
MAR02736	0.002359513539023806
MAR02739	0.002359513539023806
MAR02742	0.002359513539023806
MAR02746	0.002359513539023806
MAR02752	0.002359513539023806
MAR02755	0.002359513539023806
MAR02759	0.002359513539023806
MAR02762	0.002359513539023806
MAR02768	0.002359513539023806
MAR02771	0.002359513539023806
MAR02774	0.002359513539023806
MAR02877	0.002359513539023806
MAR03032	0.002359513539023806
MAR03521	6.570980090049546e-05
MAR08419	6.570980090049546e-05
MAR00160	0.0002568242362997391
MAR00161	0.00020026276065746008
MAR00162	0.0002568242362997391
MAR00163	0.00045205661541366545
MAR02592	0.0002568242362997391
MAR02593	0.00020026276065746008
MAR02596	0.0002568242362997391
MAR02598	0.00020026276065746008
MAR02600	0.0002568242362997391
MAR02601	0.00020026276065746008
MAR02603	0.0002568242362997391
MAR02604	0.00020026276065746008
MAR02606	0.0002568242362997391
MAR02607	0.00020026276065746008
MAR02609	0.0002568242362997391
MAR02610	0.00020026276065746008
MAR02612	0.0002568242362997391
MAR02613	0.00020026276065746008
MAR02616	0.0002568242362997391
MAR02618	0.00020026276065746008
MAR02621	0.0002568242362997391
MAR02622	0.00020026276065746008
MAR02624	0.0002568242362997391
MAR02625	0.00020026276065746008
MAR02629	0.0002568242362997391
MAR02630	0.00020026276065746008
MAR02634	0.0002568242362997391
MAR02635	0.00020026276065746008
MAR02638	0.0002568242362997391
MAR02640	0.00020026276065746008
MAR02644	0.0002568242362997391
MAR02646	0.00020026276065746008
MAR02649	0.0002568242362997391
MAR02650	0.00020026276065746008
MAR02652	0.0002568242362997391
MAR02653	0.00020026276065746008
MAR02655	0.0002568242362997391
MAR02656	0.00020026276065746008
MAR02658	0.0002568242362997391
MAR02659	0.00020026276065746008
MAR02661	0.0002568242362997391
MAR02662	0.00020026276065746008
MAR02664	0.0002568242362997391
MAR02665	0.00020026276065746008
MAR02667	0.0002568242362997391
MAR02668	0.00020026276065746008
MAR02670	0.0002568242362997391
MAR02671	0.00020026276065746008
MAR02673	0.0002568242362997391
MAR02674	0.00020026276065746008
MAR02676	0.0002568242362997391
MAR02677	0.00020026276065746008
MAR02679	0.0002568242362997391
MAR02680	0.00020026276065746008
MAR02682	0.0002568242362997391
MAR02683	0.00020026276065746008
MAR02685	0.0002568242362997391
MAR02686	0.00020026276065746008
MAR02688	0.0002568242362997391
MAR02689	0.00020026276065746008
MAR02691	0.0002568242362997391
MAR02692	0.00020026276065746008
MAR02695	0.0002568242362997391
MAR02697	0.00020026276065746008
MAR02700	0.0002568242362997391
MAR02701	0.00020026276065746008
MAR02703	0.0002568242362997391
MAR02704	0.00020026276065746008
MAR02706	0.0002568242362997391
MAR02707	0.00020026276065746008
MAR02709	0.0002568242362997391
MAR02710	0.00020026276065746008
MAR02712	0.0002568242362997391
MAR02713	0.00020026276065746008
MAR02715	0.0002568242362997391
MAR02716	0.00020026276065746008
MAR02718	0.0002568242362997391
MAR02719	0.00020026276065746008
MAR02722	0.0002568242362997391
MAR02724	0.00020026276065746008
MAR02727	0.0002568242362997391
MAR02729	0.00020026276065746008
MAR02731	0.0002568242362997391
MAR02732	0.00020026276065746008
MAR02734	0.0002568242362997391
MAR02735	0.00020026276065746008
MAR02737	0.0002568242362997391
MAR02738	0.00020026276065746008
MAR02740	0.0002568242362997391
MAR02741	0.00020026276065746008
MAR02744	0.0002568242362997391
MAR02745	0.00020026276065746008
MAR02748	0.0002568242362997391
MAR02750	0.00020026276065746008
MAR02753	0.0002568242362997391
MAR02754	0.00020026276065746008
MAR02757	0.0002568242362997391
MAR02758	0.00020026276065746008
MAR02760	0.0002568242362997391
MAR02761	0.00020026276065746008
MAR02764	0.0002568242362997391
MAR02766	0.00020026276065746008
MAR02769	0.0002568242362997391
MAR02770	0.00020026276065746008
MAR02772	0.0002568242362997391
MAR02773	0.00020026276065746008
MAR02775	0.0002568242362997391
MAR02776	0.00020026276065746008
MAR03519	6.570980090049546e-05
MAR03520	6.570980090049546e-05
MAR08417	6.570980090049546e-05
MAR08418	6.570980090049546e-05
MAR03027	6.570980090049546e-05
MAR03028	0.002359513539023806
MAR03029	0.00016158653768883553
MAR03030	0.00016158653768883553
MAR03033	0.0002568242362997391
MAR03034	0.00045205661541366545
MAR03035	0.0002568242362997391
MAR03037	0.00016158653768883553
MAR02778	0.00021930308440387252
MAR02780	0.00016158653768883553
MAR02783	0.0002568242362997391
MAR02785	0.00016158653768883553
MAR02787	0.00021930308440387252
MAR02788	0.00016158653768883553
MAR02789	0.00021930308440387252
MAR02790	0.00016158653768883553
MAR02791	0.00021930308440387252
MAR02792	0.00016158653768883553
MAR02793	0.00021930308440387252
MAR02794	0.00016158653768883553
MAR02795	0.00021930308440387252
MAR02796	0.00016158653768883553
MAR02797	0.00021930308440387252
MAR02798	0.00016158653768883553
MAR02799	0.00021930308440387252
MAR02800	0.00016158653768883553
MAR02801	0.00021930308440387252
MAR02803	0.00016158653768883553
MAR02805	0.00021930308440387252
MAR02806	0.00016158653768883553
MAR02807	0.00021930308440387252
MAR02809	0.00016158653768883553
MAR02811	0.00021930308440387252
MAR02812	0.00016158653768883553
MAR02813	0.00021930308440387252
MAR02814	0.00016158653768883553
MAR02815	0.00021930308440387252
MAR02816	0.00016158653768883553
MAR02817	0.00021930308440387252
MAR02819	0.00016158653768883553
MAR02821	0.00021930308440387252
MAR02822	0.00016158653768883553
MAR02823	0.00021930308440387252
MAR02824	0.00016158653768883553
MAR02825	0.00021930308440387252
MAR02827	0.00016158653768883553
MAR02829	0.00021930308440387252
MAR02830	0.00016158653768883553
MAR02831	0.00021930308440387252
MAR02832	0.00016158653768883553
MAR02833	0.00021930308440387252
MAR02834	0.00016158653768883553
MAR02835	0.00021930308440387252
MAR02836	0.00016158653768883553
MAR02837	0.00021930308440387252
MAR02838	0.00016158653768883553
MAR02839	0.00021930308440387252
MAR02840	0.00016158653768883553
MAR02841	0.00021930308440387252
MAR02842	0.00016158653768883553
MAR02843	0.00021930308440387252
MAR02844	0.00016158653768883553
MAR02845	0.00021930308440387252
MAR02846	0.00016158653768883553
MAR02847	0.00021930308440387252
MAR02848	0.00016158653768883553
MAR02849	0.00021930308440387252
MAR02850	0.00016158653768883553
MAR02851	0.00021930308440387252
MAR02852	0.00016158653768883553
MAR02853	0.00021930308440387252
MAR02854	0.00016158653768883553
MAR02855	0.00021930308440387252
MAR02856	0.00016158653768883553
MAR02857	0.00021930308440387252
MAR02859	0.00016158653768883553
MAR02861	0.00021930308440387252
MAR02862	0.00016158653768883553
MAR02863	0.00021930308440387252
MAR02864	0.00016158653768883553
MAR02865	0.00021930308440387252
MAR02866	0.00016158653768883553
MAR02867	0.00021930308440387252
MAR02868	0.00016158653768883553
MAR02869	0.00021930308440387252
MAR02870	0.00016158653768883553
MAR02871	0.00021930308440387252
MAR02872	0.00016158653768883553
MAR02873	0.00021930308440387252
MAR02874	0.00016158653768883553
MAR02875	0.00021930308440387252
MAR02876	0.00016158653768883553
MAR02878	0.00021930308440387252
MAR02879	0.00016158653768883553
MAR02880	0.00021930308440387252
MAR02882	0.00016158653768883553
MAR02884	0.00021930308440387252
MAR02886	0.00016158653768883553
MAR02888	0.00021930308440387252
MAR02890	0.00016158653768883553
MAR02892	0.00021930308440387252
MAR02894	0.00016158653768883553
MAR02896	0.00021930308440387252
MAR02897	0.00016158653768883553
MAR02898	0.00021930308440387252
MAR02899	0.00016158653768883553
MAR02900	0.00021930308440387252
MAR02901	0.00016158653768883553
MAR02902	0.00021930308440387252
MAR02903	0.00016158653768883553
MAR02904	0.00021930308440387252
MAR02905	0.00016158653768883553
MAR02906	0.002359513539023806
MAR02907	0.00021930308440387252
MAR02908	0.00016158653768883553
MAR02909	0.002359513539023806
MAR02910	0.00021930308440387252
MAR02911	0.00016158653768883553
MAR02912	0.002359513539023806
MAR02913	0.00021930308440387252
MAR02914	0.00016158653768883553
MAR02915	0.002359513539023806
MAR02916	0.00021930308440387252
MAR02917	0.00016158653768883553
MAR02918	0.002359513539023806
MAR02919	0.00021930308440387252
MAR02920	0.00016158653768883553
MAR02921	0.002359513539023806
MAR02922	0.00021930308440387252
MAR02923	0.00016158653768883553
MAR02924	0.002359513539023806
MAR02925	0.00021930308440387252
MAR02926	0.00016158653768883553
MAR02927	0.002359513539023806
MAR02928	0.00021930308440387252
MAR02929	0.00016158653768883553
MAR02930	0.002359513539023806
MAR02931	0.00021930308440387252
MAR02932	0.00016158653768883553
MAR00001	0.007866462667379627
MAR00002	2.911450790225425e-05
MAR00003	0.0019309089477595235
MAR00005	0.0020303224779110846
MAR00449	0.0010708978449783517
MAR00604	0.0015422709728862393
MAR00605	0.0009231335384491117
MAR00665	0.0019309089477595235
MAR00667	0.0019309089477595235
MAR00668	0.0019309089477595235
MAR00669	0.0019309089477595235
MAR00670	0.0019309089477595235
MAR00671	0.0019309089477595235
MAR00672	0.0019309089477595235
MAR00679	0.0020303224779110846
MAR00680	0.0020303224779110846
MAR00681	0.0020303224779110846
MAR00682	0.0020303224779110846
MAR00683	0.0020303224779110846
MAR00684	0.0020303224779110846
MAR07588	0.001805280761168982
MAR03053	6.570980090049546e-05
MAR03054	6.570980090049546e-05
MAR03055	6.570980090049546e-05
MAR03057	0.0005374444640485594
MAR03058	0.004071677923888144
MAR03059	0.000677045920163082
MAR03060	0.0006911857898580769
MAR03062	0.0005374444640485594
MAR03063	0.004071677923888144
MAR03064	0.000677045920163082
MAR03065	0.0006911857898580769
MAR03066	0.0005374444640485594
MAR03067	0.004071677923888144
MAR03068	0.000677045920163082
MAR03069	0.0006911857898580769
MAR03070	0.0005374444640485594
MAR03071	0.004071677923888144
MAR03072	0.000677045920163082
MAR03073	0.0006911857898580769
MAR03074	0.0005374444640485594
MAR03075	0.004071677923888144
MAR03076	0.000677045920163082
MAR03077	0.0006911857898580769
MAR03078	0.0005374444640485594
MAR03079	0.004071677923888144
MAR03080	0.000677045920163082
MAR03081	0.0006911857898580769
MAR03082	0.0005374444640485594
MAR03083	0.004071677923888144
MAR03084	0.000677045920163082
MAR03085	0.0006911857898580769
MAR03086	0.0005374444640485594
MAR03087	0.004071677923888144
MAR03088	0.000677045920163082
MAR03089	0.0006911857898580769
MAR03090	0.0005374444640485594
MAR03091	0.004071677923888144
MAR03092	0.000677045920163082
MAR03093	0.0006911857898580769
MAR03094	0.0005374444640485594
MAR03095	0.004071677923888144
MAR03096	0.000677045920163082
MAR03097	0.0006911857898580769
MAR03098	0.0005374444640485594
MAR03099	0.004071677923888144
MAR03100	0.000677045920163082
MAR03101	0.0006911857898580769
MAR03102	0.0005374444640485594
MAR03103	0.004071677923888144
MAR03104	0.000677045920163082
MAR03106	6.570980090049546e-05
MAR03056	6.570980090049546e-05
MAR03326	0.0005374444640485594
MAR03327	0.004071677923888144
MAR03328	0.000677045920163082
MAR03329	0.0006911857898580769
MAR03330	0.0005374444640485594
MAR03331	0.004071677923888144
MAR03332	0.000677045920163082
MAR03333	0.0006911857898580769
MAR03334	0.0005374444640485594
MAR03335	0.004071677923888144
MAR03336	0.000677045920163082
MAR03337	0.0006911857898580769
MAR03338	0.0005374444640485594
MAR03339	0.004071677923888144
MAR03340	0.000677045920163082
MAR03341	0.0006911857898580769
MAR03342	0.0005374444640485594
MAR03343	0.004071677923888144
MAR03344	0.000677045920163082
MAR03345	0.0006911857898580769
MAR03346	0.0005374444640485594
MAR03347	0.004071677923888144
MAR03348	0.000677045920163082
MAR03349	0.0006911857898580769
MAR03350	0.0005374444640485594
MAR03351	0.004071677923888144
MAR03352	0.000677045920163082
MAR03353	0.0006911857898580769
MAR03355	0.004071677923888144
MAR03365	0.004071677923888144
MAR03367	0.000677045920163082
MAR03368	0.0006911857898580769
MAR03370	0.004071677923888144
MAR03372	0.000677045920163082
MAR03373	0.0006911857898580769
MAR03375	0.004071677923888144
MAR03478	6.570980090049546e-05
MAR03480	0.0012976461318380383
MAR03481	0.0009262148045722
MAR03482	0.0012976461318380383
MAR03484	0.00024878899391068466
MAR03486	0.0004211563654787365
MAR03488	0.00024878899391068466
MAR03491	8.494242923005688e-05
MAR03493	0.0012976461318380383
MAR03498	0.0005374444640485594
MAR03501	0.004071677923888144
MAR03503	0.000677045920163082
MAR03505	0.0006911857898580769
MAR03506	0.0005374444640485594
MAR03508	0.004071677923888144
MAR03509	0.000677045920163082
MAR03510	0.0006911857898580769
MAR03511	8.494242923005688e-05
MAR03512	0.0005374444640485594
MAR03513	0.004071677923888144
MAR03514	0.000677045920163082
MAR03515	0.0006911857898580769
MAR03517	0.0008271927457228178
MAR03302	0.004071677923888144
MAR03304	0.000677045920163082
MAR03305	0.0006911857898580769
MAR03307	0.004071677923888144
MAR03309	0.000677045920163082
MAR03310	0.0006911857898580769
MAR03312	0.004071677923888144
MAR03314	0.000677045920163082
MAR03315	0.0006911857898580769
MAR03316	0.004071677923888144
MAR03317	0.004071677923888144
MAR03319	0.000677045920163082
MAR03320	0.0006911857898580769
MAR03321	0.0005374444640485594
MAR03323	0.004071677923888144
MAR03107	0.003869435015824688
MAR03108	0.004071677923888144
MAR03109	0.007336267456068411
MAR03110	0.004071677923888144
MAR03111	0.003869435015824688
MAR03112	0.004071677923888144
MAR03113	0.007336267456068411
MAR03114	0.004071677923888144
MAR03115	0.003869435015824688
MAR03116	0.004071677923888144
MAR03117	0.007336267456068411
MAR03118	0.004071677923888144
MAR03121	0.003869435015824688
MAR03122	0.004071677923888144
MAR03123	0.007336267456068411
MAR03125	0.004071677923888144
MAR03128	0.003869435015824688
MAR03129	0.004071677923888144
MAR03130	0.007336267456068411
MAR03132	0.004071677923888144
MAR03135	0.003869435015824688
MAR03136	0.00916989309838836
MAR03137	0.007336267456068411
MAR03139	0.004071677923888144
MAR03142	0.0018263177045703834
MAR03143	0.00916989309838836
MAR03144	0.007336267456068411
MAR03146	0.004071677923888144
MAR03149	0.0018263177045703834
MAR03150	0.00916989309838836
MAR03151	0.007336267456068411
MAR03153	0.004071677923888144
MAR03156	0.0005374444640485594
MAR03157	0.00916989309838836
MAR03158	0.007336267456068411
MAR03160	0.004071677923888144
MAR03398	0.00916989309838836
MAR03406	0.00916989309838836
MAR03407	0.00916989309838836
MAR03408	0.00916989309838836
MAR03409	0.00916989309838836
MAR03411	0.00916989309838836
MAR03413	0.00916989309838836
MAR03414	0.00916989309838836
MAR03416	0.00916989309838836
MAR03421	0.00916989309838836
MAR03423	0.00916989309838836
MAR03424	0.00916989309838836
MAR03425	0.00916989309838836
MAR09719	0.00916989309838836
MAR03427	0.00916989309838836
MAR03428	0.00916989309838836
MAR03429	0.00916989309838836
MAR03430	0.00916989309838836
MAR03431	0.00916989309838836
MAR03432	0.00916989309838836
MAR03433	0.00916989309838836
MAR03170	0.003869435015824688
MAR03171	0.004071677923888144
MAR03172	0.007336267456068411
MAR03173	0.004071677923888144
MAR03174	0.003869435015824688
MAR03175	0.004071677923888144
MAR03176	0.007336267456068411
MAR03177	0.004071677923888144
MAR03178	0.003869435015824688
MAR03179	0.004071677923888144
MAR03180	0.007336267456068411
MAR03181	0.004071677923888144
MAR03182	0.003869435015824688
MAR03183	0.004071677923888144
MAR03184	0.007336267456068411
MAR03185	0.004071677923888144
MAR03186	0.003869435015824688
MAR03187	0.004071677923888144
MAR03188	0.007336267456068411
MAR03189	0.004071677923888144
MAR03190	0.0018263177045703834
MAR03191	0.00916989309838836
MAR03192	0.007336267456068411
MAR03193	0.004071677923888144
MAR03194	0.0018263177045703834
MAR03195	0.00916989309838836
MAR03196	0.007336267456068411
MAR03197	0.004071677923888144
MAR03198	0.0018263177045703834
MAR03199	0.00916989309838836
MAR03200	0.007336267456068411
MAR03201	0.004071677923888144
MAR03202	0.00012848099537296517
MAR03203	0.00916989309838836
MAR03204	0.007336267456068411
MAR03205	0.004071677923888144
MAR03396	6.570980090049546e-05
MAR03397	6.570980090049546e-05
MAR03240	0.003869435015824688
MAR03241	0.004071677923888144
MAR03242	0.007336267456068411
MAR03243	0.004071677923888144
MAR03244	0.003869435015824688
MAR03245	0.004071677923888144
MAR03246	0.007336267456068411
MAR03247	0.004071677923888144
MAR03250	0.003869435015824688
MAR03252	0.004071677923888144
MAR03254	0.007336267456068411
MAR03256	0.004071677923888144
MAR03258	0.003869435015824688
MAR03260	0.004071677923888144
MAR03262	0.007336267456068411
MAR03264	0.004071677923888144
MAR03272	0.0017058705785831234
MAR03356	0.0005374444640485594
MAR03357	0.004071677923888144
MAR03358	0.000677045920163082
MAR03359	0.0006911857898580769
MAR03360	0.0005374444640485594
MAR03361	0.004071677923888144
MAR03362	0.000677045920163082
MAR03363	0.0006911857898580769
MAR03218	0.003869435015824688
MAR03219	0.004071677923888144
MAR03220	0.007336267456068411
MAR03221	0.004071677923888144
MAR03222	0.003869435015824688
MAR03223	0.004071677923888144
MAR03224	0.007336267456068411
MAR03225	0.004071677923888144
MAR03226	0.003869435015824688
MAR03227	0.004071677923888144
MAR03228	0.007336267456068411
MAR03229	0.004071677923888144
MAR03230	0.003869435015824688
MAR03231	0.004071677923888144
MAR03232	0.007336267456068411
MAR03233	0.004071677923888144
MAR03234	0.003869435015824688
MAR03235	0.004071677923888144
MAR03236	0.007336267456068411
MAR03237	0.004071677923888144
MAR03239	0.0017058705785831234
MAR03275	0.003869435015824688
MAR03277	0.004071677923888144
MAR03278	0.007336267456068411
MAR03279	0.004071677923888144
MAR03280	0.003869435015824688
MAR03281	0.004071677923888144
MAR03282	0.007336267456068411
MAR03283	0.004071677923888144
MAR03284	0.003869435015824688
MAR03285	0.004071677923888144
MAR03286	0.007336267456068411
MAR03287	0.004071677923888144
MAR03288	0.0017058705785831234
MAR03290	0.00916989309838836
MAR03292	0.007336267456068411
MAR03293	0.004071677923888144
MAR03294	0.003869435015824688
MAR03298	0.0017058705785831234
MAR01174	0.004071677923888144
MAR01175	0.0005374444640485594
MAR01176	0.0009091205379500557
MAR01177	0.004071677923888144
MAR01178	0.007336267456068411
MAR01179	0.004071677923888144
MAR01180	0.0005374444640485594
MAR01181	0.0009091205379500557
MAR01182	0.004071677923888144
MAR01183	0.007336267456068411
MAR01184	0.004071677923888144
MAR01216	0.004071677923888144
MAR01217	0.0005374444640485594
MAR01218	0.0009091205379500557
MAR01219	0.004071677923888144
MAR01220	0.007336267456068411
MAR01221	0.004071677923888144
MAR01222	0.0009091205379500557
MAR01223	0.0005374444640485594
MAR01224	0.004071677923888144
MAR01225	0.007336267456068411
MAR01226	0.004071677923888144
MAR03522	0.0006104897285550905
MAR03523	0.00916989309838836
MAR03524	0.007336267456068411
MAR03525	0.004071677923888144
MAR03526	8.494242923005688e-05
MAR03527	0.0006104897285550905
MAR03528	0.00916989309838836
MAR03529	0.007336267456068411
MAR03530	0.004071677923888144
MAR03531	0.0006104897285550905
MAR03532	0.00916989309838836
MAR03533	0.007336267456068411
MAR03534	0.004071677923888144
MAR01573	2.911450790225425e-05
MAR06901	0.001541060154305285
MAR06903	0.000649435421609038
MAR06904	0.0001682052699063911
MAR06905	0.0009465112495028563
MAR06906	6.570980090049546e-05
MAR06907	0.0001682052699063911
MAR06908	0.000563078589732324
MAR06909	0.000424252683261529
MAR06910	0.0009465112495028563
MAR07165	6.570980090049546e-05
MAR07166	0.0005843929688435988
MAR07167	0.004262648833955784
MAR07168	0.00436086305812307
MAR07169	6.570980090049546e-05
MAR07170	0.0015130853960954782
MAR09722	0.004584426223403809
MAR01920	3.9122201290453987e-05
MAR01924	0.0056830902779770286
MAR01926	6.570980090049546e-05
MAR01927	0.0001682052699063911
MAR01928	3.025389391543647e-05
MAR01929	3.025389391543647e-05
MAR01931	0.0033228446595844714
MAR01932	3.025389391543647e-05
MAR01933	2.911450790225425e-05
MAR01934	3.025389391543647e-05
MAR01935	3.025389391543647e-05
MAR01940	2.911450790225425e-05
MAR01941	3.001434240478342e-05
MAR01942	2.911450790225425e-05
MAR01943	4.543527479366137e-05
MAR01948	2.911450790225425e-05
MAR01949	3.001434240478342e-05
MAR01950	2.911450790225425e-05
MAR01951	3.001434240478342e-05
MAR01989	2.911450790225425e-05
MAR01990	2.911450790225425e-05
MAR01991	2.911450790225425e-05
MAR01992	2.911450790225425e-05
MAR01993	2.911450790225425e-05
MAR02002	0.0009649445834436801
MAR02003	0.0025546545489564454
MAR02004	2.911450790225425e-05
MAR02005	2.911450790225425e-05
MAR02007	2.911450790225425e-05
MAR02009	2.911450790225425e-05
MAR02010	2.911450790225425e-05
MAR02011	2.911450790225425e-05
MAR04766	0.00010011830895316997
MAR06793	2.958506233833173e-05
MAR06794	2.958506233833173e-05
MAR06795	2.958506233833173e-05
MAR06796	2.958506233833173e-05
MAR07648	0.00010011830895316997
MAR07928	2.911450790225425e-05
MAR07930	3.001434240478342e-05
MAR07931	3.001434240478342e-05
MAR07932	2.911450790225425e-05
MAR07934	2.911450790225425e-05
MAR07935	3.025389391543647e-05
MAR07936	2.911450790225425e-05
MAR07937	2.911450790225425e-05
MAR07938	2.911450790225425e-05
MAR07939	3.001434240478342e-05
MAR07940	0.001460399322727042
MAR07941	0.001460399322727042
MAR07942	3.206862610809145e-05
MAR07943	0.00040223672556101485
MAR07945	3.9122201290453987e-05
MAR07948	3.9122201290453987e-05
MAR07950	3.9122201290453987e-05
MAR07952	3.9122201290453987e-05
MAR07954	3.001434240478342e-05
MAR07955	0.0010343430125976689
MAR07957	0.001460399322727042
MAR07958	3.1312457500609046e-05
MAR07959	8.15982806713071e-05
MAR07962	8.15982806713071e-05
MAR07965	8.15982806713071e-05
MAR07968	0.0010343430125976689
MAR02041	0.0010343430125976689
MAR07970	0.0003228336465316988
MAR07971	3.001434240478342e-05
MAR07972	3.001434240478342e-05
MAR07973	3.001434240478342e-05
MAR07974	2.911450790225425e-05
MAR07976	0.0007856057528567419
MAR07978	2.911450790225425e-05
MAR07980	8.15982806713071e-05
MAR07984	8.15982806713071e-05
MAR07987	8.15982806713071e-05
MAR01944	2.911450790225425e-05
MAR01945	2.911450790225425e-05
MAR01952	9.176970747866786e-05
MAR01953	3.9122201290453987e-05
MAR01958	2.911450790225425e-05
MAR01959	4.333822093003031e-05
MAR01960	4.333822093003031e-05
MAR01962	9.176970747866786e-05
MAR01963	3.9122201290453987e-05
MAR01967	3.001434240478342e-05
MAR01968	3.001434240478342e-05
MAR01969	4.15169612267522e-05
MAR01970	3.001434240478342e-05
MAR01971	3.001434240478342e-05
MAR01973	0.0010343430125976689
MAR01974	0.0010343430125976689
MAR01976	0.0009649445834436801
MAR01977	0.0009649445834436801
MAR01978	2.911450790225425e-05
MAR01982	3.001434240478342e-05
MAR01983	3.001434240478342e-05
MAR02014	2.983703957413985e-05
MAR02015	0.0009649445834436801
MAR02016	0.0025546545489564454
MAR02017	0.0025546545489564454
MAR02018	0.0025546545489564454
MAR02019	0.0025546545489564454
MAR02020	3.9122201290453987e-05
MAR02022	3.001434240478342e-05
MAR02024	3.001434240478342e-05
MAR02025	3.9122201290453987e-05
MAR01440	0.0024212831086251716
MAR01445	0.0003879061862387311
MAR01448	0.0035512223126608704
MAR01454	0.0026444790530740364
MAR01465	0.0022887931014072085
MAR01467	0.0022887931014072085
MAR01470	0.002613841840026145
MAR01473	0.0006560749190680125
MAR01477	0.00034813100762812286
MAR01478	0.00034813100762812286
MAR01479	0.00034813100762812286
MAR01484	0.0029930339268651007
MAR01490	0.0023319582192685906
MAR01493	0.0023319582192685906
MAR01494	0.0023319582192685906
MAR01495	0.0034588685075798717
MAR01496	0.0034588685075798717
MAR01500	0.0003228336465316988
MAR01502	0.0023319582192685906
MAR01503	0.0023319582192685906
MAR01504	0.0023319582192685906
MAR01505	0.0034588685075798717
MAR01509	0.0003228336465316988
MAR01512	0.004781078178549056
MAR01516	0.0021160267998039366
MAR01519	0.0044910563655390316
MAR01526	0.004583058235997571
MAR01533	0.004583058235997571
MAR01557	0.0021160267998039366
MAR01558	0.0021160267998039366
MAR01565	0.0044910563655390316
MAR01535	0.004583058235997571
MAR01536	0.00034813100762812286
MAR01538	0.00034813100762812286
MAR01539	0.00034813100762812286
MAR01540	0.0029930339268651007
MAR01543	0.0023319582192685906
MAR01544	0.0023319582192685906
MAR01545	0.0023319582192685906
MAR01546	0.0034588685075798717
MAR01547	0.0003228336465316988
MAR01548	0.0023319582192685906
MAR01549	0.0023319582192685906
MAR01550	0.0023319582192685906
MAR01551	0.0034588685075798717
MAR01552	0.0003228336465316988
MAR01553	0.004781078178549056
MAR01437	0.0022156688832970155
MAR01451	0.0016623197057246955
MAR01457	0.0017270203505803613
MAR01460	0.0017270203505803613
MAR01531	3.9141704171673964e-05
MAR01570	0.004583058235997571
MAR01576	0.00023121654586442074
MAR01577	0.0005594004044064612
MAR03105	0.0010908140706134448
MAR04630	0.0024212831086251716
MAR02029	0.001460399322727042
MAR02030	0.001460399322727042
MAR02031	0.001460399322727042
MAR02032	0.001460399322727042
MAR02033	0.001460399322727042
MAR02034	0.001460399322727042
MAR02036	0.0010343430125976689
MAR02037	4.308094175900174e-05
MAR02038	3.9122201290453987e-05
MAR02042	0.001460399322727042
MAR02043	0.001460399322727042
MAR02044	0.002605655842834244
MAR02045	0.002605655842834244
MAR02046	3.109234522527061e-05
MAR02047	3.109234522527061e-05
MAR02048	0.002605655842834244
MAR02049	3.109234522527061e-05
MAR02050	3.109234522527061e-05
MAR02051	3.109234522527061e-05
MAR02052	0.002605655842834244
MAR02053	0.001460399322727042
MAR02054	0.001460399322727042
MAR02055	3.109234522527061e-05
MAR02056	3.109234522527061e-05
MAR02057	3.109234522527061e-05
MAR02058	0.002605655842834244
MAR02059	0.002605655842834244
MAR02060	0.002605655842834244
MAR02061	0.009334134758457062
MAR02062	0.009334134758457062
MAR02063	0.009334134758457062
MAR02064	6.570980090049546e-05
MAR02068	0.03948138358443121
MAR02069	0.03948138358443121
MAR02070	0.03948138358443121
MAR02071	0.03948138358443121
MAR02072	0.03948138358443121
MAR02073	0.03948138358443121
MAR02074	0.03948138358443121
MAR02075	0.03948138358443121
MAR02076	0.009334134758457062
MAR02077	0.009334134758457062
MAR02078	0.009334134758457062
MAR02079	6.570980090049546e-05
MAR02083	0.03948138358443121
MAR02084	0.03948138358443121
MAR02085	0.03948138358443121
MAR02086	0.03948138358443121
MAR02088	0.009334134758457062
MAR02089	0.009334134758457062
MAR02091	6.570980090049546e-05
MAR02095	0.03948138358443121
MAR02096	0.03948138358443121
MAR02097	0.03948138358443121
MAR02098	0.03948138358443121
MAR02099	0.009334134758457062
MAR02100	0.009334134758457062
MAR02102	6.570980090049546e-05
MAR02106	0.03948138358443121
MAR02107	0.03948138358443121
MAR02108	0.03948138358443121
MAR02109	0.03948138358443121
MAR02110	0.03948138358443121
MAR02111	0.03948138358443121
MAR02112	0.03948138358443121
MAR02113	0.03948138358443121
MAR03537	6.570980090049546e-05
MAR03538	0.0032355936392237925
MAR03539	0.0032355936392237925
MAR03540	0.0032355936392237925
MAR03541	0.0032355936392237925
MAR03542	0.0032355936392237925
MAR03543	0.0032355936392237925
MAR03544	0.0032355936392237925
MAR03545	0.0032355936392237925
MAR03546	0.0032355936392237925
MAR03547	0.0032355936392237925
MAR03548	0.0032355936392237925
MAR03549	0.0032355936392237925
MAR03550	0.0032355936392237925
MAR03551	0.0032355936392237925
MAR03552	0.0032355936392237925
MAR03553	0.0032355936392237925
MAR03554	0.0032355936392237925
MAR03555	0.0032355936392237925
MAR03556	0.0032355936392237925
MAR03557	0.0032355936392237925
MAR03558	0.0032355936392237925
MAR03559	0.0032355936392237925
MAR03560	0.0032355936392237925
MAR03561	0.0032355936392237925
MAR03562	0.0032355936392237925
MAR03563	0.0032355936392237925
MAR03564	0.0032355936392237925
MAR03565	0.0032355936392237925
MAR03566	0.0032355936392237925
MAR03567	0.0032355936392237925
MAR03568	0.0032355936392237925
MAR03569	0.0032355936392237925
MAR03570	0.0032355936392237925
MAR03571	0.0032355936392237925
MAR03572	0.0032355936392237925
MAR03573	0.0032355936392237925
MAR03574	0.0032355936392237925
MAR03575	0.0032355936392237925
MAR03576	0.0032355936392237925
MAR03577	0.0032355936392237925
MAR03578	0.0032355936392237925
MAR03579	0.0032355936392237925
MAR03580	0.0032355936392237925
MAR03581	0.0032355936392237925
MAR03582	0.0032355936392237925
MAR03583	0.0032355936392237925
MAR03584	0.0032355936392237925
MAR03585	0.0032355936392237925
MAR03586	0.0032355936392237925
MAR03587	0.0032355936392237925
MAR03588	0.0032355936392237925
MAR03589	0.0032355936392237925
MAR03590	0.0032355936392237925
MAR03591	0.0032355936392237925
MAR03592	0.0032355936392237925
MAR03593	0.0032355936392237925
MAR03594	0.0032355936392237925
MAR03595	0.0032355936392237925
MAR03596	0.0032355936392237925
MAR03622	6.570980090049546e-05
MAR03625	0.0010030035969247476
MAR03626	0.0010030035969247476
MAR03627	0.0010030035969247476
MAR03628	0.0010030035969247476
MAR03629	0.0010030035969247476
MAR03630	0.0010030035969247476
MAR03631	0.0010030035969247476
MAR03632	0.0010030035969247476
MAR03633	0.0010030035969247476
MAR03634	0.0010030035969247476
MAR03635	0.0010030035969247476
MAR03636	0.0010030035969247476
MAR03637	0.0010030035969247476
MAR03638	0.0010030035969247476
MAR03639	0.0010030035969247476
MAR03640	0.0010030035969247476
MAR03641	0.0010030035969247476
MAR03642	0.0010030035969247476
MAR03643	0.0010030035969247476
MAR03644	0.0010030035969247476
MAR03645	0.0010030035969247476
MAR03646	0.0010030035969247476
MAR03647	0.0010030035969247476
MAR03648	0.0010030035969247476
MAR03649	0.0010030035969247476
MAR03650	0.0010030035969247476
MAR03651	0.0010030035969247476
MAR03652	0.0010030035969247476
MAR03653	0.0010030035969247476
MAR03654	0.0010030035969247476
MAR03655	0.0010030035969247476
MAR03656	0.0010030035969247476
MAR03657	0.0010030035969247476
MAR03658	0.0010030035969247476
MAR03659	0.0010030035969247476
MAR03660	0.0010030035969247476
MAR03661	0.0010030035969247476
MAR03662	0.0010030035969247476
MAR03663	0.0010030035969247476
MAR03664	0.0010030035969247476
MAR03665	0.0010030035969247476
MAR03666	0.0010030035969247476
MAR03667	0.0010030035969247476
MAR03668	0.0010030035969247476
MAR03669	0.0010030035969247476
MAR03670	0.0010030035969247476
MAR03671	0.0010030035969247476
MAR03672	0.0010030035969247476
MAR03673	0.0010030035969247476
MAR03674	0.0010030035969247476
MAR03675	0.0010030035969247476
MAR03676	0.0010030035969247476
MAR03677	0.0010030035969247476
MAR03678	0.0010030035969247476
MAR03679	0.0010030035969247476
MAR03680	0.0010030035969247476
MAR03681	0.0010030035969247476
MAR03682	0.0010030035969247476
MAR03683	0.0010030035969247476
MAR03684	0.0032355936392237925
MAR03685	0.0032355936392237925
MAR03686	0.0032355936392237925
MAR03687	0.0032355936392237925
MAR03688	0.0032355936392237925
MAR03689	0.0032355936392237925
MAR03690	0.0032355936392237925
MAR03691	0.0032355936392237925
MAR03692	0.0032355936392237925
MAR03693	0.0032355936392237925
MAR03694	0.0032355936392237925
MAR03695	0.0032355936392237925
MAR03696	0.0032355936392237925
MAR03697	0.0032355936392237925
MAR03698	0.0032355936392237925
MAR03699	0.0032355936392237925
MAR03700	0.0032355936392237925
MAR03701	0.0032355936392237925
MAR03702	0.0032355936392237925
MAR03703	0.0032355936392237925
MAR03704	0.0032355936392237925
MAR03705	0.0032355936392237925
MAR03706	0.0032355936392237925
MAR03707	0.0032355936392237925
MAR03708	0.0032355936392237925
MAR03709	0.0032355936392237925
MAR03710	0.0032355936392237925
MAR03711	0.0032355936392237925
MAR03712	0.0032355936392237925
MAR03713	0.0032355936392237925
MAR03714	0.0032355936392237925
MAR03715	0.0032355936392237925
MAR03716	0.0032355936392237925
MAR03717	0.0032355936392237925
MAR03718	0.0032355936392237925
MAR03719	0.0032355936392237925
MAR03720	0.0032355936392237925
MAR03721	0.0032355936392237925
MAR03722	0.0032355936392237925
MAR03723	0.0032355936392237925
MAR03724	0.0032355936392237925
MAR03725	0.0032355936392237925
MAR03726	0.0032355936392237925
MAR03727	0.0032355936392237925
MAR03728	0.0032355936392237925
MAR03729	0.0032355936392237925
MAR03730	0.0032355936392237925
MAR03731	0.0032355936392237925
MAR03732	0.0032355936392237925
MAR03733	0.0032355936392237925
MAR03734	0.0032355936392237925
MAR03735	0.0032355936392237925
MAR03736	0.0032355936392237925
MAR03737	0.0032355936392237925
MAR03738	0.0032355936392237925
MAR03739	0.0032355936392237925
MAR03740	0.0032355936392237925
MAR03741	0.0032355936392237925
MAR03742	0.0032355936392237925
MAR00715	0.0027253366146680453
MAR00716	0.0006519893476059922
MAR00733	0.0006519893476059922
MAR00735	0.00037816255254890645
MAR00736	0.00037816255254890645
MAR00738	0.00303822661487041
MAR00741	0.00302054640688226
MAR00744	0.0013271856097082757
MAR00746	0.0007358370729248449
MAR00748	0.0012113456500164237
MAR00750	0.0025725388786152444
MAR00753	0.0006519893476059922
MAR00754	0.0027253366146680453
MAR00758	0.0025725388786152444
MAR00760	0.0005188708978085539
MAR00761	0.002374539747080984
MAR00762	0.002515434654978977
MAR00763	6.570980090049546e-05
MAR00765	0.0037664581390867286
MAR00766	0.0009317441157222343
MAR00767	0.001091420841687531
MAR00773	0.0013271856097082757
MAR00775	0.0007358370729248449
MAR00779	0.0012113456500164237
MAR00781	6.570980090049546e-05
MAR00783	0.0006170960602297806
MAR00795	0.0018403485466283783
MAR08147	0.0004540041786253893
MAR08148	6.946399448181284e-05
MAR08149	0.00013572744559158241
MAR08150	3.108425544270559e-05
MAR08151	0.0004540041786253893
MAR08152	0.0004540041786253893
MAR08155	0.0007287807081043971
MAR08156	0.0003445312742747125
MAR08159	0.0003445312742747125
MAR08162	3.0757727735905036e-05
MAR08165	7.025762709869597e-05
MAR08166	0.00021550086876552255
MAR08167	0.0007287807081043971
MAR08168	0.0009237976203479344
MAR08169	0.0003445312742747125
MAR08170	0.0003445312742747125
MAR08171	2.911450790225425e-05
MAR08172	0.0003445312742747125
MAR08173	0.0004540041786253893
MAR08174	0.0003445312742747125
MAR08175	3.2777341171678e-05
MAR08176	0.0003445312742747125
MAR08177	2.911450790225425e-05
MAR08178	3.2777341171678e-05
MAR08179	3.0757727735905036e-05
MAR08180	2.911450790225425e-05
MAR08181	2.911450790225425e-05
MAR08182	2.911450790225425e-05
MAR08183	2.911450790225425e-05
MAR08184	4.5880690402870095e-05
MAR08185	0.00021550086876552255
MAR08186	0.00021550086876552255
MAR08187	0.00021550086876552255
MAR08188	0.0007287807081043971
MAR08189	0.0007287807081043971
MAR08190	7.025762709869597e-05
MAR08191	7.025762709869597e-05
MAR08192	7.025762709869597e-05
MAR08194	0.0004540041786253893
MAR08197	6.570980090049546e-05
MAR08198	0.00015071619616810074
MAR08201	0.0006008143112629265
MAR00786	0.0009317441157222343
MAR08206	3.265510048057423e-05
MAR08209	0.0003213815648278456
MAR08210	5.342000438235376e-05
MAR08211	0.0006519893476059922
MAR08212	3.265510048057423e-05
MAR08217	0.002999685773457763
MAR08219	0.0027253366146680453
MAR08220	0.0027253366146680453
MAR08221	0.000348022274120266
MAR08224	0.00014245897144822602
MAR08226	0.00014245897144822602
MAR08227	0.00014245897144822602
MAR08228	0.00014245897144822602
MAR08233	0.001211861076643827
MAR08235	0.001211861076643827
MAR08237	0.0012113456500164237
MAR08238	0.0012113456500164237
MAR08242	4.699319993658455e-05
MAR08245	6.570980090049546e-05
MAR08246	0.0018403485466283783
MAR08248	0.002374539747080984
MAR08249	0.0004540041786253893
MAR08250	0.0004540041786253893
MAR08251	0.0004540041786253893
MAR00453	0.0033228446595844714
MAR00456	0.0032226088056821144
MAR00458	0.0033228446595844714
MAR00459	0.0032226088056821144
MAR00463	0.00031576391401923524
MAR00486	0.0015523319739731865
MAR00487	0.0015523319739731865
MAR00488	0.0015523319739731865
MAR00489	0.0015523319739731865
MAR00490	0.0015523319739731865
MAR00491	0.0015523319739731865
MAR00492	0.0015523319739731865
MAR00493	0.0015523319739731865
MAR00494	0.0015523319739731865
MAR00495	0.0015523319739731865
MAR00496	0.0015523319739731865
MAR00497	0.0015523319739731865
MAR00498	0.0015523319739731865
MAR00499	0.0015523319739731865
MAR00500	0.0015523319739731865
MAR00501	0.0015523319739731865
MAR00502	0.0015523319739731865
MAR00503	0.0015523319739731865
MAR00504	0.0015523319739731865
MAR00505	0.0015523319739731865
MAR00506	0.0015523319739731865
MAR00507	0.0015523319739731865
MAR00508	0.0015523319739731865
MAR00509	0.0015523319739731865
MAR00510	0.0015523319739731865
MAR00511	0.0015523319739731865
MAR00512	0.0015523319739731865
MAR00513	0.0015523319739731865
MAR00514	0.0015523319739731865
MAR00515	0.0015523319739731865
MAR00516	0.0015523319739731865
MAR00517	0.0015523319739731865
MAR00518	0.0015523319739731865
MAR00519	0.0015523319739731865
MAR00520	0.0015523319739731865
MAR00521	0.0015523319739731865
MAR00522	0.0015523319739731865
MAR00523	0.0015523319739731865
MAR00524	0.0015523319739731865
MAR00525	0.0015523319739731865
MAR00526	0.0015523319739731865
MAR00527	0.0015523319739731865
MAR00528	0.0015523319739731865
MAR00529	0.0015523319739731865
MAR00530	0.0015523319739731865
MAR00531	0.0015523319739731865
MAR00532	0.0015523319739731865
MAR00533	0.0015523319739731865
MAR00534	0.0015523319739731865
MAR00535	0.0015523319739731865
MAR00536	0.0015523319739731865
MAR00537	0.0015523319739731865
MAR00538	0.0015523319739731865
MAR00539	0.0015523319739731865
MAR00540	0.0015523319739731865
MAR00541	0.0015523319739731865
MAR00542	0.0015523319739731865
MAR00543	0.0015523319739731865
MAR00544	0.0015523319739731865
MAR00588	0.010097065648250844
MAR00596	0.001091420841687531
MAR00673	0.00023672605444533478
MAR00674	0.00023672605444533478
MAR00675	0.00023672605444533478
MAR00676	0.00023672605444533478
MAR00677	0.00023672605444533478
MAR00678	0.00023672605444533478
MAR04296	2.911450790225425e-05
MAR04390	0.0023763797569202106
MAR05254	0.00031576391401923524
MAR07599	0.001768217118089335
MAR00448	0.0003420807847003172
MAR00450	0.0003420807847003172
MAR00468	0.0005160089332029989
MAR00479	0.00037445745541375626
MAR00481	0.00037445745541375626
MAR00484	0.0006308857725377435
MAR00579	0.0015523319739731865
MAR00580	0.010097065648250844
MAR00581	0.0012174706711716443
MAR00582	0.0006052847593264236
MAR00584	6.570980090049546e-05
MAR00586	0.001171312468962121
MAR00589	0.010097065648250844
MAR00590	0.010097065648250844
MAR00591	0.010097065648250844
MAR00592	0.010097065648250844
MAR00593	0.010097065648250844
MAR00594	0.010097065648250844
MAR00597	0.001091420841687531
MAR00598	0.001091420841687531
MAR00599	0.001091420841687531
MAR00600	0.001091420841687531
MAR00601	0.001091420841687531
MAR00602	0.001091420841687531
MAR00610	0.0030594923779859915
MAR00613	0.0030594923779859915
MAR00614	0.001768217118089335
MAR00615	0.001768217118089335
MAR00616	0.0013870848947622081
MAR00622	0.0008776536762761885
MAR00623	0.0028501977267051085
MAR00625	0.0005160089332029989
MAR00627	0.0013870848947622081
MAR00629	0.0012751632071890812
MAR00630	0.00031576391401923524
MAR00632	0.0021322856589275755
MAR00633	0.0037571493956671063
MAR00634	0.0002561260423221479
MAR00635	0.0004449488268281915
MAR00636	0.00039004319421117624
MAR00638	0.001724663660968384
MAR00640	2.911450790225425e-05
MAR00641	3.491539157899274e-05
MAR00642	0.0012751632071890812
MAR00643	0.00031576391401923524
MAR00644	0.0021322856589275755
MAR00645	0.0037571493956671063
MAR00646	0.0004449488268281915
MAR00647	6.570980090049546e-05
MAR00648	0.0007597909917367771
MAR00649	3.619718810344954e-05
MAR00651	0.0006546245516625164
MAR00653	0.0006369714942117597
MAR00654	0.0006369714942117597
MAR00657	0.0006369714942117597
MAR00659	6.570980090049546e-05
MAR00660	0.0012751632071890812
MAR04627	3.9141704171673964e-05
MAR04838	3.9141704171673964e-05
MAR04839	3.9141704171673964e-05
MAR07591	0.0023676999316709227
MAR07594	0.0013229618558973713
MAR07597	6.570980090049546e-05
MAR07601	6.570980090049546e-05
MAR07611	0.002906014038512398
MAR07612	5.338735078718689e-05
MAR07613	0.0019468820188606904
MAR07755	0.0006044469125780761
MAR08362	2.911450790225425e-05
MAR08421	3.491539157899274e-05
MAR08424	3.619718810344954e-05
MAR08518	0.002906014038512398
MAR08519	5.338735078718689e-05
MAR08521	0.0021322856589275755
MAR08522	6.570980090049546e-05
MAR08523	0.0012751632071890812
MAR08525	0.0012751632071890812
MAR09805	2.9589691925072476e-05
MAR00815	7.025762709869597e-05
MAR00816	0.00021550086876552255
MAR00817	0.0007287807081043971
MAR00819	0.0009317441157222343
MAR00820	4.5880690402870095e-05
MAR00821	0.0030917944313741228
MAR00822	2.911450790225425e-05
MAR00823	0.0009237976203479344
MAR00824	4.5880690402870095e-05
MAR00825	0.002144585389812714
MAR00827	7.025762709869597e-05
MAR00828	0.0030917944313741228
MAR00829	0.00021550086876552255
MAR00830	0.0009317441157222343
MAR00837	0.0007287807081043971
MAR00838	0.002144585389812714
MAR00839	2.911450790225425e-05
MAR00840	3.2777341171678e-05
MAR00841	3.0757727735905036e-05
MAR00842	7.025762709869597e-05
MAR00843	0.00021550086876552255
MAR00844	0.0007287807081043971
MAR00845	0.002144585389812714
MAR00846	2.911450790225425e-05
MAR00847	0.002144585389812714
MAR00848	3.2777341171678e-05
MAR00849	0.0003445312742747125
MAR00850	0.002144585389812714
MAR00851	3.0757727735905036e-05
MAR00852	3.0757727735905036e-05
MAR00853	3.0757727735905036e-05
MAR00854	3.0757727735905036e-05
MAR00855	3.0757727735905036e-05
MAR00856	7.025762709869597e-05
MAR00857	0.00021550086876552255
MAR00858	0.0003445312742747125
MAR00928	3.265510048057423e-05
MAR00801	6.946399448181284e-05
MAR00803	0.002999685773457763
MAR00805	0.00013572744559158241
MAR00806	0.00013572744559158241
MAR00807	0.0030917944313741228
MAR00809	3.108425544270559e-05
MAR00810	0.00015071619616810074
MAR00811	0.0006008143112629265
MAR00812	0.0007287807081043971
MAR00813	0.000348022274120266
MAR00814	3.0757727735905036e-05
MAR00859	0.00055566241248577
MAR00860	3.692987883327336e-05
MAR00861	0.0007287807081043971
MAR00862	4.41254352341596e-05
MAR00863	4.41254352341596e-05
MAR00864	0.000348022274120266
MAR00865	0.00015071619616810074
MAR00866	0.000348022274120266
MAR00867	0.0002583781109739689
MAR00868	0.0002583781109739689
MAR00870	4.41254352341596e-05
MAR00871	4.41254352341596e-05
MAR00873	4.41254352341596e-05
MAR00875	0.0021579599508109934
MAR00876	0.00017665748072184098
MAR00877	3.0757727735905036e-05
MAR00878	9.137753752650654e-05
MAR00879	0.00015071619616810074
MAR00880	0.000348022274120266
MAR00881	0.0002583781109739689
MAR00882	9.137753752650654e-05
MAR00883	0.000348022274120266
MAR00884	0.0002583781109739689
MAR00885	6.570980090049546e-05
MAR00886	0.000348022274120266
MAR00887	0.0002583781109739689
MAR00888	9.137753752650654e-05
MAR00889	0.0015425613989268547
MAR00890	0.0021579599508109934
MAR00891	0.0015425613989268547
MAR00892	0.0004540041786253893
MAR00893	9.137753752650654e-05
MAR00894	9.137753752650654e-05
MAR00895	9.137753752650654e-05
MAR00896	9.137753752650654e-05
MAR00897	9.137753752650654e-05
MAR00898	0.000348022274120266
MAR00899	9.137753752650654e-05
MAR00900	9.137753752650654e-05
MAR00901	0.0002583781109739689
MAR00902	0.0002583781109739689
MAR00903	6.570980090049546e-05
MAR00904	0.000348022274120266
MAR00905	0.0002583781109739689
MAR00906	3.6015199650807395e-05
MAR00907	6.570980090049546e-05
MAR00908	0.000348022274120266
MAR00909	0.000348022274120266
MAR00910	0.00017665748072184098
MAR00911	9.137753752650654e-05
MAR00912	6.570980090049546e-05
MAR00787	0.002515434654978977
MAR00790	0.0003213815648278456
MAR00792	3.265510048057423e-05
MAR00793	5.342000438235376e-05
MAR00794	3.9122201290453987e-05
MAR00797	0.0018403485466283783
MAR00804	0.0030917944313741228
MAR00808	0.0030917944313741228
MAR00826	0.002144585389812714
MAR00832	0.0009317441157222343
MAR00834	0.002144585389812714
MAR00835	0.002999962060109087
MAR00836	0.0030917944313741228
MAR00914	5.342000438235376e-05
MAR00915	3.265510048057423e-05
MAR00919	0.0006579086907504511
MAR00920	0.0006579086907504511
MAR00921	0.0006579086907504511
MAR00924	0.0037664581390867286
MAR00925	0.0037664581390867286
MAR00926	0.0037664581390867286
MAR07188	3.2398992230053055e-05
MAR08378	0.0007079031310281419
MAR08379	0.0040972722260006235
MAR07185	0.0040972722260006235
MAR08380	0.00012087770352958374
MAR07186	0.00012087770352958374
MAR08381	0.0021608050242558747
MAR07187	0.0021608050242558747
MAR08383	0.0010565020788625258
MAR08384	0.0007336272953729303
MAR08385	0.0003612412309528577
MAR08387	0.0007336272953729303
MAR08388	0.0003612412309528577
MAR08389	9.790565453918039e-05
MAR08390	9.790565453918039e-05
MAR08391	0.00012836283063130113
MAR08392	0.00012836283063130113
MAR08393	0.0005785550023613638
MAR08394	0.00012836283063130113
MAR08395	0.0005785550023613638
MAR08396	0.0005785550023613638
MAR08397	0.00012836283063130113
MAR08398	0.0005785550023613638
MAR08399	0.00012836283063130113
MAR08401	0.0005785550023613638
MAR08402	0.0029643016409876197
MAR08403	0.0001369057220136645
MAR08404	0.0029643016409876197
MAR08405	0.0001369057220136645
MAR08406	0.0029643016409876197
MAR08407	0.0029643016409876197
MAR01979	3.001434240478342e-05
MAR01980	3.001434240478342e-05
MAR01981	2.911450790225425e-05
MAR01985	4.333822093003031e-05
MAR01987	4.333822093003031e-05
MAR01988	2.911450790225425e-05
MAR01995	2.911450790225425e-05
MAR01996	3.206862610809145e-05
MAR01999	4.333822093003031e-05
MAR02000	4.333822093003031e-05
MAR02001	4.333822093003031e-05
MAR01305	0.0007850023694161789
MAR01307	0.0007850023694161789
MAR01308	2.9508538321973792e-05
MAR01310	6.570980090049546e-05
MAR01312	0.017205902276970057
MAR01313	2.911450790225425e-05
MAR01315	6.570980090049546e-05
MAR01317	6.570980090049546e-05
MAR01318	6.570980090049546e-05
MAR01319	6.570980090049546e-05
MAR01320	6.570980090049546e-05
MAR01321	0.0002868668551603702
MAR01322	6.570980090049546e-05
MAR01323	6.570980090049546e-05
MAR01324	6.570980090049546e-05
MAR01325	0.0003862827597966549
MAR01326	0.0003862827597966549
MAR01327	0.002240154099921028
MAR01328	6.570980090049546e-05
MAR01329	0.0003862827597966549
MAR01330	2.911450790225425e-05
MAR01332	6.570980090049546e-05
MAR01333	6.570980090049546e-05
MAR01334	6.570980090049546e-05
MAR01335	6.570980090049546e-05
MAR01336	6.570980090049546e-05
MAR01337	6.570980090049546e-05
MAR01338	6.570980090049546e-05
MAR01339	2.911450790225425e-05
MAR01341	6.570980090049546e-05
MAR01342	6.570980090049546e-05
MAR01343	6.570980090049546e-05
MAR01344	0.0005017378463192837
MAR01345	6.570980090049546e-05
MAR01346	0.0007273888218472314
MAR01347	0.0007273888218472314
MAR01350	0.0007850023694161789
MAR01352	0.001091420841687531
MAR01355	6.570980090049546e-05
MAR01356	6.570980090049546e-05
MAR01357	6.570980090049546e-05
MAR01358	6.570980090049546e-05
MAR01359	6.570980090049546e-05
MAR01360	6.570980090049546e-05
MAR01361	6.570980090049546e-05
MAR01362	6.570980090049546e-05
MAR01363	6.570980090049546e-05
MAR01364	6.570980090049546e-05
MAR01365	6.570980090049546e-05
MAR01366	6.570980090049546e-05
MAR01367	0.03948138358443121
MAR01370	0.03948138358443121
MAR01373	6.570980090049546e-05
MAR01374	6.570980090049546e-05
MAR01375	6.570980090049546e-05
MAR01376	6.570980090049546e-05
MAR01379	0.03948138358443121
MAR01382	0.0003862827597966549
MAR01383	6.570980090049546e-05
MAR01384	0.03948138358443121
MAR01387	0.0003862827597966549
MAR01388	3.279266424050367e-05
MAR01389	6.570980090049546e-05
MAR01390	0.0007850023694161789
MAR01391	0.0007850023694161789
MAR01393	0.0007850023694161789
MAR01394	0.017205902276970057
MAR01395	0.0002868668551603702
MAR01398	0.03948138358443121
MAR01401	6.570980090049546e-05
MAR01402	6.570980090049546e-05
MAR00703	0.0034035341053320887
MAR00705	0.001805280761168982
MAR00706	0.001805280761168982
MAR00708	0.001805280761168982
MAR07598	0.001091420841687531
MAR07600	0.0005160089332029989
MAR07602	0.0021322856589275755
MAR07603	0.00031576391401923524
MAR07604	0.001768217118089335
MAR07605	0.0012751632071890812
MAR07606	2.9589691925072476e-05
MAR07607	2.911450790225425e-05
MAR07610	0.0005160089332029989
MAR07614	0.0021322856589275755
MAR07615	0.00031576391401923524
MAR07200	0.0004390152172264729
MAR07202	0.0004701531992049948
MAR07203	0.0024202511895066382
MAR07205	0.001974401367860321
MAR07206	0.001188111721218557
MAR07207	0.0006663807792342049
MAR07208	0.0014738897517302505
MAR07209	0.0014738897517302505
MAR07210	0.0014738897517302505
MAR07211	0.0014738897517302505
MAR07212	0.0014738897517302505
MAR07213	0.0014738897517302505
MAR07214	0.0014738897517302505
MAR07215	0.0014738897517302505
MAR07216	0.0011364838150847083
MAR07217	0.00033352485564450704
MAR07218	0.00014079870133913738
MAR07219	0.0022651989397695733
MAR07220	0.00019872586078641336
MAR07221	0.0028248134034773126
MAR07222	0.00019872586078641336
MAR07490	6.570980090049546e-05
MAR07491	0.0006231388709091873
MAR07492	0.00038727524852338446
MAR07493	0.005773173933969932
MAR07494	0.005773173933969932
MAR07495	0.005773173933969932
MAR07496	0.005773173933969932
MAR07497	6.570980090049546e-05
MAR07498	0.0006231388709091873
MAR07509	0.0006231388709091873
MAR07510	0.0005482251647138323
MAR07519	0.0009453508860454944
MAR07520	0.005773173933969932
MAR07521	0.005773173933969932
MAR07522	0.0009453508860454944
MAR07534	4.736456271415114e-05
MAR07535	0.005773173933969932
MAR07536	0.005773173933969932
MAR07537	0.0009453508860454944
MAR07538	4.736456271415114e-05
MAR07551	0.0006231388709091873
MAR07552	0.0009453508860454944
MAR07553	0.00038727524852338446
MAR07554	6.570980090049546e-05
MAR07501	6.570980090049546e-05
MAR07502	4.372139173916753e-05
MAR07503	0.0030917944313741228
MAR07504	0.0030917944313741228
MAR07505	0.0008458289991131292
MAR07506	4.372139173916753e-05
MAR07507	0.0030917944313741228
MAR07508	6.570980090049546e-05
MAR07513	6.570980090049546e-05
MAR07514	4.372139173916753e-05
MAR07515	0.0030917944313741228
MAR07516	0.0030917944313741228
MAR07517	0.0010906719954929612
MAR07518	0.00013590138570984293
MAR07525	6.570980090049546e-05
MAR07526	0.0047553024882178
MAR07527	0.0030917944313741228
MAR07528	0.0030917944313741228
MAR07529	0.0008458289991131292
MAR07530	0.0047553024882178
MAR07531	0.0030917944313741228
MAR07532	0.0030917944313741228
MAR07533	6.570980090049546e-05
MAR07541	6.570980090049546e-05
MAR07542	0.0047553024882178
MAR07543	0.0030917944313741228
MAR07544	0.0030917944313741228
MAR07545	6.570980090049546e-05
MAR07546	0.0008458289991131292
MAR07547	0.0047553024882178
MAR07548	0.0030917944313741228
MAR07549	0.0030917944313741228
MAR07550	6.570980090049546e-05
MAR07557	6.570980090049546e-05
MAR07558	4.372139173916753e-05
MAR07559	0.0030917944313741228
MAR07560	0.0047553024882178
MAR07561	0.0030917944313741228
MAR07562	0.0008458289991131292
MAR07563	0.0030917944313741228
MAR07564	4.372139173916753e-05
MAR07565	0.0047553024882178
MAR07566	0.0030917944313741228
MAR07567	6.570980090049546e-05
MAR07225	0.0006459070028956695
MAR07226	0.001622826427961023
MAR07227	0.0003239946111556018
MAR07228	0.00048160386535924096
MAR07229	0.001278071537053242
MAR07230	0.00013590138570984293
MAR07231	0.001622826427961023
MAR07232	0.0003239946111556018
MAR07233	0.00048160386535924096
MAR07234	0.001278071537053242
MAR07235	0.0008458289991131292
MAR07236	6.570980090049546e-05
MAR07237	0.001622826427961023
MAR07238	0.0003239946111556018
MAR07239	0.00048160386535924096
MAR07240	0.001278071537053242
MAR07241	0.0010906719954929612
MAR07242	0.00013590138570984293
MAR07243	6.570980090049546e-05
MAR07244	0.0003239946111556018
MAR07245	0.00048160386535924096
MAR07246	0.001278071537053242
MAR07247	0.0010906719954929612
MAR07248	0.00013590138570984293
MAR07249	6.570980090049546e-05
MAR07250	0.001278071537053242
MAR07251	6.570980090049546e-05
MAR07571	0.0008458289991131292
MAR07572	0.0030917944313741228
MAR07573	0.0008458289991131292
MAR07335	0.0007287807081043971
MAR07336	0.0015425613989268547
MAR07337	0.00340846149783006
MAR07338	0.0015425613989268547
MAR07339	6.265220688550167e-05
MAR07340	0.00340846149783006
MAR07341	0.0015425613989268547
MAR07342	6.265220688550167e-05
MAR07343	0.00340846149783006
MAR07344	0.0015425613989268547
MAR07345	6.265220688550167e-05
MAR07346	0.00340846149783006
MAR07347	0.0015425613989268547
MAR07348	6.265220688550167e-05
MAR07349	0.00340846149783006
MAR07350	0.0015425613989268547
MAR07351	6.265220688550167e-05
MAR07352	0.00340846149783006
MAR07353	0.0015425613989268547
MAR07354	6.265220688550167e-05
MAR07355	0.00340846149783006
MAR07356	0.0015425613989268547
MAR07357	6.265220688550167e-05
MAR07358	0.00340846149783006
MAR07359	0.0015425613989268547
MAR07360	6.265220688550167e-05
MAR07361	0.00340846149783006
MAR07362	0.0015425613989268547
MAR07363	6.265220688550167e-05
MAR07364	0.00340846149783006
MAR07365	0.0015425613989268547
MAR07366	6.265220688550167e-05
MAR07367	0.00340846149783006
MAR07368	0.0015425613989268547
MAR07369	6.265220688550167e-05
MAR07370	0.00340846149783006
MAR07371	0.0009453508860454944
MAR07442	0.0007287807081043971
MAR07443	0.00340846149783006
MAR07444	0.0015425613989268547
MAR07445	0.00340846149783006
MAR07446	0.0015425613989268547
MAR07447	6.265220688550167e-05
MAR07448	0.00340846149783006
MAR07449	0.0015425613989268547
MAR07450	6.265220688550167e-05
MAR07451	0.00340846149783006
MAR07452	0.0009453508860454944
MAR07471	0.00340846149783006
MAR07472	0.0007287807081043971
MAR07473	0.0015425613989268547
MAR07474	0.00340846149783006
MAR07475	0.0015425613989268547
MAR07476	6.265220688550167e-05
MAR07477	0.00340846149783006
MAR07478	0.0015425613989268547
MAR07479	6.265220688550167e-05
MAR07480	0.00340846149783006
MAR07481	0.0009453508860454944
MAR07373	0.000729225294227639
MAR07375	0.000729225294227639
MAR07376	0.0004410595525450124
MAR07377	0.0004523791444713287
MAR07378	0.0047553024882178
MAR07379	0.0047553024882178
MAR07380	0.0047553024882178
MAR07381	0.001622826427961023
MAR07382	0.0030917944313741228
MAR07383	0.0030917944313741228
MAR07384	0.0047553024882178
MAR07385	0.001622826427961023
MAR07386	0.0030917944313741228
MAR07387	0.0030917944313741228
MAR07388	0.0047553024882178
MAR07389	0.001622826427961023
MAR07390	0.0030917944313741228
MAR07391	0.0030917944313741228
MAR07392	0.0047553024882178
MAR07393	0.001622826427961023
MAR07394	0.0030917944313741228
MAR07395	0.0030917944313741228
MAR07396	0.0047553024882178
MAR07397	0.001622826427961023
MAR07398	0.0030917944313741228
MAR07399	0.0030917944313741228
MAR07400	0.0047553024882178
MAR07401	0.001622826427961023
MAR07402	0.0030917944313741228
MAR07403	0.0030917944313741228
MAR07404	0.0047553024882178
MAR07405	0.001622826427961023
MAR07406	0.0030917944313741228
MAR07407	0.0030917944313741228
MAR07408	0.0047553024882178
MAR07409	0.001622826427961023
MAR07410	0.0030917944313741228
MAR07411	0.0030917944313741228
MAR07412	0.0047553024882178
MAR07413	0.001622826427961023
MAR07414	0.0030917944313741228
MAR07415	0.0030917944313741228
MAR07416	0.0047553024882178
MAR07417	0.001622826427961023
MAR07418	0.0030917944313741228
MAR07419	0.0030917944313741228
MAR07420	0.0047553024882178
MAR07421	0.001622826427961023
MAR07422	0.0030917944313741228
MAR07423	0.0030917944313741228
MAR07424	0.0047553024882178
MAR07425	0.0030917944313741228
MAR07426	0.0047553024882178
MAR07427	0.0030917944313741228
MAR07455	0.0047553024882178
MAR07456	0.0047553024882178
MAR07457	0.0047553024882178
MAR07458	0.001622826427961023
MAR07459	0.0030917944313741228
MAR07460	0.0030917944313741228
MAR07461	0.0047553024882178
MAR07462	0.0030917944313741228
MAR07463	0.001622826427961023
MAR07464	0.0030917944313741228
MAR07465	0.0047553024882178
MAR07466	0.0030917944313741228
MAR07467	0.0047553024882178
MAR07468	6.570980090049546e-05
MAR07469	0.0006008143112629265
MAR07484	0.0047553024882178
MAR07485	0.0047553024882178
MAR07486	0.0047553024882178
MAR07487	0.001622826427961023
MAR07488	0.0030917944313741228
MAR07489	0.0030917944313741228
MAR08643	0.002002448706278779
MAR08645	0.002002448706278779
MAR08648	3.1624756131859884e-05
MAR01581	2.911450790225425e-05
MAR01584	0.0002103132691610332
MAR01585	0.0002103132691610332
MAR01589	2.911450790225425e-05
MAR01590	2.911450790225425e-05
MAR01592	6.570980090049546e-05
MAR01593	6.570980090049546e-05
MAR01595	2.983703957413985e-05
MAR01598	2.911450790225425e-05
MAR01599	0.0025546545489564454
MAR01604	3.9141704171673964e-05
MAR01605	3.9141704171673964e-05
MAR01608	3.9141704171673964e-05
MAR01609	3.9141704171673964e-05
MAR01610	3.9141704171673964e-05
MAR01611	3.9141704171673964e-05
MAR01613	3.9141704171673964e-05
MAR01614	3.9141704171673964e-05
MAR01617	6.570980090049546e-05
MAR01619	0.0012976461318380383
MAR01620	0.0012976461318380383
MAR01622	0.0009262148045722
MAR01623	6.570980090049546e-05
MAR01624	0.0012976461318380383
MAR01625	0.0012976461318380383
MAR01627	0.0012976461318380383
MAR01629	2.911450790225425e-05
MAR01631	2.911450790225425e-05
MAR01632	8.494242923005688e-05
MAR01638	0.0005374444640485594
MAR01642	0.000677045920163082
MAR01646	0.000677045920163082
MAR01652	0.0008271927457228178
MAR01659	0.007778112976179334
MAR01660	0.0005827203358718112
MAR01663	0.0005827203358718112
MAR01665	0.0012976461318380383
MAR01667	4.1512536455967164e-05
MAR01668	4.1512536455967164e-05
MAR01670	4.1512536455967164e-05
MAR01673	2.983703957413985e-05
MAR01676	0.0025546545489564454
MAR01678	2.911450790225425e-05
MAR01679	6.570980090049546e-05
MAR01681	3.9141704171673964e-05
MAR01682	3.9141704171673964e-05
MAR01684	0.002855946330829352
MAR01685	3.9141704171673964e-05
MAR01687	3.9141704171673964e-05
MAR01689	3.9141704171673964e-05
MAR01691	3.9141704171673964e-05
MAR01692	0.0032226088056821144
MAR01693	3.9141704171673964e-05
MAR01694	0.0024385670309423563
MAR01695	6.570980090049546e-05
MAR01696	0.0009262148045722
MAR01697	0.0012976461318380383
MAR01699	0.0012976461318380383
MAR01700	0.0012976461318380383
MAR01701	6.570980090049546e-05
MAR01702	6.570980090049546e-05
MAR01703	8.494242923005688e-05
MAR01704	3.502905958448403e-05
MAR01706	0.0004948924418959001
MAR01708	0.000677045920163082
MAR01710	0.0008271927457228178
MAR01716	0.002918554394196026
MAR01717	6.570980090049546e-05
MAR01718	0.002918554394196026
MAR01720	4.1512536455967164e-05
MAR01722	4.1512536455967164e-05
MAR01723	4.1512536455967164e-05
MAR01725	6.570980090049546e-05
MAR01726	0.0012976461318380383
MAR01727	0.0012976461318380383
MAR01729	2.911450790225425e-05
MAR01730	3.9122201290453987e-05
MAR01735	2.911450790225425e-05
MAR01737	4.231785339409142e-05
MAR01738	0.0002103132691610332
MAR01739	2.911450790225425e-05
MAR01740	2.983703957413985e-05
MAR01741	2.983703957413985e-05
MAR01742	2.911450790225425e-05
MAR01743	2.911450790225425e-05
MAR01744	6.570980090049546e-05
MAR01745	6.570980090049546e-05
MAR01746	3.9141704171673964e-05
MAR01747	3.9141704171673964e-05
MAR01748	3.9141704171673964e-05
MAR01749	3.9141704171673964e-05
MAR01750	3.9141704171673964e-05
MAR01751	3.9141704171673964e-05
MAR01752	6.570980090049546e-05
MAR01753	6.570980090049546e-05
MAR01754	0.0012976461318380383
MAR01756	0.0012976461318380383
MAR01758	6.570980090049546e-05
MAR01759	6.570980090049546e-05
MAR01760	8.494242923005688e-05
MAR01761	8.494242923005688e-05
MAR01762	3.9141704171673964e-05
MAR01764	6.570980090049546e-05
MAR01765	4.543527479366137e-05
MAR01766	0.0002103132691610332
MAR01767	2.911450790225425e-05
MAR01768	2.983703957413985e-05
MAR01769	2.983703957413985e-05
MAR01770	2.911450790225425e-05
MAR01771	2.911450790225425e-05
MAR01772	6.570980090049546e-05
MAR01774	6.570980090049546e-05
MAR01776	4.1866846980819785e-05
MAR01777	4.543527479366137e-05
MAR01778	0.0002103132691610332
MAR01781	4.1866846980819785e-05
MAR01783	3.001434240478342e-05
MAR01784	4.1866846980819785e-05
MAR01785	4.1866846980819785e-05
MAR01786	4.1866846980819785e-05
MAR01787	6.570980090049546e-05
MAR01790	3.9141704171673964e-05
MAR01792	3.9141704171673964e-05
MAR01794	3.9141704171673964e-05
MAR01796	3.9141704171673964e-05
MAR01797	6.346528985521397e-05
MAR01798	6.346528985521397e-05
MAR01800	3.9141704171673964e-05
MAR01802	6.346528985521397e-05
MAR01803	3.9141704171673964e-05
MAR01804	6.346528985521397e-05
MAR01805	6.346528985521397e-05
MAR01806	3.9141704171673964e-05
MAR01807	3.9141704171673964e-05
MAR01810	3.109234522527061e-05
MAR01811	3.9141704171673964e-05
MAR01813	0.0034647488251518224
MAR01815	3.109234522527061e-05
MAR01817	3.109234522527061e-05
MAR01819	3.109234522527061e-05
MAR01830	2.911450790225425e-05
MAR01831	2.911450790225425e-05
MAR01832	0.0012976461318380383
MAR01833	0.0012976461318380383
MAR01834	6.570980090049546e-05
MAR01835	4.1512536455967164e-05
MAR01836	6.570980090049546e-05
MAR01837	4.1512536455967164e-05
MAR01838	3.109234522527061e-05
MAR01839	2.911450790225425e-05
MAR01840	2.911450790225425e-05
MAR01841	4.1512536455967164e-05
MAR01842	4.1512536455967164e-05
MAR01843	2.911450790225425e-05
MAR01844	4.1512536455967164e-05
MAR01845	4.1512536455967164e-05
MAR01846	2.911450790225425e-05
MAR03799	0.002918554394196026
MAR03908	2.911450790225425e-05
MAR03910	0.0002462249748893517
MAR03911	6.570980090049546e-05
MAR04679	0.001694461309501541
MAR08063	6.570980090049546e-05
MAR08064	6.570980090049546e-05
MAR08065	0.0002462249748893517
MAR08759	6.570980090049546e-05
MAR01847	3.9122201290453987e-05
MAR01848	0.0012976461318380383
MAR01850	6.570980090049546e-05
MAR01852	5.250443370952762e-05
MAR01853	0.0016070058716249444
MAR01854	6.570980090049546e-05
MAR01855	5.250443370952762e-05
MAR01857	6.570980090049546e-05
MAR01859	6.570980090049546e-05
MAR01861	6.570980090049546e-05
MAR01862	5.250443370952762e-05
MAR01863	5.250443370952762e-05
MAR01864	5.250443370952762e-05
MAR01865	5.250443370952762e-05
MAR01866	5.250443370952762e-05
MAR01867	5.250443370952762e-05
MAR01868	0.0005352144852638994
MAR01870	0.0005352144852638994
MAR01872	0.0016070058716249444
MAR01874	0.0005352144852638994
MAR01875	7.735074205726712e-05
MAR01876	7.735074205726712e-05
MAR01877	7.735074205726712e-05
MAR01878	0.000883251584318953
MAR01879	7.735074205726712e-05
MAR01880	7.735074205726712e-05
MAR01881	7.735074205726712e-05
MAR01882	7.735074205726712e-05
MAR01883	7.735074205726712e-05
MAR01884	7.735074205726712e-05
MAR01885	7.735074205726712e-05
MAR01886	7.735074205726712e-05
MAR01887	7.735074205726712e-05
MAR01888	7.735074205726712e-05
MAR01889	7.735074205726712e-05
MAR01890	7.735074205726712e-05
MAR01891	7.735074205726712e-05
MAR01892	7.735074205726712e-05
MAR01893	7.735074205726712e-05
MAR01894	7.735074205726712e-05
MAR01895	0.0016070058716249444
MAR01896	0.0016070058716249444
MAR01897	0.0016070058716249444
MAR01403	6.570980090049546e-05
MAR01404	6.570980090049546e-05
MAR01405	6.570980090049546e-05
MAR01406	6.570980090049546e-05
MAR01407	6.570980090049546e-05
MAR01408	6.570980090049546e-05
MAR01409	6.570980090049546e-05
MAR01410	6.570980090049546e-05
MAR01411	6.570980090049546e-05
MAR01412	6.570980090049546e-05
MAR01413	6.570980090049546e-05
MAR01414	6.570980090049546e-05
MAR01415	6.570980090049546e-05
MAR01416	6.570980090049546e-05
MAR01417	6.570980090049546e-05
MAR01418	6.570980090049546e-05
MAR01419	6.570980090049546e-05
MAR01420	6.570980090049546e-05
MAR01421	6.570980090049546e-05
MAR01422	6.570980090049546e-05
MAR01423	6.570980090049546e-05
MAR01424	6.570980090049546e-05
MAR01425	6.570980090049546e-05
MAR01426	6.570980090049546e-05
MAR01427	6.570980090049546e-05
MAR01428	6.570980090049546e-05
MAR01429	6.570980090049546e-05
MAR01430	6.570980090049546e-05
MAR01431	6.570980090049546e-05
MAR01432	6.570980090049546e-05
MAR01433	6.570980090049546e-05
MAR08262	0.000348022274120266
MAR08263	0.0002583781109739689
MAR08264	4.41254352341596e-05
MAR08267	0.0002583781109739689
MAR08268	4.41254352341596e-05
MAR08271	4.41254352341596e-05
MAR08275	0.00055566241248577
MAR08276	3.108425544270559e-05
MAR08277	0.0004540041786253893
MAR08278	0.0015425613989268547
MAR08279	0.0004540041786253893
MAR08280	0.000348022274120266
MAR08281	0.0002583781109739689
MAR08284	0.0002583781109739689
MAR08285	0.0004540041786253893
MAR08286	0.000348022274120266
MAR08287	3.4095406610030095e-05
MAR08288	0.0002583781109739689
MAR08291	0.000348022274120266
MAR08292	0.0002583781109739689
MAR08293	0.0004540041786253893
MAR08294	0.000348022274120266
MAR08295	0.0002583781109739689
MAR08298	0.0002583781109739689
MAR08302	0.0002583781109739689
MAR08305	0.0015425613989268547
MAR08306	0.0004540041786253893
MAR08307	3.4095406610030095e-05
MAR08308	3.4095406610030095e-05
MAR08309	3.4095406610030095e-05
MAR08316	3.6015199650807395e-05
MAR08317	0.0004540041786253893
MAR08318	0.0007287807081043971
MAR08319	4.41254352341596e-05
MAR08322	3.4095406610030095e-05
MAR08325	0.00017665748072184098
MAR08326	3.4095406610030095e-05
MAR08327	2.911450790225425e-05
MAR08330	3.4095406610030095e-05
MAR08331	3.4095406610030095e-05
MAR08332	3.4095406610030095e-05
MAR08333	3.4095406610030095e-05
MAR08334	3.4095406610030095e-05
MAR08337	0.00017665748072184098
MAR00712	0.0025625771420102576
MAR03992	0.0031872336649681906
MAR04228	2.911450790225425e-05
MAR04251	2.911450790225425e-05
MAR04252	0.0027632997336917253
MAR04253	0.00046314187755429326
MAR04254	0.0023093078073978045
MAR04255	0.000542157303662681
MAR04257	0.0003303068752813667
MAR04259	6.570980090049546e-05
MAR04260	0.00042483592642914117
MAR04261	0.00042483592642914117
MAR04262	0.0028762422512222424
MAR04263	0.000542157303662681
MAR04264	0.0027632997336917253
MAR04265	0.00046314187755429326
MAR04267	0.0003303068752813667
MAR04268	0.0004889017857156044
MAR04269	0.001167612676746759
MAR04270	0.00018224565627600025
MAR04271	0.00034858173957309107
MAR04276	0.0003303068752813667
MAR04278	0.00042483592642914117
MAR04662	0.005124151977772616
MAR07142	3.402157825518311e-05
MAR07143	3.402157825518311e-05
MAR07623	0.0016719320714508417
MAR07625	0.0016719320714508417
MAR07627	3.402157825518311e-05
MAR07676	5.594547666775293e-05
MAR07677	8.314251590082844e-05
MAR07678	8.314251590082844e-05
MAR08788	3.402157825518311e-05
MAR08790	0.0003303068752813667
MAR08791	0.005124151977772616
MAR03871	0.005178088081345001
MAR04058	0.005178088081345001
MAR04498	6.570980090049546e-05
MAR04499	6.570980090049546e-05
MAR04500	0.0015999799505138467
MAR04714	0.001377810801426984
MAR04715	0.001377810801426984
MAR04716	6.570980090049546e-05
MAR04717	3.062517883309421e-05
MAR04718	0.001377810801426984
MAR04723	0.0013637437177638878
MAR04725	0.00025202958091887634
MAR04727	0.005178088081345001
MAR04730	0.001377810801426984
MAR04731	0.001377810801426984
MAR04732	2.911450790225425e-05
MAR04733	0.00025202958091887634
MAR04734	0.005178088081345001
MAR07731	0.0008920324197611348
MAR08792	0.0005040406887719086
MAR00663	0.0036518208217527232
MAR04308	0.0008838102915050569
MAR06539	2.911450790225425e-05
MAR06540	0.0016716301954894676
MAR06542	0.00034236887106372946
MAR06543	0.000876931797627707
MAR06544	0.000592433193072992
MAR06545	0.0031315829914430656
MAR06546	0.0018755710546867902
MAR06547	0.0031315829914430656
MAR06548	0.0016905548379902737
MAR06549	0.00031300662633448027
MAR06550	0.0008866807204191111
MAR06551	0.003448451499800963
MAR06552	0.0008064020137082684
MAR06553	0.0011745714948904688
MAR06554	0.004114325655007312
MAR06555	0.0004689289984195648
MAR06556	0.0008866807204191111
MAR06557	0.0031315829914430656
MAR06558	0.0008866807204191111
MAR06559	0.0036518208217527232
MAR06560	0.0010576495954722355
MAR06561	0.0010041996771509875
MAR06562	0.0016716301954894676
MAR06563	0.000920701273390993
MAR06564	0.0007830216992534603
MAR06565	0.0010576495954722355
MAR06566	0.0009691451604824959
MAR06567	0.0009691451604824959
MAR06568	0.0002977117590243992
MAR06569	0.0010041996771509875
MAR06570	0.00031300662633448027
MAR06571	0.0016716301954894676
MAR06572	0.0008838102915050569
MAR06573	0.0002977117590243992
MAR06574	0.0002977117590243992
MAR06575	0.0009691451604824959
MAR06576	0.0004995328361292143
MAR06579	0.003448451499800963
MAR06580	0.003448451499800963
MAR06581	0.003448451499800963
MAR06583	0.0008866807204191111
MAR06584	0.0008866807204191111
MAR06585	0.0008866807204191111
MAR06587	0.00034236887106372946
MAR06588	0.00034236887106372946
MAR06589	0.00034236887106372946
MAR06591	0.0031315829914430656
MAR06592	0.003448451499800963
MAR06595	0.003448451499800963
MAR07652	0.0009284271704904181
MAR07654	0.0009284271704904181
MAR07655	0.001083175276666214
MAR07656	0.00038582159757116237
MAR08799	0.0002977117590243992
MAR08800	0.0002977117590243992
MAR08801	6.570980090049546e-05
MAR08802	0.0008325773123177456
MAR08803	0.0002977117590243992
MAR08804	0.0002977117590243992
MAR08805	0.0002977117590243992
MAR08806	6.570980090049546e-05
MAR08807	0.0008866807204191111
MAR08808	0.0015713739525131385
MAR08809	0.0008325773123177456
MAR08810	0.00031300662633448027
MAR08811	0.003448451499800963
MAR08812	0.0008325773123177456
MAR08813	0.003448451499800963
MAR08814	0.003448451499800963
MAR08815	0.003448451499800963
MAR08816	0.0004689289984195648
MAR08817	0.0008064020137082684
MAR08818	0.0036518208217527232
MAR08819	0.0016905548379902737
MAR08820	6.570980090049546e-05
MAR08821	0.003448451499800963
MAR08822	0.0036518208217527232
MAR08823	2.911450790225425e-05
MAR08824	0.00034236887106372946
MAR08825	0.0016905548379902737
MAR08826	0.004114325655007312
MAR08827	0.0016905548379902737
MAR08829	0.00034236887106372946
MAR08830	0.0018755710546867902
MAR08831	0.003448451499800963
MAR08833	2.911450790225425e-05
MAR08835	0.0009284271704904181
MAR08836	0.0009284271704904181
MAR03925	0.001058319247730833
MAR03929	3.0315835744583358e-05
MAR03972	6.570980090049546e-05
MAR04332	0.0011784285612490473
MAR04333	0.0011784285612490473
MAR04335	0.0011784285612490473
MAR04336	3.1879964199467566e-05
MAR04338	0.002251090536632573
MAR04340	0.0031167213755770866
MAR04440	0.0031167213755770866
MAR04442	0.002251090536632573
MAR04444	0.0031167213755770866
MAR04446	0.0002055939450140629
MAR04448	0.0002055939450140629
MAR04503	0.002251090536632573
MAR04505	0.0031167213755770866
MAR04654	0.0011784285612490473
MAR04655	0.0011784285612490473
MAR04656	0.0011784285612490473
MAR04665	0.0042601329788427575
MAR09726	3.0315835744583358e-05
MAR04666	0.00037796024724882915
MAR07145	4.354334825075192e-05
MAR07146	0.0006751842643738265
MAR07147	4.422094572691806e-05
MAR07908	0.003437214650312339
MAR07909	0.003437214650312339
MAR07910	0.003437214650312339
MAR07911	0.003437214650312339
MAR07912	0.003437214650312339
MAR07913	0.003437214650312339
MAR07916	0.001906312722379805
MAR07919	0.001906312722379805
MAR07920	0.001906312722379805
MAR07921	0.001906312722379805
MAR07922	0.001906312722379805
MAR07925	0.001906312722379805
MAR08105	0.003437214650312339
MAR08106	0.003437214650312339
MAR08107	0.003437214650312339
MAR08108	0.003437214650312339
MAR08109	0.003437214650312339
MAR08110	0.003437214650312339
MAR08112	0.003437214650312339
MAR08113	0.003437214650312339
MAR08114	0.003437214650312339
MAR08115	0.003437214650312339
MAR08116	0.003437214650312339
MAR08117	0.003437214650312339
MAR08129	0.001906312722379805
MAR08130	0.001906312722379805
MAR08132	0.001906312722379805
MAR08133	0.001906312722379805
MAR08135	0.001906312722379805
MAR08136	0.001906312722379805
MAR08137	0.001906312722379805
MAR08138	0.001906312722379805
MAR08139	0.001906312722379805
MAR08140	0.001906312722379805
MAR08141	0.001906312722379805
MAR08142	0.001906312722379805
MAR08143	0.00037796024724882915
MAR08144	0.002251090536632573
MAR08758	3.1879964199467566e-05
MAR07661	6.931544370756904e-05
MAR07662	6.931544370756904e-05
MAR07663	6.931544370756904e-05
MAR07668	0.0001320515753575467
MAR07669	6.570980090049546e-05
MAR07670	0.0001320515753575467
MAR07671	6.570980090049546e-05
MAR07672	0.0003051418619652002
MAR07673	0.0003051418619652002
MAR04160	0.001077519453535683
MAR04162	0.001077519453535683
MAR04163	0.0013622868920897381
MAR04165	0.00521297330266596
MAR04166	0.00521297330266596
MAR04167	0.00521297330266596
MAR04169	0.001077519453535683
MAR04170	0.001077519453535683
MAR04523	0.001058319247730833
MAR04539	0.0018039022684576494
MAR04540	0.0018039022684576494
MAR04541	0.0018039022684576494
MAR04542	0.0018039022684576494
MAR04543	0.0018039022684576494
MAR04544	0.0018039022684576494
MAR04816	0.0023763797569202106
MAR04817	0.001077519453535683
MAR04818	0.001077519453535683
MAR04833	0.001077519453535683
MAR04834	0.001077519453535683
MAR04835	0.001077519453535683
MAR04836	0.001077519453535683
MAR08538	0.0018039022684576494
MAR08738	0.0013622868920897381
MAR08739	0.00521297330266596
MAR08740	6.570980090049546e-05
MAR06393	6.570980090049546e-05
MAR06394	6.570980090049546e-05
MAR06396	0.0007718518582333513
MAR06405	0.0032355936392237925
MAR08345	6.570980090049546e-05
MAR08346	2.9909524052783517e-05
MAR08348	6.570980090049546e-05
MAR08349	0.0032226088056821144
MAR08619	6.570980090049546e-05
MAR08620	6.570980090049546e-05
MAR08621	6.570980090049546e-05
MAR08622	6.570980090049546e-05
MAR08623	6.570980090049546e-05
MAR08624	6.570980090049546e-05
MAR08625	6.570980090049546e-05
MAR03991	0.05703882943646931
MAR04657	0.0028348669871674824
MAR04744	0.001093564209251361
MAR04746	0.0012582046497538293
MAR04748	0.0004084316370459762
MAR04750	0.0024486775915214475
MAR04752	0.0019986142370892503
MAR04755	0.000222769991401601
MAR04757	0.000222769991401601
MAR04762	0.0039748484659934144
MAR04763	0.002733267808499714
MAR04764	0.0021497113545508395
MAR04768	6.570980090049546e-05
MAR04769	6.570980090049546e-05
MAR04770	6.570980090049546e-05
MAR04771	6.570980090049546e-05
MAR04772	0.0024486775915214475
MAR04773	6.570980090049546e-05
MAR06395	0.0002584571334092225
MAR08634	0.0021497113545508395
MAR09717	6.570980090049546e-05
MAR06630	0.0017904413851819957
MAR06631	0.002855946330829352
MAR06632	0.0017904413851819957
MAR06633	0.002855946330829352
MAR06634	9.191856021654467e-05
MAR06635	0.0009231335384491117
MAR06636	0.002002448706278779
MAR06637	5.21534978353287e-05
MAR06638	0.0006187856273400169
MAR06639	0.0009231335384491117
MAR06640	0.0002868668551603702
MAR06641	0.0008294335552796753
MAR06642	0.0008294335552796753
MAR06643	3.1716041297567206e-05
MAR06644	0.0006187856273400169
MAR06645	3.1716041297567206e-05
MAR06646	0.003082870860214714
MAR06647	0.000382251339472203
MAR06648	2.9933712593309158e-05
MAR06649	2.9933712593309158e-05
MAR06650	3.1716041297567206e-05
MAR06651	3.1716041297567206e-05
MAR06652	0.000382251339472203
MAR06653	2.9933712593309158e-05
MAR06654	2.9933712593309158e-05
MAR06655	2.9933712593309158e-05
MAR06656	2.9933712593309158e-05
MAR06657	0.001460399322727042
MAR06658	0.001460399322727042
MAR06659	6.570980090049546e-05
MAR06660	6.570980090049546e-05
MAR06661	2.911450790225425e-05
MAR06662	6.570980090049546e-05
MAR06663	6.570980090049546e-05
MAR06664	0.0008294335552796753
MAR06665	0.0008294335552796753
MAR06666	0.00010011830895316997
MAR06667	0.00010011830895316997
MAR06668	0.00010011830895316997
MAR06669	0.00010011830895316997
MAR06670	0.0034647488251518224
MAR06671	0.0009231335384491117
MAR06672	6.570980090049546e-05
MAR06673	6.570980090049546e-05
MAR06674	0.000382251339472203
MAR06675	0.000382251339472203
MAR06676	0.000382251339472203
MAR06677	9.191856021654467e-05
MAR06678	9.191856021654467e-05
MAR06679	0.00010011830895316997
MAR06680	0.00010011830895316997
MAR06681	0.0008294335552796753
MAR06682	0.0008294335552796753
MAR06683	0.0008294335552796753
MAR06684	0.0008294335552796753
MAR06685	0.00010011830895316997
MAR06686	0.00010011830895316997
MAR06687	0.0008294335552796753
MAR06690	6.570980090049546e-05
MAR06691	6.570980090049546e-05
MAR06692	6.570980090049546e-05
MAR06693	6.570980090049546e-05
MAR06694	6.570980090049546e-05
MAR06695	6.570980090049546e-05
MAR06697	6.570980090049546e-05
MAR06699	6.570980090049546e-05
MAR06700	9.191856021654467e-05
MAR06701	9.191856021654467e-05
MAR06702	0.0008294335552796753
MAR06703	0.0008294335552796753
MAR06704	0.00010011830895316997
MAR06705	0.00010011830895316997
MAR08697	3.3187132347070626e-05
MAR08698	6.570980090049546e-05
MAR08699	6.570980090049546e-05
MAR08700	3.199751128485427e-05
MAR08702	6.570980090049546e-05
MAR08703	6.570980090049546e-05
MAR08704	6.570980090049546e-05
MAR08706	6.570980090049546e-05
MAR08709	0.0006187856273400169
MAR08710	3.9854176955173443e-05
MAR08711	6.570980090049546e-05
MAR08712	6.570980090049546e-05
MAR08713	8.15982806713071e-05
MAR08717	8.15982806713071e-05
MAR06506	0.0027245120655489882
MAR06507	0.00018224565627600025
MAR06508	0.0020550727663003663
MAR06509	2.911450790225425e-05
MAR06510	6.570980090049546e-05
MAR06511	0.00174958858797668
MAR04537	3.206720392429413e-05
MAR04545	2.911450790225425e-05
MAR04546	3.317965264744251e-05
MAR04547	2.911450790225425e-05
MAR04548	0.00046476622219861007
MAR04549	0.0022651989397695733
MAR04550	2.9724381658266157e-05
MAR04551	6.570980090049546e-05
MAR04552	6.570980090049546e-05
MAR04553	6.570980090049546e-05
MAR04554	6.570980090049546e-05
MAR04555	2.911450790225425e-05
MAR04556	2.911450790225425e-05
MAR04557	2.9724381658266157e-05
MAR04558	0.0010553869676438745
MAR04559	0.0032226088056821144
MAR04560	8.314251590082844e-05
MAR04561	0.002855946330829352
MAR04563	0.002605655842834244
MAR04564	2.911450790225425e-05
MAR04204	2.9610491563633835e-05
MAR04206	2.9610491563633835e-05
MAR04207	0.00020306571457776742
MAR04208	0.0002058336834705728
MAR08744	0.0002058336834705728
MAR08746	0.0027477774755665374
MAR08748	6.570980090049546e-05
MAR08613	6.570980090049546e-05
MAR08615	0.0003319721985246543
MAR08616	0.0003319721985246543
MAR04064	0.0002826421846768157
MAR04065	0.0010552827810875415
MAR04066	0.0010552827810875415
MAR04067	0.0006645410199867402
MAR04068	0.0010552827810875415
MAR04069	0.0006645410199867402
MAR04070	0.0006645410199867402
MAR04071	0.0006645410199867402
MAR08102	8.314251590082844e-05
MAR08724	0.0002826421846768157
MAR08725	0.0002826421846768157
MAR02114	6.570980090049546e-05
MAR02115	3.481878761525767e-05
MAR02117	6.346528985521397e-05
MAR02118	0.000766595720681343
MAR02129	0.0001682052699063911
MAR02130	0.0001682052699063911
MAR02131	0.0001682052699063911
MAR02132	0.0001682052699063911
MAR02133	0.0001682052699063911
MAR02134	0.0001682052699063911
MAR02135	0.0001682052699063911
MAR02136	0.0001682052699063911
MAR02137	0.0005505100480155524
MAR02138	0.0005505100480155524
MAR02139	0.0005505100480155524
MAR02140	0.0005505100480155524
MAR02142	0.0001682052699063911
MAR02143	0.0001682052699063911
MAR02144	0.0001682052699063911
MAR02145	0.0001682052699063911
MAR07996	3.9141704171673964e-05
MAR07999	0.0005505100480155524
MAR08003	6.570980090049546e-05
MAR08004	0.000766595720681343
MAR08005	6.570980090049546e-05
MAR08006	6.570980090049546e-05
MAR08008	0.000766595720681343
MAR08011	6.570980090049546e-05
MAR08012	6.570980090049546e-05
MAR08013	6.570980090049546e-05
MAR08014	6.570980090049546e-05
MAR06423	6.570980090049546e-05
MAR06426	0.00014312000670038097
MAR06427	0.00014312000670038097
MAR06428	0.00014312000670038097
MAR06429	0.00014312000670038097
MAR06432	0.00916989309838836
MAR06433	0.00916989309838836
MAR06434	6.570980090049546e-05
MAR06435	0.00916989309838836
MAR06436	0.00916989309838836
MAR06441	0.00014312000670038097
MAR06442	0.00014312000670038097
MAR06443	0.00014312000670038097
MAR06444	0.00014312000670038097
MAR06447	6.570980090049546e-05
MAR06448	0.00916989309838836
MAR06450	0.00916989309838836
MAR06451	0.00916989309838836
MAR06453	0.00916989309838836
MAR06456	6.570980090049546e-05
MAR06457	6.570980090049546e-05
MAR06458	6.570980090049546e-05
MAR06459	6.570980090049546e-05
MAR06460	6.570980090049546e-05
MAR06461	6.570980090049546e-05
MAR06464	0.00014312000670038097
MAR06465	0.00014312000670038097
MAR06466	0.00014312000670038097
MAR06467	0.00014312000670038097
MAR06470	6.570980090049546e-05
MAR06471	0.00916989309838836
MAR06472	0.00916989309838836
MAR06473	0.00916989309838836
MAR06476	0.00014312000670038097
MAR06500	6.570980090049546e-05
MAR06477	0.00014312000670038097
MAR06478	0.00014312000670038097
MAR06479	0.00014312000670038097
MAR06482	6.570980090049546e-05
MAR06484	0.00916989309838836
MAR06486	0.00916989309838836
MAR06488	6.570980090049546e-05
MAR06490	0.00010011830895316997
MAR06492	0.0008458289991131292
MAR06495	0.00010011830895316997
MAR06496	0.0008458289991131292
MAR06501	6.570980090049546e-05
MAR06992	0.00046476622219861007
MAR06993	0.00046476622219861007
MAR06994	0.00046476622219861007
MAR06995	0.03948138358443121
MAR06996	0.001546628712146984
MAR06997	6.570980090049546e-05
MAR06998	0.03948138358443121
MAR06999	0.00046476622219861007
MAR07000	0.00046476622219861007
MAR07001	0.00046476622219861007
MAR07002	0.00046476622219861007
MAR07003	0.03948138358443121
MAR07004	0.001546628712146984
MAR07005	0.0025546545489564454
MAR07006	6.570980090049546e-05
MAR07007	6.570980090049546e-05
MAR07008	6.570980090049546e-05
MAR07009	6.570980090049546e-05
MAR07010	6.570980090049546e-05
MAR07011	6.570980090049546e-05
MAR07012	6.570980090049546e-05
MAR07013	0.03948138358443121
MAR07014	0.001546628712146984
MAR07015	6.570980090049546e-05
MAR07016	6.570980090049546e-05
MAR07017	0.00046476622219861007
MAR07018	2.9933712593309158e-05
MAR07019	0.00046476622219861007
MAR07020	2.9933712593309158e-05
MAR07021	0.00046476622219861007
MAR07022	0.03948138358443121
MAR07023	0.001546628712146984
MAR07024	6.570980090049546e-05
MAR07025	0.002614207417107381
MAR07026	0.002614207417107381
MAR07027	0.002614207417107381
MAR07028	0.002614207417107381
MAR07029	0.03948138358443121
MAR07030	0.00046476622219861007
MAR07031	6.570980090049546e-05
MAR07032	6.570980090049546e-05
MAR07033	0.00046476622219861007
MAR07034	6.570980090049546e-05
MAR07035	0.003082870860214714
MAR07036	0.00046476622219861007
MAR07037	6.570980090049546e-05
MAR07038	0.002855946330829352
MAR07039	0.00010011830895316997
MAR07040	0.00046476622219861007
MAR07041	0.03948138358443121
MAR07042	0.001546628712146984
MAR07043	6.570980090049546e-05
MAR07044	6.346528985521397e-05
MAR07045	6.570980090049546e-05
MAR07046	6.570980090049546e-05
MAR07047	6.570980090049546e-05
MAR07048	0.00046476622219861007
MAR07049	6.570980090049546e-05
MAR07050	0.03948138358443121
MAR07051	0.001546628712146984
MAR07052	0.00046476622219861007
MAR07053	0.00046476622219861007
MAR07054	0.00046476622219861007
MAR07055	0.001546628712146984
MAR07056	0.00046476622219861007
MAR07057	2.911450790225425e-05
MAR07058	0.001546628712146984
MAR07059	0.0025546545489564454
MAR07060	0.00046476622219861007
MAR07061	6.346528985521397e-05
MAR07062	6.570980090049546e-05
MAR07063	2.911450790225425e-05
MAR07064	2.911450790225425e-05
MAR07065	0.00010011830895316997
MAR07066	0.00010011830895316997
MAR07067	6.570980090049546e-05
MAR07068	6.570980090049546e-05
MAR07069	6.570980090049546e-05
MAR07070	6.570980090049546e-05
MAR07071	6.570980090049546e-05
MAR07072	6.570980090049546e-05
MAR07073	6.570980090049546e-05
MAR07074	6.570980090049546e-05
MAR07075	6.570980090049546e-05
MAR07076	6.570980090049546e-05
MAR07077	6.570980090049546e-05
MAR07078	0.00046476622219861007
MAR07079	0.03948138358443121
MAR07080	0.03948138358443121
MAR07081	0.001546628712146984
MAR07082	0.00046476622219861007
MAR07083	0.03948138358443121
MAR07084	0.03948138358443121
MAR07085	6.570980090049546e-05
MAR07086	6.570980090049546e-05
MAR07087	6.570980090049546e-05
MAR07088	0.00046476622219861007
MAR07089	0.03948138358443121
MAR07090	6.570980090049546e-05
MAR07091	0.00046476622219861007
MAR07092	0.03948138358443121
MAR07093	0.03948138358443121
MAR07094	6.570980090049546e-05
MAR07095	6.570980090049546e-05
MAR07096	0.00046476622219861007
MAR07097	0.03948138358443121
MAR07098	6.570980090049546e-05
MAR07099	6.346528985521397e-05
MAR07100	0.03948138358443121
MAR07103	0.03948138358443121
MAR07104	6.570980090049546e-05
MAR07106	6.570980090049546e-05
MAR07688	4.308094175900174e-05
MAR08032	2.911450790225425e-05
MAR08034	6.346528985521397e-05
MAR08036	2.911450790225425e-05
MAR08037	2.911450790225425e-05
MAR08038	2.911450790225425e-05
MAR08040	3.000794826702761e-05
MAR08043	2.911450790225425e-05
MAR08046	2.911450790225425e-05
MAR08049	2.911450790225425e-05
MAR08052	2.911450790225425e-05
MAR08055	3.109234522527061e-05
MAR08059	0.00015537861360079579
MAR08596	2.911450790225425e-05
MAR08598	2.911450790225425e-05
MAR08601	2.911450790225425e-05
MAR06535	0.009334134758457062
MAR06536	0.009334134758457062
MAR09569	0.003082870860214714
MAR03955	0.005946830954049577
MAR03984	0.0021100144998001174
MAR04201	0.009334134758457062
MAR04202	0.002855946330829352
MAR05127	6.570980090049546e-05
MAR05128	6.570980090049546e-05
MAR05363	6.570980090049546e-05
MAR07794	0.00859569289807248
MAR08617	6.570980090049546e-05
MAR08752	0.009334134758457062
MAR07741	0.0015151503531723464
MAR09464	0.0006888108636050166
MAR09465	2.911450790225425e-05
MAR09466	0.0019107827992750057
MAR09467	0.0019107827992750057
MAR09468	0.0006612325385784311
MAR09469	0.0021078883825896796
MAR09470	0.0016959397826180026
MAR09471	0.003063398540221435
MAR09472	0.0026743555009444836
MAR09473	4.4097547359325895e-05
MAR09474	0.002605655842834244
MAR09475	0.00011452803586922024
MAR09476	3.162058501201889e-05
MAR09477	2.911450790225425e-05
MAR09478	3.578963423458941e-05
MAR09479	3.578963423458941e-05
MAR09480	3.578963423458941e-05
MAR09481	2.911450790225425e-05
MAR09482	4.4097547359325895e-05
MAR09483	2.911450790225425e-05
MAR09484	0.0013553899586580115
MAR09485	4.324983113071751e-05
MAR09487	0.0044204538045413974
MAR09488	0.007492287918954227
MAR09489	6.570980090049546e-05
MAR09490	0.003630061100004919
MAR09491	0.009866738653160395
MAR09492	0.02701176454947165
MAR09493	4.762246726402587e-05
MAR09494	6.570980090049546e-05
MAR09495	0.0046809239286956725
MAR09496	0.000778825014128181
MAR09497	2.911450790225425e-05
MAR09498	7.102656890962333e-05
MAR09499	0.0041931424904831475
MAR09500	0.0034860355996237345
MAR09501	0.0010866882218139326
MAR09502	0.0019045042527054722
MAR09503	2.911450790225425e-05
MAR09504	0.0013811374867207461
MAR09505	0.0007645289302964819
MAR09506	0.000696534831144142
MAR09507	0.00015225019455438922
MAR09508	0.00015225019455438922
MAR09509	0.0007711994341677318
MAR09510	0.0008027249433795765
MAR09511	0.000946217379868074
MAR09512	0.0019154211781790078
MAR09513	0.0005019103519424051
MAR09514	4.417323424176216e-05
MAR09515	0.00018820878209536111
MAR09516	0.002683877160436435
MAR09517	0.00020230642586594564
MAR09518	0.0020401454679346695
MAR09519	0.0022377054561525025
MAR09520	0.0011061655236102423
MAR09521	0.000502346431413594
MAR09522	0.004875582420590074
MAR09523	0.0005273616223058506
MAR09524	0.001400527145755028
MAR09525	2.911450790225425e-05
MAR09527	0.00027680164090848483
MAR09528	0.0028797336622666055
MAR09529	0.00010376251087243768
MAR09530	0.0004410595525450124
MAR09531	0.0002862857938982532
MAR09532	0.0007541708670573401
MAR09534	3.539027121321669e-05
MAR09535	0.0012626880665472604
MAR09536	0.002039633234421592
MAR09537	0.001773687676159618
MAR09538	0.004584426223403809
MAR09539	0.00032489489334328
MAR09540	5.398863062984883e-05
MAR09541	0.0005273353437472066
MAR09542	0.00012269291612571076
MAR09543	2.911450790225425e-05
MAR09544	4.7906776433221257e-05
MAR09545	0.00023303686755539023
MAR09546	0.0010576797545657518
MAR09547	0.0007373503255813253
MAR09548	0.00044448816421932536
MAR09549	0.0007161345852374023
MAR09550	0.0010348162804907416
MAR09551	0.002144494356022217
MAR09552	0.001083175276666214
MAR09553	0.0017225687727816616
MAR09801	8.399824517130586e-05
MAR09807	0.00020523004746097125
MAR09554	3.1580797031702206e-05
MAR09555	2.911450790225425e-05
MAR09556	0.0009317441157222343
MAR09557	0.0031406696572868504
MAR09558	0.0014394804902331654
MAR09559	0.001724663660968384
MAR09560	0.0006546245516625164
MAR09561	2.911450790225425e-05
MAR09562	0.00019913660444926775
MAR09563	0.0032226088056821144
MAR09564	0.0004184749568452681
MAR09565	0.00032035356127554736
MAR09566	0.0012676141081552942
MAR09567	0.00032035356127554736
MAR09568	0.0012676141081552942
MAR09570	0.0013553899586580115
MAR09571	0.00014819282169800305
MAR09572	0.00014819282169800305
MAR09573	0.00010011830895316997
MAR09574	0.00010011830895316997
MAR09575	0.0005447059888707445
MAR09580	0.0005734317608546921
MAR09581	0.00015020671487409084
MAR09582	5.5036631270464524e-05
MAR09583	4.766615290317166e-05
MAR09584	5.5036631270464524e-05
MAR09585	0.00016414632716741552
MAR09586	0.002792154225303561
MAR09587	0.001877695804592169
MAR09588	2.911450790225425e-05
MAR09798	6.570980090049546e-05
MAR09806	0.011223218354426091
MAR00010	0.0020303224779110846
MAR00011	6.570980090049546e-05
MAR00012	6.570980090049546e-05
MAR00013	2.911450790225425e-05
MAR00014	2.911450790225425e-05
MAR00477	6.570980090049546e-05
MAR00545	6.570980090049546e-05
MAR00546	6.570980090049546e-05
MAR00547	6.570980090049546e-05
MAR00548	6.570980090049546e-05
MAR00549	6.570980090049546e-05
MAR00550	6.570980090049546e-05
MAR00551	6.570980090049546e-05
MAR00552	6.570980090049546e-05
MAR00553	6.570980090049546e-05
MAR00555	6.570980090049546e-05
MAR00556	6.570980090049546e-05
MAR00557	6.570980090049546e-05
MAR00558	6.570980090049546e-05
MAR00559	6.570980090049546e-05
MAR00560	6.570980090049546e-05
MAR00561	6.570980090049546e-05
MAR00685	6.570980090049546e-05
MAR00686	6.570980090049546e-05
MAR00687	6.570980090049546e-05
MAR00688	6.570980090049546e-05
MAR00689	6.570980090049546e-05
MAR00690	6.570980090049546e-05
MAR00691	6.570980090049546e-05
MAR00692	6.570980090049546e-05
MAR01185	6.570980090049546e-05
MAR01227	6.570980090049546e-05
MAR05233	6.570980090049546e-05
MAR05234	6.570980090049546e-05
MAR05238	6.570980090049546e-05
MAR05239	6.570980090049546e-05
MAR05243	6.570980090049546e-05
MAR05244	6.570980090049546e-05
MAR05247	6.570980090049546e-05
MAR05257	6.570980090049546e-05
MAR09022	6.570980090049546e-05
MAR00004	6.570980090049546e-05
MAR00006	0.007866462667379627
MAR00007	2.911450790225425e-05
MAR00008	2.911450790225425e-05
MAR00009	6.570980090049546e-05
MAR00015	6.570980090049546e-05
MAR00016	6.570980090049546e-05
MAR00017	6.570980090049546e-05
MAR00018	3.11414449074596e-05
MAR00019	0.0004845658349926082
MAR00155	0.004103800975592414
MAR00164	0.004103800975592414
MAR00167	0.004103800975592414
MAR00170	0.004103800975592414
MAR00173	0.004103800975592414
MAR00176	0.004103800975592414
MAR00179	0.004103800975592414
MAR00183	0.004103800975592414
MAR00187	0.004103800975592414
MAR00190	0.005946830954049577
MAR00191	0.004103800975592414
MAR00194	4.033159194231788e-05
MAR00195	0.004103800975592414
MAR00198	4.033159194231788e-05
MAR00199	0.004103800975592414
MAR00202	4.033159194231788e-05
MAR00203	0.004103800975592414
MAR00207	4.033159194231788e-05
MAR00208	0.004103800975592414
MAR00211	4.033159194231788e-05
MAR00212	0.004103800975592414
MAR00215	4.033159194231788e-05
MAR00216	0.004103800975592414
MAR00224	4.033159194231788e-05
MAR00225	0.004103800975592414
MAR00231	4.033159194231788e-05
MAR00232	0.004103800975592414
MAR00235	4.033159194231788e-05
MAR00236	0.004103800975592414
MAR00239	4.033159194231788e-05
MAR00240	0.004103800975592414
MAR00243	4.033159194231788e-05
MAR00244	0.004103800975592414
MAR00247	4.033159194231788e-05
MAR00248	0.004103800975592414
MAR00253	4.033159194231788e-05
MAR00254	0.004103800975592414
MAR00257	4.033159194231788e-05
MAR00258	0.004103800975592414
MAR00261	4.033159194231788e-05
MAR00262	0.004103800975592414
MAR00265	4.033159194231788e-05
MAR00266	0.004103800975592414
MAR00269	4.033159194231788e-05
MAR00270	0.004103800975592414
MAR00273	4.033159194231788e-05
MAR00274	0.004103800975592414
MAR00277	4.033159194231788e-05
MAR00278	0.004103800975592414
MAR00281	4.033159194231788e-05
MAR00282	0.004103800975592414
MAR00287	4.033159194231788e-05
MAR00288	0.004103800975592414
MAR00291	4.033159194231788e-05
MAR00292	0.004103800975592414
MAR00295	4.033159194231788e-05
MAR00296	0.004103800975592414
MAR00299	4.033159194231788e-05
MAR00300	0.004103800975592414
MAR00303	4.033159194231788e-05
MAR00304	0.004103800975592414
MAR00307	4.033159194231788e-05
MAR00308	0.004103800975592414
MAR00311	4.033159194231788e-05
MAR00312	0.004103800975592414
MAR00317	4.033159194231788e-05
MAR00318	0.004103800975592414
MAR00321	4.033159194231788e-05
MAR00322	0.004103800975592414
MAR00325	4.033159194231788e-05
MAR00326	0.004103800975592414
MAR00329	4.033159194231788e-05
MAR00330	0.004103800975592414
MAR00335	4.033159194231788e-05
MAR00336	0.004103800975592414
MAR00339	4.033159194231788e-05
MAR00340	0.004103800975592414
MAR00343	4.033159194231788e-05
MAR00344	0.004103800975592414
MAR00347	4.033159194231788e-05
MAR00348	0.004103800975592414
MAR00351	4.033159194231788e-05
MAR00352	0.004103800975592414
MAR00355	4.033159194231788e-05
MAR00356	0.004103800975592414
MAR00359	4.033159194231788e-05
MAR00360	0.004103800975592414
MAR00363	4.033159194231788e-05
MAR00364	0.004103800975592414
MAR00367	4.033159194231788e-05
MAR00368	0.004103800975592414
MAR00371	4.033159194231788e-05
MAR00372	0.004103800975592414
MAR00375	4.033159194231788e-05
MAR00376	0.004103800975592414
MAR00379	4.033159194231788e-05
MAR00380	0.004103800975592414
MAR00383	4.033159194231788e-05
MAR00384	0.004103800975592414
MAR00387	4.033159194231788e-05
MAR00388	0.004103800975592414
MAR00391	4.033159194231788e-05
MAR00392	0.004103800975592414
MAR00395	4.033159194231788e-05
MAR00396	0.004103800975592414
MAR00399	4.033159194231788e-05
MAR00400	0.004103800975592414
MAR00403	4.033159194231788e-05
MAR00404	0.004103800975592414
MAR00407	4.033159194231788e-05
MAR00408	0.004103800975592414
MAR00411	4.033159194231788e-05
MAR00412	0.004103800975592414
MAR00415	4.033159194231788e-05
MAR00416	0.004103800975592414
MAR00419	4.033159194231788e-05
MAR00420	0.004103800975592414
MAR00423	4.033159194231788e-05
MAR00424	0.004103800975592414
MAR00427	4.033159194231788e-05
MAR00428	0.004103800975592414
MAR00431	4.033159194231788e-05
MAR00432	0.004103800975592414
MAR00435	4.033159194231788e-05
MAR00436	0.004103800975592414
MAR00439	4.033159194231788e-05
MAR00440	6.570980090049546e-05
MAR00444	0.0022118931421914833
MAR00469	6.570980090049546e-05
MAR00470	2.968349864007485e-05
MAR00476	4.033159194231788e-05
MAR00770	0.0019238477091400856
MAR00782	6.570980090049546e-05
MAR01082	0.0016070058716249444
MAR01086	2.911450790225425e-05
MAR01898	7.735074205726712e-05
MAR01899	7.735074205726712e-05
MAR01900	7.735074205726712e-05
MAR01901	7.735074205726712e-05
MAR01902	7.735074205726712e-05
MAR01903	7.735074205726712e-05
MAR01904	7.735074205726712e-05
MAR01905	7.735074205726712e-05
MAR01906	7.735074205726712e-05
MAR01907	7.735074205726712e-05
MAR01908	7.735074205726712e-05
MAR01909	7.735074205726712e-05
MAR01910	6.570980090049546e-05
MAR01911	4.033159194231788e-05
MAR01913	6.570980090049546e-05
MAR01914	0.0004084294308535615
MAR01919	9.176970747866786e-05
MAR02013	6.570980090049546e-05
MAR03858	0.005763777341666581
MAR03916	0.00037257206712591344
MAR03951	6.570980090049546e-05
MAR03959	6.570980090049546e-05
MAR03964	6.570980090049546e-05
MAR04062	6.570980090049546e-05
MAR04063	6.570980090049546e-05
MAR04249	6.570980090049546e-05
MAR04321	0.0008138059675087406
MAR04432	6.570980090049546e-05
MAR04433	7.735074205726712e-05
MAR04434	7.735074205726712e-05
MAR04435	7.735074205726712e-05
MAR04436	7.735074205726712e-05
MAR04691	0.0002870086460753985
MAR04721	0.0020104284836489667
MAR04844	0.004935899558173957
MAR04845	3.081513917787879e-05
MAR04847	0.00033586385311246397
MAR04848	0.00033586385311246397
MAR04849	2.911450790225425e-05
MAR04858	0.003698286112993339
MAR04861	3.279706584358225e-05
MAR04873	2.911450790225425e-05
MAR04875	6.570980090049546e-05
MAR04882	0.00033586385311246397
MAR04885	0.0022118931421914833
MAR04896	6.570980090049546e-05
MAR04910	0.00279089651506088
MAR04912	0.00279089651506088
MAR04919	6.570980090049546e-05
MAR04928	0.005763777341666581
MAR04931	0.026609588106740235
MAR04932	0.0006971200539008692
MAR04933	0.0009703459676669965
MAR04934	6.570980090049546e-05
MAR04935	0.005763777341666581
MAR04938	3.952935067578193e-05
MAR04939	2.911450790225425e-05
MAR04946	0.0004084294308535615
MAR04947	6.570980090049546e-05
MAR04948	6.570980090049546e-05
MAR04949	2.9527669363370375e-05
MAR04952	6.570980090049546e-05
MAR04954	0.002623985926999909
MAR04956	0.0010630790360865376
MAR04958	6.570980090049546e-05
MAR04969	6.570980090049546e-05
MAR04973	0.003698286112993339
MAR04975	2.911450790225425e-05
MAR04976	0.005763777341666581
MAR04980	0.00033586385311246397
MAR04982	6.570980090049546e-05
MAR04983	2.911450790225425e-05
MAR04985	0.00033586385311246397
MAR04989	6.570980090049546e-05
MAR04990	6.570980090049546e-05
MAR04992	0.005594635629231961
MAR04993	6.570980090049546e-05
MAR04994	4.766615290317166e-05
MAR04995	6.570980090049546e-05
MAR04996	0.003698286112993339
MAR04999	0.00015020671487409084
MAR05000	6.570980090049546e-05
MAR05002	6.570980090049546e-05
MAR05003	0.003014107506953747
MAR05005	2.9999702391573952e-05
MAR05007	0.00037257206712591344
MAR05008	0.003014107506953747
MAR05009	6.570980090049546e-05
MAR05010	6.570980090049546e-05
MAR05011	6.570980090049546e-05
MAR05013	4.766615290317166e-05
MAR05018	0.005763777341666581
MAR05020	6.570980090049546e-05
MAR05021	0.00044236269469737695
MAR05023	2.911450790225425e-05
MAR05029	0.003698286112993339
MAR05032	0.003014107506953747
MAR05034	0.003014107506953747
MAR05035	0.003014107506953747
MAR05037	0.003014107506953747
MAR05038	2.911450790225425e-05
MAR05039	2.911450790225425e-05
MAR05040	2.911450790225425e-05
MAR05041	3.081513917787879e-05
MAR05042	0.003014107506953747
MAR05068	0.00619927255873999
MAR05070	0.03197957840897816
MAR05071	0.00619927255873999
MAR05073	0.03197957840897816
MAR05074	0.03197957840897816
MAR05076	0.03197957840897816
MAR05077	0.03197957840897816
MAR05078	0.03197957840897816
MAR05079	0.03197957840897816
MAR05080	0.03197957840897816
MAR05082	0.03197957840897816
MAR05084	0.03197957840897816
MAR05085	0.03197957840897816
MAR05087	0.03197957840897816
MAR05088	0.03197957840897816
MAR05089	0.03197957840897816
MAR05091	0.03197957840897816
MAR05092	0.03197957840897816
MAR05094	0.00619927255873999
MAR05129	3.081513917787879e-05
MAR05198	6.570980090049546e-05
MAR05200	6.570980090049546e-05
MAR05202	6.570980090049546e-05
MAR05206	6.570980090049546e-05
MAR05213	6.570980090049546e-05
MAR05215	6.570980090049546e-05
MAR05216	6.570980090049546e-05
MAR05219	6.570980090049546e-05
MAR05221	6.570980090049546e-05
MAR05231	6.570980090049546e-05
MAR05232	6.570980090049546e-05
MAR05236	6.570980090049546e-05
MAR05237	6.570980090049546e-05
MAR05240	6.570980090049546e-05
MAR05241	0.00264594796587414
MAR05246	0.00264594796587414
MAR05296	6.570980090049546e-05
MAR05303	6.570980090049546e-05
MAR05305	0.010013097028168985
MAR05307	0.0041332377992579685
MAR05308	0.010013097028168985
MAR05311	0.010013097028168985
MAR05313	0.0041332377992579685
MAR05314	0.00017441290837130578
MAR05315	0.026609588106740235
MAR05316	0.00017441290837130578
MAR05317	2.9531167425896842e-05
MAR05318	2.9531167425896842e-05
MAR05319	0.010013097028168985
MAR05320	0.010013097028168985
MAR05322	0.010013097028168985
MAR05324	0.010013097028168985
MAR05326	0.010013097028168985
MAR05328	0.0006971200539008692
MAR05330	0.0006971200539008692
MAR05332	3.054809849332437e-05
MAR05333	0.010013097028168985
MAR05335	2.911450790225425e-05
MAR05429	0.015714109784912018
MAR05430	0.002367652631496497
MAR05432	0.0004095239276260747
MAR05433	5.414833525573915e-05
MAR05435	5.250443370952762e-05
MAR05436	5.250443370952762e-05
MAR05437	5.250443370952762e-05
MAR05438	5.250443370952762e-05
MAR05439	5.250443370952762e-05
MAR05440	6.570980090049546e-05
MAR05441	6.763462089558584e-05
MAR05442	0.0010308300571158844
MAR05443	0.0010308300571158844
MAR05444	0.0010308300571158844
MAR05445	0.0010308300571158844
MAR05446	0.00024741967229078047
MAR05447	0.0006971200539008692
MAR05448	3.17232892082094e-05
MAR05450	3.4723067755077834e-05
MAR05451	0.0007008394568895724
MAR05454	0.0007008394568895724
MAR05455	0.0008214315996245097
MAR05457	2.911450790225425e-05
MAR05458	0.03197957840897816
MAR05459	0.03197957840897816
MAR05460	0.03197957840897816
MAR05461	0.03197957840897816
MAR05462	0.03197957840897816
MAR05463	0.03197957840897816
MAR05464	0.03197957840897816
MAR05465	0.03197957840897816
MAR05466	0.03197957840897816
MAR05467	0.03197957840897816
MAR05468	0.03197957840897816
MAR05469	0.03197957840897816
MAR05470	0.03197957840897816
MAR05471	0.03197957840897816
MAR05472	0.03197957840897816
MAR05473	0.03197957840897816
MAR05474	0.03197957840897816
MAR05475	0.03197957840897816
MAR05476	0.03197957840897816
MAR05477	0.03197957840897816
MAR05478	0.03197957840897816
MAR05479	0.03197957840897816
MAR05480	0.03197957840897816
MAR05481	0.03197957840897816
MAR05482	0.03197957840897816
MAR05483	0.03197957840897816
MAR05484	0.03197957840897816
MAR05485	0.03197957840897816
MAR05486	0.03197957840897816
MAR05487	0.03197957840897816
MAR05488	0.03197957840897816
MAR05489	0.03197957840897816
MAR05490	0.03197957840897816
MAR05491	0.03197957840897816
MAR05492	0.03197957840897816
MAR05493	0.03197957840897816
MAR05494	0.03197957840897816
MAR05495	0.03197957840897816
MAR05496	0.03197957840897816
MAR05497	0.03197957840897816
MAR05498	0.03197957840897816
MAR05499	0.03197957840897816
MAR05500	0.03197957840897816
MAR05501	0.03197957840897816
MAR05502	0.03197957840897816
MAR05503	0.03197957840897816
MAR05504	0.03197957840897816
MAR05505	0.03197957840897816
MAR05506	0.03197957840897816
MAR05507	0.03197957840897816
MAR05508	0.03197957840897816
MAR05509	0.03197957840897816
MAR05510	0.03197957840897816
MAR05511	0.03197957840897816
MAR05512	0.03197957840897816
MAR05513	0.03197957840897816
MAR05514	0.03197957840897816
MAR05515	0.03197957840897816
MAR05516	0.03197957840897816
MAR05517	0.03197957840897816
MAR05518	0.03197957840897816
MAR05519	0.03197957840897816
MAR05520	0.03197957840897816
MAR05521	0.03197957840897816
MAR05522	0.03197957840897816
MAR05523	0.03197957840897816
MAR05524	0.03197957840897816
MAR05525	0.03197957840897816
MAR05526	0.03197957840897816
MAR05527	0.03197957840897816
MAR05528	0.03197957840897816
MAR05529	0.03197957840897816
MAR05530	0.03197957840897816
MAR05531	0.03197957840897816
MAR05532	0.03197957840897816
MAR05533	0.03197957840897816
MAR05534	0.03197957840897816
MAR05535	0.03197957840897816
MAR05536	0.03197957840897816
MAR05537	0.03197957840897816
MAR05538	0.03197957840897816
MAR05539	0.03197957840897816
MAR05540	0.03197957840897816
MAR05541	0.03197957840897816
MAR05542	0.03197957840897816
MAR05543	0.03197957840897816
MAR05544	0.03197957840897816
MAR05545	0.03197957840897816
MAR05546	0.03197957840897816
MAR05547	0.03197957840897816
MAR05548	0.03197957840897816
MAR05549	0.03197957840897816
MAR05550	2.945616673287282e-05
MAR05551	0.03197957840897816
MAR05552	0.03197957840897816
MAR05553	0.03197957840897816
MAR05554	0.03197957840897816
MAR05555	0.03197957840897816
MAR05556	0.03197957840897816
MAR05557	0.03197957840897816
MAR05558	0.03197957840897816
MAR05559	0.03197957840897816
MAR05560	0.03197957840897816
MAR05561	0.03197957840897816
MAR05562	0.03197957840897816
MAR05563	0.03197957840897816
MAR05564	0.03197957840897816
MAR05565	0.03197957840897816
MAR05566	0.03197957840897816
MAR05567	0.03197957840897816
MAR05568	0.03197957840897816
MAR05569	0.03197957840897816
MAR05570	0.03197957840897816
MAR05571	0.03197957840897816
MAR05572	0.03197957840897816
MAR05573	0.03197957840897816
MAR05574	0.03197957840897816
MAR05575	0.03197957840897816
MAR05576	0.03197957840897816
MAR05577	0.03197957840897816
MAR05578	0.03197957840897816
MAR05579	0.03197957840897816
MAR05580	0.03197957840897816
MAR05581	0.03197957840897816
MAR05582	0.03197957840897816
MAR05583	0.03197957840897816
MAR05584	0.03197957840897816
MAR05585	0.03197957840897816
MAR05586	0.03197957840897816
MAR05587	0.03197957840897816
MAR05588	0.03197957840897816
MAR05589	0.03197957840897816
MAR05590	0.03197957840897816
MAR05591	0.03197957840897816
MAR05592	0.03197957840897816
MAR05593	0.03197957840897816
MAR05594	0.03197957840897816
MAR05595	0.03197957840897816
MAR05596	0.03197957840897816
MAR05597	0.03197957840897816
MAR05598	0.03197957840897816
MAR05599	0.03197957840897816
MAR05600	0.03197957840897816
MAR05601	0.03197957840897816
MAR05602	0.03197957840897816
MAR05603	0.007286300458517292
MAR05604	0.007286300458517292
MAR05605	0.03197957840897816
MAR05606	0.03197957840897816
MAR05607	0.03197957840897816
MAR05608	0.03197957840897816
MAR05609	0.007286300458517292
MAR05610	0.03197957840897816
MAR05611	0.03197957840897816
MAR05612	0.007286300458517292
MAR05613	0.03197957840897816
MAR05614	0.007286300458517292
MAR05615	0.03197957840897816
MAR05616	0.03197957840897816
MAR05617	0.03197957840897816
MAR05618	0.007286300458517292
MAR05619	0.007286300458517292
MAR05620	0.03197957840897816
MAR05621	0.03197957840897816
MAR05622	0.03197957840897816
MAR05623	0.03197957840897816
MAR05624	0.007286300458517292
MAR05625	0.03197957840897816
MAR05626	0.03197957840897816
MAR05627	0.007286300458517292
MAR05628	0.03197957840897816
MAR05629	0.007286300458517292
MAR05630	0.03197957840897816
MAR05631	0.03197957840897816
MAR05632	0.03197957840897816
MAR05633	0.007286300458517292
MAR05634	0.007286300458517292
MAR05635	0.03197957840897816
MAR05636	0.03197957840897816
MAR05637	0.03197957840897816
MAR05638	0.03197957840897816
MAR05639	0.007286300458517292
MAR05640	0.03197957840897816
MAR05641	0.03197957840897816
MAR05642	0.007286300458517292
MAR05643	0.03197957840897816
MAR05644	0.007286300458517292
MAR05645	0.03197957840897816
MAR05646	0.03197957840897816
MAR05647	0.03197957840897816
MAR05648	0.03197957840897816
MAR05649	0.03197957840897816
MAR05650	0.03197957840897816
MAR05651	0.03197957840897816
MAR05652	0.03197957840897816
MAR05653	0.03197957840897816
MAR05654	0.03197957840897816
MAR05655	0.03197957840897816
MAR05656	0.03197957840897816
MAR05657	0.03197957840897816
MAR05658	0.03197957840897816
MAR05659	0.03197957840897816
MAR05660	0.03197957840897816
MAR05661	0.03197957840897816
MAR05662	0.03197957840897816
MAR05663	0.03197957840897816
MAR05664	0.03197957840897816
MAR05665	0.03197957840897816
MAR05666	0.03197957840897816
MAR05667	0.03197957840897816
MAR05668	0.03197957840897816
MAR05669	0.03197957840897816
MAR05670	0.03197957840897816
MAR05671	0.03197957840897816
MAR05672	0.03197957840897816
MAR05673	0.03197957840897816
MAR05674	0.03197957840897816
MAR05675	0.03197957840897816
MAR05676	0.03197957840897816
MAR05677	0.0004914706063840037
MAR05678	0.0004914706063840037
MAR05679	0.0004914706063840037
MAR05680	0.0004914706063840037
MAR05681	0.0004914706063840037
MAR05682	0.0004914706063840037
MAR05683	0.0004914706063840037
MAR05684	0.0004914706063840037
MAR05685	0.0004914706063840037
MAR05686	0.0004914706063840037
MAR05687	0.0004914706063840037
MAR05688	0.0004914706063840037
MAR05689	0.0004914706063840037
MAR05690	0.0004914706063840037
MAR05691	0.0004914706063840037
MAR05692	0.0004914706063840037
MAR05693	0.0004914706063840037
MAR05694	0.0004914706063840037
MAR05695	0.0004914706063840037
MAR05696	0.0004914706063840037
MAR05697	0.0004914706063840037
MAR05698	0.0004914706063840037
MAR05699	0.0004914706063840037
MAR05700	0.0004914706063840037
MAR05701	0.0004914706063840037
MAR05702	0.0004914706063840037
MAR05703	0.0004914706063840037
MAR05704	0.0004914706063840037
MAR05705	0.0004914706063840037
MAR05706	0.0004914706063840037
MAR05707	0.0004914706063840037
MAR05708	0.007286300458517292
MAR05709	0.007286300458517292
MAR05710	0.007286300458517292
MAR05711	0.0004914706063840037
MAR05712	0.0004914706063840037
MAR05713	0.0004914706063840037
MAR05714	0.0004914706063840037
MAR05715	0.0004914706063840037
MAR05716	0.0004914706063840037
MAR05717	0.007286300458517292
MAR05718	0.0004914706063840037
MAR05719	0.007286300458517292
MAR05720	0.0004914706063840037
MAR05721	0.0004914706063840037
MAR05722	0.0004914706063840037
MAR05723	0.0004914706063840037
MAR05724	0.0004914706063840037
MAR05725	0.0004914706063840037
MAR05726	0.0004914706063840037
MAR05727	0.0004914706063840037
MAR05728	0.0004914706063840037
MAR05729	0.0004914706063840037
MAR05730	0.0004914706063840037
MAR05731	0.0004914706063840037
MAR05732	0.0004914706063840037
MAR05733	0.0004914706063840037
MAR05734	0.0004914706063840037
MAR05735	0.0004914706063840037
MAR05736	0.0004914706063840037
MAR05737	0.0004914706063840037
MAR05738	0.0004914706063840037
MAR05739	0.0004914706063840037
MAR05740	0.0004914706063840037
MAR05741	0.0004914706063840037
MAR05742	0.0004914706063840037
MAR05743	0.0004914706063840037
MAR05744	0.0004914706063840037
MAR05745	0.0004914706063840037
MAR05746	0.0004914706063840037
MAR05747	0.0004914706063840037
MAR05748	0.0004914706063840037
MAR05749	0.0004914706063840037
MAR05750	0.0004914706063840037
MAR05751	0.0004914706063840037
MAR05752	0.0004914706063840037
MAR05753	0.007286300458517292
MAR05754	0.007286300458517292
MAR05755	0.007286300458517292
MAR05756	0.0004914706063840037
MAR05757	0.0004914706063840037
MAR05758	0.0004914706063840037
MAR05759	0.0004914706063840037
MAR05760	0.007286300458517292
MAR05761	0.0004914706063840037
MAR05762	0.0004914706063840037
MAR05763	0.0004914706063840037
MAR05764	0.007286300458517292
MAR05765	0.0004914706063840037
MAR05766	0.0004914706063840037
MAR05767	0.0004914706063840037
MAR05768	0.0004914706063840037
MAR05769	0.0004914706063840037
MAR05770	0.0004914706063840037
MAR05771	0.0004914706063840037
MAR05772	0.0004914706063840037
MAR05773	0.0004914706063840037
MAR05774	0.0004914706063840037
MAR05775	0.0004914706063840037
MAR05776	0.0004914706063840037
MAR05777	0.0004914706063840037
MAR05778	0.0004914706063840037
MAR05779	0.0004914706063840037
MAR05780	0.0004914706063840037
MAR05781	0.0004914706063840037
MAR05782	0.0004914706063840037
MAR05783	0.007286300458517292
MAR05784	0.007286300458517292
MAR05785	0.007286300458517292
MAR05786	0.0004914706063840037
MAR05787	0.0004914706063840037
MAR05788	0.0004914706063840037
MAR05789	0.0004914706063840037
MAR05790	0.007286300458517292
MAR05791	0.0004914706063840037
MAR05792	0.0004914706063840037
MAR05793	0.007286300458517292
MAR05794	0.0004914706063840037
MAR05795	0.0004914706063840037
MAR05796	0.0004914706063840037
MAR05797	0.0004914706063840037
MAR05798	0.0004914706063840037
MAR05799	0.0004914706063840037
MAR05800	0.0004914706063840037
MAR05801	0.0004914706063840037
MAR05802	0.0004914706063840037
MAR05803	0.0004914706063840037
MAR05804	0.0004914706063840037
MAR05805	0.0004914706063840037
MAR05806	0.0004914706063840037
MAR05807	0.0004914706063840037
MAR05808	0.0004914706063840037
MAR05809	0.0004914706063840037
MAR05810	0.0004914706063840037
MAR05811	0.0004914706063840037
MAR05812	0.0004914706063840037
MAR05813	0.0004914706063840037
MAR05814	0.0004914706063840037
MAR05815	0.0004914706063840037
MAR05816	0.0004914706063840037
MAR05817	0.0004914706063840037
MAR05818	0.0004914706063840037
MAR05819	0.0004914706063840037
MAR05820	0.0004914706063840037
MAR05821	0.0004914706063840037
MAR05822	0.0004914706063840037
MAR05823	0.0004914706063840037
MAR05824	0.0004914706063840037
MAR05825	0.0004914706063840037
MAR05826	0.0004914706063840037
MAR05827	0.0004914706063840037
MAR05828	0.0004914706063840037
MAR05829	0.0004914706063840037
MAR05830	0.0004914706063840037
MAR05831	0.0004914706063840037
MAR05832	0.0004914706063840037
MAR05833	0.0004914706063840037
MAR05834	0.0004914706063840037
MAR05835	0.0004914706063840037
MAR05836	0.0004914706063840037
MAR05837	0.0004914706063840037
MAR05838	0.0004914706063840037
MAR05839	0.0004914706063840037
MAR05840	0.0004914706063840037
MAR05841	0.0004914706063840037
MAR05842	0.0004914706063840037
MAR05843	0.0004914706063840037
MAR05844	0.0004914706063840037
MAR05845	0.0004914706063840037
MAR05846	0.0004914706063840037
MAR05847	0.0004914706063840037
MAR05848	0.0004914706063840037
MAR05849	0.0004914706063840037
MAR05850	0.0004914706063840037
MAR05851	0.0004914706063840037
MAR05852	0.0004914706063840037
MAR05853	0.0004914706063840037
MAR05854	0.0004914706063840037
MAR05855	0.0004914706063840037
MAR05856	0.0004914706063840037
MAR05857	0.0004914706063840037
MAR05858	0.0004914706063840037
MAR05859	0.0004914706063840037
MAR05860	0.0004914706063840037
MAR05861	0.0004914706063840037
MAR05862	0.0004914706063840037
MAR05863	0.0004914706063840037
MAR05864	0.0004914706063840037
MAR05865	0.0004914706063840037
MAR05866	0.0004914706063840037
MAR05867	0.0004914706063840037
MAR05868	0.0004914706063840037
MAR05869	0.0004914706063840037
MAR05870	0.0004914706063840037
MAR05871	0.0004914706063840037
MAR05872	0.0004914706063840037
MAR05873	0.026609588106740235
MAR05874	0.0004914706063840037
MAR05875	0.0004914706063840037
MAR05876	0.0004914706063840037
MAR05877	0.0004914706063840037
MAR05878	0.0004914706063840037
MAR05879	0.0004914706063840037
MAR05880	0.0004914706063840037
MAR05881	0.0004914706063840037
MAR05882	0.0004914706063840037
MAR05883	0.0004914706063840037
MAR05884	0.0004914706063840037
MAR05885	0.0004914706063840037
MAR05886	0.0004914706063840037
MAR05887	0.0004914706063840037
MAR05888	0.0004914706063840037
MAR05889	0.0004914706063840037
MAR05890	0.0004914706063840037
MAR05891	0.0004914706063840037
MAR05892	0.0004914706063840037
MAR05893	0.0004914706063840037
MAR05894	0.0004914706063840037
MAR05895	0.0004914706063840037
MAR05896	0.0004914706063840037
MAR05897	0.0004914706063840037
MAR05898	0.0004914706063840037
MAR05899	0.0004914706063840037
MAR05900	0.0004914706063840037
MAR05901	0.0004914706063840037
MAR05902	0.0004914706063840037
MAR05903	0.0004914706063840037
MAR05904	0.0004914706063840037
MAR05905	0.0004914706063840037
MAR05906	0.0004914706063840037
MAR05907	0.0004914706063840037
MAR05908	0.0004914706063840037
MAR05909	0.0004914706063840037
MAR05910	0.0004914706063840037
MAR05911	0.0004914706063840037
MAR05912	0.0004914706063840037
MAR05913	0.0004914706063840037
MAR05914	0.0004914706063840037
MAR05915	0.0004914706063840037
MAR05916	0.0004914706063840037
MAR05917	0.0004914706063840037
MAR05918	0.0004914706063840037
MAR05919	0.0004914706063840037
MAR05920	0.0004914706063840037
MAR05921	0.0004914706063840037
MAR05922	0.0004914706063840037
MAR05923	0.0004914706063840037
MAR05924	0.0004914706063840037
MAR05925	0.0004914706063840037
MAR05926	0.0004914706063840037
MAR05927	0.0004914706063840037
MAR05928	0.0004914706063840037
MAR05929	0.0004914706063840037
MAR05930	0.0004914706063840037
MAR05931	0.0004914706063840037
MAR05932	0.0004914706063840037
MAR05933	0.0004914706063840037
MAR05934	0.0004914706063840037
MAR05935	0.0004914706063840037
MAR05936	0.0004914706063840037
MAR05937	0.0004914706063840037
MAR05938	0.0004914706063840037
MAR05939	0.0004914706063840037
MAR05940	0.0004914706063840037
MAR05941	0.0004914706063840037
MAR05942	0.0004914706063840037
MAR05943	0.0004914706063840037
MAR05944	0.0004914706063840037
MAR05945	0.0004914706063840037
MAR05946	0.0004914706063840037
MAR05947	0.0004914706063840037
MAR05948	0.0004914706063840037
MAR05949	0.0004914706063840037
MAR05950	0.0004914706063840037
MAR05951	0.0004914706063840037
MAR05952	0.0004914706063840037
MAR05953	0.0004914706063840037
MAR05954	0.0004914706063840037
MAR05955	0.0004914706063840037
MAR05956	0.0004914706063840037
MAR05957	0.0004914706063840037
MAR05958	0.0004914706063840037
MAR05959	0.0004914706063840037
MAR05960	0.0004914706063840037
MAR05961	0.0004914706063840037
MAR05962	0.0004914706063840037
MAR05963	0.0004914706063840037
MAR05964	0.0004914706063840037
MAR05965	0.0004914706063840037
MAR05966	0.0004914706063840037
MAR05967	0.0004914706063840037
MAR05968	0.0004914706063840037
MAR05969	0.0004914706063840037
MAR05970	0.0004914706063840037
MAR05971	0.0004914706063840037
MAR05972	0.0004914706063840037
MAR05973	0.0004914706063840037
MAR05974	0.0004914706063840037
MAR05975	0.0004914706063840037
MAR05976	0.0004914706063840037
MAR05977	0.0004914706063840037
MAR05978	0.0004914706063840037
MAR05979	0.0004914706063840037
MAR05980	0.0004914706063840037
MAR05981	0.0004914706063840037
MAR05982	0.0004914706063840037
MAR05983	0.0004914706063840037
MAR05984	0.0004914706063840037
MAR05985	0.0004914706063840037
MAR05986	0.0004914706063840037
MAR05987	0.00044528545028278883
MAR05989	0.008375776772997546
MAR05990	0.0011129488321261732
MAR05992	3.952935067578193e-05
MAR05993	6.570980090049546e-05
MAR05994	3.0345213291750606e-05
MAR05995	2.911450790225425e-05
MAR05996	0.0004914706063840037
MAR05997	3.0345213291750606e-05
MAR05998	0.005763777341666581
MAR06000	0.005763777341666581
MAR06001	0.005763777341666581
MAR06002	0.005763777341666581
MAR06003	0.005763777341666581
MAR06004	0.005763777341666581
MAR06005	0.005763777341666581
MAR06006	0.005763777341666581
MAR06007	0.005763777341666581
MAR06008	0.005763777341666581
MAR06009	0.005763777341666581
MAR06010	0.005763777341666581
MAR06011	0.005763777341666581
MAR06012	0.005763777341666581
MAR06013	0.005763777341666581
MAR06014	0.005763777341666581
MAR06015	0.005763777341666581
MAR06016	0.005763777341666581
MAR06017	0.005763777341666581
MAR06018	0.005763777341666581
MAR06019	0.005763777341666581
MAR06020	0.005763777341666581
MAR06021	0.005763777341666581
MAR06022	0.005763777341666581
MAR06023	0.005763777341666581
MAR06024	0.005763777341666581
MAR06025	0.005763777341666581
MAR06026	0.005763777341666581
MAR06027	0.005763777341666581
MAR06028	0.005763777341666581
MAR06029	0.005763777341666581
MAR06030	0.005763777341666581
MAR06031	0.005763777341666581
MAR06032	0.005763777341666581
MAR06033	0.005763777341666581
MAR06034	0.005763777341666581
MAR06035	0.005763777341666581
MAR06036	0.005763777341666581
MAR06037	0.005763777341666581
MAR06038	0.005763777341666581
MAR06039	0.005763777341666581
MAR06040	0.005763777341666581
MAR06041	0.005763777341666581
MAR06042	0.005763777341666581
MAR06043	0.005763777341666581
MAR06044	0.005763777341666581
MAR06045	0.005763777341666581
MAR06046	0.005763777341666581
MAR06047	0.005763777341666581
MAR06048	0.005763777341666581
MAR06049	0.005763777341666581
MAR06050	0.005763777341666581
MAR06051	0.005763777341666581
MAR06052	0.005763777341666581
MAR06053	0.005763777341666581
MAR06054	0.005763777341666581
MAR06055	0.000883251584318953
MAR06056	0.0001686131609940898
MAR06057	2.911450790225425e-05
MAR06058	3.178722726543599e-05
MAR06059	0.0006281430994973729
MAR06060	7.735074205726712e-05
MAR06061	7.735074205726712e-05
MAR06062	7.735074205726712e-05
MAR06063	7.735074205726712e-05
MAR06064	7.735074205726712e-05
MAR06065	7.735074205726712e-05
MAR06066	7.735074205726712e-05
MAR06067	7.735074205726712e-05
MAR06068	7.735074205726712e-05
MAR06069	7.735074205726712e-05
MAR06070	7.735074205726712e-05
MAR06071	7.735074205726712e-05
MAR06072	7.735074205726712e-05
MAR06073	7.735074205726712e-05
MAR06074	7.735074205726712e-05
MAR06075	7.735074205726712e-05
MAR06076	7.735074205726712e-05
MAR06077	7.735074205726712e-05
MAR06078	7.735074205726712e-05
MAR06079	7.735074205726712e-05
MAR06080	7.735074205726712e-05
MAR06081	7.735074205726712e-05
MAR06082	7.735074205726712e-05
MAR06083	7.735074205726712e-05
MAR06084	7.735074205726712e-05
MAR06085	7.735074205726712e-05
MAR06086	7.735074205726712e-05
MAR06087	7.735074205726712e-05
MAR06088	7.735074205726712e-05
MAR06089	7.735074205726712e-05
MAR06090	7.735074205726712e-05
MAR06091	7.735074205726712e-05
MAR06092	7.735074205726712e-05
MAR06093	7.735074205726712e-05
MAR06094	7.735074205726712e-05
MAR06095	7.735074205726712e-05
MAR06096	0.000883251584318953
MAR06097	7.735074205726712e-05
MAR06098	0.000883251584318953
MAR06099	7.735074205726712e-05
MAR06100	7.735074205726712e-05
MAR06101	0.000883251584318953
MAR06102	7.735074205726712e-05
MAR06103	2.911450790225425e-05
MAR06104	2.911450790225425e-05
MAR06105	2.911450790225425e-05
MAR06106	2.911450790225425e-05
MAR06107	2.911450790225425e-05
MAR06108	7.735074205726712e-05
MAR06109	7.735074205726712e-05
MAR06110	7.735074205726712e-05
MAR06111	7.735074205726712e-05
MAR06112	7.735074205726712e-05
MAR06113	7.735074205726712e-05
MAR06114	7.735074205726712e-05
MAR06115	7.735074205726712e-05
MAR06116	7.735074205726712e-05
MAR06117	7.735074205726712e-05
MAR06118	7.735074205726712e-05
MAR06119	7.735074205726712e-05
MAR06120	7.735074205726712e-05
MAR06121	7.735074205726712e-05
MAR06122	7.735074205726712e-05
MAR06123	2.911450790225425e-05
MAR06124	2.911450790225425e-05
MAR06125	2.911450790225425e-05
MAR06126	2.911450790225425e-05
MAR06127	2.911450790225425e-05
MAR06128	2.911450790225425e-05
MAR06129	0.000883251584318953
MAR06130	2.911450790225425e-05
MAR06131	2.911450790225425e-05
MAR06132	2.911450790225425e-05
MAR06133	2.911450790225425e-05
MAR06134	2.911450790225425e-05
MAR06135	2.911450790225425e-05
MAR06136	2.911450790225425e-05
MAR06137	2.911450790225425e-05
MAR06138	2.911450790225425e-05
MAR06139	2.911450790225425e-05
MAR06140	2.911450790225425e-05
MAR06141	2.911450790225425e-05
MAR06145	2.911450790225425e-05
MAR06146	2.911450790225425e-05
MAR06147	2.911450790225425e-05
MAR06148	2.911450790225425e-05
MAR06149	2.911450790225425e-05
MAR06150	2.911450790225425e-05
MAR06151	2.911450790225425e-05
MAR06152	2.911450790225425e-05
MAR06153	2.911450790225425e-05
MAR06154	2.911450790225425e-05
MAR06155	2.911450790225425e-05
MAR06156	2.911450790225425e-05
MAR06157	2.911450790225425e-05
MAR06158	2.911450790225425e-05
MAR06159	2.911450790225425e-05
MAR06160	2.911450790225425e-05
MAR06161	2.911450790225425e-05
MAR06162	2.911450790225425e-05
MAR06163	2.911450790225425e-05
MAR06164	2.911450790225425e-05
MAR06165	2.911450790225425e-05
MAR06166	2.911450790225425e-05
MAR06167	2.911450790225425e-05
MAR06168	2.911450790225425e-05
MAR06169	2.911450790225425e-05
MAR06170	2.911450790225425e-05
MAR06171	2.911450790225425e-05
MAR06172	2.911450790225425e-05
MAR06173	2.911450790225425e-05
MAR06174	2.911450790225425e-05
MAR06175	2.911450790225425e-05
MAR06176	2.911450790225425e-05
MAR06177	2.911450790225425e-05
MAR06178	2.911450790225425e-05
MAR06179	2.911450790225425e-05
MAR06180	2.911450790225425e-05
MAR06181	2.911450790225425e-05
MAR06182	2.911450790225425e-05
MAR06183	2.911450790225425e-05
MAR06184	2.911450790225425e-05
MAR06185	2.911450790225425e-05
MAR06186	2.911450790225425e-05
MAR06187	2.911450790225425e-05
MAR06188	2.911450790225425e-05
MAR06189	2.911450790225425e-05
MAR06190	2.911450790225425e-05
MAR06191	2.911450790225425e-05
MAR06192	2.911450790225425e-05
MAR06193	2.911450790225425e-05
MAR06194	2.911450790225425e-05
MAR06195	2.911450790225425e-05
MAR06196	2.911450790225425e-05
MAR06197	2.911450790225425e-05
MAR06198	2.911450790225425e-05
MAR06199	2.911450790225425e-05
MAR06200	2.911450790225425e-05
MAR06201	2.911450790225425e-05
MAR06202	2.911450790225425e-05
MAR06203	2.911450790225425e-05
MAR06204	2.911450790225425e-05
MAR06205	2.911450790225425e-05
MAR06206	2.911450790225425e-05
MAR06207	2.911450790225425e-05
MAR06208	2.911450790225425e-05
MAR06209	2.911450790225425e-05
MAR06210	2.911450790225425e-05
MAR06211	2.911450790225425e-05
MAR06212	2.911450790225425e-05
MAR06213	2.911450790225425e-05
MAR06214	7.735074205726712e-05
MAR06215	7.735074205726712e-05
MAR06216	7.735074205726712e-05
MAR06217	7.735074205726712e-05
MAR06218	4.0568319828121535e-05
MAR06219	4.0568319828121535e-05
MAR06221	4.0568319828121535e-05
MAR06222	4.0568319828121535e-05
MAR06223	4.0568319828121535e-05
MAR06224	4.0568319828121535e-05
MAR06225	4.0568319828121535e-05
MAR06226	4.0568319828121535e-05
MAR06227	4.0568319828121535e-05
MAR06228	4.0568319828121535e-05
MAR06229	4.0568319828121535e-05
MAR06230	4.0568319828121535e-05
MAR06231	4.0568319828121535e-05
MAR06232	4.0568319828121535e-05
MAR06233	4.0568319828121535e-05
MAR06234	4.0568319828121535e-05
MAR06235	4.0568319828121535e-05
MAR06236	4.0568319828121535e-05
MAR06237	4.0568319828121535e-05
MAR06238	4.0568319828121535e-05
MAR06239	4.0568319828121535e-05
MAR06240	4.0568319828121535e-05
MAR06241	0.00015020671487409084
MAR06242	0.00013825859329353766
MAR06243	0.00015020671487409084
MAR06244	3.0074606906905117e-05
MAR06245	0.00015020671487409084
MAR06246	0.00045480024959674404
MAR06247	0.00015020671487409084
MAR06248	2.9306643773020742e-05
MAR06249	3.084829425502681e-05
MAR06250	2.911450790225425e-05
MAR06251	6.570980090049546e-05
MAR06253	2.911450790225425e-05
MAR06254	2.911450790225425e-05
MAR06255	2.911450790225425e-05
MAR06256	2.911450790225425e-05
MAR06257	0.000883251584318953
MAR06258	2.911450790225425e-05
MAR06259	2.911450790225425e-05
MAR06260	6.570980090049546e-05
MAR06261	2.911450790225425e-05
MAR06262	2.911450790225425e-05
MAR06263	2.911450790225425e-05
MAR06264	2.911450790225425e-05
MAR06265	2.911450790225425e-05
MAR06266	4.0568319828121535e-05
MAR06267	2.911450790225425e-05
MAR06268	0.00045480024959674404
MAR06269	6.570980090049546e-05
MAR06270	2.911450790225425e-05
MAR06271	2.911450790225425e-05
MAR06272	2.911450790225425e-05
MAR06273	2.911450790225425e-05
MAR06274	2.911450790225425e-05
MAR06275	0.00044236269469737695
MAR06351	3.081513917787879e-05
MAR06352	3.081513917787879e-05
MAR06353	3.081513917787879e-05
MAR06354	3.081513917787879e-05
MAR06355	2.9997300896513043e-05
MAR06356	2.9997300896513043e-05
MAR06357	2.9997300896513043e-05
MAR06358	2.9997300896513043e-05
MAR06359	2.9997300896513043e-05
MAR06360	2.9997300896513043e-05
MAR06361	2.9997300896513043e-05
MAR06362	2.9997300896513043e-05
MAR06363	2.9997300896513043e-05
MAR06364	2.9997300896513043e-05
MAR06365	2.9997300896513043e-05
MAR06366	0.003014107506953747
MAR06367	0.003014107506953747
MAR06368	0.003014107506953747
MAR06369	0.003014107506953747
MAR06370	0.001409308924208669
MAR06371	0.0007853573014772467
MAR06372	0.0007853573014772467
MAR06373	0.0007853573014772467
MAR06374	0.0007853573014772467
MAR06375	0.010013097028168985
MAR06377	0.007286300458517292
MAR06379	0.00619927255873999
MAR06380	0.0041332377992579685
MAR06381	0.010013097028168985
MAR06382	0.010013097028168985
MAR06383	0.00619927255873999
MAR06384	0.010013097028168985
MAR06392	0.0016070058716249444
MAR06424	6.570980090049546e-05
MAR06439	6.570980090049546e-05
MAR06462	6.570980090049546e-05
MAR06474	0.0004845658349926082
MAR06505	6.570980090049546e-05
MAR06512	0.0031315829914430656
MAR06514	6.570980090049546e-05
MAR06516	6.570980090049546e-05
MAR06524	3.092259077661844e-05
MAR06525	0.0016231341316638248
MAR06526	0.0010630790360865376
MAR06527	0.0011129488321261732
MAR06529	2.911450790225425e-05
MAR06530	0.0003547996002941641
MAR06531	0.0003547996002941641
MAR06532	0.0003547996002941641
MAR06533	0.0003547996002941641
MAR06534	0.0004084294308535615
MAR06628	0.00010381737461284226
MAR06732	0.00015020671487409084
MAR06733	0.00013825859329353766
MAR06989	2.9726443957212453e-05
MAR06991	6.570980090049546e-05
MAR07109	6.570980090049546e-05
MAR07111	6.570980090049546e-05
MAR07113	6.570980090049546e-05
MAR07115	6.570980090049546e-05
MAR07117	6.570980090049546e-05
MAR07119	6.570980090049546e-05
MAR07121	6.570980090049546e-05
MAR07123	6.570980090049546e-05
MAR07125	6.570980090049546e-05
MAR07127	6.570980090049546e-05
MAR07173	6.570980090049546e-05
MAR07184	6.570980090049546e-05
MAR07223	6.570980090049546e-05
MAR07253	6.570980090049546e-05
MAR07372	6.570980090049546e-05
MAR07453	6.570980090049546e-05
MAR07482	6.570980090049546e-05
MAR07499	0.00033586385311246397
MAR07511	6.570980090049546e-05
MAR07523	6.570980090049546e-05
MAR07539	6.570980090049546e-05
MAR07555	6.570980090049546e-05
MAR07568	0.005285569815264322
MAR07569	0.005285569815264322
MAR07579	6.570980090049546e-05
MAR07583	6.570980090049546e-05
MAR07608	6.570980090049546e-05
MAR07609	6.570980090049546e-05
MAR07629	0.0033640004668868727
MAR07630	3.019030934294217e-05
MAR07631	0.00011435932284814612
MAR07632	0.00011435932284814612
MAR07633	5.5199246185587674e-05
MAR07634	5.5199246185587674e-05
MAR07635	5.5199246185587674e-05
MAR07636	5.5199246185587674e-05
MAR07637	5.5199246185587674e-05
MAR07639	0.0006971200539008692
MAR07643	0.026609588106740235
MAR07644	0.026609588106740235
MAR07645	0.0007853573014772467
MAR07650	0.00024741967229078047
MAR07651	0.000883251584318953
MAR07660	6.570980090049546e-05
MAR07666	0.005763777341666581
MAR07667	0.0020104284836489667
MAR07679	6.570980090049546e-05
MAR07680	8.641309759016539e-05
MAR07681	2.911450790225425e-05
MAR07682	0.0003322688942838613
MAR07683	0.0003322688942838613
MAR07684	0.0003322688942838613
MAR07685	0.0003322688942838613
MAR07686	0.0003322688942838613
MAR07687	0.0003322688942838613
MAR07690	6.570980090049546e-05
MAR07691	0.0010308300571158844
MAR07692	0.0010308300571158844
MAR07699	4.197740946904615e-05
MAR07700	2.911450790225425e-05
MAR07734	2.911450790225425e-05
MAR07735	0.0002518044098759676
MAR07736	2.911450790225425e-05
MAR07737	2.911450790225425e-05
MAR07738	2.911450790225425e-05
MAR07739	2.911450790225425e-05
MAR07774	6.570980090049546e-05
MAR07781	6.570980090049546e-05
MAR07787	6.570980090049546e-05
MAR07798	6.570980090049546e-05
MAR07896	6.570980090049546e-05
MAR07898	6.570980090049546e-05
MAR07900	6.570980090049546e-05
MAR07901	6.570980090049546e-05
MAR07902	0.0004084294308535615
MAR07903	6.570980090049546e-05
MAR07904	2.911450790225425e-05
MAR07905	2.940463164347288e-05
MAR07906	6.570980090049546e-05
MAR07946	5.250443370952762e-05
MAR07951	6.570980090049546e-05
MAR07961	6.570980090049546e-05
MAR07964	0.0005352144852638994
MAR07967	0.0016070058716249444
MAR07975	6.570980090049546e-05
MAR07977	6.570980090049546e-05
MAR07979	6.570980090049546e-05
MAR07982	0.0016070058716249444
MAR07986	0.0016070058716249444
MAR07990	0.0016070058716249444
MAR07994	6.570980090049546e-05
MAR07997	6.570980090049546e-05
MAR08002	6.570980090049546e-05
MAR08007	6.570980090049546e-05
MAR08010	6.570980090049546e-05
MAR08015	6.570980090049546e-05
MAR08023	6.570980090049546e-05
MAR08031	3.011530066619965e-05
MAR08033	6.570980090049546e-05
MAR08035	6.570980090049546e-05
MAR08039	6.570980090049546e-05
MAR08041	6.570980090049546e-05
MAR08042	6.570980090049546e-05
MAR08044	6.570980090049546e-05
MAR08045	6.570980090049546e-05
MAR08047	6.570980090049546e-05
MAR08048	6.570980090049546e-05
MAR08050	6.570980090049546e-05
MAR08051	6.570980090049546e-05
MAR08053	6.570980090049546e-05
MAR08054	6.570980090049546e-05
MAR08056	6.570980090049546e-05
MAR08057	6.570980090049546e-05
MAR08061	6.570980090049546e-05
MAR08073	6.570980090049546e-05
MAR08075	0.005763777341666581
MAR08076	0.0004095239276260747
MAR08077	0.0004095239276260747
MAR08079	6.570980090049546e-05
MAR08080	6.570980090049546e-05
MAR08081	2.911450790225425e-05
MAR08090	6.570980090049546e-05
MAR08095	6.570980090049546e-05
MAR08100	6.570980090049546e-05
MAR08101	6.570980090049546e-05
MAR08103	6.570980090049546e-05
MAR08104	6.570980090049546e-05
MAR08154	6.570980090049546e-05
MAR08158	6.570980090049546e-05
MAR08161	6.570980090049546e-05
MAR08164	6.570980090049546e-05
MAR08214	6.570980090049546e-05
MAR08223	6.570980090049546e-05
MAR08225	0.00014245897144822602
MAR08229	6.570980090049546e-05
MAR08231	6.570980090049546e-05
MAR08240	6.570980090049546e-05
MAR08247	6.570980090049546e-05
MAR08253	6.570980090049546e-05
MAR08266	6.570980090049546e-05
MAR08270	6.570980090049546e-05
MAR08273	6.570980090049546e-05
MAR08283	6.570980090049546e-05
MAR08290	6.570980090049546e-05
MAR08297	6.570980090049546e-05
MAR08300	6.570980090049546e-05
MAR08304	6.570980090049546e-05
MAR08311	6.570980090049546e-05
MAR08313	6.570980090049546e-05
MAR08315	6.570980090049546e-05
MAR08321	6.570980090049546e-05
MAR08324	6.570980090049546e-05
MAR08329	6.570980090049546e-05
MAR08336	6.570980090049546e-05
MAR08339	6.570980090049546e-05
MAR08340	6.570980090049546e-05
MAR08343	6.570980090049546e-05
MAR08354	0.0007853573014772467
MAR08364	0.005763777341666581
MAR08374	6.570980090049546e-05
MAR08408	6.570980090049546e-05
MAR08420	6.570980090049546e-05
MAR08429	0.005594635629231961
MAR08515	2.911450790225425e-05
MAR08520	6.570980090049546e-05
MAR08536	6.570980090049546e-05
MAR08551	7.735074205726712e-05
MAR08567	6.570980090049546e-05
MAR08586	0.0003581523673516399
MAR08593	6.570980090049546e-05
MAR08595	6.570980090049546e-05
MAR08597	6.570980090049546e-05
MAR08599	6.570980090049546e-05
MAR08600	6.570980090049546e-05
MAR08602	6.570980090049546e-05
MAR08612	6.570980090049546e-05
MAR08618	6.570980090049546e-05
MAR08629	6.570980090049546e-05
MAR08631	2.911450790225425e-05
MAR08632	7.735074205726712e-05
MAR08633	0.0016070058716249444
MAR08635	2.911450790225425e-05
MAR08636	0.00033586385311246397
MAR08656	6.570980090049546e-05
MAR08658	0.0005352144852638994
MAR08659	7.735074205726712e-05
MAR08660	5.250443370952762e-05
MAR08670	0.0003547996002941641
MAR08671	2.911450790225425e-05
MAR08676	0.00021930308440387252
MAR08677	0.00021930308440387252
MAR08678	6.570980090049546e-05
MAR08679	6.570980090049546e-05
MAR08686	6.570980090049546e-05
MAR08687	0.0004914706063840037
MAR08696	6.570980090049546e-05
MAR08714	6.570980090049546e-05
MAR08718	6.570980090049546e-05
MAR08720	6.570980090049546e-05
MAR08721	6.570980090049546e-05
MAR08723	6.570980090049546e-05
MAR08730	0.0003329010888379568
MAR08732	2.911450790225425e-05
MAR08733	0.026609588106740235
MAR08734	0.026609588106740235
MAR08735	0.0041332377992579685
MAR08736	0.0003547996002941641
MAR08760	6.570980090049546e-05
MAR08797	6.570980090049546e-05
MAR08798	6.570980090049546e-05
MAR08846	0.003698286112993339
MAR08847	7.735074205726712e-05
MAR08849	6.570980090049546e-05
MAR08850	0.0016070058716249444
MAR08852	6.570980090049546e-05
MAR08853	2.911450790225425e-05
MAR08854	6.570980090049546e-05
MAR08861	2.9527669363370375e-05
MAR08863	6.570980090049546e-05
MAR08864	6.570980090049546e-05
MAR08865	6.570980090049546e-05
MAR08866	6.570980090049546e-05
MAR08867	0.0003581523673516399
MAR08869	6.570980090049546e-05
MAR08870	6.570980090049546e-05
MAR08872	2.911450790225425e-05
MAR08873	6.570980090049546e-05
MAR08876	2.911450790225425e-05
MAR08877	2.9942491214090216e-05
MAR08878	6.570980090049546e-05
MAR08879	7.735074205726712e-05
MAR08881	6.570980090049546e-05
MAR08883	6.570980090049546e-05
MAR08884	2.9942491214090216e-05
MAR08889	2.911450790225425e-05
MAR08892	3.184245299659069e-05
MAR08893	6.570980090049546e-05
MAR08896	6.570980090049546e-05
MAR08898	6.570980090049546e-05
MAR08899	6.570980090049546e-05
MAR08901	6.570980090049546e-05
MAR08903	6.570980090049546e-05
MAR08905	6.570980090049546e-05
MAR08907	6.570980090049546e-05
MAR08911	0.00035164878165708756
MAR08912	0.00035164878165708756
MAR08913	6.570980090049546e-05
MAR08917	0.00021930308440387252
MAR08922	6.570980090049546e-05
MAR08923	6.570980090049546e-05
MAR08924	2.9726443957212453e-05
MAR08925	0.002367652631496497
MAR08927	6.570980090049546e-05
MAR08929	0.0007853573014772467
MAR08930	0.0020104284836489667
MAR08931	6.570980090049546e-05
MAR08932	4.0568319828121535e-05
MAR08933	4.0568319828121535e-05
MAR08934	0.00024741967229078047
MAR08935	0.00024741967229078047
MAR08936	4.0568319828121535e-05
MAR08937	6.570980090049546e-05
MAR08938	3.109427780744496e-05
MAR08939	0.004103800975592414
MAR08940	0.004103800975592414
MAR08941	0.004103800975592414
MAR08942	0.004103800975592414
MAR08943	0.004103800975592414
MAR08944	0.004103800975592414
MAR08945	0.004103800975592414
MAR08946	0.004103800975592414
MAR08947	0.004103800975592414
MAR09173	6.570980090049546e-05
MAR09175	6.570980090049546e-05
MAR09176	6.570980090049546e-05
MAR09178	6.570980090049546e-05
MAR09180	6.570980090049546e-05
MAR09182	6.570980090049546e-05
MAR09183	6.570980090049546e-05
MAR09184	6.570980090049546e-05
MAR09185	6.570980090049546e-05
MAR09187	6.570980090049546e-05
MAR09188	6.570980090049546e-05
MAR09189	6.570980090049546e-05
MAR09190	0.026609588106740235
MAR09191	0.026609588106740235
MAR09192	4.766615290317166e-05
MAR09193	3.011530066619965e-05
MAR09195	3.011530066619965e-05
MAR09196	2.911450790225425e-05
MAR09197	2.911450790225425e-05
MAR09198	5.560335041653164e-05
MAR09590	0.0004084294308535615
MAR09591	0.0008214315996245097
MAR09592	0.0008214315996245097
MAR09593	0.0008214315996245097
MAR09594	0.0008214315996245097
MAR09595	0.0008214315996245097
MAR09596	0.0008214315996245097
MAR09597	0.0008214315996245097
MAR09598	0.0008214315996245097
MAR09599	0.0008214315996245097
MAR09600	0.0008214315996245097
MAR09601	0.0008214315996245097
MAR09602	2.911450790225425e-05
MAR09603	2.911450790225425e-05
MAR09604	2.911450790225425e-05
MAR09605	0.0041332377992579685
MAR09606	0.0041332377992579685
MAR09607	0.0020104284836489667
MAR09608	0.0020104284836489667
MAR09609	0.0020104284836489667
MAR09610	2.911450790225425e-05
MAR09611	3.279706584358225e-05
MAR09612	6.570980090049546e-05
MAR09613	0.0002870086460753985
MAR09614	2.911450790225425e-05
MAR09615	0.00013825859329353766
MAR09616	0.0008214315996245097
MAR09617	3.109427780744496e-05
MAR09618	4.766615290317166e-05
MAR09619	5.5036631270464524e-05
MAR09620	2.911450790225425e-05
MAR09621	0.00022140690924423364
MAR09622	2.911450790225425e-05
MAR09623	2.911450790225425e-05
MAR09624	2.911450790225425e-05
MAR09635	6.570980090049546e-05
MAR09636	6.570980090049546e-05
MAR09637	6.570980090049546e-05
MAR09638	6.570980090049546e-05
MAR09639	6.570980090049546e-05
MAR09640	6.570980090049546e-05
MAR09641	6.570980090049546e-05
MAR09642	6.570980090049546e-05
MAR09643	6.570980090049546e-05
MAR09644	6.570980090049546e-05
MAR09645	6.570980090049546e-05
MAR09646	6.570980090049546e-05
MAR09647	6.570980090049546e-05
MAR09648	6.570980090049546e-05
MAR09649	6.570980090049546e-05
MAR09650	6.570980090049546e-05
MAR09651	6.570980090049546e-05
MAR09652	6.570980090049546e-05
MAR09653	6.570980090049546e-05
MAR09654	6.570980090049546e-05
MAR09655	6.570980090049546e-05
MAR09656	6.570980090049546e-05
MAR09657	6.570980090049546e-05
MAR09658	6.570980090049546e-05
MAR09659	6.570980090049546e-05
MAR09660	6.570980090049546e-05
MAR09661	6.570980090049546e-05
MAR09662	6.570980090049546e-05
MAR09663	6.570980090049546e-05
MAR09720	6.570980090049546e-05
MAR09728	6.570980090049546e-05
MAR09731	6.570980090049546e-05
MAR09737	6.570980090049546e-05
MAR08071	6.570980090049546e-05
MAR04312	0.009117273512233697
MAR08428	6.570980090049546e-05
MAR08430	6.570980090049546e-05
MAR08022	2.965158547883745e-05
MAR08070	6.570980090049546e-05
MAR09015	0.00011560486071815896
MAR09020	5.606374553352123e-05
MAR00157	6.570980090049546e-05
MAR00158	0.004567881719143877
MAR00166	6.570980090049546e-05
MAR00169	0.0034556288563828697
MAR00172	6.570980090049546e-05
MAR00175	6.570980090049546e-05
MAR00178	6.570980090049546e-05
MAR00182	6.570980090049546e-05
MAR00185	6.570980090049546e-05
MAR00446	6.570980090049546e-05
MAR00578	6.570980090049546e-05
MAR00587	6.570980090049546e-05
MAR00962	6.570980090049546e-05
MAR01145	6.570980090049546e-05
MAR01173	6.570980090049546e-05
MAR01187	6.570980090049546e-05
MAR01215	6.570980090049546e-05
MAR01243	6.570980090049546e-05
MAR01267	6.570980090049546e-05
MAR01284	6.570980090049546e-05
MAR01572	6.570980090049546e-05
MAR01602	6.570980090049546e-05
MAR01915	6.570980090049546e-05
MAR01925	6.570980090049546e-05
MAR01930	6.570980090049546e-05
MAR01936	6.570980090049546e-05
MAR01994	6.570980090049546e-05
MAR01997	6.570980090049546e-05
MAR02008	6.570980090049546e-05
MAR02012	6.570980090049546e-05
MAR02065	6.570980090049546e-05
MAR02080	6.570980090049546e-05
MAR02094	6.570980090049546e-05
MAR02105	6.570980090049546e-05
MAR02116	0.016071307908821834
MAR02127	6.570980090049546e-05
MAR02141	0.0005505100480155524
MAR02590	0.0002568242362997391
MAR03746	6.570980090049546e-05
MAR03762	6.570980090049546e-05
MAR03789	6.570980090049546e-05
MAR03818	6.570980090049546e-05
MAR03825	0.001015971680289266
MAR03863	0.001015971680289266
MAR03864	0.001015971680289266
MAR03921	6.570980090049546e-05
MAR03946	6.570980090049546e-05
MAR03949	6.570980090049546e-05
MAR03950	6.570980090049546e-05
MAR03952	6.570980090049546e-05
MAR03954	6.570980090049546e-05
MAR03971	0.0006067581509552939
MAR04184	0.0002790297341179111
MAR04237	2.965158547883745e-05
MAR04266	6.570980090049546e-05
MAR04367	6.570980090049546e-05
MAR04684	6.570980090049546e-05
MAR04692	6.570980090049546e-05
MAR04720	6.570980090049546e-05
MAR04729	6.570980090049546e-05
MAR04738	6.570980090049546e-05
MAR04743	6.570980090049546e-05
MAR04754	5.1218813058527456e-05
MAR04756	5.1218813058527456e-05
MAR04760	5.1218813058527456e-05
MAR04850	6.570980090049546e-05
MAR04851	0.0006067581509552939
MAR04852	0.004652331267235556
MAR04854	0.0006067581509552939
MAR04855	0.004652331267235556
MAR04862	0.0006067581509552939
MAR04863	0.0006067581509552939
MAR04864	0.0006067581509552939
MAR04865	0.0006067581509552939
MAR04867	0.0006067581509552939
MAR04868	0.0006067581509552939
MAR04870	0.0006067581509552939
MAR04871	0.0006067581509552939
MAR04872	0.0006067581509552939
MAR04874	6.570980090049546e-05
MAR04888	2.911450790225425e-05
MAR04898	6.570980090049546e-05
MAR04905	6.570980090049546e-05
MAR04914	0.00019231752279343694
MAR04922	6.570980090049546e-05
MAR04926	0.0013925776561505298
MAR04944	0.0003322688942838613
MAR04951	2.911450790225425e-05
MAR04953	6.570980090049546e-05
MAR04959	6.570980090049546e-05
MAR04963	6.570980090049546e-05
MAR04964	0.004219355001764122
MAR04971	0.004219355001764122
MAR04972	0.004219355001764122
MAR04957	6.570980090049546e-05
MAR04977	0.005763777341666581
MAR04979	6.570980090049546e-05
MAR04997	0.003014107506953747
MAR04998	6.570980090049546e-05
MAR05006	6.570980090049546e-05
MAR05014	6.570980090049546e-05
MAR05015	6.570980090049546e-05
MAR05016	0.005763777341666581
MAR05022	2.911450790225425e-05
MAR05031	0.003014107506953747
MAR05033	0.003014107506953747
MAR05036	0.003014107506953747
MAR05043	0.005374858222385035
MAR05046	0.002089001976877456
MAR05096	6.570980090049546e-05
MAR05099	6.570980090049546e-05
MAR05101	6.570980090049546e-05
MAR05102	6.570980090049546e-05
MAR05105	0.0021072374841977406
MAR05107	6.570980090049546e-05
MAR05109	6.570980090049546e-05
MAR05112	6.570980090049546e-05
MAR05113	0.001250970493864776
MAR05114	0.0017314451780721912
MAR05115	6.570980090049546e-05
MAR05116	6.570980090049546e-05
MAR05117	6.570980090049546e-05
MAR05118	6.570980090049546e-05
MAR05121	6.570980090049546e-05
MAR05122	0.0021147618933955556
MAR05124	0.0010871065831753624
MAR05125	6.570980090049546e-05
MAR05126	6.570980090049546e-05
MAR05222	6.570980090049546e-05
MAR05223	6.570980090049546e-05
MAR05225	6.570980090049546e-05
MAR05227	6.570980090049546e-05
MAR05292	0.0008363862427483395
MAR05304	6.570980090049546e-05
MAR05348	0.005763777341666581
MAR05349	0.005763777341666581
MAR05361	6.570980090049546e-05
MAR05411	0.005763777341666581
MAR05420	0.002162639262314317
MAR05426	6.570980090049546e-05
MAR06276	0.004219355001764122
MAR06277	0.004219355001764122
MAR06286	0.004219355001764122
MAR06287	0.004219355001764122
MAR06288	0.004219355001764122
MAR06289	0.004219355001764122
MAR06290	0.004219355001764122
MAR06291	0.004219355001764122
MAR06292	0.004219355001764122
MAR06293	0.004219355001764122
MAR06294	0.004219355001764122
MAR06295	0.004219355001764122
MAR06296	0.004219355001764122
MAR06297	0.004219355001764122
MAR06298	0.004219355001764122
MAR06299	3.2095163316830413e-05
MAR06300	3.2095163316830413e-05
MAR06301	0.0021072374841977406
MAR06302	0.0021072374841977406
MAR06303	3.2095163316830413e-05
MAR06304	3.2095163316830413e-05
MAR06305	3.2095163316830413e-05
MAR06306	3.2095163316830413e-05
MAR06307	0.0021072374841977406
MAR06308	0.0021072374841977406
MAR06309	3.2095163316830413e-05
MAR06310	3.2095163316830413e-05
MAR06311	3.2095163316830413e-05
MAR06312	3.2095163316830413e-05
MAR06313	0.0021072374841977406
MAR06314	0.0021072374841977406
MAR06315	3.2095163316830413e-05
MAR06316	3.2095163316830413e-05
MAR06317	0.0021072374841977406
MAR06318	0.0021072374841977406
MAR06321	0.0021072374841977406
MAR06323	0.0021072374841977406
MAR06325	3.2095163316830413e-05
MAR06326	3.2095163316830413e-05
MAR06327	0.0021072374841977406
MAR06328	0.02390470125611861
MAR06330	0.0006067581509552939
MAR06331	0.0006067581509552939
MAR06332	0.0009703459676669965
MAR06333	0.0009703459676669965
MAR06334	0.0009703459676669965
MAR06335	0.0009703459676669965
MAR06336	0.0009703459676669965
MAR06337	0.0009703459676669965
MAR06338	0.0009703459676669965
MAR06339	0.0009703459676669965
MAR06340	0.0009703459676669965
MAR06341	0.0009703459676669965
MAR06342	0.0009703459676669965
MAR06343	0.0009703459676669965
MAR06389	0.00016339475397337416
MAR06431	6.570980090049546e-05
MAR06438	6.570980090049546e-05
MAR06446	6.570980090049546e-05
MAR06454	6.570980090049546e-05
MAR06455	6.570980090049546e-05
MAR06469	6.570980090049546e-05
MAR06481	6.570980090049546e-05
MAR06513	6.570980090049546e-05
MAR06517	6.570980090049546e-05
MAR06521	0.0006067581509552939
MAR06522	0.0006067581509552939
MAR06618	6.570980090049546e-05
MAR06620	6.570980090049546e-05
MAR06781	6.570980090049546e-05
MAR06890	6.570980090049546e-05
MAR06902	6.570980090049546e-05
MAR07638	0.0003905988089748058
MAR07708	6.570980090049546e-05
MAR07719	0.003014107506953747
MAR07723	0.003014107506953747
MAR07757	0.0034556288563828697
MAR07760	3.400890410207741e-05
MAR07769	0.00011560486071815896
MAR07804	0.0009703459676669965
MAR07806	0.0009703459676669965
MAR07808	0.0009703459676669965
MAR07810	0.0009703459676669965
MAR07812	0.0009703459676669965
MAR07814	0.0009703459676669965
MAR07815	0.0009703459676669965
MAR07816	0.0009703459676669965
MAR07818	0.0009703459676669965
MAR07820	0.0009703459676669965
MAR07822	0.0009703459676669965
MAR07824	0.0009703459676669965
MAR07825	0.0009703459676669965
MAR07826	0.0009703459676669965
MAR07827	0.0009703459676669965
MAR07828	0.0009703459676669965
MAR07829	0.0009703459676669965
MAR07830	0.0009703459676669965
MAR07831	0.0009703459676669965
MAR07832	0.0009703459676669965
MAR07833	0.0009703459676669965
MAR07834	0.0009703459676669965
MAR07835	0.0009703459676669965
MAR07836	0.0009703459676669965
MAR07837	0.0009703459676669965
MAR07838	0.0009703459676669965
MAR07839	0.0009703459676669965
MAR07840	0.0009703459676669965
MAR07841	0.0009703459676669965
MAR07842	0.0009703459676669965
MAR07843	0.0009703459676669965
MAR07844	0.0009703459676669965
MAR07845	0.0009703459676669965
MAR07846	0.0009703459676669965
MAR07847	0.0009703459676669965
MAR07848	0.0009703459676669965
MAR07849	0.0009703459676669965
MAR07850	0.0009703459676669965
MAR07851	0.0009703459676669965
MAR07852	0.0009703459676669965
MAR07853	0.0009703459676669965
MAR07854	0.0009703459676669965
MAR07897	6.570980090049546e-05
MAR07899	6.570980090049546e-05
MAR07914	6.570980090049546e-05
MAR07917	6.570980090049546e-05
MAR07923	6.570980090049546e-05
MAR07995	6.570980090049546e-05
MAR07998	6.570980090049546e-05
MAR08000	6.570980090049546e-05
MAR08001	6.570980090049546e-05
MAR08009	6.570980090049546e-05
MAR08089	5.071577309574947e-05
MAR08093	6.570980090049546e-05
MAR08099	6.570980090049546e-05
MAR08120	6.570980090049546e-05
MAR08122	6.570980090049546e-05
MAR08124	6.570980090049546e-05
MAR08126	6.570980090049546e-05
MAR08128	6.570980090049546e-05
MAR08356	6.570980090049546e-05
MAR08365	0.005763777341666581
MAR08411	6.570980090049546e-05
MAR08438	6.570980090049546e-05
MAR08475	0.003014107506953747
MAR08505	6.570980090049546e-05
MAR08510	6.570980090049546e-05
MAR08513	0.005763777341666581
MAR08528	6.570980090049546e-05
MAR08532	6.570980090049546e-05
MAR08562	6.570980090049546e-05
MAR08614	5.0753895799232894e-05
MAR08627	6.570980090049546e-05
MAR08655	6.570980090049546e-05
MAR08657	6.570980090049546e-05
MAR08680	6.570980090049546e-05
MAR08731	6.570980090049546e-05
MAR08741	0.0006067581509552939
MAR08742	0.0006067581509552939
MAR08776	6.570980090049546e-05
MAR08785	6.570980090049546e-05
MAR08848	6.570980090049546e-05
MAR08890	6.570980090049546e-05
MAR08891	6.570980090049546e-05
MAR08910	0.003014107506953747
MAR09174	6.570980090049546e-05
MAR09194	6.570980090049546e-05
MAR09675	6.570980090049546e-05
MAR09676	6.570980090049546e-05
MAR09677	6.570980090049546e-05
MAR09014	6.570980090049546e-05
MAR00707	6.570980090049546e-05
MAR00713	0.00445378446082032
MAR01104	6.570980090049546e-05
MAR01135	6.570980090049546e-05
MAR01144	6.570980090049546e-05
MAR01172	6.570980090049546e-05
MAR01188	6.570980090049546e-05
MAR01214	6.570980090049546e-05
MAR01242	6.570980090049546e-05
MAR01268	6.570980090049546e-05
MAR01283	6.570980090049546e-05
MAR01286	6.570980090049546e-05
MAR01443	0.005763777341666581
MAR02067	6.570980090049546e-05
MAR02082	6.570980090049546e-05
MAR02093	6.570980090049546e-05
MAR02104	6.570980090049546e-05
MAR02407	0.00018891287294442872
MAR02509	0.00018891287294442872
MAR02547	6.570980090049546e-05
MAR02575	6.570980090049546e-05
MAR03007	0.005763777341666581
MAR03008	0.007778112976179334
MAR03011	0.007778112976179334
MAR03013	0.007778112976179334
MAR03014	0.007778112976179334
MAR03017	0.007778112976179334
MAR03018	0.00018891287294442872
MAR03019	0.00018891287294442872
MAR03020	0.00018891287294442872
MAR03021	0.00018891287294442872
MAR03022	0.00018891287294442872
MAR03023	0.00018891287294442872
MAR03024	0.00018891287294442872
MAR03025	0.00018891287294442872
MAR03026	0.00021930308440387252
MAR03473	0.0009955856941504004
MAR03848	6.570980090049546e-05
MAR03850	6.570980090049546e-05
MAR03867	6.570980090049546e-05
MAR03947	6.570980090049546e-05
MAR03948	6.570980090049546e-05
MAR04393	6.570980090049546e-05
MAR04468	6.570980090049546e-05
MAR04469	6.570980090049546e-05
MAR04647	6.570980090049546e-05
MAR04790	6.570980090049546e-05
MAR04890	6.570980090049546e-05
MAR04900	6.570980090049546e-05
MAR04908	0.0017389748643587015
MAR04924	6.570980090049546e-05
MAR04930	0.005763777341666581
MAR04945	6.570980090049546e-05
MAR04986	0.0007008394568895724
MAR05344	6.570980090049546e-05
MAR05346	6.570980090049546e-05
MAR05362	6.570980090049546e-05
MAR05414	6.570980090049546e-05
MAR05452	0.0007008394568895724
MAR05453	6.570980090049546e-05
MAR06928	6.570980090049546e-05
MAR06937	6.570980090049546e-05
MAR06986	6.570980090049546e-05
MAR06987	6.570980090049546e-05
MAR07590	6.570980090049546e-05
MAR07596	6.570980090049546e-05
MAR07640	6.570980090049546e-05
MAR07646	0.0007853573014772467
MAR07705	6.570980090049546e-05
MAR07707	6.570980090049546e-05
MAR07777	6.570980090049546e-05
MAR07779	6.570980090049546e-05
MAR07797	6.570980090049546e-05
MAR08016	6.570980090049546e-05
MAR08020	6.570980090049546e-05
MAR08359	6.570980090049546e-05
MAR08414	6.570980090049546e-05
MAR08754	6.570980090049546e-05
MAR08756	6.570980090049546e-05
MAR08860	6.570980090049546e-05
MAR08926	6.570980090049546e-05
MAR09179	6.570980090049546e-05
MAR09181	6.570980090049546e-05
MAR09678	6.570980090049546e-05
MAR09679	6.570980090049546e-05
MAR09680	6.570980090049546e-05
MAR09017	6.570980090049546e-05
MAR00984	6.570980090049546e-05
MAR01089	6.570980090049546e-05
MAR01090	6.570980090049546e-05
MAR01094	6.570980090049546e-05
MAR01095	6.570980090049546e-05
MAR02564	6.570980090049546e-05
MAR02585	0.0007850023694161789
MAR04274	6.570980090049546e-05
MAR04275	6.570980090049546e-05
MAR04277	6.570980090049546e-05
MAR04535	0.00027518728479137145
MAR04538	6.570980090049546e-05
MAR04893	6.570980090049546e-05
MAR04904	6.570980090049546e-05
MAR04916	6.570980090049546e-05
MAR05422	6.570980090049546e-05
MAR05423	6.570980090049546e-05
MAR05424	6.570980090049546e-05
MAR06617	6.570980090049546e-05
MAR06619	6.570980090049546e-05
MAR07653	6.570980090049546e-05
MAR07664	6.570980090049546e-05
MAR07665	6.570980090049546e-05
MAR07712	6.570980090049546e-05
MAR07763	6.570980090049546e-05
MAR07764	6.570980090049546e-05
MAR07765	6.570980090049546e-05
MAR07767	6.570980090049546e-05
MAR07773	6.570980090049546e-05
MAR07786	6.570980090049546e-05
MAR07792	6.570980090049546e-05
MAR07795	6.570980090049546e-05
MAR07796	0.004342180454732755
MAR07855	6.570980090049546e-05
MAR07856	6.570980090049546e-05
MAR07857	6.570980090049546e-05
MAR07858	6.570980090049546e-05
MAR07859	6.570980090049546e-05
MAR07860	6.570980090049546e-05
MAR07861	6.570980090049546e-05
MAR07862	6.570980090049546e-05
MAR07877	6.570980090049546e-05
MAR08024	6.570980090049546e-05
MAR08028	6.570980090049546e-05
MAR08082	6.570980090049546e-05
MAR08361	6.570980090049546e-05
MAR08363	6.570980090049546e-05
MAR08412	6.570980090049546e-05
MAR08447	6.570980090049546e-05
MAR08476	0.003014107506953747
MAR08789	6.570980090049546e-05
MAR08828	6.570980090049546e-05
MAR08837	6.570980090049546e-05
MAR08838	6.570980090049546e-05
MAR08839	6.570980090049546e-05
MAR08840	6.570980090049546e-05
MAR08841	6.570980090049546e-05
MAR08842	6.570980090049546e-05
MAR08843	6.570980090049546e-05
MAR08844	6.570980090049546e-05
MAR08845	6.570980090049546e-05
MAR08862	6.570980090049546e-05
MAR08868	6.570980090049546e-05
MAR08871	6.570980090049546e-05
MAR08894	6.570980090049546e-05
MAR08909	6.570980090049546e-05
MAR08918	6.570980090049546e-05
MAR09673	6.570980090049546e-05
MAR09674	6.570980090049546e-05
MAR08638	6.570980090049546e-05
MAR08642	6.570980090049546e-05
MAR04314	0.009117273512233697
MAR09016	6.570980090049546e-05
MAR09018	6.570980090049546e-05
MAR00769	6.570980090049546e-05
MAR00791	6.570980090049546e-05
MAR00796	6.570980090049546e-05
MAR00798	6.570980090049546e-05
MAR00802	6.570980090049546e-05
MAR00831	6.570980090049546e-05
MAR00913	6.570980090049546e-05
MAR00929	6.570980090049546e-05
MAR01917	0.004663762058407609
MAR02040	6.570980090049546e-05
MAR02087	6.570980090049546e-05
MAR02090	6.570980090049546e-05
MAR02101	6.570980090049546e-05
MAR03987	6.570980090049546e-05
MAR04887	6.570980090049546e-05
MAR04903	6.570980090049546e-05
MAR04907	0.0017389748643587015
MAR04962	6.570980090049546e-05
MAR05047	0.0009703459676669965
MAR05048	0.0007853573014772467
MAR05049	0.0007853573014772467
MAR05050	0.0007853573014772467
MAR05051	0.0007853573014772467
MAR05052	0.0007853573014772467
MAR05053	0.0007853573014772467
MAR05054	0.0007853573014772467
MAR05055	0.0007853573014772467
MAR05056	0.0007853573014772467
MAR05057	0.0007853573014772467
MAR05058	0.0007853573014772467
MAR05059	0.0007853573014772467
MAR05060	0.0007853573014772467
MAR05061	0.0007853573014772467
MAR05062	0.0007853573014772467
MAR05063	0.0007853573014772467
MAR05064	0.0007853573014772467
MAR05065	0.0007853573014772467
MAR05066	0.0007853573014772467
MAR05067	0.0007853573014772467
MAR05197	6.570980090049546e-05
MAR05199	6.570980090049546e-05
MAR05201	6.570980090049546e-05
MAR05204	6.570980090049546e-05
MAR05212	6.570980090049546e-05
MAR05214	6.570980090049546e-05
MAR05217	6.570980090049546e-05
MAR05218	6.570980090049546e-05
MAR05220	6.570980090049546e-05
MAR05224	6.570980090049546e-05
MAR05226	6.570980090049546e-05
MAR05228	6.570980090049546e-05
MAR05230	6.570980090049546e-05
MAR07196	0.0007908100278376641
MAR07199	6.570980090049546e-05
MAR07224	6.570980090049546e-05
MAR07252	6.570980090049546e-05
MAR07283	6.570980090049546e-05
MAR07374	6.570980090049546e-05
MAR07430	6.570980090049546e-05
MAR07454	6.570980090049546e-05
MAR07470	6.570980090049546e-05
MAR07483	6.570980090049546e-05
MAR07500	6.570980090049546e-05
MAR07512	6.570980090049546e-05
MAR07524	6.570980090049546e-05
MAR07540	6.570980090049546e-05
MAR07556	6.570980090049546e-05
MAR07570	6.570980090049546e-05
MAR07581	6.570980090049546e-05
MAR07584	6.570980090049546e-05
MAR07710	0.00045400183801550876
MAR07711	6.570980090049546e-05
MAR07714	0.00045400183801550876
MAR07715	6.570980090049546e-05
MAR07718	0.00045400183801550876
MAR07720	6.570980090049546e-05
MAR07722	0.00045400183801550876
MAR07724	6.570980090049546e-05
MAR07726	0.00045400183801550876
MAR07727	6.570980090049546e-05
MAR07729	0.00045400183801550876
MAR07730	6.570980090049546e-05
MAR07732	6.570980090049546e-05
MAR07762	6.570980090049546e-05
MAR07770	6.570980090049546e-05
MAR07799	0.003681312431634538
MAR07907	6.570980090049546e-05
MAR07915	6.570980090049546e-05
MAR07918	6.570980090049546e-05
MAR07924	6.570980090049546e-05
MAR07927	6.570980090049546e-05
MAR08118	6.570980090049546e-05
MAR08119	6.570980090049546e-05
MAR08121	6.570980090049546e-05
MAR08123	6.570980090049546e-05
MAR08125	6.570980090049546e-05
MAR08127	6.570980090049546e-05
MAR08131	6.570980090049546e-05
MAR08134	6.570980090049546e-05
MAR08196	6.570980090049546e-05
MAR08200	6.570980090049546e-05
MAR08202	6.570980090049546e-05
MAR08203	6.570980090049546e-05
MAR08208	6.570980090049546e-05
MAR08216	6.570980090049546e-05
MAR08244	6.570980090049546e-05
MAR08355	0.0007853573014772467
MAR08370	6.570980090049546e-05
MAR08490	6.570980090049546e-05
MAR08491	6.570980090049546e-05
MAR08492	6.570980090049546e-05
MAR08531	6.570980090049546e-05
MAR08588	6.570980090049546e-05
MAR08590	6.570980090049546e-05
MAR08688	0.0007853573014772467
MAR08753	6.570980090049546e-05
MAR08763	6.570980090049546e-05
MAR08765	6.570980090049546e-05
MAR08858	6.570980090049546e-05
MAR08875	6.570980090049546e-05
MAR08885	6.570980090049546e-05
MAR08887	0.0007908100278376641
MAR08908	0.0007908100278376641
MAR08928	0.0007853573014772467
MAR09672	6.570980090049546e-05
MAR00612	6.570980090049546e-05
MAR03597	6.570980090049546e-05
MAR04961	6.570980090049546e-05
MAR05045	6.570980090049546e-05
MAR05248	6.570980090049546e-05
MAR05249	6.570980090049546e-05
MAR05250	6.570980090049546e-05
MAR05251	6.570980090049546e-05
MAR05252	6.570980090049546e-05
MAR05253	6.570980090049546e-05
MAR05255	6.570980090049546e-05
MAR07198	6.570980090049546e-05
MAR07284	6.570980090049546e-05
MAR09738	6.570980090049546e-05
MAR09739	6.570980090049546e-05
MAR09740	6.570980090049546e-05
MAR09741	6.570980090049546e-05
MAR09742	6.570980090049546e-05
MAR09743	6.570980090049546e-05
MAR09744	6.570980090049546e-05
MAR09745	6.570980090049546e-05
MAR09746	6.570980090049546e-05
MAR09747	6.570980090049546e-05
MAR09748	6.570980090049546e-05
MAR09749	6.570980090049546e-05
MAR09750	6.570980090049546e-05
MAR09751	6.570980090049546e-05
MAR09752	6.570980090049546e-05
MAR09753	6.570980090049546e-05
MAR09754	6.570980090049546e-05
MAR09755	6.570980090049546e-05
MAR09756	6.570980090049546e-05
MAR09757	6.570980090049546e-05
MAR09758	6.570980090049546e-05
MAR09759	6.570980090049546e-05
MAR09760	6.570980090049546e-05
MAR09761	6.570980090049546e-05
MAR09762	6.570980090049546e-05
MAR09763	6.570980090049546e-05
MAR09764	6.570980090049546e-05
MAR09765	6.570980090049546e-05
MAR09766	6.570980090049546e-05
MAR09767	6.570980090049546e-05
MAR09768	6.570980090049546e-05
MAR09769	6.570980090049546e-05
MAR09770	6.570980090049546e-05
MAR09771	6.570980090049546e-05
MAR09772	6.570980090049546e-05
MAR09773	6.570980090049546e-05
MAR09774	6.570980090049546e-05
MAR09775	6.570980090049546e-05
MAR09776	6.570980090049546e-05
MAR09777	6.570980090049546e-05
MAR09778	6.570980090049546e-05
MAR09779	6.570980090049546e-05
MAR09780	6.570980090049546e-05
MAR09781	6.570980090049546e-05
MAR09782	6.570980090049546e-05
MAR09783	6.570980090049546e-05
MAR09784	6.570980090049546e-05
MAR09785	6.570980090049546e-05
MAR09786	6.570980090049546e-05
MAR09787	6.570980090049546e-05
MAR09788	6.570980090049546e-05
MAR09789	6.570980090049546e-05
MAR09790	6.570980090049546e-05
MAR09791	6.570980090049546e-05
MAR09792	6.570980090049546e-05
MAR09793	8.898364005564803e-05
MAR09794	6.570980090049546e-05
MAR09795	6.570980090049546e-05
MAR09796	6.570980090049546e-05
MAR00652	6.570980090049546e-05
MAR00717	6.570980090049546e-05
MAR00731	0.0002715830783917941
MAR00732	6.570980090049546e-05
MAR00734	6.570980090049546e-05
MAR00917	6.570980090049546e-05
MAR00918	0.0004294671211057129
MAR01916	0.004663762058407609
MAR04125	0.0004294671211057129
MAR04892	6.570980090049546e-05
MAR04902	6.570980090049546e-05
MAR04955	6.570980090049546e-05
MAR06577	6.570980090049546e-05
MAR06578	0.009117273512233697
MAR07201	6.570980090049546e-05
MAR07204	6.570980090049546e-05
MAR07331	6.570980090049546e-05
MAR07431	6.570980090049546e-05
MAR07433	0.0022876719392387755
MAR07434	0.0004048266560018626
MAR07435	6.570980090049546e-05
MAR07437	6.570980090049546e-05
MAR07675	0.003698286112993339
MAR07693	0.00027518728479137145
MAR07694	0.00047077480525917296
MAR07695	0.00047077480525917296
MAR07733	0.0015569851276063204
MAR07740	0.00439996924977252
MAR07743	0.0026343150388881457
MAR07759	0.0017314451780721912
MAR07761	3.400890410207741e-05
MAR07793	6.570980090049546e-05
MAR08084	6.570980090049546e-05
MAR08086	6.570980090049546e-05
MAR08145	6.570980090049546e-05
MAR08146	0.0002715830783917941
MAR08153	6.570980090049546e-05
MAR08157	6.570980090049546e-05
MAR08160	6.570980090049546e-05
MAR08163	6.570980090049546e-05
MAR08193	6.570980090049546e-05
MAR08195	6.570980090049546e-05
MAR08199	6.570980090049546e-05
MAR08205	6.570980090049546e-05
MAR08207	6.570980090049546e-05
MAR08213	6.570980090049546e-05
MAR08215	6.570980090049546e-05
MAR08222	6.570980090049546e-05
MAR08230	6.570980090049546e-05
MAR08232	6.570980090049546e-05
MAR08241	6.570980090049546e-05
MAR08243	6.570980090049546e-05
MAR08252	6.570980090049546e-05
MAR08259	6.570980090049546e-05
MAR08265	6.570980090049546e-05
MAR08269	6.570980090049546e-05
MAR08272	6.570980090049546e-05
MAR08282	6.570980090049546e-05
MAR08289	6.570980090049546e-05
MAR08296	6.570980090049546e-05
MAR08299	6.570980090049546e-05
MAR08303	6.570980090049546e-05
MAR08310	6.570980090049546e-05
MAR08312	6.570980090049546e-05
MAR08314	6.570980090049546e-05
MAR08320	6.570980090049546e-05
MAR08323	6.570980090049546e-05
MAR08328	6.570980090049546e-05
MAR08335	6.570980090049546e-05
MAR08338	6.570980090049546e-05
MAR08496	0.0008363862427483395
MAR08524	6.570980090049546e-05
MAR08527	6.570980090049546e-05
MAR08661	4.033159194231788e-05
MAR08673	6.570980090049546e-05
MAR08793	6.570980090049546e-05
MAR08834	6.570980090049546e-05
MAR08856	6.570980090049546e-05
MAR08857	0.0004294671211057129
MAR08874	6.570980090049546e-05
MAR08880	6.570980090049546e-05
MAR08882	6.570980090049546e-05
MAR08895	6.570980090049546e-05
MAR08897	6.570980090049546e-05
MAR08900	6.570980090049546e-05
MAR08902	6.570980090049546e-05
MAR08904	6.570980090049546e-05
MAR08920	6.570980090049546e-05
MAR09199	0.0009247230620306127
MAR09664	6.570980090049546e-05
MAR09665	6.570980090049546e-05
MAR09666	6.570980090049546e-05
MAR09667	6.570980090049546e-05
MAR09668	6.570980090049546e-05
MAR09669	6.570980090049546e-05
MAR09670	6.570980090049546e-05
MAR09671	6.570980090049546e-05
MAR07182	6.570980090049546e-05
MAR07330	6.570980090049546e-05
MAR07432	6.570980090049546e-05
MAR04313	0.009117273512233697
MAR07307	6.570980090049546e-05
MAR01809	6.570980090049546e-05
MAR00020	6.570980090049546e-05
MAR00461	0.0002625140412326601
MAR00462	6.570980090049546e-05
MAR00466	6.570980090049546e-05
MAR00467	6.570980090049546e-05
MAR00664	0.001332986706781602
MAR00730	0.002489202832799098
MAR00768	0.0002715830783917941
MAR00771	6.570980090049546e-05
MAR00966	6.570980090049546e-05
MAR01035	6.570980090049546e-05
MAR01143	6.570980090049546e-05
MAR01189	6.570980090049546e-05
MAR01240	6.570980090049546e-05
MAR01252	6.570980090049546e-05
MAR01269	6.570980090049546e-05
MAR01306	6.570980090049546e-05
MAR01309	6.570980090049546e-05
MAR01311	6.570980090049546e-05
MAR01316	6.570980090049546e-05
MAR01331	6.570980090049546e-05
MAR01392	0.0007850023694161789
MAR01530	6.570980090049546e-05
MAR01672	6.570980090049546e-05
MAR01937	6.570980090049546e-05
MAR01998	6.570980090049546e-05
MAR02039	6.570980090049546e-05
MAR02066	6.570980090049546e-05
MAR02081	6.570980090049546e-05
MAR02092	6.570980090049546e-05
MAR02103	6.570980090049546e-05
MAR02554	6.570980090049546e-05
MAR02569	6.570980090049546e-05
MAR02777	0.00021930308440387252
MAR03953	6.570980090049546e-05
MAR04123	6.570980090049546e-05
MAR04126	6.570980090049546e-05
MAR04765	6.570980090049546e-05
MAR04846	6.570980090049546e-05
MAR04856	6.570980090049546e-05
MAR04860	6.570980090049546e-05
MAR04876	6.570980090049546e-05
MAR04877	6.570980090049546e-05
MAR04878	6.570980090049546e-05
MAR04879	6.570980090049546e-05
MAR04880	0.0004707004781084557
MAR04881	0.0004048266560018626
MAR04883	6.570980090049546e-05
MAR04894	6.570980090049546e-05
MAR04906	0.0017389748643587015
MAR04913	6.570980090049546e-05
MAR04917	6.570980090049546e-05
MAR04941	6.570980090049546e-05
MAR04942	0.0003322688942838613
MAR04960	6.570980090049546e-05
MAR05004	2.9999702391573952e-05
MAR05012	6.570980090049546e-05
MAR05027	0.003698286112993339
MAR05203	6.570980090049546e-05
MAR05205	6.570980090049546e-05
MAR05207	6.570980090049546e-05
MAR05209	6.570980090049546e-05
MAR05210	6.570980090049546e-05
MAR05211	6.570980090049546e-05
MAR05245	6.570980090049546e-05
MAR05342	3.054809849332437e-05
MAR05347	6.570980090049546e-05
MAR05354	6.570980090049546e-05
MAR06385	0.0022876719392387755
MAR06386	6.570980090049546e-05
MAR06387	6.570980090049546e-05
MAR06388	6.570980090049546e-05
MAR06425	6.570980090049546e-05
MAR06430	6.570980090049546e-05
MAR06440	6.570980090049546e-05
MAR06445	6.570980090049546e-05
MAR06463	6.570980090049546e-05
MAR06468	6.570980090049546e-05
MAR06475	6.570980090049546e-05
MAR06480	6.570980090049546e-05
MAR06629	6.570980090049546e-05
MAR06797	6.570980090049546e-05
MAR06990	6.570980090049546e-05
MAR07257	6.570980090049546e-05
MAR07272	6.570980090049546e-05
MAR07273	6.570980090049546e-05
MAR07649	0.000883251584318953
MAR07766	6.570980090049546e-05
MAR07768	6.570980090049546e-05
MAR07772	6.570980090049546e-05
MAR07776	6.570980090049546e-05
MAR07778	6.570980090049546e-05
MAR07780	6.570980090049546e-05
MAR07784	6.570980090049546e-05
MAR07789	6.570980090049546e-05
MAR07791	6.570980090049546e-05
MAR07929	6.570980090049546e-05
MAR07933	6.570980090049546e-05
MAR07944	6.570980090049546e-05
MAR07947	6.570980090049546e-05
MAR07949	6.570980090049546e-05
MAR07953	6.570980090049546e-05
MAR07956	6.570980090049546e-05
MAR07960	6.570980090049546e-05
MAR07963	6.570980090049546e-05
MAR07966	6.570980090049546e-05
MAR07969	6.570980090049546e-05
MAR07981	6.570980090049546e-05
MAR07983	6.570980090049546e-05
MAR07985	6.570980090049546e-05
MAR07988	6.570980090049546e-05
MAR07989	6.570980090049546e-05
MAR08030	6.570980090049546e-05
MAR08058	6.570980090049546e-05
MAR08060	6.570980090049546e-05
MAR08234	6.570980090049546e-05
MAR08236	6.570980090049546e-05
MAR08239	6.570980090049546e-05
MAR08347	6.570980090049546e-05
MAR08350	6.570980090049546e-05
MAR08351	6.570980090049546e-05
MAR08358	6.570980090049546e-05
MAR08369	0.0004707004781084557
MAR08382	6.570980090049546e-05
MAR08526	6.570980090049546e-05
MAR08553	6.570980090049546e-05
MAR08594	6.570980090049546e-05
MAR08651	6.570980090049546e-05
MAR08681	6.570980090049546e-05
MAR08715	6.570980090049546e-05
MAR08716	6.570980090049546e-05
MAR08719	6.570980090049546e-05
MAR08722	6.570980090049546e-05
MAR08737	6.570980090049546e-05
MAR08851	6.570980090049546e-05
MAR08855	6.570980090049546e-05
MAR08859	6.570980090049546e-05
MAR08886	6.570980090049546e-05
MAR08888	6.570980090049546e-05
MAR08906	6.570980090049546e-05
MAR08914	6.570980090049546e-05
MAR08915	6.570980090049546e-05
MAR08919	6.570980090049546e-05
MAR08921	6.570980090049546e-05
MAR09177	6.570980090049546e-05
MAR09200	0.004304613508339541
MAR09625	6.570980090049546e-05
MAR09626	6.570980090049546e-05
MAR09627	6.570980090049546e-05
MAR09628	6.570980090049546e-05
MAR09629	6.570980090049546e-05
MAR09630	6.570980090049546e-05
MAR09631	6.570980090049546e-05
MAR09632	6.570980090049546e-05
MAR09633	6.570980090049546e-05
MAR09634	6.570980090049546e-05
MAR09716	6.570980090049546e-05
MAR09724	6.570980090049546e-05
MAR09732	6.570980090049546e-05
MAR07108	6.570980090049546e-05
MAR07110	6.570980090049546e-05
MAR07112	6.570980090049546e-05
MAR07114	6.570980090049546e-05
MAR07116	6.570980090049546e-05
MAR07118	6.570980090049546e-05
MAR07120	6.570980090049546e-05
MAR07122	6.570980090049546e-05
MAR07124	6.570980090049546e-05
MAR07126	6.570980090049546e-05
MAR09023	6.570980090049546e-05
MAR09024	6.570980090049546e-05
MAR09032	6.570980090049546e-05
MAR09808	6.570980090049546e-05
MAR09809	6.570980090049546e-05
MAR09810	6.570980090049546e-05
MAR09811	6.570980090049546e-05
MAR09812	6.570980090049546e-05
MAR09813	6.570980090049546e-05
MAR09814	6.570980090049546e-05
MAR09815	6.570980090049546e-05
MAR09816	6.570980090049546e-05
MAR09033	6.570980090049546e-05
MAR09034	6.570980090049546e-05
MAR09035	6.570980090049546e-05
MAR09036	6.570980090049546e-05
MAR09037	6.570980090049546e-05
MAR09038	6.570980090049546e-05
MAR09039	6.570980090049546e-05
MAR09040	6.570980090049546e-05
MAR09041	6.570980090049546e-05
MAR09042	6.570980090049546e-05
MAR09043	6.570980090049546e-05
MAR09044	6.570980090049546e-05
MAR09045	6.570980090049546e-05
MAR09046	6.570980090049546e-05
MAR09047	6.570980090049546e-05
MAR09048	6.570980090049546e-05
MAR09049	6.570980090049546e-05
MAR09050	6.570980090049546e-05
MAR09051	6.570980090049546e-05
MAR09052	6.570980090049546e-05
MAR09053	6.570980090049546e-05
MAR09054	6.570980090049546e-05
MAR09055	6.570980090049546e-05
MAR09056	6.570980090049546e-05
MAR09058	6.570980090049546e-05
MAR09061	6.570980090049546e-05
MAR09062	6.570980090049546e-05
MAR09063	6.570980090049546e-05
MAR09064	6.570980090049546e-05
MAR09065	6.570980090049546e-05
MAR09066	6.570980090049546e-05
MAR09067	6.570980090049546e-05
MAR09068	6.570980090049546e-05
MAR09069	6.570980090049546e-05
MAR09070	6.570980090049546e-05
MAR09071	6.570980090049546e-05
MAR09072	6.570980090049546e-05
MAR09073	6.570980090049546e-05
MAR09074	6.570980090049546e-05
MAR09075	6.570980090049546e-05
MAR09076	6.570980090049546e-05
MAR09077	6.570980090049546e-05
MAR09078	6.570980090049546e-05
MAR09079	6.570980090049546e-05
MAR09080	6.570980090049546e-05
MAR09081	6.570980090049546e-05
MAR09082	6.570980090049546e-05
MAR09083	6.570980090049546e-05
MAR09084	6.570980090049546e-05
MAR09085	6.570980090049546e-05
MAR09086	6.570980090049546e-05
MAR09087	6.570980090049546e-05
MAR09088	6.570980090049546e-05
MAR09089	6.570980090049546e-05
MAR09090	6.570980090049546e-05
MAR09091	6.570980090049546e-05
MAR09092	6.570980090049546e-05
MAR09093	6.570980090049546e-05
MAR09094	6.570980090049546e-05
MAR09095	6.570980090049546e-05
MAR09096	6.570980090049546e-05
MAR09097	6.570980090049546e-05
MAR09098	6.570980090049546e-05
MAR09099	6.570980090049546e-05
MAR09100	6.570980090049546e-05
MAR09101	6.570980090049546e-05
MAR09102	6.570980090049546e-05
MAR09103	6.570980090049546e-05
MAR09104	6.570980090049546e-05
MAR09105	6.570980090049546e-05
MAR09106	6.570980090049546e-05
MAR09107	6.570980090049546e-05
MAR09108	6.570980090049546e-05
MAR09109	6.570980090049546e-05
MAR09110	6.570980090049546e-05
MAR09111	6.570980090049546e-05
MAR09113	6.570980090049546e-05
MAR09114	6.570980090049546e-05
MAR09115	6.570980090049546e-05
MAR09116	6.570980090049546e-05
MAR09117	6.570980090049546e-05
MAR09118	6.570980090049546e-05
MAR09119	6.570980090049546e-05
MAR09120	6.570980090049546e-05
MAR09121	6.570980090049546e-05
MAR09122	6.570980090049546e-05
MAR09123	6.570980090049546e-05
MAR09124	6.570980090049546e-05
MAR09125	6.570980090049546e-05
MAR09126	6.570980090049546e-05
MAR09127	6.570980090049546e-05
MAR09128	6.570980090049546e-05
MAR09129	6.570980090049546e-05
MAR09130	6.570980090049546e-05
MAR09131	6.570980090049546e-05
MAR09132	6.570980090049546e-05
MAR09133	6.570980090049546e-05
MAR09134	6.570980090049546e-05
MAR09135	6.570980090049546e-05
MAR09136	6.570980090049546e-05
MAR09137	6.570980090049546e-05
MAR09138	6.570980090049546e-05
MAR09139	6.570980090049546e-05
MAR09140	6.570980090049546e-05
MAR09141	6.570980090049546e-05
MAR09142	6.570980090049546e-05
MAR09143	6.570980090049546e-05
MAR09144	6.570980090049546e-05
MAR09145	6.570980090049546e-05
MAR09146	6.570980090049546e-05
MAR09147	6.570980090049546e-05
MAR09148	6.570980090049546e-05
MAR09149	6.570980090049546e-05
MAR09150	6.570980090049546e-05
MAR09151	6.570980090049546e-05
MAR09152	6.570980090049546e-05
MAR09153	6.570980090049546e-05
MAR09154	6.570980090049546e-05
MAR09155	6.570980090049546e-05
MAR09156	6.570980090049546e-05
MAR09157	6.570980090049546e-05
MAR09158	6.570980090049546e-05
MAR09159	6.570980090049546e-05
MAR09160	6.570980090049546e-05
MAR09161	6.570980090049546e-05
MAR09162	6.570980090049546e-05
MAR09163	6.570980090049546e-05
MAR09164	6.570980090049546e-05
MAR09165	6.570980090049546e-05
MAR09166	6.570980090049546e-05
MAR09167	6.570980090049546e-05
MAR09168	6.570980090049546e-05
MAR09169	6.570980090049546e-05
MAR09171	6.570980090049546e-05
MAR09172	6.570980090049546e-05
MAR09201	6.570980090049546e-05
MAR09202	6.570980090049546e-05
MAR09203	6.570980090049546e-05
MAR09204	6.570980090049546e-05
MAR09205	6.570980090049546e-05
MAR09206	6.570980090049546e-05
MAR09207	6.570980090049546e-05
MAR09208	6.570980090049546e-05
MAR09209	6.570980090049546e-05
MAR09210	6.570980090049546e-05
MAR09211	6.570980090049546e-05
MAR09212	6.570980090049546e-05
MAR09213	6.570980090049546e-05
MAR09214	6.570980090049546e-05
MAR09215	6.570980090049546e-05
MAR09216	6.570980090049546e-05
MAR09217	6.570980090049546e-05
MAR09218	6.570980090049546e-05
MAR09219	6.570980090049546e-05
MAR09220	6.570980090049546e-05
MAR09221	6.570980090049546e-05
MAR09222	6.570980090049546e-05
MAR09223	6.570980090049546e-05
MAR09224	6.570980090049546e-05
MAR09225	6.570980090049546e-05
MAR09226	6.570980090049546e-05
MAR09227	6.570980090049546e-05
MAR09228	6.570980090049546e-05
MAR09229	6.570980090049546e-05
MAR09230	6.570980090049546e-05
MAR09231	6.570980090049546e-05
MAR09232	6.570980090049546e-05
MAR09233	6.570980090049546e-05
MAR09234	6.570980090049546e-05
MAR09235	6.570980090049546e-05
MAR09236	6.570980090049546e-05
MAR09237	6.570980090049546e-05
MAR09238	6.570980090049546e-05
MAR09239	6.570980090049546e-05
MAR09240	6.570980090049546e-05
MAR09241	6.570980090049546e-05
MAR09242	6.570980090049546e-05
MAR09243	6.570980090049546e-05
MAR09244	6.570980090049546e-05
MAR09245	6.570980090049546e-05
MAR09246	6.570980090049546e-05
MAR09247	6.570980090049546e-05
MAR09248	6.570980090049546e-05
MAR09249	6.570980090049546e-05
MAR09250	6.570980090049546e-05
MAR09251	6.570980090049546e-05
MAR09252	6.570980090049546e-05
MAR09253	6.570980090049546e-05
MAR09254	6.570980090049546e-05
MAR09255	6.570980090049546e-05
MAR09256	6.570980090049546e-05
MAR09257	6.570980090049546e-05
MAR09258	6.570980090049546e-05
MAR09259	6.570980090049546e-05
MAR09260	6.570980090049546e-05
MAR09261	6.570980090049546e-05
MAR09262	6.570980090049546e-05
MAR09263	6.570980090049546e-05
MAR09264	6.570980090049546e-05
MAR09265	6.570980090049546e-05
MAR09266	6.570980090049546e-05
MAR09267	6.570980090049546e-05
MAR09268	6.570980090049546e-05
MAR09269	6.570980090049546e-05
MAR09270	6.570980090049546e-05
MAR09271	6.570980090049546e-05
MAR09272	6.570980090049546e-05
MAR09273	6.570980090049546e-05
MAR09275	6.570980090049546e-05
MAR09276	6.570980090049546e-05
MAR09277	6.570980090049546e-05
MAR09278	6.570980090049546e-05
MAR09279	6.570980090049546e-05
MAR09280	6.570980090049546e-05
MAR09281	6.570980090049546e-05
MAR09282	6.570980090049546e-05
MAR09283	6.570980090049546e-05
MAR09284	6.570980090049546e-05
MAR09285	6.570980090049546e-05
MAR09286	6.570980090049546e-05
MAR09287	6.570980090049546e-05
MAR09288	6.570980090049546e-05
MAR09289	6.570980090049546e-05
MAR09290	6.570980090049546e-05
MAR09291	6.570980090049546e-05
MAR09292	6.570980090049546e-05
MAR09293	6.570980090049546e-05
MAR09294	6.570980090049546e-05
MAR09295	6.570980090049546e-05
MAR09296	6.570980090049546e-05
MAR09297	6.570980090049546e-05
MAR09298	6.570980090049546e-05
MAR09299	6.570980090049546e-05
MAR09300	6.570980090049546e-05
MAR09301	6.570980090049546e-05
MAR09302	6.570980090049546e-05
MAR09303	6.570980090049546e-05
MAR09304	6.570980090049546e-05
MAR09305	6.570980090049546e-05
MAR09306	6.570980090049546e-05
MAR09307	6.570980090049546e-05
MAR09308	6.570980090049546e-05
MAR09309	6.570980090049546e-05
MAR09310	6.570980090049546e-05
MAR09311	6.570980090049546e-05
MAR09312	6.570980090049546e-05
MAR09313	6.570980090049546e-05
MAR09314	6.570980090049546e-05
MAR09315	6.570980090049546e-05
MAR09316	6.570980090049546e-05
MAR09317	6.570980090049546e-05
MAR09318	6.570980090049546e-05
MAR09319	6.570980090049546e-05
MAR09320	6.570980090049546e-05
MAR09321	6.570980090049546e-05
MAR09322	6.570980090049546e-05
MAR09323	6.570980090049546e-05
MAR09324	6.570980090049546e-05
MAR09325	6.570980090049546e-05
MAR09326	6.570980090049546e-05
MAR09327	6.570980090049546e-05
MAR09328	6.570980090049546e-05
MAR09329	6.570980090049546e-05
MAR09330	6.570980090049546e-05
MAR09331	6.570980090049546e-05
MAR09332	6.570980090049546e-05
MAR09333	6.570980090049546e-05
MAR09334	6.570980090049546e-05
MAR09335	6.570980090049546e-05
MAR09336	6.570980090049546e-05
MAR09337	6.570980090049546e-05
MAR09338	6.570980090049546e-05
MAR09339	6.570980090049546e-05
MAR09340	6.570980090049546e-05
MAR09341	6.570980090049546e-05
MAR09342	6.570980090049546e-05
MAR09343	6.570980090049546e-05
MAR09344	6.570980090049546e-05
MAR09345	6.570980090049546e-05
MAR09346	6.570980090049546e-05
MAR09347	6.570980090049546e-05
MAR09348	6.570980090049546e-05
MAR09349	6.570980090049546e-05
MAR09350	6.570980090049546e-05
MAR09351	6.570980090049546e-05
MAR09352	6.570980090049546e-05
MAR09353	6.570980090049546e-05
MAR09354	6.570980090049546e-05
MAR09355	6.570980090049546e-05
MAR09356	6.570980090049546e-05
MAR09357	6.570980090049546e-05
MAR09358	6.570980090049546e-05
MAR09359	6.570980090049546e-05
MAR09360	6.570980090049546e-05
MAR09361	6.570980090049546e-05
MAR09362	6.570980090049546e-05
MAR09363	6.570980090049546e-05
MAR09364	6.570980090049546e-05
MAR09365	6.570980090049546e-05
MAR09366	6.570980090049546e-05
MAR09367	6.570980090049546e-05
MAR09368	6.570980090049546e-05
MAR09369	6.570980090049546e-05
MAR09370	6.570980090049546e-05
MAR09371	6.570980090049546e-05
MAR09372	6.570980090049546e-05
MAR09373	6.570980090049546e-05
MAR09374	6.570980090049546e-05
MAR09375	6.570980090049546e-05
MAR09376	6.570980090049546e-05
MAR09377	6.570980090049546e-05
MAR09378	6.570980090049546e-05
MAR09379	6.570980090049546e-05
MAR09380	6.570980090049546e-05
MAR09381	6.570980090049546e-05
MAR09382	6.570980090049546e-05
MAR09383	6.570980090049546e-05
MAR09384	6.570980090049546e-05
MAR09385	6.570980090049546e-05
MAR09386	6.570980090049546e-05
MAR09387	6.570980090049546e-05
MAR09388	6.570980090049546e-05
MAR09389	6.570980090049546e-05
MAR09390	6.570980090049546e-05
MAR09391	6.570980090049546e-05
MAR09392	6.570980090049546e-05
MAR09393	6.570980090049546e-05
MAR09394	6.570980090049546e-05
MAR09395	6.570980090049546e-05
MAR09396	6.570980090049546e-05
MAR09397	6.570980090049546e-05
MAR09398	6.570980090049546e-05
MAR09399	6.570980090049546e-05
MAR09400	6.570980090049546e-05
MAR09401	6.570980090049546e-05
MAR09404	6.570980090049546e-05
MAR09405	6.570980090049546e-05
MAR09406	6.570980090049546e-05
MAR09407	6.570980090049546e-05
MAR09408	6.570980090049546e-05
MAR09409	6.570980090049546e-05
MAR09410	6.570980090049546e-05
MAR09411	6.570980090049546e-05
MAR09412	6.570980090049546e-05
MAR09413	6.570980090049546e-05
MAR09414	6.570980090049546e-05
MAR09415	6.570980090049546e-05
MAR09416	6.570980090049546e-05
MAR09417	6.570980090049546e-05
MAR09418	6.570980090049546e-05
MAR09419	6.570980090049546e-05
MAR09420	6.570980090049546e-05
MAR09421	6.570980090049546e-05
MAR09422	6.570980090049546e-05
MAR09423	6.570980090049546e-05
MAR09424	6.570980090049546e-05
MAR09425	6.570980090049546e-05
MAR09426	6.570980090049546e-05
MAR09427	6.570980090049546e-05
MAR09428	6.570980090049546e-05
MAR09429	6.570980090049546e-05
MAR09430	6.570980090049546e-05
MAR09431	6.570980090049546e-05
MAR09432	6.570980090049546e-05
MAR09433	6.570980090049546e-05
MAR09434	6.570980090049546e-05
MAR09435	6.570980090049546e-05
MAR09436	6.570980090049546e-05
MAR09437	6.570980090049546e-05
MAR09438	6.570980090049546e-05
MAR09439	6.570980090049546e-05
MAR09440	6.570980090049546e-05
MAR09441	6.570980090049546e-05
MAR09442	6.570980090049546e-05
MAR09443	6.570980090049546e-05
MAR09444	6.570980090049546e-05
MAR09445	6.570980090049546e-05
MAR09446	6.570980090049546e-05
MAR09447	6.570980090049546e-05
MAR09448	6.570980090049546e-05
MAR09449	6.570980090049546e-05
MAR09450	6.570980090049546e-05
MAR09451	6.570980090049546e-05
MAR09452	6.570980090049546e-05
MAR09453	6.570980090049546e-05
MAR09454	6.570980090049546e-05
MAR09455	6.570980090049546e-05
MAR09456	6.570980090049546e-05
MAR09457	6.570980090049546e-05
MAR09458	6.570980090049546e-05
MAR09460	6.570980090049546e-05
MAR09461	6.570980090049546e-05
MAR09462	6.570980090049546e-05
MAR09463	6.570980090049546e-05
MAR09681	6.570980090049546e-05
MAR09682	6.570980090049546e-05
MAR09683	6.570980090049546e-05
MAR09684	6.570980090049546e-05
MAR09685	6.570980090049546e-05
MAR09686	6.570980090049546e-05
MAR09687	6.570980090049546e-05
MAR09688	6.570980090049546e-05
MAR09689	6.570980090049546e-05
MAR09690	6.570980090049546e-05
MAR09691	6.570980090049546e-05
MAR09692	6.570980090049546e-05
MAR09693	6.570980090049546e-05
MAR09694	6.570980090049546e-05
MAR09695	6.570980090049546e-05
MAR09696	6.570980090049546e-05
MAR09697	6.570980090049546e-05
MAR09698	6.570980090049546e-05
MAR09699	6.570980090049546e-05
MAR09700	6.570980090049546e-05
MAR09701	6.570980090049546e-05
MAR09702	6.570980090049546e-05
MAR09703	6.570980090049546e-05
MAR09704	6.570980090049546e-05
MAR09705	6.570980090049546e-05
MAR09706	6.570980090049546e-05
MAR09707	6.570980090049546e-05
MAR09708	6.570980090049546e-05
MAR09709	6.570980090049546e-05
MAR09710	6.570980090049546e-05
MAR09711	6.570980090049546e-05
MAR09712	6.570980090049546e-05
MAR09713	6.570980090049546e-05
MAR09714	6.570980090049546e-05
MAR09715	6.570980090049546e-05
MAR09721	6.570980090049546e-05
MAR09729	6.570980090049546e-05
MAR09730	6.570980090049546e-05
MAR09725	6.570980090049546e-05
MAR00031	0.004938669582426589
MAR00021	6.570980090049546e-05
MAR00022	6.570980090049546e-05
MAR00023	6.570980090049546e-05
MAR00033	6.570980090049546e-05
MAR00034	6.570980090049546e-05
MAR00035	6.570980090049546e-05
MAR00036	6.570980090049546e-05
MAR00037	6.570980090049546e-05
MAR00038	6.570980090049546e-05
MAR00040	6.570980090049546e-05
MAR00041	6.570980090049546e-05
MAR00043	0.0002431478373933223
MAR00044	6.570980090049546e-05
MAR00045	6.570980090049546e-05
MAR00046	0.0008920324197611348
MAR00047	6.570980090049546e-05
MAR00048	6.570980090049546e-05
MAR00049	6.570980090049546e-05
MAR00050	0.0003322688942838613
MAR00051	0.0004184749568452681
MAR00052	5.5199246185587674e-05
MAR00053	0.0003322688942838613
MAR00054	6.570980090049546e-05
MAR00055	0.0004368490154443071
MAR00056	6.570980090049546e-05
MAR00057	0.00014245897144822602
MAR00058	2.911450790225425e-05
MAR00060	0.0002568242362997391
MAR00061	6.570980090049546e-05
MAR00062	0.0003999400912329663
MAR00063	6.570980090049546e-05
MAR00064	0.0002568242362997391
MAR00065	5.5199246185587674e-05
MAR00066	0.0007853573014772467
MAR00067	0.0019418276330087662
MAR00068	0.0023763797569202106
MAR00069	8.494242923005688e-05
MAR00070	8.494242923005688e-05
MAR00071	8.494242923005688e-05
MAR00072	0.026609588106740235
MAR00073	6.570980090049546e-05
MAR00074	6.570980090049546e-05
MAR00075	6.570980090049546e-05
MAR00076	0.0002568242362997391
MAR00077	6.570980090049546e-05
MAR00078	6.570980090049546e-05
MAR00079	0.0021072374841977406
MAR00080	0.019375854246746135
MAR00081	0.0004540041786253893
MAR00082	0.0004540041786253893
MAR00083	4.1512536455967164e-05
MAR00084	4.1512536455967164e-05
MAR00085	4.1512536455967164e-05
MAR00086	0.0001320515753575467
MAR00087	2.911450790225425e-05
MAR00088	0.0006778846424716598
MAR00089	6.570980090049546e-05
MAR00090	6.570980090049546e-05
MAR00091	6.931544370756904e-05
MAR00092	0.0001320515753575467
MAR00093	0.005763777341666581
MAR00094	0.0020104284836489667
MAR00095	2.937152499093514e-05
MAR00097	0.005763777341666581
MAR00098	6.570980090049546e-05
MAR00099	6.570980090049546e-05
MAR00100	6.570980090049546e-05
MAR00101	0.0005667140259017587
MAR00102	0.0002568242362997391
MAR00103	0.002359513539023806
MAR00104	0.00020026276065746008
MAR00105	0.0002568242362997391
MAR00106	0.0002568242362997391
MAR00107	0.0002568242362997391
MAR00108	0.002359513539023806
MAR00109	0.00020026276065746008
MAR00110	0.0002568242362997391
MAR00111	0.0002568242362997391
MAR00112	6.570980090049546e-05
MAR00113	0.0034588685075798717
MAR00114	0.0034588685075798717
MAR00115	0.0004948924418959001
MAR00116	0.0023319582192685906
MAR00117	0.0034588685075798717
MAR00118	0.0034588685075798717
MAR00119	0.0006190129206716817
MAR00120	6.570980090049546e-05
MAR00121	0.0012174706711716443
MAR00122	0.0012174706711716443
MAR00123	6.570980090049546e-05
MAR00124	0.0021072374841977406
MAR00125	0.004219355001764122
MAR00126	0.0003547996002941641
MAR00127	6.570980090049546e-05
MAR00128	0.0002568242362997391
MAR00129	0.001171312468962121
MAR00130	6.570980090049546e-05
MAR00131	0.0009465112495028563
MAR00132	6.570980090049546e-05
MAR00133	0.0001682052699063911
MAR00134	0.000424252683261529
MAR00135	6.570980090049546e-05
MAR00136	6.570980090049546e-05
MAR00137	0.0001716038862653382
MAR00138	6.570980090049546e-05
MAR00139	0.00045205661541366545
MAR00140	6.570980090049546e-05
MAR00141	0.0015422709728862393
MAR00142	6.570980090049546e-05
MAR00143	0.0002568242362997391
MAR00144	0.01580434241671891
MAR00145	0.00012111023809782444
MAR00146	0.01580434241671891
MAR00147	0.01580434241671891
MAR00148	0.01580434241671891
MAR00149	0.00012111023809782444
MAR00150	0.00012111023809782444
MAR00151	0.00012111023809782444
MAR00152	0.0010474425767628465
MAR00181	0.0010474425767628465
MAR00186	0.0010474425767628465
MAR00205	6.570980090049546e-05
MAR00218	6.570980090049546e-05
MAR00219	6.570980090049546e-05
MAR00220	6.570980090049546e-05
MAR00221	6.570980090049546e-05
MAR00222	0.004583058235997571
MAR00227	0.0044910563655390316
MAR00228	0.0044910563655390316
MAR00229	6.570980090049546e-05
MAR00251	6.570980090049546e-05
MAR00252	0.0002568242362997391
MAR00285	0.0017270203505803613
MAR00286	6.570980090049546e-05
MAR00315	6.570980090049546e-05
MAR00316	6.570980090049546e-05
MAR00333	6.570980090049546e-05
MAR00334	5.5199246185587674e-05
MAR00441	0.0016623197057246955
MAR00442	2.911450790225425e-05
MAR00443	0.004781078178549056
MAR00447	6.570980090049546e-05
MAR00451	0.0002568242362997391
MAR00452	0.002359513539023806
MAR00455	0.00020026276065746008
MAR00465	0.0002568242362997391
MAR00471	0.0004523791444713287
MAR00472	0.0004523791444713287
MAR00473	6.570980090049546e-05
MAR00474	6.570980090049546e-05
MAR00475	6.570980090049546e-05
MAR00480	6.570980090049546e-05
MAR00485	6.570980090049546e-05
MAR00554	6.570980090049546e-05
MAR00564	6.570980090049546e-05
MAR00565	6.570980090049546e-05
MAR00566	6.570980090049546e-05
MAR00567	6.570980090049546e-05
MAR00568	6.570980090049546e-05
MAR00569	6.570980090049546e-05
MAR00570	6.570980090049546e-05
MAR00571	6.570980090049546e-05
MAR00572	6.570980090049546e-05
MAR00573	6.570980090049546e-05
MAR00574	6.570980090049546e-05
MAR00575	6.570980090049546e-05
MAR00576	6.570980090049546e-05
MAR00577	6.570980090049546e-05
MAR00583	6.570980090049546e-05
MAR00585	6.570980090049546e-05
MAR00595	6.570980090049546e-05
MAR00603	6.570980090049546e-05
MAR00606	6.570980090049546e-05
MAR00608	6.570980090049546e-05
MAR00609	6.570980090049546e-05
MAR00611	6.570980090049546e-05
MAR00617	6.570980090049546e-05
MAR00618	6.570980090049546e-05
MAR00619	6.570980090049546e-05
MAR00620	6.570980090049546e-05
MAR00621	6.570980090049546e-05
MAR00624	6.570980090049546e-05
MAR00626	6.570980090049546e-05
MAR00628	6.570980090049546e-05
MAR00631	6.570980090049546e-05
MAR00637	6.570980090049546e-05
MAR00639	6.570980090049546e-05
MAR00650	6.570980090049546e-05
MAR00655	6.570980090049546e-05
MAR00656	6.570980090049546e-05
MAR00658	6.570980090049546e-05
MAR00661	6.570980090049546e-05
MAR00662	6.570980090049546e-05
MAR00666	6.570980090049546e-05
MAR00693	6.570980090049546e-05
MAR00694	6.570980090049546e-05
MAR00695	6.570980090049546e-05
MAR00696	6.570980090049546e-05
MAR00697	6.570980090049546e-05
MAR00698	6.570980090049546e-05
MAR00699	6.570980090049546e-05
MAR00700	6.570980090049546e-05
MAR00701	6.570980090049546e-05
MAR00702	6.570980090049546e-05
MAR00704	6.570980090049546e-05
MAR00711	6.570980090049546e-05
MAR00714	6.570980090049546e-05
MAR00720	6.570980090049546e-05
MAR00721	6.570980090049546e-05
MAR00722	6.570980090049546e-05
MAR00723	3.0059850719399458e-05
MAR00724	3.0059850719399458e-05
MAR00725	3.0059850719399458e-05
MAR00726	3.0059850719399458e-05
MAR00727	6.570980090049546e-05
MAR00728	6.570980090049546e-05
MAR00729	3.0059850719399458e-05
MAR00737	0.0004924976550984932
MAR00739	0.0012976461318380383
MAR00742	3.1192667027633244e-05
MAR00743	0.001832281651593536
MAR00745	0.001832281651593536
MAR00747	0.001832281651593536
MAR00749	0.001832281651593536
MAR00751	0.0006104897285550905
MAR00752	0.0006104897285550905
MAR00755	0.0006104897285550905
MAR00756	0.0006104897285550905
MAR00757	0.0006104897285550905
MAR00759	0.000677045920163082
MAR00764	0.0006104897285550905
MAR00772	0.0006104897285550905
MAR00774	0.0006104897285550905
MAR00776	0.0006104897285550905
MAR00777	0.000677045920163082
MAR00778	0.0006104897285550905
MAR00780	0.0006104897285550905
MAR00784	0.0006104897285550905
MAR00785	0.0006104897285550905
MAR00788	0.0006104897285550905
MAR00799	0.0006104897285550905
MAR00800	0.000677045920163082
MAR00818	0.0006104897285550905
MAR00833	0.000677045920163082
MAR00869	0.0006104897285550905
MAR00872	0.000677045920163082
MAR00874	0.0006104897285550905
MAR00916	0.0006104897285550905
MAR00922	0.0006104897285550905
MAR00923	0.0006104897285550905
MAR00927	0.000677045920163082
MAR00930	0.0006104897285550905
MAR00952	0.000677045920163082
MAR00968	0.000677045920163082
MAR00970	0.004071677923888144
MAR00972	0.000677045920163082
MAR00974	0.000677045920163082
MAR00975	0.000677045920163082
MAR00977	0.000677045920163082
MAR00978	0.000677045920163082
MAR00982	0.000677045920163082
MAR01001	0.000677045920163082
MAR01005	0.000677045920163082
MAR01012	6.570980090049546e-05
MAR01019	6.570980090049546e-05
MAR01024	6.570980090049546e-05
MAR01031	6.570980090049546e-05
MAR01032	6.570980090049546e-05
MAR01036	0.004935899558173957
MAR01038	3.687552922195539e-05
MAR01044	0.0007826563348972851
MAR01046	6.570980090049546e-05
MAR01047	0.0003322688942838613
MAR01051	6.570980090049546e-05
MAR01052	6.570980090049546e-05
MAR01056	6.570980090049546e-05
MAR01060	6.570980090049546e-05
MAR01076	6.570980090049546e-05
MAR01078	6.570980090049546e-05
MAR01083	0.000348022274120266
MAR01118	4.41254352341596e-05
MAR01141	3.4095406610030095e-05
MAR01169	0.0010708978449783517
MAR01314	2.911450790225425e-05
MAR01340	6.570980090049546e-05
MAR01348	6.570980090049546e-05
MAR01349	6.570980090049546e-05
MAR01351	7.025762709869597e-05
MAR01353	0.002503679219698081
MAR01354	6.570980090049546e-05
MAR01368	6.570980090049546e-05
MAR01369	6.570980090049546e-05
MAR01371	0.0042601329788427575
MAR01372	0.0006778846424716598
MAR01377	6.570980090049546e-05
MAR01378	2.9942491214090216e-05
MAR01380	0.00043690726666900637
MAR01381	6.570980090049546e-05
MAR01385	6.570980090049546e-05
MAR01386	0.0007853573014772467
MAR01396	2.911450790225425e-05
MAR01397	0.0017270203505803613
MAR01399	9.790565453918039e-05
MAR01400	9.790565453918039e-05
MAR01435	6.570980090049546e-05
MAR01438	6.570980090049546e-05
MAR01439	0.00020026276065746008
MAR01441	0.0002568242362997391
MAR01442	5.5199246185587674e-05
MAR01444	3.0591857179763644e-05
MAR01446	0.0024212831086251716
MAR01447	6.570980090049546e-05
MAR01449	0.0005594004044064612
MAR01450	0.002733267808499714
MAR01452	0.0002568242362997391
MAR01453	0.026055584588077184
MAR01455	6.570980090049546e-05
MAR01456	0.0004948924418959001
MAR01461	6.570980090049546e-05
MAR01462	6.570980090049546e-05
MAR01463	0.00045400183801550876
MAR01464	6.570980090049546e-05
MAR01466	0.00045400183801550876
MAR01468	0.0026444790530740364
MAR01469	6.570980090049546e-05
MAR01471	6.570980090049546e-05
MAR01472	0.0003589544970326525
MAR01474	0.0031406696572868504
MAR01475	0.0002561260423221479
MAR01476	6.570980090049546e-05
MAR01480	6.570980090049546e-05
MAR01481	0.00020026276065746008
MAR01482	0.0002568242362997391
MAR01485	2.911450790225425e-05
MAR01486	0.0002568242362997391
MAR01487	0.0002568242362997391
MAR01488	0.002359513539023806
MAR01489	0.00020026276065746008
MAR01491	0.0002568242362997391
MAR01492	0.0002568242362997391
MAR01497	2.911450790225425e-05
MAR01498	0.0006560749190680125
MAR01499	6.570980090049546e-05
MAR01501	0.00019078886238102345
MAR01506	6.570980090049546e-05
MAR01507	6.570980090049546e-05
MAR01508	0.0021160267998039366
MAR01510	0.0021160267998039366
MAR01511	0.0029643016409876197
MAR01513	0.0005785550023613638
MAR01514	6.570980090049546e-05
MAR01517	0.0014356698337897864
MAR01518	6.570980090049546e-05
MAR01520	0.0003879061862387311
MAR01521	0.00010404179570851214
MAR01522	0.00010404179570851214
MAR01523	0.0006778846424716598
MAR01524	0.0006008143112629265
MAR01525	2.9225119598539916e-05
MAR01527	0.000292311763110037
MAR01528	0.002367652631496497
MAR01529	0.00011435932284814612
MAR01534	2.911450790225425e-05
MAR01537	6.570980090049546e-05
MAR01541	6.570980090049546e-05
MAR01542	0.00010430153005951243
MAR01554	3.071090106313917e-05
MAR01555	5.5199246185587674e-05
MAR01556	0.00020026276065746008
MAR01559	0.0002568242362997391
MAR01560	2.911450790225425e-05
MAR01561	6.570980090049546e-05
MAR01562	6.570980090049546e-05
MAR01563	6.570980090049546e-05
MAR01564	6.570980090049546e-05
MAR01566	6.570980090049546e-05
MAR01567	3.9141704171673964e-05
MAR01569	4.231785339409142e-05
MAR01571	2.911450790225425e-05
MAR01574	4.543527479366137e-05
MAR01575	6.570980090049546e-05
MAR01578	6.570980090049546e-05
MAR01579	6.570980090049546e-05
MAR01580	6.570980090049546e-05
MAR01582	6.570980090049546e-05
MAR01583	2.911450790225425e-05
MAR01586	7.949284177675522e-05
MAR01587	6.570980090049546e-05
MAR01588	0.0002568242362997391
MAR01591	6.570980090049546e-05
MAR01594	3.476991367830511e-05
MAR01596	3.476991367830511e-05
MAR01597	6.570980090049546e-05
MAR01600	0.000677045920163082
MAR01601	6.570980090049546e-05
MAR01603	0.0006369714942117597
MAR01606	0.0006369714942117597
MAR01607	6.570980090049546e-05
MAR01612	0.000306155551605613
MAR01615	0.0006052847593264236
MAR01616	0.006803079406486661
MAR01618	0.0003811381675883106
MAR01621	6.570980090049546e-05
MAR01626	6.570980090049546e-05
MAR01628	0.0035512223126608704
MAR01633	6.570980090049546e-05
MAR01634	0.001169493429665261
MAR01636	0.0020104284836489667
MAR01640	6.570980090049546e-05
MAR01641	6.570980090049546e-05
MAR01643	0.000222769991401601
MAR01645	6.570980090049546e-05
MAR01647	6.570980090049546e-05
MAR01648	6.570980090049546e-05
MAR01649	0.008003670776526795
MAR01650	0.0007853573014772467
MAR01654	6.570980090049546e-05
MAR01655	0.000129181778947994
MAR01657	6.570980090049546e-05
MAR01658	0.0013870848947622081
MAR01661	3.476991367830511e-05
MAR01664	3.476991367830511e-05
MAR01669	6.570980090049546e-05
MAR01671	0.0002568242362997391
MAR01674	0.0014977037014072543
MAR01675	0.0014977037014072543
MAR01677	0.0014977037014072543
MAR01680	6.570980090049546e-05
MAR01683	6.570980090049546e-05
MAR01686	6.570980090049546e-05
MAR01688	6.570980090049546e-05
MAR01690	0.00178518997533439
MAR01698	6.570980090049546e-05
MAR01705	6.570980090049546e-05
MAR01707	6.570980090049546e-05
MAR01711	0.0008271927457228178
MAR01712	6.570980090049546e-05
MAR01713	2.911450790225425e-05
MAR01714	0.002613841840026145
MAR01715	0.0022887931014072085
MAR01719	6.570980090049546e-05
MAR01721	0.0002568242362997391
MAR01724	6.570980090049546e-05
MAR01728	6.570980090049546e-05
MAR01731	6.570980090049546e-05
MAR01732	6.570980090049546e-05
MAR01733	6.570980090049546e-05
MAR01734	6.570980090049546e-05
MAR01736	0.00020026276065746008
MAR01755	0.0002568242362997391
MAR01757	0.00020026276065746008
MAR01763	0.0002568242362997391
MAR01773	0.00020026276065746008
MAR01775	0.0002568242362997391
MAR01779	6.570980090049546e-05
MAR01780	0.0003322688942838613
MAR01782	0.0003322688942838613
MAR01791	6.570980090049546e-05
MAR01793	0.0003322688942838613
MAR01795	6.570980090049546e-05
MAR01799	0.0002568242362997391
MAR01801	0.0026641866864545822
MAR01808	0.0026641866864545822
MAR01812	8.652411761261409e-05
MAR01814	0.0002568242362997391
MAR01816	2.911450790225425e-05
MAR01818	0.002725261140921048
MAR01820	3.085405670903728e-05
MAR01821	6.570980090049546e-05
MAR01822	6.570980090049546e-05
MAR01824	6.570980090049546e-05
MAR01825	6.570980090049546e-05
MAR01826	6.570980090049546e-05
MAR01827	6.570980090049546e-05
MAR01828	6.570980090049546e-05
MAR01829	6.570980090049546e-05
MAR01849	6.570980090049546e-05
MAR01851	6.570980090049546e-05
MAR01856	6.570980090049546e-05
MAR01858	6.570980090049546e-05
MAR01860	6.570980090049546e-05
MAR01869	6.570980090049546e-05
MAR01871	6.570980090049546e-05
MAR01873	6.570980090049546e-05
MAR01912	6.570980090049546e-05
MAR01918	6.570980090049546e-05
MAR01921	6.570980090049546e-05
MAR01922	6.570980090049546e-05
MAR01923	6.570980090049546e-05
MAR01938	6.570980090049546e-05
MAR01939	6.570980090049546e-05
MAR01946	6.570980090049546e-05
MAR01947	6.570980090049546e-05
MAR01954	6.570980090049546e-05
MAR01955	6.570980090049546e-05
MAR01956	6.570980090049546e-05
MAR01957	6.570980090049546e-05
MAR01961	6.570980090049546e-05
MAR01964	6.570980090049546e-05
MAR01965	6.570980090049546e-05
MAR01966	6.570980090049546e-05
MAR01972	6.570980090049546e-05
MAR01975	6.570980090049546e-05
MAR01984	6.570980090049546e-05
MAR01986	6.570980090049546e-05
MAR02021	2.911450790225425e-05
MAR02023	0.00013567935062678923
MAR02026	0.0022887931014072085
MAR02028	0.0007280176563750548
MAR02119	3.206720392429413e-05
MAR02120	0.00494432420848434
MAR02121	0.002359513539023806
MAR02122	0.002359513539023806
MAR02123	0.002359513539023806
MAR02124	0.0007493403204596195
MAR02125	0.0007493403204596195
MAR02126	0.01580434241671891
MAR02128	0.01580434241671891
MAR02146	6.570980090049546e-05
MAR02147	0.0022887931014072085
MAR02148	0.0007280176563750548
MAR02149	0.0007280176563750548
MAR02183	0.0007280176563750548
MAR02184	0.0002103132691610332
MAR02186	2.911450790225425e-05
MAR02187	0.0007280176563750548
MAR02188	0.003082870860214714
MAR02189	0.003082870860214714
MAR02192	0.003082870860214714
MAR02195	0.003082870860214714
MAR02196	0.003082870860214714
MAR02197	0.003082870860214714
MAR02198	0.0024486775915214475
MAR02200	0.00034813100762812286
MAR02206	0.004583058235997571
MAR02207	0.0007280176563750548
MAR02216	0.004219355001764122
MAR02220	0.004219355001764122
MAR02221	3.0240070778395675e-05
MAR02222	6.570980090049546e-05
MAR02223	6.570980090049546e-05
MAR02224	6.570980090049546e-05
MAR02225	6.570980090049546e-05
MAR02226	2.911450790225425e-05
MAR02271	3.2095163316830413e-05
MAR02272	8.898364005564803e-05
MAR02273	6.570980090049546e-05
MAR02274	6.570980090049546e-05
MAR02275	6.570980090049546e-05
MAR02278	6.570980090049546e-05
MAR02279	6.570980090049546e-05
MAR02280	6.570980090049546e-05
MAR02283	6.570980090049546e-05
MAR02285	6.570980090049546e-05
MAR02290	6.570980090049546e-05
MAR02291	6.570980090049546e-05
MAR02297	6.570980090049546e-05
MAR02298	6.570980090049546e-05
MAR02299	6.570980090049546e-05
MAR02300	6.570980090049546e-05
MAR02301	0.0003228336465316988
MAR02302	6.570980090049546e-05
MAR02303	0.004219355001764122
MAR02304	6.570980090049546e-05
MAR02306	0.0010030035969247476
MAR02308	0.0015523319739731865
MAR02310	0.003361702855299451
MAR02312	0.003361702855299451
MAR02313	0.003361702855299451
MAR02314	0.003361702855299451
MAR02316	6.570980090049546e-05
MAR02318	6.570980090049546e-05
MAR02320	6.570980090049546e-05
MAR02322	0.0005665521617173235
MAR02323	0.004935899558173957
MAR02325	0.004935899558173957
MAR02327	0.004935899558173957
MAR02329	3.0059850719399458e-05
MAR02331	6.570980090049546e-05
MAR02333	6.570980090049546e-05
MAR02335	6.570980090049546e-05
MAR02337	0.004583058235997571
MAR02339	0.004781078178549056
MAR02340	6.570980090049546e-05
MAR02341	0.0009317441157222343
MAR02346	6.570980090049546e-05
MAR02351	0.0003518826151837882
MAR02352	0.03361808679665869
MAR02357	0.03361808679665869
MAR02360	6.570980090049546e-05
MAR02375	6.570980090049546e-05
MAR02377	6.570980090049546e-05
MAR02379	6.570980090049546e-05
MAR02381	0.0024385670309423563
MAR02382	6.570980090049546e-05
MAR02385	4.033159194231788e-05
MAR02386	4.033159194231788e-05
MAR02388	0.0007008394568895724
MAR02396	2.911450790225425e-05
MAR02398	2.911450790225425e-05
MAR02400	2.911450790225425e-05
MAR02402	4.0568319828121535e-05
MAR02404	2.911450790225425e-05
MAR02405	0.004219355001764122
MAR02406	0.004219355001764122
MAR02413	0.004219355001764122
MAR02414	0.004219355001764122
MAR02416	0.004219355001764122
MAR02418	0.004219355001764122
MAR02420	0.004219355001764122
MAR02422	0.004219355001764122
MAR02424	0.00018891287294442872
MAR02425	0.00018891287294442872
MAR02427	6.570980090049546e-05
MAR02429	6.570980090049546e-05
MAR02431	6.570980090049546e-05
MAR02432	6.570980090049546e-05
MAR02471	6.570980090049546e-05
MAR02473	6.570980090049546e-05
MAR02474	6.570980090049546e-05
MAR02476	6.570980090049546e-05
MAR02477	6.570980090049546e-05
MAR02479	6.570980090049546e-05
MAR02481	6.570980090049546e-05
MAR02483	0.0006369714942117597
MAR02485	0.0006369714942117597
MAR02487	0.002918554394196026
MAR02488	0.0005827203358718112
MAR02492	6.570980090049546e-05
MAR02494	0.00023303686755539023
MAR02496	0.0009178309959064407
MAR02498	0.0005257705241037593
MAR02500	0.002918554394196026
MAR02502	0.0005827203358718112
MAR02504	0.002918554394196026
MAR02506	0.0005827203358718112
MAR02507	0.002918554394196026
MAR02508	0.0005827203358718112
MAR02519	0.006153692557047174
MAR02521	0.006153692557047174
MAR02523	0.0005257705241037593
MAR02525	0.0016298868782815266
MAR02527	6.570980090049546e-05
MAR02529	2.911450790225425e-05
MAR02531	0.009334134758457062
MAR02536	3.9122201290453987e-05
MAR02538	3.9122201290453987e-05
MAR02539	3.9122201290453987e-05
MAR02589	3.9122201290453987e-05
MAR02595	3.9122201290453987e-05
MAR02597	3.9122201290453987e-05
MAR02615	8.15982806713071e-05
MAR02617	0.00010011830895316997
MAR02619	8.15982806713071e-05
MAR02627	0.00010011830895316997
MAR02628	8.15982806713071e-05
MAR02631	0.00010011830895316997
MAR02632	8.15982806713071e-05
MAR02637	0.00010011830895316997
MAR02639	3.578963423458941e-05
MAR02641	3.578963423458941e-05
MAR02643	3.578963423458941e-05
MAR02645	0.009334134758457062
MAR02647	2.911450790225425e-05
MAR02694	0.009334134758457062
MAR02696	2.911450790225425e-05
MAR02698	0.0006612325385784311
MAR02721	6.570980090049546e-05
MAR02723	2.911450790225425e-05
MAR02725	3.9122201290453987e-05
MAR02728	3.9122201290453987e-05
MAR02743	3.9122201290453987e-05
MAR02747	3.9122201290453987e-05
MAR02749	3.9122201290453987e-05
MAR02751	2.911450790225425e-05
MAR02756	3.9122201290453987e-05
MAR02763	3.9122201290453987e-05
MAR02765	0.0006852191540752259
MAR02767	0.0005505100480155524
MAR02779	6.570980090049546e-05
MAR02781	0.0005665521617173235
MAR02782	6.570980090049546e-05
MAR02784	6.570980090049546e-05
MAR02786	0.003361702855299451
MAR02802	0.003361702855299451
MAR02804	0.0005374444640485594
MAR02808	0.0005374444640485594
MAR02810	0.0005374444640485594
MAR02818	0.0005374444640485594
MAR02820	6.570980090049546e-05
MAR02826	6.570980090049546e-05
MAR02828	6.570980090049546e-05
MAR02858	3.517729604644605e-05
MAR02860	6.570980090049546e-05
MAR02881	3.001434240478342e-05
MAR02883	6.570980090049546e-05
MAR02885	3.9141704171673964e-05
MAR02887	6.570980090049546e-05
MAR02889	6.570980090049546e-05
MAR02891	3.9141704171673964e-05
MAR02893	6.570980090049546e-05
MAR02895	6.570980090049546e-05
MAR02933	6.570980090049546e-05
MAR02934	6.570980090049546e-05
MAR02935	6.570980090049546e-05
MAR02936	6.570980090049546e-05
MAR02937	6.570980090049546e-05
MAR02938	6.570980090049546e-05
MAR02939	6.570980090049546e-05
MAR02940	0.002918554394196026
MAR02941	6.570980090049546e-05
MAR02950	0.0008271927457228178
MAR02953	0.0008271927457228178
MAR02958	0.003063398540221435
MAR02960	6.570980090049546e-05
MAR02993	6.570980090049546e-05
MAR02995	0.0025824410451150814
MAR02997	0.003448451499800963
MAR03004	0.004114325655007312
MAR03005	2.911450790225425e-05
MAR03006	0.0007850023694161789
MAR03010	0.00023103180452118275
MAR03012	0.00023103180452118275
MAR03016	6.570980090049546e-05
MAR03031	8.15982806713071e-05
MAR03036	6.570980090049546e-05
MAR03038	2.911450790225425e-05
MAR03039	6.570980090049546e-05
MAR03040	3.9141704171673964e-05
MAR03041	6.570980090049546e-05
MAR03042	2.911450790225425e-05
MAR03043	4.4097547359325895e-05
MAR03044	0.0026743555009444836
MAR03045	4.4097547359325895e-05
MAR03046	0.0025824410451150814
MAR03047	6.570980090049546e-05
MAR03048	0.00039221369988913686
MAR03049	6.570980090049546e-05
MAR03050	6.570980090049546e-05
MAR03051	0.00010011830895316997
MAR03052	0.00010011830895316997
MAR03061	0.0044910563655390316
MAR03119	6.570980090049546e-05
MAR03120	6.570980090049546e-05
MAR03124	0.0025824410451150814
MAR03126	6.570980090049546e-05
MAR03127	3.578963423458941e-05
MAR03131	6.570980090049546e-05
MAR03133	6.570980090049546e-05
MAR03134	3.109234522527061e-05
MAR03138	6.570980090049546e-05
MAR03140	2.911450790225425e-05
MAR03141	0.009334134758457062
MAR03145	2.911450790225425e-05
MAR03147	2.911450790225425e-05
MAR03148	0.009334134758457062
MAR03152	2.911450790225425e-05
MAR03154	0.0025824410451150814
MAR03155	0.0025824410451150814
MAR03159	0.0025824410451150814
MAR03161	0.0025824410451150814
MAR03162	3.201394707511796e-05
MAR03165	0.0008458289991131292
MAR03167	6.570980090049546e-05
MAR03168	6.570980090049546e-05
MAR03169	8.15982806713071e-05
MAR03207	0.00010011830895316997
MAR03209	3.9141704171673964e-05
MAR03210	6.570980090049546e-05
MAR03214	3.9141704171673964e-05
MAR03216	6.570980090049546e-05
MAR03217	6.570980090049546e-05
MAR03238	6.570980090049546e-05
MAR03248	6.570980090049546e-05
MAR03249	6.570980090049546e-05
MAR03251	3.265510048057423e-05
MAR03253	3.265510048057423e-05
MAR03255	6.570980090049546e-05
MAR03257	2.911450790225425e-05
MAR03259	6.570980090049546e-05
MAR03261	6.570980090049546e-05
MAR03263	2.911450790225425e-05
MAR03265	6.570980090049546e-05
MAR03266	6.570980090049546e-05
MAR03267	6.570980090049546e-05
MAR03268	6.570980090049546e-05
MAR03269	0.007336267456068411
MAR03270	0.0004948924418959001
MAR03271	0.0023676999316709227
MAR03273	0.003361702855299451
MAR03274	0.003361702855299451
MAR03276	0.0005374444640485594
MAR03289	0.0005374444640485594
MAR03291	0.0006104897285550905
MAR03295	0.0005374444640485594
MAR03297	0.00916989309838836
MAR03299	0.000129181778947994
MAR03300	0.0018755710546867902
MAR03303	0.0018755710546867902
MAR03308	0.0018755710546867902
MAR03313	0.0016905548379902737
MAR03318	0.003448451499800963
MAR03324	6.570980090049546e-05
MAR03325	0.004114325655007312
MAR03354	0.0023676999316709227
MAR03366	0.0005374444640485594
MAR03371	0.0005374444640485594
MAR03374	0.0017058705785831234
MAR03376	0.0012676141081552942
MAR03377	0.0009091205379500557
MAR03378	0.0017058705785831234
MAR03379	0.00916989309838836
MAR03380	0.007336267456068411
MAR03381	0.004071677923888144
MAR03382	6.570980090049546e-05
MAR03383	6.570980090049546e-05
MAR03384	0.00024878899391068466
MAR03385	0.0004211563654787365
MAR03386	0.0019418276330087662
MAR03387	0.003361702855299451
MAR03388	6.570980090049546e-05
MAR03389	0.0012976461318380383
MAR03390	6.570980090049546e-05
MAR03391	0.009334134758457062
MAR03392	6.570980090049546e-05
MAR03393	0.006153692557047174
MAR03394	0.006153692557047174
MAR03395	0.006153692557047174
MAR03399	0.006153692557047174
MAR03400	3.001434240478342e-05
MAR03401	0.006153692557047174
MAR03402	0.006153692557047174
MAR03403	0.006153692557047174
MAR03404	0.006153692557047174
MAR03405	0.006153692557047174
MAR03410	0.006153692557047174
MAR03412	0.006153692557047174
MAR03415	0.006153692557047174
MAR03417	0.006153692557047174
MAR03418	0.006153692557047174
MAR03419	6.570980090049546e-05
MAR03420	0.0005667140259017587
MAR03434	0.0005667140259017587
MAR03435	6.570980090049546e-05
MAR03436	0.0005505100480155524
MAR03437	6.570980090049546e-05
MAR03438	0.006153692557047174
MAR03439	0.001832281651593536
MAR03440	0.006153692557047174
MAR03442	0.006153692557047174
MAR03443	0.006153692557047174
MAR03451	0.006153692557047174
MAR03465	0.006153692557047174
MAR03474	0.006153692557047174
MAR03479	0.006153692557047174
MAR03483	0.000677045920163082
MAR03485	0.006153692557047174
MAR03487	0.006153692557047174
MAR03490	0.006153692557047174
MAR03492	0.006153692557047174
MAR03494	0.006153692557047174
MAR03495	0.006153692557047174
MAR03496	0.006153692557047174
MAR03497	0.006153692557047174
MAR03499	0.006153692557047174
MAR03500	0.006153692557047174
MAR03502	0.006153692557047174
MAR03504	0.006153692557047174
MAR03507	0.006153692557047174
MAR03516	0.006153692557047174
MAR03518	0.006153692557047174
MAR03535	0.006153692557047174
MAR03536	6.570980090049546e-05
MAR03598	6.570980090049546e-05
MAR03599	6.570980090049546e-05
MAR03600	3.9122201290453987e-05
MAR03601	3.9122201290453987e-05
MAR03602	3.9122201290453987e-05
MAR03603	3.9122201290453987e-05
MAR03604	0.006153692557047174
MAR03605	0.006153692557047174
MAR03606	0.006153692557047174
MAR03607	0.006153692557047174
MAR03608	0.006153692557047174
MAR03609	0.006153692557047174
MAR03610	0.006153692557047174
MAR03611	0.006153692557047174
MAR03612	0.006153692557047174
MAR03613	2.911450790225425e-05
MAR03614	2.911450790225425e-05
MAR03615	0.006153692557047174
MAR03616	0.006153692557047174
MAR03617	0.006153692557047174
MAR03618	0.001832281651593536
MAR03619	0.006153692557047174
MAR03620	6.570980090049546e-05
MAR03621	0.006153692557047174
MAR03623	6.570980090049546e-05
MAR03624	0.006153692557047174
MAR03745	6.570980090049546e-05
MAR03749	0.006153692557047174
MAR03756	0.000129181778947994
MAR03758	6.570980090049546e-05
MAR03764	0.0004948924418959001
MAR03766	6.570980090049546e-05
MAR03768	3.9141704171673964e-05
MAR03774	6.570980090049546e-05
MAR03776	2.911450790225425e-05
MAR03779	0.0012751632071890812
MAR03781	7.949284177675522e-05
MAR03786	7.949284177675522e-05
MAR03788	0.001460399322727042
MAR03791	7.949284177675522e-05
MAR03798	7.949284177675522e-05
MAR03801	0.003361702855299451
MAR03803	0.003361702855299451
MAR03805	0.003361702855299451
MAR03808	0.007336267456068411
MAR03810	0.00026565614317873457
MAR03812	0.007336267456068411
MAR03814	0.00026565614317873457
MAR03815	0.0032226088056821144
MAR03817	0.0004184749568452681
MAR03821	0.0019418276330087662
MAR03824	6.570980090049546e-05
MAR03826	3.201394707511796e-05
MAR03828	0.0008458289991131292
MAR03830	6.570980090049546e-05
MAR03834	6.570980090049546e-05
MAR03836	6.570980090049546e-05
MAR03840	6.570980090049546e-05
MAR03842	0.00014312000670038097
MAR03844	0.00026565614317873457
MAR03846	0.003361702855299451
MAR03872	0.003361702855299451
MAR03874	0.003361702855299451
MAR03876	0.007336267456068411
MAR03878	6.570980090049546e-05
MAR03880	6.570980090049546e-05
MAR03882	6.570980090049546e-05
MAR03884	6.570980090049546e-05
MAR03886	0.002240154099921028
MAR03887	0.0006187856273400169
MAR03888	0.0006187856273400169
MAR03891	0.00014312000670038097
MAR03893	2.911450790225425e-05
MAR03894	0.0006187856273400169
MAR03896	0.0006187856273400169
MAR03898	6.570980090049546e-05
MAR03900	2.911450790225425e-05
MAR03902	0.0006369714942117597
MAR03904	0.0006369714942117597
MAR03906	2.911450790225425e-05
MAR03909	6.570980090049546e-05
MAR03913	0.00014312000670038097
MAR03914	6.570980090049546e-05
MAR03918	0.017782781596457554
MAR03924	0.00836633453993939
MAR03926	0.0025824410451150814
MAR03927	6.570980090049546e-05
MAR03930	6.570980090049546e-05
MAR03932	0.0003723438302977968
MAR03934	6.570980090049546e-05
MAR03936	6.570980090049546e-05
MAR03938	0.0025824410451150814
MAR03941	0.0009227445373616638
MAR03942	0.0025824410451150814
MAR03943	0.0009227445373616638
MAR03945	0.0025824410451150814
MAR03961	0.0009227445373616638
MAR03962	6.570980090049546e-05
MAR03963	0.0025824410451150814
MAR03973	0.0009227445373616638
MAR03976	0.0025824410451150814
MAR03978	0.0009227445373616638
MAR03981	0.00026565614317873457
MAR03983	0.007336267456068411
MAR03985	0.012496534938710457
MAR03990	0.0006187856273400169
MAR03994	0.0006187856273400169
MAR03997	0.0005374444640485594
MAR04001	0.0005374444640485594
MAR04003	0.0005374444640485594
MAR04007	6.570980090049546e-05
MAR04009	4.417323424176216e-05
MAR04011	6.570980090049546e-05
MAR04013	6.570980090049546e-05
MAR04015	6.570980090049546e-05
MAR04017	6.570980090049546e-05
MAR04019	0.001460399322727042
MAR04021	0.00012628580556701895
MAR04023	0.001546628712146984
MAR04025	0.00012628580556701895
MAR04027	0.00012628580556701895
MAR04029	0.001546628712146984
MAR04031	0.00012628580556701895
MAR04033	0.00012628580556701895
MAR04035	0.001546628712146984
MAR04037	0.00012628580556701895
MAR04039	6.570980090049546e-05
MAR04041	0.001460399322727042
MAR04043	0.00012628580556701895
MAR04045	0.001546628712146984
MAR04047	0.00012628580556701895
MAR04049	6.570980090049546e-05
MAR04051	0.001460399322727042
MAR04053	6.570980090049546e-05
MAR04055	0.001460399322727042
MAR04057	0.00012628580556701895
MAR04074	0.001546628712146984
MAR04076	0.00012628580556701895
MAR04088	6.570980090049546e-05
MAR04090	0.001460399322727042
MAR04092	6.570980090049546e-05
MAR04094	6.570980090049546e-05
MAR04096	6.570980090049546e-05
MAR04098	6.570980090049546e-05
MAR04100	6.570980090049546e-05
MAR04102	6.570980090049546e-05
MAR04104	6.570980090049546e-05
MAR04110	6.570980090049546e-05
MAR04117	6.570980090049546e-05
MAR04119	6.570980090049546e-05
MAR04129	6.570980090049546e-05
MAR04138	6.570980090049546e-05
MAR04140	6.570980090049546e-05
MAR04142	6.570980090049546e-05
MAR04146	6.570980090049546e-05
MAR04148	6.570980090049546e-05
MAR04150	6.570980090049546e-05
MAR04151	6.570980090049546e-05
MAR04153	6.570980090049546e-05
MAR04154	6.570980090049546e-05
MAR04155	6.570980090049546e-05
MAR04157	6.570980090049546e-05
MAR04161	6.570980090049546e-05
MAR04164	6.570980090049546e-05
MAR04173	6.570980090049546e-05
MAR04178	6.570980090049546e-05
MAR04181	6.570980090049546e-05
MAR04195	6.570980090049546e-05
MAR04203	6.570980090049546e-05
MAR04213	6.570980090049546e-05
MAR04215	6.570980090049546e-05
MAR04217	6.570980090049546e-05
MAR04221	6.570980090049546e-05
MAR04223	6.570980090049546e-05
MAR04226	6.570980090049546e-05
MAR04229	6.570980090049546e-05
MAR04230	6.570980090049546e-05
MAR04234	6.570980090049546e-05
MAR04236	6.570980090049546e-05
MAR04238	6.570980090049546e-05
MAR04240	6.570980090049546e-05
MAR04247	6.570980090049546e-05
MAR04256	6.570980090049546e-05
MAR04258	6.570980090049546e-05
MAR04272	6.570980090049546e-05
MAR04273	6.570980090049546e-05
MAR04286	6.570980090049546e-05
MAR04289	6.570980090049546e-05
MAR04292	6.570980090049546e-05
MAR04293	6.570980090049546e-05
MAR04294	6.570980090049546e-05
MAR04298	6.570980090049546e-05
MAR04305	6.570980090049546e-05
MAR04307	6.570980090049546e-05
MAR04309	6.570980090049546e-05
MAR04311	6.570980090049546e-05
MAR04322	6.570980090049546e-05
MAR04325	6.570980090049546e-05
MAR04327	6.570980090049546e-05
MAR04334	6.570980090049546e-05
MAR04337	6.570980090049546e-05
MAR04339	6.570980090049546e-05
MAR04341	6.570980090049546e-05
MAR04349	6.570980090049546e-05
MAR04353	6.570980090049546e-05
MAR04357	6.570980090049546e-05
MAR04359	6.570980090049546e-05
MAR04361	6.570980090049546e-05
MAR04362	6.570980090049546e-05
MAR04364	6.570980090049546e-05
MAR04366	6.570980090049546e-05
MAR04369	6.570980090049546e-05
MAR04374	6.570980090049546e-05
MAR04376	6.570980090049546e-05
MAR04378	6.570980090049546e-05
MAR04380	6.570980090049546e-05
MAR04382	6.570980090049546e-05
MAR04384	6.570980090049546e-05
MAR04389	6.570980090049546e-05
MAR04392	6.570980090049546e-05
MAR04395	6.570980090049546e-05
MAR04397	6.570980090049546e-05
MAR04405	6.570980090049546e-05
MAR04407	6.570980090049546e-05
MAR04409	6.570980090049546e-05
MAR04413	6.570980090049546e-05
MAR04438	0.0034556288563828697
MAR04439	0.0034556288563828697
MAR04441	6.570980090049546e-05
MAR04443	6.570980090049546e-05
MAR04445	0.00045205661541366545
MAR04447	0.0005827203358718112
MAR04457	0.002359513539023806
MAR04462	0.002359513539023806
MAR04475	0.002359513539023806
MAR04479	0.0002568242362997391
MAR04491	0.002359513539023806
MAR04504	0.002359513539023806
MAR04508	0.002359513539023806
MAR04509	0.0005827203358718112
MAR04511	6.570980090049546e-05
MAR04515	6.570980090049546e-05
MAR04522	0.002359513539023806
MAR04566	0.0034556288563828697
MAR04569	0.002359513539023806
MAR04571	0.002359513539023806
MAR04578	0.0034556288563828697
MAR04581	0.002359513539023806
MAR04598	0.002359513539023806
MAR04610	0.002359513539023806
MAR04613	0.002359513539023806
MAR04616	0.0034556288563828697
MAR04620	0.002359513539023806
MAR04624	0.002359513539023806
MAR04634	0.002359513539023806
MAR04636	0.002359513539023806
MAR04638	0.002359513539023806
MAR04639	0.002359513539023806
MAR04645	0.0002568242362997391
MAR04661	0.0002568242362997391
MAR04671	0.002359513539023806
MAR04674	0.0002568242362997391
MAR04677	0.0002568242362997391
MAR04678	0.00045205661541366545
MAR04707	0.002359513539023806
MAR04711	0.002359513539023806
MAR04719	0.002359513539023806
MAR04722	0.00045205661541366545
MAR04726	0.0002568242362997391
MAR04728	0.0002568242362997391
MAR04745	0.002359513539023806
MAR04749	0.002359513539023806
MAR04759	0.002359513539023806
MAR04782	0.0002568242362997391
MAR04783	6.570980090049546e-05
MAR04793	0.00018891287294442872
MAR04803	0.00018891287294442872
MAR04805	0.004103800975592414
MAR04807	6.570980090049546e-05
MAR04809	6.570980090049546e-05
MAR04811	0.00018891287294442872
MAR04813	6.570980090049546e-05
MAR04815	6.570980090049546e-05
MAR04820	6.570980090049546e-05
MAR04821	6.570980090049546e-05
MAR04822	6.570980090049546e-05
MAR04823	6.570980090049546e-05
MAR04824	6.570980090049546e-05
MAR04825	6.570980090049546e-05
MAR04826	6.570980090049546e-05
MAR04827	6.570980090049546e-05
MAR04828	6.570980090049546e-05
MAR04829	6.570980090049546e-05
MAR04830	6.570980090049546e-05
MAR04853	6.570980090049546e-05
MAR04857	6.570980090049546e-05
MAR04859	6.570980090049546e-05
MAR04866	6.570980090049546e-05
MAR04869	6.570980090049546e-05
MAR04884	6.570980090049546e-05
MAR04886	6.570980090049546e-05
MAR04889	6.570980090049546e-05
MAR04891	6.570980090049546e-05
MAR04895	6.570980090049546e-05
MAR04897	6.570980090049546e-05
MAR04899	6.570980090049546e-05
MAR04901	6.570980090049546e-05
MAR04909	6.570980090049546e-05
MAR04918	6.570980090049546e-05
MAR04920	6.570980090049546e-05
MAR04921	6.570980090049546e-05
MAR04923	6.570980090049546e-05
MAR04925	6.570980090049546e-05
MAR04927	6.570980090049546e-05
MAR04929	6.570980090049546e-05
MAR04936	6.570980090049546e-05
MAR04943	6.570980090049546e-05
MAR04950	6.570980090049546e-05
MAR04965	6.570980090049546e-05
MAR04968	0.000677045920163082
MAR04970	0.0009091205379500557
MAR04974	0.00036357518696373664
MAR04978	0.0006104897285550905
MAR04981	0.0005374444640485594
MAR04984	0.00916989309838836
MAR04987	0.000677045920163082
MAR04988	0.0017058705785831234
MAR04991	0.0005683663583293118
MAR05001	0.0009091205379500557
MAR05017	0.00036357518696373664
MAR05025	0.000677045920163082
MAR05026	0.000677045920163082
MAR05028	0.000677045920163082
MAR05030	0.00916989309838836
MAR05044	0.00916989309838836
MAR05069	0.000677045920163082
MAR05081	0.0005683663583293118
MAR05083	0.00916989309838836
MAR05086	0.000677045920163082
MAR05090	0.0017058705785831234
MAR05093	0.0005683663583293118
MAR05095	0.00916989309838836
MAR05097	0.000677045920163082
MAR05098	0.00916989309838836
MAR05100	0.000677045920163082
MAR05103	0.0002568242362997391
MAR05104	0.002359513539023806
MAR05106	0.00045205661541366545
MAR05108	0.000677045920163082
MAR05110	0.004071677923888144
MAR05111	0.004071677923888144
MAR05119	0.000677045920163082
MAR05120	0.004071677923888144
MAR05175	0.000677045920163082
MAR05176	0.004071677923888144
MAR05177	0.004071677923888144
MAR05178	0.000677045920163082
MAR05179	0.004071677923888144
MAR05180	0.000677045920163082
MAR05181	0.004071677923888144
MAR05182	0.000677045920163082
MAR05183	0.0012976461318380383
MAR05184	0.000677045920163082
MAR05185	0.004071677923888144
MAR05188	0.004071677923888144
MAR05189	0.000677045920163082
MAR05190	0.004071677923888144
MAR05192	0.004071677923888144
MAR05193	0.000677045920163082
MAR05194	0.004071677923888144
MAR05196	0.0005374444640485594
MAR05235	0.0005683663583293118
MAR05242	0.004071677923888144
MAR05256	0.000677045920163082
MAR05293	0.00036357518696373664
MAR05298	0.003869435015824688
MAR05300	0.0005374444640485594
MAR05306	0.0017058705785831234
MAR05309	0.0005683663583293118
MAR05312	0.0009091205379500557
MAR05321	0.00036357518696373664
MAR05325	0.004071677923888144
MAR05327	0.000677045920163082
MAR05329	0.004071677923888144
MAR05331	0.000677045920163082
MAR05334	3.782284450256032e-05
MAR05341	0.00014312000670038097
MAR05343	0.004071677923888144
MAR05345	0.004071677923888144
MAR05350	0.000677045920163082
MAR05355	0.004071677923888144
MAR05357	0.004071677923888144
MAR05359	0.004071677923888144
MAR05360	0.004071677923888144
MAR05364	0.000677045920163082
MAR05365	0.004071677923888144
MAR05366	0.000677045920163082
MAR05367	0.0017058705785831234
MAR05368	0.0005683663583293118
MAR05369	0.004071677923888144
MAR05370	0.0017058705785831234
MAR05371	0.004071677923888144
MAR05372	0.000677045920163082
MAR05373	0.004071677923888144
MAR05374	0.0005374444640485594
MAR05375	0.000677045920163082
MAR05376	0.004071677923888144
MAR05377	0.000677045920163082
MAR05378	0.004071677923888144
MAR05379	0.000677045920163082
MAR05380	0.003869435015824688
MAR05382	0.0005374444640485594
MAR05383	0.0017058705785831234
MAR05402	0.0005683663583293118
MAR05403	0.004071677923888144
MAR05404	0.0009091205379500557
MAR05405	0.00036357518696373664
MAR05408	0.003869435015824688
MAR05410	0.0017058705785831234
MAR05412	0.0009091205379500557
MAR05421	0.000677045920163082
MAR05425	0.00014312000670038097
MAR05427	0.00014312000670038097
MAR05428	0.000677045920163082
MAR05431	0.000677045920163082
MAR05456	0.002359513539023806
MAR05988	0.00916989309838836
MAR05991	0.002359513539023806
MAR05999	0.00032035356127554736
MAR06278	0.002359513539023806
MAR06280	0.000677045920163082
MAR06281	0.0017058705785831234
MAR06282	0.0005683663583293118
MAR06284	0.000677045920163082
MAR06285	0.000677045920163082
MAR06319	0.00916989309838836
MAR06320	0.00916989309838836
MAR06322	0.000677045920163082
MAR06344	0.000677045920163082
MAR06345	0.000677045920163082
MAR06346	6.570980090049546e-05
MAR06347	0.00916989309838836
MAR06348	0.00014312000670038097
MAR06349	0.002855946330829352
MAR06350	0.002855946330829352
MAR06376	0.002855946330829352
MAR06378	0.0006104897285550905
MAR06390	0.0009091205379500557
MAR06407	0.00916989309838836
MAR06418	0.0017058705785831234
MAR06437	0.004071677923888144
MAR06449	0.004071677923888144
MAR06452	0.004071677923888144
MAR06483	0.000677045920163082
MAR06485	0.0034556288563828697
MAR06487	0.0034556288563828697
MAR06489	0.0034556288563828697
MAR06491	0.0034556288563828697
MAR06493	0.0034556288563828697
MAR06498	6.570980090049546e-05
MAR06499	0.0034556288563828697
MAR06502	0.0034556288563828697
MAR06503	0.0034556288563828697
MAR06528	0.0034556288563828697
MAR06538	0.0034556288563828697
MAR06586	0.0034556288563828697
MAR06593	0.0034556288563828697
MAR06596	0.00018891287294442872
MAR06597	0.00018891287294442872
MAR06598	0.002359513539023806
MAR06599	0.0002568242362997391
MAR06600	0.00020026276065746008
MAR06604	0.004103800975592414
MAR06688	0.0034556288563828697
MAR06689	0.0002568242362997391
MAR06696	0.002359513539023806
MAR06698	0.00020026276065746008
MAR06724	6.570980090049546e-05
MAR06769	6.570980090049546e-05
MAR06773	6.570980090049546e-05
MAR06775	0.0009262148045722
MAR06777	0.0005827203358718112
MAR06779	0.0009262148045722
MAR06804	6.570980090049546e-05
MAR06805	6.570980090049546e-05
MAR06809	0.00045205661541366545
MAR06810	0.0005827203358718112
MAR06812	0.00018891287294442872
MAR06816	0.00018891287294442872
MAR06821	6.570980090049546e-05
MAR06825	0.0002568242362997391
MAR06832	0.00045205661541366545
MAR06833	6.570980090049546e-05
MAR06846	6.570980090049546e-05
MAR06847	0.00045205661541366545
MAR06852	0.0005827203358718112
MAR06859	0.03197957840897816
MAR06860	0.00012299501906345533
MAR06861	0.001361786129762463
MAR06862	2.911450790225425e-05
MAR06863	0.026609588106740235
MAR06864	0.00044236269469737695
MAR06865	5.650951604513188e-05
MAR06866	0.0007853573014772467
MAR06867	6.570980090049546e-05
MAR06868	6.570980090049546e-05
MAR06869	6.570980090049546e-05
MAR06870	6.570980090049546e-05
MAR06871	2.911450790225425e-05
MAR06872	0.0005320095247787212
MAR06873	6.570980090049546e-05
MAR06884	0.0002318754371523968
MAR06887	0.0041332377992579685
MAR06891	2.945616673287282e-05
MAR06892	2.945616673287282e-05
MAR06893	0.0002518044098759676
MAR06896	5.650951604513188e-05
MAR06897	0.026609588106740235
MAR06898	0.001361786129762463
MAR06899	2.911450790225425e-05
MAR06900	2.911450790225425e-05
MAR06913	2.911450790225425e-05
MAR06915	0.0026743555009444836
MAR06917	2.911450790225425e-05
MAR06919	6.570980090049546e-05
MAR06920	6.570980090049546e-05
MAR06922	6.570980090049546e-05
MAR07101	0.0005320095247787212
MAR07102	0.026609588106740235
MAR07105	0.026609588106740235
MAR07107	2.911450790225425e-05
MAR07148	2.911450790225425e-05
MAR07149	0.001993340923499584
MAR07150	2.911450790225425e-05
MAR07151	0.026609588106740235
MAR07152	0.004103800975592414
MAR07153	0.026609588106740235
MAR07154	3.486704721626443e-05
MAR07155	2.911450790225425e-05
MAR07156	0.004103800975592414
MAR07157	0.004103800975592414
MAR07158	6.570980090049546e-05
MAR07159	6.570980090049546e-05
MAR07176	6.570980090049546e-05
MAR07177	6.570980090049546e-05
MAR07178	2.911450790225425e-05
MAR07179	5.650951604513188e-05
MAR07189	0.026609588106740235
MAR07190	2.911450790225425e-05
MAR07192	2.911450790225425e-05
MAR07193	0.000553250940089786
MAR07194	0.00012299501906345533
MAR07195	6.570980090049546e-05
MAR07255	6.570980090049546e-05
MAR07439	6.570980090049546e-05
MAR07589	0.0007853573014772467
MAR07592	6.570980090049546e-05
MAR07593	5.650951604513188e-05
MAR07595	5.650951604513188e-05
MAR07657	5.650951604513188e-05
MAR07658	4.033159194231788e-05
MAR07659	6.570980090049546e-05
MAR07750	6.570980090049546e-05
MAR07751	6.570980090049546e-05
MAR07752	6.570980090049546e-05
MAR07753	0.0010090124844858257
MAR07754	6.570980090049546e-05
MAR07803	6.570980090049546e-05
MAR07805	6.570980090049546e-05
MAR07807	6.570980090049546e-05
MAR07809	6.570980090049546e-05
MAR07811	0.0010090124844858257
MAR07813	3.085405670903728e-05
MAR07817	6.570980090049546e-05
MAR07819	6.570980090049546e-05
MAR07821	6.570980090049546e-05
MAR08111	6.570980090049546e-05
MAR08204	6.570980090049546e-05
MAR08218	0.004583058235997571
MAR08274	0.0032249204369030507
MAR08301	0.0005411531427022093
MAR08386	6.570980090049546e-05
MAR08400	6.570980090049546e-05
MAR08422	6.570980090049546e-05
MAR08423	6.570980090049546e-05
MAR08644	6.570980090049546e-05
MAR08646	6.570980090049546e-05
MAR08647	6.570980090049546e-05
MAR08649	6.570980090049546e-05
MAR08650	6.570980090049546e-05
MAR08701	6.570980090049546e-05
MAR08705	6.570980090049546e-05
MAR08707	6.570980090049546e-05
MAR08708	6.570980090049546e-05
MAR08832	6.570980090049546e-05
MAR08916	6.570980090049546e-05
MAR08948	6.570980090049546e-05
MAR08949	6.570980090049546e-05
MAR08950	6.570980090049546e-05
MAR08951	6.570980090049546e-05
MAR08952	6.570980090049546e-05
MAR08953	6.570980090049546e-05
MAR08954	6.570980090049546e-05
MAR08955	6.570980090049546e-05
MAR08956	6.570980090049546e-05
MAR08957	6.570980090049546e-05
MAR08958	6.570980090049546e-05
MAR08959	6.570980090049546e-05
MAR08960	6.570980090049546e-05
MAR08961	6.570980090049546e-05
MAR08962	6.570980090049546e-05
MAR08963	6.570980090049546e-05
MAR08964	6.570980090049546e-05
MAR08965	6.570980090049546e-05
MAR08966	6.570980090049546e-05
MAR08967	6.570980090049546e-05
MAR08968	2.911450790225425e-05
MAR08969	2.911450790225425e-05
MAR08970	6.570980090049546e-05
MAR08971	0.004632453580651135
MAR08972	0.0010090124844858257
MAR08974	6.570980090049546e-05
MAR08975	6.570980090049546e-05
MAR08976	6.570980090049546e-05
MAR08977	6.570980090049546e-05
MAR08978	6.570980090049546e-05
MAR08979	6.570980090049546e-05
MAR08980	6.570980090049546e-05
MAR08981	6.570980090049546e-05
MAR08982	6.570980090049546e-05
MAR08983	6.570980090049546e-05
MAR08984	6.570980090049546e-05
MAR08986	6.570980090049546e-05
MAR08987	6.570980090049546e-05
MAR08988	6.570980090049546e-05
MAR08989	6.570980090049546e-05
MAR08991	6.570980090049546e-05
MAR08993	6.570980090049546e-05
MAR08994	6.570980090049546e-05
MAR08995	6.570980090049546e-05
MAR08996	6.570980090049546e-05
MAR08997	6.570980090049546e-05
MAR08998	6.570980090049546e-05
MAR08999	6.570980090049546e-05
MAR09000	6.570980090049546e-05
MAR09001	6.570980090049546e-05
MAR09002	6.570980090049546e-05
MAR09003	6.570980090049546e-05
MAR09004	6.570980090049546e-05
MAR09005	6.570980090049546e-05
MAR09006	6.570980090049546e-05
MAR09007	6.570980090049546e-05
MAR09008	6.570980090049546e-05
MAR09009	6.570980090049546e-05
MAR09010	6.570980090049546e-05
MAR09011	6.570980090049546e-05
MAR09012	6.570980090049546e-05
MAR09013	6.570980090049546e-05
MAR09021	6.570980090049546e-05
MAR09025	6.570980090049546e-05
MAR09026	6.570980090049546e-05
MAR09027	6.570980090049546e-05
MAR09028	6.570980090049546e-05
MAR09029	6.570980090049546e-05
MAR09030	6.570980090049546e-05
MAR09031	2.911450790225425e-05
MAR09057	6.570980090049546e-05
MAR09059	2.911450790225425e-05
MAR09060	6.570980090049546e-05
MAR09112	6.570980090049546e-05
MAR09170	6.570980090049546e-05
MAR09186	6.570980090049546e-05
MAR09274	0.00024132507801940894
MAR09402	0.002006681654050362
MAR09403	6.763462089558584e-05
MAR09459	6.570980090049546e-05
MAR09526	6.570980090049546e-05
MAR09533	6.570980090049546e-05
MAR09576	2.911450790225425e-05
MAR09589	6.570980090049546e-05
MAR09723	6.570980090049546e-05
MAR09736	0.03197957840897816
MAR09819	2.911450790225425e-05
MAR09820	6.570980090049546e-05
MAR09821	6.570980090049546e-05
MAR09822	6.570980090049546e-05
MAR09823	6.570980090049546e-05
MAR09824	6.570980090049546e-05
MAR09825	6.570980090049546e-05
MAR09826	6.570980090049546e-05
MAR09827	6.570980090049546e-05
MAR09828	6.570980090049546e-05
MAR09829	6.570980090049546e-05
MAR09830	6.570980090049546e-05
MAR09831	6.570980090049546e-05
MAR09832	6.570980090049546e-05
MAR09833	6.570980090049546e-05
MAR09834	6.570980090049546e-05
MAR09835	6.570980090049546e-05
MAR09836	6.570980090049546e-05
MAR09837	6.570980090049546e-05
MAR09838	6.570980090049546e-05
MAR09839	6.570980090049546e-05
MAR09840	6.570980090049546e-05
MAR09841	6.570980090049546e-05
MAR09842	6.570980090049546e-05
MAR09843	6.570980090049546e-05
MAR09844	6.570980090049546e-05
MAR09845	6.570980090049546e-05
MAR09846	6.570980090049546e-05
MAR09847	6.570980090049546e-05
MAR09848	6.570980090049546e-05
MAR09849	6.570980090049546e-05
MAR09850	6.570980090049546e-05
MAR09851	6.570980090049546e-05
MAR09852	6.570980090049546e-05
MAR09853	6.570980090049546e-05
MAR09854	6.570980090049546e-05
MAR09855	6.570980090049546e-05
MAR09856	6.570980090049546e-05
MAR09857	6.570980090049546e-05
MAR09858	6.570980090049546e-05
MAR09859	6.570980090049546e-05
MAR09860	6.570980090049546e-05
MAR09861	6.570980090049546e-05
MAR09862	6.570980090049546e-05
MAR09863	6.570980090049546e-05
MAR09864	6.570980090049546e-05
MAR09865	6.570980090049546e-05
MAR09866	6.570980090049546e-05
MAR09867	6.570980090049546e-05
MAR09868	6.570980090049546e-05
MAR09869	0.00012299501906345533
MAR09870	0.004103800975592414
MAR09871	0.00012299501906345533
MAR09872	0.00012299501906345533
MAR09873	2.911450790225425e-05
MAR09874	2.911450790225425e-05
MAR09875	5.650951604513188e-05
MAR09876	0.00012299501906345533
MAR09877	3.084829425502681e-05
MAR09878	3.400890410207741e-05
MAR09879	2.911450790225425e-05
MAR09880	3.084829425502681e-05
MAR09881	2.911450790225425e-05
MAR09882	0.0016070058716249444
MAR09883	2.911450790225425e-05
MAR09884	2.911450790225425e-05
MAR09885	2.911450790225425e-05
MAR09886	2.911450790225425e-05
MAR09888	0.00012299501906345533
MAR09889	2.9997300896513043e-05
MAR09890	0.0022118931421914833
MAR09891	0.00012299501906345533
MAR09892	0.00012299501906345533
MAR09893	2.911450790225425e-05
MAR09894	0.0012976461318380383
MAR09895	0.00012299501906345533
MAR09896	2.911450790225425e-05
MAR09897	3.347915755634574e-05
MAR09898	0.00012299501906345533
MAR09899	0.00043882530623897596
MAR09900	2.911450790225425e-05
MAR09901	4.033159194231788e-05
MAR09902	2.911450790225425e-05
MAR09903	5.644590711110405e-05
MAR09904	0.00012299501906345533
MAR09905	3.400890410207741e-05
MAR09906	2.911450790225425e-05
MAR09907	0.00012299501906345533
MAR09908	0.00012299501906345533
MAR09909	0.00012299501906345533
MAR09910	0.0038040475611397792
MAR09911	6.570980090049546e-05
MAR09912	0.00021930308440387252
MAR09913	0.00021930308440387252
MAR09914	0.00021930308440387252
MAR09915	0.00021930308440387252
MAR09916	0.00021930308440387252
MAR09917	0.00021930308440387252
MAR09918	0.00021930308440387252
MAR09919	6.570980090049546e-05
MAR09920	6.570980090049546e-05
MAR09921	6.570980090049546e-05
MAR09922	6.570980090049546e-05
MAR09923	6.570980090049546e-05
MAR09924	6.570980090049546e-05
MAR09925	6.570980090049546e-05
MAR09926	6.570980090049546e-05
MAR09927	6.570980090049546e-05
MAR09928	6.570980090049546e-05
MAR09929	6.570980090049546e-05
MAR09930	6.570980090049546e-05
MAR09931	6.570980090049546e-05
MAR09932	6.570980090049546e-05
MAR09933	6.570980090049546e-05
MAR09934	0.0005017378463192837
MAR09935	6.570980090049546e-05
MAR09936	6.570980090049546e-05
MAR09937	3.5185963939766904e-05
MAR09938	0.00012111023809782444
MAR09939	6.570980090049546e-05
MAR09940	6.570980090049546e-05
MAR09941	6.570980090049546e-05
MAR09942	0.0032355936392237925
MAR09943	0.0032355936392237925
MAR09944	0.0032355936392237925
MAR09945	0.0032355936392237925
MAR09946	0.0032355936392237925
MAR09947	0.0032355936392237925
MAR09948	6.570980090049546e-05
MAR09950	6.570980090049546e-05
MAR09951	0.0004449488268281915
MAR09952	6.570980090049546e-05
MAR09953	6.570980090049546e-05
MAR09954	6.570980090049546e-05
MAR09955	6.570980090049546e-05
MAR09956	6.570980090049546e-05
MAR09957	6.570980090049546e-05
MAR09958	6.570980090049546e-05
MAR09959	6.570980090049546e-05
MAR09960	6.570980090049546e-05
MAR09961	6.570980090049546e-05
MAR09962	6.570980090049546e-05
MAR09963	6.570980090049546e-05
MAR09964	6.570980090049546e-05
MAR09965	6.570980090049546e-05
MAR09966	6.570980090049546e-05
MAR09967	6.570980090049546e-05
MAR09968	6.570980090049546e-05
MAR09969	6.570980090049546e-05
MAR09970	6.570980090049546e-05
MAR09971	6.570980090049546e-05
MAR09972	6.570980090049546e-05
MAR09973	6.570980090049546e-05
MAR09974	6.570980090049546e-05
MAR09975	6.570980090049546e-05
MAR09976	6.570980090049546e-05
MAR09977	6.570980090049546e-05
MAR09978	6.570980090049546e-05
MAR09979	6.570980090049546e-05
MAR09980	6.570980090049546e-05
MAR09981	6.570980090049546e-05
MAR09982	6.570980090049546e-05
MAR09983	6.570980090049546e-05
MAR09984	6.570980090049546e-05
MAR09985	2.911450790225425e-05
MAR09986	6.570980090049546e-05
MAR09987	6.570980090049546e-05
MAR09988	6.570980090049546e-05
MAR09989	6.570980090049546e-05
MAR09990	6.570980090049546e-05
MAR09991	6.570980090049546e-05
MAR09992	6.570980090049546e-05
MAR09993	6.570980090049546e-05
MAR09994	6.570980090049546e-05
MAR09995	6.570980090049546e-05
MAR09996	6.570980090049546e-05
MAR09997	6.570980090049546e-05
MAR09998	6.570980090049546e-05
MAR09999	6.570980090049546e-05
MAR10000	6.570980090049546e-05
MAR10001	6.570980090049546e-05
MAR10002	6.570980090049546e-05
MAR10003	6.570980090049546e-05
MAR10004	6.570980090049546e-05
MAR10005	6.570980090049546e-05
MAR10006	6.570980090049546e-05
MAR10007	6.570980090049546e-05
MAR10008	3.952935067578193e-05
MAR10009	6.570980090049546e-05
MAR10010	0.0005352144852638994
MAR10011	5.250443370952762e-05
MAR10012	6.570980090049546e-05
MAR10013	6.570980090049546e-05
MAR10014	0.0005352144852638994
MAR10015	6.570980090049546e-05
MAR10016	6.570980090049546e-05
MAR10017	6.570980090049546e-05
MAR10018	6.570980090049546e-05
MAR10019	6.570980090049546e-05
MAR10020	0.0005352144852638994
MAR10021	6.570980090049546e-05
MAR10022	6.570980090049546e-05
MAR10032	6.570980090049546e-05
MAR10133	6.570980090049546e-05
MAR10134	6.570980090049546e-05
MAR10135	6.570980090049546e-05
MAR10136	6.570980090049546e-05
MAR10137	6.570980090049546e-05
MAR10138	6.570980090049546e-05
MAR10139	6.570980090049546e-05
MAR10140	6.570980090049546e-05
MAR10141	6.570980090049546e-05
MAR10142	6.570980090049546e-05
MAR10143	6.570980090049546e-05
MAR10144	6.570980090049546e-05
MAR10145	6.570980090049546e-05
MAR10146	6.570980090049546e-05
MAR10147	6.570980090049546e-05
MAR10148	6.570980090049546e-05
MAR10149	6.570980090049546e-05
MAR10150	6.570980090049546e-05
MAR10151	6.570980090049546e-05
MAR10152	6.570980090049546e-05
MAR10153	6.570980090049546e-05
MAR10154	6.570980090049546e-05
MAR10155	0.0005352144852638994
MAR10156	6.570980090049546e-05
MAR10157	6.570980090049546e-05
MAR10158	6.570980090049546e-05
MAR10159	6.570980090049546e-05
MAR10160	6.570980090049546e-05
MAR10161	6.570980090049546e-05
MAR10162	6.570980090049546e-05
MAR10163	6.570980090049546e-05
MAR10165	6.570980090049546e-05
MAR10166	6.570980090049546e-05
MAR10167	6.570980090049546e-05
MAR10168	6.570980090049546e-05
MAR10169	6.570980090049546e-05
MAR10170	6.570980090049546e-05
MAR10171	6.570980090049546e-05
MAR10172	6.570980090049546e-05
MAR10173	6.570980090049546e-05
MAR10174	6.570980090049546e-05
MAR10175	6.570980090049546e-05
MAR10176	6.570980090049546e-05
MAR10177	6.570980090049546e-05
MAR10178	6.570980090049546e-05
MAR10179	6.570980090049546e-05
MAR10180	6.570980090049546e-05
MAR10181	6.570980090049546e-05
MAR10182	6.570980090049546e-05
MAR10183	6.570980090049546e-05
MAR10184	6.570980090049546e-05
MAR10185	6.570980090049546e-05
MAR10186	6.570980090049546e-05
MAR10187	6.570980090049546e-05
MAR10188	6.570980090049546e-05
MAR10189	6.570980090049546e-05
MAR10190	6.570980090049546e-05
MAR10191	6.570980090049546e-05
MAR10192	6.570980090049546e-05
MAR10193	6.570980090049546e-05
MAR10194	6.570980090049546e-05
MAR10195	6.570980090049546e-05
MAR10196	6.570980090049546e-05
MAR10197	6.570980090049546e-05
MAR10198	6.570980090049546e-05
MAR10199	6.570980090049546e-05
MAR10200	6.570980090049546e-05
MAR10201	6.570980090049546e-05
MAR10202	6.570980090049546e-05
MAR10203	6.570980090049546e-05
MAR10204	6.570980090049546e-05
MAR10205	6.570980090049546e-05
MAR10206	6.570980090049546e-05
MAR10207	6.570980090049546e-05
MAR10208	6.570980090049546e-05
MAR10209	6.570980090049546e-05
MAR10210	6.570980090049546e-05
MAR10211	6.570980090049546e-05
MAR10212	6.570980090049546e-05
MAR10213	6.570980090049546e-05
MAR10214	6.570980090049546e-05
MAR10215	6.570980090049546e-05
MAR10216	6.570980090049546e-05
MAR10217	6.570980090049546e-05
MAR10218	6.570980090049546e-05
MAR10219	6.570980090049546e-05
MAR10220	6.570980090049546e-05
MAR10221	6.570980090049546e-05
MAR10222	6.570980090049546e-05
MAR10223	6.570980090049546e-05
MAR10224	6.570980090049546e-05
MAR10225	6.570980090049546e-05
MAR10226	6.570980090049546e-05
MAR10227	6.570980090049546e-05
MAR10228	6.570980090049546e-05
MAR10229	6.570980090049546e-05
MAR10230	6.570980090049546e-05
MAR10231	6.570980090049546e-05
MAR10232	6.570980090049546e-05
MAR10233	6.570980090049546e-05
MAR10234	6.570980090049546e-05
MAR10235	6.570980090049546e-05
MAR10236	6.570980090049546e-05
MAR10237	6.570980090049546e-05
MAR10238	6.570980090049546e-05
MAR10239	6.570980090049546e-05
MAR10240	6.570980090049546e-05
MAR10241	6.570980090049546e-05
MAR10242	6.570980090049546e-05
MAR10243	6.570980090049546e-05
MAR10244	6.570980090049546e-05
MAR10245	6.570980090049546e-05
MAR10246	6.570980090049546e-05
MAR10247	6.570980090049546e-05
MAR10248	6.570980090049546e-05
MAR10249	6.570980090049546e-05
MAR10250	6.570980090049546e-05
MAR10251	6.570980090049546e-05
MAR10252	6.570980090049546e-05
MAR10253	6.570980090049546e-05
MAR10254	6.570980090049546e-05
MAR10255	6.570980090049546e-05
MAR10256	6.570980090049546e-05
MAR10257	6.570980090049546e-05
MAR10258	6.570980090049546e-05
MAR10259	6.570980090049546e-05
MAR10260	6.570980090049546e-05
MAR10261	6.570980090049546e-05
MAR10262	6.570980090049546e-05
MAR10263	6.570980090049546e-05
MAR10264	6.570980090049546e-05
MAR10265	6.570980090049546e-05
MAR10266	6.570980090049546e-05
MAR10267	6.570980090049546e-05
MAR10268	6.570980090049546e-05
MAR10269	6.570980090049546e-05
MAR10270	6.570980090049546e-05
MAR10271	6.570980090049546e-05
MAR10272	6.570980090049546e-05
MAR10273	6.570980090049546e-05
MAR10274	6.570980090049546e-05
MAR10275	6.570980090049546e-05
MAR10276	6.570980090049546e-05
MAR10277	6.570980090049546e-05
MAR10278	6.570980090049546e-05
MAR10279	6.570980090049546e-05
MAR10280	6.570980090049546e-05
MAR10281	6.570980090049546e-05
MAR10282	6.570980090049546e-05
MAR10283	6.570980090049546e-05
MAR10284	6.570980090049546e-05
MAR10285	6.570980090049546e-05
MAR10286	6.570980090049546e-05
MAR10287	6.570980090049546e-05
MAR10288	6.570980090049546e-05
MAR10289	6.570980090049546e-05
MAR10290	6.570980090049546e-05
MAR10291	6.570980090049546e-05
MAR10292	6.570980090049546e-05
MAR10293	6.570980090049546e-05
MAR10294	6.570980090049546e-05
MAR10295	6.570980090049546e-05
MAR10296	6.570980090049546e-05
MAR10297	6.570980090049546e-05
MAR10298	6.570980090049546e-05
MAR10299	6.570980090049546e-05
MAR10300	6.570980090049546e-05
MAR10301	6.570980090049546e-05
MAR10302	6.570980090049546e-05
MAR10303	6.570980090049546e-05
MAR10304	6.570980090049546e-05
MAR10305	6.570980090049546e-05
MAR10306	6.570980090049546e-05
MAR10307	6.570980090049546e-05
MAR10308	6.570980090049546e-05
MAR10309	6.570980090049546e-05
MAR10310	6.570980090049546e-05
MAR10311	6.570980090049546e-05
MAR10312	6.570980090049546e-05
MAR10313	6.570980090049546e-05
MAR10314	6.570980090049546e-05
MAR10315	6.570980090049546e-05
MAR10316	6.570980090049546e-05
MAR10317	6.570980090049546e-05
MAR10318	6.570980090049546e-05
MAR10319	6.570980090049546e-05
MAR10320	6.570980090049546e-05
MAR10321	6.570980090049546e-05
MAR10322	6.570980090049546e-05
MAR10323	6.570980090049546e-05
MAR10324	6.570980090049546e-05
MAR10325	6.570980090049546e-05
MAR10326	6.570980090049546e-05
MAR10327	6.570980090049546e-05
MAR10328	6.570980090049546e-05
MAR10329	6.570980090049546e-05
MAR10330	6.570980090049546e-05
MAR10331	6.570980090049546e-05
MAR10332	6.570980090049546e-05
MAR10333	6.570980090049546e-05
MAR10334	6.570980090049546e-05
MAR10335	6.570980090049546e-05
MAR10336	6.570980090049546e-05
MAR10337	6.570980090049546e-05
MAR10338	6.570980090049546e-05
MAR10339	6.570980090049546e-05
MAR10340	6.570980090049546e-05
MAR10341	6.570980090049546e-05
MAR10342	6.570980090049546e-05
MAR10343	6.570980090049546e-05
MAR10344	6.570980090049546e-05
MAR10345	6.570980090049546e-05
MAR10346	6.570980090049546e-05
MAR10347	6.570980090049546e-05
MAR10348	6.570980090049546e-05
MAR10349	6.570980090049546e-05
MAR10350	6.570980090049546e-05
MAR10351	6.570980090049546e-05
MAR10352	6.570980090049546e-05
MAR10353	6.570980090049546e-05
MAR10354	6.570980090049546e-05
MAR10355	6.570980090049546e-05
MAR10356	6.570980090049546e-05
MAR10357	6.570980090049546e-05
MAR10358	6.570980090049546e-05
MAR10359	6.570980090049546e-05
MAR10360	6.570980090049546e-05
MAR10361	6.570980090049546e-05
MAR10362	6.570980090049546e-05
MAR10363	6.570980090049546e-05
MAR10364	6.570980090049546e-05
MAR10365	6.570980090049546e-05
MAR10366	6.570980090049546e-05
MAR10367	6.570980090049546e-05
MAR10368	6.570980090049546e-05
MAR10369	6.570980090049546e-05
MAR10370	6.570980090049546e-05
MAR10371	6.570980090049546e-05
MAR10372	6.570980090049546e-05
MAR10373	6.570980090049546e-05
MAR10374	0.001498200781524178
MAR10375	6.570980090049546e-05
MAR10376	6.570980090049546e-05
MAR10377	0.0005827203358718112
MAR10378	6.570980090049546e-05
MAR10379	6.570980090049546e-05
MAR10380	6.570980090049546e-05
MAR10381	6.570980090049546e-05
MAR10382	6.570980090049546e-05
MAR10383	6.570980090049546e-05
MAR10384	6.570980090049546e-05
MAR10385	6.570980090049546e-05
MAR10386	6.570980090049546e-05
MAR10387	6.570980090049546e-05
MAR10388	6.570980090049546e-05
MAR10389	6.570980090049546e-05
MAR10390	6.570980090049546e-05
MAR10391	6.570980090049546e-05
MAR10392	6.570980090049546e-05
MAR10393	6.570980090049546e-05
MAR10394	6.570980090049546e-05
MAR10395	6.570980090049546e-05
MAR10396	6.570980090049546e-05
MAR10397	6.570980090049546e-05
MAR10398	6.570980090049546e-05
MAR10399	6.570980090049546e-05
MAR10400	6.570980090049546e-05
MAR10401	6.570980090049546e-05
MAR10402	6.570980090049546e-05
MAR10403	6.570980090049546e-05
MAR10404	6.570980090049546e-05
MAR10405	6.570980090049546e-05
MAR10406	6.570980090049546e-05
MAR10407	6.570980090049546e-05
MAR10408	6.570980090049546e-05
MAR10409	6.570980090049546e-05
MAR10411	6.570980090049546e-05
MAR10412	6.570980090049546e-05
MAR10413	6.570980090049546e-05
MAR10414	6.570980090049546e-05
MAR10415	6.570980090049546e-05
MAR10416	6.570980090049546e-05
MAR10417	6.570980090049546e-05
MAR10418	6.570980090049546e-05
MAR10419	6.570980090049546e-05
MAR10420	6.570980090049546e-05
MAR10421	6.570980090049546e-05
MAR10422	6.570980090049546e-05
MAR10423	6.570980090049546e-05
MAR10424	6.570980090049546e-05
MAR10425	6.570980090049546e-05
MAR10426	6.570980090049546e-05
MAR10427	6.570980090049546e-05
MAR10428	6.570980090049546e-05
MAR10429	6.570980090049546e-05
MAR10430	6.570980090049546e-05
MAR10431	6.570980090049546e-05
MAR10432	6.570980090049546e-05
MAR10434	6.570980090049546e-05
MAR10435	6.570980090049546e-05
MAR10436	6.570980090049546e-05
MAR10437	6.570980090049546e-05
MAR10438	6.570980090049546e-05
MAR10439	6.570980090049546e-05
MAR10440	6.570980090049546e-05
MAR10441	6.570980090049546e-05
MAR10442	6.570980090049546e-05
MAR10443	6.570980090049546e-05
MAR10444	6.570980090049546e-05
MAR10445	4.1512536455967164e-05
MAR10446	4.1512536455967164e-05
MAR10448	6.570980090049546e-05
MAR10449	6.570980090049546e-05
MAR10450	6.570980090049546e-05
MAR10451	0.0005352144852638994
MAR10452	0.0005352144852638994
MAR10453	0.0005352144852638994
MAR10454	0.0005352144852638994
MAR10455	6.570980090049546e-05
MAR10456	6.570980090049546e-05
MAR10457	6.570980090049546e-05
MAR10458	6.570980090049546e-05
MAR10459	2.982044742983785e-05
MAR10460	3.0305323724212193e-05
MAR10461	6.346528985521397e-05
MAR10462	3.0305323724212193e-05
MAR10463	6.570980090049546e-05
MAR10464	2.911450790225425e-05
MAR10465	6.570980090049546e-05
MAR10466	6.570980090049546e-05
MAR10468	6.570980090049546e-05
MAR10470	6.570980090049546e-05
MAR10472	6.570980090049546e-05
MAR10473	6.570980090049546e-05
MAR10474	6.570980090049546e-05
MAR10475	6.570980090049546e-05
MAR10476	6.570980090049546e-05
MAR10477	6.570980090049546e-05
MAR10478	6.570980090049546e-05
MAR10479	6.570980090049546e-05
MAR10480	6.570980090049546e-05
MAR10481	6.570980090049546e-05
MAR10482	6.570980090049546e-05
MAR10483	6.570980090049546e-05
MAR10484	6.570980090049546e-05
MAR10485	6.570980090049546e-05
MAR10486	6.570980090049546e-05
MAR10487	6.570980090049546e-05
MAR10488	6.570980090049546e-05
MAR10489	6.570980090049546e-05
MAR10490	6.570980090049546e-05
MAR10491	6.570980090049546e-05
MAR10492	6.570980090049546e-05
MAR10493	6.570980090049546e-05
MAR10494	6.570980090049546e-05
MAR10495	6.570980090049546e-05
MAR10496	6.570980090049546e-05
MAR10497	6.570980090049546e-05
MAR10498	6.570980090049546e-05
MAR10499	6.570980090049546e-05
MAR10500	6.570980090049546e-05
MAR10501	6.570980090049546e-05
MAR10502	6.570980090049546e-05
MAR10503	6.570980090049546e-05
MAR10504	6.570980090049546e-05
MAR10505	6.570980090049546e-05
MAR10506	6.570980090049546e-05
MAR10507	6.570980090049546e-05
MAR10508	6.570980090049546e-05
MAR10509	6.570980090049546e-05
MAR10510	6.570980090049546e-05
MAR10511	6.570980090049546e-05
MAR10512	6.570980090049546e-05
MAR10513	6.570980090049546e-05
MAR10514	6.570980090049546e-05
MAR10515	6.570980090049546e-05
MAR10516	6.570980090049546e-05
MAR10517	6.570980090049546e-05
MAR10518	6.570980090049546e-05
MAR10519	6.570980090049546e-05
MAR10520	6.570980090049546e-05
MAR10521	6.570980090049546e-05
MAR10522	6.570980090049546e-05
MAR10523	6.570980090049546e-05
MAR10524	6.570980090049546e-05
MAR10525	6.570980090049546e-05
MAR10526	6.570980090049546e-05
MAR10527	6.570980090049546e-05
MAR10528	6.570980090049546e-05
MAR10529	6.570980090049546e-05
MAR10530	6.570980090049546e-05
MAR10531	6.570980090049546e-05
MAR10532	6.570980090049546e-05
MAR10533	6.570980090049546e-05
MAR10534	6.570980090049546e-05
MAR10535	6.570980090049546e-05
MAR10536	6.570980090049546e-05
MAR10537	6.570980090049546e-05
MAR10538	6.570980090049546e-05
MAR10539	6.570980090049546e-05
MAR10540	6.570980090049546e-05
MAR10541	6.570980090049546e-05
MAR10542	6.570980090049546e-05
MAR10543	6.570980090049546e-05
MAR10544	6.570980090049546e-05
MAR10545	6.570980090049546e-05
MAR10546	6.570980090049546e-05
MAR10547	6.570980090049546e-05
MAR10548	6.570980090049546e-05
MAR10549	6.570980090049546e-05
MAR10550	6.570980090049546e-05
MAR10551	6.570980090049546e-05
MAR10552	6.570980090049546e-05
MAR10553	6.570980090049546e-05
MAR10554	6.570980090049546e-05
MAR10555	6.570980090049546e-05
MAR10556	6.570980090049546e-05
MAR10557	6.570980090049546e-05
MAR10558	6.570980090049546e-05
MAR10559	6.570980090049546e-05
MAR10560	6.570980090049546e-05
MAR10561	6.570980090049546e-05
MAR10562	6.570980090049546e-05
MAR10563	6.570980090049546e-05
MAR10564	6.570980090049546e-05
MAR10565	6.570980090049546e-05
MAR10566	6.570980090049546e-05
MAR10567	6.570980090049546e-05
MAR10568	6.570980090049546e-05
MAR10569	6.570980090049546e-05
MAR10570	6.570980090049546e-05
MAR10571	6.570980090049546e-05
MAR10572	6.570980090049546e-05
MAR10573	6.570980090049546e-05
MAR10574	6.570980090049546e-05
MAR10575	6.570980090049546e-05
MAR10576	6.570980090049546e-05
MAR10577	6.570980090049546e-05
MAR10578	6.570980090049546e-05
MAR10579	6.570980090049546e-05
MAR10580	6.570980090049546e-05
MAR10581	6.570980090049546e-05
MAR10582	6.570980090049546e-05
MAR10583	6.570980090049546e-05
MAR10584	6.570980090049546e-05
MAR10585	6.570980090049546e-05
MAR10586	6.570980090049546e-05
MAR10587	6.570980090049546e-05
MAR10588	6.570980090049546e-05
MAR10589	6.570980090049546e-05
MAR10590	6.570980090049546e-05
MAR10591	6.570980090049546e-05
MAR10592	6.570980090049546e-05
MAR10593	6.570980090049546e-05
MAR10594	6.570980090049546e-05
MAR10595	6.570980090049546e-05
MAR10596	6.570980090049546e-05
MAR10597	6.570980090049546e-05
MAR10598	6.570980090049546e-05
MAR10599	6.570980090049546e-05
MAR10600	6.570980090049546e-05
MAR10601	6.570980090049546e-05
MAR10602	6.570980090049546e-05
MAR10603	6.570980090049546e-05
MAR10604	6.570980090049546e-05
MAR10605	6.570980090049546e-05
MAR10606	6.570980090049546e-05
MAR10607	6.570980090049546e-05
MAR10608	6.570980090049546e-05
MAR10609	6.570980090049546e-05
MAR10610	6.570980090049546e-05
MAR10611	6.570980090049546e-05
MAR10612	6.570980090049546e-05
MAR10613	6.570980090049546e-05
MAR10614	6.570980090049546e-05
MAR10615	6.570980090049546e-05
MAR10616	6.570980090049546e-05
MAR10617	6.570980090049546e-05
MAR10618	6.570980090049546e-05
MAR10619	6.570980090049546e-05
MAR10620	6.570980090049546e-05
MAR10621	6.570980090049546e-05
MAR10622	6.570980090049546e-05
MAR10623	6.570980090049546e-05
MAR10624	6.570980090049546e-05
MAR10625	6.570980090049546e-05
MAR10626	6.570980090049546e-05
MAR10627	6.570980090049546e-05
MAR10628	6.570980090049546e-05
MAR10629	6.570980090049546e-05
MAR10630	6.570980090049546e-05
MAR10631	6.570980090049546e-05
MAR10632	6.570980090049546e-05
MAR10633	6.570980090049546e-05
MAR10634	6.570980090049546e-05
MAR10635	6.570980090049546e-05
MAR10636	6.570980090049546e-05
MAR10637	6.570980090049546e-05
MAR10638	6.570980090049546e-05
MAR10639	6.570980090049546e-05
MAR10640	6.570980090049546e-05
MAR10641	6.570980090049546e-05
MAR10642	6.570980090049546e-05
MAR10643	6.570980090049546e-05
MAR10644	6.570980090049546e-05
MAR10645	6.570980090049546e-05
MAR10646	6.570980090049546e-05
MAR10647	6.570980090049546e-05
MAR10648	6.570980090049546e-05
MAR10649	6.570980090049546e-05
MAR10650	6.570980090049546e-05
MAR10651	6.570980090049546e-05
MAR10652	6.570980090049546e-05
MAR10653	6.570980090049546e-05
MAR10654	6.570980090049546e-05
MAR10655	6.570980090049546e-05
MAR10656	6.570980090049546e-05
MAR10657	6.570980090049546e-05
MAR10658	6.570980090049546e-05
MAR10659	6.570980090049546e-05
MAR10660	6.570980090049546e-05
MAR10661	6.570980090049546e-05
MAR10662	6.570980090049546e-05
MAR10663	6.570980090049546e-05
MAR10664	6.570980090049546e-05
MAR10665	6.570980090049546e-05
MAR10666	6.570980090049546e-05
MAR10667	6.570980090049546e-05
MAR10668	6.570980090049546e-05
MAR10669	6.570980090049546e-05
MAR10670	6.570980090049546e-05
MAR10671	6.570980090049546e-05
MAR10672	6.570980090049546e-05
MAR10673	6.570980090049546e-05
MAR10674	6.570980090049546e-05
MAR10675	6.570980090049546e-05
MAR10676	6.570980090049546e-05
MAR10677	6.570980090049546e-05
MAR10678	6.570980090049546e-05
MAR10679	6.570980090049546e-05
MAR10680	6.570980090049546e-05
MAR10681	6.570980090049546e-05
MAR10682	6.570980090049546e-05
MAR10683	6.570980090049546e-05
MAR10684	6.570980090049546e-05
MAR10685	6.570980090049546e-05
MAR10686	6.570980090049546e-05
MAR10687	6.570980090049546e-05
MAR10688	6.570980090049546e-05
MAR10689	6.570980090049546e-05
MAR10690	6.570980090049546e-05
MAR10691	6.570980090049546e-05
MAR10692	6.570980090049546e-05
MAR10693	6.570980090049546e-05
MAR10694	6.570980090049546e-05
MAR10695	6.570980090049546e-05
MAR10696	6.570980090049546e-05
MAR10697	6.570980090049546e-05
MAR10698	6.570980090049546e-05
MAR10699	6.570980090049546e-05
MAR10700	6.570980090049546e-05
MAR10701	6.570980090049546e-05
MAR10702	6.570980090049546e-05
MAR10703	6.570980090049546e-05
MAR10704	6.570980090049546e-05
MAR10705	6.570980090049546e-05
MAR10706	6.570980090049546e-05
MAR10707	6.570980090049546e-05
MAR10708	6.570980090049546e-05
MAR10709	6.570980090049546e-05
MAR10710	6.570980090049546e-05
MAR10711	6.570980090049546e-05
MAR10712	6.570980090049546e-05
MAR10713	6.570980090049546e-05
MAR10714	6.570980090049546e-05
MAR10715	6.570980090049546e-05
MAR10716	6.570980090049546e-05
MAR10717	6.570980090049546e-05
MAR10718	6.570980090049546e-05
MAR10719	6.570980090049546e-05
MAR10720	6.570980090049546e-05
MAR10721	6.570980090049546e-05
MAR10722	6.570980090049546e-05
MAR10723	6.570980090049546e-05
MAR10724	6.570980090049546e-05
MAR10725	6.570980090049546e-05
MAR10726	6.570980090049546e-05
MAR10727	6.570980090049546e-05
MAR10728	6.570980090049546e-05
MAR10729	6.570980090049546e-05
MAR10730	6.570980090049546e-05
MAR10731	6.570980090049546e-05
MAR10732	6.570980090049546e-05
MAR10733	6.570980090049546e-05
MAR10734	6.570980090049546e-05
MAR10735	6.570980090049546e-05
MAR10736	6.570980090049546e-05
MAR10737	6.570980090049546e-05
MAR10738	6.570980090049546e-05
MAR10739	8.641309759016539e-05
MAR10740	8.641309759016539e-05
MAR10741	8.641309759016539e-05
MAR10742	8.641309759016539e-05
MAR10743	8.641309759016539e-05
MAR10744	8.641309759016539e-05
MAR10745	8.641309759016539e-05
MAR10746	8.641309759016539e-05
MAR10747	8.641309759016539e-05
MAR10748	8.641309759016539e-05
MAR10749	8.641309759016539e-05
MAR10750	8.641309759016539e-05
MAR10751	8.641309759016539e-05
MAR10752	8.641309759016539e-05
MAR10753	8.641309759016539e-05
MAR10754	8.641309759016539e-05
MAR10755	8.641309759016539e-05
MAR10756	8.641309759016539e-05
MAR10757	8.641309759016539e-05
MAR10758	8.641309759016539e-05
MAR10759	8.641309759016539e-05
MAR10760	8.641309759016539e-05
MAR10761	8.641309759016539e-05
MAR10762	8.641309759016539e-05
MAR10763	8.641309759016539e-05
MAR10764	8.641309759016539e-05
MAR10765	8.641309759016539e-05
MAR10766	8.641309759016539e-05
MAR10767	8.641309759016539e-05
MAR10768	8.641309759016539e-05
MAR10769	8.641309759016539e-05
MAR10770	8.641309759016539e-05
MAR10771	8.641309759016539e-05
MAR10772	8.641309759016539e-05
MAR10773	8.641309759016539e-05
MAR10774	8.641309759016539e-05
MAR10775	8.641309759016539e-05
MAR10776	8.641309759016539e-05
MAR10777	8.641309759016539e-05
MAR10778	8.641309759016539e-05
MAR10779	8.641309759016539e-05
MAR10780	8.641309759016539e-05
MAR10781	8.641309759016539e-05
MAR10782	8.641309759016539e-05
MAR10783	8.641309759016539e-05
MAR10784	8.641309759016539e-05
MAR10785	8.641309759016539e-05
MAR10786	8.641309759016539e-05
MAR10787	8.641309759016539e-05
MAR10788	8.641309759016539e-05
MAR10789	8.641309759016539e-05
MAR10790	8.641309759016539e-05
MAR10791	8.641309759016539e-05
MAR10792	8.641309759016539e-05
MAR10793	8.641309759016539e-05
MAR10794	8.641309759016539e-05
MAR10795	8.641309759016539e-05
MAR10796	8.641309759016539e-05
MAR10797	8.641309759016539e-05
MAR10798	8.641309759016539e-05
MAR10799	8.641309759016539e-05
MAR10800	8.641309759016539e-05
MAR10801	8.641309759016539e-05
MAR10802	8.641309759016539e-05
MAR10803	8.641309759016539e-05
MAR10804	8.641309759016539e-05
MAR10805	8.641309759016539e-05
MAR10806	8.641309759016539e-05
MAR10807	8.641309759016539e-05
MAR10808	8.641309759016539e-05
MAR10809	8.641309759016539e-05
MAR10810	8.641309759016539e-05
MAR10811	8.641309759016539e-05
MAR10812	8.641309759016539e-05
MAR10813	8.641309759016539e-05
MAR10814	8.641309759016539e-05
MAR10815	8.641309759016539e-05
MAR10816	8.641309759016539e-05
MAR10817	8.641309759016539e-05
MAR10818	8.641309759016539e-05
MAR10819	8.641309759016539e-05
MAR10820	8.641309759016539e-05
MAR10821	8.641309759016539e-05
MAR10822	8.641309759016539e-05
MAR10823	8.641309759016539e-05
MAR10824	8.641309759016539e-05
MAR10825	8.641309759016539e-05
MAR10826	8.641309759016539e-05
MAR10827	8.641309759016539e-05
MAR10828	8.641309759016539e-05
MAR10829	8.641309759016539e-05
MAR10830	8.641309759016539e-05
MAR10831	8.641309759016539e-05
MAR10832	8.641309759016539e-05
MAR10833	8.641309759016539e-05
MAR10834	8.641309759016539e-05
MAR10835	8.641309759016539e-05
MAR10836	8.641309759016539e-05
MAR10837	8.641309759016539e-05
MAR10838	8.641309759016539e-05
MAR10839	8.641309759016539e-05
MAR10840	8.641309759016539e-05
MAR10841	8.641309759016539e-05
MAR10842	8.641309759016539e-05
MAR10843	8.641309759016539e-05
MAR10844	8.641309759016539e-05
MAR10845	8.641309759016539e-05
MAR10846	8.641309759016539e-05
MAR10847	8.641309759016539e-05
MAR10848	8.641309759016539e-05
MAR10849	8.641309759016539e-05
MAR10850	8.641309759016539e-05
MAR10851	8.641309759016539e-05
MAR10852	8.641309759016539e-05
MAR10853	8.641309759016539e-05
MAR10854	8.641309759016539e-05
MAR10855	8.641309759016539e-05
MAR10856	8.641309759016539e-05
MAR10857	8.641309759016539e-05
MAR10858	8.641309759016539e-05
MAR10859	8.641309759016539e-05
MAR10860	8.641309759016539e-05
MAR10861	8.641309759016539e-05
MAR10862	8.641309759016539e-05
MAR10863	8.641309759016539e-05
MAR10864	8.641309759016539e-05
MAR10865	8.641309759016539e-05
MAR10866	8.641309759016539e-05
MAR10867	8.641309759016539e-05
MAR10868	8.641309759016539e-05
MAR10869	8.641309759016539e-05
MAR10870	8.641309759016539e-05
MAR10871	8.641309759016539e-05
MAR10872	8.641309759016539e-05
MAR10873	8.641309759016539e-05
MAR10874	8.641309759016539e-05
MAR10875	8.641309759016539e-05
MAR10876	8.641309759016539e-05
MAR10877	8.641309759016539e-05
MAR10878	8.641309759016539e-05
MAR10879	8.641309759016539e-05
MAR10880	8.641309759016539e-05
MAR10881	8.641309759016539e-05
MAR10882	8.641309759016539e-05
MAR10883	8.641309759016539e-05
MAR10884	8.641309759016539e-05
MAR10885	8.641309759016539e-05
MAR10886	8.641309759016539e-05
MAR10887	8.641309759016539e-05
MAR10888	8.641309759016539e-05
MAR10889	8.641309759016539e-05
MAR10890	8.641309759016539e-05
MAR10891	8.641309759016539e-05
MAR10892	8.641309759016539e-05
MAR10893	8.641309759016539e-05
MAR10894	8.641309759016539e-05
MAR10895	8.641309759016539e-05
MAR10896	8.641309759016539e-05
MAR10897	8.641309759016539e-05
MAR10898	8.641309759016539e-05
MAR10899	8.641309759016539e-05
MAR10900	8.641309759016539e-05
MAR10901	8.641309759016539e-05
MAR10902	8.641309759016539e-05
MAR10903	8.641309759016539e-05
MAR10904	8.641309759016539e-05
MAR10905	8.641309759016539e-05
MAR10906	8.641309759016539e-05
MAR10907	8.641309759016539e-05
MAR10908	8.641309759016539e-05
MAR10909	8.641309759016539e-05
MAR10910	8.641309759016539e-05
MAR10911	8.641309759016539e-05
MAR10912	8.641309759016539e-05
MAR10913	8.641309759016539e-05
MAR10914	8.641309759016539e-05
MAR10915	8.641309759016539e-05
MAR10916	8.641309759016539e-05
MAR10917	8.641309759016539e-05
MAR10918	8.641309759016539e-05
MAR10919	8.641309759016539e-05
MAR10920	8.641309759016539e-05
MAR10921	8.641309759016539e-05
MAR10922	8.641309759016539e-05
MAR10923	8.641309759016539e-05
MAR10924	8.641309759016539e-05
MAR10925	8.641309759016539e-05
MAR10926	8.641309759016539e-05
MAR10927	8.641309759016539e-05
MAR10928	8.641309759016539e-05
MAR10929	8.641309759016539e-05
MAR10930	8.641309759016539e-05
MAR10931	8.641309759016539e-05
MAR10932	8.641309759016539e-05
MAR10933	8.641309759016539e-05
MAR10934	8.641309759016539e-05
MAR10935	8.641309759016539e-05
MAR10936	8.641309759016539e-05
MAR10937	8.641309759016539e-05
MAR10938	8.641309759016539e-05
MAR10939	8.641309759016539e-05
MAR10940	8.641309759016539e-05
MAR10941	8.641309759016539e-05
MAR10942	8.641309759016539e-05
MAR10943	8.641309759016539e-05
MAR10944	8.641309759016539e-05
MAR10945	8.641309759016539e-05
MAR10946	8.641309759016539e-05
MAR10947	8.641309759016539e-05
MAR10948	8.641309759016539e-05
MAR10949	8.641309759016539e-05
MAR10950	8.641309759016539e-05
MAR10951	8.641309759016539e-05
MAR10952	8.641309759016539e-05
MAR10953	8.641309759016539e-05
MAR10954	8.641309759016539e-05
MAR10955	8.641309759016539e-05
MAR10956	8.641309759016539e-05
MAR10957	8.641309759016539e-05
MAR10958	8.641309759016539e-05
MAR10959	8.641309759016539e-05
MAR10960	8.641309759016539e-05
MAR10961	8.641309759016539e-05
MAR10962	8.641309759016539e-05
MAR10963	8.641309759016539e-05
MAR10964	8.641309759016539e-05
MAR10965	8.641309759016539e-05
MAR10966	8.641309759016539e-05
MAR10967	8.641309759016539e-05
MAR10968	8.641309759016539e-05
MAR10969	8.641309759016539e-05
MAR10970	8.641309759016539e-05
MAR10971	8.641309759016539e-05
MAR10972	8.641309759016539e-05
MAR10973	8.641309759016539e-05
MAR10974	8.641309759016539e-05
MAR10975	8.641309759016539e-05
MAR10976	8.641309759016539e-05
MAR10977	8.641309759016539e-05
MAR10978	8.641309759016539e-05
MAR10979	8.641309759016539e-05
MAR10980	8.641309759016539e-05
MAR10981	6.570980090049546e-05
MAR10982	6.570980090049546e-05
MAR10983	6.570980090049546e-05
MAR10984	6.570980090049546e-05
MAR10985	6.570980090049546e-05
MAR10986	6.570980090049546e-05
MAR10987	6.570980090049546e-05
MAR10988	6.570980090049546e-05
MAR10989	6.570980090049546e-05
MAR10990	6.570980090049546e-05
MAR10991	6.570980090049546e-05
MAR10992	6.570980090049546e-05
MAR10993	6.570980090049546e-05
MAR10994	6.570980090049546e-05
MAR10995	6.570980090049546e-05
MAR10996	6.570980090049546e-05
MAR10997	6.570980090049546e-05
MAR10998	6.570980090049546e-05
MAR10999	6.570980090049546e-05
MAR11000	6.570980090049546e-05
MAR11001	6.570980090049546e-05
MAR11002	6.570980090049546e-05
MAR11003	6.570980090049546e-05
MAR11004	6.570980090049546e-05
MAR11005	6.570980090049546e-05
MAR11006	6.570980090049546e-05
MAR11007	6.570980090049546e-05
MAR11008	6.570980090049546e-05
MAR11009	6.570980090049546e-05
MAR11010	6.570980090049546e-05
MAR11011	6.570980090049546e-05
MAR11012	6.570980090049546e-05
MAR11013	6.570980090049546e-05
MAR11014	6.570980090049546e-05
MAR11015	6.570980090049546e-05
MAR11016	6.570980090049546e-05
MAR11017	6.570980090049546e-05
MAR11018	6.570980090049546e-05
MAR11019	6.570980090049546e-05
MAR11020	6.570980090049546e-05
MAR11021	6.570980090049546e-05
MAR11022	6.570980090049546e-05
MAR11023	6.570980090049546e-05
MAR11024	6.570980090049546e-05
MAR11025	6.570980090049546e-05
MAR11026	6.570980090049546e-05
MAR11027	6.570980090049546e-05
MAR11028	6.570980090049546e-05
MAR11029	6.570980090049546e-05
MAR11030	6.570980090049546e-05
MAR11031	6.570980090049546e-05
MAR11032	6.570980090049546e-05
MAR11033	6.570980090049546e-05
MAR11034	6.570980090049546e-05
MAR11035	6.570980090049546e-05
MAR11036	6.570980090049546e-05
MAR11037	6.570980090049546e-05
MAR11038	6.570980090049546e-05
MAR11039	6.570980090049546e-05
MAR11040	6.570980090049546e-05
MAR11041	6.570980090049546e-05
MAR11042	6.570980090049546e-05
MAR11043	6.570980090049546e-05
MAR11044	6.570980090049546e-05
MAR11045	6.570980090049546e-05
MAR11046	6.570980090049546e-05
MAR11047	6.570980090049546e-05
MAR11048	6.570980090049546e-05
MAR11049	6.570980090049546e-05
MAR11050	6.570980090049546e-05
MAR11051	6.570980090049546e-05
MAR11052	6.570980090049546e-05
MAR11053	6.570980090049546e-05
MAR11054	6.570980090049546e-05
MAR11055	6.570980090049546e-05
MAR11056	6.570980090049546e-05
MAR11057	6.570980090049546e-05
MAR11058	6.570980090049546e-05
MAR11059	6.570980090049546e-05
MAR11060	6.570980090049546e-05
MAR11061	6.570980090049546e-05
MAR11062	6.570980090049546e-05
MAR11063	6.570980090049546e-05
MAR11064	6.570980090049546e-05
MAR11065	6.570980090049546e-05
MAR11066	6.570980090049546e-05
MAR11067	6.570980090049546e-05
MAR11068	6.570980090049546e-05
MAR11069	6.570980090049546e-05
MAR11070	6.570980090049546e-05
MAR11071	6.570980090049546e-05
MAR11072	6.570980090049546e-05
MAR11073	6.570980090049546e-05
MAR11074	6.570980090049546e-05
MAR11075	6.570980090049546e-05
MAR11076	6.570980090049546e-05
MAR11077	6.570980090049546e-05
MAR11078	6.570980090049546e-05
MAR11079	6.570980090049546e-05
MAR11080	6.570980090049546e-05
MAR11081	6.570980090049546e-05
MAR11082	6.570980090049546e-05
MAR11083	6.570980090049546e-05
MAR11084	6.570980090049546e-05
MAR11085	6.570980090049546e-05
MAR11086	6.570980090049546e-05
MAR11087	6.570980090049546e-05
MAR11088	6.570980090049546e-05
MAR11089	6.570980090049546e-05
MAR11090	6.570980090049546e-05
MAR11091	6.570980090049546e-05
MAR11092	6.570980090049546e-05
MAR11093	6.570980090049546e-05
MAR11094	6.570980090049546e-05
MAR11095	6.570980090049546e-05
MAR11096	6.570980090049546e-05
MAR11097	6.570980090049546e-05
MAR11098	6.570980090049546e-05
MAR11099	6.570980090049546e-05
MAR11100	6.570980090049546e-05
MAR11101	6.570980090049546e-05
MAR11102	6.570980090049546e-05
MAR11103	6.570980090049546e-05
MAR11104	6.570980090049546e-05
MAR11105	6.570980090049546e-05
MAR11106	6.570980090049546e-05
MAR11107	6.570980090049546e-05
MAR11108	6.570980090049546e-05
MAR11109	6.570980090049546e-05
MAR11110	6.570980090049546e-05
MAR11111	6.570980090049546e-05
MAR11112	6.570980090049546e-05
MAR11113	6.570980090049546e-05
MAR11114	6.570980090049546e-05
MAR11115	6.570980090049546e-05
MAR11116	6.570980090049546e-05
MAR11117	6.570980090049546e-05
MAR11118	6.570980090049546e-05
MAR11119	6.570980090049546e-05
MAR11120	6.570980090049546e-05
MAR11121	6.570980090049546e-05
MAR11122	6.570980090049546e-05
MAR11123	6.570980090049546e-05
MAR11124	6.570980090049546e-05
MAR11125	6.570980090049546e-05
MAR11126	6.570980090049546e-05
MAR11127	6.570980090049546e-05
MAR11128	6.570980090049546e-05
MAR11129	6.570980090049546e-05
MAR11130	6.570980090049546e-05
MAR11131	6.570980090049546e-05
MAR11132	6.570980090049546e-05
MAR11133	6.570980090049546e-05
MAR11134	6.570980090049546e-05
MAR11135	6.570980090049546e-05
MAR11136	6.570980090049546e-05
MAR11137	6.570980090049546e-05
MAR11138	6.570980090049546e-05
MAR11139	6.570980090049546e-05
MAR11140	6.570980090049546e-05
MAR11141	6.570980090049546e-05
MAR11142	6.570980090049546e-05
MAR11143	6.570980090049546e-05
MAR11144	6.570980090049546e-05
MAR11145	6.570980090049546e-05
MAR11146	6.570980090049546e-05
MAR11147	6.570980090049546e-05
MAR11148	6.570980090049546e-05
MAR11149	6.570980090049546e-05
MAR11150	6.570980090049546e-05
MAR11151	6.570980090049546e-05
MAR11152	6.570980090049546e-05
MAR11153	6.570980090049546e-05
MAR11154	6.570980090049546e-05
MAR11155	6.570980090049546e-05
MAR11156	6.570980090049546e-05
MAR11157	6.570980090049546e-05
MAR11158	6.570980090049546e-05
MAR11159	6.570980090049546e-05
MAR11160	6.570980090049546e-05
MAR11161	6.570980090049546e-05
MAR11162	6.570980090049546e-05
MAR11163	6.570980090049546e-05
MAR11164	6.570980090049546e-05
MAR11165	6.570980090049546e-05
MAR11166	6.570980090049546e-05
MAR11167	6.570980090049546e-05
MAR11168	6.570980090049546e-05
MAR11169	6.570980090049546e-05
MAR11170	6.570980090049546e-05
MAR11171	6.570980090049546e-05
MAR11172	6.570980090049546e-05
MAR11173	6.570980090049546e-05
MAR11174	6.570980090049546e-05
MAR11175	6.570980090049546e-05
MAR11176	6.570980090049546e-05
MAR11177	6.570980090049546e-05
MAR11178	6.570980090049546e-05
MAR11179	6.570980090049546e-05
MAR11180	6.570980090049546e-05
MAR11181	6.570980090049546e-05
MAR11182	6.570980090049546e-05
MAR11183	6.570980090049546e-05
MAR11184	6.570980090049546e-05
MAR11185	6.570980090049546e-05
MAR11186	6.570980090049546e-05
MAR11187	6.570980090049546e-05
MAR11188	6.570980090049546e-05
MAR11189	6.570980090049546e-05
MAR11190	6.570980090049546e-05
MAR11191	6.570980090049546e-05
MAR11192	6.570980090049546e-05
MAR11193	6.570980090049546e-05
MAR11194	6.570980090049546e-05
MAR11195	6.570980090049546e-05
MAR11196	6.570980090049546e-05
MAR11197	6.570980090049546e-05
MAR11198	6.570980090049546e-05
MAR11199	6.570980090049546e-05
MAR11200	6.570980090049546e-05
MAR11201	6.570980090049546e-05
MAR11202	6.570980090049546e-05
MAR11203	6.570980090049546e-05
MAR11204	6.570980090049546e-05
MAR11205	6.570980090049546e-05
MAR11206	6.570980090049546e-05
MAR11207	6.570980090049546e-05
MAR11208	6.570980090049546e-05
MAR11209	6.570980090049546e-05
MAR11210	6.570980090049546e-05
MAR11211	6.570980090049546e-05
MAR11212	6.570980090049546e-05
MAR11213	6.570980090049546e-05
MAR11214	6.570980090049546e-05
MAR11215	6.570980090049546e-05
MAR11216	6.570980090049546e-05
MAR11217	6.570980090049546e-05
MAR11218	6.570980090049546e-05
MAR11219	6.570980090049546e-05
MAR11220	6.570980090049546e-05
MAR11221	6.570980090049546e-05
MAR11222	6.570980090049546e-05
MAR11223	2.911450790225425e-05
MAR11224	6.570980090049546e-05
MAR11225	6.570980090049546e-05
MAR11226	6.570980090049546e-05
MAR11227	6.570980090049546e-05
MAR11228	6.570980090049546e-05
MAR11229	6.570980090049546e-05
MAR11230	6.570980090049546e-05
MAR11231	6.570980090049546e-05
MAR11232	6.570980090049546e-05
MAR11233	6.570980090049546e-05
MAR11234	6.570980090049546e-05
MAR11235	6.570980090049546e-05
MAR11236	6.570980090049546e-05
MAR11237	6.570980090049546e-05
MAR11238	6.570980090049546e-05
MAR11239	6.570980090049546e-05
MAR11240	6.570980090049546e-05
MAR11241	6.570980090049546e-05
MAR11242	6.570980090049546e-05
MAR11243	6.570980090049546e-05
MAR11244	6.570980090049546e-05
MAR11245	6.570980090049546e-05
MAR11246	6.570980090049546e-05
MAR11247	6.570980090049546e-05
MAR11248	6.570980090049546e-05
MAR11249	6.570980090049546e-05
MAR11250	6.570980090049546e-05
MAR11251	6.570980090049546e-05
MAR11252	6.570980090049546e-05
MAR11253	6.570980090049546e-05
MAR11254	6.570980090049546e-05
MAR11255	6.570980090049546e-05
MAR11256	6.570980090049546e-05
MAR11257	6.570980090049546e-05
MAR11258	6.570980090049546e-05
MAR11259	6.570980090049546e-05
MAR11260	6.570980090049546e-05
MAR11261	6.570980090049546e-05
MAR11262	6.570980090049546e-05
MAR11263	6.570980090049546e-05
MAR11264	6.570980090049546e-05
MAR11265	6.570980090049546e-05
MAR11266	6.570980090049546e-05
MAR11267	6.570980090049546e-05
MAR11268	6.570980090049546e-05
MAR11270	6.570980090049546e-05
MAR11271	6.570980090049546e-05
MAR11272	6.570980090049546e-05
MAR11274	6.570980090049546e-05
MAR11276	6.570980090049546e-05
MAR11277	6.570980090049546e-05
MAR11278	6.570980090049546e-05
MAR11279	6.570980090049546e-05
MAR11280	6.570980090049546e-05
MAR11281	6.570980090049546e-05
MAR11282	6.570980090049546e-05
MAR11283	6.570980090049546e-05
MAR11284	6.570980090049546e-05
MAR11285	6.570980090049546e-05
MAR11286	6.570980090049546e-05
MAR11287	6.570980090049546e-05
MAR11288	6.570980090049546e-05
MAR11289	6.570980090049546e-05
MAR11290	6.570980090049546e-05
MAR11291	6.570980090049546e-05
MAR11294	0.00026565614317873457
MAR11295	6.570980090049546e-05
MAR11296	6.570980090049546e-05
MAR11297	6.570980090049546e-05
MAR11298	6.570980090049546e-05
MAR11299	6.570980090049546e-05
MAR11300	6.570980090049546e-05
MAR11301	6.570980090049546e-05
MAR11302	6.570980090049546e-05
MAR11303	6.570980090049546e-05
MAR11304	6.570980090049546e-05
MAR11305	6.570980090049546e-05
MAR11306	6.570980090049546e-05
MAR11307	0.0007853573014772467
MAR11308	6.570980090049546e-05
MAR11309	6.570980090049546e-05
MAR11311	6.570980090049546e-05
MAR11312	6.570980090049546e-05
MAR11313	6.570980090049546e-05
MAR11314	6.570980090049546e-05
MAR11315	6.570980090049546e-05
MAR11316	6.570980090049546e-05
MAR11317	6.570980090049546e-05
MAR11318	6.570980090049546e-05
MAR11319	6.570980090049546e-05
MAR11320	6.570980090049546e-05
MAR11321	6.570980090049546e-05
MAR11322	6.570980090049546e-05
MAR11323	6.570980090049546e-05
MAR11324	6.570980090049546e-05
MAR11325	6.570980090049546e-05
MAR11326	6.570980090049546e-05
MAR11327	6.570980090049546e-05
MAR11328	6.570980090049546e-05
MAR11329	6.570980090049546e-05
MAR11330	6.570980090049546e-05
MAR11331	6.570980090049546e-05
MAR11332	6.570980090049546e-05
MAR11333	6.570980090049546e-05
MAR11334	6.570980090049546e-05
MAR11335	6.570980090049546e-05
MAR11336	6.570980090049546e-05
MAR11337	6.570980090049546e-05
MAR11338	6.570980090049546e-05
MAR11339	6.570980090049546e-05
MAR11340	6.570980090049546e-05
MAR11341	6.570980090049546e-05
MAR11342	6.570980090049546e-05
MAR11343	6.570980090049546e-05
MAR11344	6.570980090049546e-05
MAR11345	6.570980090049546e-05
MAR11346	6.570980090049546e-05
MAR11347	6.570980090049546e-05
MAR11348	6.570980090049546e-05
MAR11349	6.570980090049546e-05
MAR11350	6.570980090049546e-05
MAR11351	6.570980090049546e-05
MAR11352	6.570980090049546e-05
MAR11353	6.570980090049546e-05
MAR11354	6.570980090049546e-05
MAR11355	6.570980090049546e-05
MAR11356	6.570980090049546e-05
MAR11357	6.570980090049546e-05
MAR11358	6.570980090049546e-05
MAR11359	6.570980090049546e-05
MAR11360	6.570980090049546e-05
MAR11361	6.570980090049546e-05
MAR11362	6.570980090049546e-05
MAR11363	6.570980090049546e-05
MAR11364	6.570980090049546e-05
MAR11365	6.570980090049546e-05
MAR11366	6.570980090049546e-05
MAR11367	6.570980090049546e-05
MAR11368	6.570980090049546e-05
MAR11369	6.570980090049546e-05
MAR11370	6.570980090049546e-05
MAR11371	6.570980090049546e-05
MAR11372	6.570980090049546e-05
MAR11373	6.570980090049546e-05
MAR11374	0.0005352144852638994
MAR11375	5.250443370952762e-05
MAR11376	6.570980090049546e-05
MAR11377	0.0005352144852638994
MAR11378	5.250443370952762e-05
MAR11379	6.570980090049546e-05
MAR11380	0.0005352144852638994
MAR11381	5.250443370952762e-05
MAR11382	6.570980090049546e-05
MAR11383	0.0005352144852638994
MAR11384	5.250443370952762e-05
MAR11385	6.570980090049546e-05
MAR11386	0.0005352144852638994
MAR11387	6.570980090049546e-05
MAR11388	0.0005352144852638994
MAR11389	5.250443370952762e-05
MAR11390	6.570980090049546e-05
MAR11391	6.570980090049546e-05
MAR11392	6.570980090049546e-05
MAR11393	6.570980090049546e-05
MAR11394	0.0011781167233977361
MAR11395	3.400890410207741e-05
MAR11396	0.005763777341666581
MAR11397	2.9997300896513043e-05
MAR11398	6.570980090049546e-05
MAR11399	0.0025269561926768887
MAR11400	6.570980090049546e-05
MAR11401	6.570980090049546e-05
MAR11402	6.570980090049546e-05
MAR11403	6.570980090049546e-05
MAR11404	6.570980090049546e-05
MAR11405	6.570980090049546e-05
MAR11406	6.570980090049546e-05
MAR11407	2.911450790225425e-05
MAR11408	0.0005610604476137935
MAR11409	6.570980090049546e-05
MAR11410	2.9942491214090216e-05
MAR11411	0.001361786129762463
MAR11412	2.911450790225425e-05
MAR11413	6.570980090049546e-05
MAR11414	0.000553250940089786
MAR11415	2.9997300896513043e-05
MAR11416	0.0013637437177638878
MAR11417	2.9997300896513043e-05
MAR11418	2.9997300896513043e-05
MAR11419	6.570980090049546e-05
MAR11420	6.570980090049546e-05
MAR11422	6.570980090049546e-05
MAR11423	6.570980090049546e-05
MAR11424	6.570980090049546e-05
MAR11425	6.570980090049546e-05
MAR11426	6.570980090049546e-05
MAR11427	6.570980090049546e-05
MAR11428	6.570980090049546e-05
MAR11429	6.570980090049546e-05
MAR11430	0.0015251904596741738
MAR11431	6.570980090049546e-05
MAR11432	6.570980090049546e-05
MAR11433	0.0006281430994973729
MAR11434	6.570980090049546e-05
MAR11435	6.570980090049546e-05
MAR11436	6.570980090049546e-05
MAR11437	6.570980090049546e-05
MAR11438	6.570980090049546e-05
MAR11439	6.570980090049546e-05
MAR11440	6.570980090049546e-05
MAR11441	6.570980090049546e-05
MAR11442	0.005763777341666581
MAR11443	0.0013925776561505298
MAR11444	6.570980090049546e-05
MAR11445	6.570980090049546e-05
MAR11446	6.570980090049546e-05
MAR11447	6.570980090049546e-05
MAR11448	6.570980090049546e-05
MAR11449	6.570980090049546e-05
MAR11450	2.911450790225425e-05
MAR11451	6.570980090049546e-05
MAR11452	6.570980090049546e-05
MAR11453	2.911450790225425e-05
MAR11454	6.570980090049546e-05
MAR11455	6.570980090049546e-05
MAR11456	2.911450790225425e-05
MAR11457	6.570980090049546e-05
MAR11458	6.570980090049546e-05
MAR11459	6.570980090049546e-05
MAR11460	6.570980090049546e-05
MAR11461	6.570980090049546e-05
MAR11462	6.570980090049546e-05
MAR11463	6.570980090049546e-05
MAR11464	6.570980090049546e-05
MAR11465	6.570980090049546e-05
MAR11466	6.570980090049546e-05
MAR11467	0.0010027113219817732
MAR11468	6.570980090049546e-05
MAR11469	6.570980090049546e-05
MAR11470	6.570980090049546e-05
MAR11471	6.570980090049546e-05
MAR11472	6.570980090049546e-05
MAR11473	6.570980090049546e-05
MAR11474	6.570980090049546e-05
MAR11475	6.570980090049546e-05
MAR11476	0.026055584588077184
MAR11477	6.570980090049546e-05
MAR11478	6.570980090049546e-05
MAR11479	0.026055584588077184
MAR11480	6.570980090049546e-05
MAR11481	6.570980090049546e-05
MAR11482	6.570980090049546e-05
MAR11483	6.570980090049546e-05
MAR11484	6.570980090049546e-05
MAR11485	6.570980090049546e-05
MAR11486	0.0011629592205157717
MAR11487	6.570980090049546e-05
MAR11488	6.570980090049546e-05
MAR11489	6.570980090049546e-05
MAR11490	6.570980090049546e-05
MAR11491	6.570980090049546e-05
MAR11492	6.570980090049546e-05
MAR11493	6.570980090049546e-05
MAR11494	6.570980090049546e-05
MAR11495	6.570980090049546e-05
MAR11496	6.570980090049546e-05
MAR11497	6.570980090049546e-05
MAR11498	6.570980090049546e-05
MAR11499	6.570980090049546e-05
MAR11500	6.570980090049546e-05
MAR11501	6.570980090049546e-05
MAR11502	2.982044742983785e-05
MAR11503	6.570980090049546e-05
MAR11504	6.570980090049546e-05
MAR11505	6.570980090049546e-05
MAR11506	6.570980090049546e-05
MAR11507	6.570980090049546e-05
MAR11508	6.570980090049546e-05
MAR11509	2.982044742983785e-05
MAR11510	6.570980090049546e-05
MAR11511	6.570980090049546e-05
MAR11512	6.570980090049546e-05
MAR11513	6.570980090049546e-05
MAR11514	0.00032035356127554736
MAR11515	6.570980090049546e-05
MAR11516	6.570980090049546e-05
MAR11517	6.570980090049546e-05
MAR11518	2.911450790225425e-05
MAR11519	6.570980090049546e-05
MAR11520	6.570980090049546e-05
MAR11521	6.570980090049546e-05
MAR11522	6.570980090049546e-05
MAR11523	6.570980090049546e-05
MAR11524	6.570980090049546e-05
MAR11525	6.570980090049546e-05
MAR11526	6.570980090049546e-05
MAR11527	6.570980090049546e-05
MAR11528	6.570980090049546e-05
MAR11529	0.0012676141081552942
MAR11530	6.570980090049546e-05
MAR11531	6.570980090049546e-05
MAR11532	6.570980090049546e-05
MAR11533	6.570980090049546e-05
MAR11534	0.0012676141081552942
MAR11535	6.570980090049546e-05
MAR11536	6.570980090049546e-05
MAR11537	6.570980090049546e-05
MAR11538	6.570980090049546e-05
MAR11539	0.0012676141081552942
MAR11540	6.570980090049546e-05
MAR11541	6.570980090049546e-05
MAR11542	6.570980090049546e-05
MAR11543	6.570980090049546e-05
MAR11544	3.1812906933271904e-05
MAR11545	6.570980090049546e-05
MAR11546	6.570980090049546e-05
MAR11547	6.570980090049546e-05
MAR11548	6.570980090049546e-05
MAR11549	6.570980090049546e-05
MAR11550	6.570980090049546e-05
MAR11551	6.570980090049546e-05
MAR11552	6.570980090049546e-05
MAR11553	6.570980090049546e-05
MAR11554	6.570980090049546e-05
MAR11555	2.982044742983785e-05
MAR11556	6.570980090049546e-05
MAR11557	6.570980090049546e-05
MAR11558	6.570980090049546e-05
MAR11559	6.570980090049546e-05
MAR11560	6.570980090049546e-05
MAR11561	6.570980090049546e-05
MAR11562	2.982044742983785e-05
MAR11563	6.570980090049546e-05
MAR11564	6.570980090049546e-05
MAR11565	6.570980090049546e-05
MAR11566	6.570980090049546e-05
MAR11567	6.570980090049546e-05
MAR11568	6.570980090049546e-05
MAR11569	6.570980090049546e-05
MAR11570	6.570980090049546e-05
MAR11571	6.570980090049546e-05
MAR11572	0.000647800520548906
MAR11573	6.570980090049546e-05
MAR11574	6.570980090049546e-05
MAR11575	6.570980090049546e-05
MAR11576	6.570980090049546e-05
MAR11577	0.004103800975592414
MAR11578	0.004103800975592414
MAR11579	6.570980090049546e-05
MAR11580	6.570980090049546e-05
MAR11581	0.004103800975592414
MAR11582	0.000647800520548906
MAR11583	6.570980090049546e-05
MAR11584	6.570980090049546e-05
MAR11585	6.570980090049546e-05
MAR11586	6.570980090049546e-05
MAR11587	0.000647800520548906
MAR11588	0.000647800520548906
MAR11589	0.000647800520548906
MAR11590	0.000647800520548906
MAR11591	0.000647800520548906
MAR11592	0.000647800520548906
MAR11593	0.000647800520548906
MAR11594	0.000647800520548906
MAR11595	0.000647800520548906
MAR11596	0.000647800520548906
MAR11597	0.000647800520548906
MAR11598	0.000647800520548906
MAR11599	0.000647800520548906
MAR11600	0.000647800520548906
MAR11601	0.000647800520548906
MAR11602	0.000647800520548906
MAR11603	0.000647800520548906
MAR11604	0.000647800520548906
MAR11605	0.000647800520548906
MAR11606	0.000647800520548906
MAR11607	0.000647800520548906
MAR11608	0.000647800520548906
MAR11609	0.000647800520548906
MAR11610	0.000647800520548906
MAR11611	0.000647800520548906
MAR11612	0.000647800520548906
MAR11613	0.00034772144988322844
MAR11614	0.00034772144988322844
MAR11615	0.00034772144988322844
MAR11616	0.00034772144988322844
MAR11617	0.00034772144988322844
MAR11618	0.00034772144988322844
MAR11619	0.00034772144988322844
MAR11620	0.00034772144988322844
MAR11621	0.00034772144988322844
MAR11622	0.00034772144988322844
MAR11623	0.00034772144988322844
MAR11624	0.00034772144988322844
MAR11625	0.00034772144988322844
MAR11626	0.00034772144988322844
MAR11627	0.000647800520548906
MAR11628	0.00034772144988322844
MAR11629	6.570980090049546e-05
MAR11630	6.570980090049546e-05
MAR11631	6.570980090049546e-05
MAR11632	6.570980090049546e-05
MAR11633	6.570980090049546e-05
MAR11634	6.570980090049546e-05
MAR11635	6.570980090049546e-05
MAR11636	6.570980090049546e-05
MAR11637	6.570980090049546e-05
MAR11638	6.570980090049546e-05
MAR11639	6.570980090049546e-05
MAR11640	6.570980090049546e-05
MAR11641	6.570980090049546e-05
MAR11642	6.570980090049546e-05
MAR11643	6.570980090049546e-05
MAR11644	6.570980090049546e-05
MAR11645	6.570980090049546e-05
MAR11646	6.570980090049546e-05
MAR11647	0.0003322688942838613
MAR11648	0.0016070058716249444
MAR11653	6.570980090049546e-05
MAR11654	6.570980090049546e-05
MAR11655	6.570980090049546e-05
MAR11656	6.570980090049546e-05
MAR11657	6.570980090049546e-05
MAR11658	6.570980090049546e-05
MAR11659	6.570980090049546e-05
MAR11660	6.570980090049546e-05
MAR11661	6.570980090049546e-05
MAR11662	6.570980090049546e-05
MAR11663	6.570980090049546e-05
MAR11664	6.570980090049546e-05
MAR11665	6.570980090049546e-05
MAR11666	6.570980090049546e-05
MAR11667	6.570980090049546e-05
MAR11668	6.570980090049546e-05
MAR11669	6.570980090049546e-05
MAR11670	6.570980090049546e-05
MAR11671	6.570980090049546e-05
MAR11672	6.570980090049546e-05
MAR11673	6.570980090049546e-05
MAR11674	6.570980090049546e-05
MAR11675	6.570980090049546e-05
MAR11676	6.570980090049546e-05
MAR11677	6.570980090049546e-05
MAR11678	6.570980090049546e-05
MAR11679	6.570980090049546e-05
MAR11680	6.570980090049546e-05
MAR11681	6.570980090049546e-05
MAR11682	6.570980090049546e-05
MAR11683	6.570980090049546e-05
MAR11684	6.570980090049546e-05
MAR11685	6.570980090049546e-05
MAR11686	6.570980090049546e-05
MAR11687	6.570980090049546e-05
MAR11688	6.570980090049546e-05
MAR11689	6.570980090049546e-05
MAR11690	6.570980090049546e-05
MAR11691	6.570980090049546e-05
MAR11692	6.570980090049546e-05
MAR11693	6.570980090049546e-05
MAR11694	6.570980090049546e-05
MAR11695	0.0016070058716249444
MAR11696	0.0016070058716249444
MAR11698	0.0016070058716249444
MAR11700	0.0016070058716249444
MAR11702	0.0016070058716249444
MAR11704	0.0016070058716249444
MAR11706	0.0016070058716249444
MAR11708	0.0016070058716249444
MAR11710	0.0016070058716249444
MAR11712	0.0016070058716249444
MAR11714	0.0016070058716249444
MAR11716	0.0016070058716249444
MAR11718	0.0016070058716249444
MAR11720	0.0016070058716249444
MAR11722	0.0016070058716249444
MAR11724	0.0016070058716249444
MAR11726	0.0016070058716249444
MAR11728	6.570980090049546e-05
MAR11730	6.570980090049546e-05
MAR11731	2.911450790225425e-05
MAR11732	6.570980090049546e-05
MAR11733	6.570980090049546e-05
MAR11734	2.911450790225425e-05
MAR11735	6.570980090049546e-05
MAR11736	0.002918554394196026
MAR11737	3.0474835042521316e-05
MAR11738	6.570980090049546e-05
MAR11739	6.570980090049546e-05
MAR11740	0.002918554394196026
MAR11741	3.0474835042521316e-05
MAR11742	6.570980090049546e-05
MAR11743	6.570980090049546e-05
MAR11744	2.911450790225425e-05
MAR11745	0.002918554394196026
MAR11746	3.0474835042521316e-05
MAR11747	6.570980090049546e-05
MAR11748	6.570980090049546e-05
MAR11749	0.002918554394196026
MAR11750	6.570980090049546e-05
MAR11751	6.570980090049546e-05
MAR11752	0.002918554394196026
MAR11753	3.0474835042521316e-05
MAR11754	6.570980090049546e-05
MAR11755	6.570980090049546e-05
MAR11756	2.911450790225425e-05
MAR11757	3.0220585133053933e-05
MAR11758	3.0220585133053933e-05
MAR11759	3.0220585133053933e-05
MAR11760	3.0220585133053933e-05
MAR11761	3.0220585133053933e-05
MAR11762	3.0220585133053933e-05
MAR11763	3.0220585133053933e-05
MAR11764	3.0220585133053933e-05
MAR11765	3.0220585133053933e-05
MAR11766	3.0220585133053933e-05
MAR11767	3.0220585133053933e-05
MAR11768	3.0220585133053933e-05
MAR11769	3.0220585133053933e-05
MAR11770	3.0220585133053933e-05
MAR11771	3.0220585133053933e-05
MAR11772	3.0220585133053933e-05
MAR11773	3.0220585133053933e-05
MAR11774	3.0220585133053933e-05
MAR11775	2.911450790225425e-05
MAR11776	5.934396334723518e-05
MAR11777	2.911450790225425e-05
MAR11778	0.0016070058716249444
MAR11779	2.911450790225425e-05
MAR11780	0.005763777341666581
MAR11781	4.766615290317166e-05
MAR11782	0.00015020671487409084
MAR11783	3.011530066619965e-05
MAR11784	3.011530066619965e-05
MAR11785	3.135472804430571e-05
MAR11786	0.00043882530623897596
MAR11787	0.0002518044098759676
MAR11788	3.400890410207741e-05
MAR11789	3.400890410207741e-05
MAR11790	3.400890410207741e-05
MAR11791	0.010013097028168985
MAR11792	0.0016070058716249444
MAR11793	0.0016070058716249444
MAR11794	0.0016070058716249444
MAR11795	0.0016070058716249444
MAR11796	0.0016070058716249444
MAR11797	7.735074205726712e-05
MAR11798	7.735074205726712e-05
MAR11799	5.934396334723518e-05
MAR11800	0.00037257206712591344
MAR11801	0.003014107506953747
MAR11802	0.0016070058716249444
MAR11803	2.911450790225425e-05
MAR11804	0.026609588106740235
MAR11805	0.0003322688942838613
MAR11806	0.00015020671487409084
MAR11807	0.00015020671487409084
MAR11808	0.007286300458517292
MAR11809	0.0016070058716249444
MAR11810	0.026609588106740235
MAR11811	2.911450790225425e-05
MAR11812	2.911450790225425e-05
MAR11813	2.911450790225425e-05
MAR11814	2.911450790225425e-05
MAR11815	0.0004845658349926082
MAR11816	6.570980090049546e-05
MAR11817	6.570980090049546e-05
MAR11818	6.570980090049546e-05
MAR11819	6.570980090049546e-05
MAR11820	6.570980090049546e-05
MAR11821	6.570980090049546e-05
MAR11822	6.570980090049546e-05
MAR11823	6.570980090049546e-05
MAR11824	6.570980090049546e-05
MAR11825	6.570980090049546e-05
MAR11826	6.570980090049546e-05
MAR11827	6.570980090049546e-05
MAR11828	6.570980090049546e-05
MAR11829	6.570980090049546e-05
MAR11830	6.570980090049546e-05
MAR11831	6.570980090049546e-05
MAR11832	6.570980090049546e-05
MAR11833	6.570980090049546e-05
MAR11834	6.570980090049546e-05
MAR11835	6.570980090049546e-05
MAR11836	6.570980090049546e-05
MAR11837	6.570980090049546e-05
MAR11838	6.570980090049546e-05
MAR11839	6.570980090049546e-05
MAR11840	6.570980090049546e-05
MAR11841	6.570980090049546e-05
MAR11842	6.570980090049546e-05
MAR11843	6.570980090049546e-05
MAR11844	6.570980090049546e-05
MAR11845	6.570980090049546e-05
MAR11846	6.570980090049546e-05
MAR11847	6.570980090049546e-05
MAR11848	6.570980090049546e-05
MAR11849	6.570980090049546e-05
MAR11850	6.570980090049546e-05
MAR11851	6.570980090049546e-05
MAR11852	6.570980090049546e-05
MAR11853	6.570980090049546e-05
MAR11854	6.570980090049546e-05
MAR11855	6.570980090049546e-05
MAR11856	6.570980090049546e-05
MAR11857	6.570980090049546e-05
MAR11858	6.570980090049546e-05
MAR11859	6.570980090049546e-05
MAR11860	6.570980090049546e-05
MAR11861	6.570980090049546e-05
MAR11862	6.570980090049546e-05
MAR11863	6.570980090049546e-05
MAR11864	6.570980090049546e-05
MAR11865	6.570980090049546e-05
MAR11866	6.570980090049546e-05
MAR11867	6.570980090049546e-05
MAR11868	6.570980090049546e-05
MAR11869	6.570980090049546e-05
MAR11870	6.570980090049546e-05
MAR11871	6.570980090049546e-05
MAR11872	6.570980090049546e-05
MAR11873	6.570980090049546e-05
MAR11874	6.570980090049546e-05
MAR11875	6.570980090049546e-05
MAR11876	6.570980090049546e-05
MAR11877	6.570980090049546e-05
MAR11878	6.570980090049546e-05
MAR11879	6.570980090049546e-05
MAR11880	6.570980090049546e-05
MAR11881	6.570980090049546e-05
MAR11882	6.570980090049546e-05
MAR11883	6.570980090049546e-05
MAR11884	6.570980090049546e-05
MAR11885	6.570980090049546e-05
MAR11886	6.570980090049546e-05
MAR11887	6.570980090049546e-05
MAR11888	6.570980090049546e-05
MAR11889	6.570980090049546e-05
MAR11890	6.570980090049546e-05
MAR11891	6.570980090049546e-05
MAR11892	6.570980090049546e-05
MAR11893	6.570980090049546e-05
MAR11894	6.570980090049546e-05
MAR11895	6.570980090049546e-05
MAR11896	6.570980090049546e-05
MAR11897	6.570980090049546e-05
MAR11898	6.570980090049546e-05
MAR11899	6.570980090049546e-05
MAR11900	6.570980090049546e-05
MAR11901	6.570980090049546e-05
MAR11902	6.570980090049546e-05
MAR11903	6.570980090049546e-05
MAR11904	6.570980090049546e-05
MAR11905	6.570980090049546e-05
MAR11906	6.570980090049546e-05
MAR11907	6.570980090049546e-05
MAR11908	6.570980090049546e-05
MAR11909	6.570980090049546e-05
MAR11910	6.570980090049546e-05
MAR11911	6.570980090049546e-05
MAR11912	6.570980090049546e-05
MAR11913	6.570980090049546e-05
MAR11914	6.570980090049546e-05
MAR11915	6.570980090049546e-05
MAR11916	6.570980090049546e-05
MAR11917	6.570980090049546e-05
MAR11918	6.570980090049546e-05
MAR11919	6.570980090049546e-05
MAR11920	6.570980090049546e-05
MAR11921	6.570980090049546e-05
MAR11922	6.570980090049546e-05
MAR11923	6.570980090049546e-05
MAR11924	6.570980090049546e-05
MAR11925	6.570980090049546e-05
MAR11926	6.570980090049546e-05
MAR11927	6.570980090049546e-05
MAR11928	6.570980090049546e-05
MAR11929	6.570980090049546e-05
MAR11930	6.570980090049546e-05
MAR11931	6.570980090049546e-05
MAR11932	6.570980090049546e-05
MAR11933	6.570980090049546e-05
MAR11934	6.570980090049546e-05
MAR11935	6.570980090049546e-05
MAR11936	6.570980090049546e-05
MAR11937	6.570980090049546e-05
MAR11938	6.570980090049546e-05
MAR11939	6.570980090049546e-05
MAR11940	6.570980090049546e-05
MAR11941	6.570980090049546e-05
MAR11942	6.570980090049546e-05
MAR11943	6.570980090049546e-05
MAR11944	6.570980090049546e-05
MAR11945	6.570980090049546e-05
MAR11946	6.570980090049546e-05
MAR11947	6.570980090049546e-05
MAR11948	6.570980090049546e-05
MAR11949	6.570980090049546e-05
MAR11950	6.570980090049546e-05
MAR11951	6.570980090049546e-05
MAR11952	6.570980090049546e-05
MAR11953	6.570980090049546e-05
MAR11954	6.570980090049546e-05
MAR11955	6.570980090049546e-05
MAR11956	6.570980090049546e-05
MAR11957	6.570980090049546e-05
MAR11958	6.570980090049546e-05
MAR11959	6.570980090049546e-05
MAR11960	6.570980090049546e-05
MAR11961	6.570980090049546e-05
MAR11962	6.570980090049546e-05
MAR11963	6.570980090049546e-05
MAR11964	6.570980090049546e-05
MAR11965	6.570980090049546e-05
MAR11966	6.570980090049546e-05
MAR11967	6.570980090049546e-05
MAR11968	6.570980090049546e-05
MAR11969	6.570980090049546e-05
MAR11970	6.570980090049546e-05
MAR11971	6.570980090049546e-05
MAR11972	6.570980090049546e-05
MAR11973	6.570980090049546e-05
MAR11974	6.570980090049546e-05
MAR11975	6.570980090049546e-05
MAR11976	6.570980090049546e-05
MAR11977	6.570980090049546e-05
MAR11978	6.570980090049546e-05
MAR11979	6.570980090049546e-05
MAR11980	6.570980090049546e-05
MAR11981	6.570980090049546e-05
MAR11982	6.570980090049546e-05
MAR11983	6.570980090049546e-05
MAR11984	6.570980090049546e-05
MAR11985	6.570980090049546e-05
MAR11986	6.570980090049546e-05
MAR11987	6.570980090049546e-05
MAR11989	6.570980090049546e-05
MAR11990	6.570980090049546e-05
MAR11992	6.570980090049546e-05
MAR11993	6.570980090049546e-05
MAR11995	6.570980090049546e-05
MAR11996	6.570980090049546e-05
MAR11998	6.570980090049546e-05
MAR11999	6.570980090049546e-05
MAR12001	4.308094175900174e-05
MAR12002	0.005773173933969932
MAR12003	0.005773173933969932
MAR12004	2.911450790225425e-05
MAR12005	0.0023676999316709227
MAR12006	6.570980090049546e-05
MAR12007	6.570980090049546e-05
MAR12008	0.0016070058716249444
MAR12009	6.570980090049546e-05
MAR12010	0.0016070058716249444
MAR12011	6.570980090049546e-05
MAR12012	6.570980090049546e-05
MAR12013	0.0016070058716249444
MAR12014	2.911450790225425e-05
MAR12015	6.570980090049546e-05
MAR12016	6.570980090049546e-05
MAR12017	6.570980090049546e-05
MAR12018	6.570980090049546e-05
MAR12019	6.570980090049546e-05
MAR12020	0.004584426223403809
MAR12021	0.004584426223403809
MAR12022	6.570980090049546e-05
MAR12023	2.98229742394334e-05
MAR12024	2.911450790225425e-05
MAR12025	6.570980090049546e-05
MAR12026	6.570980090049546e-05
MAR12027	6.570980090049546e-05
MAR12028	6.570980090049546e-05
MAR12029	0.0016070058716249444
MAR12030	6.570980090049546e-05
MAR12031	6.570980090049546e-05
MAR12032	6.570980090049546e-05
MAR12033	6.570980090049546e-05
MAR12034	6.570980090049546e-05
MAR12035	0.0009317441157222343
MAR12036	0.031837065672530494
MAR12037	0.031837065672530494
MAR12038	0.0009317441157222343
MAR12039	0.0009317441157222343
MAR12040	6.570980090049546e-05
MAR12041	3.160016907693737e-05
MAR12042	6.570980090049546e-05
MAR12043	6.570980090049546e-05
MAR12044	6.570980090049546e-05
MAR12045	6.570980090049546e-05
MAR12046	6.570980090049546e-05
MAR12047	6.570980090049546e-05
MAR12048	6.570980090049546e-05
MAR12049	6.570980090049546e-05
MAR12050	0.0007350908353543314
MAR12051	6.570980090049546e-05
MAR12052	6.570980090049546e-05
MAR12053	0.031837065672530494
MAR12054	6.570980090049546e-05
MAR12055	6.570980090049546e-05
MAR12056	6.570980090049546e-05
MAR12057	6.570980090049546e-05
MAR12058	6.570980090049546e-05
MAR12059	6.570980090049546e-05
MAR12060	6.570980090049546e-05
MAR12061	0.0030917944313741228
MAR12062	0.0030917944313741228
MAR12063	0.0030917944313741228
MAR12064	0.0030917944313741228
MAR12065	0.0047553024882178
MAR12066	2.911450790225425e-05
MAR12067	2.911450790225425e-05
MAR12068	2.911450790225425e-05
MAR12069	6.570980090049546e-05
MAR12070	0.0005031140052479341
MAR12071	0.0005031140052479341
MAR12072	0.0005031140052479341
MAR12073	0.0005031140052479341
MAR12074	0.0005031140052479341
MAR12075	0.0005031140052479341
MAR12076	0.0005031140052479341
MAR12077	0.002144585389812714
MAR12078	0.0005031140052479341
MAR12079	0.000355302713901149
MAR12080	6.570980090049546e-05
MAR12081	0.0013271856097082757
MAR12082	0.00021468861494601342
MAR12083	0.00021468861494601342
MAR12084	6.570980090049546e-05
MAR12085	6.570980090049546e-05
MAR12086	4.699319993658455e-05
MAR12087	2.911450790225425e-05
MAR12088	6.570980090049546e-05
MAR12089	6.570980090049546e-05
MAR12090	6.570980090049546e-05
MAR12091	6.570980090049546e-05
MAR12092	6.570980090049546e-05
MAR12093	6.570980090049546e-05
MAR12094	6.570980090049546e-05
MAR12095	6.570980090049546e-05
MAR12096	6.570980090049546e-05
MAR12097	6.570980090049546e-05
MAR12098	6.570980090049546e-05
MAR12099	6.570980090049546e-05
MAR12100	6.570980090049546e-05
MAR12101	6.570980090049546e-05
MAR12102	6.570980090049546e-05
MAR12103	6.570980090049546e-05
MAR12104	6.570980090049546e-05
MAR12105	6.570980090049546e-05
MAR12106	6.570980090049546e-05
MAR12107	6.570980090049546e-05
MAR12108	6.570980090049546e-05
MAR12109	6.570980090049546e-05
MAR12110	6.570980090049546e-05
MAR12111	6.570980090049546e-05
MAR12112	6.570980090049546e-05
MAR12113	6.570980090049546e-05
MAR12114	6.570980090049546e-05
MAR12115	6.570980090049546e-05
MAR12116	6.570980090049546e-05
MAR12117	6.570980090049546e-05
MAR12118	6.570980090049546e-05
MAR12119	6.570980090049546e-05
MAR12120	6.570980090049546e-05
MAR12121	6.570980090049546e-05
MAR12122	6.570980090049546e-05
MAR12123	6.570980090049546e-05
MAR12124	6.570980090049546e-05
MAR12125	6.570980090049546e-05
MAR12126	6.570980090049546e-05
MAR12127	6.570980090049546e-05
MAR12128	6.570980090049546e-05
MAR12129	6.570980090049546e-05
MAR12130	6.570980090049546e-05
MAR12131	6.570980090049546e-05
MAR12132	6.570980090049546e-05
MAR12133	6.570980090049546e-05
MAR12134	6.570980090049546e-05
MAR12135	6.570980090049546e-05
MAR12136	6.570980090049546e-05
MAR12137	6.570980090049546e-05
MAR12138	6.570980090049546e-05
MAR12139	6.570980090049546e-05
MAR12140	6.570980090049546e-05
MAR12141	6.570980090049546e-05
MAR12142	0.0005352144852638994
MAR12143	7.735074205726712e-05
MAR12144	5.250443370952762e-05
MAR12145	3.109234522527061e-05
MAR12146	3.109234522527061e-05
MAR12147	0.0005352144852638994
MAR12148	7.735074205726712e-05
MAR12149	5.250443370952762e-05
MAR12150	0.0005352144852638994
MAR12151	7.735074205726712e-05
MAR12152	5.250443370952762e-05
MAR12153	0.0005352144852638994
MAR12154	3.109234522527061e-05
MAR12155	7.735074205726712e-05
MAR12156	5.250443370952762e-05
MAR12157	0.0005352144852638994
MAR12158	3.109234522527061e-05
MAR12159	7.735074205726712e-05
MAR12160	5.250443370952762e-05
MAR12161	0.0005352144852638994
MAR12162	7.735074205726712e-05
MAR12163	5.250443370952762e-05
MAR12164	0.0005352144852638994
MAR12165	7.735074205726712e-05
MAR12166	5.250443370952762e-05
MAR12167	2.911450790225425e-05
MAR12168	2.911450790225425e-05
MAR12169	0.0005352144852638994
MAR12170	6.570980090049546e-05
MAR12171	0.0005352144852638994
MAR12172	7.735074205726712e-05
MAR12173	2.911450790225425e-05
MAR12174	2.911450790225425e-05
MAR12175	2.911450790225425e-05
MAR12176	0.0005352144852638994
MAR12177	6.570980090049546e-05
MAR12178	2.911450790225425e-05
MAR12179	2.911450790225425e-05
MAR12180	0.0005352144852638994
MAR12181	6.570980090049546e-05
MAR12182	7.735074205726712e-05
MAR12183	3.109234522527061e-05
MAR12184	0.0005352144852638994
MAR12185	7.735074205726712e-05
MAR12186	5.250443370952762e-05
MAR12187	2.911450790225425e-05
MAR12188	2.911450790225425e-05
MAR12189	0.0005352144852638994
MAR12190	6.570980090049546e-05
MAR12191	2.911450790225425e-05
MAR12192	2.911450790225425e-05
MAR12193	0.0005352144852638994
MAR12194	6.570980090049546e-05
MAR12195	0.0005352144852638994
MAR12196	7.735074205726712e-05
MAR12197	2.911450790225425e-05
MAR12198	6.570980090049546e-05
MAR12199	6.570980090049546e-05
MAR12200	6.570980090049546e-05
MAR12201	6.570980090049546e-05
MAR12202	6.570980090049546e-05
MAR12203	6.570980090049546e-05
MAR12204	6.570980090049546e-05
MAR12205	6.570980090049546e-05
MAR12206	6.570980090049546e-05
MAR12207	6.570980090049546e-05
MAR12208	6.570980090049546e-05
MAR12209	6.570980090049546e-05
MAR12210	6.570980090049546e-05
MAR12211	6.570980090049546e-05
MAR12212	6.570980090049546e-05
MAR12213	6.570980090049546e-05
MAR12214	6.570980090049546e-05
MAR12215	6.570980090049546e-05
MAR12216	6.570980090049546e-05
MAR12217	6.570980090049546e-05
MAR12218	6.570980090049546e-05
MAR12219	6.570980090049546e-05
MAR12220	6.570980090049546e-05
MAR12221	6.570980090049546e-05
MAR12222	6.570980090049546e-05
MAR12223	6.570980090049546e-05
MAR12224	6.570980090049546e-05
MAR12225	6.570980090049546e-05
MAR12226	6.570980090049546e-05
MAR12227	6.570980090049546e-05
MAR12228	6.570980090049546e-05
MAR12229	6.570980090049546e-05
MAR12230	6.570980090049546e-05
MAR12231	6.570980090049546e-05
MAR12232	6.570980090049546e-05
MAR12233	6.570980090049546e-05
MAR12234	0.0005352144852638994
MAR12235	7.735074205726712e-05
MAR12236	2.911450790225425e-05
MAR12237	0.0005352144852638994
MAR12238	7.735074205726712e-05
MAR12239	2.911450790225425e-05
MAR12240	0.0005352144852638994
MAR12241	7.735074205726712e-05
MAR12242	2.911450790225425e-05
MAR12243	0.0005352144852638994
MAR12244	7.735074205726712e-05
MAR12245	2.911450790225425e-05
MAR12246	2.911450790225425e-05
MAR12247	2.911450790225425e-05
MAR12248	0.0005352144852638994
MAR12249	6.570980090049546e-05
MAR12250	2.911450790225425e-05
MAR12251	2.911450790225425e-05
MAR12252	0.0005352144852638994
MAR12253	6.570980090049546e-05
MAR12254	2.911450790225425e-05
MAR12255	2.911450790225425e-05
MAR12256	0.0005352144852638994
MAR12257	6.570980090049546e-05
MAR12258	2.911450790225425e-05
MAR12259	2.911450790225425e-05
MAR12260	0.0005352144852638994
MAR12261	6.570980090049546e-05
MAR12262	0.0005352144852638994
MAR12263	7.735074205726712e-05
MAR12264	5.250443370952762e-05
MAR12265	6.570980090049546e-05
MAR12266	0.0005352144852638994
MAR12267	7.735074205726712e-05
MAR12268	5.250443370952762e-05
MAR12269	0.0005352144852638994
MAR12270	7.735074205726712e-05
MAR12271	5.250443370952762e-05
MAR12272	2.911450790225425e-05
MAR12273	2.911450790225425e-05
MAR12274	0.0005352144852638994
MAR12275	6.570980090049546e-05
MAR12276	2.911450790225425e-05
MAR12277	2.911450790225425e-05
MAR12278	0.0005352144852638994
MAR12279	6.570980090049546e-05
MAR12280	0.0005352144852638994
MAR12281	7.735074205726712e-05
MAR12282	2.911450790225425e-05
MAR12283	6.570980090049546e-05
MAR12284	0.0005352144852638994
MAR12285	7.735074205726712e-05
MAR12286	2.911450790225425e-05
MAR12287	0.0005352144852638994
MAR12288	7.735074205726712e-05
MAR12289	3.109234522527061e-05
MAR12290	2.911450790225425e-05
MAR12291	0.0005352144852638994
MAR12292	7.735074205726712e-05
MAR12293	2.911450790225425e-05
MAR12294	0.0005352144852638994
MAR12295	7.735074205726712e-05
MAR12296	5.250443370952762e-05
MAR12297	0.0005352144852638994
MAR12298	7.735074205726712e-05
MAR12299	2.911450790225425e-05
MAR12300	0.0005352144852638994
MAR12301	7.735074205726712e-05
MAR12302	5.250443370952762e-05
MAR12303	0.0005352144852638994
MAR12304	7.735074205726712e-05
MAR12305	2.911450790225425e-05
MAR12306	7.735074205726712e-05
MAR12307	5.250443370952762e-05
MAR12308	4.1171868389890584e-05
MAR12309	6.570980090049546e-05
MAR12310	6.570980090049546e-05
MAR12311	6.570980090049546e-05
MAR12312	6.570980090049546e-05
MAR12313	6.570980090049546e-05
MAR12314	6.570980090049546e-05
MAR12315	6.570980090049546e-05
MAR12316	6.570980090049546e-05
MAR12317	6.570980090049546e-05
MAR12318	4.1171868389890584e-05
MAR12319	4.1171868389890584e-05
MAR12320	6.570980090049546e-05
MAR12321	6.570980090049546e-05
MAR12322	6.570980090049546e-05
MAR12323	6.570980090049546e-05
MAR12324	6.570980090049546e-05
MAR12325	6.570980090049546e-05
MAR12326	6.570980090049546e-05
MAR12327	6.570980090049546e-05
MAR12328	6.570980090049546e-05
MAR12329	6.570980090049546e-05
MAR12330	6.570980090049546e-05
MAR12331	6.570980090049546e-05
MAR12332	6.570980090049546e-05
MAR12333	2.911450790225425e-05
MAR12334	6.570980090049546e-05
MAR12335	3.350168790838632e-05
MAR12336	6.570980090049546e-05
MAR12337	4.1171868389890584e-05
MAR12338	6.570980090049546e-05
MAR12339	6.570980090049546e-05
MAR12340	3.350168790838632e-05
MAR12341	5.934396334723518e-05
MAR12342	4.1171868389890584e-05
MAR12343	2.911450790225425e-05
MAR12344	5.934396334723518e-05
MAR12345	6.570980090049546e-05
MAR12346	2.9306643773020742e-05
MAR12347	3.350168790838632e-05
MAR12348	5.934396334723518e-05
MAR12349	4.1171868389890584e-05
MAR12350	5.934396334723518e-05
MAR12351	6.570980090049546e-05
MAR12352	2.9306643773020742e-05
MAR12353	6.570980090049546e-05
MAR12354	6.570980090049546e-05
MAR12355	2.911450790225425e-05
MAR12356	6.570980090049546e-05
MAR12357	6.570980090049546e-05
MAR12358	6.570980090049546e-05
MAR12359	6.570980090049546e-05
MAR12360	3.109234522527061e-05
MAR12361	6.570980090049546e-05
MAR12362	2.9306643773020742e-05
MAR12363	4.1171868389890584e-05
MAR12364	6.570980090049546e-05
MAR12365	6.570980090049546e-05
MAR12366	6.570980090049546e-05
MAR12367	2.911450790225425e-05
MAR12368	6.570980090049546e-05
MAR12369	2.911450790225425e-05
MAR12370	6.570980090049546e-05
MAR12371	0.004071677923888144
MAR12372	0.000677045920163082
MAR12373	0.00043882530623897596
MAR12374	6.570980090049546e-05
MAR12375	0.00014312000670038097
MAR12376	0.00043882530623897596
MAR12377	6.570980090049546e-05
MAR12378	2.9306643773020742e-05
MAR12379	2.911450790225425e-05
MAR12380	6.570980090049546e-05
MAR12381	4.1171868389890584e-05
MAR12382	6.570980090049546e-05
MAR12383	0.00043882530623897596
MAR12384	6.570980090049546e-05
MAR12385	2.9306643773020742e-05
MAR12386	6.570980090049546e-05
MAR12387	6.346528985521397e-05
MAR12388	6.570980090049546e-05
MAR12389	6.570980090049546e-05
MAR12390	6.570980090049546e-05
MAR12391	6.570980090049546e-05
MAR12392	4.1171868389890584e-05
MAR12393	2.911450790225425e-05
MAR12394	5.934396334723518e-05
MAR12395	6.570980090049546e-05
MAR12396	2.9306643773020742e-05
MAR12397	4.1171868389890584e-05
MAR12398	6.570980090049546e-05
MAR12399	5.934396334723518e-05
MAR12400	6.570980090049546e-05
MAR12401	2.9306643773020742e-05
MAR12402	6.570980090049546e-05
MAR12403	3.350168790838632e-05
MAR12404	4.1171868389890584e-05
MAR12405	6.570980090049546e-05
MAR12406	3.109234522527061e-05
MAR12407	0.00043882530623897596
MAR12408	6.570980090049546e-05
MAR12409	3.109234522527061e-05
MAR12410	0.00043882530623897596
MAR12411	6.570980090049546e-05
MAR12412	6.570980090049546e-05
MAR12413	6.570980090049546e-05
MAR12414	3.5185963939766904e-05
MAR12415	6.570980090049546e-05
MAR12416	6.570980090049546e-05
MAR12417	6.570980090049546e-05
MAR12418	6.570980090049546e-05
MAR12419	6.570980090049546e-05
MAR12420	6.570980090049546e-05
MAR12421	6.570980090049546e-05
MAR12422	6.570980090049546e-05
MAR12423	3.5185963939766904e-05
MAR12424	6.570980090049546e-05
MAR12425	2.911450790225425e-05
MAR12426	6.570980090049546e-05
MAR12427	4.1171868389890584e-05
MAR12428	0.00043882530623897596
MAR12429	6.570980090049546e-05
MAR12430	6.570980090049546e-05
MAR12431	2.9306643773020742e-05
MAR12432	2.911450790225425e-05
MAR12433	6.570980090049546e-05
MAR12434	2.911450790225425e-05
MAR12435	6.570980090049546e-05
MAR12436	4.1171868389890584e-05
MAR12437	2.911450790225425e-05
MAR12438	6.570980090049546e-05
MAR12439	4.1171868389890584e-05
MAR12440	2.911450790225425e-05
MAR12441	3.0220585133053933e-05
MAR12442	6.570980090049546e-05
MAR12443	4.1171868389890584e-05
MAR12444	6.570980090049546e-05
MAR12445	6.570980090049546e-05
MAR12446	2.911450790225425e-05
MAR12447	6.570980090049546e-05
MAR12448	6.570980090049546e-05
MAR12449	6.570980090049546e-05
MAR12450	6.570980090049546e-05
MAR12451	6.570980090049546e-05
MAR12452	6.570980090049546e-05
MAR12453	6.570980090049546e-05
MAR12454	6.570980090049546e-05
MAR12455	2.911450790225425e-05
MAR12456	6.570980090049546e-05
MAR12457	3.109234522527061e-05
MAR12458	0.00043882530623897596
MAR12459	6.570980090049546e-05
MAR12460	2.9997300896513043e-05
MAR12461	3.0220585133053933e-05
MAR12462	0.00010011830895316997
MAR12463	6.570980090049546e-05
MAR12464	0.0005352144852638994
MAR12465	0.0005352144852638994
MAR12466	0.0005352144852638994
MAR12467	0.0005352144852638994
MAR12468	3.0305323724212193e-05
MAR12469	6.570980090049546e-05
MAR12470	0.0005352144852638994
MAR12471	3.081513917787879e-05
MAR12472	0.0007202346837094392
MAR12473	2.911450790225425e-05
MAR12474	4.1171868389890584e-05
MAR12475	6.570980090049546e-05
MAR12476	6.570980090049546e-05
MAR12477	6.570980090049546e-05
MAR12478	6.570980090049546e-05
MAR12479	6.570980090049546e-05
MAR12480	6.570980090049546e-05
MAR12481	6.570980090049546e-05
MAR12482	6.570980090049546e-05
MAR12483	6.570980090049546e-05
MAR12484	6.570980090049546e-05
MAR12485	6.570980090049546e-05
MAR12486	6.570980090049546e-05
MAR12487	6.570980090049546e-05
MAR12488	6.570980090049546e-05
MAR12489	6.570980090049546e-05
MAR12490	6.570980090049546e-05
MAR12491	6.570980090049546e-05
MAR12492	6.570980090049546e-05
MAR12493	6.570980090049546e-05
MAR12494	6.570980090049546e-05
MAR12495	6.570980090049546e-05
MAR12496	6.570980090049546e-05
MAR12497	4.1171868389890584e-05
MAR12498	6.570980090049546e-05
MAR12499	6.570980090049546e-05
MAR12500	6.570980090049546e-05
MAR12501	6.570980090049546e-05
MAR12502	6.570980090049546e-05
MAR12503	6.570980090049546e-05
MAR12504	6.570980090049546e-05
MAR12505	6.570980090049546e-05
MAR12506	4.1171868389890584e-05
MAR12507	6.570980090049546e-05
MAR12508	6.570980090049546e-05
MAR12509	0.005763777341666581
MAR12510	2.9306643773020742e-05
MAR12511	2.911450790225425e-05
MAR12512	6.570980090049546e-05
MAR12513	6.570980090049546e-05
MAR12514	3.0220585133053933e-05
MAR12515	8.15982806713071e-05
MAR12516	3.350168790838632e-05
MAR12517	8.15982806713071e-05
MAR12518	2.9306643773020742e-05
MAR12519	6.570980090049546e-05
MAR12520	6.570980090049546e-05
MAR12521	6.570980090049546e-05
MAR12522	6.570980090049546e-05
MAR12523	3.0220585133053933e-05
MAR12524	6.570980090049546e-05
MAR12525	6.570980090049546e-05
MAR12526	6.570980090049546e-05
MAR12527	6.570980090049546e-05
MAR12528	2.911450790225425e-05
MAR12529	6.570980090049546e-05
MAR12530	6.570980090049546e-05
MAR12531	6.570980090049546e-05
MAR12532	6.570980090049546e-05
MAR12533	3.109234522527061e-05
MAR12534	6.570980090049546e-05
MAR12535	3.109234522527061e-05
MAR12536	6.570980090049546e-05
MAR12537	0.00043882530623897596
MAR12538	6.570980090049546e-05
MAR12539	3.109234522527061e-05
MAR12540	0.0008458289991131292
MAR12541	0.00043882530623897596
MAR12542	6.570980090049546e-05
MAR12543	2.911450790225425e-05
MAR12544	0.0008458289991131292
MAR12545	0.00043882530623897596
MAR12546	6.570980090049546e-05
MAR12547	0.00043882530623897596
MAR12548	6.570980090049546e-05
MAR12549	6.570980090049546e-05
MAR12550	6.570980090049546e-05
MAR12551	2.911450790225425e-05
MAR12552	6.570980090049546e-05
MAR12553	6.570980090049546e-05
MAR12554	6.570980090049546e-05
MAR12555	6.570980090049546e-05
MAR12556	3.0220585133053933e-05
MAR12557	8.15982806713071e-05
MAR12558	8.15982806713071e-05
MAR12559	6.570980090049546e-05
MAR12560	6.570980090049546e-05
MAR12561	6.570980090049546e-05
MAR12562	0.000677045920163082
MAR12563	6.570980090049546e-05
MAR12564	2.911450790225425e-05
MAR12565	6.570980090049546e-05
MAR12566	6.570980090049546e-05
MAR12567	6.570980090049546e-05
MAR12568	6.570980090049546e-05
MAR12569	3.109234522527061e-05
MAR12570	0.00043882530623897596
MAR12571	6.570980090049546e-05
MAR12572	6.570980090049546e-05
MAR12573	6.570980090049546e-05
MAR12574	6.570980090049546e-05
MAR12575	6.570980090049546e-05
MAR12576	6.570980090049546e-05
MAR12577	6.570980090049546e-05
MAR12578	6.570980090049546e-05
MAR12579	6.570980090049546e-05
MAR12580	6.570980090049546e-05
MAR12581	6.570980090049546e-05
MAR12582	6.570980090049546e-05
MAR12583	6.570980090049546e-05
MAR12584	6.570980090049546e-05
MAR12585	6.570980090049546e-05
MAR12586	6.570980090049546e-05
MAR12587	6.570980090049546e-05
MAR12588	6.570980090049546e-05
MAR12589	6.570980090049546e-05
MAR12590	6.570980090049546e-05
MAR12591	6.570980090049546e-05
MAR12592	6.570980090049546e-05
MAR12593	6.570980090049546e-05
MAR12594	6.570980090049546e-05
MAR12595	6.570980090049546e-05
MAR12596	6.570980090049546e-05
MAR12597	6.570980090049546e-05
MAR12598	6.570980090049546e-05
MAR12599	6.570980090049546e-05
MAR12600	6.570980090049546e-05
MAR12601	6.570980090049546e-05
MAR12602	6.570980090049546e-05
MAR12603	6.570980090049546e-05
MAR12604	6.570980090049546e-05
MAR12605	6.570980090049546e-05
MAR12606	6.570980090049546e-05
MAR12607	6.570980090049546e-05
MAR12608	6.570980090049546e-05
MAR12609	6.570980090049546e-05
MAR12610	6.570980090049546e-05
MAR12611	6.570980090049546e-05
MAR12612	6.570980090049546e-05
MAR12613	6.570980090049546e-05
MAR12614	6.570980090049546e-05
MAR12615	6.570980090049546e-05
MAR12616	6.570980090049546e-05
MAR12617	6.570980090049546e-05
MAR12618	6.570980090049546e-05
MAR12619	6.570980090049546e-05
MAR12620	6.570980090049546e-05
MAR12621	6.570980090049546e-05
MAR12622	6.570980090049546e-05
MAR12623	6.570980090049546e-05
MAR12624	6.570980090049546e-05
MAR12625	6.570980090049546e-05
MAR12626	6.570980090049546e-05
MAR12627	6.570980090049546e-05
MAR12628	6.570980090049546e-05
MAR12629	6.570980090049546e-05
MAR12630	6.570980090049546e-05
MAR12631	6.570980090049546e-05
MAR12632	6.570980090049546e-05
MAR12633	6.570980090049546e-05
MAR12634	6.570980090049546e-05
MAR12635	6.570980090049546e-05
MAR12636	6.570980090049546e-05
MAR12637	6.570980090049546e-05
MAR12638	6.570980090049546e-05
MAR12639	6.570980090049546e-05
MAR12640	6.570980090049546e-05
MAR12641	6.570980090049546e-05
MAR12642	6.570980090049546e-05
MAR12643	6.570980090049546e-05
MAR12644	6.570980090049546e-05
MAR12645	6.570980090049546e-05
MAR12646	6.570980090049546e-05
MAR12647	6.570980090049546e-05
MAR12648	6.570980090049546e-05
MAR12649	6.570980090049546e-05
MAR12650	6.570980090049546e-05
MAR12651	6.570980090049546e-05
MAR12652	6.570980090049546e-05
MAR12653	6.570980090049546e-05
MAR12654	6.570980090049546e-05
MAR12655	6.570980090049546e-05
MAR12656	6.570980090049546e-05
MAR12657	6.570980090049546e-05
MAR12658	6.570980090049546e-05
MAR12659	6.570980090049546e-05
MAR12660	6.570980090049546e-05
MAR12661	6.570980090049546e-05
MAR12662	6.570980090049546e-05
MAR12663	6.570980090049546e-05
MAR12664	6.570980090049546e-05
MAR12665	6.570980090049546e-05
MAR12666	6.570980090049546e-05
MAR12667	6.570980090049546e-05
MAR12668	6.570980090049546e-05
MAR12669	6.570980090049546e-05
MAR12670	6.570980090049546e-05
MAR12671	6.570980090049546e-05
MAR12672	6.570980090049546e-05
MAR12673	6.570980090049546e-05
MAR12674	6.570980090049546e-05
MAR12675	6.570980090049546e-05
MAR12676	6.570980090049546e-05
MAR12677	6.570980090049546e-05
MAR12678	6.570980090049546e-05
MAR12679	6.570980090049546e-05
MAR12680	6.570980090049546e-05
MAR12681	6.570980090049546e-05
MAR12682	6.570980090049546e-05
MAR12683	6.570980090049546e-05
MAR12684	6.570980090049546e-05
MAR12685	6.570980090049546e-05
MAR12686	6.570980090049546e-05
MAR12687	6.570980090049546e-05
MAR12688	6.570980090049546e-05
MAR12689	6.570980090049546e-05
MAR12690	6.570980090049546e-05
MAR12691	6.570980090049546e-05
MAR12692	6.570980090049546e-05
MAR12693	6.570980090049546e-05
MAR12694	6.570980090049546e-05
MAR12695	6.570980090049546e-05
MAR12696	6.570980090049546e-05
MAR12697	6.570980090049546e-05
MAR12698	6.570980090049546e-05
MAR12699	6.570980090049546e-05
MAR12700	6.570980090049546e-05
MAR12701	6.570980090049546e-05
MAR12702	6.570980090049546e-05
MAR12703	6.570980090049546e-05
MAR12704	6.570980090049546e-05
MAR12705	6.570980090049546e-05
MAR12706	6.570980090049546e-05
MAR12707	6.570980090049546e-05
MAR12708	6.570980090049546e-05
MAR12709	6.570980090049546e-05
MAR12710	6.570980090049546e-05
MAR12711	6.570980090049546e-05
MAR12712	6.570980090049546e-05
MAR12713	6.570980090049546e-05
MAR12714	6.570980090049546e-05
MAR12715	6.570980090049546e-05
MAR12716	6.570980090049546e-05
MAR12717	6.570980090049546e-05
MAR12718	6.570980090049546e-05
MAR12719	6.570980090049546e-05
MAR12720	6.570980090049546e-05
MAR12721	6.570980090049546e-05
MAR12722	6.570980090049546e-05
MAR12723	6.570980090049546e-05
MAR12724	6.570980090049546e-05
MAR12725	6.570980090049546e-05
MAR12726	6.570980090049546e-05
MAR12727	2.9306643773020742e-05
MAR12728	0.00010011830895316997
MAR12729	6.570980090049546e-05
MAR12730	6.570980090049546e-05
MAR12731	6.570980090049546e-05
MAR12732	6.570980090049546e-05
MAR12733	6.570980090049546e-05
MAR12734	6.570980090049546e-05
MAR12735	6.570980090049546e-05
MAR12736	2.911450790225425e-05
MAR12737	0.0004924976550984932
MAR12738	3.109234522527061e-05
MAR12739	3.109234522527061e-05
MAR12740	2.911450790225425e-05
MAR12741	8.494242923005688e-05
MAR12742	6.570980090049546e-05
MAR12743	6.570980090049546e-05
MAR12744	0.0014977037014072543
MAR12745	6.570980090049546e-05
MAR12746	2.911450790225425e-05
MAR12747	3.109234522527061e-05
MAR12748	3.109234522527061e-05
MAR12749	2.911450790225425e-05
MAR12750	6.570980090049546e-05
MAR12751	6.570980090049546e-05
MAR12752	6.570980090049546e-05
MAR12753	6.570980090049546e-05
MAR12754	3.0220585133053933e-05
MAR12755	6.570980090049546e-05
MAR12756	3.109234522527061e-05
MAR12757	6.570980090049546e-05
MAR12758	2.911450790225425e-05
MAR12759	6.570980090049546e-05
MAR12760	3.0220585133053933e-05
MAR12761	3.109234522527061e-05
MAR12762	6.570980090049546e-05
MAR12763	3.109234522527061e-05
MAR12764	6.570980090049546e-05
MAR12765	6.570980090049546e-05
MAR12766	6.570980090049546e-05
MAR12767	3.109234522527061e-05
MAR12768	6.570980090049546e-05
MAR12769	6.570980090049546e-05
MAR12770	8.15982806713071e-05
MAR12771	6.570980090049546e-05
MAR12772	6.570980090049546e-05
MAR12773	6.570980090049546e-05
MAR12774	6.570980090049546e-05
MAR12775	2.911450790225425e-05
MAR12776	3.0220585133053933e-05
MAR12777	4.1171868389890584e-05
MAR12778	4.1171868389890584e-05
MAR12779	4.1171868389890584e-05
MAR12780	4.1171868389890584e-05
MAR12781	4.1171868389890584e-05
MAR12782	3.0220585133053933e-05
MAR12783	6.570980090049546e-05
MAR12784	6.570980090049546e-05
MAR12785	6.570980090049546e-05
MAR12786	3.0220585133053933e-05
MAR12787	0.0005352144852638994
MAR12788	0.0005352144852638994
MAR12789	6.570980090049546e-05
MAR12790	2.911450790225425e-05
MAR12791	6.570980090049546e-05
MAR12792	2.911450790225425e-05
MAR12793	0.00043882530623897596
MAR12794	4.1171868389890584e-05
MAR12795	6.570980090049546e-05
MAR12796	6.570980090049546e-05
MAR12797	6.570980090049546e-05
MAR12798	6.570980090049546e-05
MAR12799	6.570980090049546e-05
MAR12800	6.570980090049546e-05
MAR12801	6.570980090049546e-05
MAR12802	6.570980090049546e-05
MAR12803	6.570980090049546e-05
MAR12804	6.570980090049546e-05
MAR12805	6.570980090049546e-05
MAR12806	2.911450790225425e-05
MAR12807	6.570980090049546e-05
MAR12808	0.000677045920163082
MAR12809	6.570980090049546e-05
MAR12810	6.570980090049546e-05
MAR12811	0.00043882530623897596
MAR12812	0.00010011830895316997
MAR12813	6.570980090049546e-05
MAR12814	6.570980090049546e-05
MAR12815	2.911450790225425e-05
MAR12816	0.00043882530623897596
MAR12817	3.109234522527061e-05
MAR12818	2.911450790225425e-05
MAR12819	6.570980090049546e-05
MAR12820	2.9306643773020742e-05
MAR12821	0.00043882530623897596
MAR12822	6.570980090049546e-05
MAR12823	0.00043882530623897596
MAR12824	6.570980090049546e-05
MAR12825	6.570980090049546e-05
MAR12826	2.9306643773020742e-05
MAR12827	6.570980090049546e-05
MAR12828	0.00043882530623897596
MAR12829	6.570980090049546e-05
MAR12830	6.570980090049546e-05
MAR12831	0.00043882530623897596
MAR12832	2.911450790225425e-05
MAR12833	6.570980090049546e-05
MAR12834	6.570980090049546e-05
MAR12835	2.9306643773020742e-05
MAR12836	6.570980090049546e-05
MAR12837	6.570980090049546e-05
MAR12838	3.0220585133053933e-05
MAR12839	0.0008458289991131292
MAR12840	6.570980090049546e-05
MAR12841	3.0220585133053933e-05
MAR12842	6.570980090049546e-05
MAR12843	8.15982806713071e-05
MAR12844	2.911450790225425e-05
MAR12845	6.570980090049546e-05
MAR12846	6.570980090049546e-05
MAR12847	2.911450790225425e-05
MAR12848	6.570980090049546e-05
MAR12849	6.570980090049546e-05
MAR12850	0.0005352144852638994
MAR12851	6.570980090049546e-05
MAR12852	3.0220585133053933e-05
MAR12853	6.570980090049546e-05
MAR12854	6.570980090049546e-05
MAR12855	6.570980090049546e-05
MAR12856	6.570980090049546e-05
MAR12857	6.570980090049546e-05
MAR12858	6.570980090049546e-05
MAR12859	6.570980090049546e-05
MAR12860	2.911450790225425e-05
MAR12861	6.570980090049546e-05
MAR12862	6.570980090049546e-05
MAR12863	6.570980090049546e-05
MAR12864	2.911450790225425e-05
MAR12865	6.570980090049546e-05
MAR12866	6.570980090049546e-05
MAR12867	2.911450790225425e-05
MAR12868	6.570980090049546e-05
MAR12869	3.109234522527061e-05
MAR12870	0.00043882530623897596
MAR12871	6.570980090049546e-05
MAR12872	6.570980090049546e-05
MAR12873	6.570980090049546e-05
MAR12874	6.570980090049546e-05
MAR12875	6.570980090049546e-05
MAR12876	6.570980090049546e-05
MAR12877	6.570980090049546e-05
MAR12878	6.570980090049546e-05
MAR12879	6.570980090049546e-05
MAR12880	6.570980090049546e-05
MAR12881	6.570980090049546e-05
MAR12882	6.570980090049546e-05
MAR12883	6.570980090049546e-05
MAR12884	6.570980090049546e-05
MAR12885	6.570980090049546e-05
MAR12886	6.570980090049546e-05
MAR12887	6.570980090049546e-05
MAR12888	6.570980090049546e-05
MAR12889	6.570980090049546e-05
MAR12890	6.570980090049546e-05
MAR12891	6.570980090049546e-05
MAR12892	6.570980090049546e-05
MAR12893	6.570980090049546e-05
MAR12894	6.570980090049546e-05
MAR12895	6.570980090049546e-05
MAR12896	6.570980090049546e-05
MAR12897	6.570980090049546e-05
MAR12898	6.570980090049546e-05
MAR12899	6.570980090049546e-05
MAR12900	6.570980090049546e-05
MAR12901	6.570980090049546e-05
MAR12902	6.570980090049546e-05
MAR12903	6.570980090049546e-05
MAR12904	6.570980090049546e-05
MAR12905	6.570980090049546e-05
MAR12906	6.570980090049546e-05
MAR12907	6.570980090049546e-05
MAR12908	6.570980090049546e-05
MAR12909	6.570980090049546e-05
MAR12910	6.570980090049546e-05
MAR12911	6.570980090049546e-05
MAR12912	6.570980090049546e-05
MAR12913	6.570980090049546e-05
MAR12914	6.570980090049546e-05
MAR12915	6.570980090049546e-05
MAR12916	6.570980090049546e-05
MAR12917	6.570980090049546e-05
MAR12918	6.570980090049546e-05
MAR12919	6.570980090049546e-05
MAR12920	6.570980090049546e-05
MAR12921	6.570980090049546e-05
MAR12922	6.570980090049546e-05
MAR12923	6.570980090049546e-05
MAR12924	6.570980090049546e-05
MAR12925	6.570980090049546e-05
MAR12926	6.570980090049546e-05
MAR12927	6.570980090049546e-05
MAR12928	6.570980090049546e-05
MAR12929	6.570980090049546e-05
MAR12930	6.570980090049546e-05
MAR12931	6.570980090049546e-05
MAR12932	6.570980090049546e-05
MAR12933	6.570980090049546e-05
MAR12934	6.570980090049546e-05
MAR12935	6.570980090049546e-05
MAR12936	6.570980090049546e-05
MAR12937	6.570980090049546e-05
MAR12938	6.570980090049546e-05
MAR12939	6.570980090049546e-05
MAR12940	6.570980090049546e-05
MAR12941	6.570980090049546e-05
MAR12942	6.570980090049546e-05
MAR12943	6.570980090049546e-05
MAR12944	6.570980090049546e-05
MAR12945	6.570980090049546e-05
MAR12946	6.570980090049546e-05
MAR12947	6.570980090049546e-05
MAR12948	6.570980090049546e-05
MAR12949	6.570980090049546e-05
MAR12950	6.570980090049546e-05
MAR12951	6.570980090049546e-05
MAR12952	6.570980090049546e-05
MAR12953	6.570980090049546e-05
MAR12954	6.570980090049546e-05
MAR12955	6.570980090049546e-05
MAR12956	6.570980090049546e-05
MAR12957	6.570980090049546e-05
MAR12958	6.570980090049546e-05
MAR12959	6.570980090049546e-05
MAR12960	6.570980090049546e-05
MAR12961	6.570980090049546e-05
MAR12962	6.570980090049546e-05
MAR12963	6.570980090049546e-05
MAR12964	6.570980090049546e-05
MAR12965	6.570980090049546e-05
MAR12966	6.570980090049546e-05
MAR12967	6.570980090049546e-05
MAR12968	6.570980090049546e-05
MAR12969	6.570980090049546e-05
MAR12970	6.570980090049546e-05
MAR12971	6.570980090049546e-05
MAR12972	6.570980090049546e-05
MAR12973	6.570980090049546e-05
MAR12974	6.570980090049546e-05
MAR12975	6.570980090049546e-05
MAR12976	6.570980090049546e-05
MAR12977	6.570980090049546e-05
MAR12978	6.570980090049546e-05
MAR12979	6.570980090049546e-05
MAR12980	6.570980090049546e-05
MAR12981	6.570980090049546e-05
MAR12982	6.570980090049546e-05
MAR12983	6.570980090049546e-05
MAR12984	6.570980090049546e-05
MAR12985	6.570980090049546e-05
MAR12986	6.570980090049546e-05
MAR12987	6.570980090049546e-05
MAR12988	6.570980090049546e-05
MAR12989	6.570980090049546e-05
MAR12990	6.570980090049546e-05
MAR12991	6.570980090049546e-05
MAR12992	6.570980090049546e-05
MAR12993	6.570980090049546e-05
MAR12994	6.570980090049546e-05
MAR12995	6.570980090049546e-05
MAR12996	6.570980090049546e-05
MAR12997	6.570980090049546e-05
MAR12998	6.570980090049546e-05
MAR12999	6.570980090049546e-05
MAR13000	6.570980090049546e-05
MAR13001	6.570980090049546e-05
MAR13002	6.570980090049546e-05
MAR13003	6.570980090049546e-05
MAR13004	6.570980090049546e-05
MAR13005	6.570980090049546e-05
MAR13006	6.570980090049546e-05
MAR13007	6.570980090049546e-05
MAR13008	6.570980090049546e-05
MAR13009	6.570980090049546e-05
MAR13010	6.570980090049546e-05
MAR13011	6.570980090049546e-05
MAR13012	6.570980090049546e-05
MAR13013	6.570980090049546e-05
MAR13014	6.570980090049546e-05
MAR13015	6.570980090049546e-05
MAR13016	6.570980090049546e-05
MAR13017	6.570980090049546e-05
MAR13018	6.570980090049546e-05
MAR13019	6.570980090049546e-05
MAR13020	6.570980090049546e-05
MAR13021	6.570980090049546e-05
MAR13022	6.570980090049546e-05
MAR13023	6.570980090049546e-05
MAR13024	6.570980090049546e-05
MAR13025	6.570980090049546e-05
MAR13026	6.570980090049546e-05
MAR13027	6.570980090049546e-05
MAR13028	6.570980090049546e-05
MAR13029	6.570980090049546e-05
MAR13030	6.570980090049546e-05
MAR13031	6.570980090049546e-05
MAR13032	6.570980090049546e-05
MAR13033	6.570980090049546e-05
MAR13034	6.570980090049546e-05
MAR13035	6.570980090049546e-05
MAR13036	6.570980090049546e-05
MAR13037	6.570980090049546e-05
MAR13038	6.570980090049546e-05
MAR13039	6.570980090049546e-05
MAR13040	6.570980090049546e-05
MAR13041	6.570980090049546e-05
MAR13042	6.570980090049546e-05
MAR13043	6.570980090049546e-05
MAR13044	6.570980090049546e-05
MAR13045	6.570980090049546e-05
MAR13046	6.570980090049546e-05
MAR13047	6.570980090049546e-05
MAR13048	6.570980090049546e-05
MAR13049	6.570980090049546e-05
MAR13050	6.570980090049546e-05
MAR13051	6.570980090049546e-05
MAR13052	6.570980090049546e-05
MAR13053	6.570980090049546e-05
MAR13054	6.570980090049546e-05
MAR13055	6.570980090049546e-05
MAR13056	6.570980090049546e-05
MAR13057	6.570980090049546e-05
MAR13058	6.570980090049546e-05
MAR13059	6.570980090049546e-05
MAR13060	6.570980090049546e-05
MAR13061	6.570980090049546e-05
MAR13062	6.570980090049546e-05
MAR13063	6.570980090049546e-05
MAR13065	6.570980090049546e-05
MAR13067	6.570980090049546e-05
MAR13068	6.570980090049546e-05
MAR13069	6.570980090049546e-05
MAR13070	6.570980090049546e-05
MAR13071	6.570980090049546e-05
MAR13072	6.570980090049546e-05
MAR13073	6.570980090049546e-05
MAR13074	6.570980090049546e-05
MAR13075	6.570980090049546e-05
MAR13076	6.570980090049546e-05
MAR13077	6.570980090049546e-05
MAR13078	6.570980090049546e-05
MAR13079	0.005374858222385035
MAR13080	0.0003905988089748058
MAR13081	1.0
MAR10023	6.570980090049546e-05
MAR10024	6.570980090049546e-05
MAR10026	6.570980090049546e-05
MAR10027	6.570980090049546e-05
MAR10028	6.570980090049546e-05
MAR10029	6.570980090049546e-05
MAR10030	6.570980090049546e-05
MAR10031	6.570980090049546e-05
MAR10033	6.570980090049546e-05
MAR10034	6.570980090049546e-05
MAR10035	6.570980090049546e-05
MAR10036	6.570980090049546e-05
MAR10037	6.570980090049546e-05
MAR10038	6.570980090049546e-05
MAR10039	6.570980090049546e-05
MAR10040	6.570980090049546e-05
MAR10041	6.570980090049546e-05
MAR10042	6.570980090049546e-05
MAR10043	6.570980090049546e-05
MAR10044	6.570980090049546e-05
MAR10045	6.570980090049546e-05
MAR10046	6.570980090049546e-05
MAR10047	6.570980090049546e-05
MAR10048	6.570980090049546e-05
MAR10049	6.570980090049546e-05
MAR10050	6.570980090049546e-05
MAR10051	6.570980090049546e-05
MAR10052	6.570980090049546e-05
MAR10053	6.570980090049546e-05
MAR10054	6.570980090049546e-05
MAR10055	6.570980090049546e-05
MAR10056	6.570980090049546e-05
MAR10057	6.570980090049546e-05
MAR10058	6.570980090049546e-05
MAR10059	6.570980090049546e-05
MAR10060	6.570980090049546e-05
MAR10061	0.0034035341053320887
MAR10062	6.570980090049546e-05
MAR10063	6.570980090049546e-05
MAR10064	6.570980090049546e-05
MAR10065	6.570980090049546e-05
MAR13082	1.0
MAR10066	0.0007856057528567419
MAR10067	0.0002977117590243992
MAR10068	6.570980090049546e-05
MAR10069	6.570980090049546e-05
MAR10070	6.570980090049546e-05
MAR10071	0.0003862827597966549
MAR10072	0.0003862827597966549
MAR10073	0.0005352144852638994
MAR10074	6.570980090049546e-05
MAR10075	0.0005352144852638994
MAR10076	6.570980090049546e-05
MAR10077	6.570980090049546e-05
MAR10078	6.570980090049546e-05
MAR10079	0.0005352144852638994
MAR10080	6.570980090049546e-05
MAR10081	6.570980090049546e-05
MAR10082	0.0005352144852638994
MAR10083	6.570980090049546e-05
MAR10084	6.570980090049546e-05
MAR10085	6.570980090049546e-05
MAR10086	6.570980090049546e-05
MAR10087	6.570980090049546e-05
MAR10088	6.570980090049546e-05
MAR10089	6.570980090049546e-05
MAR10090	6.570980090049546e-05
MAR10091	6.570980090049546e-05
MAR10092	6.570980090049546e-05
MAR10093	6.570980090049546e-05
MAR10094	6.570980090049546e-05
MAR10095	6.570980090049546e-05
MAR10096	6.570980090049546e-05
MAR10097	6.570980090049546e-05
MAR10098	6.570980090049546e-05
MAR10099	6.570980090049546e-05
MAR10100	0.0005352144852638994
MAR10101	0.0005352144852638994
MAR10102	0.0005352144852638994
MAR10103	0.0005352144852638994
MAR10104	0.0005352144852638994
MAR10105	6.570980090049546e-05
MAR10106	6.570980090049546e-05
MAR10107	6.570980090049546e-05
MAR10108	6.570980090049546e-05
MAR10109	0.0005352144852638994
MAR10110	0.0005352144852638994
MAR10111	6.570980090049546e-05
MAR10112	6.570980090049546e-05
MAR10113	6.570980090049546e-05
MAR10114	6.570980090049546e-05
MAR10115	0.0005352144852638994
MAR10116	2.911450790225425e-05
MAR10117	0.0005352144852638994
MAR10118	5.250443370952762e-05
MAR10119	5.250443370952762e-05
MAR10120	5.250443370952762e-05
MAR10121	6.570980090049546e-05
MAR10122	6.570980090049546e-05
MAR10123	6.570980090049546e-05
MAR10124	6.570980090049546e-05
MAR10125	0.0005352144852638994
MAR10126	0.0005352144852638994
MAR10127	5.250443370952762e-05
MAR10128	6.570980090049546e-05
MAR10129	6.570980090049546e-05
MAR10130	6.570980090049546e-05
MAR10131	6.570980090049546e-05
MAR10132	6.570980090049546e-05
MAR13083	2.911450790225425e-05
MAR13084	6.570980090049546e-05
MAR13085	6.570980090049546e-05
MAR13086	0.00509309380152913
MAR13087	2.911450790225425e-05
MAR20001	2.911450790225425e-05
MAR20003	2.911450790225425e-05
MAR20005	2.911450790225425e-05
MAR20006	0.002855946330829352
MAR20007	2.911450790225425e-05
MAR20008	0.002855946330829352
MAR20009	2.911450790225425e-05
MAR20010	2.911450790225425e-05
MAR20011	0.003082870860214714
MAR20013	3.517729604644605e-05
MAR20016	0.0019418276330087662
MAR20017	0.0019418276330087662
MAR20018	0.0005423757995334814
MAR20019	0.0005423757995334814
MAR20021	6.346528985521397e-05
MAR20022	6.346528985521397e-05
MAR20023	6.346528985521397e-05
MAR20024	6.346528985521397e-05
MAR20025	6.346528985521397e-05
MAR20026	6.346528985521397e-05
MAR20027	6.346528985521397e-05
MAR20028	6.346528985521397e-05
MAR20029	6.346528985521397e-05
MAR20030	6.346528985521397e-05
MAR20031	6.346528985521397e-05
MAR20032	6.346528985521397e-05
MAR20033	0.00013431805588968662
MAR20034	0.00013431805588968662
MAR20035	0.00013431805588968662
MAR20036	0.00013431805588968662
MAR20037	0.0003090226658588234
MAR20038	0.0003090226658588234
MAR20039	0.0003090226658588234
MAR20040	0.0003090226658588234
MAR20041	0.0003090226658588234
MAR20042	0.0003090226658588234
MAR20043	0.0003090226658588234
MAR20044	0.002855946330829352
MAR20046	0.0019418276330087662
MAR20047	0.0019418276330087662
MAR20048	0.0019418276330087662
MAR20049	0.0019418276330087662
MAR20050	0.0019418276330087662
MAR20051	0.0019418276330087662
MAR20053	0.0019418276330087662
MAR20054	0.0019418276330087662
MAR20055	0.0019418276330087662
MAR20056	0.0019418276330087662
MAR20057	0.0019418276330087662
MAR20058	0.0019418276330087662
MAR20059	0.0019418276330087662
MAR20060	0.0019418276330087662
MAR20061	0.0019418276330087662
MAR20062	0.0019418276330087662
MAR20063	0.0019418276330087662
MAR20064	0.0019418276330087662
MAR20065	0.0019418276330087662
MAR20067	2.911450790225425e-05
MAR20068	2.911450790225425e-05
MAR20069	0.002792267345267816
MAR20070	0.000490355215585977
MAR20071	3.7103104222193376e-05
MAR20072	3.7103104222193376e-05
MAR20073	0.000407306479063745
MAR20074	0.000407306479063745
MAR20075	0.000407306479063745
MAR20076	0.000407306479063745
MAR20077	0.000407306479063745
MAR20078	0.000407306479063745
MAR20079	0.000407306479063745
MAR20080	0.000407306479063745
MAR20081	0.000407306479063745
MAR20082	0.000407306479063745
MAR20083	0.000407306479063745
MAR20084	0.000407306479063745
MAR20085	0.000407306479063745
MAR20086	0.000407306479063745
MAR20087	0.000407306479063745
MAR20088	0.000407306479063745
MAR20090	0.0009596694384113766
MAR20091	0.0009596694384113766
MAR20092	0.0009596694384113766
MAR20093	0.0005078978205671326
MAR20094	0.0005078978205671326
MAR20095	0.0005078978205671326
MAR20096	0.0005078978205671326
MAR20097	0.0005078978205671326
MAR20098	0.0006217328338094517
MAR20099	0.0006437014505588849
MAR20100	0.0006437014505588849
MAR20101	0.0006437014505588849
MAR20102	0.0012287796887001255
MAR20103	0.0012287796887001255
MAR20104	0.0012287796887001255
MAR20105	0.0012287796887001255
MAR20106	0.0012287796887001255
MAR20107	0.0012287796887001255
MAR20108	0.0012287796887001255
MAR20109	0.0012287796887001255
MAR20110	0.0015251904596741738
MAR20111	3.236471435855116e-05
MAR20112	5.3195564670443116e-05
MAR20113	6.570980090049546e-05
MAR20114	0.0007202346837094392
MAR20115	0.0009955856941504004
MAR20116	0.0009955856941504004
MAR20117	0.000542157303662681
MAR20118	0.0009955856941504004
MAR20119	0.0009955856941504004
MAR20120	0.0009955856941504004
MAR20121	0.0009955856941504004
MAR20122	0.0009955856941504004
MAR20123	0.0009955856941504004
MAR20124	0.0009955856941504004
MAR20125	0.0009955856941504004
MAR20126	0.0009955856941504004
MAR20127	0.0009955856941504004
MAR20128	0.0009955856941504004
MAR20129	0.0009955856941504004
MAR20130	0.0009955856941504004
MAR20131	0.0009955856941504004
MAR20132	0.0013723134747693543
MAR20133	0.0013723134747693543
MAR20134	0.0013723134747693543
MAR20135	0.0013723134747693543
MAR20136	0.0013723134747693543
MAR20137	0.0013723134747693543
MAR20138	0.0013723134747693543
MAR20139	0.0013723134747693543
MAR20140	0.0013723134747693543
MAR20141	0.0013723134747693543
MAR20142	0.0013723134747693543
MAR20143	0.0013723134747693543
MAR20144	0.0013723134747693543
MAR20145	0.0013723134747693543
MAR20146	0.0013723134747693543
MAR20147	0.0013723134747693543
MAR20148	0.0013723134747693543
MAR20149	0.0013723134747693543
MAR20150	0.0013723134747693543
MAR20151	0.0013723134747693543
MAR20152	0.0005411531427022093
MAR20153	0.0005411531427022093
MAR20154	0.0005411531427022093
MAR20155	0.0005411531427022093
MAR20156	0.0005411531427022093
MAR20157	0.0005411531427022093
MAR20158	0.0005411531427022093
MAR20159	0.0005411531427022093
MAR20160	0.0005411531427022093
MAR20161	0.0005411531427022093
MAR20162	0.0005411531427022093
MAR20163	0.0005411531427022093
MAR20164	0.0013723134747693543
MAR20165	0.0013723134747693543
MAR20166	0.0013723134747693543
MAR20167	0.0003303043579104664
MAR20168	0.00022152789082085562
MAR20169	3.1812906933271904e-05
MAR20170	0.002918554394196026
MAR20171	0.002918554394196026
MAR20172	0.002918554394196026
MAR20173	0.005427426789220896
MAR20174	8.34920282854817e-05
MAR20175	8.34920282854817e-05
MAR20176	8.34920282854817e-05
MAR20177	0.0005923657118862672
MAR20178	0.0005923657118862672
MAR20179	6.570980090049546e-05
MAR20180	6.570980090049546e-05
MAR20181	0.0009703459676669965
MAR20182	0.0009703459676669965
MAR20183	0.0009703459676669965
