reaction	linear_coefficient
MAR03905	0.008741871681063187
MAR03907	0.0024401932454608754
MAR04097	0.0009358811194465778
MAR04099	0.00018628454721444134
MAR04108	0.0009358811194465778
MAR04133	0.0009358811194465778
MAR04281	0.03782155206956208
MAR04388	0.03782155206956208
MAR04283	0.0010061425608227893
MAR08357	0.0036992168151469516
MAR04379	0.0063811294969161
MAR04301	0.0063811294969161
MAR04355	0.0004482977551028997
MAR04358	0.05706426026152021
MAR04360	0.0009557265938860466
MAR04363	0.046537668731393124
MAR04365	0.025537519814766676
MAR04368	0.013418294665583688
MAR04370	0.0002961729040936551
MAR04371	0.025537519814766676
MAR04372	0.0002961729040936551
MAR04373	0.15197099946866865
MAR04375	0.0004482977551028997
MAR04377	3.6276342614344565e-05
MAR04381	0.003257763475326785
MAR04391	0.023658941609131835
MAR04394	0.008989582822628756
MAR04396	0.00256984528243266
MAR04521	0.0020410980673274274
MAR06412	0.0016283561932360724
MAR07745	0.0010122686655924219
MAR07747	0.0018863188376857585
MAR08360	0.001910082738100258
MAR08652	0.0020410980673274274
MAR08757	4.541777976781661e-05
MAR03989	0.001320764150110464
MAR04122	0.0035824673007364464
MAR04837	0.00039642203434071875
MAR05395	0.006242934448514465
MAR05396	0.006242934448514465
MAR09727	0.00385470182352293
MAR05397	0.005888756559374973
MAR05398	0.0056709174953934295
MAR05399	0.0004708560844899179
MAR05400	0.0004708560844899179
MAR05401	0.0056709174953934295
MAR08568	3.855558799104128e-05
MAR08569	3.855558799104128e-05
MAR08570	3.855558799104128e-05
MAR08571	3.855558799104128e-05
MAR08572	3.855558799104128e-05
MAR08573	3.855558799104128e-05
MAR08574	3.855558799104128e-05
MAR08575	3.855558799104128e-05
MAR08576	3.855558799104128e-05
MAR08577	3.855558799104128e-05
MAR08578	3.855558799104128e-05
MAR08579	3.855558799104128e-05
MAR08581	3.855558799104128e-05
MAR08591	0.0003194657496795233
MAR08592	0.001320764150110464
MAR08580	3.855558799104128e-05
MAR08582	3.855558799104128e-05
MAR08587	0.0003194657496795233
MAR08589	0.001320764150110464
MAR08583	5.9795951091061e-05
MAR08584	3.6276342614344565e-05
MAR08585	0.0005874052687767928
MAR03944	0.0034207145501882227
MAR04128	0.0013598810456826906
MAR04130	0.001289454379933502
MAR04131	0.00040484749336019147
MAR04132	0.00040484749336019147
MAR04303	0.001320764150110464
MAR04414	0.001289454379933502
MAR04415	0.00354326294118644
MAR04416	0.00354326294118644
MAR04831	9.557893847986104e-05
MAR04832	0.00354326294118644
MAR07674	0.00522222147262934
MAR08761	5.9107838480537174e-05
MAR08762	0.0004482977551028997
MAR08764	3.6695616990752936e-05
MAR08766	0.02019762338275996
MAR08767	0.00040484749336019147
MAR00454	9.557893847986104e-05
MAR04297	0.001493250012483449
MAR04310	5.9107838480537174e-05
MAR04315	0.0005196532285428076
MAR04316	0.02019762338275996
MAR04317	0.002596601727826138
MAR04318	0.002596601727826138
MAR04319	0.008989582822628756
MAR04320	0.002596601727826138
MAR04356	0.0004482977551028997
MAR04383	0.0004733207278140267
MAR04385	0.001761233634118061
MAR04386	0.0008124114304746027
MAR04387	0.0006807945214842393
MAR04399	0.0005517415260431278
MAR04400	0.002134182895199941
MAR04401	0.0004087727179315651
MAR04402	0.00023116457449707433
MAR04403	9.557893847986104e-05
MAR04490	0.008989582822628756
MAR04706	0.001493250012483449
MAR08768	0.002134182895199941
MAR04590	0.001652432010691566
MAR04591	0.0006404818146461508
MAR04592	0.02019762338275996
MAR04593	0.0005196532285428076
MAR04594	4.7101964354451405e-05
MAR04595	0.0002754835564429752
MAR08341	0.02019762338275996
MAR08342	9.557893847986104e-05
MAR08344	0.0024401932454608754
MAR08352	0.00036894136665606073
MAR08353	9.557893847986104e-05
MAR08726	0.00010388848042399874
MAR08727	0.0018068511564453178
MAR08728	9.557893847986104e-05
MAR08729	0.001613921321491282
MAR06537	0.0024401932454608754
MAR01568	0.0010061425608227893
MAR03853	0.008321345221030478
MAR03854	0.02019762338275996
MAR03855	0.02019762338275996
MAR03857	0.0007212508867711196
MAR03859	6.870459549857372e-05
MAR04087	0.0004976376501810955
MAR04089	0.0036999062943284663
MAR04091	0.0004976376501810955
MAR04093	3.6276342614344565e-05
MAR04095	3.6276342614344565e-05
MAR04101	3.6276342614344565e-05
MAR04103	0.0013976306889497672
MAR04143	0.00032114573131095304
MAR04193	0.05706426026152021
MAR08497	0.02019762338275996
MAR08498	4.541777976781661e-05
MAR08499	4.541777976781661e-05
MAR08500	0.02019762338275996
MAR08501	0.002232226420740075
MAR08502	0.008741871681063187
MAR08503	0.0032027470443908327
MAR08504	0.0036992168151469516
MAR08506	0.0036992168151469516
MAR08507	0.008741871681063187
MAR08508	0.008741871681063187
MAR08509	0.02019762338275996
MAR08511	0.0007212508867711196
MAR08512	6.870459549857372e-05
MAR08514	6.870459549857372e-05
MAR08516	0.0004752827508982063
MAR08517	9.557893847986104e-05
MAR04280	0.0009379209603345714
MAR00153	0.0009358811194465778
MAR03212	0.0014112369625000917
MAR03797	0.0009358811194465778
MAR03800	0.0004988370482135176
MAR04105	0.00011161610938580342
MAR04106	0.00011161610938580342
MAR04107	0.00011161610938580342
MAR04282	0.0002704751223497197
MAR04331	0.0009358811194465778
MAR04459	0.0009358811194465778
MAR04460	0.0009358811194465778
MAR04464	9.557893847986104e-05
MAR04497	0.010225283040281927
MAR04741	0.0002850964235314531
MAR08078	9.557893847986104e-05
MAR09803	9.557893847986104e-05
MAR09804	0.008741871681063187
MAR00718	0.00017019738577907028
MAR00719	0.0011408437437552528
MAR01434	0.0018761009078185485
MAR01436	0.0004996329348595181
MAR03163	0.0014112369625000917
MAR04461	0.0007206812760603088
MAR04604	0.0013312218846307222
MAR05351	0.0009379209603345714
MAR07709	0.00044314552141367004
MAR04052	0.009176280538432342
MAR04304	0.007493401570864843
MAR04350	0.00010388848042399874
MAR04351	0.0011153483846239043
MAR04352	0.0011153483846239043
MAR04354	0.00256984528243266
MAR04398	0.001467024719751553
MAR04404	0.0067744230509889005
MAR04473	0.005886151172764137
MAR04474	0.005886151172764137
MAR04476	0.0002111775509302818
MAR04477	0.002285612754782893
MAR04501	0.0067744230509889005
MAR04565	0.012834296639749328
MAR04567	0.0063811294969161
MAR09799	9.880537510422958e-05
MAR09800	5.9107838480537174e-05
MAR04623	0.001650066824022207
MAR04625	0.0022183374981554075
MAR04710	0.00256984528243266
MAR04841	0.0010061425608227893
MAR08074	0.00010388848042399874
MAR08653	0.0022183374981554075
MAR03998	0.004803792349062148
MAR04000	0.0019770723050294868
MAR04002	0.003344665570298883
MAR04004	0.003344665570298883
MAR04010	0.021619163913015663
MAR04081	0.021619163913015663
MAR04082	0.021619163913015663
MAR04012	0.0027669952939048683
MAR04014	0.0009021081095310643
MAR04020	0.006450766307019181
MAR04022	0.0019770723050294868
MAR04038	0.004150989643390672
MAR04040	0.005064819864019907
MAR04042	0.002486333532601393
MAR04046	0.001254643808995767
MAR04048	0.0009021081095310643
MAR04080	0.0018805749860274933
MAR04085	0.004171280655334273
MAR04086	0.004171280655334273
MAR04134	0.004803792349062148
MAR04135	0.006450766307019181
MAR04168	0.0039404407512355875
MAR04171	0.05706426026152021
MAR04290	6.42910581525901e-05
MAR04406	0.00044068292088656906
MAR04412	0.00030472061815415105
MAR04417	0.021619163913015663
MAR04418	0.0022398125823203554
MAR04419	0.0017754900863271022
MAR04421	0.05706426026152021
MAR04449	0.021619163913015663
MAR04450	0.021619163913015663
MAR04451	9.557893847986104e-05
MAR04452	0.0022398125823203554
MAR04453	0.001254643808995767
MAR04480	0.004614502211497646
MAR04481	0.0007035017538134134
MAR04482	0.0007035017538134134
MAR04486	0.008989582822628756
MAR04487	0.008989582822628756
MAR04488	0.008989582822628756
MAR04489	0.008989582822628756
MAR04492	0.008989582822628756
MAR04493	0.008989582822628756
MAR04495	0.008989582822628756
MAR04496	0.008989582822628756
MAR04518	3.6276342614344565e-05
MAR04519	9.935776492602702e-05
MAR04520	9.935776492602702e-05
MAR04573	0.05706426026152021
MAR04574	0.0013219950224381447
MAR04600	0.00269523615254042
MAR04602	0.021619163913015663
MAR04603	0.0013219950224381447
MAR04611	0.04939430991490541
MAR04612	0.04939430991490541
MAR04614	0.04939430991490541
MAR04615	0.04939430991490541
MAR04617	0.04939430991490541
MAR04618	0.04939430991490541
MAR04619	0.04939430991490541
MAR04621	0.04939430991490541
MAR04632	0.021619163913015663
MAR04646	9.935776492602702e-05
MAR04648	9.935776492602702e-05
MAR04649	9.935776492602702e-05
MAR04650	9.935776492602702e-05
MAR04651	0.0013219950224381447
MAR04663	0.0013219950224381447
MAR04664	0.0022398125823203554
MAR04694	0.0007035017538134134
MAR04695	0.0013219950224381447
MAR04705	0.021619163913015663
MAR04709	0.0013219950224381447
MAR04799	0.0017848201932103422
MAR04802	0.0017848201932103422
MAR04804	0.002546294509599376
MAR04808	0.0007597141960126019
MAR04810	0.002546294509599376
MAR04812	0.00030472061815415105
MAR04814	0.004150989643390672
MAR05301	0.0020062678373304436
MAR05353	0.006450766307019181
MAR06601	3.6276342614344565e-05
MAR06602	0.014320334611927306
MAR06603	0.014320334611927306
MAR06605	9.557893847986104e-05
MAR06606	9.557893847986104e-05
MAR06607	9.557893847986104e-05
MAR06609	9.557893847986104e-05
MAR06610	9.557893847986104e-05
MAR06611	9.557893847986104e-05
MAR07144	0.0018309879512642946
MAR08755	9.935776492602702e-05
MAR09797	9.557893847986104e-05
MAR04016	0.005509154682225574
MAR04018	0.005509154682225574
MAR04044	0.005509154682225574
MAR04291	0.005509154682225574
MAR04420	0.005509154682225574
MAR04570	0.005509154682225574
MAR04572	0.005509154682225574
MAR04006	0.005509154682225574
MAR04028	0.005509154682225574
MAR04030	0.005509154682225574
MAR04670	0.005509154682225574
MAR04673	0.005509154682225574
MAR04675	0.005509154682225574
MAR06614	0.005509154682225574
MAR06615	0.005509154682225574
MAR06616	0.005509154682225574
MAR04635	0.005509154682225574
MAR03793	3.6975062505570196e-05
MAR03931	0.035494117336168536
MAR03969	0.0020062678373304436
MAR03970	0.021619163913015663
MAR04008	0.005895552097458298
MAR04032	0.0022254407400638973
MAR04034	0.0013458647411792213
MAR04036	0.0007766304192784966
MAR04050	0.0013458647411792213
MAR04056	0.021619163913015663
MAR04059	0.004803792349062148
MAR04060	0.004803792349062148
MAR04127	0.0012035998841388763
MAR04177	0.021619163913015663
MAR04179	0.021619163913015663
MAR04182	0.002596601727826138
MAR04183	6.42910581525901e-05
MAR04192	6.42910581525901e-05
MAR04194	0.0022254407400638973
MAR04210	0.05706426026152021
MAR04211	0.0039404407512355875
MAR04343	0.0006214350008675647
MAR04345	0.0009159766119047211
MAR04346	0.0019805496916393338
MAR04470	0.0009159766119047211
MAR04471	0.0009159766119047211
MAR04472	0.0009159766119047211
MAR04484	0.021619163913015663
MAR04485	0.00020293618544456522
MAR04510	0.021619163913015663
MAR04512	0.005895552097458298
MAR04513	0.0015196002715627255
MAR04514	0.0011147755577585847
MAR04577	0.0007766304192784966
MAR04579	0.0014781579299483999
MAR04580	0.0011147755577585847
MAR04608	0.0013458647411792213
MAR04575	0.00018129642665562368
MAR04637	0.002118641372307614
MAR04642	0.0012317761961138437
MAR04643	0.0039404407512355875
MAR04644	0.001695376016711019
MAR04672	9.557893847986104e-05
MAR04676	0.0020062678373304436
MAR04736	3.6276342614344565e-05
MAR04819	3.8457745095048446e-05
MAR05299	0.0020062678373304436
MAR05352	0.0020062678373304436
MAR05415	0.04939430991490541
MAR05416	0.04939430991490541
MAR05417	0.035494117336168536
MAR06612	0.002118641372307614
MAR06613	0.002118641372307614
MAR06621	0.04939430991490541
MAR06622	0.04939430991490541
MAR06623	0.0068192358677484225
MAR06624	0.000668130004998817
MAR06627	0.05706426026152021
MAR07744	0.0007134075604943608
MAR08072	9.557893847986104e-05
MAR08637	9.557893847986104e-05
MAR03965	0.0014242926451450042
MAR03966	0.0039404407512355875
MAR03967	0.005895552097458298
MAR03968	0.002118641372307614
MAR03999	6.42910581525901e-05
MAR04024	0.005895552097458298
MAR04026	4.438987445939707e-05
MAR04054	0.0068192358677484225
MAR04061	6.42910581525901e-05
MAR04083	0.0027669952939048683
MAR04136	0.22046710608351344
MAR04180	0.0020062678373304436
MAR04185	0.02807457577727777
MAR04186	0.02807457577727777
MAR04342	0.004803792349062148
MAR04344	9.557893847986104e-05
MAR04483	0.000668130004998817
MAR04507	0.006786357113507487
MAR04516	0.0019204243513128252
MAR04601	0.00269523615254042
MAR04633	0.0007035017538134134
MAR04640	0.002118641372307614
MAR04641	0.0068192358677484225
MAR04680	0.0014781579299483999
MAR04806	0.0017848201932103422
MAR05394	9.557893847986104e-05
MAR06625	0.000668130004998817
MAR06626	0.0012317761961138437
MAR07160	0.0036860884524302175
MAR07161	0.023416973541621852
MAR07162	0.023416973541621852
MAR07163	0.0010408082779914077
MAR07164	0.0010408082779914077
MAR07713	0.021619163913015663
MAR07716	0.021619163913015663
MAR07717	0.021619163913015663
MAR07721	0.021619163913015663
MAR07725	0.021619163913015663
MAR07728	0.021619163913015663
MAR07800	0.001768624937964172
MAR07801	0.0023502160333482257
MAR07802	0.001768624937964172
MAR07863	0.005895552097458298
MAR07864	0.005895552097458298
MAR07865	0.005895552097458298
MAR07866	0.005895552097458298
MAR07867	0.005895552097458298
MAR07868	0.005895552097458298
MAR07869	0.005895552097458298
MAR07870	0.005895552097458298
MAR07871	0.005895552097458298
MAR07872	0.005895552097458298
MAR07873	0.005895552097458298
MAR07874	0.005895552097458298
MAR07875	4.438987445939707e-05
MAR07876	0.005895552097458298
MAR07878	0.005509154682225574
MAR07879	0.0039404407512355875
MAR07880	0.0012317761961138437
MAR07881	0.001972537854918687
MAR07882	0.001972537854918687
MAR07883	0.005509154682225574
MAR07884	0.001972537854918687
MAR07885	0.001972537854918687
MAR07886	0.005509154682225574
MAR07887	0.001972537854918687
MAR07888	0.001972537854918687
MAR07889	0.001972537854918687
MAR07890	0.005509154682225574
MAR07891	0.001972537854918687
MAR07892	0.001972537854918687
MAR07893	0.001972537854918687
MAR07894	0.005509154682225574
MAR07895	0.005509154682225574
MAR08083	0.0009021081095310643
MAR08085	0.0009021081095310643
MAR08087	0.0009021081095310643
MAR08443	0.0018309879512642946
MAR08444	0.0018309879512642946
MAR08445	0.0020062678373304436
MAR08446	3.6276342614344565e-05
MAR08448	0.005895552097458298
MAR08449	0.005895552097458298
MAR08450	0.005895552097458298
MAR08451	0.005895552097458298
MAR08452	0.005895552097458298
MAR08453	0.005895552097458298
MAR08454	0.005895552097458298
MAR08455	0.005895552097458298
MAR08456	0.005895552097458298
MAR08457	0.005895552097458298
MAR08458	0.005895552097458298
MAR08459	0.005895552097458298
MAR08460	0.005895552097458298
MAR08461	0.001768624937964172
MAR08462	0.005895552097458298
MAR08463	0.005895552097458298
MAR08464	0.005895552097458298
MAR08465	0.005895552097458298
MAR08466	0.005895552097458298
MAR08467	0.005895552097458298
MAR08468	0.005895552097458298
MAR08469	0.005895552097458298
MAR08470	0.005895552097458298
MAR08471	0.005895552097458298
MAR08472	0.005895552097458298
MAR08473	0.0007035017538134134
MAR08474	0.004803792349062148
MAR08477	0.0015196002715627255
MAR08478	0.0015196002715627255
MAR08479	0.0015196002715627255
MAR08480	3.6276342614344565e-05
MAR08481	9.557893847986104e-05
MAR08482	0.0006659286001519448
MAR08483	0.0014242926451450042
MAR08484	9.557893847986104e-05
MAR08485	0.004803792349062148
MAR08486	0.0013219950224381447
MAR08487	0.021619163913015663
MAR08488	0.0039404407512355875
MAR08489	0.0039404407512355875
MAR08493	0.002195463841299415
MAR08494	0.002195463841299415
MAR08495	0.002195463841299415
MAR03802	0.005469083689152632
MAR03804	0.005469083689152632
MAR03811	0.0036817006190079365
MAR03813	0.0014666770838664073
MAR03822	0.000861275986871148
MAR03827	0.005629613008233715
MAR03829	0.0025538778444200777
MAR03862	7.162803161175726e-05
MAR03865	0.005629613008233715
MAR03870	0.003177222640485009
MAR03873	0.0002172821664760156
MAR08654	0.0002172821664760156
MAR03890	0.0023226841340699433
MAR03892	0.012243389564496046
MAR09802	3.6276342614344565e-05
MAR03899	6.987881501909306e-05
MAR03903	4.535088715445861e-05
MAR04109	0.0005230776709675664
MAR04114	0.0006158202244702948
MAR04115	0.0006158202244702948
MAR04118	0.003177222640485009
MAR04172	7.162803161175726e-05
MAR04196	0.00028849364998960973
MAR04197	0.0012641987071612278
MAR04287	0.03782155206956208
MAR04690	4.857315373040351e-05
MAR04693	5.641026440083311e-05
MAR06780	0.005629613008233715
MAR06968	8.570013847775556e-05
MAR06969	4.14341904762058e-05
MAR06970	6.987881501909306e-05
MAR06971	0.0009201181891580652
MAR06972	0.0009201181891580652
MAR07641	4.047406850508656e-05
MAR07642	9.557893847986104e-05
MAR08626	4.63860601647855e-05
MAR08628	4.14341904762058e-05
MAR03806	0.000861275986871148
MAR03807	0.007765338238753454
MAR03809	3.6276342614344565e-05
MAR03816	4.215478796867743e-05
MAR03819	0.000861275986871148
MAR03820	0.000861275986871148
MAR03832	9.557893847986104e-05
MAR03833	0.0011146653117606515
MAR03835	0.0011146653117606515
MAR03837	0.0018119628947154169
MAR03895	0.0034878969680939968
MAR03897	0.0034878969680939968
MAR03956	0.00012838846513208758
MAR03993	5.953003115655632e-05
MAR04073	0.0038421823321844887
MAR04075	0.009599316389728248
MAR04077	0.009599316389728248
MAR04190	5.953003115655632e-05
MAR04191	7.46611850887291e-05
MAR04212	0.006491352890524278
MAR04422	0.006491352890524278
MAR04423	0.00011236422205655176
MAR04424	0.00021165605794006044
MAR04583	0.0019679355371384323
MAR04605	0.0036992168151469516
MAR04606	4.6108995962777365e-05
MAR04607	0.0014102716442011833
MAR04776	0.0058956832282360825
MAR04777	0.0058956832282360825
MAR04778	0.0018119628947154169
MAR04779	0.0018119628947154169
MAR04780	0.0018119628947154169
MAR04781	0.0018119628947154169
MAR04784	0.000861275986871148
MAR04785	0.000861275986871148
MAR04786	0.005629613008233715
MAR04787	6.229147138946035e-05
MAR05384	0.0003894447557137322
MAR06929	0.0035672801535178143
MAR06930	0.0035672801535178143
MAR06931	0.00011236422205655176
MAR06932	0.00011236422205655176
MAR06933	0.00011236422205655176
MAR06934	0.00011236422205655176
MAR06935	0.00011236422205655176
MAR06936	0.00011236422205655176
MAR06938	0.0035672801535178143
MAR06939	0.0035672801535178143
MAR06940	9.557893847986104e-05
MAR06941	0.00011236422205655176
MAR06942	0.00011236422205655176
MAR06943	0.00011236422205655176
MAR06944	0.00011236422205655176
MAR06945	0.00011236422205655176
MAR06946	0.00011236422205655176
MAR06947	0.00011236422205655176
MAR06948	0.00011236422205655176
MAR06949	0.00011236422205655176
MAR06950	0.00011236422205655176
MAR06951	0.00011236422205655176
MAR06952	0.00011236422205655176
MAR06953	0.0013154336533388051
MAR06954	0.0013154336533388051
MAR06955	9.557893847986104e-05
MAR06956	9.557893847986104e-05
MAR06957	9.557893847986104e-05
MAR06958	0.0006698371047393249
MAR06959	0.0006698371047393249
MAR06960	9.557893847986104e-05
MAR06961	0.0006698371047393249
MAR06962	0.0006698371047393249
MAR06963	0.0006698371047393249
MAR06964	0.0006698371047393249
MAR06965	0.00014313382497754885
MAR06966	0.00014313382497754885
MAR06967	0.00014313382497754885
MAR06973	0.0013154336533388051
MAR08096	0.000861275986871148
MAR08097	0.000861275986871148
MAR08098	0.005629613008233715
MAR08416	8.570013847775556e-05
MAR08425	4.777941655798347e-05
MAR08426	0.00019713457965800325
MAR08427	0.0005428353089940355
MAR08431	9.557893847986104e-05
MAR08432	6.961144651340177e-05
MAR08603	0.0035672801535178143
MAR08604	0.0003131970097675702
MAR08605	0.0036992168151469516
MAR08606	0.00011236422205655176
MAR08607	9.557893847986104e-05
MAR08608	3.6276342614344565e-05
MAR08609	0.0018119628947154169
MAR08610	3.6276342614344565e-05
MAR08611	3.6276342614344565e-05
MAR04285	0.00013052648013920043
MAR00457	0.00031033254095310183
MAR00460	0.00031033254095310183
MAR03750	3.9445758198804467e-05
MAR03752	0.0004789352917909352
MAR03770	0.0016194223440291072
MAR03771	3.9445758198804467e-05
MAR03772	3.9445758198804467e-05
MAR03782	3.9445758198804467e-05
MAR03784	0.0004789352917909352
MAR03794	8.570013847775556e-05
MAR03839	0.0014698465966300025
MAR03841	0.006325181222798225
MAR03843	0.0029587535606073697
MAR03845	0.0005154656851344442
MAR03847	0.0014206418555118773
MAR03849	6.961144651340177e-05
MAR03852	4.661278981460309e-05
MAR03856	0.002232226420740075
MAR03860	9.557893847986104e-05
MAR03883	0.0003648822853727956
MAR03901	0.00014296205220634334
MAR03939	0.005490148075296662
MAR03974	0.0003648822853727956
MAR04198	3.6276342614344565e-05
MAR04199	4.777941655798347e-05
MAR04200	0.0003648822853727956
MAR04284	9.557893847986104e-05
MAR04348	0.0002965553183222621
MAR04466	3.6276342614344565e-05
MAR04467	3.6276342614344565e-05
MAR04582	3.759931133725338e-05
MAR04584	0.0005428353089940355
MAR04696	5.035865163598428e-05
MAR04697	0.0006554804697031729
MAR04698	0.0006554804697031729
MAR04699	0.002125592201122875
MAR04700	0.0004110398948213899
MAR04742	0.005490148075296662
MAR04788	3.6975062505570196e-05
MAR04789	3.6276342614344565e-05
MAR04791	3.6276342614344565e-05
MAR04792	0.004207976068389465
MAR04937	0.0012226912294506559
MAR05392	0.0023889543184578877
MAR05393	0.002589519446422604
MAR06409	0.00257262961433024
MAR07702	0.002232226420740075
MAR07703	3.6276342614344565e-05
MAR08433	0.0001697808902934607
MAR08434	0.0001697808902934607
MAR08439	0.0002674656570501795
MAR08440	0.0006554804697031729
MAR08441	5.035865163598428e-05
MAR08442	9.557893847986104e-05
MAR09718	9.557893847986104e-05
MAR09486	0.0002318612476481598
MAR04426	0.0035868075795573158
MAR04428	3.6276342614344565e-05
MAR04429	0.0001623456118710157
MAR04430	0.0003131970097675702
MAR04431	0.0010061425608227893
MAR04437	4.029798631409955e-05
MAR04658	6.219696807226196e-05
MAR04660	4.295319957622639e-05
MAR04712	3.6276342614344565e-05
MAR05336	0.0017397710929302574
MAR05337	0.001848568493813083
MAR05338	0.010485170233980904
MAR05339	0.0017397710929302574
MAR05340	0.0017397710929302574
MAR08783	0.00011236422205655176
MAR08784	0.0036992168151469516
MAR08786	0.0036992168151469516
MAR04241	0.0017034799153986837
MAR04288	0.00043226297322148917
MAR04596	0.00045671643490249766
MAR04597	0.00045671643490249766
MAR04599	0.004864507076604704
MAR04667	0.0024056569026377293
MAR04668	0.00043226297322148917
MAR04737	0.0006554804697031729
MAR04739	0.0006554804697031729
MAR04740	9.557893847986104e-05
MAR06415	0.004131548094112138
MAR06974	9.557893847986104e-05
MAR06975	0.0017034799153986837
MAR06976	0.0017034799153986837
MAR06977	0.0017034799153986837
MAR06978	0.006020680766641447
MAR06979	0.0003532295687468722
MAR06980	0.004207976068389465
MAR06981	0.0032027470443908327
MAR06982	3.6276342614344565e-05
MAR06983	0.010949644689395157
MAR06984	0.010829291416067506
MAR06985	0.006247601721134072
MAR08017	9.557893847986104e-05
MAR08018	9.557893847986104e-05
MAR08019	9.557893847986104e-05
MAR08021	4.3565036741316146e-05
MAR08025	0.0017034799153986837
MAR08026	0.0017034799153986837
MAR08027	0.0017034799153986837
MAR08029	0.006020680766641447
MAR03164	0.01059310380647674
MAR03166	0.007214411000678574
MAR03885	0.0018704198558445514
MAR04250	9.557893847986104e-05
MAR08091	3.6276342614344565e-05
MAR08092	0.0003131970097675702
MAR08563	0.0036992168151469516
MAR08566	0.00021360852549992204
MAR03935	0.0008379724703208686
MAR04681	3.6276342614344565e-05
MAR04682	0.0003131970097675702
MAR04683	0.0010061425608227893
MAR04685	0.0010061425608227893
MAR04686	0.0010061425608227893
MAR04687	0.0010061425608227893
MAR04702	9.557893847986104e-05
MAR04703	0.0012732617804930388
MAR04704	0.0012732617804930388
MAR06988	3.664494197239443e-05
MAR07689	5.014344373440404e-05
MAR07701	4.8609973938089026e-05
MAR08094	5.014344373440404e-05
MAR08529	0.00011236422205655176
MAR08530	0.008741871681063187
MAR08533	3.6276342614344565e-05
MAR08534	5.014344373440404e-05
MAR08535	5.014344373440404e-05
MAR08537	3.6276342614344565e-05
MAR08541	3.6276342614344565e-05
MAR08542	3.6276342614344565e-05
MAR08543	3.664494197239443e-05
MAR08544	3.664494197239443e-05
MAR08630	3.6276342614344565e-05
MAR08540	9.557893847986104e-05
MAR03206	0.007214411000678574
MAR03208	0.0007072350297495855
MAR03213	0.0003775102198496523
MAR03215	0.0013460785501167652
MAR03747	0.001954241834801725
MAR03744	0.0008911531577103268
MAR03757	0.007130960314705309
MAR03761	0.0002704751223497197
MAR03777	0.001954241834801725
MAR03778	0.0008911531577103268
MAR03795	0.0002704751223497197
MAR04797	0.0036992168151469516
MAR06417	0.00033826493817422517
MAR06419	0.0004988370482135176
MAR06420	0.00033826493817422517
MAR06421	0.0004988370482135176
MAR06422	0.00033826493817422517
MAR06923	0.001954241834801725
MAR03765	0.0008911531577103268
MAR06924	4.176667591367176e-05
MAR06925	0.008741871681063187
MAR06926	0.0009902142863409524
MAR06927	0.0009902142863409524
MAR08088	5.641026440083311e-05
MAR08787	0.00011161610938580342
MAR03743	3.9445758198804467e-05
MAR04214	4.0169256988778105e-05
MAR04216	0.0004351597545648576
MAR04218	3.7971775134707044e-05
MAR04219	0.0004351597545648576
MAR04220	3.6276342614344565e-05
MAR04222	0.0012641987071612278
MAR04224	3.7971775134707044e-05
MAR04225	3.7971775134707044e-05
MAR04227	0.001910082738100258
MAR04231	4.601781356869296e-05
MAR04232	9.557893847986104e-05
MAR04233	9.557893847986104e-05
MAR04235	9.557893847986104e-05
MAR04243	0.0006893077957170748
MAR04244	0.0012641987071612278
MAR04245	9.557893847986104e-05
MAR04246	0.0012641987071612278
MAR04248	9.557893847986104e-05
MAR06707	3.6276342614344565e-05
MAR06708	9.557893847986104e-05
MAR06709	9.557893847986104e-05
MAR06711	5.113912025248904e-05
MAR06712	9.557893847986104e-05
MAR06713	0.0003131970097675702
MAR06714	0.0036992168151469516
MAR06715	0.004577253862306015
MAR06716	3.796989731327333e-05
MAR06717	0.0004351597545648576
MAR06718	3.6276342614344565e-05
MAR06719	0.0003131970097675702
MAR06720	9.557893847986104e-05
MAR06721	9.557893847986104e-05
MAR06722	3.6276342614344565e-05
MAR06723	0.025396105754569336
MAR06725	0.005629613008233715
MAR06726	6.236850637548383e-05
MAR06727	7.521992852649179e-05
MAR06728	3.6276342614344565e-05
MAR06729	3.6276342614344565e-05
MAR06730	0.004577253862306015
MAR06731	3.6276342614344565e-05
MAR06734	9.557893847986104e-05
MAR06735	0.004577253862306015
MAR06736	0.004577253862306015
MAR06738	9.557893847986104e-05
MAR06739	0.004577253862306015
MAR06740	3.6276342614344565e-05
MAR06741	3.6276342614344565e-05
MAR06742	9.557893847986104e-05
MAR06743	3.6276342614344565e-05
MAR06744	9.557893847986104e-05
MAR06745	0.0003131970097675702
MAR06746	0.004577253862306015
MAR06747	0.0003131970097675702
MAR06748	0.0010061425608227893
MAR06749	0.0010061425608227893
MAR06750	0.004577253862306015
MAR06751	0.0003131970097675702
MAR06752	0.0003131970097675702
MAR06753	0.0010061425608227893
MAR06754	0.0010061425608227893
MAR06755	0.004577253862306015
MAR06756	0.008741871681063187
MAR06757	0.004577253862306015
MAR06758	0.0003131970097675702
MAR06759	9.557893847986104e-05
MAR06760	0.0010061425608227893
MAR06761	0.0010061425608227893
MAR06762	0.004577253862306015
MAR06763	0.004577253862306015
MAR06764	0.0003131970097675702
MAR06765	9.557893847986104e-05
MAR06766	0.0010061425608227893
MAR06767	0.0010061425608227893
MAR06768	0.005629613008233715
MAR06770	8.540557622268162e-05
MAR06771	7.521992852649179e-05
MAR06772	6.236850637548383e-05
MAR06774	4.124391461955025e-05
MAR06776	0.00020575003525011558
MAR06778	0.0007259569410312131
MAR06782	9.557893847986104e-05
MAR06783	9.557893847986104e-05
MAR06784	9.557893847986104e-05
MAR06785	9.557893847986104e-05
MAR06786	9.557893847986104e-05
MAR06787	3.6276342614344565e-05
MAR06788	0.004577253862306015
MAR06789	0.0003131970097675702
MAR06790	0.0010061425608227893
MAR06791	0.0010061425608227893
MAR06792	9.557893847986104e-05
MAR06798	3.660178057173086e-05
MAR06799	3.660178057173086e-05
MAR06800	3.660178057173086e-05
MAR06801	3.660178057173086e-05
MAR06802	9.557893847986104e-05
MAR06803	3.6276342614344565e-05
MAR06806	9.557893847986104e-05
MAR06807	9.557893847986104e-05
MAR06808	0.014320334611927306
MAR06811	0.025396105754569336
MAR06813	0.014320334611927306
MAR06814	0.0014811361800122441
MAR06815	0.025396105754569336
MAR06817	0.0014811361800122441
MAR06818	9.557893847986104e-05
MAR06819	0.0014811361800122441
MAR06820	0.025396105754569336
MAR06822	9.557893847986104e-05
MAR06823	0.0014811361800122441
MAR06824	0.025396105754569336
MAR06826	0.00033779589120560004
MAR06827	0.00033779589120560004
MAR06828	3.660178057173086e-05
MAR06829	0.0055615402043078755
MAR06830	3.660178057173086e-05
MAR06831	0.0011219716951190145
MAR06834	0.00033779589120560004
MAR06835	0.00033779589120560004
MAR06836	3.660178057173086e-05
MAR06837	3.660178057173086e-05
MAR06838	3.695190325907823e-05
MAR06839	0.0011219716951190145
MAR06840	0.00033779589120560004
MAR06841	0.00033779589120560004
MAR06842	3.660178057173086e-05
MAR06843	3.660178057173086e-05
MAR06844	3.695190325907823e-05
MAR06845	0.0011219716951190145
MAR06848	0.00033779589120560004
MAR06849	0.00033779589120560004
MAR06850	3.695190325907823e-05
MAR06851	0.0011219716951190145
MAR06854	0.00033779589120560004
MAR06855	0.00033779589120560004
MAR06874	3.6276342614344565e-05
MAR06875	9.557893847986104e-05
MAR06876	9.557893847986104e-05
MAR06877	9.557893847986104e-05
MAR06878	9.557893847986104e-05
MAR06879	9.557893847986104e-05
MAR06880	9.557893847986104e-05
MAR06881	9.557893847986104e-05
MAR06882	9.557893847986104e-05
MAR06883	0.025396105754569336
MAR06885	0.0014811361800122441
MAR06886	0.025396105754569336
MAR06888	3.6276342614344565e-05
MAR06889	4.239749014569243e-05
MAR07628	0.014320334611927306
MAR07756	3.6276342614344565e-05
MAR08539	3.6276342614344565e-05
MAR08794	9.557893847986104e-05
MAR08795	9.557893847986104e-05
MAR08796	3.6276342614344565e-05
MAR03875	0.006912574663454574
MAR03877	0.005215883866205841
MAR03879	0.0005539171964388199
MAR03881	0.00011446299428867662
MAR03912	0.005629613008233715
MAR03917	0.0007482421441335683
MAR03919	4.777941655798347e-05
MAR03920	0.0022997289815699365
MAR03922	8.570013847775556e-05
MAR03928	0.0018803639589062978
MAR03995	0.035494117336168536
MAR03996	9.557893847986104e-05
MAR04072	0.0025127445188884386
MAR04189	0.0005356152046385503
MAR04302	0.00011446299428867662
MAR04323	0.0005539171964388199
MAR05381	5.014344373440404e-05
MAR05385	0.0010515967775138024
MAR05386	0.0005839904402601521
MAR05387	0.0036508221276713515
MAR05388	0.0024919475627714458
MAR05389	0.0024919475627714458
MAR05390	8.540557622268162e-05
MAR05391	3.6276342614344565e-05
MAR05418	8.570013847775556e-05
MAR05419	8.570013847775556e-05
MAR06515	0.0018803639589062978
MAR06518	0.0018803639589062978
MAR06519	0.0009379209603345714
MAR06520	0.0018803639589062978
MAR06523	3.6276342614344565e-05
MAR08062	5.014344373440404e-05
MAR08066	0.005629613008233715
MAR08067	0.005629613008233715
MAR08068	0.004341664271151448
MAR08069	0.007469184765224416
MAR08641	0.0025127445188884386
MAR08682	9.557893847986104e-05
MAR08683	0.00011446299428867662
MAR08684	0.005629613008233715
MAR08685	9.557893847986104e-05
MAR03868	0.003177222640485009
MAR03869	0.003177222640485009
MAR03889	0.00042584173164422447
MAR03933	0.008741871681063187
MAR03937	0.0038143937485511
MAR04116	0.03928913325884088
MAR04120	0.03928913325884088
MAR04121	0.03928913325884088
MAR04175	0.0012226912294506559
MAR04176	0.0012226912294506559
MAR04324	0.002349463011647167
MAR04326	0.002077586242060523
MAR04328	0.010885097045036832
MAR04329	0.010885097045036832
MAR04708	0.0009201181891580652
MAR08769	0.0012226912294506559
MAR08770	0.0009201181891580652
MAR08771	0.004400842728849653
MAR04078	0.0006698371047393249
MAR04079	0.0036992168151469516
MAR04174	4.857315373040351e-05
MAR04330	5.641026440083311e-05
MAR04347	3.8457745095048446e-05
MAR04425	4.6108995962777365e-05
MAR04427	0.0014102716442011833
MAR04688	0.0036992168151469516
MAR04689	0.0032027470443908327
MAR04735	0.01059310380647674
MAR07991	9.557893847986104e-05
MAR07992	0.00011236422205655176
MAR07993	0.0036992168151469516
MAR07128	0.02807457577727777
MAR07129	0.02807457577727777
MAR07130	9.557893847986104e-05
MAR07131	0.035494117336168536
MAR07132	0.0037465870246594225
MAR07133	6.69937638587916e-05
MAR07134	0.00011446299428867662
MAR07135	0.0005539171964388199
MAR07136	0.005215883866205841
MAR07137	0.00011446299428867662
MAR07138	0.00021392386191514346
MAR07139	0.006912574663454574
MAR07140	9.557893847986104e-05
MAR07141	6.69937638587916e-05
MAR07620	0.003883200425818001
MAR07647	3.6276342614344565e-05
MAR08640	0.0025127445188884386
MAR08689	3.6276342614344565e-05
MAR08690	3.6276342614344565e-05
MAR03753	0.01059310380647674
MAR03755	0.0002850964235314531
MAR03759	0.0036992168151469516
MAR03763	0.0002704751223497197
MAR03773	0.0009902142863409524
MAR03775	0.0004752827508982063
MAR03785	0.01059310380647674
MAR03790	0.0012732617804930388
MAR03792	5.641026440083311e-05
MAR03796	0.0009358811194465778
MAR03823	0.007130960314705309
MAR06416	0.0004988370482135176
MAR03986	3.7036641599546525e-05
MAR03988	0.008578078221247445
MAR04124	0.001613921321491282
MAR04158	0.00570298222428227
MAR04159	0.0013598810456826906
MAR04299	0.0046331596209761615
MAR04300	0.0036795989035454273
MAR04494	0.008989582822628756
MAR04524	0.001966856944558264
MAR04525	0.0009052321374561956
MAR04526	0.0009052321374561956
MAR04527	0.0013767613466303193
MAR04528	0.0009052321374561956
MAR04529	0.0017755061700675944
MAR04530	0.0006516807563098463
MAR04531	9.557893847986104e-05
MAR04532	0.0027250354220916153
MAR04533	9.557893847986104e-05
MAR04534	9.557893847986104e-05
MAR04536	0.0027250354220916153
MAR04628	0.00149210916504968
MAR04629	0.0012412188174833587
MAR04631	0.0016832190794421804
MAR07696	9.557893847986104e-05
MAR07697	0.0004666203624476338
MAR07698	0.0013598810456826906
MAR08366	9.557893847986104e-05
MAR08367	9.557893847986104e-05
MAR08368	9.557893847986104e-05
MAR08371	0.0017755061700675944
MAR08372	9.557893847986104e-05
MAR08373	0.0001404103067398572
MAR08375	0.0004084946073154816
MAR08376	3.6276342614344565e-05
MAR08377	0.0027250354220916153
MAR08672	0.001613921321491282
MAR08674	9.557893847986104e-05
MAR08675	9.557893847986104e-05
MAR05130	0.002878365280896389
MAR05131	0.006382556599654438
MAR05132	0.005519062257465028
MAR05133	0.009530552670557491
MAR05134	0.0025980866089027567
MAR05135	0.0012093120651508467
MAR05136	0.003968731260015213
MAR05137	0.005672755480165533
MAR05138	0.01134648415620798
MAR05139	0.0019210297540065348
MAR05140	0.006612618365570299
MAR05141	0.001974798314957969
MAR05142	0.005505364182915214
MAR05143	0.003883200425818001
MAR05144	0.0006420212064762239
MAR05145	0.004736170549602794
MAR05146	0.005672755480165533
MAR05147	0.008657022137051766
MAR05148	0.004528449653389342
MAR05149	0.0030198639903957153
MAR05150	0.002978960592733509
MAR07171	0.0016634897942764387
MAR07172	3.6276342614344565e-05
MAR07174	3.6276342614344565e-05
MAR07175	4.6158545874008465e-05
MAR07180	0.0006694732116158591
MAR07181	0.002601422504896278
MAR07183	3.6276342614344565e-05
MAR07197	9.557893847986104e-05
MAR07436	0.00514046142208021
MAR07438	0.0029214874020248058
MAR07440	0.0006694732116158591
MAR08254	3.6276342614344565e-05
MAR08255	3.6276342614344565e-05
MAR08256	9.557893847986104e-05
MAR08257	0.0002511631592434288
MAR08258	9.557893847986104e-05
MAR08260	9.557893847986104e-05
MAR08261	9.557893847986104e-05
MAR01532	0.002019456394720068
MAR07254	0.001848568493813083
MAR07256	0.0010305087332534255
MAR07258	9.557893847986104e-05
MAR07259	9.557893847986104e-05
MAR07260	9.557893847986104e-05
MAR07261	0.00014569849993295838
MAR07263	0.003188112104889118
MAR07264	0.0012650057873002888
MAR07265	0.00034299681121765374
MAR07266	0.0012069682972801932
MAR07267	0.002424421150230154
MAR07268	0.002424421150230154
MAR07269	0.0002113491130194963
MAR07270	0.0002113491130194963
MAR07271	0.0049902044039989825
MAR07274	0.0018029598812692054
MAR07275	0.0049902044039989825
MAR07276	0.0018029598812692054
MAR07277	0.0002474785868441859
MAR07278	0.0018068511564453178
MAR07279	0.00027531963949400283
MAR07280	0.0017745461072010626
MAR07281	0.0017745461072010626
MAR07285	0.03122535814019683
MAR07286	0.002892534425792967
MAR07287	0.016122872451509253
MAR07288	9.557893847986104e-05
MAR07289	0.0029291043658294575
MAR07290	9.557893847986104e-05
MAR07291	0.0029291043658294575
MAR07292	9.557893847986104e-05
MAR07293	0.0029291043658294575
MAR07294	9.557893847986104e-05
MAR07295	9.557893847986104e-05
MAR07296	9.557893847986104e-05
MAR07297	9.557893847986104e-05
MAR07298	9.557893847986104e-05
MAR07299	9.557893847986104e-05
MAR07300	9.557893847986104e-05
MAR07301	9.557893847986104e-05
MAR07302	9.557893847986104e-05
MAR07303	9.557893847986104e-05
MAR07304	9.557893847986104e-05
MAR07305	9.557893847986104e-05
MAR07306	9.557893847986104e-05
MAR07308	0.0029291043658294575
MAR07309	0.0029291043658294575
MAR07310	0.0029291043658294575
MAR07311	0.0029291043658294575
MAR07312	0.0029291043658294575
MAR07313	0.0029291043658294575
MAR07314	0.0029291043658294575
MAR07315	0.0029291043658294575
MAR07316	0.0029291043658294575
MAR07317	0.0029291043658294575
MAR07318	0.0029291043658294575
MAR07319	0.0029291043658294575
MAR07320	0.0029291043658294575
MAR07321	0.0029291043658294575
MAR07322	0.0029291043658294575
MAR07323	0.003752411239901094
MAR07324	0.000885484285860489
MAR07325	0.0002516914731888358
MAR07326	3.8926853542620385e-05
MAR07327	0.007774449157079302
MAR07328	0.0017073224988248647
MAR07329	3.6276342614344565e-05
MAR07332	0.0011256291959635815
MAR07333	0.00522222147262934
MAR07334	6.764986671362892e-05
MAR07428	0.0017383711104633612
MAR07429	0.0006585047259893498
MAR07574	0.0013044585186581914
MAR07575	0.00044549005196245966
MAR07576	0.009095505621440292
MAR07577	0.009095505621440292
MAR07578	0.008578078221247445
MAR07580	0.006912848035315831
MAR07582	0.006912848035315831
MAR07585	0.0013044585186581914
MAR07586	0.00044549005196245966
MAR07587	0.008578078221247445
MAR08691	0.0010305087332534255
MAR08692	9.557893847986104e-05
MAR08693	0.007774449157079302
MAR08694	0.0017073224988248647
MAR08695	9.557893847986104e-05
MAR05151	3.6276342614344565e-05
MAR05152	3.6276342614344565e-05
MAR05153	3.683965164830055e-05
MAR05154	3.6276342614344565e-05
MAR05155	9.557893847986104e-05
MAR05156	9.557893847986104e-05
MAR05157	7.222412880966597e-05
MAR05158	3.6276342614344565e-05
MAR05159	3.6276342614344565e-05
MAR05160	3.6276342614344565e-05
MAR05161	9.557893847986104e-05
MAR05162	3.6276342614344565e-05
MAR05163	3.872008402929415e-05
MAR05164	0.00693152580704555
MAR05165	0.00038620860485961907
MAR05166	0.0014691058672839812
MAR05167	9.557893847986104e-05
MAR05168	9.557893847986104e-05
MAR05169	9.557893847986104e-05
MAR05170	9.557893847986104e-05
MAR05171	9.557893847986104e-05
MAR05172	9.557893847986104e-05
MAR05174	9.557893847986104e-05
MAR07282	9.557893847986104e-05
MAR07616	9.557893847986104e-05
MAR07619	0.0023054902304981933
MAR09735	9.557893847986104e-05
MAR07621	9.557893847986104e-05
MAR07622	0.0001266332222882505
MAR07624	0.00039620370229105384
MAR07626	0.00039620370229105384
MAR05258	3.6276342614344565e-05
MAR05259	0.06582372889603041
MAR05260	9.557893847986104e-05
MAR05261	0.06582372889603041
MAR05262	9.557893847986104e-05
MAR05263	0.06582372889603041
MAR05264	9.557893847986104e-05
MAR05265	0.06582372889603041
MAR05266	9.557893847986104e-05
MAR05267	9.557893847986104e-05
MAR05268	9.557893847986104e-05
MAR05269	9.557893847986104e-05
MAR05270	9.557893847986104e-05
MAR05271	9.557893847986104e-05
MAR05272	0.06582372889603041
MAR05273	9.557893847986104e-05
MAR05274	0.06582372889603041
MAR05275	9.557893847986104e-05
MAR05276	0.06582372889603041
MAR05277	9.557893847986104e-05
MAR05278	0.06582372889603041
MAR05279	9.557893847986104e-05
MAR05280	0.06582372889603041
MAR05281	9.557893847986104e-05
MAR05282	0.06582372889603041
MAR05283	9.557893847986104e-05
MAR05284	0.06582372889603041
MAR05285	0.06582372889603041
MAR05286	0.06582372889603041
MAR05287	0.06582372889603041
MAR05288	0.004248729863182305
MAR05290	0.06582372889603041
MAR05291	9.557893847986104e-05
MAR09817	9.557893847986104e-05
MAR09818	9.557893847986104e-05
MAR05407	0.0036152214184963487
MAR03851	9.557893847986104e-05
MAR03861	0.0025538778444200777
MAR03866	9.557893847986104e-05
MAR03915	0.0001623456118710157
MAR04084	0.00316257103764473
MAR04187	0.00316257103764473
MAR04188	9.557893847986104e-05
MAR04701	0.0002674656570501795
MAR04840	9.557893847986104e-05
MAR04842	0.0010061425608227893
MAR08662	0.004073369881496159
MAR08663	0.004073369881496159
MAR08664	0.0004752827508982063
MAR08665	9.557893847986104e-05
MAR08666	4.430988755113877e-05
MAR08667	0.004073369881496159
MAR08668	0.004073369881496159
MAR08669	9.557893847986104e-05
MAR00710	0.003152287723009534
MAR03787	0.001499271544193174
MAR03957	0.003985882540445078
MAR03958	0.005510808091087385
MAR04139	0.004341664271151448
MAR04141	0.007469184765224416
MAR04145	0.0037664031931448896
MAR04147	0.004073369881496159
MAR04149	0.010690978910229866
MAR04152	0.004073369881496159
MAR04209	0.004864507076604704
MAR04408	0.008007607299979543
MAR04410	0.008007607299979543
MAR04454	0.003789317033064563
MAR04458	0.003423406264264307
MAR04465	0.002232226420740075
MAR04589	0.003423406264264307
MAR04652	0.004104945484307522
MAR06413	0.004864507076604704
MAR06414	0.004131548094112138
MAR07704	3.6276342614344565e-05
MAR07706	3.6276342614344565e-05
MAR08772	5.9107838480537174e-05
MAR08773	0.0004482977551028997
MAR08774	9.557893847986104e-05
MAR08775	0.0032027470443908327
MAR08777	9.557893847986104e-05
MAR08778	0.0036992168151469516
MAR08779	0.002232226420740075
MAR08780	0.0009379209603345714
MAR08781	9.557893847986104e-05
MAR08782	0.002232226420740075
MAR03975	0.002188469127539885
MAR03977	0.002188469127539885
MAR03979	0.002188469127539885
MAR06911	0.003582326400742003
MAR06912	0.002188469127539885
MAR06914	1.0
MAR06916	0.31660713709049826
MAR06918	0.1869816679700174
MAR06921	0.39132384310032287
MAR03960	0.009454698907524168
MAR03980	0.001910082738100258
MAR03982	0.001910082738100258
MAR04767	9.557893847986104e-05
MAR06608	9.557893847986104e-05
MAR08409	0.0036992535956689157
MAR08410	0.0011301669048401596
MAR08413	0.009454698907524168
MAR08415	0.009454698907524168
MAR00156	4.803684056841973e-05
MAR00165	4.803684056841973e-05
MAR00168	4.803684056841973e-05
MAR00171	4.803684056841973e-05
MAR00174	4.803684056841973e-05
MAR00177	4.803684056841973e-05
MAR00180	4.803684056841973e-05
MAR00184	4.803684056841973e-05
MAR00188	0.003964419623175717
MAR00192	0.003964419623175717
MAR00196	0.003964419623175717
MAR00200	0.003964419623175717
MAR00204	0.003964419623175717
MAR00209	0.003964419623175717
MAR00213	0.003964419623175717
MAR00217	0.003964419623175717
MAR00226	0.003964419623175717
MAR00233	0.003964419623175717
MAR00237	0.003964419623175717
MAR00241	0.003964419623175717
MAR00245	0.003964419623175717
MAR00249	0.003964419623175717
MAR00255	0.003964419623175717
MAR00259	0.003964419623175717
MAR00263	0.003964419623175717
MAR00267	0.003964419623175717
MAR00271	0.003964419623175717
MAR00275	0.003964419623175717
MAR00279	0.003964419623175717
MAR00283	0.003964419623175717
MAR00289	0.003964419623175717
MAR00293	0.003964419623175717
MAR00297	0.003964419623175717
MAR00301	0.003964419623175717
MAR00305	0.003964419623175717
MAR00309	0.003964419623175717
MAR00313	0.003964419623175717
MAR00319	0.003964419623175717
MAR00323	0.003964419623175717
MAR00327	0.003964419623175717
MAR00331	0.003964419623175717
MAR00337	0.003964419623175717
MAR00341	0.003964419623175717
MAR00345	0.003964419623175717
MAR00349	0.003964419623175717
MAR00353	0.003964419623175717
MAR00357	0.003964419623175717
MAR00361	0.003964419623175717
MAR00365	0.003964419623175717
MAR00369	0.003964419623175717
MAR00373	0.003964419623175717
MAR00377	0.003964419623175717
MAR00381	0.003964419623175717
MAR00385	0.003964419623175717
MAR00389	0.003964419623175717
MAR00393	0.003964419623175717
MAR00397	0.003964419623175717
MAR00401	0.003964419623175717
MAR00405	0.003964419623175717
MAR00409	0.003964419623175717
MAR00413	0.003964419623175717
MAR00417	0.003964419623175717
MAR00421	0.003964419623175717
MAR00425	0.003964419623175717
MAR00429	0.003964419623175717
MAR00433	0.003964419623175717
MAR00437	0.003964419623175717
MAR02942	0.003964419623175717
MAR02943	0.003964419623175717
MAR02944	0.003964419623175717
MAR02945	0.003964419623175717
MAR02946	0.003964419623175717
MAR02947	0.003964419623175717
MAR02948	0.003964419623175717
MAR02949	0.003964419623175717
MAR02951	0.003964419623175717
MAR02952	0.003964419623175717
MAR02954	0.003964419623175717
MAR02955	0.003964419623175717
MAR02956	0.003964419623175717
MAR02957	0.003964419623175717
MAR02959	0.003964419623175717
MAR02961	0.003964419623175717
MAR02962	0.003964419623175717
MAR02963	0.003964419623175717
MAR02964	0.003964419623175717
MAR02965	0.003964419623175717
MAR02966	0.003964419623175717
MAR02967	0.003964419623175717
MAR02968	0.003964419623175717
MAR02969	0.003964419623175717
MAR02970	0.003964419623175717
MAR02971	0.003964419623175717
MAR02972	0.003964419623175717
MAR02973	0.003964419623175717
MAR02974	0.003964419623175717
MAR02975	0.003964419623175717
MAR02976	0.003964419623175717
MAR02977	0.003964419623175717
MAR02978	0.003964419623175717
MAR02979	0.003964419623175717
MAR02980	0.003964419623175717
MAR02981	0.003964419623175717
MAR02982	0.003964419623175717
MAR02983	0.003964419623175717
MAR02984	0.003964419623175717
MAR02985	0.003964419623175717
MAR02986	0.003964419623175717
MAR02987	0.003964419623175717
MAR02988	0.003964419623175717
MAR02989	0.003964419623175717
MAR02990	0.003964419623175717
MAR02991	0.003964419623175717
MAR02992	0.003964419623175717
MAR02994	0.003964419623175717
MAR02996	0.003964419623175717
MAR02998	0.003964419623175717
MAR02999	0.003964419623175717
MAR03000	0.003964419623175717
MAR03001	0.003964419623175717
MAR03002	0.003964419623175717
MAR03003	0.003964419623175717
MAR02152	0.005505184627502923
MAR02153	0.005505184627502923
MAR02154	0.005505184627502923
MAR02155	0.005505184627502923
MAR02156	0.005505184627502923
MAR02157	0.005505184627502923
MAR02158	0.005505184627502923
MAR02159	0.005505184627502923
MAR02160	0.005505184627502923
MAR02161	0.005505184627502923
MAR02162	0.005505184627502923
MAR02163	0.005505184627502923
MAR02164	0.005505184627502923
MAR02165	0.005505184627502923
MAR02166	0.005505184627502923
MAR02167	0.005505184627502923
MAR02168	0.005505184627502923
MAR02169	0.005505184627502923
MAR02170	0.005505184627502923
MAR02171	0.005505184627502923
MAR02173	0.005505184627502923
MAR02174	0.005505184627502923
MAR02175	0.005505184627502923
MAR02176	0.005505184627502923
MAR02178	0.005505184627502923
MAR02179	0.005505184627502923
MAR02180	0.005505184627502923
MAR02181	0.005505184627502923
MAR04295	9.000793258627582e-05
MAR02227	0.005505184627502923
MAR02228	0.005505184627502923
MAR02229	0.005505184627502923
MAR02230	0.005505184627502923
MAR02231	0.005505184627502923
MAR02232	0.005505184627502923
MAR02233	0.005505184627502923
MAR02234	0.005505184627502923
MAR02235	0.005505184627502923
MAR02236	0.005505184627502923
MAR02237	0.005505184627502923
MAR02238	0.005505184627502923
MAR02239	0.005505184627502923
MAR02240	0.005505184627502923
MAR02241	0.005505184627502923
MAR02242	0.005505184627502923
MAR02243	0.005505184627502923
MAR02244	0.005505184627502923
MAR02245	0.005505184627502923
MAR02246	0.005505184627502923
MAR02247	0.005505184627502923
MAR02249	0.005505184627502923
MAR02250	0.005505184627502923
MAR02251	0.005505184627502923
MAR02252	0.005505184627502923
MAR02254	0.005505184627502923
MAR02255	0.005505184627502923
MAR02256	0.005505184627502923
MAR02257	0.005505184627502923
MAR02305	0.010485170233980904
MAR02307	0.0013433259032388347
MAR02309	0.005524673407028424
MAR02311	0.0010070342806392085
MAR02315	0.010485170233980904
MAR02317	0.0013433259032388347
MAR02319	0.005524673407028424
MAR02321	0.0010070342806392085
MAR02324	0.010485170233980904
MAR02326	0.0013433259032388347
MAR02328	0.005524673407028424
MAR02330	0.0010070342806392085
MAR02332	0.010485170233980904
MAR02334	0.0013433259032388347
MAR02336	0.005524673407028424
MAR02338	0.0010070342806392085
MAR02342	0.010485170233980904
MAR02343	0.0013433259032388347
MAR02344	0.005524673407028424
MAR02345	0.0010070342806392085
MAR02347	0.010485170233980904
MAR02348	0.0013433259032388347
MAR02349	0.005524673407028424
MAR02350	0.0010070342806392085
MAR02353	0.010485170233980904
MAR02354	0.0013433259032388347
MAR02355	0.005524673407028424
MAR02356	0.0010070342806392085
MAR02361	0.010485170233980904
MAR02362	0.0013433259032388347
MAR02363	0.005524673407028424
MAR02364	0.0010070342806392085
MAR02190	0.010485170233980904
MAR02191	0.0013433259032388347
MAR02193	0.005524673407028424
MAR02194	0.0010070342806392085
MAR02201	0.010485170233980904
MAR02202	0.0013433259032388347
MAR02203	0.005524673407028424
MAR02204	0.0010070342806392085
MAR02205	0.010485170233980904
MAR02208	0.0013433259032388347
MAR02209	0.005524673407028424
MAR02210	0.0010070342806392085
MAR02211	0.010485170233980904
MAR02212	0.0013433259032388347
MAR02213	0.005524673407028424
MAR02214	0.0010070342806392085
MAR02215	0.010485170233980904
MAR02217	0.0013433259032388347
MAR02218	0.005524673407028424
MAR02219	0.0010070342806392085
MAR02259	0.010485170233980904
MAR02260	0.0013433259032388347
MAR02261	0.005524673407028424
MAR02262	0.0010070342806392085
MAR02263	0.010485170233980904
MAR02264	0.0013433259032388347
MAR02265	0.005524673407028424
MAR02266	0.0010070342806392085
MAR02267	0.010485170233980904
MAR02268	0.0013433259032388347
MAR02269	0.005524673407028424
MAR02270	0.0010070342806392085
MAR02281	0.0055945778129397015
MAR02282	0.0055945778129397015
MAR02284	0.0055945778129397015
MAR02286	0.0055945778129397015
MAR02287	0.0055945778129397015
MAR02292	0.0055945778129397015
MAR02293	0.0055945778129397015
MAR02294	0.0055945778129397015
MAR02295	0.0055945778129397015
MAR02296	0.0055945778129397015
MAR02359	0.0049346592956710485
MAR02365	0.0049346592956710485
MAR02288	0.0055945778129397015
MAR02289	0.0055945778129397015
MAR00709	0.004292210010137892
MAR02150	0.005505184627502923
MAR02151	0.005505184627502923
MAR02172	0.005505184627502923
MAR02177	0.005505184627502923
MAR02182	0.005505184627502923
MAR02248	0.005505184627502923
MAR02253	0.005505184627502923
MAR02258	0.005505184627502923
MAR02437	9.557893847986104e-05
MAR02438	0.005747240953765069
MAR02439	9.557893847986104e-05
MAR02440	3.820018205739367e-05
MAR02441	0.03928913325884088
MAR02442	9.557893847986104e-05
MAR02443	9.557893847986104e-05
MAR02444	9.557893847986104e-05
MAR02445	9.557893847986104e-05
MAR02446	9.557893847986104e-05
MAR02447	9.557893847986104e-05
MAR02448	9.557893847986104e-05
MAR02449	9.557893847986104e-05
MAR02450	9.557893847986104e-05
MAR02451	9.557893847986104e-05
MAR02452	9.557893847986104e-05
MAR02453	9.557893847986104e-05
MAR02454	9.557893847986104e-05
MAR02455	0.0009987007789029466
MAR02456	0.0009987007789029466
MAR02457	0.0009987007789029466
MAR02458	0.0009987007789029466
MAR02459	0.004087126138873325
MAR02460	0.004087126138873325
MAR02461	3.660178057173086e-05
MAR02462	3.660178057173086e-05
MAR02463	3.660178057173086e-05
MAR02464	3.660178057173086e-05
MAR02465	0.004087126138873325
MAR02466	0.004087126138873325
MAR02467	3.660178057173086e-05
MAR02468	3.660178057173086e-05
MAR02469	3.660178057173086e-05
MAR02470	3.660178057173086e-05
MAR06397	0.00257262961433024
MAR06402	8.104886128095443e-05
MAR06403	9.35932146631197e-05
MAR06404	0.00257262961433024
MAR02472	0.0049346592956710485
MAR02475	0.010485170233980904
MAR02478	0.0013433259032388347
MAR02480	0.005524673407028424
MAR02482	0.0010070342806392085
MAR02484	0.0049346592956710485
MAR02486	0.010485170233980904
MAR02489	0.0013433259032388347
MAR02491	0.005524673407028424
MAR02493	0.0010070342806392085
MAR02495	9.557893847986104e-05
MAR02497	0.010485170233980904
MAR02499	0.0013433259032388347
MAR02501	0.005524673407028424
MAR02503	0.0010070342806392085
MAR02505	0.0049346592956710485
MAR02510	0.0010245859174407399
MAR02511	0.007214411000678574
MAR02512	0.0009635221075194156
MAR02513	0.0006909932461764258
MAR02514	9.557893847986104e-05
MAR02515	0.010485170233980904
MAR02516	0.0013433259032388347
MAR02518	0.005524673407028424
MAR02520	0.0010070342806392085
MAR02522	0.010485170233980904
MAR02524	0.0013433259032388347
MAR02526	0.005524673407028424
MAR02528	0.0010070342806392085
MAR02530	0.010485170233980904
MAR02533	0.0013433259032388347
MAR02535	0.005524673407028424
MAR02537	0.0010070342806392085
MAR02540	0.010485170233980904
MAR02541	0.0013433259032388347
MAR02542	0.005524673407028424
MAR02543	0.0010070342806392085
MAR02544	3.701664847642021e-05
MAR02545	9.557893847986104e-05
MAR02546	0.004507179969113983
MAR02548	0.004507179969113983
MAR02549	9.557893847986104e-05
MAR02550	9.557893847986104e-05
MAR02551	0.0013679952317909357
MAR02552	7.108371164372666e-05
MAR02553	3.6276342614344565e-05
MAR02555	3.6276342614344565e-05
MAR02556	0.0012226912294506559
MAR02557	0.005747240953765069
MAR02558	9.557893847986104e-05
MAR02559	9.557893847986104e-05
MAR02560	9.557893847986104e-05
MAR02561	3.701664847642021e-05
MAR02562	0.004087126138873325
MAR02563	0.004087126138873325
MAR02565	3.701664847642021e-05
MAR02566	0.005747240953765069
MAR02567	9.557893847986104e-05
MAR02568	3.701664847642021e-05
MAR02570	0.005747240953765069
MAR02571	9.557893847986104e-05
MAR02572	3.701664847642021e-05
MAR02573	0.004087126138873325
MAR02574	0.004087126138873325
MAR02576	0.005747240953765069
MAR02577	9.557893847986104e-05
MAR02578	3.701664847642021e-05
MAR02579	0.004087126138873325
MAR02580	0.004087126138873325
MAR02581	0.005747240953765069
MAR02582	0.005747240953765069
MAR02583	0.008771519434265792
MAR02584	0.008771519434265792
MAR02586	3.701664847642021e-05
MAR02587	9.557893847986104e-05
MAR02368	0.0049346592956710485
MAR02371	0.010485170233980904
MAR02374	9.557893847986104e-05
MAR02376	9.557893847986104e-05
MAR02378	0.0010070342806392085
MAR02380	0.0049346592956710485
MAR02383	0.010485170233980904
MAR02387	0.0013433259032388347
MAR02389	0.005524673407028424
MAR02391	9.557893847986104e-05
MAR02393	9.557893847986104e-05
MAR02395	0.010485170233980904
MAR02397	0.0013433259032388347
MAR02399	0.005524673407028424
MAR02401	0.0010070342806392085
MAR02403	9.557893847986104e-05
MAR02408	0.0010245859174407399
MAR02409	0.007214411000678574
MAR02410	0.0009635221075194156
MAR02411	0.0006909932461764258
MAR02412	9.557893847986104e-05
MAR02415	0.010485170233980904
MAR02417	0.0013433259032388347
MAR02419	0.005524673407028424
MAR02421	0.0010070342806392085
MAR02423	0.010485170233980904
MAR02426	0.0013433259032388347
MAR02428	0.005524673407028424
MAR02430	0.0010070342806392085
MAR02433	0.010485170233980904
MAR02434	0.0013433259032388347
MAR02435	0.005524673407028424
MAR02436	0.0010070342806392085
MAR03444	0.004614502211497646
MAR03445	0.0016947374463374579
MAR03446	0.0023434872855688112
MAR03447	0.0016947374463374579
MAR03448	0.004614502211497646
MAR03449	0.007214411000678574
MAR03450	0.007214411000678574
MAR03452	0.004614502211497646
MAR03453	0.007214411000678574
MAR03454	0.007214411000678574
MAR03455	0.007214411000678574
MAR03456	0.004614502211497646
MAR03457	0.0023434872855688112
MAR03458	0.0016947374463374579
MAR03459	0.0010245859174407399
MAR03460	0.007214411000678574
MAR03461	0.0005552944000231086
MAR03462	0.007214411000678574
MAR03463	0.007214411000678574
MAR03464	0.0009635221075194156
MAR03466	0.0010245859174407399
MAR03467	0.007214411000678574
MAR03468	0.0009635221075194156
MAR03469	0.0006909932461764258
MAR03470	0.0010245859174407399
MAR03471	0.0005552944000231086
MAR03472	0.007214411000678574
MAR00931	0.0009987007789029466
MAR00932	0.0009987007789029466
MAR00933	0.0009987007789029466
MAR00934	0.0009987007789029466
MAR00935	0.0009987007789029466
MAR00936	0.0009987007789029466
MAR00937	0.0009987007789029466
MAR00938	0.0009987007789029466
MAR00939	0.0009987007789029466
MAR00940	0.0009987007789029466
MAR00942	0.0009987007789029466
MAR00943	0.0009987007789029466
MAR00944	0.0009987007789029466
MAR00945	0.004087126138873325
MAR00946	0.0009987007789029466
MAR00947	0.0009987007789029466
MAR00948	0.0009987007789029466
MAR00949	0.004087126138873325
MAR00950	0.0009987007789029466
MAR00951	0.0009987007789029466
MAR00953	0.004087126138873325
MAR00954	0.0009987007789029466
MAR00955	0.0009987007789029466
MAR00956	0.0009987007789029466
MAR00957	0.004087126138873325
MAR00958	3.701664847642021e-05
MAR00959	3.701664847642021e-05
MAR00960	0.03928913325884088
MAR00961	0.00022461378028539126
MAR00963	0.03928913325884088
MAR00964	0.00022461378028539126
MAR00967	0.00022461378028539126
MAR00969	3.6276342614344565e-05
MAR00971	3.701664847642021e-05
MAR00973	0.004507179969113983
MAR00976	0.00022461378028539126
MAR00979	9.557893847986104e-05
MAR00980	0.004507179969113983
MAR00981	3.6276342614344565e-05
MAR00983	3.820018205739367e-05
MAR00985	3.820018205739367e-05
MAR00986	3.820018205739367e-05
MAR00987	3.820018205739367e-05
MAR00988	0.03928913325884088
MAR00989	9.557893847986104e-05
MAR00990	9.557893847986104e-05
MAR00991	0.0009987007789029466
MAR00992	0.0009987007789029466
MAR00993	0.0009987007789029466
MAR00994	0.0009987007789029466
MAR00995	0.005747240953765069
MAR00996	0.005747240953765069
MAR00997	0.005747240953765069
MAR00998	3.701664847642021e-05
MAR00999	3.701664847642021e-05
MAR01000	3.701664847642021e-05
MAR01002	0.004087126138873325
MAR01003	0.004087126138873325
MAR01004	0.004087126138873325
MAR01006	0.004087126138873325
MAR01007	0.004087126138873325
MAR01008	0.004087126138873325
MAR01010	0.00022461378028539126
MAR01011	0.00022461378028539126
MAR01013	3.701664847642021e-05
MAR01014	3.701664847642021e-05
MAR01015	3.701664847642021e-05
MAR01016	3.701664847642021e-05
MAR01017	3.701664847642021e-05
MAR01018	3.701664847642021e-05
MAR01020	0.004087126138873325
MAR01021	0.004087126138873325
MAR01022	0.004087126138873325
MAR01023	0.004087126138873325
MAR01025	0.004087126138873325
MAR01026	0.004087126138873325
MAR01027	0.004087126138873325
MAR01028	0.004087126138873325
MAR01029	0.00022461378028539126
MAR01030	0.00022461378028539126
MAR01033	0.00022461378028539126
MAR01034	0.00022461378028539126
MAR01037	0.00022461378028539126
MAR01039	0.00022461378028539126
MAR01040	9.557893847986104e-05
MAR01041	9.557893847986104e-05
MAR01042	9.557893847986104e-05
MAR01043	0.03928913325884088
MAR01045	0.03928913325884088
MAR01048	0.03928913325884088
MAR01049	0.03928913325884088
MAR01050	0.025396105754569336
MAR01053	0.025396105754569336
MAR01054	0.025396105754569336
MAR01055	0.004087126138873325
MAR01057	0.004087126138873325
MAR01058	0.004087126138873325
MAR01059	3.6276342614344565e-05
MAR01061	3.6276342614344565e-05
MAR01062	0.00022461378028539126
MAR01063	0.00022461378028539126
MAR01064	0.00022461378028539126
MAR01065	0.01059310380647674
MAR01066	0.01059310380647674
MAR01067	0.01059310380647674
MAR01068	0.01059310380647674
MAR01069	0.01059310380647674
MAR01070	0.01059310380647674
MAR01071	3.6276342614344565e-05
MAR01072	3.6276342614344565e-05
MAR01073	0.00022461378028539126
MAR01074	0.0031596605250845716
MAR01075	3.701664847642021e-05
MAR01077	3.701664847642021e-05
MAR01079	8.211994829928966e-05
MAR03015	0.004292210010137892
MAR01080	0.0032467964499312625
MAR01081	7.108371164372666e-05
MAR01084	0.0012226912294506559
MAR01085	4.671168857970933e-05
MAR01087	9.557893847986104e-05
MAR01088	0.008495895893435745
MAR01091	0.008495895893435745
MAR01092	9.557893847986104e-05
MAR01093	0.00022461378028539126
MAR01096	0.00022461378028539126
MAR01097	3.6276342614344565e-05
MAR01098	0.008741871681063187
MAR01099	3.6276342614344565e-05
MAR01100	0.004507179969113983
MAR01101	0.004507179969113983
MAR01102	0.004507179969113983
MAR01103	0.004507179969113983
MAR01105	0.004507179969113983
MAR01106	0.004507179969113983
MAR01107	3.6276342614344565e-05
MAR01108	3.6276342614344565e-05
MAR01109	3.6276342614344565e-05
MAR01110	3.6276342614344565e-05
MAR01111	3.6276342614344565e-05
MAR01112	3.6276342614344565e-05
MAR01113	9.557893847986104e-05
MAR01114	9.557893847986104e-05
MAR01115	9.557893847986104e-05
MAR01116	0.004507179969113983
MAR01117	0.004507179969113983
MAR01119	0.025396105754569336
MAR01120	0.025396105754569336
MAR01121	0.025396105754569336
MAR01122	0.025396105754569336
MAR01123	0.004507179969113983
MAR01124	0.004507179969113983
MAR01125	0.004507179969113983
MAR01126	3.6276342614344565e-05
MAR01127	3.6276342614344565e-05
MAR01128	3.6276342614344565e-05
MAR01129	0.008741871681063187
MAR01130	0.008741871681063187
MAR01131	0.008741871681063187
MAR01132	0.0036992168151469516
MAR01133	0.0036992168151469516
MAR01134	0.0036992168151469516
MAR01136	9.557893847986104e-05
MAR01137	3.6276342614344565e-05
MAR01138	3.6276342614344565e-05
MAR01139	3.6276342614344565e-05
MAR01140	3.6276342614344565e-05
MAR01142	9.557893847986104e-05
MAR01146	0.004507179969113983
MAR01147	0.004507179969113983
MAR01148	0.004507179969113983
MAR01149	0.0009987007789029466
MAR01150	0.0009987007789029466
MAR01151	0.0009987007789029466
MAR01152	0.0009987007789029466
MAR01153	0.0009987007789029466
MAR01154	0.0009987007789029466
MAR01155	0.0009987007789029466
MAR01156	0.0009987007789029466
MAR01157	0.003964419623175717
MAR01158	0.003964419623175717
MAR01159	0.003964419623175717
MAR01160	0.003964419623175717
MAR01161	0.0010245859174407399
MAR01162	0.0010245859174407399
MAR01163	0.007214411000678574
MAR01164	0.007214411000678574
MAR01165	0.007214411000678574
MAR01166	0.0009635221075194156
MAR01167	0.007214411000678574
MAR01168	0.0006909932461764258
MAR01170	0.00279425441236777
MAR01171	0.00279425441236777
MAR01186	9.557893847986104e-05
MAR01190	0.004507179969113983
MAR01191	0.004507179969113983
MAR01192	0.004507179969113983
MAR01193	0.0009987007789029466
MAR01194	0.0009987007789029466
MAR01195	0.0009987007789029466
MAR01196	0.0009987007789029466
MAR01197	9.557893847986104e-05
MAR01198	9.557893847986104e-05
MAR01199	9.557893847986104e-05
MAR01200	0.003964419623175717
MAR01201	0.003964419623175717
MAR01202	0.003964419623175717
MAR01203	0.003964419623175717
MAR01204	0.0010245859174407399
MAR01205	0.0010245859174407399
MAR01206	0.007214411000678574
MAR01207	0.007214411000678574
MAR01208	0.007214411000678574
MAR01209	0.0009635221075194156
MAR01210	0.007214411000678574
MAR01211	0.0006909932461764258
MAR01212	0.00279425441236777
MAR01213	0.00279425441236777
MAR01228	0.0031596605250845716
MAR01229	0.0031596605250845716
MAR01230	0.0031596605250845716
MAR01231	0.004507179969113983
MAR01232	0.004507179969113983
MAR01233	0.004507179969113983
MAR01234	3.6276342614344565e-05
MAR01235	3.6276342614344565e-05
MAR01236	3.6276342614344565e-05
MAR01237	3.6276342614344565e-05
MAR01238	3.6276342614344565e-05
MAR01239	3.6276342614344565e-05
MAR01241	9.557893847986104e-05
MAR01244	0.004507179969113983
MAR01245	0.004507179969113983
MAR01246	0.004507179969113983
MAR01247	9.557893847986104e-05
MAR01248	0.003964419623175717
MAR01249	0.003964419623175717
MAR01250	0.003964419623175717
MAR01251	0.003964419623175717
MAR01253	0.0010245859174407399
MAR01254	0.0010245859174407399
MAR01255	0.007214411000678574
MAR01256	0.007214411000678574
MAR01257	0.007214411000678574
MAR01258	0.0009635221075194156
MAR01259	0.007214411000678574
MAR01260	0.0006909932461764258
MAR01261	0.00279425441236777
MAR01262	0.00279425441236777
MAR01263	0.003964419623175717
MAR01264	0.003964419623175717
MAR01265	0.003964419623175717
MAR01266	0.003964419623175717
MAR01270	0.0010245859174407399
MAR01271	0.0010245859174407399
MAR01272	0.007214411000678574
MAR01273	0.007214411000678574
MAR01274	0.007214411000678574
MAR01275	0.0009635221075194156
MAR01276	0.007214411000678574
MAR01277	0.0006909932461764258
MAR01278	0.00279425441236777
MAR01279	0.00279425441236777
MAR01280	0.004507179969113983
MAR01281	0.004507179969113983
MAR01282	0.004507179969113983
MAR01285	9.557893847986104e-05
MAR01287	9.557893847986104e-05
MAR01288	0.008741871681063187
MAR01289	0.0036992168151469516
MAR01290	0.003964419623175717
MAR01291	0.0010245859174407399
MAR01292	0.007214411000678574
MAR01293	0.0009635221075194156
MAR01294	0.0006909932461764258
MAR01295	0.00279425441236777
MAR01296	0.0010245859174407399
MAR01297	0.0005552944000231086
MAR01298	0.007214411000678574
MAR01299	0.007214411000678574
MAR01300	0.0009635221075194156
MAR01301	0.0006909932461764258
MAR01302	0.0006473390969686232
MAR01303	0.0010245859174407399
MAR01304	0.00279425441236777
MAR04796	0.0012226912294506559
MAR08545	3.6276342614344565e-05
MAR08546	0.004507179969113983
MAR08547	9.557893847986104e-05
MAR08548	0.0012226912294506559
MAR08549	9.557893847986104e-05
MAR08550	7.108371164372666e-05
MAR08552	9.557893847986104e-05
MAR08554	3.6276342614344565e-05
MAR08555	3.6276342614344565e-05
MAR08556	3.685862074416801e-05
MAR08557	0.005747240953765069
MAR08558	0.005747240953765069
MAR08559	4.943200397626432e-05
MAR08560	0.008771519434265792
MAR08561	9.557893847986104e-05
MAR00154	0.00279425441236777
MAR00189	0.00279425441236777
MAR00193	0.00279425441236777
MAR00197	0.00279425441236777
MAR00201	0.00279425441236777
MAR00206	0.00279425441236777
MAR00210	0.00279425441236777
MAR00214	0.00279425441236777
MAR00223	0.00279425441236777
MAR00230	0.00279425441236777
MAR00234	0.00279425441236777
MAR00238	0.00279425441236777
MAR00242	0.00279425441236777
MAR00246	0.00279425441236777
MAR00250	0.00279425441236777
MAR00256	0.00279425441236777
MAR00260	0.00279425441236777
MAR00264	0.00279425441236777
MAR00268	0.00279425441236777
MAR00272	0.00279425441236777
MAR00276	0.00279425441236777
MAR00280	0.0005464490515833629
MAR00284	0.0005464490515833629
MAR00290	0.0005464490515833629
MAR00294	0.0005464490515833629
MAR00298	0.0005464490515833629
MAR00302	0.0005464490515833629
MAR00306	0.0005464490515833629
MAR00310	3.790593300575469e-05
MAR00314	3.790593300575469e-05
MAR00320	3.790593300575469e-05
MAR00324	3.790593300575469e-05
MAR00328	3.790593300575469e-05
MAR00332	3.790593300575469e-05
MAR00338	3.790593300575469e-05
MAR00342	3.790593300575469e-05
MAR00346	3.790593300575469e-05
MAR00350	0.00279425441236777
MAR00354	0.00279425441236777
MAR00358	0.0005464490515833629
MAR00362	0.0005464490515833629
MAR00366	3.790593300575469e-05
MAR00370	3.790593300575469e-05
MAR00374	3.790593300575469e-05
MAR00378	3.790593300575469e-05
MAR00382	0.00279425441236777
MAR00386	3.790593300575469e-05
MAR00390	3.790593300575469e-05
MAR00394	3.790593300575469e-05
MAR00398	0.00279425441236777
MAR00402	0.00279425441236777
MAR00406	0.00279425441236777
MAR00410	0.00279425441236777
MAR00414	3.790593300575469e-05
MAR00418	3.790593300575469e-05
MAR00422	3.790593300575469e-05
MAR00426	3.790593300575469e-05
MAR00430	0.0005464490515833629
MAR00434	3.790593300575469e-05
MAR00438	3.790593300575469e-05
MAR03009	0.0006473390969686232
MAR03475	0.0006473390969686232
MAR03476	9.557893847986104e-05
MAR03477	9.557893847986104e-05
MAR00159	0.002250792986382707
MAR02591	0.002250792986382707
MAR02594	0.002250792986382707
MAR02599	0.002250792986382707
MAR02602	0.002250792986382707
MAR02605	0.002250792986382707
MAR02608	0.002250792986382707
MAR02611	0.002250792986382707
MAR02614	0.002250792986382707
MAR02620	0.002250792986382707
MAR02623	0.002250792986382707
MAR02626	0.002250792986382707
MAR02633	0.002250792986382707
MAR02636	0.002250792986382707
MAR02642	0.002250792986382707
MAR02648	0.002250792986382707
MAR02651	0.002250792986382707
MAR02654	0.002250792986382707
MAR02657	0.002250792986382707
MAR02660	0.002250792986382707
MAR02663	0.002250792986382707
MAR02666	0.002250792986382707
MAR02669	0.002250792986382707
MAR02672	0.002250792986382707
MAR02675	0.002250792986382707
MAR02678	0.002250792986382707
MAR02681	0.002250792986382707
MAR02684	0.002250792986382707
MAR02687	0.002250792986382707
MAR02690	0.002250792986382707
MAR02693	0.002250792986382707
MAR02699	0.002250792986382707
MAR02702	0.002250792986382707
MAR02705	0.002250792986382707
MAR02708	0.002250792986382707
MAR02711	0.002250792986382707
MAR02714	0.002250792986382707
MAR02717	0.002250792986382707
MAR02720	0.002250792986382707
MAR02726	0.002250792986382707
MAR02730	0.002250792986382707
MAR02733	0.002250792986382707
MAR02736	0.002250792986382707
MAR02739	0.002250792986382707
MAR02742	0.002250792986382707
MAR02746	0.002250792986382707
MAR02752	0.002250792986382707
MAR02755	0.002250792986382707
MAR02759	0.002250792986382707
MAR02762	0.002250792986382707
MAR02768	0.002250792986382707
MAR02771	0.002250792986382707
MAR02774	0.002250792986382707
MAR02877	0.002250792986382707
MAR03032	0.002250792986382707
MAR03521	9.557893847986104e-05
MAR08419	9.557893847986104e-05
MAR00160	0.0016621699730212157
MAR00161	0.002175339456805557
MAR00162	0.0016621699730212157
MAR00163	0.0007854707881355405
MAR02592	0.0016621699730212157
MAR02593	0.002175339456805557
MAR02596	0.0016621699730212157
MAR02598	0.002175339456805557
MAR02600	0.0016621699730212157
MAR02601	0.002175339456805557
MAR02603	0.0016621699730212157
MAR02604	0.002175339456805557
MAR02606	0.0016621699730212157
MAR02607	0.002175339456805557
MAR02609	0.0016621699730212157
MAR02610	0.002175339456805557
MAR02612	0.0016621699730212157
MAR02613	0.002175339456805557
MAR02616	0.0016621699730212157
MAR02618	0.002175339456805557
MAR02621	0.0016621699730212157
MAR02622	0.002175339456805557
MAR02624	0.0016621699730212157
MAR02625	0.002175339456805557
MAR02629	0.0016621699730212157
MAR02630	0.002175339456805557
MAR02634	0.0016621699730212157
MAR02635	0.002175339456805557
MAR02638	0.0016621699730212157
MAR02640	0.002175339456805557
MAR02644	0.0016621699730212157
MAR02646	0.002175339456805557
MAR02649	0.0016621699730212157
MAR02650	0.002175339456805557
MAR02652	0.0016621699730212157
MAR02653	0.002175339456805557
MAR02655	0.0016621699730212157
MAR02656	0.002175339456805557
MAR02658	0.0016621699730212157
MAR02659	0.002175339456805557
MAR02661	0.0016621699730212157
MAR02662	0.002175339456805557
MAR02664	0.0016621699730212157
MAR02665	0.002175339456805557
MAR02667	0.0016621699730212157
MAR02668	0.002175339456805557
MAR02670	0.0016621699730212157
MAR02671	0.002175339456805557
MAR02673	0.0016621699730212157
MAR02674	0.002175339456805557
MAR02676	0.0016621699730212157
MAR02677	0.002175339456805557
MAR02679	0.0016621699730212157
MAR02680	0.002175339456805557
MAR02682	0.0016621699730212157
MAR02683	0.002175339456805557
MAR02685	0.0016621699730212157
MAR02686	0.002175339456805557
MAR02688	0.0016621699730212157
MAR02689	0.002175339456805557
MAR02691	0.0016621699730212157
MAR02692	0.002175339456805557
MAR02695	0.0016621699730212157
MAR02697	0.002175339456805557
MAR02700	0.0016621699730212157
MAR02701	0.002175339456805557
MAR02703	0.0016621699730212157
MAR02704	0.002175339456805557
MAR02706	0.0016621699730212157
MAR02707	0.002175339456805557
MAR02709	0.0016621699730212157
MAR02710	0.002175339456805557
MAR02712	0.0016621699730212157
MAR02713	0.002175339456805557
MAR02715	0.0016621699730212157
MAR02716	0.002175339456805557
MAR02718	0.0016621699730212157
MAR02719	0.002175339456805557
MAR02722	0.0016621699730212157
MAR02724	0.002175339456805557
MAR02727	0.0016621699730212157
MAR02729	0.002175339456805557
MAR02731	0.0016621699730212157
MAR02732	0.002175339456805557
MAR02734	0.0016621699730212157
MAR02735	0.002175339456805557
MAR02737	0.0016621699730212157
MAR02738	0.002175339456805557
MAR02740	0.0016621699730212157
MAR02741	0.002175339456805557
MAR02744	0.0016621699730212157
MAR02745	0.002175339456805557
MAR02748	0.0016621699730212157
MAR02750	0.002175339456805557
MAR02753	0.0016621699730212157
MAR02754	0.002175339456805557
MAR02757	0.0016621699730212157
MAR02758	0.002175339456805557
MAR02760	0.0016621699730212157
MAR02761	0.002175339456805557
MAR02764	0.0016621699730212157
MAR02766	0.002175339456805557
MAR02769	0.0016621699730212157
MAR02770	0.002175339456805557
MAR02772	0.0016621699730212157
MAR02773	0.002175339456805557
MAR02775	0.0016621699730212157
MAR02776	0.002175339456805557
MAR03519	9.557893847986104e-05
MAR03520	9.557893847986104e-05
MAR08417	9.557893847986104e-05
MAR08418	9.557893847986104e-05
MAR03027	9.557893847986104e-05
MAR03028	0.002250792986382707
MAR03029	0.002175339456805557
MAR03030	0.002175339456805557
MAR03033	0.0016621699730212157
MAR03034	0.0007854707881355405
MAR03035	0.0016621699730212157
MAR03037	0.002175339456805557
MAR02778	0.0001612780617576948
MAR02780	0.002175339456805557
MAR02783	0.0016621699730212157
MAR02785	0.002175339456805557
MAR02787	0.0001612780617576948
MAR02788	0.002175339456805557
MAR02789	0.0001612780617576948
MAR02790	0.002175339456805557
MAR02791	0.0001612780617576948
MAR02792	0.002175339456805557
MAR02793	0.0001612780617576948
MAR02794	0.002175339456805557
MAR02795	0.0001612780617576948
MAR02796	0.002175339456805557
MAR02797	0.0001612780617576948
MAR02798	0.002175339456805557
MAR02799	0.0001612780617576948
MAR02800	0.002175339456805557
MAR02801	0.0001612780617576948
MAR02803	0.002175339456805557
MAR02805	0.0001612780617576948
MAR02806	0.002175339456805557
MAR02807	0.0001612780617576948
MAR02809	0.002175339456805557
MAR02811	0.0001612780617576948
MAR02812	0.002175339456805557
MAR02813	0.0001612780617576948
MAR02814	0.002175339456805557
MAR02815	0.0001612780617576948
MAR02816	0.002175339456805557
MAR02817	0.0001612780617576948
MAR02819	0.002175339456805557
MAR02821	0.0001612780617576948
MAR02822	0.002175339456805557
MAR02823	0.0001612780617576948
MAR02824	0.002175339456805557
MAR02825	0.0001612780617576948
MAR02827	0.002175339456805557
MAR02829	0.0001612780617576948
MAR02830	0.002175339456805557
MAR02831	0.0001612780617576948
MAR02832	0.002175339456805557
MAR02833	0.0001612780617576948
MAR02834	0.002175339456805557
MAR02835	0.0001612780617576948
MAR02836	0.002175339456805557
MAR02837	0.0001612780617576948
MAR02838	0.002175339456805557
MAR02839	0.0001612780617576948
MAR02840	0.002175339456805557
MAR02841	0.0001612780617576948
MAR02842	0.002175339456805557
MAR02843	0.0001612780617576948
MAR02844	0.002175339456805557
MAR02845	0.0001612780617576948
MAR02846	0.002175339456805557
MAR02847	0.0001612780617576948
MAR02848	0.002175339456805557
MAR02849	0.0001612780617576948
MAR02850	0.002175339456805557
MAR02851	0.0001612780617576948
MAR02852	0.002175339456805557
MAR02853	0.0001612780617576948
MAR02854	0.002175339456805557
MAR02855	0.0001612780617576948
MAR02856	0.002175339456805557
MAR02857	0.0001612780617576948
MAR02859	0.002175339456805557
MAR02861	0.0001612780617576948
MAR02862	0.002175339456805557
MAR02863	0.0001612780617576948
MAR02864	0.002175339456805557
MAR02865	0.0001612780617576948
MAR02866	0.002175339456805557
MAR02867	0.0001612780617576948
MAR02868	0.002175339456805557
MAR02869	0.0001612780617576948
MAR02870	0.002175339456805557
MAR02871	0.0001612780617576948
MAR02872	0.002175339456805557
MAR02873	0.0001612780617576948
MAR02874	0.002175339456805557
MAR02875	0.0001612780617576948
MAR02876	0.002175339456805557
MAR02878	0.0001612780617576948
MAR02879	0.002175339456805557
MAR02880	0.0001612780617576948
MAR02882	0.002175339456805557
MAR02884	0.0001612780617576948
MAR02886	0.002175339456805557
MAR02888	0.0001612780617576948
MAR02890	0.002175339456805557
MAR02892	0.0001612780617576948
MAR02894	0.002175339456805557
MAR02896	0.0001612780617576948
MAR02897	0.002175339456805557
MAR02898	0.0001612780617576948
MAR02899	0.002175339456805557
MAR02900	0.0001612780617576948
MAR02901	0.002175339456805557
MAR02902	0.0001612780617576948
MAR02903	0.002175339456805557
MAR02904	0.0001612780617576948
MAR02905	0.002175339456805557
MAR02906	0.002250792986382707
MAR02907	0.0001612780617576948
MAR02908	0.002175339456805557
MAR02909	0.002250792986382707
MAR02910	0.0001612780617576948
MAR02911	0.002175339456805557
MAR02912	0.002250792986382707
MAR02913	0.0001612780617576948
MAR02914	0.002175339456805557
MAR02915	0.002250792986382707
MAR02916	0.0001612780617576948
MAR02917	0.002175339456805557
MAR02918	0.002250792986382707
MAR02919	0.0001612780617576948
MAR02920	0.002175339456805557
MAR02921	0.002250792986382707
MAR02922	0.0001612780617576948
MAR02923	0.002175339456805557
MAR02924	0.002250792986382707
MAR02925	0.0001612780617576948
MAR02926	0.002175339456805557
MAR02927	0.002250792986382707
MAR02928	0.0001612780617576948
MAR02929	0.002175339456805557
MAR02930	0.002250792986382707
MAR02931	0.0001612780617576948
MAR02932	0.002175339456805557
MAR00001	0.007133733751261522
MAR00002	3.6276342614344565e-05
MAR00003	0.003431721208304854
MAR00005	0.007133733751261522
MAR00449	0.0016679746028935762
MAR00604	0.0010576334315604875
MAR00605	0.0010399851970024348
MAR00665	0.003431721208304854
MAR00667	0.003431721208304854
MAR00668	0.003431721208304854
MAR00669	0.003431721208304854
MAR00670	0.003431721208304854
MAR00671	0.003431721208304854
MAR00672	0.003431721208304854
MAR00679	0.007133733751261522
MAR00680	0.007133733751261522
MAR00681	0.007133733751261522
MAR00682	0.007133733751261522
MAR00683	0.007133733751261522
MAR00684	0.007133733751261522
MAR07588	0.0026016577572665054
MAR03053	9.557893847986104e-05
MAR03054	9.557893847986104e-05
MAR03055	9.557893847986104e-05
MAR03057	0.0010245859174407399
MAR03058	0.007214411000678574
MAR03059	0.0009635221075194156
MAR03060	0.0006909932461764258
MAR03062	0.0010245859174407399
MAR03063	0.007214411000678574
MAR03064	0.0009635221075194156
MAR03065	0.0006909932461764258
MAR03066	0.0010245859174407399
MAR03067	0.007214411000678574
MAR03068	0.0009635221075194156
MAR03069	0.0006909932461764258
MAR03070	0.0010245859174407399
MAR03071	0.007214411000678574
MAR03072	0.0009635221075194156
MAR03073	0.0006909932461764258
MAR03074	0.0010245859174407399
MAR03075	0.007214411000678574
MAR03076	0.0009635221075194156
MAR03077	0.0006909932461764258
MAR03078	0.0010245859174407399
MAR03079	0.007214411000678574
MAR03080	0.0009635221075194156
MAR03081	0.0006909932461764258
MAR03082	0.0010245859174407399
MAR03083	0.007214411000678574
MAR03084	0.0009635221075194156
MAR03085	0.0006909932461764258
MAR03086	0.0010245859174407399
MAR03087	0.007214411000678574
MAR03088	0.0009635221075194156
MAR03089	0.0006909932461764258
MAR03090	0.0010245859174407399
MAR03091	0.007214411000678574
MAR03092	0.0009635221075194156
MAR03093	0.0006909932461764258
MAR03094	0.0010245859174407399
MAR03095	0.007214411000678574
MAR03096	0.0009635221075194156
MAR03097	0.0006909932461764258
MAR03098	0.0010245859174407399
MAR03099	0.007214411000678574
MAR03100	0.0009635221075194156
MAR03101	0.0006909932461764258
MAR03102	0.0010245859174407399
MAR03103	0.007214411000678574
MAR03104	0.0009635221075194156
MAR03106	9.557893847986104e-05
MAR03056	9.557893847986104e-05
MAR03326	0.0010245859174407399
MAR03327	0.007214411000678574
MAR03328	0.0009635221075194156
MAR03329	0.0006909932461764258
MAR03330	0.0010245859174407399
MAR03331	0.007214411000678574
MAR03332	0.0009635221075194156
MAR03333	0.0006909932461764258
MAR03334	0.0010245859174407399
MAR03335	0.007214411000678574
MAR03336	0.0009635221075194156
MAR03337	0.0006909932461764258
MAR03338	0.0010245859174407399
MAR03339	0.007214411000678574
MAR03340	0.0009635221075194156
MAR03341	0.0006909932461764258
MAR03342	0.0010245859174407399
MAR03343	0.007214411000678574
MAR03344	0.0009635221075194156
MAR03345	0.0006909932461764258
MAR03346	0.0010245859174407399
MAR03347	0.007214411000678574
MAR03348	0.0009635221075194156
MAR03349	0.0006909932461764258
MAR03350	0.0010245859174407399
MAR03351	0.007214411000678574
MAR03352	0.0009635221075194156
MAR03353	0.0006909932461764258
MAR03355	0.007214411000678574
MAR03365	0.007214411000678574
MAR03367	0.0009635221075194156
MAR03368	0.0006909932461764258
MAR03370	0.007214411000678574
MAR03372	0.0009635221075194156
MAR03373	0.0006909932461764258
MAR03375	0.007214411000678574
MAR03478	9.557893847986104e-05
MAR03480	4.794678506223223e-05
MAR03481	0.0009300958286037477
MAR03482	4.794678506223223e-05
MAR03484	0.0015487568359631861
MAR03486	0.0008515221800177082
MAR03488	0.0015487568359631861
MAR03491	0.00012746176633884353
MAR03493	4.794678506223223e-05
MAR03498	0.0010245859174407399
MAR03501	0.007214411000678574
MAR03503	0.0009635221075194156
MAR03505	0.0006909932461764258
MAR03506	0.0010245859174407399
MAR03508	0.007214411000678574
MAR03509	0.0009635221075194156
MAR03510	0.0006909932461764258
MAR03511	0.00012746176633884353
MAR03512	0.0010245859174407399
MAR03513	0.007214411000678574
MAR03514	0.0009635221075194156
MAR03515	0.0006909932461764258
MAR03517	0.0027777433838666616
MAR03302	0.007214411000678574
MAR03304	0.0009635221075194156
MAR03305	0.0006909932461764258
MAR03307	0.007214411000678574
MAR03309	0.0009635221075194156
MAR03310	0.0006909932461764258
MAR03312	0.007214411000678574
MAR03314	0.0009635221075194156
MAR03315	0.0006909932461764258
MAR03316	0.007214411000678574
MAR03317	0.007214411000678574
MAR03319	0.0009635221075194156
MAR03320	0.0006909932461764258
MAR03321	0.0010245859174407399
MAR03323	0.007214411000678574
MAR03107	0.004614502211497646
MAR03108	0.007214411000678574
MAR03109	0.007214411000678574
MAR03110	0.007214411000678574
MAR03111	0.004614502211497646
MAR03112	0.007214411000678574
MAR03113	0.007214411000678574
MAR03114	0.007214411000678574
MAR03115	0.004614502211497646
MAR03116	0.007214411000678574
MAR03117	0.007214411000678574
MAR03118	0.007214411000678574
MAR03121	0.004614502211497646
MAR03122	0.007214411000678574
MAR03123	0.007214411000678574
MAR03125	0.007214411000678574
MAR03128	0.004614502211497646
MAR03129	0.007214411000678574
MAR03130	0.007214411000678574
MAR03132	0.007214411000678574
MAR03135	0.004614502211497646
MAR03136	0.01059310380647674
MAR03137	0.007214411000678574
MAR03139	0.007214411000678574
MAR03142	0.0014112369625000917
MAR03143	0.01059310380647674
MAR03144	0.007214411000678574
MAR03146	0.007214411000678574
MAR03149	0.0014112369625000917
MAR03150	0.01059310380647674
MAR03151	0.007214411000678574
MAR03153	0.007214411000678574
MAR03156	0.0010245859174407399
MAR03157	0.01059310380647674
MAR03158	0.007214411000678574
MAR03160	0.007214411000678574
MAR03398	0.01059310380647674
MAR03406	0.01059310380647674
MAR03407	0.01059310380647674
MAR03408	0.01059310380647674
MAR03409	0.01059310380647674
MAR03411	0.01059310380647674
MAR03413	0.01059310380647674
MAR03414	0.01059310380647674
MAR03416	0.01059310380647674
MAR03421	0.01059310380647674
MAR03423	0.01059310380647674
MAR03424	0.01059310380647674
MAR03425	0.01059310380647674
MAR09719	0.01059310380647674
MAR03427	0.01059310380647674
MAR03428	0.01059310380647674
MAR03429	0.01059310380647674
MAR03430	0.01059310380647674
MAR03431	0.01059310380647674
MAR03432	0.01059310380647674
MAR03433	0.01059310380647674
MAR03170	0.004614502211497646
MAR03171	0.007214411000678574
MAR03172	0.007214411000678574
MAR03173	0.007214411000678574
MAR03174	0.004614502211497646
MAR03175	0.007214411000678574
MAR03176	0.007214411000678574
MAR03177	0.007214411000678574
MAR03178	0.004614502211497646
MAR03179	0.007214411000678574
MAR03180	0.007214411000678574
MAR03181	0.007214411000678574
MAR03182	0.004614502211497646
MAR03183	0.007214411000678574
MAR03184	0.007214411000678574
MAR03185	0.007214411000678574
MAR03186	0.004614502211497646
MAR03187	0.007214411000678574
MAR03188	0.007214411000678574
MAR03189	0.007214411000678574
MAR03190	0.0014112369625000917
MAR03191	0.01059310380647674
MAR03192	0.007214411000678574
MAR03193	0.007214411000678574
MAR03194	0.0014112369625000917
MAR03195	0.01059310380647674
MAR03196	0.007214411000678574
MAR03197	0.007214411000678574
MAR03198	0.0014112369625000917
MAR03199	0.01059310380647674
MAR03200	0.007214411000678574
MAR03201	0.007214411000678574
MAR03202	0.0004789352917909352
MAR03203	0.01059310380647674
MAR03204	0.007214411000678574
MAR03205	0.007214411000678574
MAR03396	9.557893847986104e-05
MAR03397	9.557893847986104e-05
MAR03240	0.004614502211497646
MAR03241	0.007214411000678574
MAR03242	0.007214411000678574
MAR03243	0.007214411000678574
MAR03244	0.004614502211497646
MAR03245	0.007214411000678574
MAR03246	0.007214411000678574
MAR03247	0.007214411000678574
MAR03250	0.004614502211497646
MAR03252	0.007214411000678574
MAR03254	0.007214411000678574
MAR03256	0.007214411000678574
MAR03258	0.004614502211497646
MAR03260	0.007214411000678574
MAR03262	0.007214411000678574
MAR03264	0.007214411000678574
MAR03272	0.0016947374463374579
MAR03356	0.0010245859174407399
MAR03357	0.007214411000678574
MAR03358	0.0009635221075194156
MAR03359	0.0006909932461764258
MAR03360	0.0010245859174407399
MAR03361	0.007214411000678574
MAR03362	0.0009635221075194156
MAR03363	0.0006909932461764258
MAR03218	0.004614502211497646
MAR03219	0.007214411000678574
MAR03220	0.007214411000678574
MAR03221	0.007214411000678574
MAR03222	0.004614502211497646
MAR03223	0.007214411000678574
MAR03224	0.007214411000678574
MAR03225	0.007214411000678574
MAR03226	0.004614502211497646
MAR03227	0.007214411000678574
MAR03228	0.007214411000678574
MAR03229	0.007214411000678574
MAR03230	0.004614502211497646
MAR03231	0.007214411000678574
MAR03232	0.007214411000678574
MAR03233	0.007214411000678574
MAR03234	0.004614502211497646
MAR03235	0.007214411000678574
MAR03236	0.007214411000678574
MAR03237	0.007214411000678574
MAR03239	0.0016947374463374579
MAR03275	0.004614502211497646
MAR03277	0.007214411000678574
MAR03278	0.007214411000678574
MAR03279	0.007214411000678574
MAR03280	0.004614502211497646
MAR03281	0.007214411000678574
MAR03282	0.007214411000678574
MAR03283	0.007214411000678574
MAR03284	0.004614502211497646
MAR03285	0.007214411000678574
MAR03286	0.007214411000678574
MAR03287	0.007214411000678574
MAR03288	0.0016947374463374579
MAR03290	0.01059310380647674
MAR03292	0.007214411000678574
MAR03293	0.007214411000678574
MAR03294	0.004614502211497646
MAR03298	0.0016947374463374579
MAR01174	0.007214411000678574
MAR01175	0.0010245859174407399
MAR01176	0.0023434872855688112
MAR01177	0.007214411000678574
MAR01178	0.007214411000678574
MAR01179	0.007214411000678574
MAR01180	0.0010245859174407399
MAR01181	0.0023434872855688112
MAR01182	0.007214411000678574
MAR01183	0.007214411000678574
MAR01184	0.007214411000678574
MAR01216	0.007214411000678574
MAR01217	0.0010245859174407399
MAR01218	0.0023434872855688112
MAR01219	0.007214411000678574
MAR01220	0.007214411000678574
MAR01221	0.007214411000678574
MAR01222	0.0023434872855688112
MAR01223	0.0010245859174407399
MAR01224	0.007214411000678574
MAR01225	0.007214411000678574
MAR01226	0.007214411000678574
MAR03522	0.0009257828821778846
MAR03523	0.01059310380647674
MAR03524	0.007214411000678574
MAR03525	0.007214411000678574
MAR03526	0.00012746176633884353
MAR03527	0.0009257828821778846
MAR03528	0.01059310380647674
MAR03529	0.007214411000678574
MAR03530	0.007214411000678574
MAR03531	0.0009257828821778846
MAR03532	0.01059310380647674
MAR03533	0.007214411000678574
MAR03534	0.007214411000678574
MAR01573	3.6276342614344565e-05
MAR06901	0.0009959030009236926
MAR06903	0.0008741398552017581
MAR06904	0.0001397731970636748
MAR06905	0.0008179144634587897
MAR06906	9.557893847986104e-05
MAR06907	0.0001397731970636748
MAR06908	0.0014598718075178947
MAR06909	0.00044785951837210836
MAR06910	0.0008179144634587897
MAR07165	9.557893847986104e-05
MAR07166	0.0005557846006677802
MAR07167	0.0050800153592315414
MAR07168	0.005464070729742494
MAR07169	9.557893847986104e-05
MAR07170	0.005029764367953635
MAR09722	0.042219988956610124
MAR01920	0.0011219716951190145
MAR01924	0.006449299946793307
MAR01926	9.557893847986104e-05
MAR01927	0.0002577451916288153
MAR01928	5.5207207607883963e-05
MAR01929	5.5207207607883963e-05
MAR01931	0.02019762338275996
MAR01932	5.5207207607883963e-05
MAR01933	3.6276342614344565e-05
MAR01934	5.5207207607883963e-05
MAR01935	5.5207207607883963e-05
MAR01940	3.922812221801619e-05
MAR01941	3.6276342614344565e-05
MAR01942	3.6276342614344565e-05
MAR01943	5.0539807832855716e-05
MAR01948	3.922812221801619e-05
MAR01949	3.6276342614344565e-05
MAR01950	3.6276342614344565e-05
MAR01951	3.6276342614344565e-05
MAR01989	3.6276342614344565e-05
MAR01990	3.922812221801619e-05
MAR01991	3.6276342614344565e-05
MAR01992	3.922812221801619e-05
MAR01993	3.6276342614344565e-05
MAR02002	0.0007036231331822365
MAR02003	0.0008728988132386788
MAR02004	3.6276342614344565e-05
MAR02005	3.922812221801619e-05
MAR02007	3.922812221801619e-05
MAR02009	3.6276342614344565e-05
MAR02010	3.6276342614344565e-05
MAR02011	3.6276342614344565e-05
MAR04766	3.660178057173086e-05
MAR06793	3.664494197239443e-05
MAR06794	3.664494197239443e-05
MAR06795	3.664494197239443e-05
MAR06796	3.664494197239443e-05
MAR07648	3.660178057173086e-05
MAR07928	3.922812221801619e-05
MAR07930	3.6276342614344565e-05
MAR07931	3.6276342614344565e-05
MAR07932	3.922812221801619e-05
MAR07934	3.6276342614344565e-05
MAR07935	5.5207207607883963e-05
MAR07936	3.6276342614344565e-05
MAR07937	3.6276342614344565e-05
MAR07938	3.6276342614344565e-05
MAR07939	3.6276342614344565e-05
MAR07940	0.0009987007789029466
MAR07941	0.0009987007789029466
MAR07942	0.00012119140499386476
MAR07943	3.948753437279638e-05
MAR07945	0.0011219716951190145
MAR07948	0.0011219716951190145
MAR07950	0.0011219716951190145
MAR07952	0.0011219716951190145
MAR07954	3.6276342614344565e-05
MAR07955	0.0003135326603956178
MAR07957	0.0009987007789029466
MAR07958	3.6276342614344565e-05
MAR07959	3.6276342614344565e-05
MAR07962	3.6276342614344565e-05
MAR07965	3.6276342614344565e-05
MAR07968	0.0013433259032388347
MAR02041	0.0013433259032388347
MAR07970	0.00023523956916055003
MAR07971	3.6276342614344565e-05
MAR07972	3.6276342614344565e-05
MAR07973	3.6276342614344565e-05
MAR07974	3.6276342614344565e-05
MAR07976	0.000823603866732933
MAR07978	3.6276342614344565e-05
MAR07980	3.6276342614344565e-05
MAR07984	3.6276342614344565e-05
MAR07987	3.6276342614344565e-05
MAR01944	3.6276342614344565e-05
MAR01945	3.6276342614344565e-05
MAR01952	3.8286985369689875e-05
MAR01953	0.0011219716951190145
MAR01958	3.6276342614344565e-05
MAR01959	4.864487439145912e-05
MAR01960	4.864487439145912e-05
MAR01962	3.8286985369689875e-05
MAR01963	0.0011219716951190145
MAR01967	3.6276342614344565e-05
MAR01968	3.6276342614344565e-05
MAR01969	3.6276342614344565e-05
MAR01970	3.6276342614344565e-05
MAR01971	3.6276342614344565e-05
MAR01973	0.0013433259032388347
MAR01974	0.0013433259032388347
MAR01976	0.0007036231331822365
MAR01977	0.0007036231331822365
MAR01978	3.6276342614344565e-05
MAR01982	3.6276342614344565e-05
MAR01983	3.6276342614344565e-05
MAR02014	3.811081846495397e-05
MAR02015	0.0007036231331822365
MAR02016	0.0008728988132386788
MAR02017	0.0008728988132386788
MAR02018	0.0008728988132386788
MAR02019	0.0008728988132386788
MAR02020	0.0011219716951190145
MAR02022	3.6276342614344565e-05
MAR02024	3.6276342614344565e-05
MAR02025	0.0011219716951190145
MAR01440	0.001575350058992593
MAR01445	0.0006352712574063787
MAR01448	0.0024804352360767025
MAR01454	0.0024425044506469137
MAR01465	0.004829279227490768
MAR01467	0.004829279227490768
MAR01470	0.0024328610839376816
MAR01473	0.004555137422559215
MAR01477	0.0007822755684802931
MAR01478	0.0007822755684802931
MAR01479	0.0007822755684802931
MAR01484	0.0011596728412912255
MAR01490	0.004593403649843027
MAR01493	0.004593403649843027
MAR01494	0.004593403649843027
MAR01495	0.002839115432013596
MAR01496	0.002839115432013596
MAR01500	0.00023523956916055003
MAR01502	0.004593403649843027
MAR01503	0.004593403649843027
MAR01504	0.004593403649843027
MAR01505	0.002839115432013596
MAR01509	0.00023523956916055003
MAR01512	0.002412005588415444
MAR01516	0.0015660074430516283
MAR01519	0.003291797825164858
MAR01526	0.010225283040281927
MAR01533	0.010225283040281927
MAR01557	0.0015660074430516283
MAR01558	0.0015660074430516283
MAR01565	0.003291797825164858
MAR01535	0.010225283040281927
MAR01536	0.0007822755684802931
MAR01538	0.0007822755684802931
MAR01539	0.0007822755684802931
MAR01540	0.0011596728412912255
MAR01543	0.004593403649843027
MAR01544	0.004593403649843027
MAR01545	0.004593403649843027
MAR01546	0.002839115432013596
MAR01547	0.00023523956916055003
MAR01548	0.004593403649843027
MAR01549	0.004593403649843027
MAR01550	0.004593403649843027
MAR01551	0.002839115432013596
MAR01552	0.00023523956916055003
MAR01553	0.002412005588415444
MAR01437	0.0013312218846307222
MAR01451	0.0014467045949402427
MAR01457	0.002019456394720068
MAR01460	0.002019456394720068
MAR01531	0.000959700705498406
MAR01570	0.010225283040281927
MAR01576	0.0004996329348595181
MAR01577	0.0008379724703208686
MAR03105	0.0018761009078185485
MAR04630	0.001575350058992593
MAR02029	0.0009987007789029466
MAR02030	0.0009987007789029466
MAR02031	0.0009987007789029466
MAR02032	0.0009987007789029466
MAR02033	0.0009987007789029466
MAR02034	0.0009987007789029466
MAR02036	0.0013433259032388347
MAR02037	5.014344373440404e-05
MAR02038	0.0011219716951190145
MAR02042	0.0009987007789029466
MAR02043	0.0009987007789029466
MAR02044	0.004577253862306015
MAR02045	0.004577253862306015
MAR02046	3.6276342614344565e-05
MAR02047	3.6276342614344565e-05
MAR02048	0.004577253862306015
MAR02049	3.6276342614344565e-05
MAR02050	3.6276342614344565e-05
MAR02051	3.6276342614344565e-05
MAR02052	0.004577253862306015
MAR02053	0.0009987007789029466
MAR02054	0.0009987007789029466
MAR02055	3.6276342614344565e-05
MAR02056	3.6276342614344565e-05
MAR02057	3.6276342614344565e-05
MAR02058	0.004577253862306015
MAR02059	0.004577253862306015
MAR02060	0.004577253862306015
MAR02061	0.014320334611927306
MAR02062	0.014320334611927306
MAR02063	0.014320334611927306
MAR02064	9.557893847986104e-05
MAR02068	0.025396105754569336
MAR02069	0.025396105754569336
MAR02070	0.025396105754569336
MAR02071	0.025396105754569336
MAR02072	0.025396105754569336
MAR02073	0.025396105754569336
MAR02074	0.025396105754569336
MAR02075	0.025396105754569336
MAR02076	0.014320334611927306
MAR02077	0.014320334611927306
MAR02078	0.014320334611927306
MAR02079	9.557893847986104e-05
MAR02083	0.025396105754569336
MAR02084	0.025396105754569336
MAR02085	0.025396105754569336
MAR02086	0.025396105754569336
MAR02088	0.014320334611927306
MAR02089	0.014320334611927306
MAR02091	9.557893847986104e-05
MAR02095	0.025396105754569336
MAR02096	0.025396105754569336
MAR02097	0.025396105754569336
MAR02098	0.025396105754569336
MAR02099	0.014320334611927306
MAR02100	0.014320334611927306
MAR02102	9.557893847986104e-05
MAR02106	0.025396105754569336
MAR02107	0.025396105754569336
MAR02108	0.025396105754569336
MAR02109	0.025396105754569336
MAR02110	0.025396105754569336
MAR02111	0.025396105754569336
MAR02112	0.025396105754569336
MAR02113	0.025396105754569336
MAR03537	9.557893847986104e-05
MAR03538	0.008134773497636695
MAR03539	0.008134773497636695
MAR03540	0.008134773497636695
MAR03541	0.008134773497636695
MAR03542	0.008134773497636695
MAR03543	0.008134773497636695
MAR03544	0.008134773497636695
MAR03545	0.008134773497636695
MAR03546	0.008134773497636695
MAR03547	0.008134773497636695
MAR03548	0.008134773497636695
MAR03549	0.008134773497636695
MAR03550	0.008134773497636695
MAR03551	0.008134773497636695
MAR03552	0.008134773497636695
MAR03553	0.008134773497636695
MAR03554	0.008134773497636695
MAR03555	0.008134773497636695
MAR03556	0.008134773497636695
MAR03557	0.008134773497636695
MAR03558	0.008134773497636695
MAR03559	0.008134773497636695
MAR03560	0.008134773497636695
MAR03561	0.008134773497636695
MAR03562	0.008134773497636695
MAR03563	0.008134773497636695
MAR03564	0.008134773497636695
MAR03565	0.008134773497636695
MAR03566	0.008134773497636695
MAR03567	0.008134773497636695
MAR03568	0.008134773497636695
MAR03569	0.008134773497636695
MAR03570	0.008134773497636695
MAR03571	0.008134773497636695
MAR03572	0.008134773497636695
MAR03573	0.008134773497636695
MAR03574	0.008134773497636695
MAR03575	0.008134773497636695
MAR03576	0.008134773497636695
MAR03577	0.008134773497636695
MAR03578	0.008134773497636695
MAR03579	0.008134773497636695
MAR03580	0.008134773497636695
MAR03581	0.008134773497636695
MAR03582	0.008134773497636695
MAR03583	0.008134773497636695
MAR03584	0.008134773497636695
MAR03585	0.008134773497636695
MAR03586	0.008134773497636695
MAR03587	0.008134773497636695
MAR03588	0.008134773497636695
MAR03589	0.008134773497636695
MAR03590	0.008134773497636695
MAR03591	0.008134773497636695
MAR03592	0.008134773497636695
MAR03593	0.008134773497636695
MAR03594	0.008134773497636695
MAR03595	0.008134773497636695
MAR03596	0.008134773497636695
MAR03622	9.557893847986104e-05
MAR03625	0.0030204477143407726
MAR03626	0.0030204477143407726
MAR03627	0.0030204477143407726
MAR03628	0.0030204477143407726
MAR03629	0.0030204477143407726
MAR03630	0.0030204477143407726
MAR03631	0.0030204477143407726
MAR03632	0.0030204477143407726
MAR03633	0.0030204477143407726
MAR03634	0.0030204477143407726
MAR03635	0.0030204477143407726
MAR03636	0.0030204477143407726
MAR03637	0.0030204477143407726
MAR03638	0.0030204477143407726
MAR03639	0.0030204477143407726
MAR03640	0.0030204477143407726
MAR03641	0.0030204477143407726
MAR03642	0.0030204477143407726
MAR03643	0.0030204477143407726
MAR03644	0.0030204477143407726
MAR03645	0.0030204477143407726
MAR03646	0.0030204477143407726
MAR03647	0.0030204477143407726
MAR03648	0.0030204477143407726
MAR03649	0.0030204477143407726
MAR03650	0.0030204477143407726
MAR03651	0.0030204477143407726
MAR03652	0.0030204477143407726
MAR03653	0.0030204477143407726
MAR03654	0.0030204477143407726
MAR03655	0.0030204477143407726
MAR03656	0.0030204477143407726
MAR03657	0.0030204477143407726
MAR03658	0.0030204477143407726
MAR03659	0.0030204477143407726
MAR03660	0.0030204477143407726
MAR03661	0.0030204477143407726
MAR03662	0.0030204477143407726
MAR03663	0.0030204477143407726
MAR03664	0.0030204477143407726
MAR03665	0.0030204477143407726
MAR03666	0.0030204477143407726
MAR03667	0.0030204477143407726
MAR03668	0.0030204477143407726
MAR03669	0.0030204477143407726
MAR03670	0.0030204477143407726
MAR03671	0.0030204477143407726
MAR03672	0.0030204477143407726
MAR03673	0.0030204477143407726
MAR03674	0.0030204477143407726
MAR03675	0.0030204477143407726
MAR03676	0.0030204477143407726
MAR03677	0.0030204477143407726
MAR03678	0.0030204477143407726
MAR03679	0.0030204477143407726
MAR03680	0.0030204477143407726
MAR03681	0.0030204477143407726
MAR03682	0.0030204477143407726
MAR03683	0.0030204477143407726
MAR03684	0.008134773497636695
MAR03685	0.008134773497636695
MAR03686	0.008134773497636695
MAR03687	0.008134773497636695
MAR03688	0.008134773497636695
MAR03689	0.008134773497636695
MAR03690	0.008134773497636695
MAR03691	0.008134773497636695
MAR03692	0.008134773497636695
MAR03693	0.008134773497636695
MAR03694	0.008134773497636695
MAR03695	0.008134773497636695
MAR03696	0.008134773497636695
MAR03697	0.008134773497636695
MAR03698	0.008134773497636695
MAR03699	0.008134773497636695
MAR03700	0.008134773497636695
MAR03701	0.008134773497636695
MAR03702	0.008134773497636695
MAR03703	0.008134773497636695
MAR03704	0.008134773497636695
MAR03705	0.008134773497636695
MAR03706	0.008134773497636695
MAR03707	0.008134773497636695
MAR03708	0.008134773497636695
MAR03709	0.008134773497636695
MAR03710	0.008134773497636695
MAR03711	0.008134773497636695
MAR03712	0.008134773497636695
MAR03713	0.008134773497636695
MAR03714	0.008134773497636695
MAR03715	0.008134773497636695
MAR03716	0.008134773497636695
MAR03717	0.008134773497636695
MAR03718	0.008134773497636695
MAR03719	0.008134773497636695
MAR03720	0.008134773497636695
MAR03721	0.008134773497636695
MAR03722	0.008134773497636695
MAR03723	0.008134773497636695
MAR03724	0.008134773497636695
MAR03725	0.008134773497636695
MAR03726	0.008134773497636695
MAR03727	0.008134773497636695
MAR03728	0.008134773497636695
MAR03729	0.008134773497636695
MAR03730	0.008134773497636695
MAR03731	0.008134773497636695
MAR03732	0.008134773497636695
MAR03733	0.008134773497636695
MAR03734	0.008134773497636695
MAR03735	0.008134773497636695
MAR03736	0.008134773497636695
MAR03737	0.008134773497636695
MAR03738	0.008134773497636695
MAR03739	0.008134773497636695
MAR03740	0.008134773497636695
MAR03741	0.008134773497636695
MAR03742	0.008134773497636695
MAR00715	0.014093980408526476
MAR00716	0.002419765575570167
MAR00733	0.002419765575570167
MAR00735	0.0009514648450919897
MAR00736	0.0009514648450919897
MAR00738	0.002449550079998282
MAR00741	0.0016758561716616574
MAR00744	0.011837434565892403
MAR00746	0.0018862433733384306
MAR00748	0.0009329132328676118
MAR00750	0.004214997234207882
MAR00753	0.002419765575570167
MAR00754	0.014093980408526476
MAR00758	0.004214997234207882
MAR00760	0.0027822609302350153
MAR00761	0.002733876619557665
MAR00762	0.011040555257071823
MAR00763	9.557893847986104e-05
MAR00765	0.00743291798720289
MAR00766	0.00354326294118644
MAR00767	0.0033285102615284463
MAR00773	0.011837434565892403
MAR00775	0.0018862433733384306
MAR00779	0.0009329132328676118
MAR00781	9.557893847986104e-05
MAR00783	0.0018862433733384306
MAR00795	0.008521137974569638
MAR08147	3.6276342614344565e-05
MAR08148	0.0010264323696869985
MAR08149	0.0008168450872935483
MAR08150	3.6276342614344565e-05
MAR08151	3.6276342614344565e-05
MAR08152	3.6276342614344565e-05
MAR08155	0.0016634897942764387
MAR08156	4.508245900611855e-05
MAR08159	4.508245900611855e-05
MAR08162	3.666811461705689e-05
MAR08165	0.00011855259444196649
MAR08166	0.00017874615821023677
MAR08167	0.0016634897942764387
MAR08168	0.001201990165947864
MAR08169	4.508245900611855e-05
MAR08170	4.508245900611855e-05
MAR08171	3.867804998291948e-05
MAR08172	4.508245900611855e-05
MAR08173	3.6276342614344565e-05
MAR08174	4.508245900611855e-05
MAR08175	4.2806102419138095e-05
MAR08176	4.508245900611855e-05
MAR08177	3.867804998291948e-05
MAR08178	4.2806102419138095e-05
MAR08179	3.666811461705689e-05
MAR08180	3.867804998291948e-05
MAR08181	3.867804998291948e-05
MAR08182	3.867804998291948e-05
MAR08183	3.867804998291948e-05
MAR08184	0.00012756116253222904
MAR08185	0.00017874615821023677
MAR08186	0.00017874615821023677
MAR08187	0.00017874615821023677
MAR08188	0.0016634897942764387
MAR08189	0.0016634897942764387
MAR08190	0.00011855259444196649
MAR08191	0.00011855259444196649
MAR08192	0.00011855259444196649
MAR08194	3.6276342614344565e-05
MAR08197	9.557893847986104e-05
MAR08198	0.0001370017510685652
MAR08201	0.0019711363609176825
MAR00786	0.00354326294118644
MAR08206	3.6276342614344565e-05
MAR08209	0.002332060843266905
MAR08210	0.000693735009839181
MAR08211	0.002419765575570167
MAR08212	3.6276342614344565e-05
MAR08217	0.0030287448557742703
MAR08219	0.014093980408526476
MAR08220	0.014093980408526476
MAR08221	4.891965051666103e-05
MAR08224	0.0003612229893429793
MAR08226	0.0003612229893429793
MAR08227	0.0003612229893429793
MAR08228	0.0003612229893429793
MAR08233	0.0029905043919851407
MAR08235	0.0029905043919851407
MAR08237	0.0009329132328676118
MAR08238	0.0009329132328676118
MAR08242	4.4049611256760924e-05
MAR08245	9.557893847986104e-05
MAR08246	0.008521137974569638
MAR08248	0.002733876619557665
MAR08249	3.6276342614344565e-05
MAR08250	3.6276342614344565e-05
MAR08251	3.6276342614344565e-05
MAR00453	0.02019762338275996
MAR00456	0.0036992168151469516
MAR00458	0.02019762338275996
MAR00459	0.0036992168151469516
MAR00463	0.0006085725448143629
MAR00486	0.0017415588990099004
MAR00487	0.0017415588990099004
MAR00488	0.0017415588990099004
MAR00489	0.0017415588990099004
MAR00490	0.0017415588990099004
MAR00491	0.0017415588990099004
MAR00492	0.0017415588990099004
MAR00493	0.0017415588990099004
MAR00494	0.0017415588990099004
MAR00495	0.0017415588990099004
MAR00496	0.0017415588990099004
MAR00497	0.0017415588990099004
MAR00498	0.0017415588990099004
MAR00499	0.0017415588990099004
MAR00500	0.0017415588990099004
MAR00501	0.0017415588990099004
MAR00502	0.0017415588990099004
MAR00503	0.0017415588990099004
MAR00504	0.0017415588990099004
MAR00505	0.0017415588990099004
MAR00506	0.0017415588990099004
MAR00507	0.0017415588990099004
MAR00508	0.0017415588990099004
MAR00509	0.0017415588990099004
MAR00510	0.0017415588990099004
MAR00511	0.0017415588990099004
MAR00512	0.0017415588990099004
MAR00513	0.0017415588990099004
MAR00514	0.0017415588990099004
MAR00515	0.0017415588990099004
MAR00516	0.0017415588990099004
MAR00517	0.0017415588990099004
MAR00518	0.0017415588990099004
MAR00519	0.0017415588990099004
MAR00520	0.0017415588990099004
MAR00521	0.0017415588990099004
MAR00522	0.0017415588990099004
MAR00523	0.0017415588990099004
MAR00524	0.0017415588990099004
MAR00525	0.0017415588990099004
MAR00526	0.0017415588990099004
MAR00527	0.0017415588990099004
MAR00528	0.0017415588990099004
MAR00529	0.0017415588990099004
MAR00530	0.0017415588990099004
MAR00531	0.0017415588990099004
MAR00532	0.0017415588990099004
MAR00533	0.0017415588990099004
MAR00534	0.0017415588990099004
MAR00535	0.0017415588990099004
MAR00536	0.0017415588990099004
MAR00537	0.0017415588990099004
MAR00538	0.0017415588990099004
MAR00539	0.0017415588990099004
MAR00540	0.0017415588990099004
MAR00541	0.0017415588990099004
MAR00542	0.0017415588990099004
MAR00543	0.0017415588990099004
MAR00544	0.0017415588990099004
MAR00588	0.005030838311029448
MAR00596	0.0033285102615284463
MAR00673	0.00039111617833097407
MAR00674	0.00039111617833097407
MAR00675	0.00039111617833097407
MAR00676	0.00039111617833097407
MAR00677	0.00039111617833097407
MAR00678	0.00039111617833097407
MAR04296	3.6276342614344565e-05
MAR04390	0.0002185222216807977
MAR05254	0.0006085725448143629
MAR07599	0.0007938531601650751
MAR00448	0.00066600615461387
MAR00450	0.00066600615461387
MAR00468	0.0010218538323873941
MAR00479	0.00038929171409367
MAR00481	0.00038929171409367
MAR00484	0.0006372422152895091
MAR00579	0.0017415588990099004
MAR00580	0.005030838311029448
MAR00581	0.0008385420757741697
MAR00582	0.0006739306136816587
MAR00584	9.557893847986104e-05
MAR00586	0.000745672600427158
MAR00589	0.005030838311029448
MAR00590	0.005030838311029448
MAR00591	0.005030838311029448
MAR00592	0.005030838311029448
MAR00593	0.005030838311029448
MAR00594	0.005030838311029448
MAR00597	0.0033285102615284463
MAR00598	0.0033285102615284463
MAR00599	0.0033285102615284463
MAR00600	0.0033285102615284463
MAR00601	0.0033285102615284463
MAR00602	0.0033285102615284463
MAR00610	0.005562431677445319
MAR00613	0.005562431677445319
MAR00614	0.0007938531601650751
MAR00615	0.0007938531601650751
MAR00616	0.0016115602662071541
MAR00622	0.0007992224462514896
MAR00623	0.002924216238361001
MAR00625	0.0010218538323873941
MAR00627	0.0016115602662071541
MAR00629	0.0006942405147560971
MAR00630	0.0006085725448143629
MAR00632	0.00177790746056651
MAR00633	0.0039770894725145904
MAR00634	0.0003464307454830212
MAR00635	0.000392899820547542
MAR00636	0.000647263027414062
MAR00638	0.002550435273549851
MAR00640	3.6276342614344565e-05
MAR00641	4.5502991835370154e-05
MAR00642	0.0006942405147560971
MAR00643	0.0006085725448143629
MAR00644	0.00177790746056651
MAR00645	0.0039770894725145904
MAR00646	0.000392899820547542
MAR00647	9.557893847986104e-05
MAR00648	0.0009133251303298719
MAR00649	5.090921082673965e-05
MAR00651	0.0016394928708455244
MAR00653	0.0014360848474103984
MAR00654	0.0014360848474103984
MAR00657	0.0014360848474103984
MAR00659	9.557893847986104e-05
MAR00660	0.0006942405147560971
MAR04627	0.000959700705498406
MAR04838	0.000959700705498406
MAR04839	0.000959700705498406
MAR07591	0.0024401932454608754
MAR07594	0.0009152583938594903
MAR07597	9.557893847986104e-05
MAR07601	9.557893847986104e-05
MAR07611	0.003508170974536895
MAR07612	3.6276342614344565e-05
MAR07613	0.00177790746056651
MAR07755	0.0002754043646058977
MAR08362	3.6276342614344565e-05
MAR08421	4.5502991835370154e-05
MAR08424	5.090921082673965e-05
MAR08518	0.003508170974536895
MAR08519	3.6276342614344565e-05
MAR08521	0.00177790746056651
MAR08522	9.557893847986104e-05
MAR08523	0.0006942405147560971
MAR08525	0.0006942405147560971
MAR09805	3.686348720560759e-05
MAR00815	0.00011855259444196649
MAR00816	0.00017874615821023677
MAR00817	0.0016634897942764387
MAR00819	0.00354326294118644
MAR00820	0.00012756116253222904
MAR00821	0.008578078221247445
MAR00822	3.867804998291948e-05
MAR00823	0.001201990165947864
MAR00824	0.00012756116253222904
MAR00825	0.004783427174428923
MAR00827	0.00011855259444196649
MAR00828	0.008578078221247445
MAR00829	0.00017874615821023677
MAR00830	0.00354326294118644
MAR00837	0.0016634897942764387
MAR00838	0.004783427174428923
MAR00839	3.867804998291948e-05
MAR00840	4.2806102419138095e-05
MAR00841	3.666811461705689e-05
MAR00842	0.00011855259444196649
MAR00843	0.00017874615821023677
MAR00844	0.0016634897942764387
MAR00845	0.004783427174428923
MAR00846	3.867804998291948e-05
MAR00847	0.004783427174428923
MAR00848	4.2806102419138095e-05
MAR00849	0.00012756116253222904
MAR00850	0.004783427174428923
MAR00851	3.666811461705689e-05
MAR00852	3.666811461705689e-05
MAR00853	3.666811461705689e-05
MAR00854	3.666811461705689e-05
MAR00855	3.867804998291948e-05
MAR00856	0.00011855259444196649
MAR00857	0.00017874615821023677
MAR00858	4.508245900611855e-05
MAR00928	3.6276342614344565e-05
MAR00801	0.0010264323696869985
MAR00803	0.0030287448557742703
MAR00805	0.0008168450872935483
MAR00806	0.0008168450872935483
MAR00807	0.008578078221247445
MAR00809	3.6276342614344565e-05
MAR00810	0.0001370017510685652
MAR00811	0.0019711363609176825
MAR00812	0.0016634897942764387
MAR00813	4.891965051666103e-05
MAR00814	3.666811461705689e-05
MAR00859	6.686889608972334e-05
MAR00860	0.0001660757232949945
MAR00861	0.0012368146734420713
MAR00862	4.028505317883865e-05
MAR00863	4.028505317883865e-05
MAR00864	4.891965051666103e-05
MAR00865	0.0001370017510685652
MAR00866	4.891965051666103e-05
MAR00867	3.6276342614344565e-05
MAR00868	3.6276342614344565e-05
MAR00870	4.028505317883865e-05
MAR00871	4.028505317883865e-05
MAR00873	4.028505317883865e-05
MAR00875	0.00522222147262934
MAR00876	0.00015593302716546256
MAR00877	3.666811461705689e-05
MAR00878	0.00019698744790310762
MAR00879	0.0001370017510685652
MAR00880	4.891965051666103e-05
MAR00881	3.6276342614344565e-05
MAR00882	0.00019698744790310762
MAR00883	4.891965051666103e-05
MAR00884	3.6276342614344565e-05
MAR00885	9.557893847986104e-05
MAR00886	4.891965051666103e-05
MAR00887	3.6276342614344565e-05
MAR00888	0.00019698744790310762
MAR00889	0.0016054669571909444
MAR00890	0.00522222147262934
MAR00891	0.0016054669571909444
MAR00892	3.6276342614344565e-05
MAR00893	0.00019698744790310762
MAR00894	0.00019698744790310762
MAR00895	0.00019698744790310762
MAR00896	0.00019698744790310762
MAR00897	0.00019698744790310762
MAR00898	4.891965051666103e-05
MAR00899	0.00019698744790310762
MAR00900	0.00019698744790310762
MAR00901	3.6276342614344565e-05
MAR00902	3.6276342614344565e-05
MAR00903	9.557893847986104e-05
MAR00904	4.891965051666103e-05
MAR00905	3.6276342614344565e-05
MAR00906	9.205136473515278e-05
MAR00907	9.557893847986104e-05
MAR00908	4.891965051666103e-05
MAR00909	4.891965051666103e-05
MAR00910	0.00015593302716546256
MAR00911	0.00019698744790310762
MAR00912	9.557893847986104e-05
MAR00787	0.011040555257071823
MAR00790	0.002332060843266905
MAR00792	3.6276342614344565e-05
MAR00793	0.000693735009839181
MAR00794	0.0011219716951190145
MAR00797	0.008521137974569638
MAR00804	0.008578078221247445
MAR00808	0.008578078221247445
MAR00826	0.004783427174428923
MAR00832	0.00354326294118644
MAR00834	0.004783427174428923
MAR00835	0.003371949039512666
MAR00836	0.008578078221247445
MAR00914	0.000693735009839181
MAR00915	3.6276342614344565e-05
MAR00919	3.6276342614344565e-05
MAR00920	3.6276342614344565e-05
MAR00921	3.6276342614344565e-05
MAR00924	0.00743291798720289
MAR00925	0.00743291798720289
MAR00926	0.00743291798720289
MAR07188	4.0308700398571844e-05
MAR08378	0.0009263187944971346
MAR08379	0.004734582528052928
MAR07185	0.004734582528052928
MAR08380	0.00013831955776469736
MAR07186	0.00013831955776469736
MAR08381	0.0007355907200350787
MAR07187	0.0007355907200350787
MAR08383	0.0008179565503770587
MAR08384	0.0006551309871176608
MAR08385	0.0005522405966158613
MAR08387	0.0006551309871176608
MAR08388	0.0005522405966158613
MAR08389	0.00044910466148973677
MAR08390	0.00044910466148973677
MAR08391	0.000366542904782292
MAR08392	0.000366542904782292
MAR08393	0.0010489289732785536
MAR08394	0.000366542904782292
MAR08395	0.0010489289732785536
MAR08396	0.0010489289732785536
MAR08397	0.000366542904782292
MAR08398	0.0010489289732785536
MAR08399	0.000366542904782292
MAR08401	0.0010489289732785536
MAR08402	0.004931482840450375
MAR08403	0.0002034319212720214
MAR08404	0.004931482840450375
MAR08405	0.0002034319212720214
MAR08406	0.004931482840450375
MAR08407	0.004931482840450375
MAR01979	3.6276342614344565e-05
MAR01980	3.6276342614344565e-05
MAR01981	3.6276342614344565e-05
MAR01985	4.864487439145912e-05
MAR01987	4.864487439145912e-05
MAR01988	3.922812221801619e-05
MAR01995	3.6276342614344565e-05
MAR01996	0.00012119140499386476
MAR01999	4.864487439145912e-05
MAR02000	4.864487439145912e-05
MAR02001	4.864487439145912e-05
MAR01305	0.005747240953765069
MAR01307	0.005747240953765069
MAR01308	0.00011921232697142904
MAR01310	9.557893847986104e-05
MAR01312	0.008771519434265792
MAR01313	4.977106159795156e-05
MAR01315	9.557893847986104e-05
MAR01317	9.557893847986104e-05
MAR01318	9.557893847986104e-05
MAR01319	9.557893847986104e-05
MAR01320	9.557893847986104e-05
MAR01321	0.006393853912000285
MAR01322	9.557893847986104e-05
MAR01323	9.557893847986104e-05
MAR01324	9.557893847986104e-05
MAR01325	0.0008728988132386788
MAR01326	0.0008728988132386788
MAR01327	0.004507179969113983
MAR01328	9.557893847986104e-05
MAR01329	0.0008728988132386788
MAR01330	4.943200397626432e-05
MAR01332	9.557893847986104e-05
MAR01333	9.557893847986104e-05
MAR01334	9.557893847986104e-05
MAR01335	9.557893847986104e-05
MAR01336	9.557893847986104e-05
MAR01337	9.557893847986104e-05
MAR01338	9.557893847986104e-05
MAR01339	4.977106159795156e-05
MAR01341	9.557893847986104e-05
MAR01342	9.557893847986104e-05
MAR01343	9.557893847986104e-05
MAR01344	3.6276342614344565e-05
MAR01345	9.557893847986104e-05
MAR01346	8.211994829928966e-05
MAR01347	8.211994829928966e-05
MAR01350	0.005747240953765069
MAR01352	0.0033285102615284463
MAR01355	9.557893847986104e-05
MAR01356	9.557893847986104e-05
MAR01357	9.557893847986104e-05
MAR01358	9.557893847986104e-05
MAR01359	9.557893847986104e-05
MAR01360	9.557893847986104e-05
MAR01361	9.557893847986104e-05
MAR01362	9.557893847986104e-05
MAR01363	9.557893847986104e-05
MAR01364	9.557893847986104e-05
MAR01365	9.557893847986104e-05
MAR01366	9.557893847986104e-05
MAR01367	0.025396105754569336
MAR01370	0.025396105754569336
MAR01373	9.557893847986104e-05
MAR01374	9.557893847986104e-05
MAR01375	9.557893847986104e-05
MAR01376	9.557893847986104e-05
MAR01379	0.025396105754569336
MAR01382	0.0008728988132386788
MAR01383	9.557893847986104e-05
MAR01384	0.025396105754569336
MAR01387	0.0008728988132386788
MAR01388	3.820018205739367e-05
MAR01389	9.557893847986104e-05
MAR01390	0.005747240953765069
MAR01391	0.005747240953765069
MAR01393	0.005747240953765069
MAR01394	0.008771519434265792
MAR01395	0.006393853912000285
MAR01398	0.025396105754569336
MAR01401	9.557893847986104e-05
MAR01402	9.557893847986104e-05
MAR00703	0.0013154336533388051
MAR00705	0.0026016577572665054
MAR00706	0.0026016577572665054
MAR00708	0.0026016577572665054
MAR07598	0.0033285102615284463
MAR07600	0.0010218538323873941
MAR07602	0.00177790746056651
MAR07603	0.0006085725448143629
MAR07604	0.0007938531601650751
MAR07605	0.0006942405147560971
MAR07606	3.686348720560759e-05
MAR07607	0.003195945477554778
MAR07610	0.0010218538323873941
MAR07614	0.00177790746056651
MAR07615	0.0006085725448143629
MAR07200	0.0017814857977271174
MAR07202	0.001065616663314325
MAR07203	0.002542215031679097
MAR07205	0.003833455196820603
MAR07206	0.002456673541696414
MAR07207	0.0017996644413906884
MAR07208	0.007723828235106151
MAR07209	0.007723828235106151
MAR07210	0.007723828235106151
MAR07211	0.007723828235106151
MAR07212	0.007723828235106151
MAR07213	0.007723828235106151
MAR07214	0.007723828235106151
MAR07215	0.007723828235106151
MAR07216	0.0055615402043078755
MAR07217	0.0007704864779823962
MAR07218	0.0008297804969786856
MAR07219	0.0011710170922618343
MAR07220	4.293644834396788e-05
MAR07221	5.0405150325881506e-05
MAR07222	0.0012666951266634243
MAR07490	9.557893847986104e-05
MAR07491	0.0014002746137444606
MAR07492	0.001683821154640889
MAR07493	0.013725308344202035
MAR07494	0.013725308344202035
MAR07495	0.013725308344202035
MAR07496	0.013725308344202035
MAR07497	9.557893847986104e-05
MAR07498	0.0014002746137444606
MAR07509	0.0014002746137444606
MAR07510	0.0010040774354247086
MAR07519	0.003223448162037498
MAR07520	0.013725308344202035
MAR07521	0.013725308344202035
MAR07522	0.003223448162037498
MAR07534	0.0010040774354247086
MAR07535	0.013725308344202035
MAR07536	0.013725308344202035
MAR07537	0.003223448162037498
MAR07538	0.0010040774354247086
MAR07551	0.0014002746137444606
MAR07552	0.003223448162037498
MAR07553	0.001683821154640889
MAR07554	9.557893847986104e-05
MAR07501	9.557893847986104e-05
MAR07502	0.001809839487784474
MAR07503	0.008578078221247445
MAR07504	0.008578078221247445
MAR07505	0.0018979661467083118
MAR07506	0.001809839487784474
MAR07507	0.008578078221247445
MAR07508	9.557893847986104e-05
MAR07513	9.557893847986104e-05
MAR07514	0.001809839487784474
MAR07515	0.008578078221247445
MAR07516	0.008578078221247445
MAR07517	0.0009071789586623766
MAR07518	0.0007090948462893196
MAR07525	9.557893847986104e-05
MAR07526	0.009095505621440292
MAR07527	0.008578078221247445
MAR07528	0.008578078221247445
MAR07529	0.0018979661467083118
MAR07530	0.009095505621440292
MAR07531	0.008578078221247445
MAR07532	0.008578078221247445
MAR07533	9.557893847986104e-05
MAR07541	9.557893847986104e-05
MAR07542	0.009095505621440292
MAR07543	0.008578078221247445
MAR07544	0.008578078221247445
MAR07545	9.557893847986104e-05
MAR07546	0.0018979661467083118
MAR07547	0.009095505621440292
MAR07548	0.008578078221247445
MAR07549	0.008578078221247445
MAR07550	9.557893847986104e-05
MAR07557	9.557893847986104e-05
MAR07558	0.001809839487784474
MAR07559	0.008578078221247445
MAR07560	0.009095505621440292
MAR07561	0.008578078221247445
MAR07562	0.0018979661467083118
MAR07563	0.008578078221247445
MAR07564	0.001809839487784474
MAR07565	0.009095505621440292
MAR07566	0.008578078221247445
MAR07567	9.557893847986104e-05
MAR07225	0.00010718655842772617
MAR07226	0.009176351896834
MAR07227	0.0012902738783110437
MAR07228	0.0017327199359855748
MAR07229	0.0033110065413757233
MAR07230	0.0007090948462893196
MAR07231	0.009176351896834
MAR07232	0.0012902738783110437
MAR07233	0.0017327199359855748
MAR07234	0.0033110065413757233
MAR07235	0.0018979661467083118
MAR07236	9.557893847986104e-05
MAR07237	0.009176351896834
MAR07238	0.0012902738783110437
MAR07239	0.0017327199359855748
MAR07240	0.0033110065413757233
MAR07241	0.0009071789586623766
MAR07242	0.0007090948462893196
MAR07243	9.557893847986104e-05
MAR07244	0.0012902738783110437
MAR07245	0.0017327199359855748
MAR07246	0.0033110065413757233
MAR07247	0.0009071789586623766
MAR07248	0.0007090948462893196
MAR07249	9.557893847986104e-05
MAR07250	0.0033110065413757233
MAR07251	9.557893847986104e-05
MAR07571	0.0018979661467083118
MAR07572	0.008578078221247445
MAR07573	0.0018979661467083118
MAR07335	0.0012368146734420713
MAR07336	0.0016054669571909444
MAR07337	0.00522222147262934
MAR07338	0.0016054669571909444
MAR07339	0.0007022398083300024
MAR07340	0.00522222147262934
MAR07341	0.0016054669571909444
MAR07342	0.0007022398083300024
MAR07343	0.00522222147262934
MAR07344	0.0016054669571909444
MAR07345	0.0007022398083300024
MAR07346	0.00522222147262934
MAR07347	0.0016054669571909444
MAR07348	0.0007022398083300024
MAR07349	0.00522222147262934
MAR07350	0.0016054669571909444
MAR07351	0.0007022398083300024
MAR07352	0.00522222147262934
MAR07353	0.0016054669571909444
MAR07354	0.0007022398083300024
MAR07355	0.00522222147262934
MAR07356	0.0016054669571909444
MAR07357	0.0007022398083300024
MAR07358	0.00522222147262934
MAR07359	0.0016054669571909444
MAR07360	0.0007022398083300024
MAR07361	0.00522222147262934
MAR07362	0.0016054669571909444
MAR07363	0.0007022398083300024
MAR07364	0.00522222147262934
MAR07365	0.0016054669571909444
MAR07366	0.0007022398083300024
MAR07367	0.00522222147262934
MAR07368	0.0016054669571909444
MAR07369	0.0007022398083300024
MAR07370	0.00522222147262934
MAR07371	0.003223448162037498
MAR07442	0.0016634897942764387
MAR07443	0.00522222147262934
MAR07444	0.0016054669571909444
MAR07445	0.00522222147262934
MAR07446	0.0016054669571909444
MAR07447	0.0007022398083300024
MAR07448	0.00522222147262934
MAR07449	0.0016054669571909444
MAR07450	0.0007022398083300024
MAR07451	0.00522222147262934
MAR07452	0.003223448162037498
MAR07471	0.00522222147262934
MAR07472	0.0016634897942764387
MAR07473	0.0016054669571909444
MAR07474	0.00522222147262934
MAR07475	0.0016054669571909444
MAR07476	0.0007022398083300024
MAR07477	0.00522222147262934
MAR07478	0.0016054669571909444
MAR07479	0.0007022398083300024
MAR07480	0.00522222147262934
MAR07481	0.003223448162037498
MAR07373	0.006912848035315831
MAR07375	0.006912848035315831
MAR07376	0.0013044585186581914
MAR07377	0.00044549005196245966
MAR07378	0.009095505621440292
MAR07379	0.009095505621440292
MAR07380	0.009095505621440292
MAR07381	0.009176351896834
MAR07382	0.008578078221247445
MAR07383	0.008578078221247445
MAR07384	0.009095505621440292
MAR07385	0.009176351896834
MAR07386	0.008578078221247445
MAR07387	0.008578078221247445
MAR07388	0.009095505621440292
MAR07389	0.009176351896834
MAR07390	0.008578078221247445
MAR07391	0.008578078221247445
MAR07392	0.009095505621440292
MAR07393	0.009176351896834
MAR07394	0.008578078221247445
MAR07395	0.008578078221247445
MAR07396	0.009095505621440292
MAR07397	0.009176351896834
MAR07398	0.008578078221247445
MAR07399	0.008578078221247445
MAR07400	0.009095505621440292
MAR07401	0.009176351896834
MAR07402	0.008578078221247445
MAR07403	0.008578078221247445
MAR07404	0.009095505621440292
MAR07405	0.009176351896834
MAR07406	0.008578078221247445
MAR07407	0.008578078221247445
MAR07408	0.009095505621440292
MAR07409	0.009176351896834
MAR07410	0.008578078221247445
MAR07411	0.008578078221247445
MAR07412	0.009095505621440292
MAR07413	0.009176351896834
MAR07414	0.008578078221247445
MAR07415	0.008578078221247445
MAR07416	0.009095505621440292
MAR07417	0.009176351896834
MAR07418	0.008578078221247445
MAR07419	0.008578078221247445
MAR07420	0.009095505621440292
MAR07421	0.009176351896834
MAR07422	0.008578078221247445
MAR07423	0.008578078221247445
MAR07424	0.009095505621440292
MAR07425	0.008578078221247445
MAR07426	0.009095505621440292
MAR07427	0.008578078221247445
MAR07455	0.009095505621440292
MAR07456	0.009095505621440292
MAR07457	0.009095505621440292
MAR07458	0.009176351896834
MAR07459	0.008578078221247445
MAR07460	0.008578078221247445
MAR07461	0.009095505621440292
MAR07462	0.008578078221247445
MAR07463	0.009176351896834
MAR07464	0.008578078221247445
MAR07465	0.009095505621440292
MAR07466	0.008578078221247445
MAR07467	0.009095505621440292
MAR07468	9.557893847986104e-05
MAR07469	0.0019711363609176825
MAR07484	0.009095505621440292
MAR07485	0.009095505621440292
MAR07486	0.009095505621440292
MAR07487	0.009176351896834
MAR07488	0.008578078221247445
MAR07489	0.008578078221247445
MAR08643	0.001179388476858779
MAR08645	0.001179388476858779
MAR08648	3.7931822807873396e-05
MAR01581	3.6276342614344565e-05
MAR01584	0.0004914804072152471
MAR01585	0.0004914804072152471
MAR01589	3.6276342614344565e-05
MAR01590	3.6276342614344565e-05
MAR01592	9.557893847986104e-05
MAR01593	9.557893847986104e-05
MAR01595	3.811081846495397e-05
MAR01598	3.6276342614344565e-05
MAR01599	0.0008728988132386788
MAR01604	0.000959700705498406
MAR01605	0.000959700705498406
MAR01608	0.000959700705498406
MAR01609	0.000959700705498406
MAR01610	0.000959700705498406
MAR01611	0.000959700705498406
MAR01613	0.000959700705498406
MAR01614	0.000959700705498406
MAR01617	9.557893847986104e-05
MAR01619	7.500934570728586e-05
MAR01620	7.500934570728586e-05
MAR01622	0.0009300958286037477
MAR01623	9.557893847986104e-05
MAR01624	7.500934570728586e-05
MAR01625	7.500934570728586e-05
MAR01627	7.500934570728586e-05
MAR01629	3.6276342614344565e-05
MAR01631	3.6276342614344565e-05
MAR01632	0.00012746176633884353
MAR01638	0.0010245859174407399
MAR01642	0.0009635221075194156
MAR01646	0.0009635221075194156
MAR01652	0.0027777433838666616
MAR01659	0.00895232712691497
MAR01660	0.0006473390969686232
MAR01663	0.0006473390969686232
MAR01665	7.500934570728586e-05
MAR01667	3.790593300575469e-05
MAR01668	3.790593300575469e-05
MAR01670	3.790593300575469e-05
MAR01673	3.811081846495397e-05
MAR01676	0.0008728988132386788
MAR01678	3.6276342614344565e-05
MAR01679	9.557893847986104e-05
MAR01681	0.000959700705498406
MAR01682	0.000959700705498406
MAR01684	0.008741871681063187
MAR01685	0.000959700705498406
MAR01687	0.000959700705498406
MAR01689	0.000959700705498406
MAR01691	0.000959700705498406
MAR01692	0.0036992168151469516
MAR01693	0.000959700705498406
MAR01694	0.004911928688028683
MAR01695	9.557893847986104e-05
MAR01696	0.0009300958286037477
MAR01697	7.500934570728586e-05
MAR01699	7.500934570728586e-05
MAR01700	7.500934570728586e-05
MAR01701	9.557893847986104e-05
MAR01702	9.557893847986104e-05
MAR01703	0.00012746176633884353
MAR01704	0.0002054231413864683
MAR01706	0.0009635221075194156
MAR01708	0.0009635221075194156
MAR01710	0.0027777433838666616
MAR01716	0.00279425441236777
MAR01717	9.557893847986104e-05
MAR01718	0.00279425441236777
MAR01720	3.790593300575469e-05
MAR01722	3.790593300575469e-05
MAR01723	3.790593300575469e-05
MAR01725	9.557893847986104e-05
MAR01726	7.500934570728586e-05
MAR01727	7.500934570728586e-05
MAR01729	3.6276342614344565e-05
MAR01730	0.0011219716951190145
MAR01735	3.972443111405603e-05
MAR01737	3.6276342614344565e-05
MAR01738	0.0004914804072152471
MAR01739	3.6276342614344565e-05
MAR01740	3.811081846495397e-05
MAR01741	3.811081846495397e-05
MAR01742	3.6276342614344565e-05
MAR01743	3.6276342614344565e-05
MAR01744	9.557893847986104e-05
MAR01745	9.557893847986104e-05
MAR01746	0.000959700705498406
MAR01747	0.000959700705498406
MAR01748	0.000959700705498406
MAR01749	0.000959700705498406
MAR01750	0.000959700705498406
MAR01751	0.000959700705498406
MAR01752	9.557893847986104e-05
MAR01753	9.557893847986104e-05
MAR01754	7.500934570728586e-05
MAR01756	7.500934570728586e-05
MAR01758	9.557893847986104e-05
MAR01759	9.557893847986104e-05
MAR01760	0.00012746176633884353
MAR01761	0.00012746176633884353
MAR01762	0.000959700705498406
MAR01764	9.557893847986104e-05
MAR01765	5.0539807832855716e-05
MAR01766	0.0004914804072152471
MAR01767	3.6276342614344565e-05
MAR01768	3.811081846495397e-05
MAR01769	3.811081846495397e-05
MAR01770	3.6276342614344565e-05
MAR01771	3.6276342614344565e-05
MAR01772	9.557893847986104e-05
MAR01774	9.557893847986104e-05
MAR01776	4.3096876256706005e-05
MAR01777	5.0539807832855716e-05
MAR01778	0.0004914804072152471
MAR01781	4.3096876256706005e-05
MAR01783	3.6276342614344565e-05
MAR01784	4.3096876256706005e-05
MAR01785	4.3096876256706005e-05
MAR01786	4.3096876256706005e-05
MAR01787	9.557893847986104e-05
MAR01790	0.000959700705498406
MAR01792	0.000959700705498406
MAR01794	0.000959700705498406
MAR01796	0.000959700705498406
MAR01797	0.000959700705498406
MAR01798	0.000959700705498406
MAR01800	0.000959700705498406
MAR01802	0.000959700705498406
MAR01803	0.000959700705498406
MAR01804	0.000959700705498406
MAR01805	0.000959700705498406
MAR01806	0.000959700705498406
MAR01807	0.000959700705498406
MAR01810	3.6276342614344565e-05
MAR01811	0.000959700705498406
MAR01813	0.008741871681063187
MAR01815	3.6276342614344565e-05
MAR01817	3.6276342614344565e-05
MAR01819	3.6276342614344565e-05
MAR01830	3.6276342614344565e-05
MAR01831	3.6276342614344565e-05
MAR01832	7.500934570728586e-05
MAR01833	7.500934570728586e-05
MAR01834	9.557893847986104e-05
MAR01835	3.790593300575469e-05
MAR01836	9.557893847986104e-05
MAR01837	3.790593300575469e-05
MAR01838	3.6276342614344565e-05
MAR01839	3.6276342614344565e-05
MAR01840	3.6276342614344565e-05
MAR01841	3.790593300575469e-05
MAR01842	3.790593300575469e-05
MAR01843	3.6276342614344565e-05
MAR01844	3.790593300575469e-05
MAR01845	3.790593300575469e-05
MAR01846	3.6276342614344565e-05
MAR03799	0.00279425441236777
MAR03908	4.547591862712269e-05
MAR03910	0.00026482770215802414
MAR03911	9.557893847986104e-05
MAR04679	0.0016562992378476103
MAR08063	9.557893847986104e-05
MAR08064	9.557893847986104e-05
MAR08065	0.00026482770215802414
MAR08759	9.557893847986104e-05
MAR01847	0.0011219716951190145
MAR01848	7.500934570728586e-05
MAR01850	9.557893847986104e-05
MAR01852	4.218588474080296e-05
MAR01853	0.0028713418386609657
MAR01854	9.557893847986104e-05
MAR01855	4.218588474080296e-05
MAR01857	9.557893847986104e-05
MAR01859	9.557893847986104e-05
MAR01861	9.557893847986104e-05
MAR01862	4.218588474080296e-05
MAR01863	4.218588474080296e-05
MAR01864	4.218588474080296e-05
MAR01865	4.218588474080296e-05
MAR01866	4.218588474080296e-05
MAR01867	4.218588474080296e-05
MAR01868	0.0010344196485363112
MAR01870	0.0010344196485363112
MAR01872	0.0028713418386609657
MAR01874	0.0010344196485363112
MAR01875	3.733962367199256e-05
MAR01876	3.733962367199256e-05
MAR01877	3.733962367199256e-05
MAR01878	0.00012244352592956603
MAR01879	3.733962367199256e-05
MAR01880	3.733962367199256e-05
MAR01881	3.733962367199256e-05
MAR01882	3.733962367199256e-05
MAR01883	3.733962367199256e-05
MAR01884	3.733962367199256e-05
MAR01885	3.733962367199256e-05
MAR01886	3.733962367199256e-05
MAR01887	3.733962367199256e-05
MAR01888	3.733962367199256e-05
MAR01889	3.733962367199256e-05
MAR01890	3.733962367199256e-05
MAR01891	3.733962367199256e-05
MAR01892	3.733962367199256e-05
MAR01893	3.733962367199256e-05
MAR01894	3.733962367199256e-05
MAR01895	0.0028713418386609657
MAR01896	0.0028713418386609657
MAR01897	0.0028713418386609657
MAR01403	9.557893847986104e-05
MAR01404	9.557893847986104e-05
MAR01405	9.557893847986104e-05
MAR01406	9.557893847986104e-05
MAR01407	9.557893847986104e-05
MAR01408	9.557893847986104e-05
MAR01409	9.557893847986104e-05
MAR01410	9.557893847986104e-05
MAR01411	9.557893847986104e-05
MAR01412	9.557893847986104e-05
MAR01413	9.557893847986104e-05
MAR01414	9.557893847986104e-05
MAR01415	9.557893847986104e-05
MAR01416	9.557893847986104e-05
MAR01417	9.557893847986104e-05
MAR01418	9.557893847986104e-05
MAR01419	9.557893847986104e-05
MAR01420	9.557893847986104e-05
MAR01421	9.557893847986104e-05
MAR01422	9.557893847986104e-05
MAR01423	9.557893847986104e-05
MAR01424	9.557893847986104e-05
MAR01425	9.557893847986104e-05
MAR01426	9.557893847986104e-05
MAR01427	9.557893847986104e-05
MAR01428	9.557893847986104e-05
MAR01429	9.557893847986104e-05
MAR01430	9.557893847986104e-05
MAR01431	9.557893847986104e-05
MAR01432	9.557893847986104e-05
MAR01433	9.557893847986104e-05
MAR08262	4.891965051666103e-05
MAR08263	3.6276342614344565e-05
MAR08264	4.028505317883865e-05
MAR08267	3.6276342614344565e-05
MAR08268	4.028505317883865e-05
MAR08271	4.028505317883865e-05
MAR08275	6.686889608972334e-05
MAR08276	3.6276342614344565e-05
MAR08277	3.6276342614344565e-05
MAR08278	0.0016054669571909444
MAR08279	3.6276342614344565e-05
MAR08280	4.891965051666103e-05
MAR08281	3.6276342614344565e-05
MAR08284	3.6276342614344565e-05
MAR08285	3.6276342614344565e-05
MAR08286	4.891965051666103e-05
MAR08287	3.6276342614344565e-05
MAR08288	3.6276342614344565e-05
MAR08291	4.891965051666103e-05
MAR08292	3.6276342614344565e-05
MAR08293	3.6276342614344565e-05
MAR08294	4.891965051666103e-05
MAR08295	3.6276342614344565e-05
MAR08298	3.6276342614344565e-05
MAR08302	3.6276342614344565e-05
MAR08305	0.0016054669571909444
MAR08306	3.6276342614344565e-05
MAR08307	3.6276342614344565e-05
MAR08308	3.6276342614344565e-05
MAR08309	3.6276342614344565e-05
MAR08316	9.205136473515278e-05
MAR08317	3.6276342614344565e-05
MAR08318	0.0012368146734420713
MAR08319	4.028505317883865e-05
MAR08322	3.6276342614344565e-05
MAR08325	0.00015593302716546256
MAR08326	3.6276342614344565e-05
MAR08327	3.867804998291948e-05
MAR08330	3.6276342614344565e-05
MAR08331	3.6276342614344565e-05
MAR08332	3.6276342614344565e-05
MAR08333	3.6276342614344565e-05
MAR08334	3.6276342614344565e-05
MAR08337	0.00015593302716546256
MAR00712	0.003152287723009534
MAR03992	0.01239448148151581
MAR04228	8.545128632848698e-05
MAR04251	0.0020104736818341174
MAR04252	0.021619163913015663
MAR04253	0.0003565513560428695
MAR04254	0.0007436520796162199
MAR04255	0.0005362393028680132
MAR04257	0.0005763291966891938
MAR04259	9.557893847986104e-05
MAR04260	0.0004646833706226793
MAR04261	0.0004646833706226793
MAR04262	0.0013924821309383743
MAR04263	0.0003445638819719986
MAR04264	0.021619163913015663
MAR04265	0.0003565513560428695
MAR04267	0.0005763291966891938
MAR04268	0.0005410740128058896
MAR04269	0.0017629934901724758
MAR04270	0.0012694457701332724
MAR04271	0.0020121759887183244
MAR04276	0.0005763291966891938
MAR04278	0.0004646833706226793
MAR04662	0.0013219950224381447
MAR07142	0.0012851058599233996
MAR07143	0.0012851058599233996
MAR07623	0.0012434537827969538
MAR07625	0.0012434537827969538
MAR07627	0.0012851058599233996
MAR07676	0.007265967117072243
MAR07677	0.0012732617804930388
MAR07678	0.0012732617804930388
MAR08788	0.0012851058599233996
MAR08790	0.0005763291966891938
MAR08791	0.0013219950224381447
MAR03871	0.002006752623418264
MAR04058	0.002006752623418264
MAR04498	9.557893847986104e-05
MAR04499	9.557893847986104e-05
MAR04500	0.0007858163180911593
MAR04714	0.000901030694972317
MAR04715	0.000901030694972317
MAR04716	9.557893847986104e-05
MAR04717	3.6276342614344565e-05
MAR04718	0.000901030694972317
MAR04723	0.001482219799874297
MAR04725	0.00028608380912595815
MAR04727	0.002006752623418264
MAR04730	0.000901030694972317
MAR04731	0.000901030694972317
MAR04732	0.0005362393028680132
MAR04733	0.00028608380912595815
MAR04734	0.002006752623418264
MAR07731	0.002195463841299415
MAR08792	0.0008155217207806533
MAR00663	0.0025433300180998535
MAR04308	0.0004309066999114738
MAR06539	3.95486762878614e-05
MAR06540	0.00316257103764473
MAR06542	0.0004430813526144543
MAR06543	0.0008122790041446093
MAR06544	0.0006265192375695538
MAR06545	0.007390570820919826
MAR06546	0.0029280625457153934
MAR06547	0.007390570820919826
MAR06548	0.0011401458526002315
MAR06549	0.0007615753227746924
MAR06550	0.001010000254756534
MAR06551	0.0034539060160325387
MAR06552	0.001918318565096047
MAR06553	0.0019510838304729954
MAR06554	0.003299446600720587
MAR06555	0.0006711839547259578
MAR06556	0.001010000254756534
MAR06557	0.007390570820919826
MAR06558	0.001010000254756534
MAR06559	0.0025433300180998535
MAR06560	0.002376615727012709
MAR06561	0.0011247961069652415
MAR06562	0.00316257103764473
MAR06563	0.0010232598210082073
MAR06564	0.0018712257066166704
MAR06565	0.002376615727012709
MAR06566	0.0013650921840045087
MAR06567	0.0013650921840045087
MAR06568	0.0002499258485436345
MAR06569	0.0011247961069652415
MAR06570	0.0007615753227746924
MAR06571	0.00316257103764473
MAR06572	0.0004309066999114738
MAR06573	0.0002499258485436345
MAR06574	0.0002499258485436345
MAR06575	0.0013650921840045087
MAR06576	0.00025454129296943577
MAR06579	0.0034539060160325387
MAR06580	0.0034539060160325387
MAR06581	0.0034539060160325387
MAR06583	0.001010000254756534
MAR06584	0.001010000254756534
MAR06585	0.001010000254756534
MAR06587	0.0004430813526144543
MAR06588	0.0004430813526144543
MAR06589	0.0004430813526144543
MAR06591	0.007390570820919826
MAR06592	0.0034539060160325387
MAR06595	0.0034539060160325387
MAR07652	0.002080700363564947
MAR07654	0.002080700363564947
MAR07655	0.0010164569698981516
MAR07656	0.0006574639556813024
MAR08799	0.0002499258485436345
MAR08800	0.0002499258485436345
MAR08801	9.557893847986104e-05
MAR08802	0.000550994766206006
MAR08803	0.0002499258485436345
MAR08804	0.0002499258485436345
MAR08805	0.0002499258485436345
MAR08806	9.557893847986104e-05
MAR08807	0.001010000254756534
MAR08808	0.007390570820919826
MAR08809	0.000550994766206006
MAR08810	0.0007615753227746924
MAR08811	0.0034539060160325387
MAR08812	0.000550994766206006
MAR08813	0.0034539060160325387
MAR08814	0.0034539060160325387
MAR08815	0.0034539060160325387
MAR08816	0.0006711839547259578
MAR08817	0.001918318565096047
MAR08818	0.0025433300180998535
MAR08819	0.0011401458526002315
MAR08820	9.557893847986104e-05
MAR08821	0.0034539060160325387
MAR08822	0.0025433300180998535
MAR08823	0.00018907422417646226
MAR08824	0.0004430813526144543
MAR08825	0.0011401458526002315
MAR08826	0.003299446600720587
MAR08827	0.0011401458526002315
MAR08829	0.0004430813526144543
MAR08830	0.0029280625457153934
MAR08831	0.0034539060160325387
MAR08833	0.00018907422417646226
MAR08835	0.002080700363564947
MAR08836	0.002080700363564947
MAR03925	0.0028378545000848233
MAR03929	6.219696807226196e-05
MAR03972	9.557893847986104e-05
MAR04332	0.0012280129373616643
MAR04333	0.0012280129373616643
MAR04335	0.0012280129373616643
MAR04336	0.001449050918299922
MAR04338	0.001751637246652094
MAR04340	0.002724731216630526
MAR04440	0.002724731216630526
MAR04442	0.001751637246652094
MAR04444	0.002724731216630526
MAR04446	0.0004141764825137776
MAR04448	0.0004141764825137776
MAR04503	0.001751637246652094
MAR04505	0.002724731216630526
MAR04654	0.0012280129373616643
MAR04655	0.0012280129373616643
MAR04656	0.0012280129373616643
MAR04665	0.004207976068389465
MAR09726	6.219696807226196e-05
MAR04666	0.00010938349583272341
MAR07145	0.0007061940552042364
MAR07146	0.0012278631296190076
MAR07147	0.00022891288919948524
MAR07908	0.0023889543184578877
MAR07909	0.0023889543184578877
MAR07910	0.0023889543184578877
MAR07911	0.0023889543184578877
MAR07912	0.0023889543184578877
MAR07913	0.0023889543184578877
MAR07916	0.002589519446422604
MAR07919	0.002589519446422604
MAR07920	0.002589519446422604
MAR07921	0.002589519446422604
MAR07922	0.002589519446422604
MAR07925	0.002589519446422604
MAR08105	0.0023889543184578877
MAR08106	0.0023889543184578877
MAR08107	0.0023889543184578877
MAR08108	0.0023889543184578877
MAR08109	0.0023889543184578877
MAR08110	0.0023889543184578877
MAR08112	0.0023889543184578877
MAR08113	0.0023889543184578877
MAR08114	0.0023889543184578877
MAR08115	0.0023889543184578877
MAR08116	0.0023889543184578877
MAR08117	0.0023889543184578877
MAR08129	0.002589519446422604
MAR08130	0.002589519446422604
MAR08132	0.002589519446422604
MAR08133	0.002589519446422604
MAR08135	0.002589519446422604
MAR08136	0.002589519446422604
MAR08137	0.002589519446422604
MAR08138	0.002589519446422604
MAR08139	0.002589519446422604
MAR08140	0.002589519446422604
MAR08141	0.002589519446422604
MAR08142	0.002589519446422604
MAR08143	0.00010938349583272341
MAR08144	0.001751637246652094
MAR08758	0.001449050918299922
MAR07661	0.0007492737243990373
MAR07662	0.0007492737243990373
MAR07663	0.0007492737243990373
MAR07668	0.0007421125885718461
MAR07669	9.557893847986104e-05
MAR07670	0.0007421125885718461
MAR07671	9.557893847986104e-05
MAR07672	0.0009977484531406818
MAR07673	0.0009977484531406818
MAR04160	0.00020023225965686318
MAR04162	0.00020023225965686318
MAR04163	0.00203157983825864
MAR04165	0.0028437005094011716
MAR04166	0.0028437005094011716
MAR04167	0.0028437005094011716
MAR04169	0.00020023225965686318
MAR04170	0.00020023225965686318
MAR04523	0.0028378545000848233
MAR04539	0.0021495810547000225
MAR04540	0.0021495810547000225
MAR04541	0.0021495810547000225
MAR04542	0.0021495810547000225
MAR04543	0.0021495810547000225
MAR04544	0.0021495810547000225
MAR04816	0.0002185222216807977
MAR04817	0.00020023225965686318
MAR04818	0.00020023225965686318
MAR04833	0.00020023225965686318
MAR04834	0.00020023225965686318
MAR04835	0.00020023225965686318
MAR04836	0.00020023225965686318
MAR08538	0.0021495810547000225
MAR08738	0.00203157983825864
MAR08739	0.0028437005094011716
MAR08740	9.557893847986104e-05
MAR06393	9.557893847986104e-05
MAR06394	9.557893847986104e-05
MAR06396	0.006213438404577145
MAR06405	0.008134773497636695
MAR08345	9.557893847986104e-05
MAR08346	0.000523320886430189
MAR08348	9.557893847986104e-05
MAR08349	0.0036992168151469516
MAR08619	9.557893847986104e-05
MAR08620	9.557893847986104e-05
MAR08621	9.557893847986104e-05
MAR08622	9.557893847986104e-05
MAR08623	9.557893847986104e-05
MAR08624	9.557893847986104e-05
MAR08625	9.557893847986104e-05
MAR03991	0.14885723191338174
MAR04657	0.005490148075296662
MAR04744	0.0012520215449300346
MAR04746	0.0007208265594612659
MAR04748	0.0009085101654369714
MAR04750	0.0056588947395301206
MAR04752	0.0017582196770818622
MAR04755	0.00025152378338289075
MAR04757	0.00025152378338289075
MAR04762	0.002870837593426471
MAR04763	0.026811363416287908
MAR04764	0.004197029181800973
MAR04768	9.557893847986104e-05
MAR04769	9.557893847986104e-05
MAR04770	9.557893847986104e-05
MAR04771	9.557893847986104e-05
MAR04772	0.0056588947395301206
MAR04773	9.557893847986104e-05
MAR06395	0.010823486341553964
MAR08634	0.004197029181800973
MAR09717	9.557893847986104e-05
MAR06630	0.0028371280491606187
MAR06631	0.008741871681063187
MAR06632	0.0028371280491606187
MAR06633	0.008741871681063187
MAR06634	3.732471752892845e-05
MAR06635	0.0010399851970024348
MAR06636	0.003431721208304854
MAR06637	3.6276342614344565e-05
MAR06638	0.0009599269352607866
MAR06639	0.0010399851970024348
MAR06640	0.006393853912000285
MAR06641	5.32836959112207e-05
MAR06642	5.32836959112207e-05
MAR06643	3.707423512758538e-05
MAR06644	0.0009599269352607866
MAR06645	3.707423512758538e-05
MAR06646	0.008273002404402353
MAR06647	0.008273002404402353
MAR06648	3.931300785356138e-05
MAR06649	3.931300785356138e-05
MAR06650	3.707423512758538e-05
MAR06651	3.707423512758538e-05
MAR06652	0.008273002404402353
MAR06653	3.931300785356138e-05
MAR06654	3.931300785356138e-05
MAR06655	3.931300785356138e-05
MAR06656	3.931300785356138e-05
MAR06657	0.0009987007789029466
MAR06658	0.0009987007789029466
MAR06659	9.557893847986104e-05
MAR06660	9.557893847986104e-05
MAR06661	3.6276342614344565e-05
MAR06662	9.557893847986104e-05
MAR06663	9.557893847986104e-05
MAR06664	5.32836959112207e-05
MAR06665	5.32836959112207e-05
MAR06666	3.660178057173086e-05
MAR06667	3.660178057173086e-05
MAR06668	3.660178057173086e-05
MAR06669	3.660178057173086e-05
MAR06670	0.008741871681063187
MAR06671	0.0010399851970024348
MAR06672	9.557893847986104e-05
MAR06673	9.557893847986104e-05
MAR06674	0.008273002404402353
MAR06675	0.008273002404402353
MAR06676	0.008273002404402353
MAR06677	3.732471752892845e-05
MAR06678	3.732471752892845e-05
MAR06679	3.660178057173086e-05
MAR06680	3.660178057173086e-05
MAR06681	5.32836959112207e-05
MAR06682	5.32836959112207e-05
MAR06683	5.32836959112207e-05
MAR06684	5.32836959112207e-05
MAR06685	3.660178057173086e-05
MAR06686	3.660178057173086e-05
MAR06687	5.32836959112207e-05
MAR06690	9.557893847986104e-05
MAR06691	9.557893847986104e-05
MAR06692	9.557893847986104e-05
MAR06693	9.557893847986104e-05
MAR06694	9.557893847986104e-05
MAR06695	9.557893847986104e-05
MAR06697	9.557893847986104e-05
MAR06699	9.557893847986104e-05
MAR06700	3.732471752892845e-05
MAR06701	3.732471752892845e-05
MAR06702	5.32836959112207e-05
MAR06703	5.32836959112207e-05
MAR06704	3.660178057173086e-05
MAR06705	3.660178057173086e-05
MAR08697	3.6276342614344565e-05
MAR08698	9.557893847986104e-05
MAR08699	9.557893847986104e-05
MAR08700	3.836046988293143e-05
MAR08702	9.557893847986104e-05
MAR08703	9.557893847986104e-05
MAR08704	9.557893847986104e-05
MAR08706	9.557893847986104e-05
MAR08709	0.0009599269352607866
MAR08710	7.403921869474871e-05
MAR08711	9.557893847986104e-05
MAR08712	9.557893847986104e-05
MAR08713	3.6276342614344565e-05
MAR08717	3.6276342614344565e-05
MAR06506	0.0015746829751074561
MAR06507	0.0012694457701332724
MAR06508	0.0008181092115908372
MAR06509	0.0005362393028680132
MAR06510	9.557893847986104e-05
MAR06511	0.004197029181800973
MAR04537	3.837815597677617e-05
MAR04545	3.6276342614344565e-05
MAR04546	3.7606339398465684e-05
MAR04547	3.6276342614344565e-05
MAR04548	0.00021360852549992204
MAR04549	0.0055615402043078755
MAR04550	3.796989731327333e-05
MAR04551	9.557893847986104e-05
MAR04552	9.557893847986104e-05
MAR04553	9.557893847986104e-05
MAR04554	9.557893847986104e-05
MAR04555	5.113912025248904e-05
MAR04556	5.113912025248904e-05
MAR04557	3.796989731327333e-05
MAR04558	0.0003131970097675702
MAR04559	0.0036992168151469516
MAR04560	0.0012732617804930388
MAR04561	0.008741871681063187
MAR04563	0.004577253862306015
MAR04564	3.6276342614344565e-05
MAR04204	8.430093823506024e-05
MAR04206	8.430093823506024e-05
MAR04207	0.0004071689432283432
MAR04208	0.00022057943130407236
MAR08744	0.00022057943130407236
MAR08746	0.002355974984659841
MAR08748	9.557893847986104e-05
MAR08613	9.557893847986104e-05
MAR08615	0.00045100967065214053
MAR08616	0.00045100967065214053
MAR04064	0.00028100911425332157
MAR04065	0.0017402662939756744
MAR04066	0.0017402662939756744
MAR04067	0.0005739943804924017
MAR04068	0.0017402662939756744
MAR04069	0.0005739943804924017
MAR04070	0.0005739943804924017
MAR04071	0.0005739943804924017
MAR08102	0.0012732617804930388
MAR08724	0.00028100911425332157
MAR08725	0.00028100911425332157
MAR02114	9.557893847986104e-05
MAR02115	0.00016976413223491907
MAR02117	0.000959700705498406
MAR02118	7.161421546922191e-05
MAR02129	0.0002577451916288153
MAR02130	0.0002577451916288153
MAR02131	0.0002577451916288153
MAR02132	0.0002577451916288153
MAR02133	0.0002577451916288153
MAR02134	0.0002577451916288153
MAR02135	0.0002577451916288153
MAR02136	0.0002577451916288153
MAR02137	4.000702422375633e-05
MAR02138	4.000702422375633e-05
MAR02139	4.000702422375633e-05
MAR02140	4.000702422375633e-05
MAR02142	0.0002577451916288153
MAR02143	0.0002577451916288153
MAR02144	0.0002577451916288153
MAR02145	0.0002577451916288153
MAR07996	0.000959700705498406
MAR07999	4.000702422375633e-05
MAR08003	9.557893847986104e-05
MAR08004	7.161421546922191e-05
MAR08005	9.557893847986104e-05
MAR08006	9.557893847986104e-05
MAR08008	7.161421546922191e-05
MAR08011	9.557893847986104e-05
MAR08012	9.557893847986104e-05
MAR08013	9.557893847986104e-05
MAR08014	9.557893847986104e-05
MAR06423	9.557893847986104e-05
MAR06426	3.6276342614344565e-05
MAR06427	3.6276342614344565e-05
MAR06428	3.6276342614344565e-05
MAR06429	3.6276342614344565e-05
MAR06432	0.01059310380647674
MAR06433	0.01059310380647674
MAR06434	9.557893847986104e-05
MAR06435	0.01059310380647674
MAR06436	0.01059310380647674
MAR06441	3.6276342614344565e-05
MAR06442	3.6276342614344565e-05
MAR06443	3.6276342614344565e-05
MAR06444	3.6276342614344565e-05
MAR06447	9.557893847986104e-05
MAR06448	0.01059310380647674
MAR06450	0.01059310380647674
MAR06451	0.01059310380647674
MAR06453	0.01059310380647674
MAR06456	9.557893847986104e-05
MAR06457	9.557893847986104e-05
MAR06458	9.557893847986104e-05
MAR06459	9.557893847986104e-05
MAR06460	9.557893847986104e-05
MAR06461	9.557893847986104e-05
MAR06464	3.6276342614344565e-05
MAR06465	3.6276342614344565e-05
MAR06466	3.6276342614344565e-05
MAR06467	3.6276342614344565e-05
MAR06470	9.557893847986104e-05
MAR06471	0.01059310380647674
MAR06472	0.01059310380647674
MAR06473	0.01059310380647674
MAR06476	3.6276342614344565e-05
MAR06500	9.557893847986104e-05
MAR06477	3.6276342614344565e-05
MAR06478	3.6276342614344565e-05
MAR06479	3.6276342614344565e-05
MAR06482	9.557893847986104e-05
MAR06484	0.01059310380647674
MAR06486	0.01059310380647674
MAR06488	9.557893847986104e-05
MAR06490	3.660178057173086e-05
MAR06492	0.0018979661467083118
MAR06495	3.660178057173086e-05
MAR06496	0.0018979661467083118
MAR06501	9.557893847986104e-05
MAR06992	0.00021360852549992204
MAR06993	0.00021360852549992204
MAR06994	0.00021360852549992204
MAR06995	0.025396105754569336
MAR06996	0.004087126138873325
MAR06997	9.557893847986104e-05
MAR06998	0.025396105754569336
MAR06999	0.00021360852549992204
MAR07000	0.00021360852549992204
MAR07001	0.00021360852549992204
MAR07002	0.00021360852549992204
MAR07003	0.025396105754569336
MAR07004	0.004087126138873325
MAR07005	0.0008728988132386788
MAR07006	9.557893847986104e-05
MAR07007	9.557893847986104e-05
MAR07008	9.557893847986104e-05
MAR07009	9.557893847986104e-05
MAR07010	9.557893847986104e-05
MAR07011	9.557893847986104e-05
MAR07012	9.557893847986104e-05
MAR07013	0.025396105754569336
MAR07014	0.004087126138873325
MAR07015	9.557893847986104e-05
MAR07016	9.557893847986104e-05
MAR07017	0.00021360852549992204
MAR07018	3.931300785356138e-05
MAR07019	0.00021360852549992204
MAR07020	3.931300785356138e-05
MAR07021	0.00021360852549992204
MAR07022	0.025396105754569336
MAR07023	0.004087126138873325
MAR07024	9.557893847986104e-05
MAR07025	0.003604728917716421
MAR07026	0.003604728917716421
MAR07027	0.003604728917716421
MAR07028	0.003604728917716421
MAR07029	0.025396105754569336
MAR07030	0.00021360852549992204
MAR07031	9.557893847986104e-05
MAR07032	9.557893847986104e-05
MAR07033	0.00021360852549992204
MAR07034	9.557893847986104e-05
MAR07035	0.0010061425608227893
MAR07036	0.00021360852549992204
MAR07037	9.557893847986104e-05
MAR07038	0.008741871681063187
MAR07039	3.660178057173086e-05
MAR07040	0.00021360852549992204
MAR07041	0.025396105754569336
MAR07042	0.004087126138873325
MAR07043	9.557893847986104e-05
MAR07044	4.541777976781661e-05
MAR07045	9.557893847986104e-05
MAR07046	9.557893847986104e-05
MAR07047	9.557893847986104e-05
MAR07048	0.00021360852549992204
MAR07049	9.557893847986104e-05
MAR07050	0.025396105754569336
MAR07051	0.004087126138873325
MAR07052	0.00021360852549992204
MAR07053	0.00021360852549992204
MAR07054	0.00021360852549992204
MAR07055	0.004087126138873325
MAR07056	0.00021360852549992204
MAR07057	3.6276342614344565e-05
MAR07058	0.004087126138873325
MAR07059	0.004507179969113983
MAR07060	0.00021360852549992204
MAR07061	8.24785960390065e-05
MAR07062	9.557893847986104e-05
MAR07063	3.6276342614344565e-05
MAR07064	3.6276342614344565e-05
MAR07065	3.660178057173086e-05
MAR07066	3.660178057173086e-05
MAR07067	9.557893847986104e-05
MAR07068	9.557893847986104e-05
MAR07069	9.557893847986104e-05
MAR07070	9.557893847986104e-05
MAR07071	9.557893847986104e-05
MAR07072	9.557893847986104e-05
MAR07073	9.557893847986104e-05
MAR07074	9.557893847986104e-05
MAR07075	9.557893847986104e-05
MAR07076	9.557893847986104e-05
MAR07077	9.557893847986104e-05
MAR07078	0.00021360852549992204
MAR07079	0.025396105754569336
MAR07080	0.025396105754569336
MAR07081	0.004087126138873325
MAR07082	0.00021360852549992204
MAR07083	0.025396105754569336
MAR07084	0.025396105754569336
MAR07085	9.557893847986104e-05
MAR07086	9.557893847986104e-05
MAR07087	9.557893847986104e-05
MAR07088	0.00021360852549992204
MAR07089	0.025396105754569336
MAR07090	9.557893847986104e-05
MAR07091	0.00021360852549992204
MAR07092	0.025396105754569336
MAR07093	0.025396105754569336
MAR07094	9.557893847986104e-05
MAR07095	9.557893847986104e-05
MAR07096	0.00021360852549992204
MAR07097	0.025396105754569336
MAR07098	9.557893847986104e-05
MAR07099	4.541777976781661e-05
MAR07100	0.025396105754569336
MAR07103	0.025396105754569336
MAR07104	9.557893847986104e-05
MAR07106	9.557893847986104e-05
MAR07688	5.014344373440404e-05
MAR08032	3.6276342614344565e-05
MAR08034	4.541777976781661e-05
MAR08036	3.6276342614344565e-05
MAR08037	3.6276342614344565e-05
MAR08038	3.6276342614344565e-05
MAR08040	7.609324871168869e-05
MAR08043	3.6276342614344565e-05
MAR08046	3.6276342614344565e-05
MAR08049	3.6276342614344565e-05
MAR08052	3.6276342614344565e-05
MAR08055	3.6276342614344565e-05
MAR08059	3.685862074416801e-05
MAR08596	3.6276342614344565e-05
MAR08598	3.6276342614344565e-05
MAR08601	3.6276342614344565e-05
MAR06535	0.014320334611927306
MAR06536	0.014320334611927306
MAR09569	0.002195463841299415
MAR03955	6.798992262621585e-05
MAR03984	0.001910082738100258
MAR04201	0.014320334611927306
MAR04202	0.008741871681063187
MAR05127	9.557893847986104e-05
MAR05128	9.557893847986104e-05
MAR05363	9.557893847986104e-05
MAR07794	0.002188469127539885
MAR08617	9.557893847986104e-05
MAR08752	0.014320334611927306
MAR07741	0.0011237545148320715
MAR09464	0.0010823309669078178
MAR09465	3.6276342614344565e-05
MAR09466	0.002596601727826138
MAR09467	0.002596601727826138
MAR09468	0.0008578800331967888
MAR09469	0.0015218702862783398
MAR09470	0.0005196532285428076
MAR09471	0.0028697193609173188
MAR09472	0.003818123485886286
MAR09473	9.754818168901773e-05
MAR09474	0.004577253862306015
MAR09475	3.6276342614344565e-05
MAR09476	0.0008195663538754097
MAR09477	4.9306775898168e-05
MAR09478	3.6276342614344565e-05
MAR09479	3.6276342614344565e-05
MAR09480	3.6276342614344565e-05
MAR09481	3.6276342614344565e-05
MAR09482	9.754818168901773e-05
MAR09483	3.6276342614344565e-05
MAR09484	0.0031056444223334233
MAR09485	0.0004084946073154816
MAR09487	0.0028462318312647054
MAR09488	0.017778642371995185
MAR09489	9.557893847986104e-05
MAR09490	0.00618414478622036
MAR09491	0.010620014623385897
MAR09492	0.03939925181303692
MAR09493	0.005292081669665896
MAR09494	9.557893847986104e-05
MAR09495	0.0033550187356175673
MAR09496	0.007814324791258659
MAR09497	4.266594767672918e-05
MAR09498	0.0009643375072015662
MAR09499	0.004292210010137892
MAR09500	0.00512773035624595
MAR09501	0.002352243403804232
MAR09502	0.001703968170171087
MAR09503	3.8137553835788446e-05
MAR09504	0.0017094614645932914
MAR09505	0.0008584043426155918
MAR09506	0.001124886414831906
MAR09507	0.0009427793252088489
MAR09508	0.0009427793252088489
MAR09509	0.0008747867188308593
MAR09510	0.0023274607336408256
MAR09511	0.000766444384052945
MAR09512	0.0032763373289805774
MAR09513	0.021417453082476345
MAR09514	0.00021392386191514346
MAR09515	0.00045043251596575467
MAR09516	0.0013269711202589067
MAR09517	0.0004970365736548805
MAR09518	0.0009236982726175592
MAR09519	0.0018602711427916864
MAR09520	0.0006139714512453935
MAR09521	0.000633626381737599
MAR09522	0.002808562958444465
MAR09523	0.00037116375808344144
MAR09524	0.0007136185524241588
MAR09525	3.742498693535619e-05
MAR09527	0.0005435322769896705
MAR09528	0.0013132357995583046
MAR09529	4.415694518777636e-05
MAR09530	0.0013044585186581914
MAR09531	0.0005597536341191264
MAR09532	0.007155994384578346
MAR09534	3.6276342614344565e-05
MAR09535	0.0021459785075541218
MAR09536	0.0005649519693442562
MAR09537	0.0027949683945135604
MAR09538	0.042219988956610124
MAR09539	0.000812392901737592
MAR09540	6.69937638587916e-05
MAR09541	0.0006443970904399429
MAR09542	0.006737405377589891
MAR09543	0.0007131326413140092
MAR09544	0.0008652087229826521
MAR09545	0.02861785110352264
MAR09546	0.0032564995457693606
MAR09547	0.0018332146534258346
MAR09548	0.0008041845022807815
MAR09549	0.0007936932608864815
MAR09550	0.0008526244705271409
MAR09551	0.0011135891560787408
MAR09552	0.0010164569698981516
MAR09553	0.010949644689395157
MAR09801	6.74563615162906e-05
MAR09807	0.0004077362755717817
MAR09554	3.6276342614344565e-05
MAR09555	3.6276342614344565e-05
MAR09556	0.00354326294118644
MAR09557	0.0034878969680939968
MAR09558	0.0016897457628828707
MAR09559	0.002550435273549851
MAR09560	0.0016394928708455244
MAR09561	3.6276342614344565e-05
MAR09562	0.00011236422205655176
MAR09563	0.0036992168151469516
MAR09564	0.0036992168151469516
MAR09565	0.0004752827508982063
MAR09566	0.0005479972406691428
MAR09567	0.0004752827508982063
MAR09568	0.0005479972406691428
MAR09570	0.0031056444223334233
MAR09571	0.0012226912294506559
MAR09572	0.0012226912294506559
MAR09573	3.660178057173086e-05
MAR09574	3.660178057173086e-05
MAR09575	0.0007482421441335683
MAR09580	0.0005732424784289642
MAR09581	6.195657449330166e-05
MAR09582	0.00011500080838495006
MAR09583	6.195657449330166e-05
MAR09584	0.00011500080838495006
MAR09585	0.00036736288727474075
MAR09586	0.0017269646420353113
MAR09587	0.0029949486622326826
MAR09588	3.6276342614344565e-05
MAR09798	9.557893847986104e-05
MAR09806	0.027194462388925547
MAR00010	0.007133733751261522
MAR00011	9.557893847986104e-05
MAR00012	9.557893847986104e-05
MAR00013	3.6276342614344565e-05
MAR00014	3.6276342614344565e-05
MAR00477	9.557893847986104e-05
MAR00545	9.557893847986104e-05
MAR00546	9.557893847986104e-05
MAR00547	9.557893847986104e-05
MAR00548	9.557893847986104e-05
MAR00549	9.557893847986104e-05
MAR00550	9.557893847986104e-05
MAR00551	9.557893847986104e-05
MAR00552	9.557893847986104e-05
MAR00553	9.557893847986104e-05
MAR00555	9.557893847986104e-05
MAR00556	9.557893847986104e-05
MAR00557	9.557893847986104e-05
MAR00558	9.557893847986104e-05
MAR00559	9.557893847986104e-05
MAR00560	9.557893847986104e-05
MAR00561	9.557893847986104e-05
MAR00685	9.557893847986104e-05
MAR00686	9.557893847986104e-05
MAR00687	9.557893847986104e-05
MAR00688	9.557893847986104e-05
MAR00689	9.557893847986104e-05
MAR00690	9.557893847986104e-05
MAR00691	9.557893847986104e-05
MAR00692	9.557893847986104e-05
MAR01185	9.557893847986104e-05
MAR01227	9.557893847986104e-05
MAR05233	9.557893847986104e-05
MAR05234	9.557893847986104e-05
MAR05238	9.557893847986104e-05
MAR05239	9.557893847986104e-05
MAR05243	9.557893847986104e-05
MAR05244	9.557893847986104e-05
MAR05247	9.557893847986104e-05
MAR05257	9.557893847986104e-05
MAR09022	9.557893847986104e-05
MAR00004	9.557893847986104e-05
MAR00006	0.007133733751261522
MAR00007	3.6276342614344565e-05
MAR00008	3.6276342614344565e-05
MAR00009	9.557893847986104e-05
MAR00015	9.557893847986104e-05
MAR00016	9.557893847986104e-05
MAR00017	9.557893847986104e-05
MAR00018	3.6276342614344565e-05
MAR00019	0.0008113368018449337
MAR00155	0.0030308465733567425
MAR00164	0.0030308465733567425
MAR00167	0.0030308465733567425
MAR00170	0.0030308465733567425
MAR00173	0.0030308465733567425
MAR00176	0.0030308465733567425
MAR00179	0.0030308465733567425
MAR00183	0.0030308465733567425
MAR00187	0.0030308465733567425
MAR00190	0.0036152214184963487
MAR00191	0.0030308465733567425
MAR00194	0.0002317192432374349
MAR00195	0.0030308465733567425
MAR00198	0.0002317192432374349
MAR00199	0.0030308465733567425
MAR00202	0.0002317192432374349
MAR00203	0.0030308465733567425
MAR00207	0.0002317192432374349
MAR00208	0.0030308465733567425
MAR00211	0.0002317192432374349
MAR00212	0.0030308465733567425
MAR00215	0.0002317192432374349
MAR00216	0.0030308465733567425
MAR00224	0.0002317192432374349
MAR00225	0.0030308465733567425
MAR00231	0.0002317192432374349
MAR00232	0.0030308465733567425
MAR00235	0.0002317192432374349
MAR00236	0.0030308465733567425
MAR00239	0.0002317192432374349
MAR00240	0.0030308465733567425
MAR00243	0.0002317192432374349
MAR00244	0.0030308465733567425
MAR00247	0.0002317192432374349
MAR00248	0.0030308465733567425
MAR00253	0.0002317192432374349
MAR00254	0.0030308465733567425
MAR00257	0.0002317192432374349
MAR00258	0.0030308465733567425
MAR00261	0.0002317192432374349
MAR00262	0.0030308465733567425
MAR00265	0.0002317192432374349
MAR00266	0.0030308465733567425
MAR00269	0.0002317192432374349
MAR00270	0.0030308465733567425
MAR00273	0.0002317192432374349
MAR00274	0.0030308465733567425
MAR00277	0.0002317192432374349
MAR00278	0.0030308465733567425
MAR00281	0.0002317192432374349
MAR00282	0.0030308465733567425
MAR00287	0.0002317192432374349
MAR00288	0.0030308465733567425
MAR00291	0.0002317192432374349
MAR00292	0.0030308465733567425
MAR00295	0.0002317192432374349
MAR00296	0.0030308465733567425
MAR00299	0.0002317192432374349
MAR00300	0.0030308465733567425
MAR00303	0.0002317192432374349
MAR00304	0.0030308465733567425
MAR00307	0.0002317192432374349
MAR00308	0.0030308465733567425
MAR00311	0.0002317192432374349
MAR00312	0.0030308465733567425
MAR00317	0.0002317192432374349
MAR00318	0.0030308465733567425
MAR00321	0.0002317192432374349
MAR00322	0.0030308465733567425
MAR00325	0.0002317192432374349
MAR00326	0.0030308465733567425
MAR00329	0.0002317192432374349
MAR00330	0.0030308465733567425
MAR00335	0.0002317192432374349
MAR00336	0.0030308465733567425
MAR00339	0.0002317192432374349
MAR00340	0.0030308465733567425
MAR00343	0.0002317192432374349
MAR00344	0.0030308465733567425
MAR00347	0.0002317192432374349
MAR00348	0.0030308465733567425
MAR00351	0.0002317192432374349
MAR00352	0.0030308465733567425
MAR00355	0.0002317192432374349
MAR00356	0.0030308465733567425
MAR00359	0.0002317192432374349
MAR00360	0.0030308465733567425
MAR00363	0.0002317192432374349
MAR00364	0.0030308465733567425
MAR00367	0.0002317192432374349
MAR00368	0.0030308465733567425
MAR00371	0.0002317192432374349
MAR00372	0.0030308465733567425
MAR00375	0.0002317192432374349
MAR00376	0.0030308465733567425
MAR00379	0.0002317192432374349
MAR00380	0.0030308465733567425
MAR00383	0.0002317192432374349
MAR00384	0.0030308465733567425
MAR00387	0.0002317192432374349
MAR00388	0.0030308465733567425
MAR00391	0.0002317192432374349
MAR00392	0.0030308465733567425
MAR00395	0.0002317192432374349
MAR00396	0.0030308465733567425
MAR00399	0.0002317192432374349
MAR00400	0.0030308465733567425
MAR00403	0.0002317192432374349
MAR00404	0.0030308465733567425
MAR00407	0.0002317192432374349
MAR00408	0.0030308465733567425
MAR00411	0.0002317192432374349
MAR00412	0.0030308465733567425
MAR00415	0.0002317192432374349
MAR00416	0.0030308465733567425
MAR00419	0.0002317192432374349
MAR00420	0.0030308465733567425
MAR00423	0.0002317192432374349
MAR00424	0.0030308465733567425
MAR00427	0.0002317192432374349
MAR00428	0.0030308465733567425
MAR00431	0.0002317192432374349
MAR00432	0.0030308465733567425
MAR00435	0.0002317192432374349
MAR00436	0.0030308465733567425
MAR00439	0.0002317192432374349
MAR00440	9.557893847986104e-05
MAR00444	5.7931873212321744e-05
MAR00469	9.557893847986104e-05
MAR00470	5.527342933753391e-05
MAR00476	0.0002317192432374349
MAR00770	0.00423949727505261
MAR00782	9.557893847986104e-05
MAR01082	0.0028713418386609657
MAR01086	3.6276342614344565e-05
MAR01898	3.733962367199256e-05
MAR01899	3.733962367199256e-05
MAR01900	3.733962367199256e-05
MAR01901	3.733962367199256e-05
MAR01902	3.733962367199256e-05
MAR01903	3.733962367199256e-05
MAR01904	3.733962367199256e-05
MAR01905	3.733962367199256e-05
MAR01906	3.733962367199256e-05
MAR01907	3.733962367199256e-05
MAR01908	3.733962367199256e-05
MAR01909	3.733962367199256e-05
MAR01910	9.557893847986104e-05
MAR01911	0.0002317192432374349
MAR01913	9.557893847986104e-05
MAR01914	0.000978212518542127
MAR01919	5.014344373440404e-05
MAR02013	9.557893847986104e-05
MAR03858	0.008298795340716331
MAR03916	0.0036667290733681415
MAR03951	9.557893847986104e-05
MAR03959	9.557893847986104e-05
MAR03964	9.557893847986104e-05
MAR04062	9.557893847986104e-05
MAR04063	9.557893847986104e-05
MAR04249	9.557893847986104e-05
MAR04321	0.0004295003710364889
MAR04432	9.557893847986104e-05
MAR04433	3.6276342614344565e-05
MAR04434	3.6276342614344565e-05
MAR04435	3.6276342614344565e-05
MAR04436	3.6276342614344565e-05
MAR04691	3.766147367563898e-05
MAR04721	0.0007523012096443035
MAR04844	0.005505184627502923
MAR04845	0.00010290312626349616
MAR04847	0.00010520823824990888
MAR04848	0.00010520823824990888
MAR04849	3.703895655749228e-05
MAR04858	0.003946232034113377
MAR04861	0.00022938735750884502
MAR04873	3.6276342614344565e-05
MAR04875	9.557893847986104e-05
MAR04882	0.00010520823824990888
MAR04885	5.7931873212321744e-05
MAR04896	9.557893847986104e-05
MAR04910	0.003965916093245821
MAR04912	0.003965916093245821
MAR04919	9.557893847986104e-05
MAR04928	0.008298795340716331
MAR04931	0.008241100120274902
MAR04932	0.0009210655168939441
MAR04933	0.00021994785965142599
MAR04934	9.557893847986104e-05
MAR04935	0.008298795340716331
MAR04938	9.463595899655304e-05
MAR04939	3.6276342614344565e-05
MAR04946	0.000978212518542127
MAR04947	9.557893847986104e-05
MAR04948	9.557893847986104e-05
MAR04949	3.960149755745553e-05
MAR04952	9.557893847986104e-05
MAR04954	0.005889629295425376
MAR04956	0.0004311274613123249
MAR04958	9.557893847986104e-05
MAR04969	9.557893847986104e-05
MAR04973	0.003946232034113377
MAR04975	3.749413353650434e-05
MAR04976	0.008298795340716331
MAR04980	0.00010520823824990888
MAR04982	9.557893847986104e-05
MAR04983	3.6276342614344565e-05
MAR04985	0.00010520823824990888
MAR04989	9.557893847986104e-05
MAR04990	9.557893847986104e-05
MAR04992	0.0030173813127949258
MAR04993	9.557893847986104e-05
MAR04994	6.195657449330166e-05
MAR04995	9.557893847986104e-05
MAR04996	0.003946232034113377
MAR04999	6.195657449330166e-05
MAR05000	9.557893847986104e-05
MAR05002	9.557893847986104e-05
MAR05003	0.001578228175963674
MAR05005	3.705403365442802e-05
MAR05007	0.0036667290733681415
MAR05008	0.001578228175963674
MAR05009	9.557893847986104e-05
MAR05010	9.557893847986104e-05
MAR05011	9.557893847986104e-05
MAR05013	6.195657449330166e-05
MAR05018	0.008298795340716331
MAR05020	9.557893847986104e-05
MAR05021	0.0009264295493287514
MAR05023	3.6276342614344565e-05
MAR05029	0.003946232034113377
MAR05032	0.001578228175963674
MAR05034	0.001578228175963674
MAR05035	0.001578228175963674
MAR05037	0.001578228175963674
MAR05038	3.6276342614344565e-05
MAR05039	3.6276342614344565e-05
MAR05040	3.6276342614344565e-05
MAR05041	3.6276342614344565e-05
MAR05042	0.001578228175963674
MAR05068	0.004409461738857679
MAR05070	0.008241100120274902
MAR05071	0.004409461738857679
MAR05073	0.008241100120274902
MAR05074	0.008241100120274902
MAR05076	0.008241100120274902
MAR05077	0.008241100120274902
MAR05078	0.008241100120274902
MAR05079	0.008241100120274902
MAR05080	0.008241100120274902
MAR05082	0.008241100120274902
MAR05084	0.008241100120274902
MAR05085	0.008241100120274902
MAR05087	0.006489847777786217
MAR05088	0.008241100120274902
MAR05089	0.008241100120274902
MAR05091	0.008241100120274902
MAR05092	0.008241100120274902
MAR05094	0.004409461738857679
MAR05129	0.00010290312626349616
MAR05198	9.557893847986104e-05
MAR05200	9.557893847986104e-05
MAR05202	9.557893847986104e-05
MAR05206	9.557893847986104e-05
MAR05213	9.557893847986104e-05
MAR05215	9.557893847986104e-05
MAR05216	9.557893847986104e-05
MAR05219	9.557893847986104e-05
MAR05221	9.557893847986104e-05
MAR05231	9.557893847986104e-05
MAR05232	9.557893847986104e-05
MAR05236	9.557893847986104e-05
MAR05237	9.557893847986104e-05
MAR05240	9.557893847986104e-05
MAR05241	0.003859095144683208
MAR05246	0.003859095144683208
MAR05296	9.557893847986104e-05
MAR05303	9.557893847986104e-05
MAR05305	0.019918458466336164
MAR05307	3.837783111354094e-05
MAR05308	0.019918458466336164
MAR05311	0.019918458466336164
MAR05313	3.837783111354094e-05
MAR05314	0.00021009844281734457
MAR05315	0.019918458466336164
MAR05316	0.00021009844281734457
MAR05317	3.6276342614344565e-05
MAR05318	3.6276342614344565e-05
MAR05319	0.019918458466336164
MAR05320	0.019918458466336164
MAR05322	0.019918458466336164
MAR05324	0.019918458466336164
MAR05326	0.019918458466336164
MAR05328	0.0016621699730212157
MAR05330	0.0016621699730212157
MAR05332	5.228435164396269e-05
MAR05333	0.019918458466336164
MAR05335	3.6276342614344565e-05
MAR05429	0.021452264802646396
MAR05430	0.002565923279654898
MAR05432	0.0011619652786931485
MAR05433	0.0008491819535463918
MAR05435	4.218588474080296e-05
MAR05436	4.218588474080296e-05
MAR05437	4.218588474080296e-05
MAR05438	4.218588474080296e-05
MAR05439	4.218588474080296e-05
MAR05440	9.557893847986104e-05
MAR05441	0.0005727322476889996
MAR05442	0.000529445571756936
MAR05443	0.000529445571756936
MAR05444	0.000529445571756936
MAR05445	0.000529445571756936
MAR05446	0.0010344196485363112
MAR05447	0.0009210655168939441
MAR05448	0.00032858383030268286
MAR05450	4.057119336937896e-05
MAR05451	0.0024257105354635335
MAR05454	0.0024257105354635335
MAR05455	0.00047407806359878695
MAR05457	3.6276342614344565e-05
MAR05458	0.008241100120274902
MAR05459	0.006489847777786217
MAR05460	0.008241100120274902
MAR05461	0.006489847777786217
MAR05462	0.006489847777786217
MAR05463	0.006489847777786217
MAR05464	0.006489847777786217
MAR05465	0.008241100120274902
MAR05466	0.006489847777786217
MAR05467	0.006489847777786217
MAR05468	0.006489847777786217
MAR05469	0.006489847777786217
MAR05470	0.008241100120274902
MAR05471	0.006489847777786217
MAR05472	0.006489847777786217
MAR05473	0.008241100120274902
MAR05474	0.006489847777786217
MAR05475	0.006489847777786217
MAR05476	0.006489847777786217
MAR05477	0.006489847777786217
MAR05478	0.006489847777786217
MAR05479	0.006489847777786217
MAR05480	0.006489847777786217
MAR05481	0.006489847777786217
MAR05482	0.006489847777786217
MAR05483	0.006489847777786217
MAR05484	0.006489847777786217
MAR05485	0.006489847777786217
MAR05486	0.006489847777786217
MAR05487	0.008241100120274902
MAR05488	0.006489847777786217
MAR05489	0.006489847777786217
MAR05490	0.006489847777786217
MAR05491	0.006489847777786217
MAR05492	0.008241100120274902
MAR05493	0.006489847777786217
MAR05494	0.006489847777786217
MAR05495	0.006489847777786217
MAR05496	0.006489847777786217
MAR05497	0.008241100120274902
MAR05498	0.006489847777786217
MAR05499	0.006489847777786217
MAR05500	0.006489847777786217
MAR05501	0.006489847777786217
MAR05502	0.006489847777786217
MAR05503	0.006489847777786217
MAR05504	0.006489847777786217
MAR05505	0.006489847777786217
MAR05506	0.006489847777786217
MAR05507	0.006489847777786217
MAR05508	0.006489847777786217
MAR05509	0.006489847777786217
MAR05510	0.006489847777786217
MAR05511	0.006489847777786217
MAR05512	0.006489847777786217
MAR05513	0.006489847777786217
MAR05514	0.006489847777786217
MAR05515	0.006489847777786217
MAR05516	0.008241100120274902
MAR05517	0.006489847777786217
MAR05518	0.006489847777786217
MAR05519	0.006489847777786217
MAR05520	0.006489847777786217
MAR05521	0.006489847777786217
MAR05522	0.006489847777786217
MAR05523	0.006489847777786217
MAR05524	0.006489847777786217
MAR05525	0.006489847777786217
MAR05526	0.006489847777786217
MAR05527	0.006489847777786217
MAR05528	0.006489847777786217
MAR05529	0.006489847777786217
MAR05530	0.006489847777786217
MAR05531	0.006489847777786217
MAR05532	0.006489847777786217
MAR05533	0.006489847777786217
MAR05534	0.006489847777786217
MAR05535	0.006489847777786217
MAR05536	0.006489847777786217
MAR05537	0.006489847777786217
MAR05538	0.006489847777786217
MAR05539	0.006489847777786217
MAR05540	0.006489847777786217
MAR05541	0.006489847777786217
MAR05542	0.006489847777786217
MAR05543	0.006489847777786217
MAR05544	0.006489847777786217
MAR05545	0.006489847777786217
MAR05546	0.006489847777786217
MAR05547	0.006489847777786217
MAR05548	0.006489847777786217
MAR05549	0.006489847777786217
MAR05550	3.733962367199256e-05
MAR05551	0.006489847777786217
MAR05552	0.006489847777786217
MAR05553	0.006489847777786217
MAR05554	0.006489847777786217
MAR05555	0.006489847777786217
MAR05556	0.006489847777786217
MAR05557	0.006489847777786217
MAR05558	0.006489847777786217
MAR05559	0.006489847777786217
MAR05560	0.006489847777786217
MAR05561	0.006489847777786217
MAR05562	0.006489847777786217
MAR05563	0.006489847777786217
MAR05564	0.006489847777786217
MAR05565	0.006489847777786217
MAR05566	0.006489847777786217
MAR05567	0.006489847777786217
MAR05568	0.006489847777786217
MAR05569	0.006489847777786217
MAR05570	0.006489847777786217
MAR05571	0.006489847777786217
MAR05572	0.006489847777786217
MAR05573	0.006489847777786217
MAR05574	0.006489847777786217
MAR05575	0.006489847777786217
MAR05576	0.006489847777786217
MAR05577	0.006489847777786217
MAR05578	0.008241100120274902
MAR05579	0.006489847777786217
MAR05580	0.006489847777786217
MAR05581	0.006489847777786217
MAR05582	0.006489847777786217
MAR05583	0.006489847777786217
MAR05584	0.006489847777786217
MAR05585	0.006489847777786217
MAR05586	0.006489847777786217
MAR05587	0.006489847777786217
MAR05588	0.006489847777786217
MAR05589	0.006489847777786217
MAR05590	0.006489847777786217
MAR05591	0.006489847777786217
MAR05592	0.006489847777786217
MAR05593	0.006489847777786217
MAR05594	0.006489847777786217
MAR05595	0.006489847777786217
MAR05596	0.006489847777786217
MAR05597	0.006489847777786217
MAR05598	0.006489847777786217
MAR05599	0.006489847777786217
MAR05600	0.006489847777786217
MAR05601	0.006489847777786217
MAR05602	0.006489847777786217
MAR05603	0.011433564356961202
MAR05604	0.011433564356961202
MAR05605	0.006489847777786217
MAR05606	0.006489847777786217
MAR05607	0.006489847777786217
MAR05608	0.006489847777786217
MAR05609	0.011433564356961202
MAR05610	0.006489847777786217
MAR05611	0.006489847777786217
MAR05612	0.011433564356961202
MAR05613	0.006489847777786217
MAR05614	0.011433564356961202
MAR05615	0.006489847777786217
MAR05616	0.006489847777786217
MAR05617	0.006489847777786217
MAR05618	0.011433564356961202
MAR05619	0.011433564356961202
MAR05620	0.006489847777786217
MAR05621	0.006489847777786217
MAR05622	0.006489847777786217
MAR05623	0.006489847777786217
MAR05624	0.011433564356961202
MAR05625	0.006489847777786217
MAR05626	0.006489847777786217
MAR05627	0.011433564356961202
MAR05628	0.006489847777786217
MAR05629	0.011433564356961202
MAR05630	0.006489847777786217
MAR05631	0.006489847777786217
MAR05632	0.006489847777786217
MAR05633	0.011433564356961202
MAR05634	0.011433564356961202
MAR05635	0.006489847777786217
MAR05636	0.006489847777786217
MAR05637	0.006489847777786217
MAR05638	0.006489847777786217
MAR05639	0.011433564356961202
MAR05640	0.006489847777786217
MAR05641	0.006489847777786217
MAR05642	0.011433564356961202
MAR05643	0.006489847777786217
MAR05644	0.011433564356961202
MAR05645	0.006489847777786217
MAR05646	0.006489847777786217
MAR05647	0.006489847777786217
MAR05648	0.006489847777786217
MAR05649	0.006489847777786217
MAR05650	0.006489847777786217
MAR05651	0.006489847777786217
MAR05652	0.006489847777786217
MAR05653	0.006489847777786217
MAR05654	0.006489847777786217
MAR05655	0.006489847777786217
MAR05656	0.006489847777786217
MAR05657	0.006489847777786217
MAR05658	0.006489847777786217
MAR05659	0.006489847777786217
MAR05660	0.006489847777786217
MAR05661	0.006489847777786217
MAR05662	0.006489847777786217
MAR05663	0.006489847777786217
MAR05664	0.006489847777786217
MAR05665	0.006489847777786217
MAR05666	0.006489847777786217
MAR05667	0.006489847777786217
MAR05668	0.006489847777786217
MAR05669	0.006489847777786217
MAR05670	0.006489847777786217
MAR05671	0.006489847777786217
MAR05672	0.006489847777786217
MAR05673	0.006489847777786217
MAR05674	0.006489847777786217
MAR05675	0.006489847777786217
MAR05676	0.006489847777786217
MAR05677	0.0009174683612820888
MAR05678	0.0009174683612820888
MAR05679	0.0009174683612820888
MAR05680	0.0009174683612820888
MAR05681	0.0009174683612820888
MAR05682	0.0009174683612820888
MAR05683	0.0009174683612820888
MAR05684	0.0009174683612820888
MAR05685	0.0009174683612820888
MAR05686	0.0009174683612820888
MAR05687	0.0009174683612820888
MAR05688	0.0009174683612820888
MAR05689	0.0009174683612820888
MAR05690	0.0009174683612820888
MAR05691	0.0009174683612820888
MAR05692	0.0009174683612820888
MAR05693	0.0009174683612820888
MAR05694	0.0009174683612820888
MAR05695	0.0009174683612820888
MAR05696	0.0009174683612820888
MAR05697	0.0009174683612820888
MAR05698	0.0009174683612820888
MAR05699	0.0009174683612820888
MAR05700	0.0009174683612820888
MAR05701	0.0009174683612820888
MAR05702	0.0009174683612820888
MAR05703	0.0009174683612820888
MAR05704	0.0009174683612820888
MAR05705	0.0009174683612820888
MAR05706	0.0009174683612820888
MAR05707	0.0009174683612820888
MAR05708	0.011433564356961202
MAR05709	0.011433564356961202
MAR05710	0.011433564356961202
MAR05711	0.0009174683612820888
MAR05712	0.0009174683612820888
MAR05713	0.0009174683612820888
MAR05714	0.0009174683612820888
MAR05715	0.0009174683612820888
MAR05716	0.0009174683612820888
MAR05717	0.011433564356961202
MAR05718	0.0009174683612820888
MAR05719	0.011433564356961202
MAR05720	0.0009174683612820888
MAR05721	0.0009174683612820888
MAR05722	0.0009174683612820888
MAR05723	0.0009174683612820888
MAR05724	0.0009174683612820888
MAR05725	0.0009174683612820888
MAR05726	0.0009174683612820888
MAR05727	0.0009174683612820888
MAR05728	0.0009174683612820888
MAR05729	0.0009174683612820888
MAR05730	0.0009174683612820888
MAR05731	0.0009174683612820888
MAR05732	0.0009174683612820888
MAR05733	0.0009174683612820888
MAR05734	0.0009174683612820888
MAR05735	0.0009174683612820888
MAR05736	0.0009174683612820888
MAR05737	0.0009174683612820888
MAR05738	0.0009174683612820888
MAR05739	0.0009174683612820888
MAR05740	0.0009174683612820888
MAR05741	0.0009174683612820888
MAR05742	0.0009174683612820888
MAR05743	0.0009174683612820888
MAR05744	0.0009174683612820888
MAR05745	0.0009174683612820888
MAR05746	0.0009174683612820888
MAR05747	0.0009174683612820888
MAR05748	0.0009174683612820888
MAR05749	0.0009174683612820888
MAR05750	0.0009174683612820888
MAR05751	0.0009174683612820888
MAR05752	0.0009174683612820888
MAR05753	0.011433564356961202
MAR05754	0.011433564356961202
MAR05755	0.011433564356961202
MAR05756	0.0009174683612820888
MAR05757	0.0009174683612820888
MAR05758	0.0009174683612820888
MAR05759	0.0009174683612820888
MAR05760	0.011433564356961202
MAR05761	0.0009174683612820888
MAR05762	0.0009174683612820888
MAR05763	0.0009174683612820888
MAR05764	0.011433564356961202
MAR05765	0.0009174683612820888
MAR05766	0.0009174683612820888
MAR05767	0.0009174683612820888
MAR05768	0.0009174683612820888
MAR05769	0.0009174683612820888
MAR05770	0.0009174683612820888
MAR05771	0.0009174683612820888
MAR05772	0.0009174683612820888
MAR05773	0.0009174683612820888
MAR05774	0.0009174683612820888
MAR05775	0.0009174683612820888
MAR05776	0.0009174683612820888
MAR05777	0.0009174683612820888
MAR05778	0.0009174683612820888
MAR05779	0.0009174683612820888
MAR05780	0.0009174683612820888
MAR05781	0.0009174683612820888
MAR05782	0.0009174683612820888
MAR05783	0.011433564356961202
MAR05784	0.011433564356961202
MAR05785	0.011433564356961202
MAR05786	0.0009174683612820888
MAR05787	0.0009174683612820888
MAR05788	0.0009174683612820888
MAR05789	0.0009174683612820888
MAR05790	0.011433564356961202
MAR05791	0.0009174683612820888
MAR05792	0.0009174683612820888
MAR05793	0.011433564356961202
MAR05794	0.0009174683612820888
MAR05795	0.0009174683612820888
MAR05796	0.0009174683612820888
MAR05797	0.0009174683612820888
MAR05798	0.0009174683612820888
MAR05799	0.0009174683612820888
MAR05800	0.0009174683612820888
MAR05801	0.0009174683612820888
MAR05802	0.0009174683612820888
MAR05803	0.0009174683612820888
MAR05804	0.0009174683612820888
MAR05805	0.0009174683612820888
MAR05806	0.0009174683612820888
MAR05807	0.0009174683612820888
MAR05808	0.0009174683612820888
MAR05809	0.0009174683612820888
MAR05810	0.0009174683612820888
MAR05811	0.0009174683612820888
MAR05812	0.0009174683612820888
MAR05813	0.0009174683612820888
MAR05814	0.0009174683612820888
MAR05815	0.0009174683612820888
MAR05816	0.0009174683612820888
MAR05817	0.0009174683612820888
MAR05818	0.0009174683612820888
MAR05819	0.0009174683612820888
MAR05820	0.0009174683612820888
MAR05821	0.0009174683612820888
MAR05822	0.0009174683612820888
MAR05823	0.0009174683612820888
MAR05824	0.0009174683612820888
MAR05825	0.0009174683612820888
MAR05826	0.0009174683612820888
MAR05827	0.0009174683612820888
MAR05828	0.0009174683612820888
MAR05829	0.0009174683612820888
MAR05830	0.0009174683612820888
MAR05831	0.0009174683612820888
MAR05832	0.0009174683612820888
MAR05833	0.0009174683612820888
MAR05834	0.0009174683612820888
MAR05835	0.0009174683612820888
MAR05836	0.0009174683612820888
MAR05837	0.0009174683612820888
MAR05838	0.0009174683612820888
MAR05839	0.0009174683612820888
MAR05840	0.0009174683612820888
MAR05841	0.0009174683612820888
MAR05842	0.0009174683612820888
MAR05843	0.0009174683612820888
MAR05844	0.0009174683612820888
MAR05845	0.0009174683612820888
MAR05846	0.0009174683612820888
MAR05847	0.0009174683612820888
MAR05848	0.0009174683612820888
MAR05849	0.0009174683612820888
MAR05850	0.0009174683612820888
MAR05851	0.0009174683612820888
MAR05852	0.0009174683612820888
MAR05853	0.0009174683612820888
MAR05854	0.0009174683612820888
MAR05855	0.0009174683612820888
MAR05856	0.0009174683612820888
MAR05857	0.0009174683612820888
MAR05858	0.0009174683612820888
MAR05859	0.0009174683612820888
MAR05860	0.0009174683612820888
MAR05861	0.0009174683612820888
MAR05862	0.0009174683612820888
MAR05863	0.0009174683612820888
MAR05864	0.0009174683612820888
MAR05865	0.0009174683612820888
MAR05866	0.0009174683612820888
MAR05867	0.0009174683612820888
MAR05868	0.0009174683612820888
MAR05869	0.0009174683612820888
MAR05870	0.0009174683612820888
MAR05871	0.0009174683612820888
MAR05872	0.0009174683612820888
MAR05873	0.008241100120274902
MAR05874	0.0009174683612820888
MAR05875	0.0009174683612820888
MAR05876	0.0009174683612820888
MAR05877	0.0009174683612820888
MAR05878	0.0009174683612820888
MAR05879	0.0009174683612820888
MAR05880	0.0009174683612820888
MAR05881	0.0009174683612820888
MAR05882	0.0009174683612820888
MAR05883	0.0009174683612820888
MAR05884	0.0009174683612820888
MAR05885	0.0009174683612820888
MAR05886	0.0009174683612820888
MAR05887	0.0009174683612820888
MAR05888	0.0009174683612820888
MAR05889	0.0009174683612820888
MAR05890	0.0009174683612820888
MAR05891	0.0009174683612820888
MAR05892	0.0009174683612820888
MAR05893	0.0009174683612820888
MAR05894	0.0009174683612820888
MAR05895	0.0009174683612820888
MAR05896	0.0009174683612820888
MAR05897	0.0009174683612820888
MAR05898	0.0009174683612820888
MAR05899	0.0009174683612820888
MAR05900	0.0009174683612820888
MAR05901	0.0009174683612820888
MAR05902	0.0009174683612820888
MAR05903	0.0009174683612820888
MAR05904	0.0009174683612820888
MAR05905	0.0009174683612820888
MAR05906	0.0009174683612820888
MAR05907	0.0009174683612820888
MAR05908	0.0009174683612820888
MAR05909	0.0009174683612820888
MAR05910	0.0009174683612820888
MAR05911	0.0009174683612820888
MAR05912	0.0009174683612820888
MAR05913	0.0009174683612820888
MAR05914	0.0009174683612820888
MAR05915	0.0009174683612820888
MAR05916	0.0009174683612820888
MAR05917	0.0009174683612820888
MAR05918	0.0009174683612820888
MAR05919	0.0009174683612820888
MAR05920	0.0009174683612820888
MAR05921	0.0009174683612820888
MAR05922	0.0009174683612820888
MAR05923	0.0009174683612820888
MAR05924	0.0009174683612820888
MAR05925	0.0009174683612820888
MAR05926	0.0009174683612820888
MAR05927	0.0009174683612820888
MAR05928	0.0009174683612820888
MAR05929	0.0009174683612820888
MAR05930	0.0009174683612820888
MAR05931	0.0009174683612820888
MAR05932	0.0009174683612820888
MAR05933	0.0009174683612820888
MAR05934	0.0009174683612820888
MAR05935	0.0009174683612820888
MAR05936	0.0009174683612820888
MAR05937	0.0009174683612820888
MAR05938	0.0009174683612820888
MAR05939	0.0009174683612820888
MAR05940	0.0009174683612820888
MAR05941	0.0009174683612820888
MAR05942	0.0009174683612820888
MAR05943	0.0009174683612820888
MAR05944	0.0009174683612820888
MAR05945	0.0009174683612820888
MAR05946	0.0009174683612820888
MAR05947	0.0009174683612820888
MAR05948	0.0009174683612820888
MAR05949	0.0009174683612820888
MAR05950	0.0009174683612820888
MAR05951	0.0009174683612820888
MAR05952	0.0009174683612820888
MAR05953	0.0009174683612820888
MAR05954	0.0009174683612820888
MAR05955	0.0009174683612820888
MAR05956	0.0009174683612820888
MAR05957	0.0009174683612820888
MAR05958	0.0009174683612820888
MAR05959	0.0009174683612820888
MAR05960	0.0009174683612820888
MAR05961	0.0009174683612820888
MAR05962	0.0009174683612820888
MAR05963	0.0009174683612820888
MAR05964	0.0009174683612820888
MAR05965	0.0009174683612820888
MAR05966	0.0009174683612820888
MAR05967	0.0009174683612820888
MAR05968	0.0009174683612820888
MAR05969	0.0009174683612820888
MAR05970	0.0009174683612820888
MAR05971	0.0009174683612820888
MAR05972	0.0009174683612820888
MAR05973	0.0009174683612820888
MAR05974	0.0009174683612820888
MAR05975	0.0009174683612820888
MAR05976	0.0009174683612820888
MAR05977	0.0009174683612820888
MAR05978	0.0009174683612820888
MAR05979	0.0009174683612820888
MAR05980	0.0009174683612820888
MAR05981	0.0009174683612820888
MAR05982	0.0009174683612820888
MAR05983	0.0009174683612820888
MAR05984	0.0009174683612820888
MAR05985	0.0009174683612820888
MAR05986	0.0009174683612820888
MAR05987	0.0007998412529667937
MAR05989	0.006085096573426092
MAR05990	0.002514264676160791
MAR05992	9.463595899655304e-05
MAR05993	9.557893847986104e-05
MAR05994	3.6276342614344565e-05
MAR05995	3.6276342614344565e-05
MAR05996	0.0009174683612820888
MAR05997	3.6276342614344565e-05
MAR05998	0.008298795340716331
MAR06000	0.008298795340716331
MAR06001	0.008298795340716331
MAR06002	0.008298795340716331
MAR06003	0.008298795340716331
MAR06004	0.008298795340716331
MAR06005	0.008298795340716331
MAR06006	0.008298795340716331
MAR06007	0.008298795340716331
MAR06008	0.008298795340716331
MAR06009	0.008298795340716331
MAR06010	0.008298795340716331
MAR06011	0.008298795340716331
MAR06012	0.008298795340716331
MAR06013	0.008298795340716331
MAR06014	0.008298795340716331
MAR06015	0.008298795340716331
MAR06016	0.008298795340716331
MAR06017	0.008298795340716331
MAR06018	0.008298795340716331
MAR06019	0.008298795340716331
MAR06020	0.008298795340716331
MAR06021	0.008298795340716331
MAR06022	0.008298795340716331
MAR06023	0.008298795340716331
MAR06024	0.008298795340716331
MAR06025	0.008298795340716331
MAR06026	0.008298795340716331
MAR06027	0.008298795340716331
MAR06028	0.008298795340716331
MAR06029	0.008298795340716331
MAR06030	0.008298795340716331
MAR06031	0.008298795340716331
MAR06032	0.008298795340716331
MAR06033	0.008298795340716331
MAR06034	0.008298795340716331
MAR06035	0.008298795340716331
MAR06036	0.008298795340716331
MAR06037	0.008298795340716331
MAR06038	0.008298795340716331
MAR06039	0.008298795340716331
MAR06040	0.008298795340716331
MAR06041	0.008298795340716331
MAR06042	0.008298795340716331
MAR06043	0.008298795340716331
MAR06044	0.008298795340716331
MAR06045	0.008298795340716331
MAR06046	0.008298795340716331
MAR06047	0.008298795340716331
MAR06048	0.008298795340716331
MAR06049	0.008298795340716331
MAR06050	0.008298795340716331
MAR06051	0.008298795340716331
MAR06052	0.008298795340716331
MAR06053	0.008298795340716331
MAR06054	0.008298795340716331
MAR06055	0.008220208082514618
MAR06056	0.008220208082514618
MAR06057	3.6276342614344565e-05
MAR06058	3.764518158511556e-05
MAR06059	0.0003967225411859644
MAR06060	3.6276342614344565e-05
MAR06061	3.6276342614344565e-05
MAR06062	3.6276342614344565e-05
MAR06063	3.6276342614344565e-05
MAR06064	3.6276342614344565e-05
MAR06065	3.6276342614344565e-05
MAR06066	3.6276342614344565e-05
MAR06067	3.6276342614344565e-05
MAR06068	3.6276342614344565e-05
MAR06069	3.6276342614344565e-05
MAR06070	3.6276342614344565e-05
MAR06071	3.6276342614344565e-05
MAR06072	3.6276342614344565e-05
MAR06073	3.6276342614344565e-05
MAR06074	3.6276342614344565e-05
MAR06075	3.6276342614344565e-05
MAR06076	3.6276342614344565e-05
MAR06077	3.6276342614344565e-05
MAR06078	3.6276342614344565e-05
MAR06079	3.6276342614344565e-05
MAR06080	3.6276342614344565e-05
MAR06081	3.6276342614344565e-05
MAR06082	3.6276342614344565e-05
MAR06083	3.6276342614344565e-05
MAR06084	3.6276342614344565e-05
MAR06085	3.6276342614344565e-05
MAR06086	3.6276342614344565e-05
MAR06087	3.6276342614344565e-05
MAR06088	3.6276342614344565e-05
MAR06089	3.6276342614344565e-05
MAR06090	3.6276342614344565e-05
MAR06091	3.6276342614344565e-05
MAR06092	3.6276342614344565e-05
MAR06093	3.6276342614344565e-05
MAR06094	3.6276342614344565e-05
MAR06095	3.6276342614344565e-05
MAR06096	0.00012244352592956603
MAR06097	3.6276342614344565e-05
MAR06098	0.00012244352592956603
MAR06099	3.6276342614344565e-05
MAR06100	3.6276342614344565e-05
MAR06101	0.00024727792795658723
MAR06102	3.6276342614344565e-05
MAR06103	3.6276342614344565e-05
MAR06104	3.6276342614344565e-05
MAR06105	3.6276342614344565e-05
MAR06106	3.6276342614344565e-05
MAR06107	3.6276342614344565e-05
MAR06108	3.6276342614344565e-05
MAR06109	3.6276342614344565e-05
MAR06110	3.6276342614344565e-05
MAR06111	3.6276342614344565e-05
MAR06112	3.6276342614344565e-05
MAR06113	3.6276342614344565e-05
MAR06114	3.6276342614344565e-05
MAR06115	3.6276342614344565e-05
MAR06116	3.6276342614344565e-05
MAR06117	3.6276342614344565e-05
MAR06118	3.6276342614344565e-05
MAR06119	3.6276342614344565e-05
MAR06120	3.6276342614344565e-05
MAR06121	3.6276342614344565e-05
MAR06122	3.6276342614344565e-05
MAR06123	3.6276342614344565e-05
MAR06124	3.6276342614344565e-05
MAR06125	3.6276342614344565e-05
MAR06126	3.6276342614344565e-05
MAR06127	3.6276342614344565e-05
MAR06128	3.6276342614344565e-05
MAR06129	0.00024727792795658723
MAR06130	3.6276342614344565e-05
MAR06131	3.6276342614344565e-05
MAR06132	3.6276342614344565e-05
MAR06133	3.6276342614344565e-05
MAR06134	3.6276342614344565e-05
MAR06135	3.6276342614344565e-05
MAR06136	3.6276342614344565e-05
MAR06137	3.6276342614344565e-05
MAR06138	3.6276342614344565e-05
MAR06139	3.6276342614344565e-05
MAR06140	3.6276342614344565e-05
MAR06141	3.6276342614344565e-05
MAR06145	3.6276342614344565e-05
MAR06146	3.6276342614344565e-05
MAR06147	3.6276342614344565e-05
MAR06148	3.6276342614344565e-05
MAR06149	3.6276342614344565e-05
MAR06150	3.6276342614344565e-05
MAR06151	3.6276342614344565e-05
MAR06152	3.6276342614344565e-05
MAR06153	3.6276342614344565e-05
MAR06154	3.6276342614344565e-05
MAR06155	3.6276342614344565e-05
MAR06156	3.6276342614344565e-05
MAR06157	3.6276342614344565e-05
MAR06158	3.6276342614344565e-05
MAR06159	3.6276342614344565e-05
MAR06160	3.6276342614344565e-05
MAR06161	3.6276342614344565e-05
MAR06162	3.6276342614344565e-05
MAR06163	3.6276342614344565e-05
MAR06164	3.6276342614344565e-05
MAR06165	3.6276342614344565e-05
MAR06166	3.6276342614344565e-05
MAR06167	3.6276342614344565e-05
MAR06168	3.6276342614344565e-05
MAR06169	3.6276342614344565e-05
MAR06170	3.6276342614344565e-05
MAR06171	3.6276342614344565e-05
MAR06172	3.6276342614344565e-05
MAR06173	3.6276342614344565e-05
MAR06174	3.6276342614344565e-05
MAR06175	3.6276342614344565e-05
MAR06176	3.6276342614344565e-05
MAR06177	3.6276342614344565e-05
MAR06178	3.6276342614344565e-05
MAR06179	3.6276342614344565e-05
MAR06180	3.6276342614344565e-05
MAR06181	3.6276342614344565e-05
MAR06182	3.6276342614344565e-05
MAR06183	3.6276342614344565e-05
MAR06184	3.6276342614344565e-05
MAR06185	3.6276342614344565e-05
MAR06186	3.6276342614344565e-05
MAR06187	3.6276342614344565e-05
MAR06188	3.6276342614344565e-05
MAR06189	3.6276342614344565e-05
MAR06190	3.6276342614344565e-05
MAR06191	3.6276342614344565e-05
MAR06192	3.6276342614344565e-05
MAR06193	3.6276342614344565e-05
MAR06194	3.6276342614344565e-05
MAR06195	3.6276342614344565e-05
MAR06196	3.6276342614344565e-05
MAR06197	3.6276342614344565e-05
MAR06198	3.6276342614344565e-05
MAR06199	3.6276342614344565e-05
MAR06200	3.6276342614344565e-05
MAR06201	3.6276342614344565e-05
MAR06202	3.6276342614344565e-05
MAR06203	3.6276342614344565e-05
MAR06204	3.6276342614344565e-05
MAR06205	3.6276342614344565e-05
MAR06206	3.6276342614344565e-05
MAR06207	3.6276342614344565e-05
MAR06208	3.6276342614344565e-05
MAR06209	3.6276342614344565e-05
MAR06210	3.6276342614344565e-05
MAR06211	3.6276342614344565e-05
MAR06212	3.6276342614344565e-05
MAR06213	3.6276342614344565e-05
MAR06214	3.6276342614344565e-05
MAR06215	3.6276342614344565e-05
MAR06216	3.6276342614344565e-05
MAR06217	3.6276342614344565e-05
MAR06218	4.822255239765513e-05
MAR06219	4.822255239765513e-05
MAR06221	4.822255239765513e-05
MAR06222	4.822255239765513e-05
MAR06223	4.822255239765513e-05
MAR06224	4.822255239765513e-05
MAR06225	4.822255239765513e-05
MAR06226	4.822255239765513e-05
MAR06227	4.822255239765513e-05
MAR06228	4.822255239765513e-05
MAR06229	4.822255239765513e-05
MAR06230	4.822255239765513e-05
MAR06231	4.822255239765513e-05
MAR06232	4.822255239765513e-05
MAR06233	4.822255239765513e-05
MAR06234	4.822255239765513e-05
MAR06235	4.822255239765513e-05
MAR06236	4.822255239765513e-05
MAR06237	4.822255239765513e-05
MAR06238	4.822255239765513e-05
MAR06239	4.822255239765513e-05
MAR06240	4.822255239765513e-05
MAR06241	0.00010434905716251524
MAR06242	3.6276342614344565e-05
MAR06243	0.00010434905716251524
MAR06244	3.6671780246266226e-05
MAR06245	6.195657449330166e-05
MAR06246	0.00024727792795658723
MAR06247	6.195657449330166e-05
MAR06248	3.654311307828005e-05
MAR06249	4.0734348021809206e-05
MAR06250	3.6276342614344565e-05
MAR06251	9.557893847986104e-05
MAR06253	3.6276342614344565e-05
MAR06254	3.6276342614344565e-05
MAR06255	3.6276342614344565e-05
MAR06256	3.6276342614344565e-05
MAR06257	0.00012244352592956603
MAR06258	3.6276342614344565e-05
MAR06259	3.6276342614344565e-05
MAR06260	9.557893847986104e-05
MAR06261	3.6276342614344565e-05
MAR06262	3.6276342614344565e-05
MAR06263	3.6276342614344565e-05
MAR06264	3.6276342614344565e-05
MAR06265	3.6276342614344565e-05
MAR06266	4.822255239765513e-05
MAR06267	3.6276342614344565e-05
MAR06268	0.00024727792795658723
MAR06269	9.557893847986104e-05
MAR06270	3.6276342614344565e-05
MAR06271	3.6276342614344565e-05
MAR06272	3.6276342614344565e-05
MAR06273	3.6276342614344565e-05
MAR06274	3.6276342614344565e-05
MAR06275	0.0009264295493287514
MAR06351	3.6276342614344565e-05
MAR06352	0.00010290312626349616
MAR06353	0.00010290312626349616
MAR06354	0.00010290312626349616
MAR06355	0.00010290312626349616
MAR06356	0.00010290312626349616
MAR06357	0.00010290312626349616
MAR06358	0.00010290312626349616
MAR06359	0.00010290312626349616
MAR06360	0.00010290312626349616
MAR06361	0.00010290312626349616
MAR06362	0.00010290312626349616
MAR06363	0.00010290312626349616
MAR06364	0.00010290312626349616
MAR06365	0.00010290312626349616
MAR06366	0.001578228175963674
MAR06367	0.001578228175963674
MAR06368	0.001578228175963674
MAR06369	0.001578228175963674
MAR06370	0.002652451261667392
MAR06371	0.0014561661584820858
MAR06372	0.0014561661584820858
MAR06373	0.0014561661584820858
MAR06374	0.0014561661584820858
MAR06375	0.019918458466336164
MAR06377	0.011433564356961202
MAR06379	0.004409461738857679
MAR06380	3.837783111354094e-05
MAR06381	0.019918458466336164
MAR06382	0.019918458466336164
MAR06383	0.004409461738857679
MAR06384	0.019918458466336164
MAR06392	0.0028713418386609657
MAR06424	9.557893847986104e-05
MAR06439	9.557893847986104e-05
MAR06462	9.557893847986104e-05
MAR06474	0.0008113368018449337
MAR06505	9.557893847986104e-05
MAR06512	0.005587453367154424
MAR06514	9.557893847986104e-05
MAR06516	9.557893847986104e-05
MAR06524	3.6276342614344565e-05
MAR06525	0.004265279667091206
MAR06526	0.0004311274613123249
MAR06527	0.002514264676160791
MAR06529	4.375763819813516e-05
MAR06530	0.00048282665074801234
MAR06531	0.00048282665074801234
MAR06532	0.00048282665074801234
MAR06533	0.00048282665074801234
MAR06534	0.000978212518542127
MAR06628	4.2587062810393365e-05
MAR06732	0.00010434905716251524
MAR06733	3.6276342614344565e-05
MAR06989	3.6276342614344565e-05
MAR06991	9.557893847986104e-05
MAR07109	9.557893847986104e-05
MAR07111	9.557893847986104e-05
MAR07113	9.557893847986104e-05
MAR07115	9.557893847986104e-05
MAR07117	9.557893847986104e-05
MAR07119	9.557893847986104e-05
MAR07121	9.557893847986104e-05
MAR07123	9.557893847986104e-05
MAR07125	9.557893847986104e-05
MAR07127	9.557893847986104e-05
MAR07173	9.557893847986104e-05
MAR07184	9.557893847986104e-05
MAR07223	9.557893847986104e-05
MAR07253	9.557893847986104e-05
MAR07372	9.557893847986104e-05
MAR07453	9.557893847986104e-05
MAR07482	9.557893847986104e-05
MAR07499	0.00010520823824990888
MAR07511	9.557893847986104e-05
MAR07523	9.557893847986104e-05
MAR07539	9.557893847986104e-05
MAR07555	9.557893847986104e-05
MAR07568	0.0005163689179648502
MAR07569	0.0005163689179648502
MAR07579	9.557893847986104e-05
MAR07583	9.557893847986104e-05
MAR07608	9.557893847986104e-05
MAR07609	9.557893847986104e-05
MAR07629	0.014475557671230361
MAR07630	0.00031902455746495826
MAR07631	0.00019121040876452937
MAR07632	0.00019121040876452937
MAR07633	4.3872467981549836e-05
MAR07634	4.3872467981549836e-05
MAR07635	4.3872467981549836e-05
MAR07636	4.3872467981549836e-05
MAR07637	4.3872467981549836e-05
MAR07639	0.0009210655168939441
MAR07643	0.008241100120274902
MAR07644	0.008241100120274902
MAR07645	0.0014561661584820858
MAR07650	0.0010344196485363112
MAR07651	0.00012244352592956603
MAR07660	9.557893847986104e-05
MAR07666	0.0027009855678313834
MAR07667	0.0007523012096443035
MAR07679	9.557893847986104e-05
MAR07680	3.849964448132979e-05
MAR07681	3.6276342614344565e-05
MAR07682	0.00025831439517940075
MAR07683	0.00025831439517940075
MAR07684	0.00025831439517940075
MAR07685	0.00025831439517940075
MAR07686	0.00025831439517940075
MAR07687	0.00025831439517940075
MAR07690	9.557893847986104e-05
MAR07691	0.0010344196485363112
MAR07692	0.0010344196485363112
MAR07699	6.905300271130643e-05
MAR07700	3.6276342614344565e-05
MAR07734	3.6276342614344565e-05
MAR07735	0.0001672024421883794
MAR07736	3.6276342614344565e-05
MAR07737	3.6276342614344565e-05
MAR07738	3.6276342614344565e-05
MAR07739	3.6276342614344565e-05
MAR07774	9.557893847986104e-05
MAR07781	9.557893847986104e-05
MAR07787	9.557893847986104e-05
MAR07798	9.557893847986104e-05
MAR07896	9.557893847986104e-05
MAR07898	9.557893847986104e-05
MAR07900	9.557893847986104e-05
MAR07901	9.557893847986104e-05
MAR07902	0.000978212518542127
MAR07903	9.557893847986104e-05
MAR07904	3.6276342614344565e-05
MAR07905	3.6276342614344565e-05
MAR07906	9.557893847986104e-05
MAR07946	4.218588474080296e-05
MAR07951	9.557893847986104e-05
MAR07961	9.557893847986104e-05
MAR07964	0.000928386355945487
MAR07967	0.0028713418386609657
MAR07975	9.557893847986104e-05
MAR07977	9.557893847986104e-05
MAR07979	9.557893847986104e-05
MAR07982	0.0028713418386609657
MAR07986	0.0028713418386609657
MAR07990	0.0028713418386609657
MAR07994	9.557893847986104e-05
MAR07997	9.557893847986104e-05
MAR08002	9.557893847986104e-05
MAR08007	9.557893847986104e-05
MAR08010	9.557893847986104e-05
MAR08015	9.557893847986104e-05
MAR08023	9.557893847986104e-05
MAR08031	3.6276342614344565e-05
MAR08033	9.557893847986104e-05
MAR08035	9.557893847986104e-05
MAR08039	9.557893847986104e-05
MAR08041	9.557893847986104e-05
MAR08042	9.557893847986104e-05
MAR08044	9.557893847986104e-05
MAR08045	9.557893847986104e-05
MAR08047	9.557893847986104e-05
MAR08048	9.557893847986104e-05
MAR08050	9.557893847986104e-05
MAR08051	9.557893847986104e-05
MAR08053	9.557893847986104e-05
MAR08054	9.557893847986104e-05
MAR08056	9.557893847986104e-05
MAR08057	9.557893847986104e-05
MAR08061	9.557893847986104e-05
MAR08073	9.557893847986104e-05
MAR08075	0.008298795340716331
MAR08076	0.0011619652786931485
MAR08077	0.0011619652786931485
MAR08079	9.557893847986104e-05
MAR08080	9.557893847986104e-05
MAR08081	3.6276342614344565e-05
MAR08090	9.557893847986104e-05
MAR08095	9.557893847986104e-05
MAR08100	9.557893847986104e-05
MAR08101	9.557893847986104e-05
MAR08103	9.557893847986104e-05
MAR08104	9.557893847986104e-05
MAR08154	9.557893847986104e-05
MAR08158	9.557893847986104e-05
MAR08161	9.557893847986104e-05
MAR08164	9.557893847986104e-05
MAR08214	9.557893847986104e-05
MAR08223	9.557893847986104e-05
MAR08225	0.0003612229893429793
MAR08229	9.557893847986104e-05
MAR08231	9.557893847986104e-05
MAR08240	9.557893847986104e-05
MAR08247	9.557893847986104e-05
MAR08253	9.557893847986104e-05
MAR08266	9.557893847986104e-05
MAR08270	9.557893847986104e-05
MAR08273	9.557893847986104e-05
MAR08283	9.557893847986104e-05
MAR08290	9.557893847986104e-05
MAR08297	9.557893847986104e-05
MAR08300	9.557893847986104e-05
MAR08304	9.557893847986104e-05
MAR08311	9.557893847986104e-05
MAR08313	9.557893847986104e-05
MAR08315	9.557893847986104e-05
MAR08321	9.557893847986104e-05
MAR08324	9.557893847986104e-05
MAR08329	9.557893847986104e-05
MAR08336	9.557893847986104e-05
MAR08339	9.557893847986104e-05
MAR08340	9.557893847986104e-05
MAR08343	9.557893847986104e-05
MAR08354	0.0014561661584820858
MAR08364	0.008298795340716331
MAR08374	9.557893847986104e-05
MAR08408	9.557893847986104e-05
MAR08420	9.557893847986104e-05
MAR08429	0.0030173813127949258
MAR08515	3.6276342614344565e-05
MAR08520	9.557893847986104e-05
MAR08536	9.557893847986104e-05
MAR08551	3.6276342614344565e-05
MAR08567	9.557893847986104e-05
MAR08586	0.0032796739232901365
MAR08593	9.557893847986104e-05
MAR08595	9.557893847986104e-05
MAR08597	9.557893847986104e-05
MAR08599	9.557893847986104e-05
MAR08600	9.557893847986104e-05
MAR08602	9.557893847986104e-05
MAR08612	9.557893847986104e-05
MAR08618	9.557893847986104e-05
MAR08629	9.557893847986104e-05
MAR08631	3.6276342614344565e-05
MAR08632	3.6276342614344565e-05
MAR08633	0.0028713418386609657
MAR08635	3.6276342614344565e-05
MAR08636	0.00010520823824990888
MAR08656	9.557893847986104e-05
MAR08658	0.000928386355945487
MAR08659	3.6276342614344565e-05
MAR08660	4.218588474080296e-05
MAR08670	0.00048282665074801234
MAR08671	4.375763819813516e-05
MAR08676	0.0012175856731642626
MAR08677	0.00031826484880484424
MAR08678	9.557893847986104e-05
MAR08679	9.557893847986104e-05
MAR08686	9.557893847986104e-05
MAR08687	0.0009174683612820888
MAR08696	9.557893847986104e-05
MAR08714	9.557893847986104e-05
MAR08718	9.557893847986104e-05
MAR08720	9.557893847986104e-05
MAR08721	9.557893847986104e-05
MAR08723	9.557893847986104e-05
MAR08730	3.875179571808642e-05
MAR08732	3.6276342614344565e-05
MAR08733	0.008241100120274902
MAR08734	0.008241100120274902
MAR08735	3.837783111354094e-05
MAR08736	0.00048282665074801234
MAR08760	9.557893847986104e-05
MAR08797	9.557893847986104e-05
MAR08798	9.557893847986104e-05
MAR08846	0.003946232034113377
MAR08847	3.654311307828005e-05
MAR08849	9.557893847986104e-05
MAR08850	0.0028713418386609657
MAR08852	9.557893847986104e-05
MAR08853	3.6276342614344565e-05
MAR08854	9.557893847986104e-05
MAR08861	3.960149755745553e-05
MAR08863	9.557893847986104e-05
MAR08864	9.557893847986104e-05
MAR08865	9.557893847986104e-05
MAR08866	9.557893847986104e-05
MAR08867	0.0032796739232901365
MAR08869	9.557893847986104e-05
MAR08870	9.557893847986104e-05
MAR08872	3.749413353650434e-05
MAR08873	9.557893847986104e-05
MAR08876	3.749413353650434e-05
MAR08877	3.73163956962779e-05
MAR08878	9.557893847986104e-05
MAR08879	3.6276342614344565e-05
MAR08881	9.557893847986104e-05
MAR08883	9.557893847986104e-05
MAR08884	3.73163956962779e-05
MAR08889	3.6276342614344565e-05
MAR08892	3.778755660789201e-05
MAR08893	9.557893847986104e-05
MAR08896	9.557893847986104e-05
MAR08898	9.557893847986104e-05
MAR08899	9.557893847986104e-05
MAR08901	9.557893847986104e-05
MAR08903	9.557893847986104e-05
MAR08905	9.557893847986104e-05
MAR08907	9.557893847986104e-05
MAR08911	0.0008910359978748249
MAR08912	0.0008910359978748249
MAR08913	9.557893847986104e-05
MAR08917	0.0001612780617576948
MAR08922	9.557893847986104e-05
MAR08923	9.557893847986104e-05
MAR08924	3.6276342614344565e-05
MAR08925	0.002565923279654898
MAR08927	9.557893847986104e-05
MAR08929	0.0014561661584820858
MAR08930	0.0007523012096443035
MAR08931	9.557893847986104e-05
MAR08932	4.822255239765513e-05
MAR08933	4.822255239765513e-05
MAR08934	0.0010344196485363112
MAR08935	0.0010344196485363112
MAR08936	4.822255239765513e-05
MAR08937	9.557893847986104e-05
MAR08938	3.6276342614344565e-05
MAR08939	0.0030308465733567425
MAR08940	0.0030308465733567425
MAR08941	0.0030308465733567425
MAR08942	0.0030308465733567425
MAR08943	0.0030308465733567425
MAR08944	0.0030308465733567425
MAR08945	0.0030308465733567425
MAR08946	0.0030308465733567425
MAR08947	0.0030308465733567425
MAR09173	9.557893847986104e-05
MAR09175	9.557893847986104e-05
MAR09176	9.557893847986104e-05
MAR09178	9.557893847986104e-05
MAR09180	9.557893847986104e-05
MAR09182	9.557893847986104e-05
MAR09183	9.557893847986104e-05
MAR09184	9.557893847986104e-05
MAR09185	9.557893847986104e-05
MAR09187	9.557893847986104e-05
MAR09188	9.557893847986104e-05
MAR09189	9.557893847986104e-05
MAR09190	0.008241100120274902
MAR09191	0.008241100120274902
MAR09192	0.00010434905716251524
MAR09193	3.6276342614344565e-05
MAR09195	3.6276342614344565e-05
MAR09196	0.00046820622566247187
MAR09197	0.00046820622566247187
MAR09198	8.383112574754822e-05
MAR09590	0.000978212518542127
MAR09591	0.00047407806359878695
MAR09592	0.00047407806359878695
MAR09593	0.00047407806359878695
MAR09594	0.00047407806359878695
MAR09595	0.00047407806359878695
MAR09596	0.00047407806359878695
MAR09597	0.00047407806359878695
MAR09598	0.00047407806359878695
MAR09599	0.00047407806359878695
MAR09600	0.00047407806359878695
MAR09601	0.0024257105354635335
MAR09602	3.6276342614344565e-05
MAR09603	3.6276342614344565e-05
MAR09604	3.6276342614344565e-05
MAR09605	3.837783111354094e-05
MAR09606	3.837783111354094e-05
MAR09607	0.0007523012096443035
MAR09608	0.0007523012096443035
MAR09609	0.0007523012096443035
MAR09610	3.6276342614344565e-05
MAR09611	0.00022938735750884502
MAR09612	9.557893847986104e-05
MAR09613	3.766147367563898e-05
MAR09614	3.6276342614344565e-05
MAR09615	3.6276342614344565e-05
MAR09616	0.00047407806359878695
MAR09617	3.6276342614344565e-05
MAR09618	6.195657449330166e-05
MAR09619	0.00011500080838495006
MAR09620	3.6276342614344565e-05
MAR09621	0.00011994295193453436
MAR09622	3.6276342614344565e-05
MAR09623	3.6276342614344565e-05
MAR09624	3.6276342614344565e-05
MAR09635	9.557893847986104e-05
MAR09636	9.557893847986104e-05
MAR09637	9.557893847986104e-05
MAR09638	9.557893847986104e-05
MAR09639	9.557893847986104e-05
MAR09640	9.557893847986104e-05
MAR09641	9.557893847986104e-05
MAR09642	9.557893847986104e-05
MAR09643	9.557893847986104e-05
MAR09644	9.557893847986104e-05
MAR09645	9.557893847986104e-05
MAR09646	9.557893847986104e-05
MAR09647	9.557893847986104e-05
MAR09648	9.557893847986104e-05
MAR09649	9.557893847986104e-05
MAR09650	9.557893847986104e-05
MAR09651	9.557893847986104e-05
MAR09652	9.557893847986104e-05
MAR09653	9.557893847986104e-05
MAR09654	9.557893847986104e-05
MAR09655	9.557893847986104e-05
MAR09656	9.557893847986104e-05
MAR09657	9.557893847986104e-05
MAR09658	9.557893847986104e-05
MAR09659	9.557893847986104e-05
MAR09660	9.557893847986104e-05
MAR09661	9.557893847986104e-05
MAR09662	9.557893847986104e-05
MAR09663	9.557893847986104e-05
MAR09720	9.557893847986104e-05
MAR09728	9.557893847986104e-05
MAR09731	9.557893847986104e-05
MAR09737	9.557893847986104e-05
MAR08071	9.557893847986104e-05
MAR04312	0.011057786402469634
MAR08428	9.557893847986104e-05
MAR08430	9.557893847986104e-05
MAR08022	4.266570176094161e-05
MAR08070	9.557893847986104e-05
MAR09015	0.0003431205141514751
MAR09020	4.9420418247522924e-05
MAR00157	9.557893847986104e-05
MAR00158	0.007420838090262383
MAR00166	9.557893847986104e-05
MAR00169	0.0035487452156134124
MAR00172	9.557893847986104e-05
MAR00175	9.557893847986104e-05
MAR00178	9.557893847986104e-05
MAR00182	9.557893847986104e-05
MAR00185	9.557893847986104e-05
MAR00446	9.557893847986104e-05
MAR00578	9.557893847986104e-05
MAR00587	9.557893847986104e-05
MAR00962	9.557893847986104e-05
MAR01145	9.557893847986104e-05
MAR01173	9.557893847986104e-05
MAR01187	9.557893847986104e-05
MAR01215	9.557893847986104e-05
MAR01243	9.557893847986104e-05
MAR01267	9.557893847986104e-05
MAR01284	9.557893847986104e-05
MAR01572	9.557893847986104e-05
MAR01602	9.557893847986104e-05
MAR01915	9.557893847986104e-05
MAR01925	9.557893847986104e-05
MAR01930	9.557893847986104e-05
MAR01936	9.557893847986104e-05
MAR01994	9.557893847986104e-05
MAR01997	9.557893847986104e-05
MAR02008	9.557893847986104e-05
MAR02012	9.557893847986104e-05
MAR02065	9.557893847986104e-05
MAR02080	9.557893847986104e-05
MAR02094	9.557893847986104e-05
MAR02105	9.557893847986104e-05
MAR02116	0.013551301644302747
MAR02127	9.557893847986104e-05
MAR02141	4.000702422375633e-05
MAR02590	0.0016621699730212157
MAR03746	9.557893847986104e-05
MAR03762	9.557893847986104e-05
MAR03789	9.557893847986104e-05
MAR03818	9.557893847986104e-05
MAR03825	0.0012405403870013837
MAR03863	0.0012405403870013837
MAR03864	0.0012405403870013837
MAR03921	9.557893847986104e-05
MAR03946	9.557893847986104e-05
MAR03949	9.557893847986104e-05
MAR03950	9.557893847986104e-05
MAR03952	9.557893847986104e-05
MAR03954	9.557893847986104e-05
MAR03971	0.00026607957200522645
MAR04184	0.0005356152046385503
MAR04237	4.266570176094161e-05
MAR04266	9.557893847986104e-05
MAR04367	9.557893847986104e-05
MAR04684	9.557893847986104e-05
MAR04692	9.557893847986104e-05
MAR04720	9.557893847986104e-05
MAR04729	9.557893847986104e-05
MAR04738	9.557893847986104e-05
MAR04743	9.557893847986104e-05
MAR04754	7.029888963939359e-05
MAR04756	7.029888963939359e-05
MAR04760	7.029888963939359e-05
MAR04850	9.557893847986104e-05
MAR04851	0.00026607957200522645
MAR04852	0.003019347550706108
MAR04854	0.00026607957200522645
MAR04855	0.003019347550706108
MAR04862	0.00026607957200522645
MAR04863	0.00026607957200522645
MAR04864	0.00026607957200522645
MAR04865	0.00026607957200522645
MAR04867	0.00026607957200522645
MAR04868	0.00026607957200522645
MAR04870	0.00026607957200522645
MAR04871	0.00026607957200522645
MAR04872	0.00026607957200522645
MAR04874	9.557893847986104e-05
MAR04888	4.461824907383712e-05
MAR04898	9.557893847986104e-05
MAR04905	9.557893847986104e-05
MAR04914	0.0005577823046487612
MAR04922	9.557893847986104e-05
MAR04926	0.0048241463014556075
MAR04944	0.00025831439517940075
MAR04951	3.6276342614344565e-05
MAR04953	9.557893847986104e-05
MAR04959	9.557893847986104e-05
MAR04963	9.557893847986104e-05
MAR04964	0.00578391698696023
MAR04971	0.00578391698696023
MAR04972	0.00578391698696023
MAR04957	9.557893847986104e-05
MAR04977	0.0027009855678313834
MAR04979	9.557893847986104e-05
MAR04997	0.001578228175963674
MAR04998	9.557893847986104e-05
MAR05006	9.557893847986104e-05
MAR05014	9.557893847986104e-05
MAR05015	9.557893847986104e-05
MAR05016	0.0027009855678313834
MAR05022	3.8452803629293655e-05
MAR05031	0.001578228175963674
MAR05033	0.001578228175963674
MAR05036	0.001578228175963674
MAR05043	0.008622487159485234
MAR05046	0.001479500432143909
MAR05096	9.557893847986104e-05
MAR05099	9.557893847986104e-05
MAR05101	9.557893847986104e-05
MAR05102	9.557893847986104e-05
MAR05105	0.0007464386270030492
MAR05107	9.557893847986104e-05
MAR05109	9.557893847986104e-05
MAR05112	9.557893847986104e-05
MAR05113	0.001174227424883803
MAR05114	0.003252185619369084
MAR05115	9.557893847986104e-05
MAR05116	9.557893847986104e-05
MAR05117	9.557893847986104e-05
MAR05118	9.557893847986104e-05
MAR05121	9.557893847986104e-05
MAR05122	0.0014356694629977563
MAR05124	0.002044480893805049
MAR05125	9.557893847986104e-05
MAR05126	9.557893847986104e-05
MAR05222	9.557893847986104e-05
MAR05223	9.557893847986104e-05
MAR05225	9.557893847986104e-05
MAR05227	9.557893847986104e-05
MAR05292	0.00048405824712809055
MAR05304	9.557893847986104e-05
MAR05348	0.008298795340716331
MAR05349	0.008298795340716331
MAR05361	9.557893847986104e-05
MAR05411	0.0027009855678313834
MAR05420	0.0018268342084721413
MAR05426	9.557893847986104e-05
MAR06276	0.00578391698696023
MAR06277	0.00578391698696023
MAR06286	0.00578391698696023
MAR06287	0.00578391698696023
MAR06288	0.00578391698696023
MAR06289	0.00578391698696023
MAR06290	0.00578391698696023
MAR06291	0.00578391698696023
MAR06292	0.00578391698696023
MAR06293	0.00578391698696023
MAR06294	0.00578391698696023
MAR06295	0.00578391698696023
MAR06296	0.00578391698696023
MAR06297	0.00578391698696023
MAR06298	0.00578391698696023
MAR06299	3.6276342614344565e-05
MAR06300	3.6276342614344565e-05
MAR06301	0.0007464386270030492
MAR06302	0.0007464386270030492
MAR06303	3.6276342614344565e-05
MAR06304	3.6276342614344565e-05
MAR06305	3.6276342614344565e-05
MAR06306	3.6276342614344565e-05
MAR06307	0.0007464386270030492
MAR06308	0.0007464386270030492
MAR06309	3.6276342614344565e-05
MAR06310	3.6276342614344565e-05
MAR06311	3.6276342614344565e-05
MAR06312	3.6276342614344565e-05
MAR06313	0.0007464386270030492
MAR06314	0.0007464386270030492
MAR06315	3.6276342614344565e-05
MAR06316	3.6276342614344565e-05
MAR06317	0.0007464386270030492
MAR06318	0.0007464386270030492
MAR06321	0.0007464386270030492
MAR06323	0.0007464386270030492
MAR06325	3.6276342614344565e-05
MAR06326	3.6276342614344565e-05
MAR06327	0.0007464386270030492
MAR06328	0.03051395267458969
MAR06330	0.00026607957200522645
MAR06331	0.00026607957200522645
MAR06332	0.00021994785965142599
MAR06333	0.00021994785965142599
MAR06334	0.00021994785965142599
MAR06335	0.00021994785965142599
MAR06336	0.00021994785965142599
MAR06337	0.00021994785965142599
MAR06338	0.00021994785965142599
MAR06339	0.00021994785965142599
MAR06340	0.00021994785965142599
MAR06341	0.00021994785965142599
MAR06342	0.00021994785965142599
MAR06343	0.00021994785965142599
MAR06389	8.877520444238429e-05
MAR06431	9.557893847986104e-05
MAR06438	9.557893847986104e-05
MAR06446	9.557893847986104e-05
MAR06454	9.557893847986104e-05
MAR06455	9.557893847986104e-05
MAR06469	9.557893847986104e-05
MAR06481	9.557893847986104e-05
MAR06513	9.557893847986104e-05
MAR06517	9.557893847986104e-05
MAR06521	0.00026607957200522645
MAR06522	0.00026607957200522645
MAR06618	9.557893847986104e-05
MAR06620	9.557893847986104e-05
MAR06781	9.557893847986104e-05
MAR06890	9.557893847986104e-05
MAR06902	9.557893847986104e-05
MAR07638	0.0006743219583844906
MAR07708	9.557893847986104e-05
MAR07719	0.001578228175963674
MAR07723	0.001578228175963674
MAR07757	0.0035487452156134124
MAR07760	0.00010434905716251524
MAR07769	0.0003431205141514751
MAR07804	0.00021994785965142599
MAR07806	0.00021994785965142599
MAR07808	0.00021994785965142599
MAR07810	0.00021994785965142599
MAR07812	0.00021994785965142599
MAR07814	0.00021994785965142599
MAR07815	0.00021994785965142599
MAR07816	0.00021994785965142599
MAR07818	0.00021994785965142599
MAR07820	0.00021994785965142599
MAR07822	0.00021994785965142599
MAR07824	0.00021994785965142599
MAR07825	0.00021994785965142599
MAR07826	0.00021994785965142599
MAR07827	0.00021994785965142599
MAR07828	0.00021994785965142599
MAR07829	0.00021994785965142599
MAR07830	0.00021994785965142599
MAR07831	0.00021994785965142599
MAR07832	0.00021994785965142599
MAR07833	0.00021994785965142599
MAR07834	0.00021994785965142599
MAR07835	0.00021994785965142599
MAR07836	0.00021994785965142599
MAR07837	0.00021994785965142599
MAR07838	0.00021994785965142599
MAR07839	0.00021994785965142599
MAR07840	0.00021994785965142599
MAR07841	0.00021994785965142599
MAR07842	0.00021994785965142599
MAR07843	0.00021994785965142599
MAR07844	0.00021994785965142599
MAR07845	0.00021994785965142599
MAR07846	0.00021994785965142599
MAR07847	0.00021994785965142599
MAR07848	0.00021994785965142599
MAR07849	0.00021994785965142599
MAR07850	0.00021994785965142599
MAR07851	0.00021994785965142599
MAR07852	0.00021994785965142599
MAR07853	0.00021994785965142599
MAR07854	0.00021994785965142599
MAR07897	9.557893847986104e-05
MAR07899	9.557893847986104e-05
MAR07914	9.557893847986104e-05
MAR07917	9.557893847986104e-05
MAR07923	9.557893847986104e-05
MAR07995	9.557893847986104e-05
MAR07998	9.557893847986104e-05
MAR08000	9.557893847986104e-05
MAR08001	9.557893847986104e-05
MAR08009	9.557893847986104e-05
MAR08089	5.641026440083311e-05
MAR08093	9.557893847986104e-05
MAR08099	9.557893847986104e-05
MAR08120	9.557893847986104e-05
MAR08122	9.557893847986104e-05
MAR08124	9.557893847986104e-05
MAR08126	9.557893847986104e-05
MAR08128	9.557893847986104e-05
MAR08356	9.557893847986104e-05
MAR08365	0.0027009855678313834
MAR08411	9.557893847986104e-05
MAR08438	9.557893847986104e-05
MAR08475	0.001578228175963674
MAR08505	9.557893847986104e-05
MAR08510	9.557893847986104e-05
MAR08513	0.0027009855678313834
MAR08528	9.557893847986104e-05
MAR08532	9.557893847986104e-05
MAR08562	9.557893847986104e-05
MAR08614	0.0001330707906386444
MAR08627	9.557893847986104e-05
MAR08655	9.557893847986104e-05
MAR08657	9.557893847986104e-05
MAR08680	9.557893847986104e-05
MAR08731	9.557893847986104e-05
MAR08741	0.00026607957200522645
MAR08742	0.00026607957200522645
MAR08776	9.557893847986104e-05
MAR08785	9.557893847986104e-05
MAR08848	9.557893847986104e-05
MAR08890	9.557893847986104e-05
MAR08891	9.557893847986104e-05
MAR08910	0.001578228175963674
MAR09174	9.557893847986104e-05
MAR09194	9.557893847986104e-05
MAR09675	9.557893847986104e-05
MAR09676	9.557893847986104e-05
MAR09677	9.557893847986104e-05
MAR09014	9.557893847986104e-05
MAR00707	9.557893847986104e-05
MAR00713	0.01657074721984508
MAR01104	9.557893847986104e-05
MAR01135	9.557893847986104e-05
MAR01144	9.557893847986104e-05
MAR01172	9.557893847986104e-05
MAR01188	9.557893847986104e-05
MAR01214	9.557893847986104e-05
MAR01242	9.557893847986104e-05
MAR01268	9.557893847986104e-05
MAR01283	9.557893847986104e-05
MAR01286	9.557893847986104e-05
MAR01443	0.0027009855678313834
MAR02067	9.557893847986104e-05
MAR02082	9.557893847986104e-05
MAR02093	9.557893847986104e-05
MAR02104	9.557893847986104e-05
MAR02407	0.0013127711040271416
MAR02509	0.0013127711040271416
MAR02547	9.557893847986104e-05
MAR02575	9.557893847986104e-05
MAR03007	0.0027009855678313834
MAR03008	0.00895232712691497
MAR03011	0.00895232712691497
MAR03013	0.00895232712691497
MAR03014	0.00895232712691497
MAR03017	0.00895232712691497
MAR03018	0.0013127711040271416
MAR03019	0.0013127711040271416
MAR03020	0.0013127711040271416
MAR03021	0.0013127711040271416
MAR03022	0.0013127711040271416
MAR03023	0.0013127711040271416
MAR03024	0.0013127711040271416
MAR03025	0.0013127711040271416
MAR03026	0.0001612780617576948
MAR03473	0.0010232267351589538
MAR03848	9.557893847986104e-05
MAR03850	9.557893847986104e-05
MAR03867	9.557893847986104e-05
MAR03947	9.557893847986104e-05
MAR03948	9.557893847986104e-05
MAR04393	9.557893847986104e-05
MAR04468	9.557893847986104e-05
MAR04469	9.557893847986104e-05
MAR04647	9.557893847986104e-05
MAR04790	9.557893847986104e-05
MAR04890	9.557893847986104e-05
MAR04900	9.557893847986104e-05
MAR04908	0.005509154682225574
MAR04924	9.557893847986104e-05
MAR04930	0.008298795340716331
MAR04945	9.557893847986104e-05
MAR04986	0.0024257105354635335
MAR05344	9.557893847986104e-05
MAR05346	9.557893847986104e-05
MAR05362	9.557893847986104e-05
MAR05414	9.557893847986104e-05
MAR05452	0.0024257105354635335
MAR05453	9.557893847986104e-05
MAR06928	9.557893847986104e-05
MAR06937	9.557893847986104e-05
MAR06986	9.557893847986104e-05
MAR06987	9.557893847986104e-05
MAR07590	9.557893847986104e-05
MAR07596	9.557893847986104e-05
MAR07640	9.557893847986104e-05
MAR07646	0.0014561661584820858
MAR07705	9.557893847986104e-05
MAR07707	9.557893847986104e-05
MAR07777	9.557893847986104e-05
MAR07779	9.557893847986104e-05
MAR07797	9.557893847986104e-05
MAR08016	9.557893847986104e-05
MAR08020	9.557893847986104e-05
MAR08359	9.557893847986104e-05
MAR08414	9.557893847986104e-05
MAR08754	9.557893847986104e-05
MAR08756	9.557893847986104e-05
MAR08860	9.557893847986104e-05
MAR08926	9.557893847986104e-05
MAR09179	9.557893847986104e-05
MAR09181	9.557893847986104e-05
MAR09678	9.557893847986104e-05
MAR09679	9.557893847986104e-05
MAR09680	9.557893847986104e-05
MAR09017	9.557893847986104e-05
MAR00984	9.557893847986104e-05
MAR01089	9.557893847986104e-05
MAR01090	9.557893847986104e-05
MAR01094	9.557893847986104e-05
MAR01095	9.557893847986104e-05
MAR02564	9.557893847986104e-05
MAR02585	0.005747240953765069
MAR04274	9.557893847986104e-05
MAR04275	9.557893847986104e-05
MAR04277	9.557893847986104e-05
MAR04535	0.0002939044911802029
MAR04538	9.557893847986104e-05
MAR04893	9.557893847986104e-05
MAR04904	9.557893847986104e-05
MAR04916	9.557893847986104e-05
MAR05422	9.557893847986104e-05
MAR05423	9.557893847986104e-05
MAR05424	9.557893847986104e-05
MAR06617	9.557893847986104e-05
MAR06619	9.557893847986104e-05
MAR07653	9.557893847986104e-05
MAR07664	9.557893847986104e-05
MAR07665	9.557893847986104e-05
MAR07712	9.557893847986104e-05
MAR07763	9.557893847986104e-05
MAR07764	9.557893847986104e-05
MAR07765	9.557893847986104e-05
MAR07767	9.557893847986104e-05
MAR07773	9.557893847986104e-05
MAR07786	9.557893847986104e-05
MAR07792	9.557893847986104e-05
MAR07795	9.557893847986104e-05
MAR07796	0.0025921944581527917
MAR07855	9.557893847986104e-05
MAR07856	9.557893847986104e-05
MAR07857	9.557893847986104e-05
MAR07858	9.557893847986104e-05
MAR07859	9.557893847986104e-05
MAR07860	9.557893847986104e-05
MAR07861	9.557893847986104e-05
MAR07862	9.557893847986104e-05
MAR07877	9.557893847986104e-05
MAR08024	9.557893847986104e-05
MAR08028	9.557893847986104e-05
MAR08082	9.557893847986104e-05
MAR08361	9.557893847986104e-05
MAR08363	9.557893847986104e-05
MAR08412	9.557893847986104e-05
MAR08447	9.557893847986104e-05
MAR08476	0.001578228175963674
MAR08789	9.557893847986104e-05
MAR08828	9.557893847986104e-05
MAR08837	9.557893847986104e-05
MAR08838	9.557893847986104e-05
MAR08839	9.557893847986104e-05
MAR08840	9.557893847986104e-05
MAR08841	9.557893847986104e-05
MAR08842	9.557893847986104e-05
MAR08843	9.557893847986104e-05
MAR08844	9.557893847986104e-05
MAR08845	9.557893847986104e-05
MAR08862	9.557893847986104e-05
MAR08868	9.557893847986104e-05
MAR08871	9.557893847986104e-05
MAR08894	9.557893847986104e-05
MAR08909	9.557893847986104e-05
MAR08918	9.557893847986104e-05
MAR09673	9.557893847986104e-05
MAR09674	9.557893847986104e-05
MAR08638	9.557893847986104e-05
MAR08642	9.557893847986104e-05
MAR04314	0.011057786402469634
MAR09016	9.557893847986104e-05
MAR09018	9.557893847986104e-05
MAR00769	9.557893847986104e-05
MAR00791	9.557893847986104e-05
MAR00796	9.557893847986104e-05
MAR00798	9.557893847986104e-05
MAR00802	9.557893847986104e-05
MAR00831	9.557893847986104e-05
MAR00913	9.557893847986104e-05
MAR00929	9.557893847986104e-05
MAR01917	0.014869920858916792
MAR02040	9.557893847986104e-05
MAR02087	9.557893847986104e-05
MAR02090	9.557893847986104e-05
MAR02101	9.557893847986104e-05
MAR03987	9.557893847986104e-05
MAR04887	9.557893847986104e-05
MAR04903	9.557893847986104e-05
MAR04907	0.005509154682225574
MAR04962	9.557893847986104e-05
MAR05047	0.00021994785965142599
MAR05048	0.0014561661584820858
MAR05049	0.0014561661584820858
MAR05050	0.0014561661584820858
MAR05051	0.0014561661584820858
MAR05052	0.0014561661584820858
MAR05053	0.0014561661584820858
MAR05054	0.0014561661584820858
MAR05055	0.0014561661584820858
MAR05056	0.0014561661584820858
MAR05057	0.0014561661584820858
MAR05058	0.0014561661584820858
MAR05059	0.0014561661584820858
MAR05060	0.0014561661584820858
MAR05061	0.0014561661584820858
MAR05062	0.0014561661584820858
MAR05063	0.0014561661584820858
MAR05064	0.0014561661584820858
MAR05065	0.0014561661584820858
MAR05066	0.0014561661584820858
MAR05067	0.0014561661584820858
MAR05197	9.557893847986104e-05
MAR05199	9.557893847986104e-05
MAR05201	9.557893847986104e-05
MAR05204	9.557893847986104e-05
MAR05212	9.557893847986104e-05
MAR05214	9.557893847986104e-05
MAR05217	9.557893847986104e-05
MAR05218	9.557893847986104e-05
MAR05220	9.557893847986104e-05
MAR05224	9.557893847986104e-05
MAR05226	9.557893847986104e-05
MAR05228	9.557893847986104e-05
MAR05230	9.557893847986104e-05
MAR07196	0.0047555724945677336
MAR07199	9.557893847986104e-05
MAR07224	9.557893847986104e-05
MAR07252	9.557893847986104e-05
MAR07283	9.557893847986104e-05
MAR07374	9.557893847986104e-05
MAR07430	9.557893847986104e-05
MAR07454	9.557893847986104e-05
MAR07470	9.557893847986104e-05
MAR07483	9.557893847986104e-05
MAR07500	9.557893847986104e-05
MAR07512	9.557893847986104e-05
MAR07524	9.557893847986104e-05
MAR07540	9.557893847986104e-05
MAR07556	9.557893847986104e-05
MAR07570	9.557893847986104e-05
MAR07581	9.557893847986104e-05
MAR07584	9.557893847986104e-05
MAR07710	0.00018488479281323852
MAR07711	9.557893847986104e-05
MAR07714	0.00018488479281323852
MAR07715	9.557893847986104e-05
MAR07718	0.00018488479281323852
MAR07720	9.557893847986104e-05
MAR07722	0.00018488479281323852
MAR07724	9.557893847986104e-05
MAR07726	0.00018488479281323852
MAR07727	9.557893847986104e-05
MAR07729	0.00018488479281323852
MAR07730	9.557893847986104e-05
MAR07732	9.557893847986104e-05
MAR07762	9.557893847986104e-05
MAR07770	9.557893847986104e-05
MAR07799	0.005699080356071611
MAR07907	9.557893847986104e-05
MAR07915	9.557893847986104e-05
MAR07918	9.557893847986104e-05
MAR07924	9.557893847986104e-05
MAR07927	9.557893847986104e-05
MAR08118	9.557893847986104e-05
MAR08119	9.557893847986104e-05
MAR08121	9.557893847986104e-05
MAR08123	9.557893847986104e-05
MAR08125	9.557893847986104e-05
MAR08127	9.557893847986104e-05
MAR08131	9.557893847986104e-05
MAR08134	9.557893847986104e-05
MAR08196	9.557893847986104e-05
MAR08200	9.557893847986104e-05
MAR08202	9.557893847986104e-05
MAR08203	9.557893847986104e-05
MAR08208	9.557893847986104e-05
MAR08216	9.557893847986104e-05
MAR08244	9.557893847986104e-05
MAR08355	0.0014561661584820858
MAR08370	9.557893847986104e-05
MAR08490	9.557893847986104e-05
MAR08491	9.557893847986104e-05
MAR08492	9.557893847986104e-05
MAR08531	9.557893847986104e-05
MAR08588	9.557893847986104e-05
MAR08590	9.557893847986104e-05
MAR08688	0.0014561661584820858
MAR08753	9.557893847986104e-05
MAR08763	9.557893847986104e-05
MAR08765	9.557893847986104e-05
MAR08858	9.557893847986104e-05
MAR08875	9.557893847986104e-05
MAR08885	9.557893847986104e-05
MAR08887	0.0047555724945677336
MAR08908	0.0047555724945677336
MAR08928	0.0014561661584820858
MAR09672	9.557893847986104e-05
MAR00612	9.557893847986104e-05
MAR03597	9.557893847986104e-05
MAR04961	9.557893847986104e-05
MAR05045	9.557893847986104e-05
MAR05248	9.557893847986104e-05
MAR05249	9.557893847986104e-05
MAR05250	9.557893847986104e-05
MAR05251	9.557893847986104e-05
MAR05252	9.557893847986104e-05
MAR05253	9.557893847986104e-05
MAR05255	9.557893847986104e-05
MAR07198	9.557893847986104e-05
MAR07284	9.557893847986104e-05
MAR09738	9.557893847986104e-05
MAR09739	9.557893847986104e-05
MAR09740	9.557893847986104e-05
MAR09741	9.557893847986104e-05
MAR09742	9.557893847986104e-05
MAR09743	9.557893847986104e-05
MAR09744	9.557893847986104e-05
MAR09745	9.557893847986104e-05
MAR09746	9.557893847986104e-05
MAR09747	9.557893847986104e-05
MAR09748	9.557893847986104e-05
MAR09749	9.557893847986104e-05
MAR09750	9.557893847986104e-05
MAR09751	9.557893847986104e-05
MAR09752	9.557893847986104e-05
MAR09753	9.557893847986104e-05
MAR09754	9.557893847986104e-05
MAR09755	9.557893847986104e-05
MAR09756	9.557893847986104e-05
MAR09757	9.557893847986104e-05
MAR09758	9.557893847986104e-05
MAR09759	9.557893847986104e-05
MAR09760	9.557893847986104e-05
MAR09761	9.557893847986104e-05
MAR09762	9.557893847986104e-05
MAR09763	9.557893847986104e-05
MAR09764	9.557893847986104e-05
MAR09765	9.557893847986104e-05
MAR09766	9.557893847986104e-05
MAR09767	9.557893847986104e-05
MAR09768	9.557893847986104e-05
MAR09769	9.557893847986104e-05
MAR09770	9.557893847986104e-05
MAR09771	9.557893847986104e-05
MAR09772	9.557893847986104e-05
MAR09773	9.557893847986104e-05
MAR09774	9.557893847986104e-05
MAR09775	9.557893847986104e-05
MAR09776	9.557893847986104e-05
MAR09777	9.557893847986104e-05
MAR09778	9.557893847986104e-05
MAR09779	9.557893847986104e-05
MAR09780	9.557893847986104e-05
MAR09781	9.557893847986104e-05
MAR09782	9.557893847986104e-05
MAR09783	9.557893847986104e-05
MAR09784	9.557893847986104e-05
MAR09785	9.557893847986104e-05
MAR09786	9.557893847986104e-05
MAR09787	9.557893847986104e-05
MAR09788	9.557893847986104e-05
MAR09789	9.557893847986104e-05
MAR09790	9.557893847986104e-05
MAR09791	9.557893847986104e-05
MAR09792	9.557893847986104e-05
MAR09793	7.500934570728586e-05
MAR09794	9.557893847986104e-05
MAR09795	9.557893847986104e-05
MAR09796	9.557893847986104e-05
MAR00652	9.557893847986104e-05
MAR00717	9.557893847986104e-05
MAR00731	0.0005899420995355616
MAR00732	9.557893847986104e-05
MAR00734	9.557893847986104e-05
MAR00917	9.557893847986104e-05
MAR00918	0.0014159443405927083
MAR01916	0.014869920858916792
MAR04125	0.0014159443405927083
MAR04892	9.557893847986104e-05
MAR04902	9.557893847986104e-05
MAR04955	9.557893847986104e-05
MAR06577	9.557893847986104e-05
MAR06578	0.011057786402469634
MAR07201	9.557893847986104e-05
MAR07204	9.557893847986104e-05
MAR07331	9.557893847986104e-05
MAR07431	9.557893847986104e-05
MAR07433	0.0016449080234062661
MAR07434	0.00036372979670963595
MAR07435	9.557893847986104e-05
MAR07437	9.557893847986104e-05
MAR07675	0.003946232034113377
MAR07693	0.0002939044911802029
MAR07694	0.0007457666081816455
MAR07695	0.0007457666081816455
MAR07733	0.001890464832858626
MAR07740	0.010711570479601048
MAR07743	0.004901658797427538
MAR07759	0.003252185619369084
MAR07761	0.00010434905716251524
MAR07793	9.557893847986104e-05
MAR08084	9.557893847986104e-05
MAR08086	9.557893847986104e-05
MAR08145	9.557893847986104e-05
MAR08146	0.0005899420995355616
MAR08153	9.557893847986104e-05
MAR08157	9.557893847986104e-05
MAR08160	9.557893847986104e-05
MAR08163	9.557893847986104e-05
MAR08193	9.557893847986104e-05
MAR08195	9.557893847986104e-05
MAR08199	9.557893847986104e-05
MAR08205	9.557893847986104e-05
MAR08207	9.557893847986104e-05
MAR08213	9.557893847986104e-05
MAR08215	9.557893847986104e-05
MAR08222	9.557893847986104e-05
MAR08230	9.557893847986104e-05
MAR08232	9.557893847986104e-05
MAR08241	9.557893847986104e-05
MAR08243	9.557893847986104e-05
MAR08252	9.557893847986104e-05
MAR08259	9.557893847986104e-05
MAR08265	9.557893847986104e-05
MAR08269	9.557893847986104e-05
MAR08272	9.557893847986104e-05
MAR08282	9.557893847986104e-05
MAR08289	9.557893847986104e-05
MAR08296	9.557893847986104e-05
MAR08299	9.557893847986104e-05
MAR08303	9.557893847986104e-05
MAR08310	9.557893847986104e-05
MAR08312	9.557893847986104e-05
MAR08314	9.557893847986104e-05
MAR08320	9.557893847986104e-05
MAR08323	9.557893847986104e-05
MAR08328	9.557893847986104e-05
MAR08335	9.557893847986104e-05
MAR08338	9.557893847986104e-05
MAR08496	0.00048405824712809055
MAR08524	9.557893847986104e-05
MAR08527	9.557893847986104e-05
MAR08661	0.0002317192432374349
MAR08673	9.557893847986104e-05
MAR08793	9.557893847986104e-05
MAR08834	9.557893847986104e-05
MAR08856	9.557893847986104e-05
MAR08857	0.0014159443405927083
MAR08874	9.557893847986104e-05
MAR08880	9.557893847986104e-05
MAR08882	9.557893847986104e-05
MAR08895	9.557893847986104e-05
MAR08897	9.557893847986104e-05
MAR08900	9.557893847986104e-05
MAR08902	9.557893847986104e-05
MAR08904	9.557893847986104e-05
MAR08920	9.557893847986104e-05
MAR09199	0.001415630157734527
MAR09664	9.557893847986104e-05
MAR09665	9.557893847986104e-05
MAR09666	9.557893847986104e-05
MAR09667	9.557893847986104e-05
MAR09668	9.557893847986104e-05
MAR09669	9.557893847986104e-05
MAR09670	9.557893847986104e-05
MAR09671	9.557893847986104e-05
MAR07182	9.557893847986104e-05
MAR07330	9.557893847986104e-05
MAR07432	9.557893847986104e-05
MAR04313	0.011057786402469634
MAR07307	9.557893847986104e-05
MAR01809	9.557893847986104e-05
MAR00020	9.557893847986104e-05
MAR00461	0.0003554640384553571
MAR00462	9.557893847986104e-05
MAR00466	9.557893847986104e-05
MAR00467	9.557893847986104e-05
MAR00664	0.0009043184635078414
MAR00730	0.003352828570182169
MAR00768	0.0005899420995355616
MAR00771	9.557893847986104e-05
MAR00966	9.557893847986104e-05
MAR01035	9.557893847986104e-05
MAR01143	9.557893847986104e-05
MAR01189	9.557893847986104e-05
MAR01240	9.557893847986104e-05
MAR01252	9.557893847986104e-05
MAR01269	9.557893847986104e-05
MAR01306	9.557893847986104e-05
MAR01309	9.557893847986104e-05
MAR01311	9.557893847986104e-05
MAR01316	9.557893847986104e-05
MAR01331	9.557893847986104e-05
MAR01392	0.005747240953765069
MAR01530	9.557893847986104e-05
MAR01672	9.557893847986104e-05
MAR01937	9.557893847986104e-05
MAR01998	9.557893847986104e-05
MAR02039	9.557893847986104e-05
MAR02066	9.557893847986104e-05
MAR02081	9.557893847986104e-05
MAR02092	9.557893847986104e-05
MAR02103	9.557893847986104e-05
MAR02554	9.557893847986104e-05
MAR02569	9.557893847986104e-05
MAR02777	0.0001612780617576948
MAR03953	9.557893847986104e-05
MAR04123	9.557893847986104e-05
MAR04126	9.557893847986104e-05
MAR04765	9.557893847986104e-05
MAR04846	9.557893847986104e-05
MAR04856	9.557893847986104e-05
MAR04860	9.557893847986104e-05
MAR04876	9.557893847986104e-05
MAR04877	9.557893847986104e-05
MAR04878	9.557893847986104e-05
MAR04879	9.557893847986104e-05
MAR04880	0.0016798600953481482
MAR04881	0.00036372979670963595
MAR04883	9.557893847986104e-05
MAR04894	9.557893847986104e-05
MAR04906	0.005509154682225574
MAR04913	9.557893847986104e-05
MAR04917	9.557893847986104e-05
MAR04941	9.557893847986104e-05
MAR04942	0.00025831439517940075
MAR04960	9.557893847986104e-05
MAR05004	3.705403365442802e-05
MAR05012	9.557893847986104e-05
MAR05027	0.003946232034113377
MAR05203	9.557893847986104e-05
MAR05205	9.557893847986104e-05
MAR05207	9.557893847986104e-05
MAR05209	9.557893847986104e-05
MAR05210	9.557893847986104e-05
MAR05211	9.557893847986104e-05
MAR05245	9.557893847986104e-05
MAR05342	5.228435164396269e-05
MAR05347	9.557893847986104e-05
MAR05354	9.557893847986104e-05
MAR06385	0.0016449080234062661
MAR06386	9.557893847986104e-05
MAR06387	9.557893847986104e-05
MAR06388	9.557893847986104e-05
MAR06425	9.557893847986104e-05
MAR06430	9.557893847986104e-05
MAR06440	9.557893847986104e-05
MAR06445	9.557893847986104e-05
MAR06463	9.557893847986104e-05
MAR06468	9.557893847986104e-05
MAR06475	9.557893847986104e-05
MAR06480	9.557893847986104e-05
MAR06629	9.557893847986104e-05
MAR06797	9.557893847986104e-05
MAR06990	9.557893847986104e-05
MAR07257	9.557893847986104e-05
MAR07272	9.557893847986104e-05
MAR07273	9.557893847986104e-05
MAR07649	0.00012244352592956603
MAR07766	9.557893847986104e-05
MAR07768	9.557893847986104e-05
MAR07772	9.557893847986104e-05
MAR07776	9.557893847986104e-05
MAR07778	9.557893847986104e-05
MAR07780	9.557893847986104e-05
MAR07784	9.557893847986104e-05
MAR07789	9.557893847986104e-05
MAR07791	9.557893847986104e-05
MAR07929	9.557893847986104e-05
MAR07933	9.557893847986104e-05
MAR07944	9.557893847986104e-05
MAR07947	9.557893847986104e-05
MAR07949	9.557893847986104e-05
MAR07953	9.557893847986104e-05
MAR07956	9.557893847986104e-05
MAR07960	9.557893847986104e-05
MAR07963	9.557893847986104e-05
MAR07966	9.557893847986104e-05
MAR07969	9.557893847986104e-05
MAR07981	9.557893847986104e-05
MAR07983	9.557893847986104e-05
MAR07985	9.557893847986104e-05
MAR07988	9.557893847986104e-05
MAR07989	9.557893847986104e-05
MAR08030	9.557893847986104e-05
MAR08058	9.557893847986104e-05
MAR08060	9.557893847986104e-05
MAR08234	9.557893847986104e-05
MAR08236	9.557893847986104e-05
MAR08239	9.557893847986104e-05
MAR08347	9.557893847986104e-05
MAR08350	9.557893847986104e-05
MAR08351	9.557893847986104e-05
MAR08358	9.557893847986104e-05
MAR08369	0.0016798600953481482
MAR08382	9.557893847986104e-05
MAR08526	9.557893847986104e-05
MAR08553	9.557893847986104e-05
MAR08594	9.557893847986104e-05
MAR08651	9.557893847986104e-05
MAR08681	9.557893847986104e-05
MAR08715	9.557893847986104e-05
MAR08716	9.557893847986104e-05
MAR08719	9.557893847986104e-05
MAR08722	9.557893847986104e-05
MAR08737	9.557893847986104e-05
MAR08851	9.557893847986104e-05
MAR08855	9.557893847986104e-05
MAR08859	9.557893847986104e-05
MAR08886	9.557893847986104e-05
MAR08888	9.557893847986104e-05
MAR08906	9.557893847986104e-05
MAR08914	9.557893847986104e-05
MAR08915	9.557893847986104e-05
MAR08919	9.557893847986104e-05
MAR08921	9.557893847986104e-05
MAR09177	9.557893847986104e-05
MAR09200	0.011000536200565228
MAR09625	9.557893847986104e-05
MAR09626	9.557893847986104e-05
MAR09627	9.557893847986104e-05
MAR09628	9.557893847986104e-05
MAR09629	9.557893847986104e-05
MAR09630	9.557893847986104e-05
MAR09631	9.557893847986104e-05
MAR09632	9.557893847986104e-05
MAR09633	9.557893847986104e-05
MAR09634	9.557893847986104e-05
MAR09716	9.557893847986104e-05
MAR09724	9.557893847986104e-05
MAR09732	9.557893847986104e-05
MAR07108	9.557893847986104e-05
MAR07110	9.557893847986104e-05
MAR07112	9.557893847986104e-05
MAR07114	9.557893847986104e-05
MAR07116	9.557893847986104e-05
MAR07118	9.557893847986104e-05
MAR07120	9.557893847986104e-05
MAR07122	9.557893847986104e-05
MAR07124	9.557893847986104e-05
MAR07126	9.557893847986104e-05
MAR09023	9.557893847986104e-05
MAR09024	9.557893847986104e-05
MAR09032	9.557893847986104e-05
MAR09808	9.557893847986104e-05
MAR09809	9.557893847986104e-05
MAR09810	9.557893847986104e-05
MAR09811	9.557893847986104e-05
MAR09812	9.557893847986104e-05
MAR09813	9.557893847986104e-05
MAR09814	9.557893847986104e-05
MAR09815	9.557893847986104e-05
MAR09816	9.557893847986104e-05
MAR09033	9.557893847986104e-05
MAR09034	9.557893847986104e-05
MAR09035	9.557893847986104e-05
MAR09036	9.557893847986104e-05
MAR09037	9.557893847986104e-05
MAR09038	9.557893847986104e-05
MAR09039	9.557893847986104e-05
MAR09040	9.557893847986104e-05
MAR09041	9.557893847986104e-05
MAR09042	9.557893847986104e-05
MAR09043	9.557893847986104e-05
MAR09044	9.557893847986104e-05
MAR09045	9.557893847986104e-05
MAR09046	9.557893847986104e-05
MAR09047	9.557893847986104e-05
MAR09048	9.557893847986104e-05
MAR09049	9.557893847986104e-05
MAR09050	9.557893847986104e-05
MAR09051	9.557893847986104e-05
MAR09052	9.557893847986104e-05
MAR09053	9.557893847986104e-05
MAR09054	9.557893847986104e-05
MAR09055	9.557893847986104e-05
MAR09056	9.557893847986104e-05
MAR09058	9.557893847986104e-05
MAR09061	9.557893847986104e-05
MAR09062	9.557893847986104e-05
MAR09063	9.557893847986104e-05
MAR09064	9.557893847986104e-05
MAR09065	9.557893847986104e-05
MAR09066	9.557893847986104e-05
MAR09067	9.557893847986104e-05
MAR09068	9.557893847986104e-05
MAR09069	9.557893847986104e-05
MAR09070	9.557893847986104e-05
MAR09071	9.557893847986104e-05
MAR09072	9.557893847986104e-05
MAR09073	9.557893847986104e-05
MAR09074	9.557893847986104e-05
MAR09075	9.557893847986104e-05
MAR09076	9.557893847986104e-05
MAR09077	9.557893847986104e-05
MAR09078	9.557893847986104e-05
MAR09079	9.557893847986104e-05
MAR09080	9.557893847986104e-05
MAR09081	9.557893847986104e-05
MAR09082	9.557893847986104e-05
MAR09083	9.557893847986104e-05
MAR09084	9.557893847986104e-05
MAR09085	9.557893847986104e-05
MAR09086	9.557893847986104e-05
MAR09087	9.557893847986104e-05
MAR09088	9.557893847986104e-05
MAR09089	9.557893847986104e-05
MAR09090	9.557893847986104e-05
MAR09091	9.557893847986104e-05
MAR09092	9.557893847986104e-05
MAR09093	9.557893847986104e-05
MAR09094	9.557893847986104e-05
MAR09095	9.557893847986104e-05
MAR09096	9.557893847986104e-05
MAR09097	9.557893847986104e-05
MAR09098	9.557893847986104e-05
MAR09099	9.557893847986104e-05
MAR09100	9.557893847986104e-05
MAR09101	9.557893847986104e-05
MAR09102	9.557893847986104e-05
MAR09103	9.557893847986104e-05
MAR09104	9.557893847986104e-05
MAR09105	9.557893847986104e-05
MAR09106	9.557893847986104e-05
MAR09107	9.557893847986104e-05
MAR09108	9.557893847986104e-05
MAR09109	9.557893847986104e-05
MAR09110	9.557893847986104e-05
MAR09111	9.557893847986104e-05
MAR09113	9.557893847986104e-05
MAR09114	9.557893847986104e-05
MAR09115	9.557893847986104e-05
MAR09116	9.557893847986104e-05
MAR09117	9.557893847986104e-05
MAR09118	9.557893847986104e-05
MAR09119	9.557893847986104e-05
MAR09120	9.557893847986104e-05
MAR09121	9.557893847986104e-05
MAR09122	9.557893847986104e-05
MAR09123	9.557893847986104e-05
MAR09124	9.557893847986104e-05
MAR09125	9.557893847986104e-05
MAR09126	9.557893847986104e-05
MAR09127	9.557893847986104e-05
MAR09128	9.557893847986104e-05
MAR09129	9.557893847986104e-05
MAR09130	9.557893847986104e-05
MAR09131	9.557893847986104e-05
MAR09132	9.557893847986104e-05
MAR09133	9.557893847986104e-05
MAR09134	9.557893847986104e-05
MAR09135	9.557893847986104e-05
MAR09136	9.557893847986104e-05
MAR09137	9.557893847986104e-05
MAR09138	9.557893847986104e-05
MAR09139	9.557893847986104e-05
MAR09140	9.557893847986104e-05
MAR09141	9.557893847986104e-05
MAR09142	9.557893847986104e-05
MAR09143	9.557893847986104e-05
MAR09144	9.557893847986104e-05
MAR09145	9.557893847986104e-05
MAR09146	9.557893847986104e-05
MAR09147	9.557893847986104e-05
MAR09148	9.557893847986104e-05
MAR09149	9.557893847986104e-05
MAR09150	9.557893847986104e-05
MAR09151	9.557893847986104e-05
MAR09152	9.557893847986104e-05
MAR09153	9.557893847986104e-05
MAR09154	9.557893847986104e-05
MAR09155	9.557893847986104e-05
MAR09156	9.557893847986104e-05
MAR09157	9.557893847986104e-05
MAR09158	9.557893847986104e-05
MAR09159	9.557893847986104e-05
MAR09160	9.557893847986104e-05
MAR09161	9.557893847986104e-05
MAR09162	9.557893847986104e-05
MAR09163	9.557893847986104e-05
MAR09164	9.557893847986104e-05
MAR09165	9.557893847986104e-05
MAR09166	9.557893847986104e-05
MAR09167	9.557893847986104e-05
MAR09168	9.557893847986104e-05
MAR09169	9.557893847986104e-05
MAR09171	9.557893847986104e-05
MAR09172	9.557893847986104e-05
MAR09201	9.557893847986104e-05
MAR09202	9.557893847986104e-05
MAR09203	9.557893847986104e-05
MAR09204	9.557893847986104e-05
MAR09205	9.557893847986104e-05
MAR09206	9.557893847986104e-05
MAR09207	9.557893847986104e-05
MAR09208	9.557893847986104e-05
MAR09209	9.557893847986104e-05
MAR09210	9.557893847986104e-05
MAR09211	9.557893847986104e-05
MAR09212	9.557893847986104e-05
MAR09213	9.557893847986104e-05
MAR09214	9.557893847986104e-05
MAR09215	9.557893847986104e-05
MAR09216	9.557893847986104e-05
MAR09217	9.557893847986104e-05
MAR09218	9.557893847986104e-05
MAR09219	9.557893847986104e-05
MAR09220	9.557893847986104e-05
MAR09221	9.557893847986104e-05
MAR09222	9.557893847986104e-05
MAR09223	9.557893847986104e-05
MAR09224	9.557893847986104e-05
MAR09225	9.557893847986104e-05
MAR09226	9.557893847986104e-05
MAR09227	9.557893847986104e-05
MAR09228	9.557893847986104e-05
MAR09229	9.557893847986104e-05
MAR09230	9.557893847986104e-05
MAR09231	9.557893847986104e-05
MAR09232	9.557893847986104e-05
MAR09233	9.557893847986104e-05
MAR09234	9.557893847986104e-05
MAR09235	9.557893847986104e-05
MAR09236	9.557893847986104e-05
MAR09237	9.557893847986104e-05
MAR09238	9.557893847986104e-05
MAR09239	9.557893847986104e-05
MAR09240	9.557893847986104e-05
MAR09241	9.557893847986104e-05
MAR09242	9.557893847986104e-05
MAR09243	9.557893847986104e-05
MAR09244	9.557893847986104e-05
MAR09245	9.557893847986104e-05
MAR09246	9.557893847986104e-05
MAR09247	9.557893847986104e-05
MAR09248	9.557893847986104e-05
MAR09249	9.557893847986104e-05
MAR09250	9.557893847986104e-05
MAR09251	9.557893847986104e-05
MAR09252	9.557893847986104e-05
MAR09253	9.557893847986104e-05
MAR09254	9.557893847986104e-05
MAR09255	9.557893847986104e-05
MAR09256	9.557893847986104e-05
MAR09257	9.557893847986104e-05
MAR09258	9.557893847986104e-05
MAR09259	9.557893847986104e-05
MAR09260	9.557893847986104e-05
MAR09261	9.557893847986104e-05
MAR09262	9.557893847986104e-05
MAR09263	9.557893847986104e-05
MAR09264	9.557893847986104e-05
MAR09265	9.557893847986104e-05
MAR09266	9.557893847986104e-05
MAR09267	9.557893847986104e-05
MAR09268	9.557893847986104e-05
MAR09269	9.557893847986104e-05
MAR09270	9.557893847986104e-05
MAR09271	9.557893847986104e-05
MAR09272	9.557893847986104e-05
MAR09273	9.557893847986104e-05
MAR09275	9.557893847986104e-05
MAR09276	9.557893847986104e-05
MAR09277	9.557893847986104e-05
MAR09278	9.557893847986104e-05
MAR09279	9.557893847986104e-05
MAR09280	9.557893847986104e-05
MAR09281	9.557893847986104e-05
MAR09282	9.557893847986104e-05
MAR09283	9.557893847986104e-05
MAR09284	9.557893847986104e-05
MAR09285	9.557893847986104e-05
MAR09286	9.557893847986104e-05
MAR09287	9.557893847986104e-05
MAR09288	9.557893847986104e-05
MAR09289	9.557893847986104e-05
MAR09290	9.557893847986104e-05
MAR09291	9.557893847986104e-05
MAR09292	9.557893847986104e-05
MAR09293	9.557893847986104e-05
MAR09294	9.557893847986104e-05
MAR09295	9.557893847986104e-05
MAR09296	9.557893847986104e-05
MAR09297	9.557893847986104e-05
MAR09298	9.557893847986104e-05
MAR09299	9.557893847986104e-05
MAR09300	9.557893847986104e-05
MAR09301	9.557893847986104e-05
MAR09302	9.557893847986104e-05
MAR09303	9.557893847986104e-05
MAR09304	9.557893847986104e-05
MAR09305	9.557893847986104e-05
MAR09306	9.557893847986104e-05
MAR09307	9.557893847986104e-05
MAR09308	9.557893847986104e-05
MAR09309	9.557893847986104e-05
MAR09310	9.557893847986104e-05
MAR09311	9.557893847986104e-05
MAR09312	9.557893847986104e-05
MAR09313	9.557893847986104e-05
MAR09314	9.557893847986104e-05
MAR09315	9.557893847986104e-05
MAR09316	9.557893847986104e-05
MAR09317	9.557893847986104e-05
MAR09318	9.557893847986104e-05
MAR09319	9.557893847986104e-05
MAR09320	9.557893847986104e-05
MAR09321	9.557893847986104e-05
MAR09322	9.557893847986104e-05
MAR09323	9.557893847986104e-05
MAR09324	9.557893847986104e-05
MAR09325	9.557893847986104e-05
MAR09326	9.557893847986104e-05
MAR09327	9.557893847986104e-05
MAR09328	9.557893847986104e-05
MAR09329	9.557893847986104e-05
MAR09330	9.557893847986104e-05
MAR09331	9.557893847986104e-05
MAR09332	9.557893847986104e-05
MAR09333	9.557893847986104e-05
MAR09334	9.557893847986104e-05
MAR09335	9.557893847986104e-05
MAR09336	9.557893847986104e-05
MAR09337	9.557893847986104e-05
MAR09338	9.557893847986104e-05
MAR09339	9.557893847986104e-05
MAR09340	9.557893847986104e-05
MAR09341	9.557893847986104e-05
MAR09342	9.557893847986104e-05
MAR09343	9.557893847986104e-05
MAR09344	9.557893847986104e-05
MAR09345	9.557893847986104e-05
MAR09346	9.557893847986104e-05
MAR09347	9.557893847986104e-05
MAR09348	9.557893847986104e-05
MAR09349	9.557893847986104e-05
MAR09350	9.557893847986104e-05
MAR09351	9.557893847986104e-05
MAR09352	9.557893847986104e-05
MAR09353	9.557893847986104e-05
MAR09354	9.557893847986104e-05
MAR09355	9.557893847986104e-05
MAR09356	9.557893847986104e-05
MAR09357	9.557893847986104e-05
MAR09358	9.557893847986104e-05
MAR09359	9.557893847986104e-05
MAR09360	9.557893847986104e-05
MAR09361	9.557893847986104e-05
MAR09362	9.557893847986104e-05
MAR09363	9.557893847986104e-05
MAR09364	9.557893847986104e-05
MAR09365	9.557893847986104e-05
MAR09366	9.557893847986104e-05
MAR09367	9.557893847986104e-05
MAR09368	9.557893847986104e-05
MAR09369	9.557893847986104e-05
MAR09370	9.557893847986104e-05
MAR09371	9.557893847986104e-05
MAR09372	9.557893847986104e-05
MAR09373	9.557893847986104e-05
MAR09374	9.557893847986104e-05
MAR09375	9.557893847986104e-05
MAR09376	9.557893847986104e-05
MAR09377	9.557893847986104e-05
MAR09378	9.557893847986104e-05
MAR09379	9.557893847986104e-05
MAR09380	9.557893847986104e-05
MAR09381	9.557893847986104e-05
MAR09382	9.557893847986104e-05
MAR09383	9.557893847986104e-05
MAR09384	9.557893847986104e-05
MAR09385	9.557893847986104e-05
MAR09386	9.557893847986104e-05
MAR09387	9.557893847986104e-05
MAR09388	9.557893847986104e-05
MAR09389	9.557893847986104e-05
MAR09390	9.557893847986104e-05
MAR09391	9.557893847986104e-05
MAR09392	9.557893847986104e-05
MAR09393	9.557893847986104e-05
MAR09394	9.557893847986104e-05
MAR09395	9.557893847986104e-05
MAR09396	9.557893847986104e-05
MAR09397	9.557893847986104e-05
MAR09398	9.557893847986104e-05
MAR09399	9.557893847986104e-05
MAR09400	9.557893847986104e-05
MAR09401	9.557893847986104e-05
MAR09404	9.557893847986104e-05
MAR09405	9.557893847986104e-05
MAR09406	9.557893847986104e-05
MAR09407	9.557893847986104e-05
MAR09408	9.557893847986104e-05
MAR09409	9.557893847986104e-05
MAR09410	9.557893847986104e-05
MAR09411	9.557893847986104e-05
MAR09412	9.557893847986104e-05
MAR09413	9.557893847986104e-05
MAR09414	9.557893847986104e-05
MAR09415	9.557893847986104e-05
MAR09416	9.557893847986104e-05
MAR09417	9.557893847986104e-05
MAR09418	9.557893847986104e-05
MAR09419	9.557893847986104e-05
MAR09420	9.557893847986104e-05
MAR09421	9.557893847986104e-05
MAR09422	9.557893847986104e-05
MAR09423	9.557893847986104e-05
MAR09424	9.557893847986104e-05
MAR09425	9.557893847986104e-05
MAR09426	9.557893847986104e-05
MAR09427	9.557893847986104e-05
MAR09428	9.557893847986104e-05
MAR09429	9.557893847986104e-05
MAR09430	9.557893847986104e-05
MAR09431	9.557893847986104e-05
MAR09432	9.557893847986104e-05
MAR09433	9.557893847986104e-05
MAR09434	9.557893847986104e-05
MAR09435	9.557893847986104e-05
MAR09436	9.557893847986104e-05
MAR09437	9.557893847986104e-05
MAR09438	9.557893847986104e-05
MAR09439	9.557893847986104e-05
MAR09440	9.557893847986104e-05
MAR09441	9.557893847986104e-05
MAR09442	9.557893847986104e-05
MAR09443	9.557893847986104e-05
MAR09444	9.557893847986104e-05
MAR09445	9.557893847986104e-05
MAR09446	9.557893847986104e-05
MAR09447	9.557893847986104e-05
MAR09448	9.557893847986104e-05
MAR09449	9.557893847986104e-05
MAR09450	9.557893847986104e-05
MAR09451	9.557893847986104e-05
MAR09452	9.557893847986104e-05
MAR09453	9.557893847986104e-05
MAR09454	9.557893847986104e-05
MAR09455	9.557893847986104e-05
MAR09456	9.557893847986104e-05
MAR09457	9.557893847986104e-05
MAR09458	9.557893847986104e-05
MAR09460	9.557893847986104e-05
MAR09461	9.557893847986104e-05
MAR09462	9.557893847986104e-05
MAR09463	9.557893847986104e-05
MAR09681	9.557893847986104e-05
MAR09682	9.557893847986104e-05
MAR09683	9.557893847986104e-05
MAR09684	9.557893847986104e-05
MAR09685	9.557893847986104e-05
MAR09686	9.557893847986104e-05
MAR09687	9.557893847986104e-05
MAR09688	9.557893847986104e-05
MAR09689	9.557893847986104e-05
MAR09690	9.557893847986104e-05
MAR09691	9.557893847986104e-05
MAR09692	9.557893847986104e-05
MAR09693	9.557893847986104e-05
MAR09694	9.557893847986104e-05
MAR09695	9.557893847986104e-05
MAR09696	9.557893847986104e-05
MAR09697	9.557893847986104e-05
MAR09698	9.557893847986104e-05
MAR09699	9.557893847986104e-05
MAR09700	9.557893847986104e-05
MAR09701	9.557893847986104e-05
MAR09702	9.557893847986104e-05
MAR09703	9.557893847986104e-05
MAR09704	9.557893847986104e-05
MAR09705	9.557893847986104e-05
MAR09706	9.557893847986104e-05
MAR09707	9.557893847986104e-05
MAR09708	9.557893847986104e-05
MAR09709	9.557893847986104e-05
MAR09710	9.557893847986104e-05
MAR09711	9.557893847986104e-05
MAR09712	9.557893847986104e-05
MAR09713	9.557893847986104e-05
MAR09714	9.557893847986104e-05
MAR09715	9.557893847986104e-05
MAR09721	9.557893847986104e-05
MAR09729	9.557893847986104e-05
MAR09730	9.557893847986104e-05
MAR09725	9.557893847986104e-05
MAR00031	0.015711526747766096
MAR00021	9.557893847986104e-05
MAR00022	9.557893847986104e-05
MAR00023	9.557893847986104e-05
MAR00033	9.557893847986104e-05
MAR00034	9.557893847986104e-05
MAR00035	9.557893847986104e-05
MAR00036	9.557893847986104e-05
MAR00037	9.557893847986104e-05
MAR00038	9.557893847986104e-05
MAR00040	9.557893847986104e-05
MAR00041	9.557893847986104e-05
MAR00043	0.0002850964235314531
MAR00044	9.557893847986104e-05
MAR00045	9.557893847986104e-05
MAR00046	0.002195463841299415
MAR00047	9.557893847986104e-05
MAR00048	9.557893847986104e-05
MAR00049	9.557893847986104e-05
MAR00050	0.00025831439517940075
MAR00051	0.0036992168151469516
MAR00052	4.3872467981549836e-05
MAR00053	0.00025831439517940075
MAR00054	9.557893847986104e-05
MAR00055	0.000521999886178361
MAR00056	9.557893847986104e-05
MAR00057	0.0003612229893429793
MAR00058	3.6276342614344565e-05
MAR00060	0.0016621699730212157
MAR00061	9.557893847986104e-05
MAR00062	0.0018309879512642946
MAR00063	9.557893847986104e-05
MAR00064	0.0016621699730212157
MAR00065	4.3872467981549836e-05
MAR00066	0.0014561661584820858
MAR00067	0.0005716679195388877
MAR00068	0.0002185222216807977
MAR00069	0.00012746176633884353
MAR00070	0.00012746176633884353
MAR00071	0.00012746176633884353
MAR00072	0.008241100120274902
MAR00073	9.557893847986104e-05
MAR00074	9.557893847986104e-05
MAR00075	9.557893847986104e-05
MAR00076	0.0016621699730212157
MAR00077	9.557893847986104e-05
MAR00078	9.557893847986104e-05
MAR00079	0.0007464386270030492
MAR00080	0.046273256048669845
MAR00081	3.6276342614344565e-05
MAR00082	3.6276342614344565e-05
MAR00083	3.790593300575469e-05
MAR00084	3.790593300575469e-05
MAR00085	3.790593300575469e-05
MAR00086	0.0007421125885718461
MAR00087	3.6276342614344565e-05
MAR00088	0.0036992168151469516
MAR00089	9.557893847986104e-05
MAR00090	9.557893847986104e-05
MAR00091	0.0007492737243990373
MAR00092	0.0007421125885718461
MAR00093	0.0027009855678313834
MAR00094	0.0007523012096443035
MAR00095	3.88788073216317e-05
MAR00097	0.0027009855678313834
MAR00098	9.557893847986104e-05
MAR00099	9.557893847986104e-05
MAR00100	9.557893847986104e-05
MAR00101	0.00014837738445520662
MAR00102	0.0016621699730212157
MAR00103	0.002250792986382707
MAR00104	0.00021534253563546641
MAR00105	0.0016621699730212157
MAR00106	0.0016621699730212157
MAR00107	0.0016621699730212157
MAR00108	0.002250792986382707
MAR00109	0.00021534253563546641
MAR00110	0.0016621699730212157
MAR00111	0.0016621699730212157
MAR00112	9.557893847986104e-05
MAR00113	0.002839115432013596
MAR00114	0.002839115432013596
MAR00115	0.0009635221075194156
MAR00116	0.004593403649843027
MAR00117	0.002839115432013596
MAR00118	0.004593403649843027
MAR00119	0.014475557671230361
MAR00120	9.557893847986104e-05
MAR00121	0.0008385420757741697
MAR00122	0.0008385420757741697
MAR00123	9.557893847986104e-05
MAR00124	0.0007464386270030492
MAR00125	0.00578391698696023
MAR00126	0.00048282665074801234
MAR00127	9.557893847986104e-05
MAR00128	0.0016621699730212157
MAR00129	0.000745672600427158
MAR00130	9.557893847986104e-05
MAR00131	0.0008179144634587897
MAR00132	9.557893847986104e-05
MAR00133	0.0001397731970636748
MAR00134	0.00044785951837210836
MAR00135	9.557893847986104e-05
MAR00136	9.557893847986104e-05
MAR00137	0.0012175856731642626
MAR00138	9.557893847986104e-05
MAR00139	0.002175339456805557
MAR00140	9.557893847986104e-05
MAR00141	0.0010576334315604875
MAR00142	9.557893847986104e-05
MAR00143	0.0016621699730212157
MAR00144	0.0055945778129397015
MAR00145	0.002728129920364177
MAR00146	0.0055945778129397015
MAR00147	0.0055945778129397015
MAR00148	0.0055945778129397015
MAR00149	0.002728129920364177
MAR00150	0.002728129920364177
MAR00151	0.002728129920364177
MAR00152	0.002728129920364177
MAR00181	0.001465347672870652
MAR00186	0.001465347672870652
MAR00205	9.557893847986104e-05
MAR00218	9.557893847986104e-05
MAR00219	9.557893847986104e-05
MAR00220	9.557893847986104e-05
MAR00221	9.557893847986104e-05
MAR00222	0.010225283040281927
MAR00227	0.003291797825164858
MAR00228	0.003291797825164858
MAR00229	9.557893847986104e-05
MAR00251	9.557893847986104e-05
MAR00252	0.0016621699730212157
MAR00285	0.002019456394720068
MAR00286	9.557893847986104e-05
MAR00315	9.557893847986104e-05
MAR00316	9.557893847986104e-05
MAR00333	9.557893847986104e-05
MAR00334	4.3872467981549836e-05
MAR00441	0.0014467045949402427
MAR00442	3.6276342614344565e-05
MAR00443	0.002412005588415444
MAR00447	9.557893847986104e-05
MAR00451	0.0016621699730212157
MAR00452	0.002250792986382707
MAR00455	0.00021534253563546641
MAR00465	0.0016621699730212157
MAR00471	0.00044549005196245966
MAR00472	0.00044549005196245966
MAR00473	9.557893847986104e-05
MAR00474	9.557893847986104e-05
MAR00475	9.557893847986104e-05
MAR00480	9.557893847986104e-05
MAR00485	9.557893847986104e-05
MAR00554	9.557893847986104e-05
MAR00564	9.557893847986104e-05
MAR00565	9.557893847986104e-05
MAR00566	9.557893847986104e-05
MAR00567	9.557893847986104e-05
MAR00568	9.557893847986104e-05
MAR00569	9.557893847986104e-05
MAR00570	9.557893847986104e-05
MAR00571	9.557893847986104e-05
MAR00572	9.557893847986104e-05
MAR00573	9.557893847986104e-05
MAR00574	9.557893847986104e-05
MAR00575	9.557893847986104e-05
MAR00576	9.557893847986104e-05
MAR00577	9.557893847986104e-05
MAR00583	9.557893847986104e-05
MAR00585	9.557893847986104e-05
MAR00595	9.557893847986104e-05
MAR00603	9.557893847986104e-05
MAR00606	9.557893847986104e-05
MAR00608	9.557893847986104e-05
MAR00609	9.557893847986104e-05
MAR00611	9.557893847986104e-05
MAR00617	9.557893847986104e-05
MAR00618	9.557893847986104e-05
MAR00619	9.557893847986104e-05
MAR00620	9.557893847986104e-05
MAR00621	9.557893847986104e-05
MAR00624	9.557893847986104e-05
MAR00626	9.557893847986104e-05
MAR00628	9.557893847986104e-05
MAR00631	9.557893847986104e-05
MAR00637	9.557893847986104e-05
MAR00639	9.557893847986104e-05
MAR00650	9.557893847986104e-05
MAR00655	9.557893847986104e-05
MAR00656	9.557893847986104e-05
MAR00658	9.557893847986104e-05
MAR00661	9.557893847986104e-05
MAR00662	9.557893847986104e-05
MAR00666	9.557893847986104e-05
MAR00693	9.557893847986104e-05
MAR00694	9.557893847986104e-05
MAR00695	9.557893847986104e-05
MAR00696	9.557893847986104e-05
MAR00697	9.557893847986104e-05
MAR00698	9.557893847986104e-05
MAR00699	9.557893847986104e-05
MAR00700	9.557893847986104e-05
MAR00701	9.557893847986104e-05
MAR00702	9.557893847986104e-05
MAR00704	9.557893847986104e-05
MAR00711	9.557893847986104e-05
MAR00714	9.557893847986104e-05
MAR00720	9.557893847986104e-05
MAR00721	9.557893847986104e-05
MAR00722	9.557893847986104e-05
MAR00723	3.874054981952388e-05
MAR00724	3.874054981952388e-05
MAR00725	3.874054981952388e-05
MAR00726	3.874054981952388e-05
MAR00727	9.557893847986104e-05
MAR00728	9.557893847986104e-05
MAR00729	3.874054981952388e-05
MAR00737	0.0013308436052640864
MAR00739	4.794678506223223e-05
MAR00742	3.6276342614344565e-05
MAR00743	0.005598810944131964
MAR00745	0.005598810944131964
MAR00747	0.005598810944131964
MAR00749	0.005598810944131964
MAR00751	0.0009257828821778846
MAR00752	0.0009257828821778846
MAR00755	0.0009257828821778846
MAR00756	0.0009257828821778846
MAR00757	0.0009257828821778846
MAR00759	0.0010245859174407399
MAR00764	0.0009257828821778846
MAR00772	0.0009257828821778846
MAR00774	0.0009257828821778846
MAR00776	0.0009257828821778846
MAR00777	0.0010245859174407399
MAR00778	0.0009257828821778846
MAR00780	0.0009257828821778846
MAR00784	0.0009257828821778846
MAR00785	0.0009257828821778846
MAR00788	0.0009257828821778846
MAR00799	0.0009257828821778846
MAR00800	0.0010245859174407399
MAR00818	0.0009257828821778846
MAR00833	0.0010245859174407399
MAR00869	0.0009257828821778846
MAR00872	0.0010245859174407399
MAR00874	0.0009257828821778846
MAR00916	0.0009257828821778846
MAR00922	0.0009257828821778846
MAR00923	0.0009257828821778846
MAR00927	0.0010245859174407399
MAR00930	0.0009257828821778846
MAR00952	0.0010245859174407399
MAR00968	0.0010245859174407399
MAR00970	0.007214411000678574
MAR00972	0.0010245859174407399
MAR00974	0.0010245859174407399
MAR00975	0.0010245859174407399
MAR00977	0.0010245859174407399
MAR00978	0.0010245859174407399
MAR00982	0.0010245859174407399
MAR01001	0.0010245859174407399
MAR01005	0.0010245859174407399
MAR01012	9.557893847986104e-05
MAR01019	9.557893847986104e-05
MAR01024	9.557893847986104e-05
MAR01031	9.557893847986104e-05
MAR01032	9.557893847986104e-05
MAR01036	0.005505184627502923
MAR01038	3.7718282596926336e-05
MAR01044	0.0007812254805926521
MAR01046	9.557893847986104e-05
MAR01047	0.00025831439517940075
MAR01051	9.557893847986104e-05
MAR01052	9.557893847986104e-05
MAR01056	9.557893847986104e-05
MAR01060	9.557893847986104e-05
MAR01076	9.557893847986104e-05
MAR01078	9.557893847986104e-05
MAR01083	4.5573877612326966e-05
MAR01118	4.028505317883865e-05
MAR01141	3.6276342614344565e-05
MAR01169	0.0016679746028935762
MAR01314	3.6276342614344565e-05
MAR01340	9.557893847986104e-05
MAR01348	9.557893847986104e-05
MAR01349	9.557893847986104e-05
MAR01351	0.00011855259444196649
MAR01353	0.00514046142208021
MAR01354	9.557893847986104e-05
MAR01368	9.557893847986104e-05
MAR01369	9.557893847986104e-05
MAR01371	0.004207976068389465
MAR01372	0.0036992168151469516
MAR01377	9.557893847986104e-05
MAR01378	3.73163956962779e-05
MAR01380	0.0004708560844899179
MAR01381	9.557893847986104e-05
MAR01385	9.557893847986104e-05
MAR01386	0.0014561661584820858
MAR01396	3.6276342614344565e-05
MAR01397	0.002019456394720068
MAR01399	0.00044910466148973677
MAR01400	0.00044910466148973677
MAR01435	9.557893847986104e-05
MAR01438	9.557893847986104e-05
MAR01439	0.00021534253563546641
MAR01441	0.0016621699730212157
MAR01442	4.3872467981549836e-05
MAR01444	3.6276342614344565e-05
MAR01446	0.001575350058992593
MAR01447	9.557893847986104e-05
MAR01449	0.0008379724703208686
MAR01450	0.026811363416287908
MAR01452	0.0016621699730212157
MAR01453	0.03782155206956208
MAR01455	9.557893847986104e-05
MAR01456	0.0009635221075194156
MAR01461	9.557893847986104e-05
MAR01462	9.557893847986104e-05
MAR01463	0.00018488479281323852
MAR01464	9.557893847986104e-05
MAR01466	0.00018488479281323852
MAR01468	0.0024425044506469137
MAR01469	9.557893847986104e-05
MAR01471	9.557893847986104e-05
MAR01472	5.9107838480537174e-05
MAR01474	0.0036992168151469516
MAR01475	0.0003464307454830212
MAR01476	9.557893847986104e-05
MAR01480	9.557893847986104e-05
MAR01481	0.00021534253563546641
MAR01482	0.0016621699730212157
MAR01485	3.6276342614344565e-05
MAR01486	0.0016621699730212157
MAR01487	0.0016621699730212157
MAR01488	0.002250792986382707
MAR01489	0.00021534253563546641
MAR01491	0.0016621699730212157
MAR01492	0.0016621699730212157
MAR01497	3.6276342614344565e-05
MAR01498	0.004555137422559215
MAR01499	9.557893847986104e-05
MAR01501	3.6276342614344565e-05
MAR01506	9.557893847986104e-05
MAR01507	9.557893847986104e-05
MAR01508	0.0015660074430516283
MAR01510	0.0015660074430516283
MAR01511	0.004931482840450375
MAR01513	0.0010489289732785536
MAR01514	9.557893847986104e-05
MAR01517	0.0008712953991412797
MAR01518	9.557893847986104e-05
MAR01520	0.0006352712574063787
MAR01521	0.00011161610938580342
MAR01522	0.00011161610938580342
MAR01523	0.0036992168151469516
MAR01524	0.0019711363609176825
MAR01525	0.0003125584870083932
MAR01527	0.0009502605149640523
MAR01528	0.002565923279654898
MAR01529	0.00019121040876452937
MAR01534	3.6276342614344565e-05
MAR01537	9.557893847986104e-05
MAR01541	9.557893847986104e-05
MAR01542	0.00024184135057644409
MAR01554	3.6276342614344565e-05
MAR01555	4.3872467981549836e-05
MAR01556	0.00021534253563546641
MAR01559	0.0016621699730212157
MAR01560	3.6276342614344565e-05
MAR01561	9.557893847986104e-05
MAR01562	9.557893847986104e-05
MAR01563	9.557893847986104e-05
MAR01564	9.557893847986104e-05
MAR01566	9.557893847986104e-05
MAR01567	0.000959700705498406
MAR01569	3.6276342614344565e-05
MAR01571	3.972443111405603e-05
MAR01574	5.0539807832855716e-05
MAR01575	9.557893847986104e-05
MAR01578	9.557893847986104e-05
MAR01579	9.557893847986104e-05
MAR01580	9.557893847986104e-05
MAR01582	9.557893847986104e-05
MAR01583	0.0015808704113593067
MAR01586	0.00011260048586145334
MAR01587	9.557893847986104e-05
MAR01588	0.0016621699730212157
MAR01591	9.557893847986104e-05
MAR01594	0.0015808704113593067
MAR01596	0.0015808704113593067
MAR01597	9.557893847986104e-05
MAR01600	0.0009957572051275127
MAR01601	9.557893847986104e-05
MAR01603	0.0014360848474103984
MAR01606	0.0014360848474103984
MAR01607	9.557893847986104e-05
MAR01612	0.00024702335567890204
MAR01615	0.0006739306136816587
MAR01616	0.005629613008233715
MAR01618	0.00011324132209460139
MAR01621	9.557893847986104e-05
MAR01626	9.557893847986104e-05
MAR01628	0.0024804352360767025
MAR01633	9.557893847986104e-05
MAR01634	0.0007599693381365258
MAR01636	0.0007523012096443035
MAR01640	9.557893847986104e-05
MAR01641	9.557893847986104e-05
MAR01643	0.00025152378338289075
MAR01645	9.557893847986104e-05
MAR01647	9.557893847986104e-05
MAR01648	9.557893847986104e-05
MAR01649	0.027194462388925547
MAR01650	0.0014561661584820858
MAR01654	9.557893847986104e-05
MAR01655	0.00041044615129196384
MAR01657	9.557893847986104e-05
MAR01658	0.0016115602662071541
MAR01661	0.0015808704113593067
MAR01664	0.0015808704113593067
MAR01669	9.557893847986104e-05
MAR01671	0.0016621699730212157
MAR01674	0.001772274622502629
MAR01675	0.001772274622502629
MAR01677	0.001772274622502629
MAR01680	9.557893847986104e-05
MAR01683	9.557893847986104e-05
MAR01686	9.557893847986104e-05
MAR01688	9.557893847986104e-05
MAR01690	0.0018165237998530525
MAR01698	9.557893847986104e-05
MAR01705	9.557893847986104e-05
MAR01707	9.557893847986104e-05
MAR01711	0.0027777433838666616
MAR01712	9.557893847986104e-05
MAR01713	3.807531356753775e-05
MAR01714	0.0024328610839376816
MAR01715	0.004829279227490768
MAR01719	9.557893847986104e-05
MAR01721	0.0016621699730212157
MAR01724	9.557893847986104e-05
MAR01728	9.557893847986104e-05
MAR01731	9.557893847986104e-05
MAR01732	9.557893847986104e-05
MAR01733	9.557893847986104e-05
MAR01734	9.557893847986104e-05
MAR01736	0.00021534253563546641
MAR01755	0.0016621699730212157
MAR01757	0.00021534253563546641
MAR01763	0.0016621699730212157
MAR01773	0.00021534253563546641
MAR01775	0.0016621699730212157
MAR01779	9.557893847986104e-05
MAR01780	0.00025831439517940075
MAR01782	0.00025831439517940075
MAR01791	9.557893847986104e-05
MAR01793	0.00025831439517940075
MAR01795	9.557893847986104e-05
MAR01799	0.0016621699730212157
MAR01801	0.035494117336168536
MAR01808	0.035494117336168536
MAR01812	0.00039642203434071875
MAR01814	0.0016621699730212157
MAR01816	4.239749014569243e-05
MAR01818	0.0018068511564453178
MAR01820	3.6276342614344565e-05
MAR01821	9.557893847986104e-05
MAR01822	9.557893847986104e-05
MAR01824	9.557893847986104e-05
MAR01825	9.557893847986104e-05
MAR01826	9.557893847986104e-05
MAR01827	9.557893847986104e-05
MAR01828	9.557893847986104e-05
MAR01829	9.557893847986104e-05
MAR01849	9.557893847986104e-05
MAR01851	9.557893847986104e-05
MAR01856	9.557893847986104e-05
MAR01858	9.557893847986104e-05
MAR01860	9.557893847986104e-05
MAR01869	9.557893847986104e-05
MAR01871	9.557893847986104e-05
MAR01873	9.557893847986104e-05
MAR01912	9.557893847986104e-05
MAR01918	9.557893847986104e-05
MAR01921	9.557893847986104e-05
MAR01922	9.557893847986104e-05
MAR01923	9.557893847986104e-05
MAR01938	9.557893847986104e-05
MAR01939	9.557893847986104e-05
MAR01946	9.557893847986104e-05
MAR01947	9.557893847986104e-05
MAR01954	9.557893847986104e-05
MAR01955	9.557893847986104e-05
MAR01956	9.557893847986104e-05
MAR01957	9.557893847986104e-05
MAR01961	9.557893847986104e-05
MAR01964	9.557893847986104e-05
MAR01965	9.557893847986104e-05
MAR01966	9.557893847986104e-05
MAR01972	9.557893847986104e-05
MAR01975	9.557893847986104e-05
MAR01984	9.557893847986104e-05
MAR01986	9.557893847986104e-05
MAR02021	0.0005362393028680132
MAR02023	5.953003115655632e-05
MAR02026	0.004829279227490768
MAR02028	0.0006404818146461508
MAR02119	3.837815597677617e-05
MAR02120	0.0039404407512355875
MAR02121	0.002250792986382707
MAR02122	0.002250792986382707
MAR02123	0.002250792986382707
MAR02124	6.42910581525901e-05
MAR02125	6.42910581525901e-05
MAR02126	0.0055945778129397015
MAR02128	0.0055945778129397015
MAR02146	9.557893847986104e-05
MAR02147	0.004829279227490768
MAR02148	0.0006404818146461508
MAR02149	0.0006404818146461508
MAR02183	0.0006404818146461508
MAR02184	0.0004914804072152471
MAR02186	0.0002185222216807977
MAR02187	0.0006404818146461508
MAR02188	0.0010061425608227893
MAR02189	0.0010061425608227893
MAR02192	0.0010061425608227893
MAR02195	0.0010061425608227893
MAR02196	0.0010061425608227893
MAR02197	0.0010061425608227893
MAR02198	0.0056588947395301206
MAR02200	0.0007822755684802931
MAR02206	0.010225283040281927
MAR02207	0.0006404818146461508
MAR02216	0.00578391698696023
MAR02220	0.00578391698696023
MAR02221	3.780162053178298e-05
MAR02222	9.557893847986104e-05
MAR02223	9.557893847986104e-05
MAR02224	9.557893847986104e-05
MAR02225	9.557893847986104e-05
MAR02226	3.733962367199256e-05
MAR02271	3.6276342614344565e-05
MAR02272	7.500934570728586e-05
MAR02273	9.557893847986104e-05
MAR02274	9.557893847986104e-05
MAR02275	9.557893847986104e-05
MAR02278	9.557893847986104e-05
MAR02279	9.557893847986104e-05
MAR02280	9.557893847986104e-05
MAR02283	9.557893847986104e-05
MAR02285	9.557893847986104e-05
MAR02290	9.557893847986104e-05
MAR02291	9.557893847986104e-05
MAR02297	9.557893847986104e-05
MAR02298	9.557893847986104e-05
MAR02299	9.557893847986104e-05
MAR02300	9.557893847986104e-05
MAR02301	0.00023523956916055003
MAR02302	9.557893847986104e-05
MAR02303	0.00578391698696023
MAR02304	9.557893847986104e-05
MAR02306	0.0030204477143407726
MAR02308	0.0017415588990099004
MAR02310	0.003964419623175717
MAR02312	0.003964419623175717
MAR02313	0.003964419623175717
MAR02314	0.003964419623175717
MAR02316	9.557893847986104e-05
MAR02318	9.557893847986104e-05
MAR02320	9.557893847986104e-05
MAR02322	0.0004623896309270642
MAR02323	0.005505184627502923
MAR02325	0.005505184627502923
MAR02327	0.005505184627502923
MAR02329	3.874054981952388e-05
MAR02331	9.557893847986104e-05
MAR02333	9.557893847986104e-05
MAR02335	9.557893847986104e-05
MAR02337	0.010225283040281927
MAR02339	0.002412005588415444
MAR02340	9.557893847986104e-05
MAR02341	0.00354326294118644
MAR02346	9.557893847986104e-05
MAR02351	0.001031798609639992
MAR02352	0.04939430991490541
MAR02357	0.04939430991490541
MAR02360	9.557893847986104e-05
MAR02375	9.557893847986104e-05
MAR02377	9.557893847986104e-05
MAR02379	9.557893847986104e-05
MAR02381	0.004911928688028683
MAR02382	9.557893847986104e-05
MAR02385	0.0002317192432374349
MAR02386	0.0002317192432374349
MAR02388	0.0024257105354635335
MAR02396	3.6276342614344565e-05
MAR02398	3.6276342614344565e-05
MAR02400	3.6276342614344565e-05
MAR02402	4.822255239765513e-05
MAR02404	3.6276342614344565e-05
MAR02405	0.00578391698696023
MAR02406	0.00578391698696023
MAR02413	0.00578391698696023
MAR02414	0.00578391698696023
MAR02416	0.00578391698696023
MAR02418	0.00578391698696023
MAR02420	0.00578391698696023
MAR02422	0.00578391698696023
MAR02424	0.0013127711040271416
MAR02425	0.0013127711040271416
MAR02427	9.557893847986104e-05
MAR02429	9.557893847986104e-05
MAR02431	9.557893847986104e-05
MAR02432	9.557893847986104e-05
MAR02471	9.557893847986104e-05
MAR02473	9.557893847986104e-05
MAR02474	9.557893847986104e-05
MAR02476	9.557893847986104e-05
MAR02477	9.557893847986104e-05
MAR02479	9.557893847986104e-05
MAR02481	9.557893847986104e-05
MAR02483	0.0014360848474103984
MAR02485	0.0014360848474103984
MAR02487	0.00279425441236777
MAR02488	0.0006473390969686232
MAR02492	9.557893847986104e-05
MAR02494	0.028062476474613678
MAR02496	0.0010851801222070004
MAR02498	0.0003652843740939871
MAR02500	0.00279425441236777
MAR02502	0.0006473390969686232
MAR02504	0.00279425441236777
MAR02506	0.0006473390969686232
MAR02507	0.00279425441236777
MAR02508	0.0006473390969686232
MAR02519	0.010485170233980904
MAR02521	0.010485170233980904
MAR02523	0.0003652843740939871
MAR02525	0.002159885385807215
MAR02527	9.557893847986104e-05
MAR02529	3.6276342614344565e-05
MAR02531	0.014320334611927306
MAR02536	0.0011219716951190145
MAR02538	0.0011219716951190145
MAR02539	0.0011219716951190145
MAR02589	0.0011219716951190145
MAR02595	0.0011219716951190145
MAR02597	0.0011219716951190145
MAR02615	3.6276342614344565e-05
MAR02617	3.6276342614344565e-05
MAR02619	3.6276342614344565e-05
MAR02627	3.6276342614344565e-05
MAR02628	3.6276342614344565e-05
MAR02631	3.6276342614344565e-05
MAR02632	3.6276342614344565e-05
MAR02637	3.6276342614344565e-05
MAR02639	3.6276342614344565e-05
MAR02641	3.6276342614344565e-05
MAR02643	3.6276342614344565e-05
MAR02645	0.014320334611927306
MAR02647	3.6276342614344565e-05
MAR02694	0.014320334611927306
MAR02696	4.0277876550571237e-05
MAR02698	0.0008578800331967888
MAR02721	9.557893847986104e-05
MAR02723	3.6276342614344565e-05
MAR02725	0.0011219716951190145
MAR02728	0.0011219716951190145
MAR02743	0.0011219716951190145
MAR02747	0.0011219716951190145
MAR02749	0.0011219716951190145
MAR02751	3.6276342614344565e-05
MAR02756	0.0011219716951190145
MAR02763	0.0011219716951190145
MAR02765	0.0012641987071612278
MAR02767	4.000702422375633e-05
MAR02779	9.557893847986104e-05
MAR02781	0.0004623896309270642
MAR02782	9.557893847986104e-05
MAR02784	9.557893847986104e-05
MAR02786	0.003964419623175717
MAR02802	0.003964419623175717
MAR02804	0.0010245859174407399
MAR02808	0.0010245859174407399
MAR02810	0.0010245859174407399
MAR02818	0.0010245859174407399
MAR02820	9.557893847986104e-05
MAR02826	9.557893847986104e-05
MAR02828	9.557893847986104e-05
MAR02858	4.929421239977537e-05
MAR02860	9.557893847986104e-05
MAR02881	3.6276342614344565e-05
MAR02883	9.557893847986104e-05
MAR02885	0.000959700705498406
MAR02887	9.557893847986104e-05
MAR02889	9.557893847986104e-05
MAR02891	0.000959700705498406
MAR02893	9.557893847986104e-05
MAR02895	9.557893847986104e-05
MAR02933	9.557893847986104e-05
MAR02934	9.557893847986104e-05
MAR02935	9.557893847986104e-05
MAR02936	9.557893847986104e-05
MAR02937	9.557893847986104e-05
MAR02938	9.557893847986104e-05
MAR02939	9.557893847986104e-05
MAR02940	0.00279425441236777
MAR02941	9.557893847986104e-05
MAR02950	0.0027777433838666616
MAR02953	0.0027777433838666616
MAR02958	0.0028697193609173188
MAR02960	9.557893847986104e-05
MAR02993	9.557893847986104e-05
MAR02995	0.0028139909868166494
MAR02997	0.0034539060160325387
MAR03004	0.003299446600720587
MAR03005	3.701664847642021e-05
MAR03006	0.005747240953765069
MAR03010	0.0012808475943144769
MAR03012	0.0012808475943144769
MAR03016	9.557893847986104e-05
MAR03031	3.6276342614344565e-05
MAR03036	9.557893847986104e-05
MAR03038	3.922812221801619e-05
MAR03039	9.557893847986104e-05
MAR03040	0.000959700705498406
MAR03041	9.557893847986104e-05
MAR03042	3.6276342614344565e-05
MAR03043	4.425916576638136e-05
MAR03044	0.003818123485886286
MAR03045	4.425916576638136e-05
MAR03046	0.0028139909868166494
MAR03047	9.557893847986104e-05
MAR03048	0.00045671643490249766
MAR03049	9.557893847986104e-05
MAR03050	9.557893847986104e-05
MAR03051	3.6276342614344565e-05
MAR03052	3.6276342614344565e-05
MAR03061	0.003291797825164858
MAR03119	9.557893847986104e-05
MAR03120	9.557893847986104e-05
MAR03124	0.005560928614288153
MAR03126	9.557893847986104e-05
MAR03127	4.9306775898168e-05
MAR03131	9.557893847986104e-05
MAR03133	9.557893847986104e-05
MAR03134	3.6276342614344565e-05
MAR03138	9.557893847986104e-05
MAR03140	3.6276342614344565e-05
MAR03141	0.014320334611927306
MAR03145	4.0277876550571237e-05
MAR03147	3.6276342614344565e-05
MAR03148	0.014320334611927306
MAR03152	4.0277876550571237e-05
MAR03154	0.0028139909868166494
MAR03155	0.0028139909868166494
MAR03159	0.0028139909868166494
MAR03161	0.0028139909868166494
MAR03162	3.863108439222006e-05
MAR03165	0.0018979661467083118
MAR03167	9.557893847986104e-05
MAR03168	9.557893847986104e-05
MAR03169	3.6276342614344565e-05
MAR03207	3.6276342614344565e-05
MAR03209	0.000959700705498406
MAR03210	9.557893847986104e-05
MAR03214	0.000959700705498406
MAR03216	9.557893847986104e-05
MAR03217	9.557893847986104e-05
MAR03238	9.557893847986104e-05
MAR03248	9.557893847986104e-05
MAR03249	9.557893847986104e-05
MAR03251	3.6276342614344565e-05
MAR03253	3.6276342614344565e-05
MAR03255	9.557893847986104e-05
MAR03257	3.6276342614344565e-05
MAR03259	9.557893847986104e-05
MAR03261	9.557893847986104e-05
MAR03263	4.0277876550571237e-05
MAR03265	9.557893847986104e-05
MAR03266	9.557893847986104e-05
MAR03267	9.557893847986104e-05
MAR03268	9.557893847986104e-05
MAR03269	0.007214411000678574
MAR03270	0.0009635221075194156
MAR03271	0.0024401932454608754
MAR03273	0.003964419623175717
MAR03274	0.003964419623175717
MAR03276	0.0010245859174407399
MAR03289	0.0010245859174407399
MAR03291	0.0010245859174407399
MAR03295	0.0010245859174407399
MAR03297	0.01059310380647674
MAR03299	0.00041044615129196384
MAR03300	0.0029280625457153934
MAR03303	0.0029280625457153934
MAR03308	0.0029280625457153934
MAR03313	0.0011401458526002315
MAR03318	0.0034539060160325387
MAR03324	9.557893847986104e-05
MAR03325	0.003299446600720587
MAR03354	0.0024401932454608754
MAR03366	0.0010245859174407399
MAR03371	0.0010245859174407399
MAR03374	0.0016947374463374579
MAR03376	0.0005479972406691428
MAR03377	0.0023434872855688112
MAR03378	0.0016947374463374579
MAR03379	0.01059310380647674
MAR03380	0.007214411000678574
MAR03381	0.007214411000678574
MAR03382	9.557893847986104e-05
MAR03383	9.557893847986104e-05
MAR03384	0.0015487568359631861
MAR03385	0.0008515221800177082
MAR03386	0.0005716679195388877
MAR03387	0.003964419623175717
MAR03388	9.557893847986104e-05
MAR03389	4.794678506223223e-05
MAR03390	9.557893847986104e-05
MAR03391	0.014320334611927306
MAR03392	9.557893847986104e-05
MAR03393	0.010485170233980904
MAR03394	0.010485170233980904
MAR03395	0.010485170233980904
MAR03399	0.010485170233980904
MAR03400	3.6276342614344565e-05
MAR03401	0.010485170233980904
MAR03402	0.010485170233980904
MAR03403	0.010485170233980904
MAR03404	0.010485170233980904
MAR03405	0.010485170233980904
MAR03410	0.010485170233980904
MAR03412	0.010485170233980904
MAR03415	0.010485170233980904
MAR03417	0.010485170233980904
MAR03418	0.010485170233980904
MAR03419	9.557893847986104e-05
MAR03420	0.00014837738445520662
MAR03434	0.00014837738445520662
MAR03435	9.557893847986104e-05
MAR03436	4.000702422375633e-05
MAR03437	9.557893847986104e-05
MAR03438	0.010485170233980904
MAR03439	0.005598810944131964
MAR03440	0.010485170233980904
MAR03442	0.010485170233980904
MAR03443	0.010485170233980904
MAR03451	0.010485170233980904
MAR03465	0.010485170233980904
MAR03474	0.010485170233980904
MAR03479	0.010485170233980904
MAR03483	0.0006909932461764258
MAR03485	0.010485170233980904
MAR03487	0.010485170233980904
MAR03490	0.010485170233980904
MAR03492	0.010485170233980904
MAR03494	0.010485170233980904
MAR03495	0.010485170233980904
MAR03496	0.010485170233980904
MAR03497	0.010485170233980904
MAR03499	0.010485170233980904
MAR03500	0.010485170233980904
MAR03502	0.010485170233980904
MAR03504	0.010485170233980904
MAR03507	0.010485170233980904
MAR03516	0.010485170233980904
MAR03518	0.010485170233980904
MAR03535	0.010485170233980904
MAR03536	9.557893847986104e-05
MAR03598	9.557893847986104e-05
MAR03599	9.557893847986104e-05
MAR03600	0.0011219716951190145
MAR03601	0.0011219716951190145
MAR03602	0.0011219716951190145
MAR03603	0.0011219716951190145
MAR03604	0.010485170233980904
MAR03605	0.010485170233980904
MAR03606	0.010485170233980904
MAR03607	0.010485170233980904
MAR03608	0.010485170233980904
MAR03609	0.010485170233980904
MAR03610	0.010485170233980904
MAR03611	0.010485170233980904
MAR03612	0.010485170233980904
MAR03613	3.6276342614344565e-05
MAR03614	3.6276342614344565e-05
MAR03615	0.010485170233980904
MAR03616	0.010485170233980904
MAR03617	0.010485170233980904
MAR03618	0.005598810944131964
MAR03619	0.010485170233980904
MAR03620	9.557893847986104e-05
MAR03621	0.010485170233980904
MAR03623	9.557893847986104e-05
MAR03624	0.010485170233980904
MAR03745	9.557893847986104e-05
MAR03749	0.010485170233980904
MAR03756	0.00041044615129196384
MAR03758	9.557893847986104e-05
MAR03764	0.0009635221075194156
MAR03766	9.557893847986104e-05
MAR03768	0.000959700705498406
MAR03774	9.557893847986104e-05
MAR03776	3.6276342614344565e-05
MAR03779	0.0006942405147560971
MAR03781	0.00011260048586145334
MAR03786	0.00011260048586145334
MAR03788	0.00021360852549992204
MAR03791	0.00011260048586145334
MAR03798	0.00011260048586145334
MAR03801	0.003964419623175717
MAR03803	0.003964419623175717
MAR03805	0.003964419623175717
MAR03808	0.007130960314705309
MAR03810	0.0005464490515833629
MAR03812	0.007130960314705309
MAR03814	0.0005464490515833629
MAR03815	0.0032027470443908327
MAR03817	0.0036992168151469516
MAR03821	0.0005716679195388877
MAR03824	9.557893847986104e-05
MAR03826	3.863108439222006e-05
MAR03828	0.0018979661467083118
MAR03830	9.557893847986104e-05
MAR03834	9.557893847986104e-05
MAR03836	9.557893847986104e-05
MAR03840	9.557893847986104e-05
MAR03842	3.6276342614344565e-05
MAR03844	0.0005464490515833629
MAR03846	0.003964419623175717
MAR03872	0.003964419623175717
MAR03874	0.003964419623175717
MAR03876	0.007130960314705309
MAR03878	9.557893847986104e-05
MAR03880	9.557893847986104e-05
MAR03882	9.557893847986104e-05
MAR03884	9.557893847986104e-05
MAR03886	0.004507179969113983
MAR03887	0.0009599269352607866
MAR03888	0.0009599269352607866
MAR03891	3.6276342614344565e-05
MAR03893	3.701664847642021e-05
MAR03894	0.0009599269352607866
MAR03896	0.0009599269352607866
MAR03898	9.557893847986104e-05
MAR03900	3.701664847642021e-05
MAR03902	0.0014360848474103984
MAR03904	0.0014360848474103984
MAR03906	3.701664847642021e-05
MAR03909	9.557893847986104e-05
MAR03913	3.6276342614344565e-05
MAR03914	9.557893847986104e-05
MAR03918	0.03928913325884088
MAR03924	0.011085954702974635
MAR03926	0.005560928614288153
MAR03927	9.557893847986104e-05
MAR03930	9.557893847986104e-05
MAR03932	0.00022461378028539126
MAR03934	9.557893847986104e-05
MAR03936	9.557893847986104e-05
MAR03938	0.005560928614288153
MAR03941	0.005560928614288153
MAR03942	0.005560928614288153
MAR03943	0.005560928614288153
MAR03945	0.005560928614288153
MAR03961	0.005560928614288153
MAR03962	9.557893847986104e-05
MAR03963	0.005560928614288153
MAR03973	0.005560928614288153
MAR03976	0.005560928614288153
MAR03978	0.005560928614288153
MAR03981	0.0005464490515833629
MAR03983	0.007130960314705309
MAR03985	0.008771519434265792
MAR03990	0.0009599269352607866
MAR03994	0.0009599269352607866
MAR03997	0.0010245859174407399
MAR04001	0.0010245859174407399
MAR04003	0.0010245859174407399
MAR04007	9.557893847986104e-05
MAR04009	0.00021392386191514346
MAR04011	9.557893847986104e-05
MAR04013	9.557893847986104e-05
MAR04015	9.557893847986104e-05
MAR04017	9.557893847986104e-05
MAR04019	0.00021360852549992204
MAR04021	7.3685395059597e-05
MAR04023	0.004087126138873325
MAR04025	7.3685395059597e-05
MAR04027	7.3685395059597e-05
MAR04029	0.004087126138873325
MAR04031	7.3685395059597e-05
MAR04033	7.3685395059597e-05
MAR04035	0.004087126138873325
MAR04037	7.3685395059597e-05
MAR04039	9.557893847986104e-05
MAR04041	0.00021360852549992204
MAR04043	7.3685395059597e-05
MAR04045	0.004087126138873325
MAR04047	7.3685395059597e-05
MAR04049	9.557893847986104e-05
MAR04051	0.00021360852549992204
MAR04053	9.557893847986104e-05
MAR04055	0.00021360852549992204
MAR04057	7.3685395059597e-05
MAR04074	0.004087126138873325
MAR04076	7.3685395059597e-05
MAR04088	9.557893847986104e-05
MAR04090	0.00021360852549992204
MAR04092	9.557893847986104e-05
MAR04094	9.557893847986104e-05
MAR04096	9.557893847986104e-05
MAR04098	9.557893847986104e-05
MAR04100	9.557893847986104e-05
MAR04102	9.557893847986104e-05
MAR04104	9.557893847986104e-05
MAR04110	9.557893847986104e-05
MAR04117	9.557893847986104e-05
MAR04119	9.557893847986104e-05
MAR04129	9.557893847986104e-05
MAR04138	9.557893847986104e-05
MAR04140	9.557893847986104e-05
MAR04142	9.557893847986104e-05
MAR04146	9.557893847986104e-05
MAR04148	9.557893847986104e-05
MAR04150	9.557893847986104e-05
MAR04151	9.557893847986104e-05
MAR04153	9.557893847986104e-05
MAR04154	9.557893847986104e-05
MAR04155	9.557893847986104e-05
MAR04157	9.557893847986104e-05
MAR04161	9.557893847986104e-05
MAR04164	9.557893847986104e-05
MAR04173	9.557893847986104e-05
MAR04178	9.557893847986104e-05
MAR04181	9.557893847986104e-05
MAR04195	9.557893847986104e-05
MAR04203	9.557893847986104e-05
MAR04213	9.557893847986104e-05
MAR04215	9.557893847986104e-05
MAR04217	9.557893847986104e-05
MAR04221	9.557893847986104e-05
MAR04223	9.557893847986104e-05
MAR04226	9.557893847986104e-05
MAR04229	9.557893847986104e-05
MAR04230	9.557893847986104e-05
MAR04234	9.557893847986104e-05
MAR04236	9.557893847986104e-05
MAR04238	9.557893847986104e-05
MAR04240	9.557893847986104e-05
MAR04247	9.557893847986104e-05
MAR04256	9.557893847986104e-05
MAR04258	9.557893847986104e-05
MAR04272	9.557893847986104e-05
MAR04273	9.557893847986104e-05
MAR04286	9.557893847986104e-05
MAR04289	9.557893847986104e-05
MAR04292	9.557893847986104e-05
MAR04293	9.557893847986104e-05
MAR04294	9.557893847986104e-05
MAR04298	9.557893847986104e-05
MAR04305	9.557893847986104e-05
MAR04307	9.557893847986104e-05
MAR04309	9.557893847986104e-05
MAR04311	9.557893847986104e-05
MAR04322	9.557893847986104e-05
MAR04325	9.557893847986104e-05
MAR04327	9.557893847986104e-05
MAR04334	9.557893847986104e-05
MAR04337	9.557893847986104e-05
MAR04339	9.557893847986104e-05
MAR04341	9.557893847986104e-05
MAR04349	9.557893847986104e-05
MAR04353	9.557893847986104e-05
MAR04357	9.557893847986104e-05
MAR04359	9.557893847986104e-05
MAR04361	9.557893847986104e-05
MAR04362	9.557893847986104e-05
MAR04364	9.557893847986104e-05
MAR04366	9.557893847986104e-05
MAR04369	9.557893847986104e-05
MAR04374	9.557893847986104e-05
MAR04376	9.557893847986104e-05
MAR04378	9.557893847986104e-05
MAR04380	9.557893847986104e-05
MAR04382	9.557893847986104e-05
MAR04384	9.557893847986104e-05
MAR04389	9.557893847986104e-05
MAR04392	9.557893847986104e-05
MAR04395	9.557893847986104e-05
MAR04397	9.557893847986104e-05
MAR04405	9.557893847986104e-05
MAR04407	9.557893847986104e-05
MAR04409	9.557893847986104e-05
MAR04413	9.557893847986104e-05
MAR04438	0.0035487452156134124
MAR04439	0.0035487452156134124
MAR04441	9.557893847986104e-05
MAR04443	9.557893847986104e-05
MAR04445	0.0007854707881355405
MAR04447	0.0006473390969686232
MAR04457	0.002250792986382707
MAR04462	0.002250792986382707
MAR04475	0.002250792986382707
MAR04479	0.0016621699730212157
MAR04491	0.002250792986382707
MAR04504	0.002250792986382707
MAR04508	0.002250792986382707
MAR04509	0.0006473390969686232
MAR04511	9.557893847986104e-05
MAR04515	9.557893847986104e-05
MAR04522	0.002250792986382707
MAR04566	0.0035487452156134124
MAR04569	0.002250792986382707
MAR04571	0.002250792986382707
MAR04578	0.0035487452156134124
MAR04581	0.002250792986382707
MAR04598	0.002250792986382707
MAR04610	0.002250792986382707
MAR04613	0.002250792986382707
MAR04616	0.0035487452156134124
MAR04620	0.002250792986382707
MAR04624	0.002250792986382707
MAR04634	0.002250792986382707
MAR04636	0.002250792986382707
MAR04638	0.002250792986382707
MAR04639	0.002250792986382707
MAR04645	0.0016621699730212157
MAR04661	0.0016621699730212157
MAR04671	0.002250792986382707
MAR04674	0.0016621699730212157
MAR04677	0.0016621699730212157
MAR04678	0.0007854707881355405
MAR04707	0.002250792986382707
MAR04711	0.002250792986382707
MAR04719	0.002250792986382707
MAR04722	0.0007854707881355405
MAR04726	0.0016621699730212157
MAR04728	0.0016621699730212157
MAR04745	0.002250792986382707
MAR04749	0.002250792986382707
MAR04759	0.002250792986382707
MAR04782	0.0016621699730212157
MAR04783	9.557893847986104e-05
MAR04793	0.0013127711040271416
MAR04803	0.0013127711040271416
MAR04805	0.0030308465733567425
MAR04807	9.557893847986104e-05
MAR04809	9.557893847986104e-05
MAR04811	0.0013127711040271416
MAR04813	9.557893847986104e-05
MAR04815	9.557893847986104e-05
MAR04820	9.557893847986104e-05
MAR04821	9.557893847986104e-05
MAR04822	9.557893847986104e-05
MAR04823	9.557893847986104e-05
MAR04824	9.557893847986104e-05
MAR04825	9.557893847986104e-05
MAR04826	9.557893847986104e-05
MAR04827	9.557893847986104e-05
MAR04828	9.557893847986104e-05
MAR04829	9.557893847986104e-05
MAR04830	9.557893847986104e-05
MAR04853	9.557893847986104e-05
MAR04857	9.557893847986104e-05
MAR04859	9.557893847986104e-05
MAR04866	9.557893847986104e-05
MAR04869	9.557893847986104e-05
MAR04884	9.557893847986104e-05
MAR04886	9.557893847986104e-05
MAR04889	9.557893847986104e-05
MAR04891	9.557893847986104e-05
MAR04895	9.557893847986104e-05
MAR04897	9.557893847986104e-05
MAR04899	9.557893847986104e-05
MAR04901	9.557893847986104e-05
MAR04909	9.557893847986104e-05
MAR04918	9.557893847986104e-05
MAR04920	9.557893847986104e-05
MAR04921	9.557893847986104e-05
MAR04923	9.557893847986104e-05
MAR04925	9.557893847986104e-05
MAR04927	9.557893847986104e-05
MAR04929	9.557893847986104e-05
MAR04936	9.557893847986104e-05
MAR04943	9.557893847986104e-05
MAR04950	9.557893847986104e-05
MAR04965	9.557893847986104e-05
MAR04968	0.0009635221075194156
MAR04970	0.0023434872855688112
MAR04974	0.0005552944000231086
MAR04978	0.0009257828821778846
MAR04981	0.0010245859174407399
MAR04984	0.01059310380647674
MAR04987	0.0009635221075194156
MAR04988	0.0016947374463374579
MAR04991	0.0011829332473623688
MAR05001	0.0023434872855688112
MAR05017	0.0005552944000231086
MAR05025	0.0010245859174407399
MAR05026	0.0010245859174407399
MAR05028	0.0009957572051275127
MAR05030	0.01059310380647674
MAR05044	0.01059310380647674
MAR05069	0.0009635221075194156
MAR05081	0.0011829332473623688
MAR05083	0.01059310380647674
MAR05086	0.0009635221075194156
MAR05090	0.0016947374463374579
MAR05093	0.0011829332473623688
MAR05095	0.01059310380647674
MAR05097	0.0010245859174407399
MAR05098	0.01059310380647674
MAR05100	0.0010245859174407399
MAR05103	0.0016621699730212157
MAR05104	0.002250792986382707
MAR05106	0.0007854707881355405
MAR05108	0.0009957572051275127
MAR05110	0.007214411000678574
MAR05111	0.007214411000678574
MAR05119	0.0010245859174407399
MAR05120	0.007214411000678574
MAR05175	0.0010245859174407399
MAR05176	0.007214411000678574
MAR05177	0.007214411000678574
MAR05178	0.0010245859174407399
MAR05179	0.007214411000678574
MAR05180	0.0010245859174407399
MAR05181	0.007214411000678574
MAR05182	0.0010245859174407399
MAR05183	4.794678506223223e-05
MAR05184	0.0009957572051275127
MAR05185	0.007214411000678574
MAR05188	0.007214411000678574
MAR05189	0.0010245859174407399
MAR05190	0.007214411000678574
MAR05192	0.007214411000678574
MAR05193	0.0009635221075194156
MAR05194	0.007214411000678574
MAR05196	0.0010245859174407399
MAR05235	0.0011829332473623688
MAR05242	0.007214411000678574
MAR05256	0.0009635221075194156
MAR05293	0.0005552944000231086
MAR05298	0.004614502211497646
MAR05300	0.0010245859174407399
MAR05306	0.0016947374463374579
MAR05309	0.0011829332473623688
MAR05312	0.0023434872855688112
MAR05321	0.0005552944000231086
MAR05325	0.007214411000678574
MAR05327	0.0010245859174407399
MAR05329	0.007214411000678574
MAR05331	0.0010245859174407399
MAR05334	0.0001295443565913588
MAR05341	3.6276342614344565e-05
MAR05343	0.007214411000678574
MAR05345	0.007214411000678574
MAR05350	0.0010245859174407399
MAR05355	0.007214411000678574
MAR05357	0.007214411000678574
MAR05359	0.007214411000678574
MAR05360	0.007214411000678574
MAR05364	0.0009635221075194156
MAR05365	0.007214411000678574
MAR05366	0.0010245859174407399
MAR05367	0.0016947374463374579
MAR05368	0.0011829332473623688
MAR05369	0.007214411000678574
MAR05370	0.0016947374463374579
MAR05371	0.007214411000678574
MAR05372	0.0010245859174407399
MAR05373	0.007214411000678574
MAR05374	0.0010245859174407399
MAR05375	0.0009635221075194156
MAR05376	0.007214411000678574
MAR05377	0.0010245859174407399
MAR05378	0.007214411000678574
MAR05379	0.0009635221075194156
MAR05380	0.004614502211497646
MAR05382	0.0010245859174407399
MAR05383	0.0016947374463374579
MAR05402	0.0011829332473623688
MAR05403	0.007214411000678574
MAR05404	0.0023434872855688112
MAR05405	0.0005552944000231086
MAR05408	0.004614502211497646
MAR05410	0.0016947374463374579
MAR05412	0.0023434872855688112
MAR05421	0.0010245859174407399
MAR05425	3.6276342614344565e-05
MAR05427	3.6276342614344565e-05
MAR05428	0.0010245859174407399
MAR05431	0.0010245859174407399
MAR05456	0.002250792986382707
MAR05988	0.01059310380647674
MAR05991	0.002250792986382707
MAR05999	0.0004752827508982063
MAR06278	0.002250792986382707
MAR06280	0.0009635221075194156
MAR06281	0.0016947374463374579
MAR06282	0.0011829332473623688
MAR06284	0.0010245859174407399
MAR06285	0.0010245859174407399
MAR06319	0.01059310380647674
MAR06320	0.01059310380647674
MAR06322	0.0010245859174407399
MAR06344	0.0010245859174407399
MAR06345	0.0010245859174407399
MAR06346	9.557893847986104e-05
MAR06347	0.01059310380647674
MAR06348	3.6276342614344565e-05
MAR06349	0.008741871681063187
MAR06350	0.008741871681063187
MAR06376	0.008741871681063187
MAR06378	0.0009257828821778846
MAR06390	0.0023434872855688112
MAR06407	0.01059310380647674
MAR06418	0.0016947374463374579
MAR06437	0.007214411000678574
MAR06449	0.007214411000678574
MAR06452	0.007214411000678574
MAR06483	0.0009635221075194156
MAR06485	0.0035487452156134124
MAR06487	0.0035487452156134124
MAR06489	0.0035487452156134124
MAR06491	0.0035487452156134124
MAR06493	0.0035487452156134124
MAR06498	9.557893847986104e-05
MAR06499	0.0035487452156134124
MAR06502	0.0035487452156134124
MAR06503	0.0035487452156134124
MAR06528	0.0035487452156134124
MAR06538	0.0035487452156134124
MAR06586	0.0035487452156134124
MAR06593	0.0035487452156134124
MAR06596	0.0013127711040271416
MAR06597	0.0013127711040271416
MAR06598	0.002250792986382707
MAR06599	0.0016621699730212157
MAR06600	0.00021534253563546641
MAR06604	0.0030308465733567425
MAR06688	0.0035487452156134124
MAR06689	0.0016621699730212157
MAR06696	0.002250792986382707
MAR06698	0.00021534253563546641
MAR06724	9.557893847986104e-05
MAR06769	9.557893847986104e-05
MAR06773	9.557893847986104e-05
MAR06775	0.0009300958286037477
MAR06777	0.0006473390969686232
MAR06779	0.0009300958286037477
MAR06804	9.557893847986104e-05
MAR06805	9.557893847986104e-05
MAR06809	0.0007854707881355405
MAR06810	0.0006473390969686232
MAR06812	0.0013127711040271416
MAR06816	0.0013127711040271416
MAR06821	9.557893847986104e-05
MAR06825	0.0016621699730212157
MAR06832	0.0007854707881355405
MAR06833	9.557893847986104e-05
MAR06846	9.557893847986104e-05
MAR06847	0.0007854707881355405
MAR06852	0.0006473390969686232
MAR06859	0.008241100120274902
MAR06860	4.3475863776011085e-05
MAR06861	0.0014102716442011833
MAR06862	3.6276342614344565e-05
MAR06863	0.008241100120274902
MAR06864	0.0009264295493287514
MAR06865	3.6276342614344565e-05
MAR06866	0.0014561661584820858
MAR06867	9.557893847986104e-05
MAR06868	9.557893847986104e-05
MAR06869	9.557893847986104e-05
MAR06870	9.557893847986104e-05
MAR06871	3.6276342614344565e-05
MAR06872	0.0011643305504578502
MAR06873	9.557893847986104e-05
MAR06884	5.3265390872778215e-05
MAR06887	3.837783111354094e-05
MAR06891	3.733962367199256e-05
MAR06892	3.733962367199256e-05
MAR06893	0.0001672024421883794
MAR06896	3.6276342614344565e-05
MAR06897	0.008241100120274902
MAR06898	0.0014102716442011833
MAR06899	3.6276342614344565e-05
MAR06900	3.6276342614344565e-05
MAR06913	3.6276342614344565e-05
MAR06915	0.003818123485886286
MAR06917	3.6276342614344565e-05
MAR06919	9.557893847986104e-05
MAR06920	9.557893847986104e-05
MAR06922	9.557893847986104e-05
MAR07101	0.0011643305504578502
MAR07102	0.008241100120274902
MAR07105	0.008241100120274902
MAR07107	3.6276342614344565e-05
MAR07148	3.6276342614344565e-05
MAR07149	0.003389542324739178
MAR07150	3.6276342614344565e-05
MAR07151	0.008241100120274902
MAR07152	0.0030308465733567425
MAR07153	0.008241100120274902
MAR07154	4.4170836037832014e-05
MAR07155	3.6276342614344565e-05
MAR07156	0.0030308465733567425
MAR07157	0.0030308465733567425
MAR07158	9.557893847986104e-05
MAR07159	9.557893847986104e-05
MAR07176	9.557893847986104e-05
MAR07177	9.557893847986104e-05
MAR07178	3.6276342614344565e-05
MAR07179	3.6276342614344565e-05
MAR07189	0.008241100120274902
MAR07190	3.6276342614344565e-05
MAR07192	3.6276342614344565e-05
MAR07193	0.005613745205122429
MAR07194	4.3475863776011085e-05
MAR07195	9.557893847986104e-05
MAR07255	9.557893847986104e-05
MAR07439	9.557893847986104e-05
MAR07589	0.0014561661584820858
MAR07592	9.557893847986104e-05
MAR07593	3.6276342614344565e-05
MAR07595	3.6276342614344565e-05
MAR07657	3.6276342614344565e-05
MAR07658	0.0002317192432374349
MAR07659	9.557893847986104e-05
MAR07750	9.557893847986104e-05
MAR07751	9.557893847986104e-05
MAR07752	9.557893847986104e-05
MAR07753	0.0007454035088997816
MAR07754	9.557893847986104e-05
MAR07803	9.557893847986104e-05
MAR07805	9.557893847986104e-05
MAR07807	9.557893847986104e-05
MAR07809	9.557893847986104e-05
MAR07811	0.0007454035088997816
MAR07813	3.6276342614344565e-05
MAR07817	9.557893847986104e-05
MAR07819	9.557893847986104e-05
MAR07821	9.557893847986104e-05
MAR08111	9.557893847986104e-05
MAR08204	9.557893847986104e-05
MAR08218	0.010225283040281927
MAR08274	0.002118641372307614
MAR08301	0.0006745429380144035
MAR08386	9.557893847986104e-05
MAR08400	9.557893847986104e-05
MAR08422	9.557893847986104e-05
MAR08423	9.557893847986104e-05
MAR08644	9.557893847986104e-05
MAR08646	9.557893847986104e-05
MAR08647	9.557893847986104e-05
MAR08649	9.557893847986104e-05
MAR08650	9.557893847986104e-05
MAR08701	9.557893847986104e-05
MAR08705	9.557893847986104e-05
MAR08707	9.557893847986104e-05
MAR08708	9.557893847986104e-05
MAR08832	9.557893847986104e-05
MAR08916	9.557893847986104e-05
MAR08948	9.557893847986104e-05
MAR08949	9.557893847986104e-05
MAR08950	9.557893847986104e-05
MAR08951	9.557893847986104e-05
MAR08952	9.557893847986104e-05
MAR08953	9.557893847986104e-05
MAR08954	9.557893847986104e-05
MAR08955	9.557893847986104e-05
MAR08956	9.557893847986104e-05
MAR08957	9.557893847986104e-05
MAR08958	9.557893847986104e-05
MAR08959	9.557893847986104e-05
MAR08960	9.557893847986104e-05
MAR08961	9.557893847986104e-05
MAR08962	9.557893847986104e-05
MAR08963	9.557893847986104e-05
MAR08964	9.557893847986104e-05
MAR08965	9.557893847986104e-05
MAR08966	9.557893847986104e-05
MAR08967	9.557893847986104e-05
MAR08968	0.0005362393028680132
MAR08969	3.6276342614344565e-05
MAR08970	9.557893847986104e-05
MAR08971	0.007493401570864843
MAR08972	0.0007454035088997816
MAR08974	9.557893847986104e-05
MAR08975	9.557893847986104e-05
MAR08976	9.557893847986104e-05
MAR08977	9.557893847986104e-05
MAR08978	9.557893847986104e-05
MAR08979	9.557893847986104e-05
MAR08980	9.557893847986104e-05
MAR08981	9.557893847986104e-05
MAR08982	9.557893847986104e-05
MAR08983	9.557893847986104e-05
MAR08984	9.557893847986104e-05
MAR08986	9.557893847986104e-05
MAR08987	9.557893847986104e-05
MAR08988	9.557893847986104e-05
MAR08989	9.557893847986104e-05
MAR08991	9.557893847986104e-05
MAR08993	9.557893847986104e-05
MAR08994	9.557893847986104e-05
MAR08995	9.557893847986104e-05
MAR08996	9.557893847986104e-05
MAR08997	9.557893847986104e-05
MAR08998	9.557893847986104e-05
MAR08999	9.557893847986104e-05
MAR09000	9.557893847986104e-05
MAR09001	9.557893847986104e-05
MAR09002	9.557893847986104e-05
MAR09003	9.557893847986104e-05
MAR09004	9.557893847986104e-05
MAR09005	9.557893847986104e-05
MAR09006	9.557893847986104e-05
MAR09007	9.557893847986104e-05
MAR09008	9.557893847986104e-05
MAR09009	9.557893847986104e-05
MAR09010	9.557893847986104e-05
MAR09011	9.557893847986104e-05
MAR09012	9.557893847986104e-05
MAR09013	9.557893847986104e-05
MAR09021	9.557893847986104e-05
MAR09025	9.557893847986104e-05
MAR09026	9.557893847986104e-05
MAR09027	9.557893847986104e-05
MAR09028	9.557893847986104e-05
MAR09029	9.557893847986104e-05
MAR09030	9.557893847986104e-05
MAR09031	3.6276342614344565e-05
MAR09057	9.557893847986104e-05
MAR09059	3.6276342614344565e-05
MAR09060	9.557893847986104e-05
MAR09112	9.557893847986104e-05
MAR09170	9.557893847986104e-05
MAR09186	9.557893847986104e-05
MAR09274	0.0005727322476889996
MAR09402	0.002079601789903046
MAR09403	0.0005727322476889996
MAR09459	9.557893847986104e-05
MAR09526	9.557893847986104e-05
MAR09533	9.557893847986104e-05
MAR09576	3.6276342614344565e-05
MAR09589	9.557893847986104e-05
MAR09723	9.557893847986104e-05
MAR09736	0.006489847777786217
MAR09819	3.6276342614344565e-05
MAR09820	9.557893847986104e-05
MAR09821	9.557893847986104e-05
MAR09822	9.557893847986104e-05
MAR09823	9.557893847986104e-05
MAR09824	9.557893847986104e-05
MAR09825	9.557893847986104e-05
MAR09826	9.557893847986104e-05
MAR09827	9.557893847986104e-05
MAR09828	9.557893847986104e-05
MAR09829	9.557893847986104e-05
MAR09830	9.557893847986104e-05
MAR09831	9.557893847986104e-05
MAR09832	9.557893847986104e-05
MAR09833	9.557893847986104e-05
MAR09834	9.557893847986104e-05
MAR09835	9.557893847986104e-05
MAR09836	9.557893847986104e-05
MAR09837	9.557893847986104e-05
MAR09838	9.557893847986104e-05
MAR09839	9.557893847986104e-05
MAR09840	9.557893847986104e-05
MAR09841	9.557893847986104e-05
MAR09842	9.557893847986104e-05
MAR09843	9.557893847986104e-05
MAR09844	9.557893847986104e-05
MAR09845	9.557893847986104e-05
MAR09846	9.557893847986104e-05
MAR09847	9.557893847986104e-05
MAR09848	9.557893847986104e-05
MAR09849	9.557893847986104e-05
MAR09850	9.557893847986104e-05
MAR09851	9.557893847986104e-05
MAR09852	9.557893847986104e-05
MAR09853	9.557893847986104e-05
MAR09854	9.557893847986104e-05
MAR09855	9.557893847986104e-05
MAR09856	9.557893847986104e-05
MAR09857	9.557893847986104e-05
MAR09858	9.557893847986104e-05
MAR09859	9.557893847986104e-05
MAR09860	9.557893847986104e-05
MAR09861	9.557893847986104e-05
MAR09862	9.557893847986104e-05
MAR09863	9.557893847986104e-05
MAR09864	9.557893847986104e-05
MAR09865	9.557893847986104e-05
MAR09866	9.557893847986104e-05
MAR09867	9.557893847986104e-05
MAR09868	9.557893847986104e-05
MAR09869	4.3475863776011085e-05
MAR09870	0.0030308465733567425
MAR09871	4.3475863776011085e-05
MAR09872	4.3475863776011085e-05
MAR09873	3.6276342614344565e-05
MAR09874	3.6276342614344565e-05
MAR09875	3.6276342614344565e-05
MAR09876	4.3475863776011085e-05
MAR09877	4.0734348021809206e-05
MAR09878	0.00010434905716251524
MAR09879	6.192473047637611e-05
MAR09880	4.0734348021809206e-05
MAR09881	6.192473047637611e-05
MAR09882	0.0028713418386609657
MAR09883	3.6276342614344565e-05
MAR09884	3.6276342614344565e-05
MAR09885	3.6276342614344565e-05
MAR09886	3.6276342614344565e-05
MAR09888	4.3475863776011085e-05
MAR09889	0.00010290312626349616
MAR09890	5.7931873212321744e-05
MAR09891	4.3475863776011085e-05
MAR09892	4.3475863776011085e-05
MAR09893	6.192473047637611e-05
MAR09894	0.0003377581257485064
MAR09895	4.3475863776011085e-05
MAR09896	3.6276342614344565e-05
MAR09897	7.688917640018611e-05
MAR09898	4.3475863776011085e-05
MAR09899	9.348141184865432e-05
MAR09900	3.6276342614344565e-05
MAR09901	0.0002317192432374349
MAR09902	3.6276342614344565e-05
MAR09903	4.447238929715302e-05
MAR09904	4.3475863776011085e-05
MAR09905	0.00010434905716251524
MAR09906	6.192473047637611e-05
MAR09907	4.3475863776011085e-05
MAR09908	4.3475863776011085e-05
MAR09909	4.3475863776011085e-05
MAR09910	0.00364746904852417
MAR09911	9.557893847986104e-05
MAR09912	0.0001612780617576948
MAR09913	0.0001612780617576948
MAR09914	0.0001612780617576948
MAR09915	0.0001612780617576948
MAR09916	0.0001612780617576948
MAR09917	0.0001612780617576948
MAR09918	0.0001612780617576948
MAR09919	9.557893847986104e-05
MAR09920	9.557893847986104e-05
MAR09921	9.557893847986104e-05
MAR09922	9.557893847986104e-05
MAR09923	9.557893847986104e-05
MAR09924	9.557893847986104e-05
MAR09925	9.557893847986104e-05
MAR09926	9.557893847986104e-05
MAR09927	9.557893847986104e-05
MAR09928	9.557893847986104e-05
MAR09929	9.557893847986104e-05
MAR09930	9.557893847986104e-05
MAR09931	9.557893847986104e-05
MAR09932	9.557893847986104e-05
MAR09933	9.557893847986104e-05
MAR09934	3.6276342614344565e-05
MAR09935	9.557893847986104e-05
MAR09936	9.557893847986104e-05
MAR09937	8.24785960390065e-05
MAR09938	0.002728129920364177
MAR09939	9.557893847986104e-05
MAR09940	9.557893847986104e-05
MAR09941	9.557893847986104e-05
MAR09942	0.008134773497636695
MAR09943	0.008134773497636695
MAR09944	0.008134773497636695
MAR09945	0.008134773497636695
MAR09946	0.008134773497636695
MAR09947	0.008134773497636695
MAR09948	9.557893847986104e-05
MAR09950	9.557893847986104e-05
MAR09951	0.000392899820547542
MAR09952	9.557893847986104e-05
MAR09953	9.557893847986104e-05
MAR09954	9.557893847986104e-05
MAR09955	9.557893847986104e-05
MAR09956	9.557893847986104e-05
MAR09957	9.557893847986104e-05
MAR09958	9.557893847986104e-05
MAR09959	9.557893847986104e-05
MAR09960	9.557893847986104e-05
MAR09961	9.557893847986104e-05
MAR09962	9.557893847986104e-05
MAR09963	9.557893847986104e-05
MAR09964	9.557893847986104e-05
MAR09965	9.557893847986104e-05
MAR09966	9.557893847986104e-05
MAR09967	9.557893847986104e-05
MAR09968	9.557893847986104e-05
MAR09969	9.557893847986104e-05
MAR09970	9.557893847986104e-05
MAR09971	9.557893847986104e-05
MAR09972	9.557893847986104e-05
MAR09973	9.557893847986104e-05
MAR09974	9.557893847986104e-05
MAR09975	9.557893847986104e-05
MAR09976	9.557893847986104e-05
MAR09977	9.557893847986104e-05
MAR09978	9.557893847986104e-05
MAR09979	9.557893847986104e-05
MAR09980	9.557893847986104e-05
MAR09981	9.557893847986104e-05
MAR09982	9.557893847986104e-05
MAR09983	9.557893847986104e-05
MAR09984	9.557893847986104e-05
MAR09985	3.6276342614344565e-05
MAR09986	9.557893847986104e-05
MAR09987	9.557893847986104e-05
MAR09988	9.557893847986104e-05
MAR09989	9.557893847986104e-05
MAR09990	9.557893847986104e-05
MAR09991	9.557893847986104e-05
MAR09992	9.557893847986104e-05
MAR09993	9.557893847986104e-05
MAR09994	9.557893847986104e-05
MAR09995	9.557893847986104e-05
MAR09996	9.557893847986104e-05
MAR09997	9.557893847986104e-05
MAR09998	9.557893847986104e-05
MAR09999	9.557893847986104e-05
MAR10000	9.557893847986104e-05
MAR10001	9.557893847986104e-05
MAR10002	9.557893847986104e-05
MAR10003	9.557893847986104e-05
MAR10004	9.557893847986104e-05
MAR10005	9.557893847986104e-05
MAR10006	9.557893847986104e-05
MAR10007	9.557893847986104e-05
MAR10008	9.463595899655304e-05
MAR10009	9.557893847986104e-05
MAR10010	0.000928386355945487
MAR10011	4.218588474080296e-05
MAR10012	9.557893847986104e-05
MAR10013	9.557893847986104e-05
MAR10014	0.000928386355945487
MAR10015	9.557893847986104e-05
MAR10016	9.557893847986104e-05
MAR10017	9.557893847986104e-05
MAR10018	9.557893847986104e-05
MAR10019	9.557893847986104e-05
MAR10020	0.000928386355945487
MAR10021	9.557893847986104e-05
MAR10022	9.557893847986104e-05
MAR10032	9.557893847986104e-05
MAR10133	9.557893847986104e-05
MAR10134	9.557893847986104e-05
MAR10135	9.557893847986104e-05
MAR10136	9.557893847986104e-05
MAR10137	9.557893847986104e-05
MAR10138	9.557893847986104e-05
MAR10139	9.557893847986104e-05
MAR10140	9.557893847986104e-05
MAR10141	9.557893847986104e-05
MAR10142	9.557893847986104e-05
MAR10143	9.557893847986104e-05
MAR10144	9.557893847986104e-05
MAR10145	9.557893847986104e-05
MAR10146	9.557893847986104e-05
MAR10147	9.557893847986104e-05
MAR10148	9.557893847986104e-05
MAR10149	9.557893847986104e-05
MAR10150	9.557893847986104e-05
MAR10151	9.557893847986104e-05
MAR10152	9.557893847986104e-05
MAR10153	9.557893847986104e-05
MAR10154	9.557893847986104e-05
MAR10155	0.000928386355945487
MAR10156	9.557893847986104e-05
MAR10157	9.557893847986104e-05
MAR10158	9.557893847986104e-05
MAR10159	9.557893847986104e-05
MAR10160	9.557893847986104e-05
MAR10161	9.557893847986104e-05
MAR10162	9.557893847986104e-05
MAR10163	9.557893847986104e-05
MAR10165	9.557893847986104e-05
MAR10166	9.557893847986104e-05
MAR10167	9.557893847986104e-05
MAR10168	9.557893847986104e-05
MAR10169	9.557893847986104e-05
MAR10170	9.557893847986104e-05
MAR10171	9.557893847986104e-05
MAR10172	9.557893847986104e-05
MAR10173	9.557893847986104e-05
MAR10174	9.557893847986104e-05
MAR10175	9.557893847986104e-05
MAR10176	9.557893847986104e-05
MAR10177	9.557893847986104e-05
MAR10178	9.557893847986104e-05
MAR10179	9.557893847986104e-05
MAR10180	9.557893847986104e-05
MAR10181	9.557893847986104e-05
MAR10182	9.557893847986104e-05
MAR10183	9.557893847986104e-05
MAR10184	9.557893847986104e-05
MAR10185	9.557893847986104e-05
MAR10186	9.557893847986104e-05
MAR10187	9.557893847986104e-05
MAR10188	9.557893847986104e-05
MAR10189	9.557893847986104e-05
MAR10190	9.557893847986104e-05
MAR10191	9.557893847986104e-05
MAR10192	9.557893847986104e-05
MAR10193	9.557893847986104e-05
MAR10194	9.557893847986104e-05
MAR10195	9.557893847986104e-05
MAR10196	9.557893847986104e-05
MAR10197	9.557893847986104e-05
MAR10198	9.557893847986104e-05
MAR10199	9.557893847986104e-05
MAR10200	9.557893847986104e-05
MAR10201	9.557893847986104e-05
MAR10202	9.557893847986104e-05
MAR10203	9.557893847986104e-05
MAR10204	9.557893847986104e-05
MAR10205	9.557893847986104e-05
MAR10206	9.557893847986104e-05
MAR10207	9.557893847986104e-05
MAR10208	9.557893847986104e-05
MAR10209	9.557893847986104e-05
MAR10210	9.557893847986104e-05
MAR10211	9.557893847986104e-05
MAR10212	9.557893847986104e-05
MAR10213	9.557893847986104e-05
MAR10214	9.557893847986104e-05
MAR10215	9.557893847986104e-05
MAR10216	9.557893847986104e-05
MAR10217	9.557893847986104e-05
MAR10218	9.557893847986104e-05
MAR10219	9.557893847986104e-05
MAR10220	9.557893847986104e-05
MAR10221	9.557893847986104e-05
MAR10222	9.557893847986104e-05
MAR10223	9.557893847986104e-05
MAR10224	9.557893847986104e-05
MAR10225	9.557893847986104e-05
MAR10226	9.557893847986104e-05
MAR10227	9.557893847986104e-05
MAR10228	9.557893847986104e-05
MAR10229	9.557893847986104e-05
MAR10230	9.557893847986104e-05
MAR10231	9.557893847986104e-05
MAR10232	9.557893847986104e-05
MAR10233	9.557893847986104e-05
MAR10234	9.557893847986104e-05
MAR10235	9.557893847986104e-05
MAR10236	9.557893847986104e-05
MAR10237	9.557893847986104e-05
MAR10238	9.557893847986104e-05
MAR10239	9.557893847986104e-05
MAR10240	9.557893847986104e-05
MAR10241	9.557893847986104e-05
MAR10242	9.557893847986104e-05
MAR10243	9.557893847986104e-05
MAR10244	9.557893847986104e-05
MAR10245	9.557893847986104e-05
MAR10246	9.557893847986104e-05
MAR10247	9.557893847986104e-05
MAR10248	9.557893847986104e-05
MAR10249	9.557893847986104e-05
MAR10250	9.557893847986104e-05
MAR10251	9.557893847986104e-05
MAR10252	9.557893847986104e-05
MAR10253	9.557893847986104e-05
MAR10254	9.557893847986104e-05
MAR10255	9.557893847986104e-05
MAR10256	9.557893847986104e-05
MAR10257	9.557893847986104e-05
MAR10258	9.557893847986104e-05
MAR10259	9.557893847986104e-05
MAR10260	9.557893847986104e-05
MAR10261	9.557893847986104e-05
MAR10262	9.557893847986104e-05
MAR10263	9.557893847986104e-05
MAR10264	9.557893847986104e-05
MAR10265	9.557893847986104e-05
MAR10266	9.557893847986104e-05
MAR10267	9.557893847986104e-05
MAR10268	9.557893847986104e-05
MAR10269	9.557893847986104e-05
MAR10270	9.557893847986104e-05
MAR10271	9.557893847986104e-05
MAR10272	9.557893847986104e-05
MAR10273	9.557893847986104e-05
MAR10274	9.557893847986104e-05
MAR10275	9.557893847986104e-05
MAR10276	9.557893847986104e-05
MAR10277	9.557893847986104e-05
MAR10278	9.557893847986104e-05
MAR10279	9.557893847986104e-05
MAR10280	9.557893847986104e-05
MAR10281	9.557893847986104e-05
MAR10282	9.557893847986104e-05
MAR10283	9.557893847986104e-05
MAR10284	9.557893847986104e-05
MAR10285	9.557893847986104e-05
MAR10286	9.557893847986104e-05
MAR10287	9.557893847986104e-05
MAR10288	9.557893847986104e-05
MAR10289	9.557893847986104e-05
MAR10290	9.557893847986104e-05
MAR10291	9.557893847986104e-05
MAR10292	9.557893847986104e-05
MAR10293	9.557893847986104e-05
MAR10294	9.557893847986104e-05
MAR10295	9.557893847986104e-05
MAR10296	9.557893847986104e-05
MAR10297	9.557893847986104e-05
MAR10298	9.557893847986104e-05
MAR10299	9.557893847986104e-05
MAR10300	9.557893847986104e-05
MAR10301	9.557893847986104e-05
MAR10302	9.557893847986104e-05
MAR10303	9.557893847986104e-05
MAR10304	9.557893847986104e-05
MAR10305	9.557893847986104e-05
MAR10306	9.557893847986104e-05
MAR10307	9.557893847986104e-05
MAR10308	9.557893847986104e-05
MAR10309	9.557893847986104e-05
MAR10310	9.557893847986104e-05
MAR10311	9.557893847986104e-05
MAR10312	9.557893847986104e-05
MAR10313	9.557893847986104e-05
MAR10314	9.557893847986104e-05
MAR10315	9.557893847986104e-05
MAR10316	9.557893847986104e-05
MAR10317	9.557893847986104e-05
MAR10318	9.557893847986104e-05
MAR10319	9.557893847986104e-05
MAR10320	9.557893847986104e-05
MAR10321	9.557893847986104e-05
MAR10322	9.557893847986104e-05
MAR10323	9.557893847986104e-05
MAR10324	9.557893847986104e-05
MAR10325	9.557893847986104e-05
MAR10326	9.557893847986104e-05
MAR10327	9.557893847986104e-05
MAR10328	9.557893847986104e-05
MAR10329	9.557893847986104e-05
MAR10330	9.557893847986104e-05
MAR10331	9.557893847986104e-05
MAR10332	9.557893847986104e-05
MAR10333	9.557893847986104e-05
MAR10334	9.557893847986104e-05
MAR10335	9.557893847986104e-05
MAR10336	9.557893847986104e-05
MAR10337	9.557893847986104e-05
MAR10338	9.557893847986104e-05
MAR10339	9.557893847986104e-05
MAR10340	9.557893847986104e-05
MAR10341	9.557893847986104e-05
MAR10342	9.557893847986104e-05
MAR10343	9.557893847986104e-05
MAR10344	9.557893847986104e-05
MAR10345	9.557893847986104e-05
MAR10346	9.557893847986104e-05
MAR10347	9.557893847986104e-05
MAR10348	9.557893847986104e-05
MAR10349	9.557893847986104e-05
MAR10350	9.557893847986104e-05
MAR10351	9.557893847986104e-05
MAR10352	9.557893847986104e-05
MAR10353	9.557893847986104e-05
MAR10354	9.557893847986104e-05
MAR10355	9.557893847986104e-05
MAR10356	9.557893847986104e-05
MAR10357	9.557893847986104e-05
MAR10358	9.557893847986104e-05
MAR10359	9.557893847986104e-05
MAR10360	9.557893847986104e-05
MAR10361	9.557893847986104e-05
MAR10362	9.557893847986104e-05
MAR10363	9.557893847986104e-05
MAR10364	9.557893847986104e-05
MAR10365	9.557893847986104e-05
MAR10366	9.557893847986104e-05
MAR10367	9.557893847986104e-05
MAR10368	9.557893847986104e-05
MAR10369	9.557893847986104e-05
MAR10370	9.557893847986104e-05
MAR10371	9.557893847986104e-05
MAR10372	9.557893847986104e-05
MAR10373	9.557893847986104e-05
MAR10374	0.0019017670041612412
MAR10375	9.557893847986104e-05
MAR10376	9.557893847986104e-05
MAR10377	0.0006473390969686232
MAR10378	9.557893847986104e-05
MAR10379	9.557893847986104e-05
MAR10380	9.557893847986104e-05
MAR10381	9.557893847986104e-05
MAR10382	9.557893847986104e-05
MAR10383	9.557893847986104e-05
MAR10384	9.557893847986104e-05
MAR10385	9.557893847986104e-05
MAR10386	9.557893847986104e-05
MAR10387	9.557893847986104e-05
MAR10388	9.557893847986104e-05
MAR10389	9.557893847986104e-05
MAR10390	9.557893847986104e-05
MAR10391	9.557893847986104e-05
MAR10392	9.557893847986104e-05
MAR10393	9.557893847986104e-05
MAR10394	9.557893847986104e-05
MAR10395	9.557893847986104e-05
MAR10396	9.557893847986104e-05
MAR10397	9.557893847986104e-05
MAR10398	9.557893847986104e-05
MAR10399	9.557893847986104e-05
MAR10400	9.557893847986104e-05
MAR10401	9.557893847986104e-05
MAR10402	9.557893847986104e-05
MAR10403	9.557893847986104e-05
MAR10404	9.557893847986104e-05
MAR10405	9.557893847986104e-05
MAR10406	9.557893847986104e-05
MAR10407	9.557893847986104e-05
MAR10408	9.557893847986104e-05
MAR10409	9.557893847986104e-05
MAR10411	9.557893847986104e-05
MAR10412	9.557893847986104e-05
MAR10413	9.557893847986104e-05
MAR10414	9.557893847986104e-05
MAR10415	9.557893847986104e-05
MAR10416	9.557893847986104e-05
MAR10417	9.557893847986104e-05
MAR10418	9.557893847986104e-05
MAR10419	9.557893847986104e-05
MAR10420	9.557893847986104e-05
MAR10421	9.557893847986104e-05
MAR10422	9.557893847986104e-05
MAR10423	9.557893847986104e-05
MAR10424	9.557893847986104e-05
MAR10425	9.557893847986104e-05
MAR10426	9.557893847986104e-05
MAR10427	9.557893847986104e-05
MAR10428	9.557893847986104e-05
MAR10429	9.557893847986104e-05
MAR10430	9.557893847986104e-05
MAR10431	9.557893847986104e-05
MAR10432	9.557893847986104e-05
MAR10434	9.557893847986104e-05
MAR10435	9.557893847986104e-05
MAR10436	9.557893847986104e-05
MAR10437	9.557893847986104e-05
MAR10438	9.557893847986104e-05
MAR10439	9.557893847986104e-05
MAR10440	9.557893847986104e-05
MAR10441	9.557893847986104e-05
MAR10442	9.557893847986104e-05
MAR10443	9.557893847986104e-05
MAR10444	9.557893847986104e-05
MAR10445	3.790593300575469e-05
MAR10446	3.790593300575469e-05
MAR10448	9.557893847986104e-05
MAR10449	9.557893847986104e-05
MAR10450	9.557893847986104e-05
MAR10451	0.000928386355945487
MAR10452	0.000928386355945487
MAR10453	0.0010344196485363112
MAR10454	0.0010344196485363112
MAR10455	9.557893847986104e-05
MAR10456	9.557893847986104e-05
MAR10457	9.557893847986104e-05
MAR10458	9.557893847986104e-05
MAR10459	3.6276342614344565e-05
MAR10460	3.697580839359345e-05
MAR10461	4.541777976781661e-05
MAR10462	3.697580839359345e-05
MAR10463	9.557893847986104e-05
MAR10464	3.6276342614344565e-05
MAR10465	9.557893847986104e-05
MAR10466	9.557893847986104e-05
MAR10468	9.557893847986104e-05
MAR10470	9.557893847986104e-05
MAR10472	9.557893847986104e-05
MAR10473	9.557893847986104e-05
MAR10474	9.557893847986104e-05
MAR10475	9.557893847986104e-05
MAR10476	9.557893847986104e-05
MAR10477	9.557893847986104e-05
MAR10478	9.557893847986104e-05
MAR10479	9.557893847986104e-05
MAR10480	9.557893847986104e-05
MAR10481	9.557893847986104e-05
MAR10482	9.557893847986104e-05
MAR10483	9.557893847986104e-05
MAR10484	9.557893847986104e-05
MAR10485	9.557893847986104e-05
MAR10486	9.557893847986104e-05
MAR10487	9.557893847986104e-05
MAR10488	9.557893847986104e-05
MAR10489	9.557893847986104e-05
MAR10490	9.557893847986104e-05
MAR10491	9.557893847986104e-05
MAR10492	9.557893847986104e-05
MAR10493	9.557893847986104e-05
MAR10494	9.557893847986104e-05
MAR10495	9.557893847986104e-05
MAR10496	9.557893847986104e-05
MAR10497	9.557893847986104e-05
MAR10498	9.557893847986104e-05
MAR10499	9.557893847986104e-05
MAR10500	9.557893847986104e-05
MAR10501	9.557893847986104e-05
MAR10502	9.557893847986104e-05
MAR10503	9.557893847986104e-05
MAR10504	9.557893847986104e-05
MAR10505	9.557893847986104e-05
MAR10506	9.557893847986104e-05
MAR10507	9.557893847986104e-05
MAR10508	9.557893847986104e-05
MAR10509	9.557893847986104e-05
MAR10510	9.557893847986104e-05
MAR10511	9.557893847986104e-05
MAR10512	9.557893847986104e-05
MAR10513	9.557893847986104e-05
MAR10514	9.557893847986104e-05
MAR10515	9.557893847986104e-05
MAR10516	9.557893847986104e-05
MAR10517	9.557893847986104e-05
MAR10518	9.557893847986104e-05
MAR10519	9.557893847986104e-05
MAR10520	9.557893847986104e-05
MAR10521	9.557893847986104e-05
MAR10522	9.557893847986104e-05
MAR10523	9.557893847986104e-05
MAR10524	9.557893847986104e-05
MAR10525	9.557893847986104e-05
MAR10526	9.557893847986104e-05
MAR10527	9.557893847986104e-05
MAR10528	9.557893847986104e-05
MAR10529	9.557893847986104e-05
MAR10530	9.557893847986104e-05
MAR10531	9.557893847986104e-05
MAR10532	9.557893847986104e-05
MAR10533	9.557893847986104e-05
MAR10534	9.557893847986104e-05
MAR10535	9.557893847986104e-05
MAR10536	9.557893847986104e-05
MAR10537	9.557893847986104e-05
MAR10538	9.557893847986104e-05
MAR10539	9.557893847986104e-05
MAR10540	9.557893847986104e-05
MAR10541	9.557893847986104e-05
MAR10542	9.557893847986104e-05
MAR10543	9.557893847986104e-05
MAR10544	9.557893847986104e-05
MAR10545	9.557893847986104e-05
MAR10546	9.557893847986104e-05
MAR10547	9.557893847986104e-05
MAR10548	9.557893847986104e-05
MAR10549	9.557893847986104e-05
MAR10550	9.557893847986104e-05
MAR10551	9.557893847986104e-05
MAR10552	9.557893847986104e-05
MAR10553	9.557893847986104e-05
MAR10554	9.557893847986104e-05
MAR10555	9.557893847986104e-05
MAR10556	9.557893847986104e-05
MAR10557	9.557893847986104e-05
MAR10558	9.557893847986104e-05
MAR10559	9.557893847986104e-05
MAR10560	9.557893847986104e-05
MAR10561	9.557893847986104e-05
MAR10562	9.557893847986104e-05
MAR10563	9.557893847986104e-05
MAR10564	9.557893847986104e-05
MAR10565	9.557893847986104e-05
MAR10566	9.557893847986104e-05
MAR10567	9.557893847986104e-05
MAR10568	9.557893847986104e-05
MAR10569	9.557893847986104e-05
MAR10570	9.557893847986104e-05
MAR10571	9.557893847986104e-05
MAR10572	9.557893847986104e-05
MAR10573	9.557893847986104e-05
MAR10574	9.557893847986104e-05
MAR10575	9.557893847986104e-05
MAR10576	9.557893847986104e-05
MAR10577	9.557893847986104e-05
MAR10578	9.557893847986104e-05
MAR10579	9.557893847986104e-05
MAR10580	9.557893847986104e-05
MAR10581	9.557893847986104e-05
MAR10582	9.557893847986104e-05
MAR10583	9.557893847986104e-05
MAR10584	9.557893847986104e-05
MAR10585	9.557893847986104e-05
MAR10586	9.557893847986104e-05
MAR10587	9.557893847986104e-05
MAR10588	9.557893847986104e-05
MAR10589	9.557893847986104e-05
MAR10590	9.557893847986104e-05
MAR10591	9.557893847986104e-05
MAR10592	9.557893847986104e-05
MAR10593	9.557893847986104e-05
MAR10594	9.557893847986104e-05
MAR10595	9.557893847986104e-05
MAR10596	9.557893847986104e-05
MAR10597	9.557893847986104e-05
MAR10598	9.557893847986104e-05
MAR10599	9.557893847986104e-05
MAR10600	9.557893847986104e-05
MAR10601	9.557893847986104e-05
MAR10602	9.557893847986104e-05
MAR10603	9.557893847986104e-05
MAR10604	9.557893847986104e-05
MAR10605	9.557893847986104e-05
MAR10606	9.557893847986104e-05
MAR10607	9.557893847986104e-05
MAR10608	9.557893847986104e-05
MAR10609	9.557893847986104e-05
MAR10610	9.557893847986104e-05
MAR10611	9.557893847986104e-05
MAR10612	9.557893847986104e-05
MAR10613	9.557893847986104e-05
MAR10614	9.557893847986104e-05
MAR10615	9.557893847986104e-05
MAR10616	9.557893847986104e-05
MAR10617	9.557893847986104e-05
MAR10618	9.557893847986104e-05
MAR10619	9.557893847986104e-05
MAR10620	9.557893847986104e-05
MAR10621	9.557893847986104e-05
MAR10622	9.557893847986104e-05
MAR10623	9.557893847986104e-05
MAR10624	9.557893847986104e-05
MAR10625	9.557893847986104e-05
MAR10626	9.557893847986104e-05
MAR10627	9.557893847986104e-05
MAR10628	9.557893847986104e-05
MAR10629	9.557893847986104e-05
MAR10630	9.557893847986104e-05
MAR10631	9.557893847986104e-05
MAR10632	9.557893847986104e-05
MAR10633	9.557893847986104e-05
MAR10634	9.557893847986104e-05
MAR10635	9.557893847986104e-05
MAR10636	9.557893847986104e-05
MAR10637	9.557893847986104e-05
MAR10638	9.557893847986104e-05
MAR10639	9.557893847986104e-05
MAR10640	9.557893847986104e-05
MAR10641	9.557893847986104e-05
MAR10642	9.557893847986104e-05
MAR10643	9.557893847986104e-05
MAR10644	9.557893847986104e-05
MAR10645	9.557893847986104e-05
MAR10646	9.557893847986104e-05
MAR10647	9.557893847986104e-05
MAR10648	9.557893847986104e-05
MAR10649	9.557893847986104e-05
MAR10650	9.557893847986104e-05
MAR10651	9.557893847986104e-05
MAR10652	9.557893847986104e-05
MAR10653	9.557893847986104e-05
MAR10654	9.557893847986104e-05
MAR10655	9.557893847986104e-05
MAR10656	9.557893847986104e-05
MAR10657	9.557893847986104e-05
MAR10658	9.557893847986104e-05
MAR10659	9.557893847986104e-05
MAR10660	9.557893847986104e-05
MAR10661	9.557893847986104e-05
MAR10662	9.557893847986104e-05
MAR10663	9.557893847986104e-05
MAR10664	9.557893847986104e-05
MAR10665	9.557893847986104e-05
MAR10666	9.557893847986104e-05
MAR10667	9.557893847986104e-05
MAR10668	9.557893847986104e-05
MAR10669	9.557893847986104e-05
MAR10670	9.557893847986104e-05
MAR10671	9.557893847986104e-05
MAR10672	9.557893847986104e-05
MAR10673	9.557893847986104e-05
MAR10674	9.557893847986104e-05
MAR10675	9.557893847986104e-05
MAR10676	9.557893847986104e-05
MAR10677	9.557893847986104e-05
MAR10678	9.557893847986104e-05
MAR10679	9.557893847986104e-05
MAR10680	9.557893847986104e-05
MAR10681	9.557893847986104e-05
MAR10682	9.557893847986104e-05
MAR10683	9.557893847986104e-05
MAR10684	9.557893847986104e-05
MAR10685	9.557893847986104e-05
MAR10686	9.557893847986104e-05
MAR10687	9.557893847986104e-05
MAR10688	9.557893847986104e-05
MAR10689	9.557893847986104e-05
MAR10690	9.557893847986104e-05
MAR10691	9.557893847986104e-05
MAR10692	9.557893847986104e-05
MAR10693	9.557893847986104e-05
MAR10694	9.557893847986104e-05
MAR10695	9.557893847986104e-05
MAR10696	9.557893847986104e-05
MAR10697	9.557893847986104e-05
MAR10698	9.557893847986104e-05
MAR10699	9.557893847986104e-05
MAR10700	9.557893847986104e-05
MAR10701	9.557893847986104e-05
MAR10702	9.557893847986104e-05
MAR10703	9.557893847986104e-05
MAR10704	9.557893847986104e-05
MAR10705	9.557893847986104e-05
MAR10706	9.557893847986104e-05
MAR10707	9.557893847986104e-05
MAR10708	9.557893847986104e-05
MAR10709	9.557893847986104e-05
MAR10710	9.557893847986104e-05
MAR10711	9.557893847986104e-05
MAR10712	9.557893847986104e-05
MAR10713	9.557893847986104e-05
MAR10714	9.557893847986104e-05
MAR10715	9.557893847986104e-05
MAR10716	9.557893847986104e-05
MAR10717	9.557893847986104e-05
MAR10718	9.557893847986104e-05
MAR10719	9.557893847986104e-05
MAR10720	9.557893847986104e-05
MAR10721	9.557893847986104e-05
MAR10722	9.557893847986104e-05
MAR10723	9.557893847986104e-05
MAR10724	9.557893847986104e-05
MAR10725	9.557893847986104e-05
MAR10726	9.557893847986104e-05
MAR10727	9.557893847986104e-05
MAR10728	9.557893847986104e-05
MAR10729	9.557893847986104e-05
MAR10730	9.557893847986104e-05
MAR10731	9.557893847986104e-05
MAR10732	9.557893847986104e-05
MAR10733	9.557893847986104e-05
MAR10734	9.557893847986104e-05
MAR10735	9.557893847986104e-05
MAR10736	9.557893847986104e-05
MAR10737	9.557893847986104e-05
MAR10738	9.557893847986104e-05
MAR10739	3.849964448132979e-05
MAR10740	3.849964448132979e-05
MAR10741	3.849964448132979e-05
MAR10742	3.849964448132979e-05
MAR10743	3.849964448132979e-05
MAR10744	3.849964448132979e-05
MAR10745	3.849964448132979e-05
MAR10746	3.849964448132979e-05
MAR10747	3.849964448132979e-05
MAR10748	3.849964448132979e-05
MAR10749	3.849964448132979e-05
MAR10750	3.849964448132979e-05
MAR10751	3.849964448132979e-05
MAR10752	3.849964448132979e-05
MAR10753	3.849964448132979e-05
MAR10754	3.849964448132979e-05
MAR10755	3.849964448132979e-05
MAR10756	3.849964448132979e-05
MAR10757	3.849964448132979e-05
MAR10758	3.849964448132979e-05
MAR10759	3.849964448132979e-05
MAR10760	3.849964448132979e-05
MAR10761	3.849964448132979e-05
MAR10762	3.849964448132979e-05
MAR10763	3.849964448132979e-05
MAR10764	3.849964448132979e-05
MAR10765	3.849964448132979e-05
MAR10766	3.849964448132979e-05
MAR10767	3.849964448132979e-05
MAR10768	3.849964448132979e-05
MAR10769	3.849964448132979e-05
MAR10770	3.849964448132979e-05
MAR10771	3.849964448132979e-05
MAR10772	3.849964448132979e-05
MAR10773	3.849964448132979e-05
MAR10774	3.849964448132979e-05
MAR10775	3.849964448132979e-05
MAR10776	3.849964448132979e-05
MAR10777	3.849964448132979e-05
MAR10778	3.849964448132979e-05
MAR10779	3.849964448132979e-05
MAR10780	3.849964448132979e-05
MAR10781	3.849964448132979e-05
MAR10782	3.849964448132979e-05
MAR10783	3.849964448132979e-05
MAR10784	3.849964448132979e-05
MAR10785	3.849964448132979e-05
MAR10786	3.849964448132979e-05
MAR10787	3.849964448132979e-05
MAR10788	3.849964448132979e-05
MAR10789	3.849964448132979e-05
MAR10790	3.849964448132979e-05
MAR10791	3.849964448132979e-05
MAR10792	3.849964448132979e-05
MAR10793	3.849964448132979e-05
MAR10794	3.849964448132979e-05
MAR10795	3.849964448132979e-05
MAR10796	3.849964448132979e-05
MAR10797	3.849964448132979e-05
MAR10798	3.849964448132979e-05
MAR10799	3.849964448132979e-05
MAR10800	3.849964448132979e-05
MAR10801	3.849964448132979e-05
MAR10802	3.849964448132979e-05
MAR10803	3.849964448132979e-05
MAR10804	3.849964448132979e-05
MAR10805	3.849964448132979e-05
MAR10806	3.849964448132979e-05
MAR10807	3.849964448132979e-05
MAR10808	3.849964448132979e-05
MAR10809	3.849964448132979e-05
MAR10810	3.849964448132979e-05
MAR10811	3.849964448132979e-05
MAR10812	3.849964448132979e-05
MAR10813	3.849964448132979e-05
MAR10814	3.849964448132979e-05
MAR10815	3.849964448132979e-05
MAR10816	3.849964448132979e-05
MAR10817	3.849964448132979e-05
MAR10818	3.849964448132979e-05
MAR10819	3.849964448132979e-05
MAR10820	3.849964448132979e-05
MAR10821	3.849964448132979e-05
MAR10822	3.849964448132979e-05
MAR10823	3.849964448132979e-05
MAR10824	3.849964448132979e-05
MAR10825	3.849964448132979e-05
MAR10826	3.849964448132979e-05
MAR10827	3.849964448132979e-05
MAR10828	3.849964448132979e-05
MAR10829	3.849964448132979e-05
MAR10830	3.849964448132979e-05
MAR10831	3.849964448132979e-05
MAR10832	3.849964448132979e-05
MAR10833	3.849964448132979e-05
MAR10834	3.849964448132979e-05
MAR10835	3.849964448132979e-05
MAR10836	3.849964448132979e-05
MAR10837	3.849964448132979e-05
MAR10838	3.849964448132979e-05
MAR10839	3.849964448132979e-05
MAR10840	3.849964448132979e-05
MAR10841	3.849964448132979e-05
MAR10842	3.849964448132979e-05
MAR10843	3.849964448132979e-05
MAR10844	3.849964448132979e-05
MAR10845	3.849964448132979e-05
MAR10846	3.849964448132979e-05
MAR10847	3.849964448132979e-05
MAR10848	3.849964448132979e-05
MAR10849	3.849964448132979e-05
MAR10850	3.849964448132979e-05
MAR10851	3.849964448132979e-05
MAR10852	3.849964448132979e-05
MAR10853	3.849964448132979e-05
MAR10854	3.849964448132979e-05
MAR10855	3.849964448132979e-05
MAR10856	3.849964448132979e-05
MAR10857	3.849964448132979e-05
MAR10858	3.849964448132979e-05
MAR10859	3.849964448132979e-05
MAR10860	3.849964448132979e-05
MAR10861	3.849964448132979e-05
MAR10862	3.849964448132979e-05
MAR10863	3.849964448132979e-05
MAR10864	3.849964448132979e-05
MAR10865	3.849964448132979e-05
MAR10866	3.849964448132979e-05
MAR10867	3.849964448132979e-05
MAR10868	3.849964448132979e-05
MAR10869	3.849964448132979e-05
MAR10870	3.849964448132979e-05
MAR10871	3.849964448132979e-05
MAR10872	3.849964448132979e-05
MAR10873	3.849964448132979e-05
MAR10874	3.849964448132979e-05
MAR10875	3.849964448132979e-05
MAR10876	3.849964448132979e-05
MAR10877	3.849964448132979e-05
MAR10878	3.849964448132979e-05
MAR10879	3.849964448132979e-05
MAR10880	3.849964448132979e-05
MAR10881	3.849964448132979e-05
MAR10882	3.849964448132979e-05
MAR10883	3.849964448132979e-05
MAR10884	3.849964448132979e-05
MAR10885	3.849964448132979e-05
MAR10886	3.849964448132979e-05
MAR10887	3.849964448132979e-05
MAR10888	3.849964448132979e-05
MAR10889	3.849964448132979e-05
MAR10890	3.849964448132979e-05
MAR10891	3.849964448132979e-05
MAR10892	3.849964448132979e-05
MAR10893	3.849964448132979e-05
MAR10894	3.849964448132979e-05
MAR10895	3.849964448132979e-05
MAR10896	3.849964448132979e-05
MAR10897	3.849964448132979e-05
MAR10898	3.849964448132979e-05
MAR10899	3.849964448132979e-05
MAR10900	3.849964448132979e-05
MAR10901	3.849964448132979e-05
MAR10902	3.849964448132979e-05
MAR10903	3.849964448132979e-05
MAR10904	3.849964448132979e-05
MAR10905	3.849964448132979e-05
MAR10906	3.849964448132979e-05
MAR10907	3.849964448132979e-05
MAR10908	3.849964448132979e-05
MAR10909	3.849964448132979e-05
MAR10910	3.849964448132979e-05
MAR10911	3.849964448132979e-05
MAR10912	3.849964448132979e-05
MAR10913	3.849964448132979e-05
MAR10914	3.849964448132979e-05
MAR10915	3.849964448132979e-05
MAR10916	3.849964448132979e-05
MAR10917	3.849964448132979e-05
MAR10918	3.849964448132979e-05
MAR10919	3.849964448132979e-05
MAR10920	3.849964448132979e-05
MAR10921	3.849964448132979e-05
MAR10922	3.849964448132979e-05
MAR10923	3.849964448132979e-05
MAR10924	3.849964448132979e-05
MAR10925	3.849964448132979e-05
MAR10926	3.849964448132979e-05
MAR10927	3.849964448132979e-05
MAR10928	3.849964448132979e-05
MAR10929	3.849964448132979e-05
MAR10930	3.849964448132979e-05
MAR10931	3.849964448132979e-05
MAR10932	3.849964448132979e-05
MAR10933	3.849964448132979e-05
MAR10934	3.849964448132979e-05
MAR10935	3.849964448132979e-05
MAR10936	3.849964448132979e-05
MAR10937	3.849964448132979e-05
MAR10938	3.849964448132979e-05
MAR10939	3.849964448132979e-05
MAR10940	3.849964448132979e-05
MAR10941	3.849964448132979e-05
MAR10942	3.849964448132979e-05
MAR10943	3.849964448132979e-05
MAR10944	3.849964448132979e-05
MAR10945	3.849964448132979e-05
MAR10946	3.849964448132979e-05
MAR10947	3.849964448132979e-05
MAR10948	3.849964448132979e-05
MAR10949	3.849964448132979e-05
MAR10950	3.849964448132979e-05
MAR10951	3.849964448132979e-05
MAR10952	3.849964448132979e-05
MAR10953	3.849964448132979e-05
MAR10954	3.849964448132979e-05
MAR10955	3.849964448132979e-05
MAR10956	3.849964448132979e-05
MAR10957	3.849964448132979e-05
MAR10958	3.849964448132979e-05
MAR10959	3.849964448132979e-05
MAR10960	3.849964448132979e-05
MAR10961	3.849964448132979e-05
MAR10962	3.849964448132979e-05
MAR10963	3.849964448132979e-05
MAR10964	3.849964448132979e-05
MAR10965	3.849964448132979e-05
MAR10966	3.849964448132979e-05
MAR10967	3.849964448132979e-05
MAR10968	3.849964448132979e-05
MAR10969	3.849964448132979e-05
MAR10970	3.849964448132979e-05
MAR10971	3.849964448132979e-05
MAR10972	3.849964448132979e-05
MAR10973	3.849964448132979e-05
MAR10974	3.849964448132979e-05
MAR10975	3.849964448132979e-05
MAR10976	3.849964448132979e-05
MAR10977	3.849964448132979e-05
MAR10978	3.849964448132979e-05
MAR10979	3.849964448132979e-05
MAR10980	3.849964448132979e-05
MAR10981	9.557893847986104e-05
MAR10982	9.557893847986104e-05
MAR10983	9.557893847986104e-05
MAR10984	9.557893847986104e-05
MAR10985	9.557893847986104e-05
MAR10986	9.557893847986104e-05
MAR10987	9.557893847986104e-05
MAR10988	9.557893847986104e-05
MAR10989	9.557893847986104e-05
MAR10990	9.557893847986104e-05
MAR10991	9.557893847986104e-05
MAR10992	9.557893847986104e-05
MAR10993	9.557893847986104e-05
MAR10994	9.557893847986104e-05
MAR10995	9.557893847986104e-05
MAR10996	9.557893847986104e-05
MAR10997	9.557893847986104e-05
MAR10998	9.557893847986104e-05
MAR10999	9.557893847986104e-05
MAR11000	9.557893847986104e-05
MAR11001	9.557893847986104e-05
MAR11002	9.557893847986104e-05
MAR11003	9.557893847986104e-05
MAR11004	9.557893847986104e-05
MAR11005	9.557893847986104e-05
MAR11006	9.557893847986104e-05
MAR11007	9.557893847986104e-05
MAR11008	9.557893847986104e-05
MAR11009	9.557893847986104e-05
MAR11010	9.557893847986104e-05
MAR11011	9.557893847986104e-05
MAR11012	9.557893847986104e-05
MAR11013	9.557893847986104e-05
MAR11014	9.557893847986104e-05
MAR11015	9.557893847986104e-05
MAR11016	9.557893847986104e-05
MAR11017	9.557893847986104e-05
MAR11018	9.557893847986104e-05
MAR11019	9.557893847986104e-05
MAR11020	9.557893847986104e-05
MAR11021	9.557893847986104e-05
MAR11022	9.557893847986104e-05
MAR11023	9.557893847986104e-05
MAR11024	9.557893847986104e-05
MAR11025	9.557893847986104e-05
MAR11026	9.557893847986104e-05
MAR11027	9.557893847986104e-05
MAR11028	9.557893847986104e-05
MAR11029	9.557893847986104e-05
MAR11030	9.557893847986104e-05
MAR11031	9.557893847986104e-05
MAR11032	9.557893847986104e-05
MAR11033	9.557893847986104e-05
MAR11034	9.557893847986104e-05
MAR11035	9.557893847986104e-05
MAR11036	9.557893847986104e-05
MAR11037	9.557893847986104e-05
MAR11038	9.557893847986104e-05
MAR11039	9.557893847986104e-05
MAR11040	9.557893847986104e-05
MAR11041	9.557893847986104e-05
MAR11042	9.557893847986104e-05
MAR11043	9.557893847986104e-05
MAR11044	9.557893847986104e-05
MAR11045	9.557893847986104e-05
MAR11046	9.557893847986104e-05
MAR11047	9.557893847986104e-05
MAR11048	9.557893847986104e-05
MAR11049	9.557893847986104e-05
MAR11050	9.557893847986104e-05
MAR11051	9.557893847986104e-05
MAR11052	9.557893847986104e-05
MAR11053	9.557893847986104e-05
MAR11054	9.557893847986104e-05
MAR11055	9.557893847986104e-05
MAR11056	9.557893847986104e-05
MAR11057	9.557893847986104e-05
MAR11058	9.557893847986104e-05
MAR11059	9.557893847986104e-05
MAR11060	9.557893847986104e-05
MAR11061	9.557893847986104e-05
MAR11062	9.557893847986104e-05
MAR11063	9.557893847986104e-05
MAR11064	9.557893847986104e-05
MAR11065	9.557893847986104e-05
MAR11066	9.557893847986104e-05
MAR11067	9.557893847986104e-05
MAR11068	9.557893847986104e-05
MAR11069	9.557893847986104e-05
MAR11070	9.557893847986104e-05
MAR11071	9.557893847986104e-05
MAR11072	9.557893847986104e-05
MAR11073	9.557893847986104e-05
MAR11074	9.557893847986104e-05
MAR11075	9.557893847986104e-05
MAR11076	9.557893847986104e-05
MAR11077	9.557893847986104e-05
MAR11078	9.557893847986104e-05
MAR11079	9.557893847986104e-05
MAR11080	9.557893847986104e-05
MAR11081	9.557893847986104e-05
MAR11082	9.557893847986104e-05
MAR11083	9.557893847986104e-05
MAR11084	9.557893847986104e-05
MAR11085	9.557893847986104e-05
MAR11086	9.557893847986104e-05
MAR11087	9.557893847986104e-05
MAR11088	9.557893847986104e-05
MAR11089	9.557893847986104e-05
MAR11090	9.557893847986104e-05
MAR11091	9.557893847986104e-05
MAR11092	9.557893847986104e-05
MAR11093	9.557893847986104e-05
MAR11094	9.557893847986104e-05
MAR11095	9.557893847986104e-05
MAR11096	9.557893847986104e-05
MAR11097	9.557893847986104e-05
MAR11098	9.557893847986104e-05
MAR11099	9.557893847986104e-05
MAR11100	9.557893847986104e-05
MAR11101	9.557893847986104e-05
MAR11102	9.557893847986104e-05
MAR11103	9.557893847986104e-05
MAR11104	9.557893847986104e-05
MAR11105	9.557893847986104e-05
MAR11106	9.557893847986104e-05
MAR11107	9.557893847986104e-05
MAR11108	9.557893847986104e-05
MAR11109	9.557893847986104e-05
MAR11110	9.557893847986104e-05
MAR11111	9.557893847986104e-05
MAR11112	9.557893847986104e-05
MAR11113	9.557893847986104e-05
MAR11114	9.557893847986104e-05
MAR11115	9.557893847986104e-05
MAR11116	9.557893847986104e-05
MAR11117	9.557893847986104e-05
MAR11118	9.557893847986104e-05
MAR11119	9.557893847986104e-05
MAR11120	9.557893847986104e-05
MAR11121	9.557893847986104e-05
MAR11122	9.557893847986104e-05
MAR11123	9.557893847986104e-05
MAR11124	9.557893847986104e-05
MAR11125	9.557893847986104e-05
MAR11126	9.557893847986104e-05
MAR11127	9.557893847986104e-05
MAR11128	9.557893847986104e-05
MAR11129	9.557893847986104e-05
MAR11130	9.557893847986104e-05
MAR11131	9.557893847986104e-05
MAR11132	9.557893847986104e-05
MAR11133	9.557893847986104e-05
MAR11134	9.557893847986104e-05
MAR11135	9.557893847986104e-05
MAR11136	9.557893847986104e-05
MAR11137	9.557893847986104e-05
MAR11138	9.557893847986104e-05
MAR11139	9.557893847986104e-05
MAR11140	9.557893847986104e-05
MAR11141	9.557893847986104e-05
MAR11142	9.557893847986104e-05
MAR11143	9.557893847986104e-05
MAR11144	9.557893847986104e-05
MAR11145	9.557893847986104e-05
MAR11146	9.557893847986104e-05
MAR11147	9.557893847986104e-05
MAR11148	9.557893847986104e-05
MAR11149	9.557893847986104e-05
MAR11150	9.557893847986104e-05
MAR11151	9.557893847986104e-05
MAR11152	9.557893847986104e-05
MAR11153	9.557893847986104e-05
MAR11154	9.557893847986104e-05
MAR11155	9.557893847986104e-05
MAR11156	9.557893847986104e-05
MAR11157	9.557893847986104e-05
MAR11158	9.557893847986104e-05
MAR11159	9.557893847986104e-05
MAR11160	9.557893847986104e-05
MAR11161	9.557893847986104e-05
MAR11162	9.557893847986104e-05
MAR11163	9.557893847986104e-05
MAR11164	9.557893847986104e-05
MAR11165	9.557893847986104e-05
MAR11166	9.557893847986104e-05
MAR11167	9.557893847986104e-05
MAR11168	9.557893847986104e-05
MAR11169	9.557893847986104e-05
MAR11170	9.557893847986104e-05
MAR11171	9.557893847986104e-05
MAR11172	9.557893847986104e-05
MAR11173	9.557893847986104e-05
MAR11174	9.557893847986104e-05
MAR11175	9.557893847986104e-05
MAR11176	9.557893847986104e-05
MAR11177	9.557893847986104e-05
MAR11178	9.557893847986104e-05
MAR11179	9.557893847986104e-05
MAR11180	9.557893847986104e-05
MAR11181	9.557893847986104e-05
MAR11182	9.557893847986104e-05
MAR11183	9.557893847986104e-05
MAR11184	9.557893847986104e-05
MAR11185	9.557893847986104e-05
MAR11186	9.557893847986104e-05
MAR11187	9.557893847986104e-05
MAR11188	9.557893847986104e-05
MAR11189	9.557893847986104e-05
MAR11190	9.557893847986104e-05
MAR11191	9.557893847986104e-05
MAR11192	9.557893847986104e-05
MAR11193	9.557893847986104e-05
MAR11194	9.557893847986104e-05
MAR11195	9.557893847986104e-05
MAR11196	9.557893847986104e-05
MAR11197	9.557893847986104e-05
MAR11198	9.557893847986104e-05
MAR11199	9.557893847986104e-05
MAR11200	9.557893847986104e-05
MAR11201	9.557893847986104e-05
MAR11202	9.557893847986104e-05
MAR11203	9.557893847986104e-05
MAR11204	9.557893847986104e-05
MAR11205	9.557893847986104e-05
MAR11206	9.557893847986104e-05
MAR11207	9.557893847986104e-05
MAR11208	9.557893847986104e-05
MAR11209	9.557893847986104e-05
MAR11210	9.557893847986104e-05
MAR11211	9.557893847986104e-05
MAR11212	9.557893847986104e-05
MAR11213	9.557893847986104e-05
MAR11214	9.557893847986104e-05
MAR11215	9.557893847986104e-05
MAR11216	9.557893847986104e-05
MAR11217	9.557893847986104e-05
MAR11218	9.557893847986104e-05
MAR11219	9.557893847986104e-05
MAR11220	9.557893847986104e-05
MAR11221	9.557893847986104e-05
MAR11222	9.557893847986104e-05
MAR11223	3.6276342614344565e-05
MAR11224	9.557893847986104e-05
MAR11225	9.557893847986104e-05
MAR11226	9.557893847986104e-05
MAR11227	9.557893847986104e-05
MAR11228	9.557893847986104e-05
MAR11229	9.557893847986104e-05
MAR11230	9.557893847986104e-05
MAR11231	9.557893847986104e-05
MAR11232	9.557893847986104e-05
MAR11233	9.557893847986104e-05
MAR11234	9.557893847986104e-05
MAR11235	9.557893847986104e-05
MAR11236	9.557893847986104e-05
MAR11237	9.557893847986104e-05
MAR11238	9.557893847986104e-05
MAR11239	9.557893847986104e-05
MAR11240	9.557893847986104e-05
MAR11241	9.557893847986104e-05
MAR11242	9.557893847986104e-05
MAR11243	9.557893847986104e-05
MAR11244	9.557893847986104e-05
MAR11245	9.557893847986104e-05
MAR11246	9.557893847986104e-05
MAR11247	9.557893847986104e-05
MAR11248	9.557893847986104e-05
MAR11249	9.557893847986104e-05
MAR11250	9.557893847986104e-05
MAR11251	9.557893847986104e-05
MAR11252	9.557893847986104e-05
MAR11253	9.557893847986104e-05
MAR11254	9.557893847986104e-05
MAR11255	9.557893847986104e-05
MAR11256	9.557893847986104e-05
MAR11257	9.557893847986104e-05
MAR11258	9.557893847986104e-05
MAR11259	9.557893847986104e-05
MAR11260	9.557893847986104e-05
MAR11261	9.557893847986104e-05
MAR11262	9.557893847986104e-05
MAR11263	9.557893847986104e-05
MAR11264	9.557893847986104e-05
MAR11265	9.557893847986104e-05
MAR11266	9.557893847986104e-05
MAR11267	9.557893847986104e-05
MAR11268	9.557893847986104e-05
MAR11270	9.557893847986104e-05
MAR11271	9.557893847986104e-05
MAR11272	9.557893847986104e-05
MAR11274	9.557893847986104e-05
MAR11276	9.557893847986104e-05
MAR11277	9.557893847986104e-05
MAR11278	9.557893847986104e-05
MAR11279	9.557893847986104e-05
MAR11280	9.557893847986104e-05
MAR11281	9.557893847986104e-05
MAR11282	9.557893847986104e-05
MAR11283	9.557893847986104e-05
MAR11284	9.557893847986104e-05
MAR11285	9.557893847986104e-05
MAR11286	9.557893847986104e-05
MAR11287	9.557893847986104e-05
MAR11288	9.557893847986104e-05
MAR11289	9.557893847986104e-05
MAR11290	9.557893847986104e-05
MAR11291	9.557893847986104e-05
MAR11294	0.0005464490515833629
MAR11295	9.557893847986104e-05
MAR11296	9.557893847986104e-05
MAR11297	9.557893847986104e-05
MAR11298	9.557893847986104e-05
MAR11299	9.557893847986104e-05
MAR11300	9.557893847986104e-05
MAR11301	9.557893847986104e-05
MAR11302	9.557893847986104e-05
MAR11303	9.557893847986104e-05
MAR11304	9.557893847986104e-05
MAR11305	9.557893847986104e-05
MAR11306	9.557893847986104e-05
MAR11307	0.0014561661584820858
MAR11308	9.557893847986104e-05
MAR11309	9.557893847986104e-05
MAR11311	9.557893847986104e-05
MAR11312	9.557893847986104e-05
MAR11313	9.557893847986104e-05
MAR11314	9.557893847986104e-05
MAR11315	9.557893847986104e-05
MAR11316	9.557893847986104e-05
MAR11317	9.557893847986104e-05
MAR11318	9.557893847986104e-05
MAR11319	9.557893847986104e-05
MAR11320	9.557893847986104e-05
MAR11321	9.557893847986104e-05
MAR11322	9.557893847986104e-05
MAR11323	9.557893847986104e-05
MAR11324	9.557893847986104e-05
MAR11325	9.557893847986104e-05
MAR11326	9.557893847986104e-05
MAR11327	9.557893847986104e-05
MAR11328	9.557893847986104e-05
MAR11329	9.557893847986104e-05
MAR11330	9.557893847986104e-05
MAR11331	9.557893847986104e-05
MAR11332	9.557893847986104e-05
MAR11333	9.557893847986104e-05
MAR11334	9.557893847986104e-05
MAR11335	9.557893847986104e-05
MAR11336	9.557893847986104e-05
MAR11337	9.557893847986104e-05
MAR11338	9.557893847986104e-05
MAR11339	9.557893847986104e-05
MAR11340	9.557893847986104e-05
MAR11341	9.557893847986104e-05
MAR11342	9.557893847986104e-05
MAR11343	9.557893847986104e-05
MAR11344	9.557893847986104e-05
MAR11345	9.557893847986104e-05
MAR11346	9.557893847986104e-05
MAR11347	9.557893847986104e-05
MAR11348	9.557893847986104e-05
MAR11349	9.557893847986104e-05
MAR11350	9.557893847986104e-05
MAR11351	9.557893847986104e-05
MAR11352	9.557893847986104e-05
MAR11353	9.557893847986104e-05
MAR11354	9.557893847986104e-05
MAR11355	9.557893847986104e-05
MAR11356	9.557893847986104e-05
MAR11357	9.557893847986104e-05
MAR11358	9.557893847986104e-05
MAR11359	9.557893847986104e-05
MAR11360	9.557893847986104e-05
MAR11361	9.557893847986104e-05
MAR11362	9.557893847986104e-05
MAR11363	9.557893847986104e-05
MAR11364	9.557893847986104e-05
MAR11365	9.557893847986104e-05
MAR11366	9.557893847986104e-05
MAR11367	9.557893847986104e-05
MAR11368	9.557893847986104e-05
MAR11369	9.557893847986104e-05
MAR11370	9.557893847986104e-05
MAR11371	9.557893847986104e-05
MAR11372	9.557893847986104e-05
MAR11373	9.557893847986104e-05
MAR11374	0.000928386355945487
MAR11375	4.218588474080296e-05
MAR11376	9.557893847986104e-05
MAR11377	0.000928386355945487
MAR11378	4.218588474080296e-05
MAR11379	9.557893847986104e-05
MAR11380	0.000928386355945487
MAR11381	4.218588474080296e-05
MAR11382	9.557893847986104e-05
MAR11383	0.000928386355945487
MAR11384	4.218588474080296e-05
MAR11385	9.557893847986104e-05
MAR11386	0.000928386355945487
MAR11387	9.557893847986104e-05
MAR11388	0.000928386355945487
MAR11389	4.218588474080296e-05
MAR11390	9.557893847986104e-05
MAR11391	9.557893847986104e-05
MAR11392	9.557893847986104e-05
MAR11393	9.557893847986104e-05
MAR11394	0.0009358811194465778
MAR11395	0.00010434905716251524
MAR11396	0.0027009855678313834
MAR11397	0.00010290312626349616
MAR11398	9.557893847986104e-05
MAR11399	0.0025538778444200777
MAR11400	9.557893847986104e-05
MAR11401	9.557893847986104e-05
MAR11402	9.557893847986104e-05
MAR11403	9.557893847986104e-05
MAR11404	9.557893847986104e-05
MAR11405	9.557893847986104e-05
MAR11406	9.557893847986104e-05
MAR11407	0.00017148443506686373
MAR11408	0.0004684719574289997
MAR11409	9.557893847986104e-05
MAR11410	3.73163956962779e-05
MAR11411	0.0014102716442011833
MAR11412	3.6276342614344565e-05
MAR11413	9.557893847986104e-05
MAR11414	0.005613745205122429
MAR11415	0.00010290312626349616
MAR11416	0.001482219799874297
MAR11417	0.00010290312626349616
MAR11418	0.00010290312626349616
MAR11419	9.557893847986104e-05
MAR11420	9.557893847986104e-05
MAR11422	9.557893847986104e-05
MAR11423	9.557893847986104e-05
MAR11424	9.557893847986104e-05
MAR11425	9.557893847986104e-05
MAR11426	9.557893847986104e-05
MAR11427	9.557893847986104e-05
MAR11428	9.557893847986104e-05
MAR11429	9.557893847986104e-05
MAR11430	0.0020321511184408537
MAR11431	9.557893847986104e-05
MAR11432	9.557893847986104e-05
MAR11433	0.0003967225411859644
MAR11434	9.557893847986104e-05
MAR11435	9.557893847986104e-05
MAR11436	9.557893847986104e-05
MAR11437	9.557893847986104e-05
MAR11438	9.557893847986104e-05
MAR11439	9.557893847986104e-05
MAR11440	9.557893847986104e-05
MAR11441	9.557893847986104e-05
MAR11442	0.008298795340716331
MAR11443	0.0048241463014556075
MAR11444	9.557893847986104e-05
MAR11445	9.557893847986104e-05
MAR11446	9.557893847986104e-05
MAR11447	9.557893847986104e-05
MAR11448	9.557893847986104e-05
MAR11449	9.557893847986104e-05
MAR11450	3.6276342614344565e-05
MAR11451	9.557893847986104e-05
MAR11452	9.557893847986104e-05
MAR11453	3.6276342614344565e-05
MAR11454	9.557893847986104e-05
MAR11455	9.557893847986104e-05
MAR11456	3.6276342614344565e-05
MAR11457	9.557893847986104e-05
MAR11458	9.557893847986104e-05
MAR11459	9.557893847986104e-05
MAR11460	9.557893847986104e-05
MAR11461	9.557893847986104e-05
MAR11462	9.557893847986104e-05
MAR11463	9.557893847986104e-05
MAR11464	9.557893847986104e-05
MAR11465	9.557893847986104e-05
MAR11466	9.557893847986104e-05
MAR11467	0.0005230776709675664
MAR11468	9.557893847986104e-05
MAR11469	9.557893847986104e-05
MAR11470	9.557893847986104e-05
MAR11471	9.557893847986104e-05
MAR11472	9.557893847986104e-05
MAR11473	9.557893847986104e-05
MAR11474	9.557893847986104e-05
MAR11475	9.557893847986104e-05
MAR11476	0.03782155206956208
MAR11477	9.557893847986104e-05
MAR11478	9.557893847986104e-05
MAR11479	0.03782155206956208
MAR11480	9.557893847986104e-05
MAR11481	9.557893847986104e-05
MAR11482	9.557893847986104e-05
MAR11483	9.557893847986104e-05
MAR11484	9.557893847986104e-05
MAR11485	9.557893847986104e-05
MAR11486	0.0018704198558445514
MAR11487	9.557893847986104e-05
MAR11488	9.557893847986104e-05
MAR11489	9.557893847986104e-05
MAR11490	9.557893847986104e-05
MAR11491	9.557893847986104e-05
MAR11492	9.557893847986104e-05
MAR11493	9.557893847986104e-05
MAR11494	9.557893847986104e-05
MAR11495	9.557893847986104e-05
MAR11496	9.557893847986104e-05
MAR11497	9.557893847986104e-05
MAR11498	9.557893847986104e-05
MAR11499	9.557893847986104e-05
MAR11500	9.557893847986104e-05
MAR11501	9.557893847986104e-05
MAR11502	3.6276342614344565e-05
MAR11503	9.557893847986104e-05
MAR11504	9.557893847986104e-05
MAR11505	9.557893847986104e-05
MAR11506	9.557893847986104e-05
MAR11507	9.557893847986104e-05
MAR11508	9.557893847986104e-05
MAR11509	3.6276342614344565e-05
MAR11510	9.557893847986104e-05
MAR11511	9.557893847986104e-05
MAR11512	9.557893847986104e-05
MAR11513	9.557893847986104e-05
MAR11514	0.0004752827508982063
MAR11515	9.557893847986104e-05
MAR11516	9.557893847986104e-05
MAR11517	9.557893847986104e-05
MAR11518	3.6276342614344565e-05
MAR11519	9.557893847986104e-05
MAR11520	9.557893847986104e-05
MAR11521	9.557893847986104e-05
MAR11522	9.557893847986104e-05
MAR11523	9.557893847986104e-05
MAR11524	9.557893847986104e-05
MAR11525	9.557893847986104e-05
MAR11526	9.557893847986104e-05
MAR11527	9.557893847986104e-05
MAR11528	9.557893847986104e-05
MAR11529	0.0010245859174407399
MAR11530	9.557893847986104e-05
MAR11531	9.557893847986104e-05
MAR11532	9.557893847986104e-05
MAR11533	9.557893847986104e-05
MAR11534	0.0010245859174407399
MAR11535	9.557893847986104e-05
MAR11536	9.557893847986104e-05
MAR11537	9.557893847986104e-05
MAR11538	9.557893847986104e-05
MAR11539	0.0010245859174407399
MAR11540	9.557893847986104e-05
MAR11541	9.557893847986104e-05
MAR11542	9.557893847986104e-05
MAR11543	9.557893847986104e-05
MAR11544	3.6276342614344565e-05
MAR11545	9.557893847986104e-05
MAR11546	9.557893847986104e-05
MAR11547	9.557893847986104e-05
MAR11548	9.557893847986104e-05
MAR11549	9.557893847986104e-05
MAR11550	9.557893847986104e-05
MAR11551	9.557893847986104e-05
MAR11552	9.557893847986104e-05
MAR11553	9.557893847986104e-05
MAR11554	9.557893847986104e-05
MAR11555	3.6276342614344565e-05
MAR11556	9.557893847986104e-05
MAR11557	9.557893847986104e-05
MAR11558	9.557893847986104e-05
MAR11559	9.557893847986104e-05
MAR11560	9.557893847986104e-05
MAR11561	9.557893847986104e-05
MAR11562	3.6276342614344565e-05
MAR11563	9.557893847986104e-05
MAR11564	9.557893847986104e-05
MAR11565	9.557893847986104e-05
MAR11566	9.557893847986104e-05
MAR11567	9.557893847986104e-05
MAR11568	9.557893847986104e-05
MAR11569	9.557893847986104e-05
MAR11570	9.557893847986104e-05
MAR11571	9.557893847986104e-05
MAR11572	0.00659432702845312
MAR11573	9.557893847986104e-05
MAR11574	9.557893847986104e-05
MAR11575	9.557893847986104e-05
MAR11576	9.557893847986104e-05
MAR11577	0.0030308465733567425
MAR11578	0.0030308465733567425
MAR11579	9.557893847986104e-05
MAR11580	9.557893847986104e-05
MAR11581	0.0030308465733567425
MAR11582	0.00659432702845312
MAR11583	9.557893847986104e-05
MAR11584	9.557893847986104e-05
MAR11585	9.557893847986104e-05
MAR11586	9.557893847986104e-05
MAR11587	0.00659432702845312
MAR11588	0.00659432702845312
MAR11589	0.00659432702845312
MAR11590	0.00659432702845312
MAR11591	0.00659432702845312
MAR11592	0.00659432702845312
MAR11593	0.00659432702845312
MAR11594	0.00659432702845312
MAR11595	0.00659432702845312
MAR11596	0.00659432702845312
MAR11597	0.00659432702845312
MAR11598	0.00659432702845312
MAR11599	0.00659432702845312
MAR11600	0.00659432702845312
MAR11601	0.00659432702845312
MAR11602	0.00659432702845312
MAR11603	0.00659432702845312
MAR11604	0.00659432702845312
MAR11605	0.00659432702845312
MAR11606	0.00659432702845312
MAR11607	0.00659432702845312
MAR11608	0.00659432702845312
MAR11609	0.00659432702845312
MAR11610	0.00659432702845312
MAR11611	0.00659432702845312
MAR11612	0.00659432702845312
MAR11613	0.001051281988854798
MAR11614	0.001051281988854798
MAR11615	0.001051281988854798
MAR11616	0.001051281988854798
MAR11617	0.001051281988854798
MAR11618	0.001051281988854798
MAR11619	0.001051281988854798
MAR11620	0.001051281988854798
MAR11621	0.001051281988854798
MAR11622	0.001051281988854798
MAR11623	0.001051281988854798
MAR11624	0.001051281988854798
MAR11625	0.001051281988854798
MAR11626	0.001051281988854798
MAR11627	0.00659432702845312
MAR11628	0.001051281988854798
MAR11629	9.557893847986104e-05
MAR11630	9.557893847986104e-05
MAR11631	9.557893847986104e-05
MAR11632	9.557893847986104e-05
MAR11633	9.557893847986104e-05
MAR11634	9.557893847986104e-05
MAR11635	9.557893847986104e-05
MAR11636	9.557893847986104e-05
MAR11637	9.557893847986104e-05
MAR11638	9.557893847986104e-05
MAR11639	9.557893847986104e-05
MAR11640	9.557893847986104e-05
MAR11641	9.557893847986104e-05
MAR11642	9.557893847986104e-05
MAR11643	9.557893847986104e-05
MAR11644	9.557893847986104e-05
MAR11645	9.557893847986104e-05
MAR11646	9.557893847986104e-05
MAR11647	0.00025831439517940075
MAR11648	0.0028713418386609657
MAR11653	9.557893847986104e-05
MAR11654	9.557893847986104e-05
MAR11655	9.557893847986104e-05
MAR11656	9.557893847986104e-05
MAR11657	9.557893847986104e-05
MAR11658	9.557893847986104e-05
MAR11659	9.557893847986104e-05
MAR11660	9.557893847986104e-05
MAR11661	9.557893847986104e-05
MAR11662	9.557893847986104e-05
MAR11663	9.557893847986104e-05
MAR11664	9.557893847986104e-05
MAR11665	9.557893847986104e-05
MAR11666	9.557893847986104e-05
MAR11667	9.557893847986104e-05
MAR11668	9.557893847986104e-05
MAR11669	9.557893847986104e-05
MAR11670	9.557893847986104e-05
MAR11671	9.557893847986104e-05
MAR11672	9.557893847986104e-05
MAR11673	9.557893847986104e-05
MAR11674	9.557893847986104e-05
MAR11675	9.557893847986104e-05
MAR11676	9.557893847986104e-05
MAR11677	9.557893847986104e-05
MAR11678	9.557893847986104e-05
MAR11679	9.557893847986104e-05
MAR11680	9.557893847986104e-05
MAR11681	9.557893847986104e-05
MAR11682	9.557893847986104e-05
MAR11683	9.557893847986104e-05
MAR11684	9.557893847986104e-05
MAR11685	9.557893847986104e-05
MAR11686	9.557893847986104e-05
MAR11687	9.557893847986104e-05
MAR11688	9.557893847986104e-05
MAR11689	9.557893847986104e-05
MAR11690	9.557893847986104e-05
MAR11691	9.557893847986104e-05
MAR11692	9.557893847986104e-05
MAR11693	9.557893847986104e-05
MAR11694	9.557893847986104e-05
MAR11695	0.0028713418386609657
MAR11696	0.0028713418386609657
MAR11698	0.0028713418386609657
MAR11700	0.0028713418386609657
MAR11702	0.0028713418386609657
MAR11704	0.0028713418386609657
MAR11706	0.0028713418386609657
MAR11708	0.0028713418386609657
MAR11710	0.0028713418386609657
MAR11712	0.0028713418386609657
MAR11714	0.0028713418386609657
MAR11716	0.0028713418386609657
MAR11718	0.0028713418386609657
MAR11720	0.0028713418386609657
MAR11722	0.0028713418386609657
MAR11724	0.0028713418386609657
MAR11726	0.0028713418386609657
MAR11728	9.557893847986104e-05
MAR11730	9.557893847986104e-05
MAR11731	3.6276342614344565e-05
MAR11732	9.557893847986104e-05
MAR11733	9.557893847986104e-05
MAR11734	3.6276342614344565e-05
MAR11735	9.557893847986104e-05
MAR11736	0.00279425441236777
MAR11737	3.6276342614344565e-05
MAR11738	9.557893847986104e-05
MAR11739	9.557893847986104e-05
MAR11740	0.00279425441236777
MAR11741	3.6276342614344565e-05
MAR11742	9.557893847986104e-05
MAR11743	9.557893847986104e-05
MAR11744	3.6276342614344565e-05
MAR11745	0.00279425441236777
MAR11746	3.6276342614344565e-05
MAR11747	9.557893847986104e-05
MAR11748	9.557893847986104e-05
MAR11749	0.00279425441236777
MAR11750	9.557893847986104e-05
MAR11751	9.557893847986104e-05
MAR11752	0.00279425441236777
MAR11753	3.6276342614344565e-05
MAR11754	9.557893847986104e-05
MAR11755	9.557893847986104e-05
MAR11756	3.6276342614344565e-05
MAR11757	6.801261802465334e-05
MAR11758	6.801261802465334e-05
MAR11759	6.801261802465334e-05
MAR11760	6.801261802465334e-05
MAR11761	6.801261802465334e-05
MAR11762	6.801261802465334e-05
MAR11763	6.801261802465334e-05
MAR11764	6.801261802465334e-05
MAR11765	6.801261802465334e-05
MAR11766	6.801261802465334e-05
MAR11767	6.801261802465334e-05
MAR11768	6.801261802465334e-05
MAR11769	6.801261802465334e-05
MAR11770	6.801261802465334e-05
MAR11771	6.801261802465334e-05
MAR11772	6.801261802465334e-05
MAR11773	6.801261802465334e-05
MAR11774	6.801261802465334e-05
MAR11775	4.461824907383712e-05
MAR11776	6.0776750848778574e-05
MAR11777	0.0001623456118710157
MAR11778	0.0028713418386609657
MAR11779	4.505675321684778e-05
MAR11780	0.0027009855678313834
MAR11781	6.195657449330166e-05
MAR11782	3.80769588713544e-05
MAR11783	3.6276342614344565e-05
MAR11784	3.6276342614344565e-05
MAR11785	0.00046610200058695185
MAR11786	9.348141184865432e-05
MAR11787	0.0001672024421883794
MAR11788	0.00010434905716251524
MAR11789	0.00010434905716251524
MAR11790	0.00010434905716251524
MAR11791	0.019918458466336164
MAR11792	0.0028713418386609657
MAR11793	0.0028713418386609657
MAR11794	0.0028713418386609657
MAR11795	0.0028713418386609657
MAR11796	0.0028713418386609657
MAR11797	3.6276342614344565e-05
MAR11798	3.654311307828005e-05
MAR11799	7.029888963939359e-05
MAR11800	0.0036667290733681415
MAR11801	0.001578228175963674
MAR11802	0.0028713418386609657
MAR11803	3.8452803629293655e-05
MAR11804	0.008241100120274902
MAR11805	0.00025831439517940075
MAR11806	6.195657449330166e-05
MAR11807	6.195657449330166e-05
MAR11808	0.011433564356961202
MAR11809	0.0028713418386609657
MAR11810	0.008241100120274902
MAR11811	3.6276342614344565e-05
MAR11812	3.6276342614344565e-05
MAR11813	3.6276342614344565e-05
MAR11814	3.6276342614344565e-05
MAR11815	0.0008113368018449337
MAR11816	9.557893847986104e-05
MAR11817	9.557893847986104e-05
MAR11818	9.557893847986104e-05
MAR11819	9.557893847986104e-05
MAR11820	9.557893847986104e-05
MAR11821	9.557893847986104e-05
MAR11822	9.557893847986104e-05
MAR11823	9.557893847986104e-05
MAR11824	9.557893847986104e-05
MAR11825	9.557893847986104e-05
MAR11826	9.557893847986104e-05
MAR11827	9.557893847986104e-05
MAR11828	9.557893847986104e-05
MAR11829	9.557893847986104e-05
MAR11830	9.557893847986104e-05
MAR11831	9.557893847986104e-05
MAR11832	9.557893847986104e-05
MAR11833	9.557893847986104e-05
MAR11834	9.557893847986104e-05
MAR11835	9.557893847986104e-05
MAR11836	9.557893847986104e-05
MAR11837	9.557893847986104e-05
MAR11838	9.557893847986104e-05
MAR11839	9.557893847986104e-05
MAR11840	9.557893847986104e-05
MAR11841	9.557893847986104e-05
MAR11842	9.557893847986104e-05
MAR11843	9.557893847986104e-05
MAR11844	9.557893847986104e-05
MAR11845	9.557893847986104e-05
MAR11846	9.557893847986104e-05
MAR11847	9.557893847986104e-05
MAR11848	9.557893847986104e-05
MAR11849	9.557893847986104e-05
MAR11850	9.557893847986104e-05
MAR11851	9.557893847986104e-05
MAR11852	9.557893847986104e-05
MAR11853	9.557893847986104e-05
MAR11854	9.557893847986104e-05
MAR11855	9.557893847986104e-05
MAR11856	9.557893847986104e-05
MAR11857	9.557893847986104e-05
MAR11858	9.557893847986104e-05
MAR11859	9.557893847986104e-05
MAR11860	9.557893847986104e-05
MAR11861	9.557893847986104e-05
MAR11862	9.557893847986104e-05
MAR11863	9.557893847986104e-05
MAR11864	9.557893847986104e-05
MAR11865	9.557893847986104e-05
MAR11866	9.557893847986104e-05
MAR11867	9.557893847986104e-05
MAR11868	9.557893847986104e-05
MAR11869	9.557893847986104e-05
MAR11870	9.557893847986104e-05
MAR11871	9.557893847986104e-05
MAR11872	9.557893847986104e-05
MAR11873	9.557893847986104e-05
MAR11874	9.557893847986104e-05
MAR11875	9.557893847986104e-05
MAR11876	9.557893847986104e-05
MAR11877	9.557893847986104e-05
MAR11878	9.557893847986104e-05
MAR11879	9.557893847986104e-05
MAR11880	9.557893847986104e-05
MAR11881	9.557893847986104e-05
MAR11882	9.557893847986104e-05
MAR11883	9.557893847986104e-05
MAR11884	9.557893847986104e-05
MAR11885	9.557893847986104e-05
MAR11886	9.557893847986104e-05
MAR11887	9.557893847986104e-05
MAR11888	9.557893847986104e-05
MAR11889	9.557893847986104e-05
MAR11890	9.557893847986104e-05
MAR11891	9.557893847986104e-05
MAR11892	9.557893847986104e-05
MAR11893	9.557893847986104e-05
MAR11894	9.557893847986104e-05
MAR11895	9.557893847986104e-05
MAR11896	9.557893847986104e-05
MAR11897	9.557893847986104e-05
MAR11898	9.557893847986104e-05
MAR11899	9.557893847986104e-05
MAR11900	9.557893847986104e-05
MAR11901	9.557893847986104e-05
MAR11902	9.557893847986104e-05
MAR11903	9.557893847986104e-05
MAR11904	9.557893847986104e-05
MAR11905	9.557893847986104e-05
MAR11906	9.557893847986104e-05
MAR11907	9.557893847986104e-05
MAR11908	9.557893847986104e-05
MAR11909	9.557893847986104e-05
MAR11910	9.557893847986104e-05
MAR11911	9.557893847986104e-05
MAR11912	9.557893847986104e-05
MAR11913	9.557893847986104e-05
MAR11914	9.557893847986104e-05
MAR11915	9.557893847986104e-05
MAR11916	9.557893847986104e-05
MAR11917	9.557893847986104e-05
MAR11918	9.557893847986104e-05
MAR11919	9.557893847986104e-05
MAR11920	9.557893847986104e-05
MAR11921	9.557893847986104e-05
MAR11922	9.557893847986104e-05
MAR11923	9.557893847986104e-05
MAR11924	9.557893847986104e-05
MAR11925	9.557893847986104e-05
MAR11926	9.557893847986104e-05
MAR11927	9.557893847986104e-05
MAR11928	9.557893847986104e-05
MAR11929	9.557893847986104e-05
MAR11930	9.557893847986104e-05
MAR11931	9.557893847986104e-05
MAR11932	9.557893847986104e-05
MAR11933	9.557893847986104e-05
MAR11934	9.557893847986104e-05
MAR11935	9.557893847986104e-05
MAR11936	9.557893847986104e-05
MAR11937	9.557893847986104e-05
MAR11938	9.557893847986104e-05
MAR11939	9.557893847986104e-05
MAR11940	9.557893847986104e-05
MAR11941	9.557893847986104e-05
MAR11942	9.557893847986104e-05
MAR11943	9.557893847986104e-05
MAR11944	9.557893847986104e-05
MAR11945	9.557893847986104e-05
MAR11946	9.557893847986104e-05
MAR11947	9.557893847986104e-05
MAR11948	9.557893847986104e-05
MAR11949	9.557893847986104e-05
MAR11950	9.557893847986104e-05
MAR11951	9.557893847986104e-05
MAR11952	9.557893847986104e-05
MAR11953	9.557893847986104e-05
MAR11954	9.557893847986104e-05
MAR11955	9.557893847986104e-05
MAR11956	9.557893847986104e-05
MAR11957	9.557893847986104e-05
MAR11958	9.557893847986104e-05
MAR11959	9.557893847986104e-05
MAR11960	9.557893847986104e-05
MAR11961	9.557893847986104e-05
MAR11962	9.557893847986104e-05
MAR11963	9.557893847986104e-05
MAR11964	9.557893847986104e-05
MAR11965	9.557893847986104e-05
MAR11966	9.557893847986104e-05
MAR11967	9.557893847986104e-05
MAR11968	9.557893847986104e-05
MAR11969	9.557893847986104e-05
MAR11970	9.557893847986104e-05
MAR11971	9.557893847986104e-05
MAR11972	9.557893847986104e-05
MAR11973	9.557893847986104e-05
MAR11974	9.557893847986104e-05
MAR11975	9.557893847986104e-05
MAR11976	9.557893847986104e-05
MAR11977	9.557893847986104e-05
MAR11978	9.557893847986104e-05
MAR11979	9.557893847986104e-05
MAR11980	9.557893847986104e-05
MAR11981	9.557893847986104e-05
MAR11982	9.557893847986104e-05
MAR11983	9.557893847986104e-05
MAR11984	9.557893847986104e-05
MAR11985	9.557893847986104e-05
MAR11986	9.557893847986104e-05
MAR11987	9.557893847986104e-05
MAR11989	9.557893847986104e-05
MAR11990	9.557893847986104e-05
MAR11992	9.557893847986104e-05
MAR11993	9.557893847986104e-05
MAR11995	9.557893847986104e-05
MAR11996	9.557893847986104e-05
MAR11998	9.557893847986104e-05
MAR11999	9.557893847986104e-05
MAR12001	5.014344373440404e-05
MAR12002	0.013725308344202035
MAR12003	0.013725308344202035
MAR12004	3.6276342614344565e-05
MAR12005	0.0024401932454608754
MAR12006	9.557893847986104e-05
MAR12007	9.557893847986104e-05
MAR12008	0.0028713418386609657
MAR12009	9.557893847986104e-05
MAR12010	0.0028713418386609657
MAR12011	9.557893847986104e-05
MAR12012	9.557893847986104e-05
MAR12013	0.0028713418386609657
MAR12014	0.0002411246661977424
MAR12015	9.557893847986104e-05
MAR12016	9.557893847986104e-05
MAR12017	9.557893847986104e-05
MAR12018	9.557893847986104e-05
MAR12019	9.557893847986104e-05
MAR12020	0.042219988956610124
MAR12021	0.042219988956610124
MAR12022	9.557893847986104e-05
MAR12023	0.00025184340085277954
MAR12024	3.6276342614344565e-05
MAR12025	9.557893847986104e-05
MAR12026	9.557893847986104e-05
MAR12027	9.557893847986104e-05
MAR12028	9.557893847986104e-05
MAR12029	0.0028713418386609657
MAR12030	9.557893847986104e-05
MAR12031	9.557893847986104e-05
MAR12032	9.557893847986104e-05
MAR12033	9.557893847986104e-05
MAR12034	9.557893847986104e-05
MAR12035	0.00354326294118644
MAR12036	0.0459192155157935
MAR12037	0.0459192155157935
MAR12038	0.00354326294118644
MAR12039	0.00354326294118644
MAR12040	9.557893847986104e-05
MAR12041	3.6276342614344565e-05
MAR12042	9.557893847986104e-05
MAR12043	9.557893847986104e-05
MAR12044	9.557893847986104e-05
MAR12045	9.557893847986104e-05
MAR12046	9.557893847986104e-05
MAR12047	9.557893847986104e-05
MAR12048	9.557893847986104e-05
MAR12049	9.557893847986104e-05
MAR12050	0.0013746944608143935
MAR12051	9.557893847986104e-05
MAR12052	9.557893847986104e-05
MAR12053	0.0459192155157935
MAR12054	9.557893847986104e-05
MAR12055	9.557893847986104e-05
MAR12056	9.557893847986104e-05
MAR12057	9.557893847986104e-05
MAR12058	9.557893847986104e-05
MAR12059	9.557893847986104e-05
MAR12060	9.557893847986104e-05
MAR12061	0.008578078221247445
MAR12062	0.008578078221247445
MAR12063	0.008578078221247445
MAR12064	0.008578078221247445
MAR12065	0.009095505621440292
MAR12066	3.6276342614344565e-05
MAR12067	3.6276342614344565e-05
MAR12068	3.6276342614344565e-05
MAR12069	9.557893847986104e-05
MAR12070	0.0004179390212838898
MAR12071	0.0004179390212838898
MAR12072	0.0004179390212838898
MAR12073	0.0004179390212838898
MAR12074	0.0004179390212838898
MAR12075	0.0004179390212838898
MAR12076	0.0004179390212838898
MAR12077	0.004783427174428923
MAR12078	0.0004179390212838898
MAR12079	0.0008654026466608219
MAR12080	9.557893847986104e-05
MAR12081	0.011837434565892403
MAR12082	0.000519862312123695
MAR12083	0.000519862312123695
MAR12084	9.557893847986104e-05
MAR12085	9.557893847986104e-05
MAR12086	4.4049611256760924e-05
MAR12087	3.6276342614344565e-05
MAR12088	9.557893847986104e-05
MAR12089	9.557893847986104e-05
MAR12090	9.557893847986104e-05
MAR12091	9.557893847986104e-05
MAR12092	9.557893847986104e-05
MAR12093	9.557893847986104e-05
MAR12094	9.557893847986104e-05
MAR12095	9.557893847986104e-05
MAR12096	9.557893847986104e-05
MAR12097	9.557893847986104e-05
MAR12098	9.557893847986104e-05
MAR12099	9.557893847986104e-05
MAR12100	9.557893847986104e-05
MAR12101	9.557893847986104e-05
MAR12102	9.557893847986104e-05
MAR12103	9.557893847986104e-05
MAR12104	9.557893847986104e-05
MAR12105	9.557893847986104e-05
MAR12106	9.557893847986104e-05
MAR12107	9.557893847986104e-05
MAR12108	9.557893847986104e-05
MAR12109	9.557893847986104e-05
MAR12110	9.557893847986104e-05
MAR12111	9.557893847986104e-05
MAR12112	9.557893847986104e-05
MAR12113	9.557893847986104e-05
MAR12114	9.557893847986104e-05
MAR12115	9.557893847986104e-05
MAR12116	9.557893847986104e-05
MAR12117	9.557893847986104e-05
MAR12118	9.557893847986104e-05
MAR12119	9.557893847986104e-05
MAR12120	9.557893847986104e-05
MAR12121	9.557893847986104e-05
MAR12122	9.557893847986104e-05
MAR12123	9.557893847986104e-05
MAR12124	9.557893847986104e-05
MAR12125	9.557893847986104e-05
MAR12126	9.557893847986104e-05
MAR12127	9.557893847986104e-05
MAR12128	9.557893847986104e-05
MAR12129	9.557893847986104e-05
MAR12130	9.557893847986104e-05
MAR12131	9.557893847986104e-05
MAR12132	9.557893847986104e-05
MAR12133	9.557893847986104e-05
MAR12134	9.557893847986104e-05
MAR12135	9.557893847986104e-05
MAR12136	9.557893847986104e-05
MAR12137	9.557893847986104e-05
MAR12138	9.557893847986104e-05
MAR12139	9.557893847986104e-05
MAR12140	9.557893847986104e-05
MAR12141	9.557893847986104e-05
MAR12142	0.0010344196485363112
MAR12143	0.0001249363529836995
MAR12144	4.218588474080296e-05
MAR12145	3.6276342614344565e-05
MAR12146	3.6276342614344565e-05
MAR12147	0.0010344196485363112
MAR12148	0.0001249363529836995
MAR12149	4.218588474080296e-05
MAR12150	0.0010344196485363112
MAR12151	0.0001249363529836995
MAR12152	4.218588474080296e-05
MAR12153	0.000928386355945487
MAR12154	3.6276342614344565e-05
MAR12155	0.0001249363529836995
MAR12156	4.218588474080296e-05
MAR12157	0.000928386355945487
MAR12158	3.6276342614344565e-05
MAR12159	0.0001249363529836995
MAR12160	4.218588474080296e-05
MAR12161	0.0010344196485363112
MAR12162	0.0001249363529836995
MAR12163	4.218588474080296e-05
MAR12164	0.0010344196485363112
MAR12165	0.0001249363529836995
MAR12166	4.218588474080296e-05
MAR12167	3.6276342614344565e-05
MAR12168	3.6276342614344565e-05
MAR12169	0.000928386355945487
MAR12170	9.557893847986104e-05
MAR12171	0.0010344196485363112
MAR12172	3.6276342614344565e-05
MAR12173	3.6276342614344565e-05
MAR12174	3.6276342614344565e-05
MAR12175	3.6276342614344565e-05
MAR12176	0.000928386355945487
MAR12177	9.557893847986104e-05
MAR12178	3.6276342614344565e-05
MAR12179	3.6276342614344565e-05
MAR12180	0.000928386355945487
MAR12181	9.557893847986104e-05
MAR12182	3.6276342614344565e-05
MAR12183	3.6276342614344565e-05
MAR12184	0.0010344196485363112
MAR12185	0.0001249363529836995
MAR12186	4.218588474080296e-05
MAR12187	3.6276342614344565e-05
MAR12188	3.6276342614344565e-05
MAR12189	0.000928386355945487
MAR12190	9.557893847986104e-05
MAR12191	3.6276342614344565e-05
MAR12192	3.6276342614344565e-05
MAR12193	0.000928386355945487
MAR12194	9.557893847986104e-05
MAR12195	0.0010344196485363112
MAR12196	3.6276342614344565e-05
MAR12197	3.6276342614344565e-05
MAR12198	9.557893847986104e-05
MAR12199	9.557893847986104e-05
MAR12200	9.557893847986104e-05
MAR12201	9.557893847986104e-05
MAR12202	9.557893847986104e-05
MAR12203	9.557893847986104e-05
MAR12204	9.557893847986104e-05
MAR12205	9.557893847986104e-05
MAR12206	9.557893847986104e-05
MAR12207	9.557893847986104e-05
MAR12208	9.557893847986104e-05
MAR12209	9.557893847986104e-05
MAR12210	9.557893847986104e-05
MAR12211	9.557893847986104e-05
MAR12212	9.557893847986104e-05
MAR12213	9.557893847986104e-05
MAR12214	9.557893847986104e-05
MAR12215	9.557893847986104e-05
MAR12216	9.557893847986104e-05
MAR12217	9.557893847986104e-05
MAR12218	9.557893847986104e-05
MAR12219	9.557893847986104e-05
MAR12220	9.557893847986104e-05
MAR12221	9.557893847986104e-05
MAR12222	9.557893847986104e-05
MAR12223	9.557893847986104e-05
MAR12224	9.557893847986104e-05
MAR12225	9.557893847986104e-05
MAR12226	9.557893847986104e-05
MAR12227	9.557893847986104e-05
MAR12228	9.557893847986104e-05
MAR12229	9.557893847986104e-05
MAR12230	9.557893847986104e-05
MAR12231	9.557893847986104e-05
MAR12232	9.557893847986104e-05
MAR12233	9.557893847986104e-05
MAR12234	0.0010344196485363112
MAR12235	3.6276342614344565e-05
MAR12236	3.6276342614344565e-05
MAR12237	0.0010344196485363112
MAR12238	3.6276342614344565e-05
MAR12239	3.6276342614344565e-05
MAR12240	0.0010344196485363112
MAR12241	3.6276342614344565e-05
MAR12242	3.6276342614344565e-05
MAR12243	0.0010344196485363112
MAR12244	3.6276342614344565e-05
MAR12245	3.6276342614344565e-05
MAR12246	3.6276342614344565e-05
MAR12247	3.6276342614344565e-05
MAR12248	0.000928386355945487
MAR12249	9.557893847986104e-05
MAR12250	3.6276342614344565e-05
MAR12251	3.6276342614344565e-05
MAR12252	0.000928386355945487
MAR12253	9.557893847986104e-05
MAR12254	3.6276342614344565e-05
MAR12255	3.6276342614344565e-05
MAR12256	0.000928386355945487
MAR12257	9.557893847986104e-05
MAR12258	3.6276342614344565e-05
MAR12259	3.6276342614344565e-05
MAR12260	0.000928386355945487
MAR12261	9.557893847986104e-05
MAR12262	0.000928386355945487
MAR12263	0.0001249363529836995
MAR12264	4.218588474080296e-05
MAR12265	9.557893847986104e-05
MAR12266	0.0010344196485363112
MAR12267	0.0001249363529836995
MAR12268	4.218588474080296e-05
MAR12269	0.0010344196485363112
MAR12270	0.0001249363529836995
MAR12271	4.218588474080296e-05
MAR12272	3.6276342614344565e-05
MAR12273	3.6276342614344565e-05
MAR12274	0.000928386355945487
MAR12275	9.557893847986104e-05
MAR12276	3.6276342614344565e-05
MAR12277	3.6276342614344565e-05
MAR12278	0.000928386355945487
MAR12279	9.557893847986104e-05
MAR12280	0.0010344196485363112
MAR12281	3.6276342614344565e-05
MAR12282	3.6276342614344565e-05
MAR12283	9.557893847986104e-05
MAR12284	0.0010344196485363112
MAR12285	3.6276342614344565e-05
MAR12286	3.6276342614344565e-05
MAR12287	0.0010344196485363112
MAR12288	3.6276342614344565e-05
MAR12289	3.6276342614344565e-05
MAR12290	3.6276342614344565e-05
MAR12291	0.0010344196485363112
MAR12292	3.6276342614344565e-05
MAR12293	3.6276342614344565e-05
MAR12294	0.000928386355945487
MAR12295	0.0001249363529836995
MAR12296	4.218588474080296e-05
MAR12297	0.0010344196485363112
MAR12298	3.6276342614344565e-05
MAR12299	3.6276342614344565e-05
MAR12300	0.0010344196485363112
MAR12301	0.0001249363529836995
MAR12302	4.218588474080296e-05
MAR12303	0.0010344196485363112
MAR12304	3.6276342614344565e-05
MAR12305	3.6276342614344565e-05
MAR12306	0.0001249363529836995
MAR12307	4.218588474080296e-05
MAR12308	4.466026107258946e-05
MAR12309	9.557893847986104e-05
MAR12310	9.557893847986104e-05
MAR12311	9.557893847986104e-05
MAR12312	9.557893847986104e-05
MAR12313	9.557893847986104e-05
MAR12314	9.557893847986104e-05
MAR12315	9.557893847986104e-05
MAR12316	9.557893847986104e-05
MAR12317	9.557893847986104e-05
MAR12318	4.466026107258946e-05
MAR12319	4.466026107258946e-05
MAR12320	9.557893847986104e-05
MAR12321	9.557893847986104e-05
MAR12322	9.557893847986104e-05
MAR12323	9.557893847986104e-05
MAR12324	9.557893847986104e-05
MAR12325	9.557893847986104e-05
MAR12326	9.557893847986104e-05
MAR12327	9.557893847986104e-05
MAR12328	9.557893847986104e-05
MAR12329	9.557893847986104e-05
MAR12330	9.557893847986104e-05
MAR12331	9.557893847986104e-05
MAR12332	9.557893847986104e-05
MAR12333	3.6276342614344565e-05
MAR12334	9.557893847986104e-05
MAR12335	3.6276342614344565e-05
MAR12336	9.557893847986104e-05
MAR12337	4.466026107258946e-05
MAR12338	9.557893847986104e-05
MAR12339	9.557893847986104e-05
MAR12340	3.6276342614344565e-05
MAR12341	6.801261802465334e-05
MAR12342	4.466026107258946e-05
MAR12343	3.84520367536299e-05
MAR12344	6.801261802465334e-05
MAR12345	9.557893847986104e-05
MAR12346	3.654311307828005e-05
MAR12347	3.6276342614344565e-05
MAR12348	6.801261802465334e-05
MAR12349	4.466026107258946e-05
MAR12350	6.801261802465334e-05
MAR12351	9.557893847986104e-05
MAR12352	3.654311307828005e-05
MAR12353	9.557893847986104e-05
MAR12354	9.557893847986104e-05
MAR12355	3.6276342614344565e-05
MAR12356	9.557893847986104e-05
MAR12357	9.557893847986104e-05
MAR12358	9.557893847986104e-05
MAR12359	9.557893847986104e-05
MAR12360	3.6276342614344565e-05
MAR12361	9.557893847986104e-05
MAR12362	3.654311307828005e-05
MAR12363	8.24785960390065e-05
MAR12364	9.557893847986104e-05
MAR12365	9.557893847986104e-05
MAR12366	9.557893847986104e-05
MAR12367	3.6276342614344565e-05
MAR12368	9.557893847986104e-05
MAR12369	3.84520367536299e-05
MAR12370	9.557893847986104e-05
MAR12371	0.007214411000678574
MAR12372	0.0010245859174407399
MAR12373	9.348141184865432e-05
MAR12374	9.557893847986104e-05
MAR12375	3.6276342614344565e-05
MAR12376	9.348141184865432e-05
MAR12377	9.557893847986104e-05
MAR12378	3.654311307828005e-05
MAR12379	3.84520367536299e-05
MAR12380	9.557893847986104e-05
MAR12381	8.24785960390065e-05
MAR12382	9.557893847986104e-05
MAR12383	9.348141184865432e-05
MAR12384	9.557893847986104e-05
MAR12385	3.654311307828005e-05
MAR12386	9.557893847986104e-05
MAR12387	7.609324871168869e-05
MAR12388	9.557893847986104e-05
MAR12389	9.557893847986104e-05
MAR12390	9.557893847986104e-05
MAR12391	9.557893847986104e-05
MAR12392	4.466026107258946e-05
MAR12393	3.84520367536299e-05
MAR12394	6.801261802465334e-05
MAR12395	9.557893847986104e-05
MAR12396	3.654311307828005e-05
MAR12397	4.466026107258946e-05
MAR12398	9.557893847986104e-05
MAR12399	6.801261802465334e-05
MAR12400	9.557893847986104e-05
MAR12401	3.654311307828005e-05
MAR12402	9.557893847986104e-05
MAR12403	3.6276342614344565e-05
MAR12404	4.466026107258946e-05
MAR12405	9.557893847986104e-05
MAR12406	3.6276342614344565e-05
MAR12407	9.348141184865432e-05
MAR12408	9.557893847986104e-05
MAR12409	3.6276342614344565e-05
MAR12410	9.348141184865432e-05
MAR12411	9.557893847986104e-05
MAR12412	9.557893847986104e-05
MAR12413	9.557893847986104e-05
MAR12414	8.24785960390065e-05
MAR12415	9.557893847986104e-05
MAR12416	9.557893847986104e-05
MAR12417	9.557893847986104e-05
MAR12418	9.557893847986104e-05
MAR12419	9.557893847986104e-05
MAR12420	9.557893847986104e-05
MAR12421	9.557893847986104e-05
MAR12422	9.557893847986104e-05
MAR12423	8.24785960390065e-05
MAR12424	9.557893847986104e-05
MAR12425	3.84520367536299e-05
MAR12426	9.557893847986104e-05
MAR12427	8.24785960390065e-05
MAR12428	9.348141184865432e-05
MAR12429	9.557893847986104e-05
MAR12430	9.557893847986104e-05
MAR12431	3.654311307828005e-05
MAR12432	3.84520367536299e-05
MAR12433	9.557893847986104e-05
MAR12434	3.84520367536299e-05
MAR12435	9.557893847986104e-05
MAR12436	8.24785960390065e-05
MAR12437	3.84520367536299e-05
MAR12438	9.557893847986104e-05
MAR12439	8.24785960390065e-05
MAR12440	3.84520367536299e-05
MAR12441	6.801261802465334e-05
MAR12442	9.557893847986104e-05
MAR12443	8.24785960390065e-05
MAR12444	9.557893847986104e-05
MAR12445	9.557893847986104e-05
MAR12446	3.6276342614344565e-05
MAR12447	9.557893847986104e-05
MAR12448	9.557893847986104e-05
MAR12449	9.557893847986104e-05
MAR12450	9.557893847986104e-05
MAR12451	9.557893847986104e-05
MAR12452	9.557893847986104e-05
MAR12453	9.557893847986104e-05
MAR12454	9.557893847986104e-05
MAR12455	3.6276342614344565e-05
MAR12456	9.557893847986104e-05
MAR12457	3.6276342614344565e-05
MAR12458	9.348141184865432e-05
MAR12459	9.557893847986104e-05
MAR12460	0.00010290312626349616
MAR12461	6.801261802465334e-05
MAR12462	3.6276342614344565e-05
MAR12463	9.557893847986104e-05
MAR12464	0.000928386355945487
MAR12465	0.000928386355945487
MAR12466	0.000928386355945487
MAR12467	0.000928386355945487
MAR12468	3.697580839359345e-05
MAR12469	9.557893847986104e-05
MAR12470	0.000928386355945487
MAR12471	0.00010290312626349616
MAR12472	0.0012732617804930388
MAR12473	3.6276342614344565e-05
MAR12474	4.466026107258946e-05
MAR12475	9.557893847986104e-05
MAR12476	9.557893847986104e-05
MAR12477	9.557893847986104e-05
MAR12478	9.557893847986104e-05
MAR12479	9.557893847986104e-05
MAR12480	9.557893847986104e-05
MAR12481	9.557893847986104e-05
MAR12482	9.557893847986104e-05
MAR12483	9.557893847986104e-05
MAR12484	9.557893847986104e-05
MAR12485	9.557893847986104e-05
MAR12486	9.557893847986104e-05
MAR12487	9.557893847986104e-05
MAR12488	9.557893847986104e-05
MAR12489	9.557893847986104e-05
MAR12490	9.557893847986104e-05
MAR12491	9.557893847986104e-05
MAR12492	9.557893847986104e-05
MAR12493	9.557893847986104e-05
MAR12494	9.557893847986104e-05
MAR12495	9.557893847986104e-05
MAR12496	9.557893847986104e-05
MAR12497	4.466026107258946e-05
MAR12498	9.557893847986104e-05
MAR12499	9.557893847986104e-05
MAR12500	9.557893847986104e-05
MAR12501	9.557893847986104e-05
MAR12502	9.557893847986104e-05
MAR12503	9.557893847986104e-05
MAR12504	9.557893847986104e-05
MAR12505	9.557893847986104e-05
MAR12506	4.466026107258946e-05
MAR12507	9.557893847986104e-05
MAR12508	9.557893847986104e-05
MAR12509	0.0027009855678313834
MAR12510	3.654311307828005e-05
MAR12511	3.84520367536299e-05
MAR12512	9.557893847986104e-05
MAR12513	9.557893847986104e-05
MAR12514	6.801261802465334e-05
MAR12515	3.6276342614344565e-05
MAR12516	3.6276342614344565e-05
MAR12517	3.6276342614344565e-05
MAR12518	3.654311307828005e-05
MAR12519	9.557893847986104e-05
MAR12520	9.557893847986104e-05
MAR12521	9.557893847986104e-05
MAR12522	9.557893847986104e-05
MAR12523	6.801261802465334e-05
MAR12524	9.557893847986104e-05
MAR12525	9.557893847986104e-05
MAR12526	9.557893847986104e-05
MAR12527	9.557893847986104e-05
MAR12528	3.6276342614344565e-05
MAR12529	9.557893847986104e-05
MAR12530	9.557893847986104e-05
MAR12531	9.557893847986104e-05
MAR12532	9.557893847986104e-05
MAR12533	3.6276342614344565e-05
MAR12534	9.557893847986104e-05
MAR12535	3.6276342614344565e-05
MAR12536	9.557893847986104e-05
MAR12537	9.348141184865432e-05
MAR12538	9.557893847986104e-05
MAR12539	3.6276342614344565e-05
MAR12540	0.0018979661467083118
MAR12541	9.348141184865432e-05
MAR12542	9.557893847986104e-05
MAR12543	3.6276342614344565e-05
MAR12544	0.0018979661467083118
MAR12545	9.348141184865432e-05
MAR12546	9.557893847986104e-05
MAR12547	9.348141184865432e-05
MAR12548	9.557893847986104e-05
MAR12549	9.557893847986104e-05
MAR12550	9.557893847986104e-05
MAR12551	3.6276342614344565e-05
MAR12552	9.557893847986104e-05
MAR12553	9.557893847986104e-05
MAR12554	9.557893847986104e-05
MAR12555	9.557893847986104e-05
MAR12556	6.801261802465334e-05
MAR12557	3.6276342614344565e-05
MAR12558	3.6276342614344565e-05
MAR12559	9.557893847986104e-05
MAR12560	9.557893847986104e-05
MAR12561	9.557893847986104e-05
MAR12562	0.0010245859174407399
MAR12563	9.557893847986104e-05
MAR12564	3.6276342614344565e-05
MAR12565	9.557893847986104e-05
MAR12566	9.557893847986104e-05
MAR12567	9.557893847986104e-05
MAR12568	9.557893847986104e-05
MAR12569	3.6276342614344565e-05
MAR12570	9.348141184865432e-05
MAR12571	9.557893847986104e-05
MAR12572	9.557893847986104e-05
MAR12573	9.557893847986104e-05
MAR12574	9.557893847986104e-05
MAR12575	9.557893847986104e-05
MAR12576	9.557893847986104e-05
MAR12577	9.557893847986104e-05
MAR12578	9.557893847986104e-05
MAR12579	9.557893847986104e-05
MAR12580	9.557893847986104e-05
MAR12581	9.557893847986104e-05
MAR12582	9.557893847986104e-05
MAR12583	9.557893847986104e-05
MAR12584	9.557893847986104e-05
MAR12585	9.557893847986104e-05
MAR12586	9.557893847986104e-05
MAR12587	9.557893847986104e-05
MAR12588	9.557893847986104e-05
MAR12589	9.557893847986104e-05
MAR12590	9.557893847986104e-05
MAR12591	9.557893847986104e-05
MAR12592	9.557893847986104e-05
MAR12593	9.557893847986104e-05
MAR12594	9.557893847986104e-05
MAR12595	9.557893847986104e-05
MAR12596	9.557893847986104e-05
MAR12597	9.557893847986104e-05
MAR12598	9.557893847986104e-05
MAR12599	9.557893847986104e-05
MAR12600	9.557893847986104e-05
MAR12601	9.557893847986104e-05
MAR12602	9.557893847986104e-05
MAR12603	9.557893847986104e-05
MAR12604	9.557893847986104e-05
MAR12605	9.557893847986104e-05
MAR12606	9.557893847986104e-05
MAR12607	9.557893847986104e-05
MAR12608	9.557893847986104e-05
MAR12609	9.557893847986104e-05
MAR12610	9.557893847986104e-05
MAR12611	9.557893847986104e-05
MAR12612	9.557893847986104e-05
MAR12613	9.557893847986104e-05
MAR12614	9.557893847986104e-05
MAR12615	9.557893847986104e-05
MAR12616	9.557893847986104e-05
MAR12617	9.557893847986104e-05
MAR12618	9.557893847986104e-05
MAR12619	9.557893847986104e-05
MAR12620	9.557893847986104e-05
MAR12621	9.557893847986104e-05
MAR12622	9.557893847986104e-05
MAR12623	9.557893847986104e-05
MAR12624	9.557893847986104e-05
MAR12625	9.557893847986104e-05
MAR12626	9.557893847986104e-05
MAR12627	9.557893847986104e-05
MAR12628	9.557893847986104e-05
MAR12629	9.557893847986104e-05
MAR12630	9.557893847986104e-05
MAR12631	9.557893847986104e-05
MAR12632	9.557893847986104e-05
MAR12633	9.557893847986104e-05
MAR12634	9.557893847986104e-05
MAR12635	9.557893847986104e-05
MAR12636	9.557893847986104e-05
MAR12637	9.557893847986104e-05
MAR12638	9.557893847986104e-05
MAR12639	9.557893847986104e-05
MAR12640	9.557893847986104e-05
MAR12641	9.557893847986104e-05
MAR12642	9.557893847986104e-05
MAR12643	9.557893847986104e-05
MAR12644	9.557893847986104e-05
MAR12645	9.557893847986104e-05
MAR12646	9.557893847986104e-05
MAR12647	9.557893847986104e-05
MAR12648	9.557893847986104e-05
MAR12649	9.557893847986104e-05
MAR12650	9.557893847986104e-05
MAR12651	9.557893847986104e-05
MAR12652	9.557893847986104e-05
MAR12653	9.557893847986104e-05
MAR12654	9.557893847986104e-05
MAR12655	9.557893847986104e-05
MAR12656	9.557893847986104e-05
MAR12657	9.557893847986104e-05
MAR12658	9.557893847986104e-05
MAR12659	9.557893847986104e-05
MAR12660	9.557893847986104e-05
MAR12661	9.557893847986104e-05
MAR12662	9.557893847986104e-05
MAR12663	9.557893847986104e-05
MAR12664	9.557893847986104e-05
MAR12665	9.557893847986104e-05
MAR12666	9.557893847986104e-05
MAR12667	9.557893847986104e-05
MAR12668	9.557893847986104e-05
MAR12669	9.557893847986104e-05
MAR12670	9.557893847986104e-05
MAR12671	9.557893847986104e-05
MAR12672	9.557893847986104e-05
MAR12673	9.557893847986104e-05
MAR12674	9.557893847986104e-05
MAR12675	9.557893847986104e-05
MAR12676	9.557893847986104e-05
MAR12677	9.557893847986104e-05
MAR12678	9.557893847986104e-05
MAR12679	9.557893847986104e-05
MAR12680	9.557893847986104e-05
MAR12681	9.557893847986104e-05
MAR12682	9.557893847986104e-05
MAR12683	9.557893847986104e-05
MAR12684	9.557893847986104e-05
MAR12685	9.557893847986104e-05
MAR12686	9.557893847986104e-05
MAR12687	9.557893847986104e-05
MAR12688	9.557893847986104e-05
MAR12689	9.557893847986104e-05
MAR12690	9.557893847986104e-05
MAR12691	9.557893847986104e-05
MAR12692	9.557893847986104e-05
MAR12693	9.557893847986104e-05
MAR12694	9.557893847986104e-05
MAR12695	9.557893847986104e-05
MAR12696	9.557893847986104e-05
MAR12697	9.557893847986104e-05
MAR12698	9.557893847986104e-05
MAR12699	9.557893847986104e-05
MAR12700	9.557893847986104e-05
MAR12701	9.557893847986104e-05
MAR12702	9.557893847986104e-05
MAR12703	9.557893847986104e-05
MAR12704	9.557893847986104e-05
MAR12705	9.557893847986104e-05
MAR12706	9.557893847986104e-05
MAR12707	9.557893847986104e-05
MAR12708	9.557893847986104e-05
MAR12709	9.557893847986104e-05
MAR12710	9.557893847986104e-05
MAR12711	9.557893847986104e-05
MAR12712	9.557893847986104e-05
MAR12713	9.557893847986104e-05
MAR12714	9.557893847986104e-05
MAR12715	9.557893847986104e-05
MAR12716	9.557893847986104e-05
MAR12717	9.557893847986104e-05
MAR12718	9.557893847986104e-05
MAR12719	9.557893847986104e-05
MAR12720	9.557893847986104e-05
MAR12721	9.557893847986104e-05
MAR12722	9.557893847986104e-05
MAR12723	9.557893847986104e-05
MAR12724	9.557893847986104e-05
MAR12725	9.557893847986104e-05
MAR12726	9.557893847986104e-05
MAR12727	3.654311307828005e-05
MAR12728	3.6276342614344565e-05
MAR12729	9.557893847986104e-05
MAR12730	9.557893847986104e-05
MAR12731	9.557893847986104e-05
MAR12732	9.557893847986104e-05
MAR12733	9.557893847986104e-05
MAR12734	9.557893847986104e-05
MAR12735	9.557893847986104e-05
MAR12736	3.6276342614344565e-05
MAR12737	0.0013308436052640864
MAR12738	3.6276342614344565e-05
MAR12739	3.6276342614344565e-05
MAR12740	3.6276342614344565e-05
MAR12741	0.00012746176633884353
MAR12742	9.557893847986104e-05
MAR12743	9.557893847986104e-05
MAR12744	0.001772274622502629
MAR12745	9.557893847986104e-05
MAR12746	3.6276342614344565e-05
MAR12747	3.6276342614344565e-05
MAR12748	3.6276342614344565e-05
MAR12749	3.6276342614344565e-05
MAR12750	9.557893847986104e-05
MAR12751	9.557893847986104e-05
MAR12752	9.557893847986104e-05
MAR12753	9.557893847986104e-05
MAR12754	6.801261802465334e-05
MAR12755	9.557893847986104e-05
MAR12756	3.6276342614344565e-05
MAR12757	9.557893847986104e-05
MAR12758	3.6276342614344565e-05
MAR12759	9.557893847986104e-05
MAR12760	6.801261802465334e-05
MAR12761	3.6276342614344565e-05
MAR12762	9.557893847986104e-05
MAR12763	3.6276342614344565e-05
MAR12764	9.557893847986104e-05
MAR12765	9.557893847986104e-05
MAR12766	9.557893847986104e-05
MAR12767	3.6276342614344565e-05
MAR12768	9.557893847986104e-05
MAR12769	9.557893847986104e-05
MAR12770	3.6276342614344565e-05
MAR12771	9.557893847986104e-05
MAR12772	9.557893847986104e-05
MAR12773	9.557893847986104e-05
MAR12774	9.557893847986104e-05
MAR12775	3.84520367536299e-05
MAR12776	6.801261802465334e-05
MAR12777	4.466026107258946e-05
MAR12778	4.466026107258946e-05
MAR12779	4.466026107258946e-05
MAR12780	4.466026107258946e-05
MAR12781	4.466026107258946e-05
MAR12782	6.801261802465334e-05
MAR12783	9.557893847986104e-05
MAR12784	9.557893847986104e-05
MAR12785	9.557893847986104e-05
MAR12786	6.801261802465334e-05
MAR12787	0.000928386355945487
MAR12788	0.000928386355945487
MAR12789	9.557893847986104e-05
MAR12790	3.6276342614344565e-05
MAR12791	9.557893847986104e-05
MAR12792	3.6276342614344565e-05
MAR12793	9.348141184865432e-05
MAR12794	4.466026107258946e-05
MAR12795	9.557893847986104e-05
MAR12796	9.557893847986104e-05
MAR12797	9.557893847986104e-05
MAR12798	9.557893847986104e-05
MAR12799	9.557893847986104e-05
MAR12800	9.557893847986104e-05
MAR12801	9.557893847986104e-05
MAR12802	9.557893847986104e-05
MAR12803	9.557893847986104e-05
MAR12804	9.557893847986104e-05
MAR12805	9.557893847986104e-05
MAR12806	3.6276342614344565e-05
MAR12807	9.557893847986104e-05
MAR12808	0.0010245859174407399
MAR12809	9.557893847986104e-05
MAR12810	9.557893847986104e-05
MAR12811	9.348141184865432e-05
MAR12812	3.6276342614344565e-05
MAR12813	9.557893847986104e-05
MAR12814	9.557893847986104e-05
MAR12815	3.6276342614344565e-05
MAR12816	9.348141184865432e-05
MAR12817	3.6276342614344565e-05
MAR12818	3.84520367536299e-05
MAR12819	9.557893847986104e-05
MAR12820	3.654311307828005e-05
MAR12821	9.348141184865432e-05
MAR12822	9.557893847986104e-05
MAR12823	9.348141184865432e-05
MAR12824	9.557893847986104e-05
MAR12825	9.557893847986104e-05
MAR12826	3.654311307828005e-05
MAR12827	9.557893847986104e-05
MAR12828	9.348141184865432e-05
MAR12829	9.557893847986104e-05
MAR12830	9.557893847986104e-05
MAR12831	9.348141184865432e-05
MAR12832	3.84520367536299e-05
MAR12833	9.557893847986104e-05
MAR12834	9.557893847986104e-05
MAR12835	3.654311307828005e-05
MAR12836	9.557893847986104e-05
MAR12837	9.557893847986104e-05
MAR12838	6.801261802465334e-05
MAR12839	0.0018979661467083118
MAR12840	9.557893847986104e-05
MAR12841	6.801261802465334e-05
MAR12842	9.557893847986104e-05
MAR12843	3.6276342614344565e-05
MAR12844	3.84520367536299e-05
MAR12845	9.557893847986104e-05
MAR12846	9.557893847986104e-05
MAR12847	3.6276342614344565e-05
MAR12848	9.557893847986104e-05
MAR12849	9.557893847986104e-05
MAR12850	0.0010344196485363112
MAR12851	9.557893847986104e-05
MAR12852	6.801261802465334e-05
MAR12853	9.557893847986104e-05
MAR12854	9.557893847986104e-05
MAR12855	9.557893847986104e-05
MAR12856	9.557893847986104e-05
MAR12857	9.557893847986104e-05
MAR12858	9.557893847986104e-05
MAR12859	9.557893847986104e-05
MAR12860	3.6276342614344565e-05
MAR12861	9.557893847986104e-05
MAR12862	9.557893847986104e-05
MAR12863	9.557893847986104e-05
MAR12864	3.6276342614344565e-05
MAR12865	9.557893847986104e-05
MAR12866	9.557893847986104e-05
MAR12867	3.6276342614344565e-05
MAR12868	9.557893847986104e-05
MAR12869	3.6276342614344565e-05
MAR12870	9.348141184865432e-05
MAR12871	9.557893847986104e-05
MAR12872	9.557893847986104e-05
MAR12873	9.557893847986104e-05
MAR12874	9.557893847986104e-05
MAR12875	9.557893847986104e-05
MAR12876	9.557893847986104e-05
MAR12877	9.557893847986104e-05
MAR12878	9.557893847986104e-05
MAR12879	9.557893847986104e-05
MAR12880	9.557893847986104e-05
MAR12881	9.557893847986104e-05
MAR12882	9.557893847986104e-05
MAR12883	9.557893847986104e-05
MAR12884	9.557893847986104e-05
MAR12885	9.557893847986104e-05
MAR12886	9.557893847986104e-05
MAR12887	9.557893847986104e-05
MAR12888	9.557893847986104e-05
MAR12889	9.557893847986104e-05
MAR12890	9.557893847986104e-05
MAR12891	9.557893847986104e-05
MAR12892	9.557893847986104e-05
MAR12893	9.557893847986104e-05
MAR12894	9.557893847986104e-05
MAR12895	9.557893847986104e-05
MAR12896	9.557893847986104e-05
MAR12897	9.557893847986104e-05
MAR12898	9.557893847986104e-05
MAR12899	9.557893847986104e-05
MAR12900	9.557893847986104e-05
MAR12901	9.557893847986104e-05
MAR12902	9.557893847986104e-05
MAR12903	9.557893847986104e-05
MAR12904	9.557893847986104e-05
MAR12905	9.557893847986104e-05
MAR12906	9.557893847986104e-05
MAR12907	9.557893847986104e-05
MAR12908	9.557893847986104e-05
MAR12909	9.557893847986104e-05
MAR12910	9.557893847986104e-05
MAR12911	9.557893847986104e-05
MAR12912	9.557893847986104e-05
MAR12913	9.557893847986104e-05
MAR12914	9.557893847986104e-05
MAR12915	9.557893847986104e-05
MAR12916	9.557893847986104e-05
MAR12917	9.557893847986104e-05
MAR12918	9.557893847986104e-05
MAR12919	9.557893847986104e-05
MAR12920	9.557893847986104e-05
MAR12921	9.557893847986104e-05
MAR12922	9.557893847986104e-05
MAR12923	9.557893847986104e-05
MAR12924	9.557893847986104e-05
MAR12925	9.557893847986104e-05
MAR12926	9.557893847986104e-05
MAR12927	9.557893847986104e-05
MAR12928	9.557893847986104e-05
MAR12929	9.557893847986104e-05
MAR12930	9.557893847986104e-05
MAR12931	9.557893847986104e-05
MAR12932	9.557893847986104e-05
MAR12933	9.557893847986104e-05
MAR12934	9.557893847986104e-05
MAR12935	9.557893847986104e-05
MAR12936	9.557893847986104e-05
MAR12937	9.557893847986104e-05
MAR12938	9.557893847986104e-05
MAR12939	9.557893847986104e-05
MAR12940	9.557893847986104e-05
MAR12941	9.557893847986104e-05
MAR12942	9.557893847986104e-05
MAR12943	9.557893847986104e-05
MAR12944	9.557893847986104e-05
MAR12945	9.557893847986104e-05
MAR12946	9.557893847986104e-05
MAR12947	9.557893847986104e-05
MAR12948	9.557893847986104e-05
MAR12949	9.557893847986104e-05
MAR12950	9.557893847986104e-05
MAR12951	9.557893847986104e-05
MAR12952	9.557893847986104e-05
MAR12953	9.557893847986104e-05
MAR12954	9.557893847986104e-05
MAR12955	9.557893847986104e-05
MAR12956	9.557893847986104e-05
MAR12957	9.557893847986104e-05
MAR12958	9.557893847986104e-05
MAR12959	9.557893847986104e-05
MAR12960	9.557893847986104e-05
MAR12961	9.557893847986104e-05
MAR12962	9.557893847986104e-05
MAR12963	9.557893847986104e-05
MAR12964	9.557893847986104e-05
MAR12965	9.557893847986104e-05
MAR12966	9.557893847986104e-05
MAR12967	9.557893847986104e-05
MAR12968	9.557893847986104e-05
MAR12969	9.557893847986104e-05
MAR12970	9.557893847986104e-05
MAR12971	9.557893847986104e-05
MAR12972	9.557893847986104e-05
MAR12973	9.557893847986104e-05
MAR12974	9.557893847986104e-05
MAR12975	9.557893847986104e-05
MAR12976	9.557893847986104e-05
MAR12977	9.557893847986104e-05
MAR12978	9.557893847986104e-05
MAR12979	9.557893847986104e-05
MAR12980	9.557893847986104e-05
MAR12981	9.557893847986104e-05
MAR12982	9.557893847986104e-05
MAR12983	9.557893847986104e-05
MAR12984	9.557893847986104e-05
MAR12985	9.557893847986104e-05
MAR12986	9.557893847986104e-05
MAR12987	9.557893847986104e-05
MAR12988	9.557893847986104e-05
MAR12989	9.557893847986104e-05
MAR12990	9.557893847986104e-05
MAR12991	9.557893847986104e-05
MAR12992	9.557893847986104e-05
MAR12993	9.557893847986104e-05
MAR12994	9.557893847986104e-05
MAR12995	9.557893847986104e-05
MAR12996	9.557893847986104e-05
MAR12997	9.557893847986104e-05
MAR12998	9.557893847986104e-05
MAR12999	9.557893847986104e-05
MAR13000	9.557893847986104e-05
MAR13001	9.557893847986104e-05
MAR13002	9.557893847986104e-05
MAR13003	9.557893847986104e-05
MAR13004	9.557893847986104e-05
MAR13005	9.557893847986104e-05
MAR13006	9.557893847986104e-05
MAR13007	9.557893847986104e-05
MAR13008	9.557893847986104e-05
MAR13009	9.557893847986104e-05
MAR13010	9.557893847986104e-05
MAR13011	9.557893847986104e-05
MAR13012	9.557893847986104e-05
MAR13013	9.557893847986104e-05
MAR13014	9.557893847986104e-05
MAR13015	9.557893847986104e-05
MAR13016	9.557893847986104e-05
MAR13017	9.557893847986104e-05
MAR13018	9.557893847986104e-05
MAR13019	9.557893847986104e-05
MAR13020	9.557893847986104e-05
MAR13021	9.557893847986104e-05
MAR13022	9.557893847986104e-05
MAR13023	9.557893847986104e-05
MAR13024	9.557893847986104e-05
MAR13025	9.557893847986104e-05
MAR13026	9.557893847986104e-05
MAR13027	9.557893847986104e-05
MAR13028	9.557893847986104e-05
MAR13029	9.557893847986104e-05
MAR13030	9.557893847986104e-05
MAR13031	9.557893847986104e-05
MAR13032	9.557893847986104e-05
MAR13033	9.557893847986104e-05
MAR13034	9.557893847986104e-05
MAR13035	9.557893847986104e-05
MAR13036	9.557893847986104e-05
MAR13037	9.557893847986104e-05
MAR13038	9.557893847986104e-05
MAR13039	9.557893847986104e-05
MAR13040	9.557893847986104e-05
MAR13041	9.557893847986104e-05
MAR13042	9.557893847986104e-05
MAR13043	9.557893847986104e-05
MAR13044	9.557893847986104e-05
MAR13045	9.557893847986104e-05
MAR13046	9.557893847986104e-05
MAR13047	9.557893847986104e-05
MAR13048	9.557893847986104e-05
MAR13049	9.557893847986104e-05
MAR13050	9.557893847986104e-05
MAR13051	9.557893847986104e-05
MAR13052	9.557893847986104e-05
MAR13053	9.557893847986104e-05
MAR13054	9.557893847986104e-05
MAR13055	9.557893847986104e-05
MAR13056	9.557893847986104e-05
MAR13057	9.557893847986104e-05
MAR13058	9.557893847986104e-05
MAR13059	9.557893847986104e-05
MAR13060	9.557893847986104e-05
MAR13061	9.557893847986104e-05
MAR13062	9.557893847986104e-05
MAR13063	9.557893847986104e-05
MAR13065	9.557893847986104e-05
MAR13067	9.557893847986104e-05
MAR13068	9.557893847986104e-05
MAR13069	9.557893847986104e-05
MAR13070	9.557893847986104e-05
MAR13071	9.557893847986104e-05
MAR13072	9.557893847986104e-05
MAR13073	9.557893847986104e-05
MAR13074	9.557893847986104e-05
MAR13075	9.557893847986104e-05
MAR13076	9.557893847986104e-05
MAR13077	9.557893847986104e-05
MAR13078	9.557893847986104e-05
MAR13079	0.008622487159485234
MAR13080	0.0006743219583844906
MAR13081	1.0
MAR10023	9.557893847986104e-05
MAR10024	9.557893847986104e-05
MAR10026	9.557893847986104e-05
MAR10027	9.557893847986104e-05
MAR10028	9.557893847986104e-05
MAR10029	9.557893847986104e-05
MAR10030	9.557893847986104e-05
MAR10031	9.557893847986104e-05
MAR10033	9.557893847986104e-05
MAR10034	9.557893847986104e-05
MAR10035	9.557893847986104e-05
MAR10036	9.557893847986104e-05
MAR10037	9.557893847986104e-05
MAR10038	9.557893847986104e-05
MAR10039	9.557893847986104e-05
MAR10040	9.557893847986104e-05
MAR10041	9.557893847986104e-05
MAR10042	9.557893847986104e-05
MAR10043	9.557893847986104e-05
MAR10044	9.557893847986104e-05
MAR10045	9.557893847986104e-05
MAR10046	9.557893847986104e-05
MAR10047	9.557893847986104e-05
MAR10048	9.557893847986104e-05
MAR10049	9.557893847986104e-05
MAR10050	9.557893847986104e-05
MAR10051	9.557893847986104e-05
MAR10052	9.557893847986104e-05
MAR10053	9.557893847986104e-05
MAR10054	9.557893847986104e-05
MAR10055	9.557893847986104e-05
MAR10056	9.557893847986104e-05
MAR10057	9.557893847986104e-05
MAR10058	9.557893847986104e-05
MAR10059	9.557893847986104e-05
MAR10060	9.557893847986104e-05
MAR10061	0.0013154336533388051
MAR10062	9.557893847986104e-05
MAR10063	9.557893847986104e-05
MAR10064	9.557893847986104e-05
MAR10065	9.557893847986104e-05
MAR13082	1.0
MAR10066	0.000823603866732933
MAR10067	0.0002499258485436345
MAR10068	9.557893847986104e-05
MAR10069	9.557893847986104e-05
MAR10070	9.557893847986104e-05
MAR10071	0.0008728988132386788
MAR10072	0.0008728988132386788
MAR10073	0.000928386355945487
MAR10074	9.557893847986104e-05
MAR10075	0.000928386355945487
MAR10076	9.557893847986104e-05
MAR10077	9.557893847986104e-05
MAR10078	9.557893847986104e-05
MAR10079	0.000928386355945487
MAR10080	9.557893847986104e-05
MAR10081	9.557893847986104e-05
MAR10082	0.000928386355945487
MAR10083	9.557893847986104e-05
MAR10084	9.557893847986104e-05
MAR10085	9.557893847986104e-05
MAR10086	9.557893847986104e-05
MAR10087	9.557893847986104e-05
MAR10088	9.557893847986104e-05
MAR10089	9.557893847986104e-05
MAR10090	9.557893847986104e-05
MAR10091	9.557893847986104e-05
MAR10092	9.557893847986104e-05
MAR10093	9.557893847986104e-05
MAR10094	9.557893847986104e-05
MAR10095	9.557893847986104e-05
MAR10096	9.557893847986104e-05
MAR10097	9.557893847986104e-05
MAR10098	9.557893847986104e-05
MAR10099	9.557893847986104e-05
MAR10100	0.000928386355945487
MAR10101	0.000928386355945487
MAR10102	0.000928386355945487
MAR10103	0.000928386355945487
MAR10104	0.000928386355945487
MAR10105	9.557893847986104e-05
MAR10106	9.557893847986104e-05
MAR10107	9.557893847986104e-05
MAR10108	9.557893847986104e-05
MAR10109	0.000928386355945487
MAR10110	0.000928386355945487
MAR10111	9.557893847986104e-05
MAR10112	9.557893847986104e-05
MAR10113	9.557893847986104e-05
MAR10114	9.557893847986104e-05
MAR10115	0.000928386355945487
MAR10116	3.6276342614344565e-05
MAR10117	0.000928386355945487
MAR10118	4.218588474080296e-05
MAR10119	4.218588474080296e-05
MAR10120	4.218588474080296e-05
MAR10121	9.557893847986104e-05
MAR10122	9.557893847986104e-05
MAR10123	9.557893847986104e-05
MAR10124	9.557893847986104e-05
MAR10125	0.000928386355945487
MAR10126	0.000928386355945487
MAR10127	4.218588474080296e-05
MAR10128	9.557893847986104e-05
MAR10129	9.557893847986104e-05
MAR10130	9.557893847986104e-05
MAR10131	9.557893847986104e-05
MAR10132	9.557893847986104e-05
MAR13083	3.8716599190587955e-05
MAR13084	9.557893847986104e-05
MAR13085	9.557893847986104e-05
MAR13086	0.0053614163722239495
MAR13087	3.6276342614344565e-05
MAR20001	3.6276342614344565e-05
MAR20003	3.6276342614344565e-05
MAR20005	3.6276342614344565e-05
MAR20006	0.008741871681063187
MAR20007	3.6276342614344565e-05
MAR20008	0.008741871681063187
MAR20009	3.6276342614344565e-05
MAR20010	3.6276342614344565e-05
MAR20011	9.131392866791875e-05
MAR20013	4.929421239977537e-05
MAR20016	0.0010061425608227893
MAR20017	0.0010061425608227893
MAR20018	0.0009557265938860466
MAR20019	0.0009557265938860466
MAR20021	4.541777976781661e-05
MAR20022	4.541777976781661e-05
MAR20023	4.541777976781661e-05
MAR20024	4.541777976781661e-05
MAR20025	4.541777976781661e-05
MAR20026	4.541777976781661e-05
MAR20027	4.541777976781661e-05
MAR20028	4.541777976781661e-05
MAR20029	4.541777976781661e-05
MAR20030	4.541777976781661e-05
MAR20031	4.541777976781661e-05
MAR20032	4.541777976781661e-05
MAR20033	0.0010122686655924219
MAR20034	0.0010122686655924219
MAR20035	0.0010122686655924219
MAR20036	0.0010122686655924219
MAR20037	0.0010061425608227893
MAR20038	0.0010061425608227893
MAR20039	0.0010061425608227893
MAR20040	0.0010061425608227893
MAR20041	0.0010061425608227893
MAR20042	0.0010061425608227893
MAR20043	0.0010061425608227893
MAR20044	0.008741871681063187
MAR20046	0.0005716679195388877
MAR20047	0.0005716679195388877
MAR20048	0.0005716679195388877
MAR20049	0.0005716679195388877
MAR20050	0.0005716679195388877
MAR20051	0.0005716679195388877
MAR20053	0.0005716679195388877
MAR20054	0.0005716679195388877
MAR20055	0.0005716679195388877
MAR20056	0.0005716679195388877
MAR20057	0.0005716679195388877
MAR20058	0.0005716679195388877
MAR20059	0.0005716679195388877
MAR20060	0.0005716679195388877
MAR20061	0.0005716679195388877
MAR20062	0.0005716679195388877
MAR20063	0.0005716679195388877
MAR20064	0.0005716679195388877
MAR20065	0.0005716679195388877
MAR20067	3.6276342614344565e-05
MAR20068	3.6276342614344565e-05
MAR20069	0.002355974984659841
MAR20070	3.6276342614344565e-05
MAR20071	0.00017747599612917266
MAR20072	0.00017747599612917266
MAR20073	0.0006691712482283635
MAR20074	0.0006691712482283635
MAR20075	0.0006691712482283635
MAR20076	0.0006691712482283635
MAR20077	0.0006691712482283635
MAR20078	0.0006691712482283635
MAR20079	0.0006691712482283635
MAR20080	0.0006691712482283635
MAR20081	0.0006691712482283635
MAR20082	0.0006691712482283635
MAR20083	0.0006691712482283635
MAR20084	0.0006691712482283635
MAR20085	0.0006691712482283635
MAR20086	0.0006691712482283635
MAR20087	0.0006691712482283635
MAR20088	0.0006691712482283635
MAR20090	0.0006699575234678033
MAR20091	0.0006699575234678033
MAR20092	0.0006699575234678033
MAR20093	0.0004884435004273678
MAR20094	0.0004884435004273678
MAR20095	0.0004884435004273678
MAR20096	0.0004884435004273678
MAR20097	0.0004884435004273678
MAR20098	0.001848568493813083
MAR20099	0.000738019097394808
MAR20100	0.000738019097394808
MAR20101	0.000738019097394808
MAR20102	0.0005750461910625343
MAR20103	0.0005750461910625343
MAR20104	0.0005750461910625343
MAR20105	0.0005750461910625343
MAR20106	0.0005750461910625343
MAR20107	0.0005750461910625343
MAR20108	0.0005750461910625343
MAR20109	0.0005750461910625343
MAR20110	0.0020321511184408537
MAR20111	4.430988755113877e-05
MAR20112	9.000793258627582e-05
MAR20113	9.557893847986104e-05
MAR20114	0.0010245859174407399
MAR20115	0.0010232267351589538
MAR20116	0.0010232267351589538
MAR20117	0.0003445638819719986
MAR20118	0.0010232267351589538
MAR20119	0.0010232267351589538
MAR20120	0.0010232267351589538
MAR20121	0.0010232267351589538
MAR20122	0.0010232267351589538
MAR20123	0.0010232267351589538
MAR20124	0.0010232267351589538
MAR20125	0.0010232267351589538
MAR20126	0.0010232267351589538
MAR20127	0.0010232267351589538
MAR20128	0.0010232267351589538
MAR20129	0.0010232267351589538
MAR20130	0.0010232267351589538
MAR20131	0.0010232267351589538
MAR20132	0.0005669911118314134
MAR20133	0.0005669911118314134
MAR20134	0.0005669911118314134
MAR20135	0.0005669911118314134
MAR20136	0.0005669911118314134
MAR20137	0.0005669911118314134
MAR20138	0.0005669911118314134
MAR20139	0.0005669911118314134
MAR20140	0.0005669911118314134
MAR20141	0.0005669911118314134
MAR20142	0.0005669911118314134
MAR20143	0.0005669911118314134
MAR20144	0.0005669911118314134
MAR20145	0.0005669911118314134
MAR20146	0.0006745429380144035
MAR20147	0.0005669911118314134
MAR20148	0.0005669911118314134
MAR20149	0.0005669911118314134
MAR20150	0.0005669911118314134
MAR20151	0.0005669911118314134
MAR20152	0.0006745429380144035
MAR20153	0.0006745429380144035
MAR20154	0.0006745429380144035
MAR20155	0.0006745429380144035
MAR20156	0.0006745429380144035
MAR20157	0.0006745429380144035
MAR20158	0.0006745429380144035
MAR20159	0.0006745429380144035
MAR20160	0.0006745429380144035
MAR20161	0.0006745429380144035
MAR20162	0.0006745429380144035
MAR20163	0.0006745429380144035
MAR20164	0.0006745429380144035
MAR20165	0.0006745429380144035
MAR20166	0.0006745429380144035
MAR20167	0.00018129642665562368
MAR20168	0.0001740576807386605
MAR20169	3.6276342614344565e-05
MAR20170	0.00279425441236777
MAR20171	0.00279425441236777
MAR20172	0.00279425441236777
MAR20173	0.004864507076604704
MAR20174	0.0004988370482135176
MAR20175	0.0004988370482135176
MAR20176	0.0004988370482135176
MAR20177	0.0004988370482135176
MAR20178	0.00033826493817422517
MAR20179	9.557893847986104e-05
MAR20180	9.557893847986104e-05
MAR20181	0.00021994785965142599
MAR20182	0.00021994785965142599
MAR20183	0.00021994785965142599
