reaction	linear_coefficient
MAR03905	0.009376156075405383
MAR03907	0.002989632713151031
MAR04097	0.001187889157379093
MAR04099	0.00018541826870910533
MAR04108	0.001187889157379093
MAR04133	0.001187889157379093
MAR04281	0.032037901836009595
MAR04388	0.032037901836009595
MAR04283	0.0014607221309493673
MAR08357	0.004119748483482751
MAR04379	0.005190604681892992
MAR04301	0.005190604681892992
MAR04355	0.0009281623404336437
MAR04358	0.050475584228246655
MAR04360	0.0010849101424253182
MAR04363	0.04284798603182632
MAR04365	0.02904827302055925
MAR04368	0.012943004566436538
MAR04370	0.000379812204943809
MAR04371	0.02904827302055925
MAR04372	0.000379812204943809
MAR04373	0.1340639486118404
MAR04375	0.0009281623404336437
MAR04377	3.876376698494929e-05
MAR04381	0.003659560713475492
MAR04391	0.026905549975025176
MAR04394	0.008304392400351284
MAR04396	0.0035706858813416846
MAR04521	0.002108171972365961
MAR06412	0.00206334742109719
MAR07745	0.001842158704019943
MAR07747	0.0015225691773524184
MAR08360	0.002339961217501146
MAR08652	0.002108171972365961
MAR08757	4.976051025042157e-05
MAR03989	0.0014320682387781536
MAR04122	0.004626711400604271
MAR04837	0.00040669481124428717
MAR05395	0.008895531414441193
MAR05396	0.008895531414441193
MAR09727	0.003928271690639047
MAR05397	0.0034455363639413093
MAR05398	0.005911060061965088
MAR05399	0.0009204780080722366
MAR05400	0.0009204780080722366
MAR05401	0.005911060061965088
MAR08568	4.127670048243314e-05
MAR08569	4.127670048243314e-05
MAR08570	4.127670048243314e-05
MAR08571	4.127670048243314e-05
MAR08572	4.127670048243314e-05
MAR08573	4.127670048243314e-05
MAR08574	4.127670048243314e-05
MAR08575	4.127670048243314e-05
MAR08576	4.127670048243314e-05
MAR08577	4.127670048243314e-05
MAR08578	4.127670048243314e-05
MAR08579	4.127670048243314e-05
MAR08581	4.127670048243314e-05
MAR08591	0.00036941565492047836
MAR08592	0.0014320682387781536
MAR08580	4.127670048243314e-05
MAR08582	4.127670048243314e-05
MAR08587	0.00036941565492047836
MAR08589	0.0014320682387781536
MAR08583	6.24459998978778e-05
MAR08584	3.876376698494929e-05
MAR08585	0.000724462771230931
MAR03944	0.004019704183803721
MAR04128	0.0011904685058121039
MAR04130	0.001701307544686901
MAR04131	0.0005018264949703563
MAR04132	0.0005018264949703563
MAR04303	0.0014320682387781536
MAR04414	0.001701307544686901
MAR04415	0.00318433967317952
MAR04416	0.004076759125013249
MAR04831	0.00010544374154059859
MAR04832	0.00318433967317952
MAR07674	0.0051159295806803284
MAR08761	7.409409092955173e-05
MAR08762	0.0009281623404336437
MAR08764	3.876376698494929e-05
MAR08766	0.013519912697834655
MAR08767	0.0005018264949703563
MAR00454	0.00010544374154059859
MAR04297	0.001858797382385013
MAR04310	7.409409092955173e-05
MAR04315	0.0004790844548068054
MAR04316	0.013519912697834655
MAR04317	0.0029920786543795336
MAR04318	0.0029920786543795336
MAR04319	0.008304392400351284
MAR04320	0.0029920786543795336
MAR04356	0.0009281623404336437
MAR04383	0.0006721333974706613
MAR04385	0.0013556486757811622
MAR04386	0.0011555783078692054
MAR04387	0.0007202414535110865
MAR04399	0.0001254639797160375
MAR04400	0.00283173047214933
MAR04401	0.0005842762584452554
MAR04402	0.0002806521776250883
MAR04403	0.00010544374154059859
MAR04490	0.008304392400351284
MAR04706	0.001858797382385013
MAR08768	0.00283173047214933
MAR04590	0.00210964223736785
MAR04591	0.0006928432846680516
MAR04592	0.013519912697834655
MAR04593	0.0004790844548068054
MAR04594	6.184901337928256e-05
MAR04595	0.0003291504148499697
MAR08341	0.013519912697834655
MAR08342	0.00010544374154059859
MAR08344	0.002989632713151031
MAR08352	0.0005187920727855887
MAR08353	0.00010544374154059859
MAR08726	0.00012803303471972078
MAR08727	0.0028647776760358334
MAR08728	0.00010544374154059859
MAR08729	0.0013496687467958216
MAR06537	0.002989632713151031
MAR01568	0.0014607221309493673
MAR03853	0.010123102181841108
MAR03854	0.013519912697834655
MAR03855	0.013519912697834655
MAR03857	0.0008182233467086
MAR03859	6.697763091265897e-05
MAR04087	0.0006991021369938959
MAR04089	0.002455814660699782
MAR04091	0.0006991021369938959
MAR04093	3.876376698494929e-05
MAR04095	3.876376698494929e-05
MAR04101	3.876376698494929e-05
MAR04103	0.0008775924235982178
MAR04143	0.0001354323844633445
MAR04193	0.050475584228246655
MAR08497	0.013519912697834655
MAR08498	4.976051025042157e-05
MAR08499	4.976051025042157e-05
MAR08500	0.013519912697834655
MAR08501	0.0021511077140267346
MAR08502	0.009376156075405383
MAR08503	0.004119748483482751
MAR08504	0.004119748483482751
MAR08506	0.004119748483482751
MAR08507	0.009376156075405383
MAR08508	0.009376156075405383
MAR08509	0.013519912697834655
MAR08511	0.0008182233467086
MAR08512	6.697763091265897e-05
MAR08514	6.697763091265897e-05
MAR08516	0.0005257737039289799
MAR08517	0.00010544374154059859
MAR04280	0.0011849197663033253
MAR00153	0.001187889157379093
MAR03212	0.0014043630501241308
MAR03797	0.001187889157379093
MAR03800	0.00021617809216386102
MAR04105	0.00010423921362158784
MAR04106	0.00010423921362158784
MAR04107	0.00010423921362158784
MAR04282	0.00019772869430670988
MAR04331	0.001187889157379093
MAR04459	0.001187889157379093
MAR04460	0.001187889157379093
MAR04464	0.00010544374154059859
MAR04497	0.008127876867171204
MAR04741	0.00039839780629732105
MAR08078	0.00010544374154059859
MAR09803	0.00010544374154059859
MAR09804	0.009376156075405383
MAR00718	0.00020558005337592818
MAR00719	0.0005581643597203546
MAR01434	0.0014860065202056004
MAR01436	0.0004496364191098952
MAR03163	0.0014043630501241308
MAR04461	0.0012147766423229204
MAR04604	0.0013845984427175476
MAR05351	0.0011849197663033253
MAR07709	0.0003913633878133473
MAR04052	0.009484031696930274
MAR04304	0.0074572202317020105
MAR04350	0.00012803303471972078
MAR04351	0.0011257534041781549
MAR04352	0.0011257534041781549
MAR04354	0.0035706858813416846
MAR04398	0.0019767494670585657
MAR04404	0.007346967246835242
MAR04473	0.006326620448301147
MAR04474	0.006326620448301147
MAR04476	0.00017023681267087795
MAR04477	0.002561475568161695
MAR04501	0.007346967246835242
MAR04565	0.010411967959000828
MAR04567	0.005190604681892992
MAR09799	0.00015544847555285556
MAR09800	7.409409092955173e-05
MAR04623	0.0013749503332939042
MAR04625	0.001997035804277248
MAR04710	0.0035706858813416846
MAR04841	0.0014607221309493673
MAR08074	0.00012803303471972078
MAR08653	0.001997035804277248
MAR03998	0.004907972990986488
MAR04000	0.0030602438012986483
MAR04002	0.004039519871804726
MAR04004	0.004039519871804726
MAR04010	0.020533764367148426
MAR04081	0.020533764367148426
MAR04082	0.020533764367148426
MAR04012	0.0019048443047353226
MAR04014	0.0012382246299386395
MAR04020	0.006097303527907069
MAR04022	0.0030602438012986483
MAR04038	0.0053034863440315294
MAR04040	0.008790510923494817
MAR04042	0.0037681758874957864
MAR04046	0.00150389149413875
MAR04048	0.0012382246299386395
MAR04080	0.0022853321714883424
MAR04085	0.004692372919791912
MAR04086	0.004692372919791912
MAR04134	0.004907972990986488
MAR04135	0.006097303527907069
MAR04168	0.0038448683890457136
MAR04171	0.050475584228246655
MAR04290	7.109012018165822e-05
MAR04406	0.0005928578279409517
MAR04412	0.0004725328843382582
MAR04417	0.020533764367148426
MAR04418	0.0022547491458262585
MAR04419	0.0018025971426476213
MAR04421	0.050475584228246655
MAR04449	0.020533764367148426
MAR04450	0.020533764367148426
MAR04451	0.00010544374154059859
MAR04452	0.0022547491458262585
MAR04453	0.00150389149413875
MAR04480	0.004799133870749959
MAR04481	0.0026048128679229707
MAR04482	0.0026048128679229707
MAR04486	0.008304392400351284
MAR04487	0.008304392400351284
MAR04488	0.008304392400351284
MAR04489	0.008304392400351284
MAR04492	0.008304392400351284
MAR04493	0.008304392400351284
MAR04495	0.008304392400351284
MAR04496	0.008304392400351284
MAR04518	3.954828891436633e-05
MAR04519	0.00018451622589370703
MAR04520	0.00018451622589370703
MAR04573	0.050475584228246655
MAR04574	0.002106580487704937
MAR04600	0.0032844883119167957
MAR04602	0.020533764367148426
MAR04603	0.002106580487704937
MAR04611	0.05287639515958092
MAR04612	0.05287639515958092
MAR04614	0.05287639515958092
MAR04615	0.05287639515958092
MAR04617	0.05287639515958092
MAR04618	0.05287639515958092
MAR04619	0.05287639515958092
MAR04621	0.05287639515958092
MAR04632	0.020533764367148426
MAR04646	0.00018451622589370703
MAR04648	0.00018451622589370703
MAR04649	0.00018451622589370703
MAR04650	0.00018451622589370703
MAR04651	0.002106580487704937
MAR04663	0.002106580487704937
MAR04664	0.0022547491458262585
MAR04694	0.0026048128679229707
MAR04695	0.002106580487704937
MAR04705	0.020533764367148426
MAR04709	0.002106580487704937
MAR04799	0.002356189891355381
MAR04802	0.002356189891355381
MAR04804	0.002934545578830965
MAR04808	0.0009407642785913133
MAR04810	0.002934545578830965
MAR04812	0.0004725328843382582
MAR04814	0.0053034863440315294
MAR05301	0.002149278673884193
MAR05353	0.006097303527907069
MAR06601	4.126280965316834e-05
MAR06602	0.015431772749034267
MAR06603	0.015431772749034267
MAR06605	0.00010544374154059859
MAR06606	0.00010544374154059859
MAR06607	0.00010544374154059859
MAR06609	0.00010544374154059859
MAR06610	0.00010544374154059859
MAR06611	0.00010544374154059859
MAR07144	0.0019002022703443577
MAR08755	0.00018451622589370703
MAR09797	0.00010544374154059859
MAR04016	0.00476644967157374
MAR04018	0.00476644967157374
MAR04044	0.00476644967157374
MAR04291	0.00476644967157374
MAR04420	0.00476644967157374
MAR04570	0.00476644967157374
MAR04572	0.00476644967157374
MAR04006	0.00476644967157374
MAR04028	0.00476644967157374
MAR04030	0.00476644967157374
MAR04670	0.00476644967157374
MAR04673	0.00476644967157374
MAR04675	0.00476644967157374
MAR06614	0.00476644967157374
MAR06615	0.00476644967157374
MAR06616	0.00476644967157374
MAR04635	0.00476644967157374
MAR03793	3.876376698494929e-05
MAR03931	0.031087408763314766
MAR03969	0.002149278673884193
MAR03970	0.020533764367148426
MAR04008	0.006968999911835819
MAR04032	0.0024009374621147238
MAR04034	0.0014587381161067156
MAR04036	0.0009223891255923706
MAR04050	0.0014587381161067156
MAR04056	0.020533764367148426
MAR04059	0.004907972990986488
MAR04060	0.004907972990986488
MAR04127	0.0012195102730925625
MAR04177	0.020533764367148426
MAR04179	0.020533764367148426
MAR04182	0.0029920786543795336
MAR04183	7.109012018165822e-05
MAR04192	7.109012018165822e-05
MAR04194	0.0024009374621147238
MAR04210	0.050475584228246655
MAR04211	0.0038448683890457136
MAR04343	0.0008160450524122036
MAR04345	0.00016547474419353398
MAR04346	0.001805797713537285
MAR04470	0.00016547474419353398
MAR04471	0.00016547474419353398
MAR04472	0.00016547474419353398
MAR04484	0.020533764367148426
MAR04485	0.0002594824247541586
MAR04510	0.020533764367148426
MAR04512	0.006968999911835819
MAR04513	0.0019048443047353226
MAR04514	0.0020870532138891223
MAR04577	0.0009223891255923706
MAR04579	0.0028898804864614987
MAR04580	0.0020870532138891223
MAR04608	0.0014587381161067156
MAR04575	0.00017805975714813582
MAR04637	0.0016188323099056046
MAR04642	0.0011716100162103968
MAR04643	0.0038448683890457136
MAR04644	0.0017549330252296257
MAR04672	0.00010544374154059859
MAR04676	0.002149278673884193
MAR04736	3.876376698494929e-05
MAR04819	4.162254664286336e-05
MAR05299	0.002149278673884193
MAR05352	0.002149278673884193
MAR05415	0.05287639515958092
MAR05416	0.05287639515958092
MAR05417	0.031087408763314766
MAR06612	0.0016188323099056046
MAR06613	0.0016188323099056046
MAR06621	0.05287639515958092
MAR06622	0.05287639515958092
MAR06623	0.004728947492084952
MAR06624	0.0006212038251107073
MAR06627	0.050475584228246655
MAR07744	0.000890015915464648
MAR08072	0.00010544374154059859
MAR08637	0.00010544374154059859
MAR03965	0.001276060759636867
MAR03966	0.0038448683890457136
MAR03967	0.006968999911835819
MAR03968	0.0016188323099056046
MAR03999	7.109012018165822e-05
MAR04024	0.006968999911835819
MAR04026	5.3611777388614885e-05
MAR04054	0.004728947492084952
MAR04061	7.109012018165822e-05
MAR04083	0.0019048443047353226
MAR04136	0.19183553483119042
MAR04180	0.002149278673884193
MAR04185	0.031561769610368044
MAR04186	0.031561769610368044
MAR04342	0.004907972990986488
MAR04344	0.00010544374154059859
MAR04483	0.0006212038251107073
MAR04507	0.007572375611596414
MAR04516	0.002157980700525063
MAR04601	0.0032844883119167957
MAR04633	0.0026048128679229707
MAR04640	0.0016188323099056046
MAR04641	0.004728947492084952
MAR04680	0.0028898804864614987
MAR04806	0.002356189891355381
MAR05394	0.00010544374154059859
MAR06625	0.0006212038251107073
MAR06626	0.0011716100162103968
MAR07160	0.0038173369976186046
MAR07161	0.023063183670047633
MAR07162	0.023063183670047633
MAR07163	0.0012029066959803496
MAR07164	0.0012029066959803496
MAR07713	0.020533764367148426
MAR07716	0.020533764367148426
MAR07717	0.020533764367148426
MAR07721	0.020533764367148426
MAR07725	0.020533764367148426
MAR07728	0.020533764367148426
MAR07800	0.0008564104890881399
MAR07801	0.003333359305741594
MAR07802	0.0008564104890881399
MAR07863	0.006968999911835819
MAR07864	0.006968999911835819
MAR07865	0.006968999911835819
MAR07866	0.006968999911835819
MAR07867	0.006968999911835819
MAR07868	0.006968999911835819
MAR07869	0.006968999911835819
MAR07870	0.006968999911835819
MAR07871	0.006968999911835819
MAR07872	0.006968999911835819
MAR07873	0.006968999911835819
MAR07874	0.006968999911835819
MAR07875	5.3611777388614885e-05
MAR07876	0.006968999911835819
MAR07878	0.00476644967157374
MAR07879	0.0038448683890457136
MAR07880	0.0011716100162103968
MAR07881	0.002540494109549616
MAR07882	0.002540494109549616
MAR07883	0.00476644967157374
MAR07884	0.002540494109549616
MAR07885	0.002540494109549616
MAR07886	0.00476644967157374
MAR07887	0.002540494109549616
MAR07888	0.002540494109549616
MAR07889	0.002540494109549616
MAR07890	0.00476644967157374
MAR07891	0.002540494109549616
MAR07892	0.002540494109549616
MAR07893	0.002540494109549616
MAR07894	0.00476644967157374
MAR07895	0.00476644967157374
MAR08083	0.0012382246299386395
MAR08085	0.0012382246299386395
MAR08087	0.0012382246299386395
MAR08443	0.0019002022703443577
MAR08444	0.0019002022703443577
MAR08445	0.002149278673884193
MAR08446	3.876376698494929e-05
MAR08448	0.006968999911835819
MAR08449	0.006968999911835819
MAR08450	0.006968999911835819
MAR08451	0.006968999911835819
MAR08452	0.006968999911835819
MAR08453	0.006968999911835819
MAR08454	0.006968999911835819
MAR08455	0.006968999911835819
MAR08456	0.006968999911835819
MAR08457	0.006968999911835819
MAR08458	0.006968999911835819
MAR08459	0.006968999911835819
MAR08460	0.006968999911835819
MAR08461	0.0008564104890881399
MAR08462	0.006968999911835819
MAR08463	0.006968999911835819
MAR08464	0.006968999911835819
MAR08465	0.006968999911835819
MAR08466	0.006968999911835819
MAR08467	0.006968999911835819
MAR08468	0.006968999911835819
MAR08469	0.006968999911835819
MAR08470	0.006968999911835819
MAR08471	0.006968999911835819
MAR08472	0.006968999911835819
MAR08473	0.0026048128679229707
MAR08474	0.004907972990986488
MAR08477	0.0019048443047353226
MAR08478	0.0019048443047353226
MAR08479	0.0019048443047353226
MAR08480	3.876376698494929e-05
MAR08481	0.00010544374154059859
MAR08482	0.000602449926192781
MAR08483	0.001276060759636867
MAR08484	0.00010544374154059859
MAR08485	0.004907972990986488
MAR08486	0.002106580487704937
MAR08487	0.020533764367148426
MAR08488	0.0038448683890457136
MAR08489	0.0038448683890457136
MAR08493	0.0024526970386613335
MAR08494	0.0024526970386613335
MAR08495	0.0024526970386613335
MAR03802	0.0061382492491640055
MAR03804	0.0061382492491640055
MAR03811	0.002760012208739376
MAR03813	0.0010125001832831505
MAR03822	0.0008351292274605436
MAR03827	0.0068179484962612716
MAR03829	0.002260722063919339
MAR03862	8.758893028891985e-05
MAR03865	0.0068179484962612716
MAR03870	0.005158006577141745
MAR03873	6.584230062675087e-05
MAR08654	6.584230062675087e-05
MAR03890	0.002857357614282692
MAR03892	0.008390519613523918
MAR09802	4.484368763990724e-05
MAR03899	6.082862820352668e-05
MAR03903	5.292101718201056e-05
MAR04109	0.0004170598730458276
MAR04114	0.0008179336958821765
MAR04115	0.0008179336958821765
MAR04118	0.005158006577141745
MAR04172	8.758893028891985e-05
MAR04196	0.00029807917363627786
MAR04197	0.00115502188693045
MAR04287	0.032037901836009595
MAR04690	5.8654761233455195e-05
MAR04693	5.0059659253396715e-05
MAR06780	0.0068179484962612716
MAR06968	0.0001279489746327141
MAR06969	8.363196912309186e-05
MAR06970	6.082862820352668e-05
MAR06971	0.0012010858799500657
MAR06972	0.0012010858799500657
MAR07641	5.777966709525533e-05
MAR07642	0.00010544374154059859
MAR08626	5.443636750211215e-05
MAR08628	8.363196912309186e-05
MAR03806	0.0008351292274605436
MAR03807	0.00786531621937702
MAR03809	3.876376698494929e-05
MAR03816	4.834946624975286e-05
MAR03819	0.0008351292274605436
MAR03820	0.0008351292274605436
MAR03832	0.00010544374154059859
MAR03833	0.0013934670123158847
MAR03835	0.0013934670123158847
MAR03837	0.0013934670123158847
MAR03895	0.003678046472444305
MAR03897	0.003678046472444305
MAR03956	0.0001310115206176329
MAR03993	7.558450313277307e-05
MAR04073	0.0044111876327399225
MAR04075	0.011669340933896304
MAR04077	0.011669340933896304
MAR04190	7.558450313277307e-05
MAR04191	0.00010609469180747885
MAR04212	0.008185783515498826
MAR04422	0.008185783515498826
MAR04423	0.00012146090702547276
MAR04424	0.0002824544907266011
MAR04583	0.0033007217076957657
MAR04605	0.004119748483482751
MAR04606	4.8869900001962255e-05
MAR04607	0.0011650122495442548
MAR04776	0.005888603686180935
MAR04777	0.005888603686180935
MAR04778	0.0013934670123158847
MAR04779	0.0013934670123158847
MAR04780	0.0013934670123158847
MAR04781	0.0013934670123158847
MAR04784	0.0008351292274605436
MAR04785	0.0008351292274605436
MAR04786	0.0068179484962612716
MAR04787	5.390979438218073e-05
MAR05384	0.0003818893545838982
MAR06929	0.014381174102125995
MAR06930	0.014381174102125995
MAR06931	0.00012146090702547276
MAR06932	0.00012146090702547276
MAR06933	0.00012146090702547276
MAR06934	0.00012146090702547276
MAR06935	0.00012146090702547276
MAR06936	0.00012146090702547276
MAR06938	0.014381174102125995
MAR06939	0.014381174102125995
MAR06940	0.00010544374154059859
MAR06941	0.00012146090702547276
MAR06942	0.00012146090702547276
MAR06943	0.00012146090702547276
MAR06944	0.00012146090702547276
MAR06945	0.00012146090702547276
MAR06946	0.00012146090702547276
MAR06947	0.00012146090702547276
MAR06948	0.00012146090702547276
MAR06949	0.00012146090702547276
MAR06950	0.00012146090702547276
MAR06951	0.00012146090702547276
MAR06952	0.00012146090702547276
MAR06953	0.0019602078600405443
MAR06954	0.0019602078600405443
MAR06955	0.00010544374154059859
MAR06956	0.00010544374154059859
MAR06957	0.00010544374154059859
MAR06958	0.0016390045077555504
MAR06959	0.0016390045077555504
MAR06960	0.00010544374154059859
MAR06961	0.0016390045077555504
MAR06962	0.0016390045077555504
MAR06963	0.0016390045077555504
MAR06964	0.0016390045077555504
MAR06965	0.00012383815555238272
MAR06966	0.00012383815555238272
MAR06967	0.00012383815555238272
MAR06973	0.0019602078600405443
MAR08096	0.0008351292274605436
MAR08097	0.0008351292274605436
MAR08098	0.0068179484962612716
MAR08416	0.0001279489746327141
MAR08425	5.898037959295323e-05
MAR08426	0.00010166724664551505
MAR08427	0.0007572311450545469
MAR08431	0.00010544374154059859
MAR08432	7.07243460630256e-05
MAR08603	0.014381174102125995
MAR08604	0.0002912747775498417
MAR08605	0.004119748483482751
MAR08606	0.00012146090702547276
MAR08607	0.00010544374154059859
MAR08608	3.876376698494929e-05
MAR08609	0.0013934670123158847
MAR08610	3.876376698494929e-05
MAR08611	3.876376698494929e-05
MAR04285	0.00010658463864663003
MAR00457	0.0003577601551410355
MAR00460	0.0003577601551410355
MAR03750	4.225814225348455e-05
MAR03752	0.0010142061721750272
MAR03770	0.001976491875219258
MAR03771	4.225814225348455e-05
MAR03772	4.225814225348455e-05
MAR03782	4.225814225348455e-05
MAR03784	0.0010142061721750272
MAR03794	0.0001279489746327141
MAR03839	0.0014777960767845047
MAR03841	0.002463751477390945
MAR03843	0.0025836327458091924
MAR03845	0.0006084517653365812
MAR03847	0.0013399221686938554
MAR03849	7.07243460630256e-05
MAR03852	5.570704040123036e-05
MAR03856	0.0021511077140267346
MAR03860	0.00010544374154059859
MAR03883	0.0006248276645169277
MAR03901	0.00011131892785848372
MAR03939	0.008731557583208836
MAR03974	0.0006248276645169277
MAR04198	3.876376698494929e-05
MAR04199	5.898037959295323e-05
MAR04200	0.0006248276645169277
MAR04284	0.00010544374154059859
MAR04348	0.0006248276645169277
MAR04466	3.876376698494929e-05
MAR04467	3.876376698494929e-05
MAR04582	4.262169379870222e-05
MAR04584	0.0007572311450545469
MAR04696	4.60912559993884e-05
MAR04697	0.0005883367376531953
MAR04698	0.0005883367376531953
MAR04699	0.002066649804606614
MAR04700	0.0005257132999517056
MAR04742	0.008731557583208836
MAR04788	3.876376698494929e-05
MAR04789	3.876376698494929e-05
MAR04791	3.876376698494929e-05
MAR04792	0.003590114704503345
MAR04937	0.0012450738242804067
MAR05392	0.0029565665380637944
MAR05393	0.0029712725531032295
MAR06409	0.0036338322291837094
MAR07702	0.0021511077140267346
MAR07703	3.876376698494929e-05
MAR08433	0.00020030435888487519
MAR08434	0.00020030435888487519
MAR08439	0.0002030016122612133
MAR08440	0.0005883367376531953
MAR08441	4.60912559993884e-05
MAR08442	0.00010544374154059859
MAR09718	0.00010544374154059859
MAR09486	0.0003966044346088603
MAR04426	0.005161951887312156
MAR04428	4.0348943187114416e-05
MAR04429	0.00012964688900274536
MAR04430	0.0002912747775498417
MAR04431	0.0014607221309493673
MAR04437	4.123046319584501e-05
MAR04658	6.167097863988328e-05
MAR04660	7.080744470831609e-05
MAR04712	3.876376698494929e-05
MAR05336	0.0016243909103145905
MAR05337	0.00207233966943164
MAR05338	0.012928910354800248
MAR05339	0.0016243909103145905
MAR05340	0.0016243909103145905
MAR08783	0.00012146090702547276
MAR08784	0.004119748483482751
MAR08786	0.0027789915972311254
MAR04241	0.001765005020523043
MAR04288	0.0002911663190017695
MAR04596	0.0005643106208720434
MAR04597	0.0005643106208720434
MAR04599	0.005142118493366291
MAR04667	0.0027907465768243584
MAR04668	0.0002911663190017695
MAR04737	0.0005883367376531953
MAR04739	0.0005883367376531953
MAR04740	0.00010544374154059859
MAR06415	0.005142118493366291
MAR06974	0.00010544374154059859
MAR06975	0.001765005020523043
MAR06976	0.001765005020523043
MAR06977	0.001765005020523043
MAR06978	0.005167846037244552
MAR06979	0.00044394676527965016
MAR06980	0.003590114704503345
MAR06981	0.004119748483482751
MAR06982	3.876376698494929e-05
MAR06983	0.008751435798780351
MAR06984	0.008424573681557855
MAR06985	0.005218261575501229
MAR08017	0.00010544374154059859
MAR08018	0.00010544374154059859
MAR08019	0.00010544374154059859
MAR08021	4.1911150132735216e-05
MAR08025	0.001765005020523043
MAR08026	0.001765005020523043
MAR08027	0.001765005020523043
MAR08029	0.005167846037244552
MAR03164	0.013062460908471171
MAR03166	0.008315002006683753
MAR03885	0.0019127214084774886
MAR04250	0.00010544374154059859
MAR08091	3.876376698494929e-05
MAR08092	0.0002912747775498417
MAR08563	0.0027789915972311254
MAR08566	0.0005276215006115401
MAR03935	0.0012498089729497711
MAR04681	3.876376698494929e-05
MAR04682	0.0002912747775498417
MAR04683	0.0014607221309493673
MAR04685	0.0014607221309493673
MAR04686	0.0014607221309493673
MAR04687	0.0014607221309493673
MAR04702	0.00010544374154059859
MAR04703	0.0017681720817346318
MAR04704	0.0017681720817346318
MAR06988	3.876376698494929e-05
MAR07689	5.5803730185803065e-05
MAR07701	5.168972500279568e-05
MAR08094	5.5803730185803065e-05
MAR08529	0.00012146090702547276
MAR08530	0.009376156075405383
MAR08533	3.876376698494929e-05
MAR08534	5.5803730185803065e-05
MAR08535	5.5803730185803065e-05
MAR08537	3.977739116284426e-05
MAR08541	3.876376698494929e-05
MAR08542	3.876376698494929e-05
MAR08543	3.876376698494929e-05
MAR08544	3.876376698494929e-05
MAR08630	3.876376698494929e-05
MAR08540	0.00010544374154059859
MAR03206	0.008315002006683753
MAR03208	0.0006234984930089565
MAR03213	0.0006564216696920953
MAR03215	0.0016047431716653278
MAR03747	0.001872166185915496
MAR03744	0.0008913076891148772
MAR03757	0.007945418500475004
MAR03761	0.00019772869430670988
MAR03777	0.001872166185915496
MAR03778	0.0008913076891148772
MAR03795	0.00019772869430670988
MAR04797	0.004119748483482751
MAR06417	0.00047972218750333206
MAR06419	0.00047972218750333206
MAR06420	0.00047972218750333206
MAR06421	0.00047972218750333206
MAR06422	0.00047972218750333206
MAR06923	0.001872166185915496
MAR03765	0.0008913076891148772
MAR06924	0.00010892720398973669
MAR06925	0.009376156075405383
MAR06926	0.001386542371453782
MAR06927	0.001386542371453782
MAR08088	5.0059659253396715e-05
MAR08787	0.00010423921362158784
MAR03743	4.225814225348455e-05
MAR04214	4.173086639465748e-05
MAR04216	0.0005292734874153646
MAR04218	4.0907538533005055e-05
MAR04219	0.0005292734874153646
MAR04220	3.876376698494929e-05
MAR04222	0.00115502188693045
MAR04224	4.0907538533005055e-05
MAR04225	4.0907538533005055e-05
MAR04227	0.002339961217501146
MAR04231	4.327128150997378e-05
MAR04232	0.00010544374154059859
MAR04233	0.00010544374154059859
MAR04235	0.00010544374154059859
MAR04243	0.0007216607245262095
MAR04244	0.00115502188693045
MAR04245	0.00010544374154059859
MAR04246	0.00115502188693045
MAR04248	0.00010544374154059859
MAR06707	3.876376698494929e-05
MAR06708	0.00010544374154059859
MAR06709	0.00010544374154059859
MAR06711	5.7528853259662255e-05
MAR06712	0.00010544374154059859
MAR06713	0.0002912747775498417
MAR06714	0.004119748483482751
MAR06715	0.0048719870223445415
MAR06716	3.9771796186099806e-05
MAR06717	0.0005292734874153646
MAR06718	3.876376698494929e-05
MAR06719	0.0002912747775498417
MAR06720	0.00010544374154059859
MAR06721	0.00010544374154059859
MAR06722	3.876376698494929e-05
MAR06723	0.03182470872139708
MAR06725	0.0068179484962612716
MAR06726	5.432602563212928e-05
MAR06727	6.159256968967047e-05
MAR06728	3.977739116284426e-05
MAR06729	3.876376698494929e-05
MAR06730	0.0048719870223445415
MAR06731	3.876376698494929e-05
MAR06734	0.00010544374154059859
MAR06735	0.0048719870223445415
MAR06736	0.0048719870223445415
MAR06738	0.00010544374154059859
MAR06739	0.0048719870223445415
MAR06740	3.876376698494929e-05
MAR06741	4.040594431345303e-05
MAR06742	0.00010544374154059859
MAR06743	3.876376698494929e-05
MAR06744	0.00010544374154059859
MAR06745	0.0002912747775498417
MAR06746	0.0048719870223445415
MAR06747	0.0002912747775498417
MAR06748	0.0014607221309493673
MAR06749	0.0014607221309493673
MAR06750	0.0048719870223445415
MAR06751	0.0002912747775498417
MAR06752	0.0002912747775498417
MAR06753	0.0014607221309493673
MAR06754	0.0014607221309493673
MAR06755	0.0048719870223445415
MAR06756	0.009376156075405383
MAR06757	0.0048719870223445415
MAR06758	0.0002912747775498417
MAR06759	0.00010544374154059859
MAR06760	0.0014607221309493673
MAR06761	0.0014607221309493673
MAR06762	0.0048719870223445415
MAR06763	0.0048719870223445415
MAR06764	0.0002912747775498417
MAR06765	0.00010544374154059859
MAR06766	0.0014607221309493673
MAR06767	0.0014607221309493673
MAR06768	0.0068179484962612716
MAR06770	7.193540153105565e-05
MAR06771	6.159256968967047e-05
MAR06772	5.432602563212928e-05
MAR06774	4.0819002087826416e-05
MAR06776	0.00024597173487002106
MAR06778	0.0009048713345651668
MAR06782	0.00010544374154059859
MAR06783	0.00010544374154059859
MAR06784	0.00010544374154059859
MAR06785	0.00010544374154059859
MAR06786	0.00010544374154059859
MAR06787	3.876376698494929e-05
MAR06788	0.0048719870223445415
MAR06789	0.0002912747775498417
MAR06790	0.0014607221309493673
MAR06791	0.0014607221309493673
MAR06792	0.00010544374154059859
MAR06798	3.876376698494929e-05
MAR06799	3.876376698494929e-05
MAR06800	3.876376698494929e-05
MAR06801	3.876376698494929e-05
MAR06802	0.00010544374154059859
MAR06803	3.876376698494929e-05
MAR06806	0.00010544374154059859
MAR06807	0.00010544374154059859
MAR06808	0.015431772749034267
MAR06811	0.03182470872139708
MAR06813	0.015431772749034267
MAR06814	0.0019804517106289206
MAR06815	0.03182470872139708
MAR06817	0.0019804517106289206
MAR06818	0.00010544374154059859
MAR06819	0.0019804517106289206
MAR06820	0.03182470872139708
MAR06822	0.00010544374154059859
MAR06823	0.0019804517106289206
MAR06824	0.03182470872139708
MAR06826	0.0004220318115768878
MAR06827	0.0004220318115768878
MAR06828	3.876376698494929e-05
MAR06829	0.005534743490773671
MAR06830	3.876376698494929e-05
MAR06831	0.0006039120195765287
MAR06834	0.0004220318115768878
MAR06835	0.0004220318115768878
MAR06836	3.876376698494929e-05
MAR06837	3.876376698494929e-05
MAR06838	4.3665453774786236e-05
MAR06839	0.0006039120195765287
MAR06840	0.0004220318115768878
MAR06841	0.0004220318115768878
MAR06842	3.876376698494929e-05
MAR06843	3.876376698494929e-05
MAR06844	4.3665453774786236e-05
MAR06845	0.0006039120195765287
MAR06848	0.0004220318115768878
MAR06849	0.0004220318115768878
MAR06850	4.3665453774786236e-05
MAR06851	0.0006039120195765287
MAR06854	0.0004220318115768878
MAR06855	0.0004220318115768878
MAR06874	3.876376698494929e-05
MAR06875	0.00010544374154059859
MAR06876	0.00010544374154059859
MAR06877	0.00010544374154059859
MAR06878	0.00010544374154059859
MAR06879	0.00010544374154059859
MAR06880	0.00010544374154059859
MAR06881	0.00010544374154059859
MAR06882	0.00010544374154059859
MAR06883	0.03182470872139708
MAR06885	0.0019804517106289206
MAR06886	0.03182470872139708
MAR06888	3.876376698494929e-05
MAR06889	4.546888009780423e-05
MAR07628	0.015431772749034267
MAR07756	3.876376698494929e-05
MAR08539	3.876376698494929e-05
MAR08794	0.00010544374154059859
MAR08795	0.00010544374154059859
MAR08796	3.876376698494929e-05
MAR03875	0.008398345876892074
MAR03877	0.006052419973963723
MAR03879	0.00028466743012183507
MAR03881	0.00017537819823985694
MAR03912	0.0068179484962612716
MAR03917	0.0010686120131518666
MAR03919	5.898037959295323e-05
MAR03920	0.002665830500405417
MAR03922	0.0001279489746327141
MAR03928	0.002890075178536314
MAR03995	0.031087408763314766
MAR03996	0.00010544374154059859
MAR04072	0.002158151147038748
MAR04189	0.0007380588751022329
MAR04302	0.00017537819823985694
MAR04323	0.00028466743012183507
MAR05381	5.5803730185803065e-05
MAR05385	0.0016301185987546878
MAR05386	0.0006464888652227078
MAR05387	0.0038760898506014613
MAR05388	0.0021219536362705356
MAR05389	0.0021219536362705356
MAR05390	7.193540153105565e-05
MAR05391	4.053150143265097e-05
MAR05418	0.0001279489746327141
MAR05419	0.0001279489746327141
MAR06515	0.002890075178536314
MAR06518	0.002890075178536314
MAR06519	0.0011849197663033253
MAR06520	0.002890075178536314
MAR06523	4.124795819683903e-05
MAR08062	5.5803730185803065e-05
MAR08066	0.0068179484962612716
MAR08067	0.0068179484962612716
MAR08068	0.004902643130916978
MAR08069	0.00788289987432973
MAR08641	0.002158151147038748
MAR08682	0.00010544374154059859
MAR08683	0.00017537819823985694
MAR08684	0.0068179484962612716
MAR08685	0.00010544374154059859
MAR03868	0.005158006577141745
MAR03869	0.005158006577141745
MAR03889	0.0005737720766943804
MAR03933	0.009376156075405383
MAR03937	0.004286194735686943
MAR04116	0.06350932670555044
MAR04120	0.06350932670555044
MAR04121	0.06350932670555044
MAR04175	0.0012450738242804067
MAR04176	0.0012450738242804067
MAR04324	0.002552520297884798
MAR04326	0.0033134610695961632
MAR04328	0.009454595619861618
MAR04329	0.009454595619861618
MAR04708	0.0012010858799500657
MAR08769	0.0012450738242804067
MAR08770	0.0012010858799500657
MAR08771	0.004452044676616942
MAR04078	0.0016390045077555504
MAR04079	0.004119748483482751
MAR04174	5.8654761233455195e-05
MAR04330	5.0059659253396715e-05
MAR04347	4.162254664286336e-05
MAR04425	4.8869900001962255e-05
MAR04427	0.0011650122495442548
MAR04688	0.004119748483482751
MAR04689	0.004119748483482751
MAR04735	0.013062460908471171
MAR07991	0.00010544374154059859
MAR07992	0.00012146090702547276
MAR07993	0.004119748483482751
MAR07128	0.031561769610368044
MAR07129	0.031561769610368044
MAR07130	0.00010544374154059859
MAR07131	0.031087408763314766
MAR07132	0.004565262464543114
MAR07133	6.374877236394803e-05
MAR07134	0.00017537819823985694
MAR07135	0.00028466743012183507
MAR07136	0.006052419973963723
MAR07137	0.00017537819823985694
MAR07138	0.00022429683569460116
MAR07139	0.008398345876892074
MAR07140	0.00010544374154059859
MAR07141	6.374877236394803e-05
MAR07620	0.003043357518723729
MAR07647	3.876376698494929e-05
MAR08640	0.002158151147038748
MAR08689	3.876376698494929e-05
MAR08690	3.876376698494929e-05
MAR03753	0.013062460908471171
MAR03755	0.00039839780629732105
MAR03759	0.004119748483482751
MAR03763	0.00019772869430670988
MAR03773	0.001386542371453782
MAR03775	0.0005257737039289799
MAR03785	0.013062460908471171
MAR03790	0.0017681720817346318
MAR03792	5.0059659253396715e-05
MAR03796	0.001187889157379093
MAR03823	0.007945418500475004
MAR06416	0.00047972218750333206
MAR03986	3.876376698494929e-05
MAR03988	0.01006059951166708
MAR04124	0.0013496687467958216
MAR04158	0.009341346151659527
MAR04159	0.0011904685058121039
MAR04299	0.007808959986064862
MAR04300	0.003701455390384312
MAR04494	0.008304392400351284
MAR04524	0.0023313360104759992
MAR04525	0.0009523317470605276
MAR04526	0.0009523317470605276
MAR04527	0.0028464706715002532
MAR04528	0.0009523317470605276
MAR04529	0.002815043657035475
MAR04530	0.0006985594275082908
MAR04531	0.00010544374154059859
MAR04532	0.004138719701527419
MAR04533	0.00010544374154059859
MAR04534	0.00010544374154059859
MAR04536	0.004138719701527419
MAR04628	0.001564676640717012
MAR04629	0.0008505400332486086
MAR04631	0.0022564618262160257
MAR07696	0.00010544374154059859
MAR07697	0.0007298914970196226
MAR07698	0.0011904685058121039
MAR08366	0.00010544374154059859
MAR08367	0.00010544374154059859
MAR08368	0.00010544374154059859
MAR08371	0.002815043657035475
MAR08372	0.00010544374154059859
MAR08373	0.00018385923147129572
MAR08375	0.0004165355423564454
MAR08376	3.876376698494929e-05
MAR08377	0.004138719701527419
MAR08672	0.0013496687467958216
MAR08674	0.00010544374154059859
MAR08675	0.00010544374154059859
MAR05130	0.002332786588402
MAR05131	0.005989361754120897
MAR05132	0.00871894009014312
MAR05133	0.011581835845367523
MAR05134	0.0036243180824042658
MAR05135	0.001141888203429405
MAR05136	0.004529995409705704
MAR05137	0.006162024141728785
MAR05138	0.00909788075364488
MAR05139	0.0024828288292733183
MAR05140	0.006929195697299163
MAR05141	0.0017876071278167252
MAR05142	0.007289848569824947
MAR05143	0.003043357518723729
MAR05144	0.0008314381889656494
MAR05145	0.005761746679249394
MAR05146	0.006162024141728785
MAR05147	0.009990003815853582
MAR05148	0.005202794028664368
MAR05149	0.0027748218561267353
MAR05150	0.003629982063709151
MAR07171	0.001381071463307183
MAR07172	3.876376698494929e-05
MAR07174	3.876376698494929e-05
MAR07175	5.238916822512588e-05
MAR07180	0.0003404202442221611
MAR07181	0.0027485937658237145
MAR07183	3.876376698494929e-05
MAR07197	0.00010544374154059859
MAR07436	0.0040399899517845495
MAR07438	0.0040860032621161686
MAR07440	0.0003404202442221611
MAR08254	4.403555705421743e-05
MAR08255	4.403555705421743e-05
MAR08256	0.00010544374154059859
MAR08257	0.0002529606827564583
MAR08258	0.00010544374154059859
MAR08260	0.00010544374154059859
MAR08261	0.00010544374154059859
MAR01532	0.0016239987284474673
MAR07254	0.00207233966943164
MAR07256	0.0008083552728314985
MAR07258	0.00010544374154059859
MAR07259	0.00010544374154059859
MAR07260	0.00010544374154059859
MAR07261	0.00020813667954459745
MAR07263	0.004732721306877654
MAR07264	0.0014692372509886719
MAR07265	0.0004559113001146457
MAR07266	0.0016988049600659741
MAR07267	0.003204033314649945
MAR07268	0.003204033314649945
MAR07269	0.00025844937510539353
MAR07270	0.00025844937510539353
MAR07271	0.006708666940230979
MAR07274	0.0025187760602101068
MAR07275	0.006708666940230979
MAR07276	0.0025187760602101068
MAR07277	0.00023366508747410834
MAR07278	0.0028647776760358334
MAR07279	0.0002898939951601291
MAR07280	0.0019354881497452004
MAR07281	0.0019354881497452004
MAR07285	0.036062018837599304
MAR07286	0.00244955577186736
MAR07287	0.013675047556425707
MAR07288	0.00010544374154059859
MAR07289	0.002838056351825093
MAR07290	0.00010544374154059859
MAR07291	0.002838056351825093
MAR07292	0.00010544374154059859
MAR07293	0.002838056351825093
MAR07294	0.00010544374154059859
MAR07295	0.00010544374154059859
MAR07296	0.00010544374154059859
MAR07297	0.00010544374154059859
MAR07298	0.00010544374154059859
MAR07299	0.00010544374154059859
MAR07300	0.00010544374154059859
MAR07301	0.00010544374154059859
MAR07302	0.00010544374154059859
MAR07303	0.00010544374154059859
MAR07304	0.00010544374154059859
MAR07305	0.00010544374154059859
MAR07306	0.00010544374154059859
MAR07308	0.002838056351825093
MAR07309	0.002838056351825093
MAR07310	0.002838056351825093
MAR07311	0.002838056351825093
MAR07312	0.002838056351825093
MAR07313	0.002838056351825093
MAR07314	0.002838056351825093
MAR07315	0.002838056351825093
MAR07316	0.002838056351825093
MAR07317	0.002838056351825093
MAR07318	0.002838056351825093
MAR07319	0.002838056351825093
MAR07320	0.002838056351825093
MAR07321	0.002838056351825093
MAR07322	0.002838056351825093
MAR07323	0.0037011464403580276
MAR07324	0.000719677673060072
MAR07325	0.00019489029005442725
MAR07326	4.0515304528175186e-05
MAR07327	0.007290537018202861
MAR07328	0.0007731378845568761
MAR07329	3.876376698494929e-05
MAR07332	0.0012524072130531462
MAR07333	0.0051159295806803284
MAR07334	4.4560486614407386e-05
MAR07428	0.0014883292938409958
MAR07429	0.0006214385546674177
MAR07574	0.0016894898963338387
MAR07575	0.0006535188279693799
MAR07576	0.011564829871623657
MAR07577	0.011564829871623657
MAR07578	0.01006059951166708
MAR07580	0.007692233956225863
MAR07582	0.007692233956225863
MAR07585	0.0016894898963338387
MAR07586	0.0006535188279693799
MAR07587	0.01006059951166708
MAR08691	0.0008083552728314985
MAR08692	0.00010544374154059859
MAR08693	0.007290537018202861
MAR08694	0.0007731378845568761
MAR08695	0.00010544374154059859
MAR05151	3.876376698494929e-05
MAR05152	3.876376698494929e-05
MAR05153	4.0043031964300865e-05
MAR05154	3.876376698494929e-05
MAR05155	0.00010544374154059859
MAR05156	0.00010544374154059859
MAR05157	0.00014381953077019223
MAR05158	3.876376698494929e-05
MAR05159	3.876376698494929e-05
MAR05160	3.876376698494929e-05
MAR05161	0.00010544374154059859
MAR05162	3.876376698494929e-05
MAR05163	3.876376698494929e-05
MAR05164	0.0076527142216159935
MAR05165	0.0006605541236804538
MAR05166	0.0020104313105619573
MAR05167	0.00010544374154059859
MAR05168	0.00010544374154059859
MAR05169	0.00010544374154059859
MAR05170	0.00010544374154059859
MAR05171	0.00010544374154059859
MAR05172	0.00010544374154059859
MAR05174	0.00010544374154059859
MAR07282	0.00010544374154059859
MAR07616	0.00010544374154059859
MAR07619	0.002343954905760898
MAR09735	0.00010544374154059859
MAR07621	0.00010544374154059859
MAR07622	0.00019215407743859285
MAR07624	0.00046747803366622363
MAR07626	0.00046747803366622363
MAR05258	3.876376698494929e-05
MAR05259	0.06162289558002259
MAR05260	0.00010544374154059859
MAR05261	0.06162289558002259
MAR05262	0.00010544374154059859
MAR05263	0.06162289558002259
MAR05264	0.00010544374154059859
MAR05265	0.06162289558002259
MAR05266	0.00010544374154059859
MAR05267	0.00010544374154059859
MAR05268	0.00010544374154059859
MAR05269	0.00010544374154059859
MAR05270	0.00010544374154059859
MAR05271	0.00010544374154059859
MAR05272	0.06162289558002259
MAR05273	0.00010544374154059859
MAR05274	0.06162289558002259
MAR05275	0.00010544374154059859
MAR05276	0.06162289558002259
MAR05277	0.00010544374154059859
MAR05278	0.06162289558002259
MAR05279	0.00010544374154059859
MAR05280	0.06162289558002259
MAR05281	0.00010544374154059859
MAR05282	0.06162289558002259
MAR05283	0.00010544374154059859
MAR05284	0.06162289558002259
MAR05285	0.06162289558002259
MAR05286	0.06162289558002259
MAR05287	0.06162289558002259
MAR05288	0.004530543585758583
MAR05290	0.06162289558002259
MAR05291	0.00010544374154059859
MAR09817	0.00010544374154059859
MAR09818	0.00010544374154059859
MAR05407	0.0027761625782752224
MAR03851	0.00010544374154059859
MAR03861	0.002260722063919339
MAR03866	0.00010544374154059859
MAR03915	0.00012964688900274536
MAR04084	0.0032224709551996362
MAR04187	0.0032224709551996362
MAR04188	0.00010544374154059859
MAR04701	0.0002030016122612133
MAR04840	0.00010544374154059859
MAR04842	0.0014607221309493673
MAR08662	0.0028770832140289204
MAR08663	0.0028770832140289204
MAR08664	0.0005257737039289799
MAR08665	0.00010544374154059859
MAR08666	4.223780269252658e-05
MAR08667	0.0028770832140289204
MAR08668	0.0028770832140289204
MAR08669	0.00010544374154059859
MAR00710	0.004154908345435287
MAR03787	0.0009118149603243342
MAR03957	0.005018501082703443
MAR03958	0.0037788169984449118
MAR04139	0.004902643130916978
MAR04141	0.00788289987432973
MAR04145	0.0037234621980993415
MAR04147	0.0028770832140289204
MAR04149	0.012573569574791084
MAR04152	0.0028770832140289204
MAR04209	0.0039263106626697825
MAR04408	0.00738877558288696
MAR04410	0.00738877558288696
MAR04454	0.004696831327623509
MAR04458	0.0032683542613813447
MAR04465	0.0021511077140267346
MAR04589	0.0032683542613813447
MAR04652	0.005047892699138967
MAR06413	0.0039263106626697825
MAR06414	0.005142118493366291
MAR07704	3.876376698494929e-05
MAR07706	3.876376698494929e-05
MAR08772	7.409409092955173e-05
MAR08773	0.0009281623404336437
MAR08774	0.00010544374154059859
MAR08775	0.004119748483482751
MAR08777	0.00010544374154059859
MAR08778	0.004119748483482751
MAR08779	0.0021511077140267346
MAR08780	0.0011849197663033253
MAR08781	0.00010544374154059859
MAR08782	0.0021511077140267346
MAR03975	0.0030788960088780825
MAR03977	0.0030788960088780825
MAR03979	0.0030788960088780825
MAR06911	0.0033066338049135796
MAR06912	0.0030788960088780825
MAR06914	1.0
MAR06916	0.23568570725704552
MAR06918	0.08416839332496572
MAR06921	0.24451224327323617
MAR03960	0.011403295832018021
MAR03980	0.002339961217501146
MAR03982	0.002339961217501146
MAR04767	0.00010544374154059859
MAR06608	0.00010544374154059859
MAR08409	0.004122461403374412
MAR08410	0.0012370218656388827
MAR08413	0.011403295832018021
MAR08415	0.011403295832018021
MAR00156	4.509760086868936e-05
MAR00165	4.509760086868936e-05
MAR00168	4.509760086868936e-05
MAR00171	4.509760086868936e-05
MAR00174	4.509760086868936e-05
MAR00177	4.509760086868936e-05
MAR00180	4.509760086868936e-05
MAR00184	4.509760086868936e-05
MAR00188	0.005952368293540576
MAR00192	0.005952368293540576
MAR00196	0.005952368293540576
MAR00200	0.005952368293540576
MAR00204	0.005952368293540576
MAR00209	0.005952368293540576
MAR00213	0.005952368293540576
MAR00217	0.005952368293540576
MAR00226	0.005952368293540576
MAR00233	0.005952368293540576
MAR00237	0.005952368293540576
MAR00241	0.005952368293540576
MAR00245	0.005952368293540576
MAR00249	0.005952368293540576
MAR00255	0.005952368293540576
MAR00259	0.005952368293540576
MAR00263	0.005952368293540576
MAR00267	0.005952368293540576
MAR00271	0.005952368293540576
MAR00275	0.005952368293540576
MAR00279	0.005952368293540576
MAR00283	0.005952368293540576
MAR00289	0.005952368293540576
MAR00293	0.005952368293540576
MAR00297	0.005952368293540576
MAR00301	0.005952368293540576
MAR00305	0.005952368293540576
MAR00309	0.005952368293540576
MAR00313	0.005952368293540576
MAR00319	0.005952368293540576
MAR00323	0.005952368293540576
MAR00327	0.005952368293540576
MAR00331	0.005952368293540576
MAR00337	0.005952368293540576
MAR00341	0.005952368293540576
MAR00345	0.005952368293540576
MAR00349	0.005952368293540576
MAR00353	0.005952368293540576
MAR00357	0.005952368293540576
MAR00361	0.005952368293540576
MAR00365	0.005952368293540576
MAR00369	0.005952368293540576
MAR00373	0.005952368293540576
MAR00377	0.005952368293540576
MAR00381	0.005952368293540576
MAR00385	0.005952368293540576
MAR00389	0.005952368293540576
MAR00393	0.005952368293540576
MAR00397	0.005952368293540576
MAR00401	0.005952368293540576
MAR00405	0.005952368293540576
MAR00409	0.005952368293540576
MAR00413	0.005952368293540576
MAR00417	0.005952368293540576
MAR00421	0.005952368293540576
MAR00425	0.005952368293540576
MAR00429	0.005952368293540576
MAR00433	0.005952368293540576
MAR00437	0.005952368293540576
MAR02942	0.005952368293540576
MAR02943	0.005952368293540576
MAR02944	0.005952368293540576
MAR02945	0.005952368293540576
MAR02946	0.005952368293540576
MAR02947	0.005952368293540576
MAR02948	0.005952368293540576
MAR02949	0.005952368293540576
MAR02951	0.005952368293540576
MAR02952	0.005952368293540576
MAR02954	0.005952368293540576
MAR02955	0.005952368293540576
MAR02956	0.005952368293540576
MAR02957	0.005952368293540576
MAR02959	0.005952368293540576
MAR02961	0.005952368293540576
MAR02962	0.005952368293540576
MAR02963	0.005952368293540576
MAR02964	0.005952368293540576
MAR02965	0.005952368293540576
MAR02966	0.005952368293540576
MAR02967	0.005952368293540576
MAR02968	0.005952368293540576
MAR02969	0.005952368293540576
MAR02970	0.005952368293540576
MAR02971	0.005952368293540576
MAR02972	0.005952368293540576
MAR02973	0.005952368293540576
MAR02974	0.005952368293540576
MAR02975	0.005952368293540576
MAR02976	0.005952368293540576
MAR02977	0.005952368293540576
MAR02978	0.005952368293540576
MAR02979	0.005952368293540576
MAR02980	0.005952368293540576
MAR02981	0.005952368293540576
MAR02982	0.005952368293540576
MAR02983	0.005952368293540576
MAR02984	0.005952368293540576
MAR02985	0.005952368293540576
MAR02986	0.005952368293540576
MAR02987	0.005952368293540576
MAR02988	0.005952368293540576
MAR02989	0.005952368293540576
MAR02990	0.005952368293540576
MAR02991	0.005952368293540576
MAR02992	0.005952368293540576
MAR02994	0.005952368293540576
MAR02996	0.005952368293540576
MAR02998	0.005952368293540576
MAR02999	0.005952368293540576
MAR03000	0.005952368293540576
MAR03001	0.005952368293540576
MAR03002	0.005952368293540576
MAR03003	0.005952368293540576
MAR02152	0.005220354094359697
MAR02153	0.005220354094359697
MAR02154	0.005220354094359697
MAR02155	0.005220354094359697
MAR02156	0.005220354094359697
MAR02157	0.005220354094359697
MAR02158	0.005220354094359697
MAR02159	0.005220354094359697
MAR02160	0.005220354094359697
MAR02161	0.005220354094359697
MAR02162	0.005220354094359697
MAR02163	0.005220354094359697
MAR02164	0.005220354094359697
MAR02165	0.005220354094359697
MAR02166	0.005220354094359697
MAR02167	0.005220354094359697
MAR02168	0.005220354094359697
MAR02169	0.005220354094359697
MAR02170	0.005220354094359697
MAR02171	0.005220354094359697
MAR02173	0.005220354094359697
MAR02174	0.005220354094359697
MAR02175	0.005220354094359697
MAR02176	0.005220354094359697
MAR02178	0.005220354094359697
MAR02179	0.005220354094359697
MAR02180	0.005220354094359697
MAR02181	0.005220354094359697
MAR04295	6.982069369959301e-05
MAR02227	0.005220354094359697
MAR02228	0.005220354094359697
MAR02229	0.005220354094359697
MAR02230	0.005220354094359697
MAR02231	0.005220354094359697
MAR02232	0.005220354094359697
MAR02233	0.005220354094359697
MAR02234	0.005220354094359697
MAR02235	0.005220354094359697
MAR02236	0.005220354094359697
MAR02237	0.005220354094359697
MAR02238	0.005220354094359697
MAR02239	0.005220354094359697
MAR02240	0.005220354094359697
MAR02241	0.005220354094359697
MAR02242	0.005220354094359697
MAR02243	0.005220354094359697
MAR02244	0.005220354094359697
MAR02245	0.005220354094359697
MAR02246	0.005220354094359697
MAR02247	0.005220354094359697
MAR02249	0.005220354094359697
MAR02250	0.005220354094359697
MAR02251	0.005220354094359697
MAR02252	0.005220354094359697
MAR02254	0.005220354094359697
MAR02255	0.005220354094359697
MAR02256	0.005220354094359697
MAR02257	0.005220354094359697
MAR02305	0.012928910354800248
MAR02307	0.001226529172665912
MAR02309	0.005146502754657951
MAR02311	0.0012744087353590658
MAR02315	0.012928910354800248
MAR02317	0.001226529172665912
MAR02319	0.005146502754657951
MAR02321	0.0012744087353590658
MAR02324	0.012928910354800248
MAR02326	0.001226529172665912
MAR02328	0.005146502754657951
MAR02330	0.0012744087353590658
MAR02332	0.012928910354800248
MAR02334	0.001226529172665912
MAR02336	0.005146502754657951
MAR02338	0.0012744087353590658
MAR02342	0.012928910354800248
MAR02343	0.001226529172665912
MAR02344	0.005146502754657951
MAR02345	0.0012744087353590658
MAR02347	0.012928910354800248
MAR02348	0.001226529172665912
MAR02349	0.005146502754657951
MAR02350	0.0012744087353590658
MAR02353	0.012928910354800248
MAR02354	0.001226529172665912
MAR02355	0.005146502754657951
MAR02356	0.0012744087353590658
MAR02361	0.012928910354800248
MAR02362	0.001226529172665912
MAR02363	0.005146502754657951
MAR02364	0.0012744087353590658
MAR02190	0.012928910354800248
MAR02191	0.001226529172665912
MAR02193	0.005146502754657951
MAR02194	0.0012744087353590658
MAR02201	0.012928910354800248
MAR02202	0.001226529172665912
MAR02203	0.005146502754657951
MAR02204	0.0012744087353590658
MAR02205	0.012928910354800248
MAR02208	0.001226529172665912
MAR02209	0.005146502754657951
MAR02210	0.0012744087353590658
MAR02211	0.012928910354800248
MAR02212	0.001226529172665912
MAR02213	0.005146502754657951
MAR02214	0.0012744087353590658
MAR02215	0.012928910354800248
MAR02217	0.001226529172665912
MAR02218	0.005146502754657951
MAR02219	0.0012744087353590658
MAR02259	0.012928910354800248
MAR02260	0.001226529172665912
MAR02261	0.005146502754657951
MAR02262	0.0012744087353590658
MAR02263	0.012928910354800248
MAR02264	0.001226529172665912
MAR02265	0.005146502754657951
MAR02266	0.0012744087353590658
MAR02267	0.012928910354800248
MAR02268	0.001226529172665912
MAR02269	0.005146502754657951
MAR02270	0.0012744087353590658
MAR02281	0.006076987219144339
MAR02282	0.006076987219144339
MAR02284	0.006076987219144339
MAR02286	0.006076987219144339
MAR02287	0.006076987219144339
MAR02292	0.006076987219144339
MAR02293	0.006076987219144339
MAR02294	0.006076987219144339
MAR02295	0.006076987219144339
MAR02296	0.006076987219144339
MAR02359	0.004618153157946285
MAR02365	0.004618153157946285
MAR02288	0.006076987219144339
MAR02289	0.006076987219144339
MAR00709	0.004839501515691989
MAR02150	0.005220354094359697
MAR02151	0.005220354094359697
MAR02172	0.005220354094359697
MAR02177	0.005220354094359697
MAR02182	0.005220354094359697
MAR02248	0.005220354094359697
MAR02253	0.005220354094359697
MAR02258	0.005220354094359697
MAR02437	0.00010544374154059859
MAR02438	0.0038947135728669867
MAR02439	0.00010544374154059859
MAR02440	3.876376698494929e-05
MAR02441	0.06350932670555044
MAR02442	0.00010544374154059859
MAR02443	0.00010544374154059859
MAR02444	0.00010544374154059859
MAR02445	0.00010544374154059859
MAR02446	0.00010544374154059859
MAR02447	0.00010544374154059859
MAR02448	0.00010544374154059859
MAR02449	0.00010544374154059859
MAR02450	0.00010544374154059859
MAR02451	0.00010544374154059859
MAR02452	0.00010544374154059859
MAR02453	0.00010544374154059859
MAR02454	0.00010544374154059859
MAR02455	0.0008515824832648095
MAR02456	0.0008515824832648095
MAR02457	0.0008515824832648095
MAR02458	0.0008515824832648095
MAR02459	0.006028061981738186
MAR02460	0.006028061981738186
MAR02461	3.876376698494929e-05
MAR02462	3.876376698494929e-05
MAR02463	3.876376698494929e-05
MAR02464	3.876376698494929e-05
MAR02465	0.006028061981738186
MAR02466	0.006028061981738186
MAR02467	3.876376698494929e-05
MAR02468	3.876376698494929e-05
MAR02469	3.876376698494929e-05
MAR02470	3.876376698494929e-05
MAR06397	0.0036338322291837094
MAR06402	4.921172259780109e-05
MAR06403	0.00014718078467512342
MAR06404	0.0036338322291837094
MAR02472	0.004618153157946285
MAR02475	0.012928910354800248
MAR02478	0.001226529172665912
MAR02480	0.005146502754657951
MAR02482	0.0012744087353590658
MAR02484	0.004618153157946285
MAR02486	0.012928910354800248
MAR02489	0.001226529172665912
MAR02491	0.005146502754657951
MAR02493	0.0012744087353590658
MAR02495	0.00010544374154059859
MAR02497	0.012928910354800248
MAR02499	0.001226529172665912
MAR02501	0.005146502754657951
MAR02503	0.0012744087353590658
MAR02505	0.004618153157946285
MAR02510	0.0014772445581649127
MAR02511	0.008315002006683753
MAR02512	0.0008680418676426633
MAR02513	0.0008680418676426633
MAR02514	0.00010544374154059859
MAR02515	0.012928910354800248
MAR02516	0.001226529172665912
MAR02518	0.005146502754657951
MAR02520	0.0012744087353590658
MAR02522	0.012928910354800248
MAR02524	0.001226529172665912
MAR02526	0.005146502754657951
MAR02528	0.0012744087353590658
MAR02530	0.012928910354800248
MAR02533	0.001226529172665912
MAR02535	0.005146502754657951
MAR02537	0.0012744087353590658
MAR02540	0.012928910354800248
MAR02541	0.001226529172665912
MAR02542	0.005146502754657951
MAR02543	0.0012744087353590658
MAR02544	3.876376698494929e-05
MAR02545	0.00010544374154059859
MAR02546	0.005178574657566765
MAR02548	0.005178574657566765
MAR02549	0.00010544374154059859
MAR02550	0.00010544374154059859
MAR02551	0.001744384799845443
MAR02552	5.762708334687742e-05
MAR02553	4.222874442787584e-05
MAR02555	4.222874442787584e-05
MAR02556	0.0012450738242804067
MAR02557	0.0038947135728669867
MAR02558	0.00010544374154059859
MAR02559	0.00010544374154059859
MAR02560	0.00010544374154059859
MAR02561	3.876376698494929e-05
MAR02562	0.006028061981738186
MAR02563	0.006028061981738186
MAR02565	3.876376698494929e-05
MAR02566	0.0038947135728669867
MAR02567	0.00010544374154059859
MAR02568	3.876376698494929e-05
MAR02570	0.0038947135728669867
MAR02571	0.00010544374154059859
MAR02572	3.876376698494929e-05
MAR02573	0.006028061981738186
MAR02574	0.006028061981738186
MAR02576	0.0038947135728669867
MAR02577	0.00010544374154059859
MAR02578	3.876376698494929e-05
MAR02579	0.006028061981738186
MAR02580	0.006028061981738186
MAR02581	0.0038947135728669867
MAR02582	0.0038947135728669867
MAR02583	0.01027078320525746
MAR02584	0.01027078320525746
MAR02586	3.876376698494929e-05
MAR02587	0.00010544374154059859
MAR02368	0.004618153157946285
MAR02371	0.012928910354800248
MAR02374	0.00010544374154059859
MAR02376	0.00010544374154059859
MAR02378	0.0012744087353590658
MAR02380	0.004618153157946285
MAR02383	0.012928910354800248
MAR02387	0.001226529172665912
MAR02389	0.005146502754657951
MAR02391	0.00010544374154059859
MAR02393	0.00010544374154059859
MAR02395	0.012928910354800248
MAR02397	0.001226529172665912
MAR02399	0.005146502754657951
MAR02401	0.0012744087353590658
MAR02403	0.00010544374154059859
MAR02408	0.0014772445581649127
MAR02409	0.008315002006683753
MAR02410	0.0008680418676426633
MAR02411	0.0008680418676426633
MAR02412	0.00010544374154059859
MAR02415	0.012928910354800248
MAR02417	0.001226529172665912
MAR02419	0.005146502754657951
MAR02421	0.0012744087353590658
MAR02423	0.012928910354800248
MAR02426	0.001226529172665912
MAR02428	0.005146502754657951
MAR02430	0.0012744087353590658
MAR02433	0.012928910354800248
MAR02434	0.001226529172665912
MAR02435	0.005146502754657951
MAR02436	0.0012744087353590658
MAR03444	0.004799133870749959
MAR03445	0.0019199062405796266
MAR03446	0.002805785662707672
MAR03447	0.0019199062405796266
MAR03448	0.004799133870749959
MAR03449	0.008315002006683753
MAR03450	0.008315002006683753
MAR03452	0.004799133870749959
MAR03453	0.008315002006683753
MAR03454	0.008315002006683753
MAR03455	0.008315002006683753
MAR03456	0.004799133870749959
MAR03457	0.002805785662707672
MAR03458	0.0019199062405796266
MAR03459	0.0014772445581649127
MAR03460	0.008315002006683753
MAR03461	0.0007152361794337457
MAR03462	0.008315002006683753
MAR03463	0.008315002006683753
MAR03464	0.0008680418676426633
MAR03466	0.0014772445581649127
MAR03467	0.008315002006683753
MAR03468	0.0008680418676426633
MAR03469	0.0008680418676426633
MAR03470	0.0014772445581649127
MAR03471	0.0007152361794337457
MAR03472	0.008315002006683753
MAR00931	0.0008515824832648095
MAR00932	0.0008515824832648095
MAR00933	0.0008515824832648095
MAR00934	0.0008515824832648095
MAR00935	0.0008515824832648095
MAR00936	0.0008515824832648095
MAR00937	0.0008515824832648095
MAR00938	0.0008515824832648095
MAR00939	0.0008515824832648095
MAR00940	0.0008515824832648095
MAR00942	0.0008515824832648095
MAR00943	0.0008515824832648095
MAR00944	0.0008515824832648095
MAR00945	0.006028061981738186
MAR00946	0.0008515824832648095
MAR00947	0.0008515824832648095
MAR00948	0.0008515824832648095
MAR00949	0.006028061981738186
MAR00950	0.0008515824832648095
MAR00951	0.0008515824832648095
MAR00953	0.006028061981738186
MAR00954	0.0008515824832648095
MAR00955	0.0008515824832648095
MAR00956	0.0008515824832648095
MAR00957	0.006028061981738186
MAR00958	3.876376698494929e-05
MAR00959	3.876376698494929e-05
MAR00960	0.06350932670555044
MAR00961	0.00016326470847142566
MAR00963	0.06350932670555044
MAR00964	0.00016326470847142566
MAR00967	0.00016326470847142566
MAR00969	4.222874442787584e-05
MAR00971	3.876376698494929e-05
MAR00973	0.005178574657566765
MAR00976	0.00016326470847142566
MAR00979	0.00010544374154059859
MAR00980	0.005178574657566765
MAR00981	4.222874442787584e-05
MAR00983	3.876376698494929e-05
MAR00985	3.876376698494929e-05
MAR00986	3.876376698494929e-05
MAR00987	3.876376698494929e-05
MAR00988	0.06350932670555044
MAR00989	0.00010544374154059859
MAR00990	0.00010544374154059859
MAR00991	0.0008515824832648095
MAR00992	0.0008515824832648095
MAR00993	0.0008515824832648095
MAR00994	0.0008515824832648095
MAR00995	0.0038947135728669867
MAR00996	0.0038947135728669867
MAR00997	0.0038947135728669867
MAR00998	3.876376698494929e-05
MAR00999	3.876376698494929e-05
MAR01000	3.876376698494929e-05
MAR01002	0.006028061981738186
MAR01003	0.006028061981738186
MAR01004	0.006028061981738186
MAR01006	0.006028061981738186
MAR01007	0.006028061981738186
MAR01008	0.006028061981738186
MAR01010	0.00016326470847142566
MAR01011	0.00016326470847142566
MAR01013	3.876376698494929e-05
MAR01014	3.876376698494929e-05
MAR01015	3.876376698494929e-05
MAR01016	3.876376698494929e-05
MAR01017	3.876376698494929e-05
MAR01018	3.876376698494929e-05
MAR01020	0.006028061981738186
MAR01021	0.006028061981738186
MAR01022	0.006028061981738186
MAR01023	0.006028061981738186
MAR01025	0.006028061981738186
MAR01026	0.006028061981738186
MAR01027	0.006028061981738186
MAR01028	0.006028061981738186
MAR01029	0.00016326470847142566
MAR01030	0.00016326470847142566
MAR01033	0.00016326470847142566
MAR01034	0.00016326470847142566
MAR01037	0.00016326470847142566
MAR01039	0.00016326470847142566
MAR01040	0.00010544374154059859
MAR01041	0.00010544374154059859
MAR01042	0.00010544374154059859
MAR01043	0.06350932670555044
MAR01045	0.06350932670555044
MAR01048	0.06350932670555044
MAR01049	0.06350932670555044
MAR01050	0.03182470872139708
MAR01053	0.03182470872139708
MAR01054	0.03182470872139708
MAR01055	0.006028061981738186
MAR01057	0.006028061981738186
MAR01058	0.006028061981738186
MAR01059	4.222874442787584e-05
MAR01061	4.222874442787584e-05
MAR01062	0.00016326470847142566
MAR01063	0.00016326470847142566
MAR01064	0.00016326470847142566
MAR01065	0.013062460908471171
MAR01066	0.013062460908471171
MAR01067	0.013062460908471171
MAR01068	0.013062460908471171
MAR01069	0.013062460908471171
MAR01070	0.013062460908471171
MAR01071	4.222874442787584e-05
MAR01072	4.222874442787584e-05
MAR01073	0.00016326470847142566
MAR01074	0.004216223785036662
MAR01075	3.876376698494929e-05
MAR01077	3.876376698494929e-05
MAR01079	8.81540352617159e-05
MAR03015	0.004839501515691989
MAR01080	0.004446113286410985
MAR01081	5.762708334687742e-05
MAR01084	0.0012450738242804067
MAR01085	4.1029335729257874e-05
MAR01087	0.00010544374154059859
MAR01088	0.00939563405821283
MAR01091	0.00939563405821283
MAR01092	0.00010544374154059859
MAR01093	0.00016326470847142566
MAR01096	0.00016326470847142566
MAR01097	3.876376698494929e-05
MAR01098	0.009376156075405383
MAR01099	3.876376698494929e-05
MAR01100	0.005178574657566765
MAR01101	0.005178574657566765
MAR01102	0.005178574657566765
MAR01103	0.005178574657566765
MAR01105	0.005178574657566765
MAR01106	0.005178574657566765
MAR01107	4.222874442787584e-05
MAR01108	4.222874442787584e-05
MAR01109	4.222874442787584e-05
MAR01110	4.222874442787584e-05
MAR01111	4.222874442787584e-05
MAR01112	4.222874442787584e-05
MAR01113	0.00010544374154059859
MAR01114	0.00010544374154059859
MAR01115	0.00010544374154059859
MAR01116	0.005178574657566765
MAR01117	0.005178574657566765
MAR01119	0.03182470872139708
MAR01120	0.03182470872139708
MAR01121	0.03182470872139708
MAR01122	0.03182470872139708
MAR01123	0.005178574657566765
MAR01124	0.005178574657566765
MAR01125	0.005178574657566765
MAR01126	4.222874442787584e-05
MAR01127	4.222874442787584e-05
MAR01128	4.222874442787584e-05
MAR01129	0.009376156075405383
MAR01130	0.009376156075405383
MAR01131	0.009376156075405383
MAR01132	0.004119748483482751
MAR01133	0.004119748483482751
MAR01134	0.004119748483482751
MAR01136	0.00010544374154059859
MAR01137	4.222874442787584e-05
MAR01138	4.222874442787584e-05
MAR01139	4.222874442787584e-05
MAR01140	4.222874442787584e-05
MAR01142	0.00010544374154059859
MAR01146	0.005178574657566765
MAR01147	0.005178574657566765
MAR01148	0.005178574657566765
MAR01149	0.0008515824832648095
MAR01150	0.0008515824832648095
MAR01151	0.0008515824832648095
MAR01152	0.0008515824832648095
MAR01153	0.0008515824832648095
MAR01154	0.0008515824832648095
MAR01155	0.0008515824832648095
MAR01156	0.0008515824832648095
MAR01157	0.005952368293540576
MAR01158	0.005952368293540576
MAR01159	0.005952368293540576
MAR01160	0.005952368293540576
MAR01161	0.0014772445581649127
MAR01162	0.0014772445581649127
MAR01163	0.008315002006683753
MAR01164	0.008315002006683753
MAR01165	0.008315002006683753
MAR01166	0.0008680418676426633
MAR01167	0.008315002006683753
MAR01168	0.0008680418676426633
MAR01170	0.0022198057658440445
MAR01171	0.0022198057658440445
MAR01186	0.00010544374154059859
MAR01190	0.005178574657566765
MAR01191	0.005178574657566765
MAR01192	0.005178574657566765
MAR01193	0.0008515824832648095
MAR01194	0.0008515824832648095
MAR01195	0.0008515824832648095
MAR01196	0.0008515824832648095
MAR01197	0.00010544374154059859
MAR01198	0.00010544374154059859
MAR01199	0.00010544374154059859
MAR01200	0.005952368293540576
MAR01201	0.005952368293540576
MAR01202	0.005952368293540576
MAR01203	0.005952368293540576
MAR01204	0.0014772445581649127
MAR01205	0.0014772445581649127
MAR01206	0.008315002006683753
MAR01207	0.008315002006683753
MAR01208	0.008315002006683753
MAR01209	0.0008680418676426633
MAR01210	0.008315002006683753
MAR01211	0.0008680418676426633
MAR01212	0.0022198057658440445
MAR01213	0.0022198057658440445
MAR01228	0.004216223785036662
MAR01229	0.004216223785036662
MAR01230	0.004216223785036662
MAR01231	0.005178574657566765
MAR01232	0.005178574657566765
MAR01233	0.005178574657566765
MAR01234	4.222874442787584e-05
MAR01235	4.222874442787584e-05
MAR01236	4.222874442787584e-05
MAR01237	4.222874442787584e-05
MAR01238	4.222874442787584e-05
MAR01239	4.222874442787584e-05
MAR01241	0.00010544374154059859
MAR01244	0.005178574657566765
MAR01245	0.005178574657566765
MAR01246	0.005178574657566765
MAR01247	0.00010544374154059859
MAR01248	0.005952368293540576
MAR01249	0.005952368293540576
MAR01250	0.005952368293540576
MAR01251	0.005952368293540576
MAR01253	0.0014772445581649127
MAR01254	0.0014772445581649127
MAR01255	0.008315002006683753
MAR01256	0.008315002006683753
MAR01257	0.008315002006683753
MAR01258	0.0008680418676426633
MAR01259	0.008315002006683753
MAR01260	0.0008680418676426633
MAR01261	0.0022198057658440445
MAR01262	0.0022198057658440445
MAR01263	0.005952368293540576
MAR01264	0.005952368293540576
MAR01265	0.005952368293540576
MAR01266	0.005952368293540576
MAR01270	0.0014772445581649127
MAR01271	0.0014772445581649127
MAR01272	0.008315002006683753
MAR01273	0.008315002006683753
MAR01274	0.008315002006683753
MAR01275	0.0008680418676426633
MAR01276	0.008315002006683753
MAR01277	0.0008680418676426633
MAR01278	0.0022198057658440445
MAR01279	0.0022198057658440445
MAR01280	0.005178574657566765
MAR01281	0.005178574657566765
MAR01282	0.005178574657566765
MAR01285	0.00010544374154059859
MAR01287	0.00010544374154059859
MAR01288	0.009376156075405383
MAR01289	0.004119748483482751
MAR01290	0.005952368293540576
MAR01291	0.0014772445581649127
MAR01292	0.008315002006683753
MAR01293	0.0008680418676426633
MAR01294	0.0008680418676426633
MAR01295	0.0022198057658440445
MAR01296	0.0014772445581649127
MAR01297	0.0007152361794337457
MAR01298	0.008315002006683753
MAR01299	0.008315002006683753
MAR01300	0.0008680418676426633
MAR01301	0.0008680418676426633
MAR01302	0.0006397394006909621
MAR01303	0.0014772445581649127
MAR01304	0.0022198057658440445
MAR04796	0.0012450738242804067
MAR08545	4.32290009865402e-05
MAR08546	0.005178574657566765
MAR08547	0.00010544374154059859
MAR08548	0.0012450738242804067
MAR08549	0.00010544374154059859
MAR08550	5.762708334687742e-05
MAR08552	0.00010544374154059859
MAR08554	3.98616905537786e-05
MAR08555	3.876376698494929e-05
MAR08556	3.9349728211524134e-05
MAR08557	0.0038947135728669867
MAR08558	0.0038947135728669867
MAR08559	4.463271078006766e-05
MAR08560	0.01027078320525746
MAR08561	0.00010544374154059859
MAR00154	0.0022198057658440445
MAR00189	0.0022198057658440445
MAR00193	0.0022198057658440445
MAR00197	0.0022198057658440445
MAR00201	0.0022198057658440445
MAR00206	0.0022198057658440445
MAR00210	0.0022198057658440445
MAR00214	0.0022198057658440445
MAR00223	0.0022198057658440445
MAR00230	0.0022198057658440445
MAR00234	0.0022198057658440445
MAR00238	0.0022198057658440445
MAR00242	0.0022198057658440445
MAR00246	0.0022198057658440445
MAR00250	0.0022198057658440445
MAR00256	0.0022198057658440445
MAR00260	0.0022198057658440445
MAR00264	0.0022198057658440445
MAR00268	0.0022198057658440445
MAR00272	0.0022198057658440445
MAR00276	0.0022198057658440445
MAR00280	0.00046919550517520093
MAR00284	0.00046919550517520093
MAR00290	0.00046919550517520093
MAR00294	0.00046919550517520093
MAR00298	0.00046919550517520093
MAR00302	0.00046919550517520093
MAR00306	0.00046919550517520093
MAR00310	4.824235340440581e-05
MAR00314	4.824235340440581e-05
MAR00320	4.824235340440581e-05
MAR00324	4.824235340440581e-05
MAR00328	4.824235340440581e-05
MAR00332	4.824235340440581e-05
MAR00338	4.824235340440581e-05
MAR00342	4.824235340440581e-05
MAR00346	4.824235340440581e-05
MAR00350	0.0022198057658440445
MAR00354	0.0022198057658440445
MAR00358	0.00046919550517520093
MAR00362	0.00046919550517520093
MAR00366	4.824235340440581e-05
MAR00370	4.824235340440581e-05
MAR00374	4.824235340440581e-05
MAR00378	4.824235340440581e-05
MAR00382	0.0022198057658440445
MAR00386	4.824235340440581e-05
MAR00390	4.824235340440581e-05
MAR00394	4.824235340440581e-05
MAR00398	0.0022198057658440445
MAR00402	0.0022198057658440445
MAR00406	0.0022198057658440445
MAR00410	0.0022198057658440445
MAR00414	4.824235340440581e-05
MAR00418	4.824235340440581e-05
MAR00422	4.824235340440581e-05
MAR00426	4.824235340440581e-05
MAR00430	0.00046919550517520093
MAR00434	4.824235340440581e-05
MAR00438	4.824235340440581e-05
MAR03009	0.0006397394006909621
MAR03475	0.0006397394006909621
MAR03476	0.00010544374154059859
MAR03477	0.00010544374154059859
MAR00159	0.002001604651380617
MAR02591	0.002001604651380617
MAR02594	0.002001604651380617
MAR02599	0.002001604651380617
MAR02602	0.002001604651380617
MAR02605	0.002001604651380617
MAR02608	0.002001604651380617
MAR02611	0.002001604651380617
MAR02614	0.002001604651380617
MAR02620	0.002001604651380617
MAR02623	0.002001604651380617
MAR02626	0.002001604651380617
MAR02633	0.002001604651380617
MAR02636	0.002001604651380617
MAR02642	0.002001604651380617
MAR02648	0.002001604651380617
MAR02651	0.002001604651380617
MAR02654	0.002001604651380617
MAR02657	0.002001604651380617
MAR02660	0.002001604651380617
MAR02663	0.002001604651380617
MAR02666	0.002001604651380617
MAR02669	0.002001604651380617
MAR02672	0.002001604651380617
MAR02675	0.002001604651380617
MAR02678	0.002001604651380617
MAR02681	0.002001604651380617
MAR02684	0.002001604651380617
MAR02687	0.002001604651380617
MAR02690	0.002001604651380617
MAR02693	0.002001604651380617
MAR02699	0.002001604651380617
MAR02702	0.002001604651380617
MAR02705	0.002001604651380617
MAR02708	0.002001604651380617
MAR02711	0.002001604651380617
MAR02714	0.002001604651380617
MAR02717	0.002001604651380617
MAR02720	0.002001604651380617
MAR02726	0.002001604651380617
MAR02730	0.002001604651380617
MAR02733	0.002001604651380617
MAR02736	0.002001604651380617
MAR02739	0.002001604651380617
MAR02742	0.002001604651380617
MAR02746	0.002001604651380617
MAR02752	0.002001604651380617
MAR02755	0.002001604651380617
MAR02759	0.002001604651380617
MAR02762	0.002001604651380617
MAR02768	0.002001604651380617
MAR02771	0.002001604651380617
MAR02774	0.002001604651380617
MAR02877	0.002001604651380617
MAR03032	0.002001604651380617
MAR03521	0.00010544374154059859
MAR08419	0.00010544374154059859
MAR00160	0.0020170300221731188
MAR00161	0.002459333591351661
MAR00162	0.0020170300221731188
MAR00163	0.0017043499869525201
MAR02592	0.0020170300221731188
MAR02593	0.002459333591351661
MAR02596	0.0020170300221731188
MAR02598	0.002459333591351661
MAR02600	0.0020170300221731188
MAR02601	0.002459333591351661
MAR02603	0.0020170300221731188
MAR02604	0.002459333591351661
MAR02606	0.0020170300221731188
MAR02607	0.002459333591351661
MAR02609	0.0020170300221731188
MAR02610	0.002459333591351661
MAR02612	0.0020170300221731188
MAR02613	0.002459333591351661
MAR02616	0.0020170300221731188
MAR02618	0.002459333591351661
MAR02621	0.0020170300221731188
MAR02622	0.002459333591351661
MAR02624	0.0020170300221731188
MAR02625	0.002459333591351661
MAR02629	0.0020170300221731188
MAR02630	0.002459333591351661
MAR02634	0.0020170300221731188
MAR02635	0.002459333591351661
MAR02638	0.0020170300221731188
MAR02640	0.002459333591351661
MAR02644	0.0020170300221731188
MAR02646	0.002459333591351661
MAR02649	0.0020170300221731188
MAR02650	0.002459333591351661
MAR02652	0.0020170300221731188
MAR02653	0.002459333591351661
MAR02655	0.0020170300221731188
MAR02656	0.002459333591351661
MAR02658	0.0020170300221731188
MAR02659	0.002459333591351661
MAR02661	0.0020170300221731188
MAR02662	0.002459333591351661
MAR02664	0.0020170300221731188
MAR02665	0.002459333591351661
MAR02667	0.0020170300221731188
MAR02668	0.002459333591351661
MAR02670	0.0020170300221731188
MAR02671	0.002459333591351661
MAR02673	0.0020170300221731188
MAR02674	0.002459333591351661
MAR02676	0.0020170300221731188
MAR02677	0.002459333591351661
MAR02679	0.0020170300221731188
MAR02680	0.002459333591351661
MAR02682	0.0020170300221731188
MAR02683	0.002459333591351661
MAR02685	0.0020170300221731188
MAR02686	0.002459333591351661
MAR02688	0.0020170300221731188
MAR02689	0.002459333591351661
MAR02691	0.0020170300221731188
MAR02692	0.002459333591351661
MAR02695	0.0020170300221731188
MAR02697	0.002459333591351661
MAR02700	0.0020170300221731188
MAR02701	0.002459333591351661
MAR02703	0.0020170300221731188
MAR02704	0.002459333591351661
MAR02706	0.0020170300221731188
MAR02707	0.002459333591351661
MAR02709	0.0020170300221731188
MAR02710	0.002459333591351661
MAR02712	0.0020170300221731188
MAR02713	0.002459333591351661
MAR02715	0.0020170300221731188
MAR02716	0.002459333591351661
MAR02718	0.0020170300221731188
MAR02719	0.002459333591351661
MAR02722	0.0020170300221731188
MAR02724	0.002459333591351661
MAR02727	0.0020170300221731188
MAR02729	0.002459333591351661
MAR02731	0.0020170300221731188
MAR02732	0.002459333591351661
MAR02734	0.0020170300221731188
MAR02735	0.002459333591351661
MAR02737	0.0020170300221731188
MAR02738	0.002459333591351661
MAR02740	0.0020170300221731188
MAR02741	0.002459333591351661
MAR02744	0.0020170300221731188
MAR02745	0.002459333591351661
MAR02748	0.0020170300221731188
MAR02750	0.002459333591351661
MAR02753	0.0020170300221731188
MAR02754	0.002459333591351661
MAR02757	0.0020170300221731188
MAR02758	0.002459333591351661
MAR02760	0.0020170300221731188
MAR02761	0.002459333591351661
MAR02764	0.0020170300221731188
MAR02766	0.002459333591351661
MAR02769	0.0020170300221731188
MAR02770	0.002459333591351661
MAR02772	0.0020170300221731188
MAR02773	0.002459333591351661
MAR02775	0.0020170300221731188
MAR02776	0.002459333591351661
MAR03519	0.00010544374154059859
MAR03520	0.00010544374154059859
MAR08417	0.00010544374154059859
MAR08418	0.00010544374154059859
MAR03027	0.00010544374154059859
MAR03028	0.002001604651380617
MAR03029	0.002459333591351661
MAR03030	0.002459333591351661
MAR03033	0.0020170300221731188
MAR03034	0.0017043499869525201
MAR03035	0.0020170300221731188
MAR03037	0.002459333591351661
MAR02778	0.00025865385878410835
MAR02780	0.002459333591351661
MAR02783	0.0020170300221731188
MAR02785	0.002459333591351661
MAR02787	0.00025865385878410835
MAR02788	0.002459333591351661
MAR02789	0.00025865385878410835
MAR02790	0.002459333591351661
MAR02791	0.00025865385878410835
MAR02792	0.002459333591351661
MAR02793	0.00025865385878410835
MAR02794	0.002459333591351661
MAR02795	0.00025865385878410835
MAR02796	0.002459333591351661
MAR02797	0.00025865385878410835
MAR02798	0.002459333591351661
MAR02799	0.00025865385878410835
MAR02800	0.002459333591351661
MAR02801	0.00025865385878410835
MAR02803	0.002459333591351661
MAR02805	0.00025865385878410835
MAR02806	0.002459333591351661
MAR02807	0.00025865385878410835
MAR02809	0.002459333591351661
MAR02811	0.00025865385878410835
MAR02812	0.002459333591351661
MAR02813	0.00025865385878410835
MAR02814	0.002459333591351661
MAR02815	0.00025865385878410835
MAR02816	0.002459333591351661
MAR02817	0.00025865385878410835
MAR02819	0.002459333591351661
MAR02821	0.00025865385878410835
MAR02822	0.002459333591351661
MAR02823	0.00025865385878410835
MAR02824	0.002459333591351661
MAR02825	0.00025865385878410835
MAR02827	0.002459333591351661
MAR02829	0.00025865385878410835
MAR02830	0.002459333591351661
MAR02831	0.00025865385878410835
MAR02832	0.002459333591351661
MAR02833	0.00025865385878410835
MAR02834	0.002459333591351661
MAR02835	0.00025865385878410835
MAR02836	0.002459333591351661
MAR02837	0.00025865385878410835
MAR02838	0.002459333591351661
MAR02839	0.00025865385878410835
MAR02840	0.002459333591351661
MAR02841	0.00025865385878410835
MAR02842	0.002459333591351661
MAR02843	0.00025865385878410835
MAR02844	0.002459333591351661
MAR02845	0.00025865385878410835
MAR02846	0.002459333591351661
MAR02847	0.00025865385878410835
MAR02848	0.002459333591351661
MAR02849	0.00025865385878410835
MAR02850	0.002459333591351661
MAR02851	0.00025865385878410835
MAR02852	0.002459333591351661
MAR02853	0.00025865385878410835
MAR02854	0.002459333591351661
MAR02855	0.00025865385878410835
MAR02856	0.002459333591351661
MAR02857	0.00025865385878410835
MAR02859	0.002459333591351661
MAR02861	0.00025865385878410835
MAR02862	0.002459333591351661
MAR02863	0.00025865385878410835
MAR02864	0.002459333591351661
MAR02865	0.00025865385878410835
MAR02866	0.002459333591351661
MAR02867	0.00025865385878410835
MAR02868	0.002459333591351661
MAR02869	0.00025865385878410835
MAR02870	0.002459333591351661
MAR02871	0.00025865385878410835
MAR02872	0.002459333591351661
MAR02873	0.00025865385878410835
MAR02874	0.002459333591351661
MAR02875	0.00025865385878410835
MAR02876	0.002459333591351661
MAR02878	0.00025865385878410835
MAR02879	0.002459333591351661
MAR02880	0.00025865385878410835
MAR02882	0.002459333591351661
MAR02884	0.00025865385878410835
MAR02886	0.002459333591351661
MAR02888	0.00025865385878410835
MAR02890	0.002459333591351661
MAR02892	0.00025865385878410835
MAR02894	0.002459333591351661
MAR02896	0.00025865385878410835
MAR02897	0.002459333591351661
MAR02898	0.00025865385878410835
MAR02899	0.002459333591351661
MAR02900	0.00025865385878410835
MAR02901	0.002459333591351661
MAR02902	0.00025865385878410835
MAR02903	0.002459333591351661
MAR02904	0.00025865385878410835
MAR02905	0.002459333591351661
MAR02906	0.002001604651380617
MAR02907	0.00025865385878410835
MAR02908	0.002459333591351661
MAR02909	0.002001604651380617
MAR02910	0.00025865385878410835
MAR02911	0.002459333591351661
MAR02912	0.002001604651380617
MAR02913	0.00025865385878410835
MAR02914	0.002459333591351661
MAR02915	0.002001604651380617
MAR02916	0.00025865385878410835
MAR02917	0.002459333591351661
MAR02918	0.002001604651380617
MAR02919	0.00025865385878410835
MAR02920	0.002459333591351661
MAR02921	0.002001604651380617
MAR02922	0.00025865385878410835
MAR02923	0.002459333591351661
MAR02924	0.002001604651380617
MAR02925	0.00025865385878410835
MAR02926	0.002459333591351661
MAR02927	0.002001604651380617
MAR02928	0.00025865385878410835
MAR02929	0.002459333591351661
MAR02930	0.002001604651380617
MAR02931	0.00025865385878410835
MAR02932	0.002459333591351661
MAR00001	0.007305051934799655
MAR00002	3.876376698494929e-05
MAR00003	0.0038035692922612145
MAR00005	0.006606291184359071
MAR00449	0.0018364542442011154
MAR00604	0.00154349567706806
MAR00605	0.0012126624020505998
MAR00665	0.0038035692922612145
MAR00667	0.0038035692922612145
MAR00668	0.0038035692922612145
MAR00669	0.0038035692922612145
MAR00670	0.0038035692922612145
MAR00671	0.0038035692922612145
MAR00672	0.0038035692922612145
MAR00679	0.006606291184359071
MAR00680	0.006606291184359071
MAR00681	0.006606291184359071
MAR00682	0.006606291184359071
MAR00683	0.006606291184359071
MAR00684	0.006606291184359071
MAR07588	0.0026112964605976806
MAR03053	0.00010544374154059859
MAR03054	0.00010544374154059859
MAR03055	0.00010544374154059859
MAR03057	0.0014772445581649127
MAR03058	0.008315002006683753
MAR03059	0.0008680418676426633
MAR03060	0.0008680418676426633
MAR03062	0.0014772445581649127
MAR03063	0.008315002006683753
MAR03064	0.0008680418676426633
MAR03065	0.0008680418676426633
MAR03066	0.0014772445581649127
MAR03067	0.008315002006683753
MAR03068	0.0008680418676426633
MAR03069	0.0008680418676426633
MAR03070	0.0014772445581649127
MAR03071	0.008315002006683753
MAR03072	0.0008680418676426633
MAR03073	0.0008680418676426633
MAR03074	0.0014772445581649127
MAR03075	0.008315002006683753
MAR03076	0.0008680418676426633
MAR03077	0.0008680418676426633
MAR03078	0.0014772445581649127
MAR03079	0.008315002006683753
MAR03080	0.0008680418676426633
MAR03081	0.0008680418676426633
MAR03082	0.0014772445581649127
MAR03083	0.008315002006683753
MAR03084	0.0008680418676426633
MAR03085	0.0008680418676426633
MAR03086	0.0014772445581649127
MAR03087	0.008315002006683753
MAR03088	0.0008680418676426633
MAR03089	0.0008680418676426633
MAR03090	0.0014772445581649127
MAR03091	0.008315002006683753
MAR03092	0.0008680418676426633
MAR03093	0.0008680418676426633
MAR03094	0.0014772445581649127
MAR03095	0.008315002006683753
MAR03096	0.0008680418676426633
MAR03097	0.0008680418676426633
MAR03098	0.0014772445581649127
MAR03099	0.008315002006683753
MAR03100	0.0008680418676426633
MAR03101	0.0008680418676426633
MAR03102	0.0014772445581649127
MAR03103	0.008315002006683753
MAR03104	0.0008680418676426633
MAR03106	0.00010544374154059859
MAR03056	0.00010544374154059859
MAR03326	0.0014772445581649127
MAR03327	0.008315002006683753
MAR03328	0.0008680418676426633
MAR03329	0.0008680418676426633
MAR03330	0.0014772445581649127
MAR03331	0.008315002006683753
MAR03332	0.0008680418676426633
MAR03333	0.0008680418676426633
MAR03334	0.0014772445581649127
MAR03335	0.008315002006683753
MAR03336	0.0008680418676426633
MAR03337	0.0008680418676426633
MAR03338	0.0014772445581649127
MAR03339	0.008315002006683753
MAR03340	0.0008680418676426633
MAR03341	0.0008680418676426633
MAR03342	0.0014772445581649127
MAR03343	0.008315002006683753
MAR03344	0.0008680418676426633
MAR03345	0.0008680418676426633
MAR03346	0.0014772445581649127
MAR03347	0.008315002006683753
MAR03348	0.0008680418676426633
MAR03349	0.0008680418676426633
MAR03350	0.0014772445581649127
MAR03351	0.008315002006683753
MAR03352	0.0008680418676426633
MAR03353	0.0008680418676426633
MAR03355	0.008315002006683753
MAR03365	0.008315002006683753
MAR03367	0.0008680418676426633
MAR03368	0.0008680418676426633
MAR03370	0.008315002006683753
MAR03372	0.0008680418676426633
MAR03373	0.0008680418676426633
MAR03375	0.008315002006683753
MAR03478	0.00010544374154059859
MAR03480	7.94601522353356e-05
MAR03481	0.0012811883537131687
MAR03482	7.94601522353356e-05
MAR03484	0.002429520599395477
MAR03486	0.0012787521265439105
MAR03488	0.002429520599395477
MAR03491	0.00016579068917545571
MAR03493	7.94601522353356e-05
MAR03498	0.0014772445581649127
MAR03501	0.008315002006683753
MAR03503	0.0008680418676426633
MAR03505	0.0008680418676426633
MAR03506	0.0014772445581649127
MAR03508	0.008315002006683753
MAR03509	0.0008680418676426633
MAR03510	0.0008680418676426633
MAR03511	0.00016579068917545571
MAR03512	0.0014772445581649127
MAR03513	0.008315002006683753
MAR03514	0.0008680418676426633
MAR03515	0.0008680418676426633
MAR03517	0.002904407598902928
MAR03302	0.008315002006683753
MAR03304	0.0008680418676426633
MAR03305	0.0008680418676426633
MAR03307	0.008315002006683753
MAR03309	0.0008680418676426633
MAR03310	0.0008680418676426633
MAR03312	0.008315002006683753
MAR03314	0.0008680418676426633
MAR03315	0.0008680418676426633
MAR03316	0.008315002006683753
MAR03317	0.008315002006683753
MAR03319	0.0008680418676426633
MAR03320	0.0008680418676426633
MAR03321	0.0014772445581649127
MAR03323	0.008315002006683753
MAR03107	0.004799133870749959
MAR03108	0.008315002006683753
MAR03109	0.008315002006683753
MAR03110	0.008315002006683753
MAR03111	0.004799133870749959
MAR03112	0.008315002006683753
MAR03113	0.008315002006683753
MAR03114	0.008315002006683753
MAR03115	0.004799133870749959
MAR03116	0.008315002006683753
MAR03117	0.008315002006683753
MAR03118	0.008315002006683753
MAR03121	0.004799133870749959
MAR03122	0.008315002006683753
MAR03123	0.008315002006683753
MAR03125	0.008315002006683753
MAR03128	0.004799133870749959
MAR03129	0.008315002006683753
MAR03130	0.008315002006683753
MAR03132	0.008315002006683753
MAR03135	0.004799133870749959
MAR03136	0.013062460908471171
MAR03137	0.008315002006683753
MAR03139	0.008315002006683753
MAR03142	0.0014772445581649127
MAR03143	0.013062460908471171
MAR03144	0.008315002006683753
MAR03146	0.008315002006683753
MAR03149	0.0014772445581649127
MAR03150	0.013062460908471171
MAR03151	0.008315002006683753
MAR03153	0.008315002006683753
MAR03156	0.0014772445581649127
MAR03157	0.013062460908471171
MAR03158	0.008315002006683753
MAR03160	0.008315002006683753
MAR03398	0.013062460908471171
MAR03406	0.013062460908471171
MAR03407	0.013062460908471171
MAR03408	0.013062460908471171
MAR03409	0.013062460908471171
MAR03411	0.013062460908471171
MAR03413	0.013062460908471171
MAR03414	0.013062460908471171
MAR03416	0.013062460908471171
MAR03421	0.013062460908471171
MAR03423	0.013062460908471171
MAR03424	0.013062460908471171
MAR03425	0.013062460908471171
MAR09719	0.013062460908471171
MAR03427	0.013062460908471171
MAR03428	0.013062460908471171
MAR03429	0.013062460908471171
MAR03430	0.013062460908471171
MAR03431	0.013062460908471171
MAR03432	0.013062460908471171
MAR03433	0.013062460908471171
MAR03170	0.004799133870749959
MAR03171	0.008315002006683753
MAR03172	0.008315002006683753
MAR03173	0.008315002006683753
MAR03174	0.004799133870749959
MAR03175	0.008315002006683753
MAR03176	0.008315002006683753
MAR03177	0.008315002006683753
MAR03178	0.004799133870749959
MAR03179	0.008315002006683753
MAR03180	0.008315002006683753
MAR03181	0.008315002006683753
MAR03182	0.004799133870749959
MAR03183	0.008315002006683753
MAR03184	0.008315002006683753
MAR03185	0.008315002006683753
MAR03186	0.004799133870749959
MAR03187	0.008315002006683753
MAR03188	0.008315002006683753
MAR03189	0.008315002006683753
MAR03190	0.0014043630501241308
MAR03191	0.013062460908471171
MAR03192	0.008315002006683753
MAR03193	0.008315002006683753
MAR03194	0.0014043630501241308
MAR03195	0.013062460908471171
MAR03196	0.008315002006683753
MAR03197	0.008315002006683753
MAR03198	0.0014043630501241308
MAR03199	0.013062460908471171
MAR03200	0.008315002006683753
MAR03201	0.008315002006683753
MAR03202	0.000541916904581057
MAR03203	0.013062460908471171
MAR03204	0.008315002006683753
MAR03205	0.008315002006683753
MAR03396	0.00010544374154059859
MAR03397	0.00010544374154059859
MAR03240	0.004799133870749959
MAR03241	0.008315002006683753
MAR03242	0.008315002006683753
MAR03243	0.008315002006683753
MAR03244	0.004799133870749959
MAR03245	0.008315002006683753
MAR03246	0.008315002006683753
MAR03247	0.008315002006683753
MAR03250	0.004799133870749959
MAR03252	0.008315002006683753
MAR03254	0.008315002006683753
MAR03256	0.008315002006683753
MAR03258	0.004799133870749959
MAR03260	0.008315002006683753
MAR03262	0.008315002006683753
MAR03264	0.008315002006683753
MAR03272	0.0019199062405796266
MAR03356	0.0014772445581649127
MAR03357	0.008315002006683753
MAR03358	0.0008680418676426633
MAR03359	0.0008680418676426633
MAR03360	0.0014772445581649127
MAR03361	0.008315002006683753
MAR03362	0.0008680418676426633
MAR03363	0.0008680418676426633
MAR03218	0.004799133870749959
MAR03219	0.008315002006683753
MAR03220	0.008315002006683753
MAR03221	0.008315002006683753
MAR03222	0.004799133870749959
MAR03223	0.008315002006683753
MAR03224	0.008315002006683753
MAR03225	0.008315002006683753
MAR03226	0.004799133870749959
MAR03227	0.008315002006683753
MAR03228	0.008315002006683753
MAR03229	0.008315002006683753
MAR03230	0.004799133870749959
MAR03231	0.008315002006683753
MAR03232	0.008315002006683753
MAR03233	0.008315002006683753
MAR03234	0.004799133870749959
MAR03235	0.008315002006683753
MAR03236	0.008315002006683753
MAR03237	0.008315002006683753
MAR03239	0.0019199062405796266
MAR03275	0.004799133870749959
MAR03277	0.008315002006683753
MAR03278	0.008315002006683753
MAR03279	0.008315002006683753
MAR03280	0.004799133870749959
MAR03281	0.008315002006683753
MAR03282	0.008315002006683753
MAR03283	0.008315002006683753
MAR03284	0.004799133870749959
MAR03285	0.008315002006683753
MAR03286	0.008315002006683753
MAR03287	0.008315002006683753
MAR03288	0.0019199062405796266
MAR03290	0.013062460908471171
MAR03292	0.008315002006683753
MAR03293	0.008315002006683753
MAR03294	0.004799133870749959
MAR03298	0.0019199062405796266
MAR01174	0.008315002006683753
MAR01175	0.0014772445581649127
MAR01176	0.002805785662707672
MAR01177	0.008315002006683753
MAR01178	0.008315002006683753
MAR01179	0.008315002006683753
MAR01180	0.0014772445581649127
MAR01181	0.002805785662707672
MAR01182	0.008315002006683753
MAR01183	0.008315002006683753
MAR01184	0.008315002006683753
MAR01216	0.008315002006683753
MAR01217	0.0014772445581649127
MAR01218	0.002805785662707672
MAR01219	0.008315002006683753
MAR01220	0.008315002006683753
MAR01221	0.008315002006683753
MAR01222	0.002805785662707672
MAR01223	0.0014772445581649127
MAR01224	0.008315002006683753
MAR01225	0.008315002006683753
MAR01226	0.008315002006683753
MAR03522	0.0013387720881720881
MAR03523	0.013062460908471171
MAR03524	0.008315002006683753
MAR03525	0.008315002006683753
MAR03526	0.00016579068917545571
MAR03527	0.0013387720881720881
MAR03528	0.013062460908471171
MAR03529	0.008315002006683753
MAR03530	0.008315002006683753
MAR03531	0.0013387720881720881
MAR03532	0.013062460908471171
MAR03533	0.008315002006683753
MAR03534	0.008315002006683753
MAR01573	3.876376698494929e-05
MAR06901	0.0007709428129166903
MAR06903	0.0008970640443325421
MAR06904	0.00019189230180289383
MAR06905	0.0013692848729379985
MAR06906	0.00010544374154059859
MAR06907	0.00019189230180289383
MAR06908	0.0012770722734086986
MAR06909	0.0003172133514439652
MAR06910	0.0013692848729379985
MAR07165	0.00010544374154059859
MAR07166	0.0009002444914930243
MAR07167	0.006116921218384111
MAR07168	0.00474000207439692
MAR07169	0.00010544374154059859
MAR07170	0.005230396713823101
MAR09722	0.03074185236939151
MAR01920	0.0006039120195765287
MAR01924	0.007521083397147997
MAR01926	0.00010544374154059859
MAR01927	0.00028778934822585835
MAR01928	8.032281799676303e-05
MAR01929	8.032281799676303e-05
MAR01931	0.013519912697834655
MAR01932	8.032281799676303e-05
MAR01933	3.876376698494929e-05
MAR01934	8.032281799676303e-05
MAR01935	8.032281799676303e-05
MAR01940	3.876376698494929e-05
MAR01941	3.876376698494929e-05
MAR01942	3.876376698494929e-05
MAR01943	4.288578080484809e-05
MAR01948	3.876376698494929e-05
MAR01949	3.876376698494929e-05
MAR01950	3.876376698494929e-05
MAR01951	3.876376698494929e-05
MAR01989	3.876376698494929e-05
MAR01990	3.876376698494929e-05
MAR01991	3.876376698494929e-05
MAR01992	3.876376698494929e-05
MAR01993	3.876376698494929e-05
MAR02002	0.0008119923410097555
MAR02003	0.002143833656182275
MAR02004	3.876376698494929e-05
MAR02005	3.876376698494929e-05
MAR02007	3.876376698494929e-05
MAR02009	3.876376698494929e-05
MAR02010	3.876376698494929e-05
MAR02011	3.876376698494929e-05
MAR04766	3.876376698494929e-05
MAR06793	3.876376698494929e-05
MAR06794	3.876376698494929e-05
MAR06795	3.876376698494929e-05
MAR06796	3.876376698494929e-05
MAR07648	3.876376698494929e-05
MAR07928	3.876376698494929e-05
MAR07930	3.876376698494929e-05
MAR07931	3.876376698494929e-05
MAR07932	3.876376698494929e-05
MAR07934	3.876376698494929e-05
MAR07935	8.032281799676303e-05
MAR07936	3.876376698494929e-05
MAR07937	3.876376698494929e-05
MAR07938	3.876376698494929e-05
MAR07939	3.876376698494929e-05
MAR07940	0.0008515824832648095
MAR07941	0.0008515824832648095
MAR07942	9.896176447267207e-05
MAR07943	4.9439063925781544e-05
MAR07945	0.0006039120195765287
MAR07948	0.0006039120195765287
MAR07950	0.0006039120195765287
MAR07952	0.0006039120195765287
MAR07954	3.876376698494929e-05
MAR07955	0.00013025990837533665
MAR07957	0.0008515824832648095
MAR07958	4.209844751252259e-05
MAR07959	3.876376698494929e-05
MAR07962	3.876376698494929e-05
MAR07965	3.876376698494929e-05
MAR07968	0.0016546261709551545
MAR02041	0.0016546261709551545
MAR07970	0.0003731026661339327
MAR07971	3.876376698494929e-05
MAR07972	3.876376698494929e-05
MAR07973	3.876376698494929e-05
MAR07974	3.876376698494929e-05
MAR07976	0.002143833656182275
MAR07978	3.876376698494929e-05
MAR07980	3.876376698494929e-05
MAR07984	3.876376698494929e-05
MAR07987	3.876376698494929e-05
MAR01944	3.876376698494929e-05
MAR01945	3.876376698494929e-05
MAR01952	4.334453697373081e-05
MAR01953	0.0006039120195765287
MAR01958	3.876376698494929e-05
MAR01959	7.282380162953797e-05
MAR01960	7.282380162953797e-05
MAR01962	4.334453697373081e-05
MAR01963	0.0006039120195765287
MAR01967	3.876376698494929e-05
MAR01968	3.876376698494929e-05
MAR01969	3.876376698494929e-05
MAR01970	3.876376698494929e-05
MAR01971	3.876376698494929e-05
MAR01973	0.0016546261709551545
MAR01974	0.0016546261709551545
MAR01976	0.0008119923410097555
MAR01977	0.0008119923410097555
MAR01978	3.876376698494929e-05
MAR01982	3.876376698494929e-05
MAR01983	3.876376698494929e-05
MAR02014	4.390786865350716e-05
MAR02015	0.0008119923410097555
MAR02016	0.002143833656182275
MAR02017	0.002143833656182275
MAR02018	0.002143833656182275
MAR02019	0.002143833656182275
MAR02020	0.0006039120195765287
MAR02022	3.876376698494929e-05
MAR02024	3.876376698494929e-05
MAR02025	0.0006039120195765287
MAR01440	0.0014317464669492562
MAR01445	0.0005542401151182863
MAR01448	0.002459505359637678
MAR01454	0.002405111017316394
MAR01465	0.004508550243217322
MAR01467	0.004508550243217322
MAR01470	0.0022938452345830996
MAR01473	0.0025755902199175082
MAR01477	0.0007228215674111716
MAR01478	0.0007228215674111716
MAR01479	0.0007228215674111716
MAR01484	0.0009894844930193472
MAR01490	0.003843664169930824
MAR01493	0.003843664169930824
MAR01494	0.003843664169930824
MAR01495	0.003115218835475852
MAR01496	0.003115218835475852
MAR01500	0.0003731026661339327
MAR01502	0.003843664169930824
MAR01503	0.003843664169930824
MAR01504	0.003843664169930824
MAR01505	0.003115218835475852
MAR01509	0.0003731026661339327
MAR01512	0.0021894764308580898
MAR01516	0.001373085955496775
MAR01519	0.0029564039692317455
MAR01526	0.008127876867171204
MAR01533	0.008127876867171204
MAR01557	0.001373085955496775
MAR01558	0.001373085955496775
MAR01565	0.0029564039692317455
MAR01535	0.008127876867171204
MAR01536	0.0007228215674111716
MAR01538	0.0007228215674111716
MAR01539	0.0007228215674111716
MAR01540	0.0009894844930193472
MAR01543	0.003843664169930824
MAR01544	0.003843664169930824
MAR01545	0.003843664169930824
MAR01546	0.003115218835475852
MAR01547	0.0003731026661339327
MAR01548	0.003843664169930824
MAR01549	0.003843664169930824
MAR01550	0.003843664169930824
MAR01551	0.003115218835475852
MAR01552	0.0003731026661339327
MAR01553	0.0021894764308580898
MAR01437	0.0013845984427175476
MAR01451	0.0011732510380064241
MAR01457	0.0016239987284474673
MAR01460	0.0016239987284474673
MAR01531	0.0013631651708054322
MAR01570	0.008127876867171204
MAR01576	0.0004496364191098952
MAR01577	0.0012498089729497711
MAR03105	0.0014860065202056004
MAR04630	0.0014317464669492562
MAR02029	0.0008515824832648095
MAR02030	0.0008515824832648095
MAR02031	0.0008515824832648095
MAR02032	0.0008515824832648095
MAR02033	0.0008515824832648095
MAR02034	0.0008515824832648095
MAR02036	0.0016546261709551545
MAR02037	5.5803730185803065e-05
MAR02038	0.0006039120195765287
MAR02042	0.0008515824832648095
MAR02043	0.0008515824832648095
MAR02044	0.0048719870223445415
MAR02045	0.0048719870223445415
MAR02046	3.973969285138384e-05
MAR02047	3.973969285138384e-05
MAR02048	0.0048719870223445415
MAR02049	3.973969285138384e-05
MAR02050	3.973969285138384e-05
MAR02051	3.973969285138384e-05
MAR02052	0.0048719870223445415
MAR02053	0.0008515824832648095
MAR02054	0.0008515824832648095
MAR02055	3.973969285138384e-05
MAR02056	3.973969285138384e-05
MAR02057	3.973969285138384e-05
MAR02058	0.0048719870223445415
MAR02059	0.0048719870223445415
MAR02060	0.0048719870223445415
MAR02061	0.015431772749034267
MAR02062	0.015431772749034267
MAR02063	0.015431772749034267
MAR02064	0.00010544374154059859
MAR02068	0.03182470872139708
MAR02069	0.03182470872139708
MAR02070	0.03182470872139708
MAR02071	0.03182470872139708
MAR02072	0.03182470872139708
MAR02073	0.03182470872139708
MAR02074	0.03182470872139708
MAR02075	0.03182470872139708
MAR02076	0.015431772749034267
MAR02077	0.015431772749034267
MAR02078	0.015431772749034267
MAR02079	0.00010544374154059859
MAR02083	0.03182470872139708
MAR02084	0.03182470872139708
MAR02085	0.03182470872139708
MAR02086	0.03182470872139708
MAR02088	0.015431772749034267
MAR02089	0.015431772749034267
MAR02091	0.00010544374154059859
MAR02095	0.03182470872139708
MAR02096	0.03182470872139708
MAR02097	0.03182470872139708
MAR02098	0.03182470872139708
MAR02099	0.015431772749034267
MAR02100	0.015431772749034267
MAR02102	0.00010544374154059859
MAR02106	0.03182470872139708
MAR02107	0.03182470872139708
MAR02108	0.03182470872139708
MAR02109	0.03182470872139708
MAR02110	0.03182470872139708
MAR02111	0.03182470872139708
MAR02112	0.03182470872139708
MAR02113	0.03182470872139708
MAR03537	0.00010544374154059859
MAR03538	0.007948961701127563
MAR03539	0.007948961701127563
MAR03540	0.007948961701127563
MAR03541	0.007948961701127563
MAR03542	0.007948961701127563
MAR03543	0.007948961701127563
MAR03544	0.007948961701127563
MAR03545	0.007948961701127563
MAR03546	0.007948961701127563
MAR03547	0.007948961701127563
MAR03548	0.007948961701127563
MAR03549	0.007948961701127563
MAR03550	0.007948961701127563
MAR03551	0.007948961701127563
MAR03552	0.007948961701127563
MAR03553	0.007948961701127563
MAR03554	0.007948961701127563
MAR03555	0.007948961701127563
MAR03556	0.007948961701127563
MAR03557	0.007948961701127563
MAR03558	0.007948961701127563
MAR03559	0.007948961701127563
MAR03560	0.007948961701127563
MAR03561	0.007948961701127563
MAR03562	0.007948961701127563
MAR03563	0.007948961701127563
MAR03564	0.007948961701127563
MAR03565	0.007948961701127563
MAR03566	0.007948961701127563
MAR03567	0.007948961701127563
MAR03568	0.007948961701127563
MAR03569	0.007948961701127563
MAR03570	0.007948961701127563
MAR03571	0.007948961701127563
MAR03572	0.007948961701127563
MAR03573	0.007948961701127563
MAR03574	0.007948961701127563
MAR03575	0.007948961701127563
MAR03576	0.007948961701127563
MAR03577	0.007948961701127563
MAR03578	0.007948961701127563
MAR03579	0.007948961701127563
MAR03580	0.007948961701127563
MAR03581	0.007948961701127563
MAR03582	0.007948961701127563
MAR03583	0.007948961701127563
MAR03584	0.007948961701127563
MAR03585	0.007948961701127563
MAR03586	0.007948961701127563
MAR03587	0.007948961701127563
MAR03588	0.007948961701127563
MAR03589	0.007948961701127563
MAR03590	0.007948961701127563
MAR03591	0.007948961701127563
MAR03592	0.007948961701127563
MAR03593	0.007948961701127563
MAR03594	0.007948961701127563
MAR03595	0.007948961701127563
MAR03596	0.007948961701127563
MAR03622	0.00010544374154059859
MAR03625	0.0031483547116506992
MAR03626	0.0031483547116506992
MAR03627	0.0031483547116506992
MAR03628	0.0031483547116506992
MAR03629	0.0031483547116506992
MAR03630	0.0031483547116506992
MAR03631	0.0031483547116506992
MAR03632	0.0031483547116506992
MAR03633	0.0031483547116506992
MAR03634	0.0031483547116506992
MAR03635	0.0031483547116506992
MAR03636	0.0031483547116506992
MAR03637	0.0031483547116506992
MAR03638	0.0031483547116506992
MAR03639	0.0031483547116506992
MAR03640	0.0031483547116506992
MAR03641	0.0031483547116506992
MAR03642	0.0031483547116506992
MAR03643	0.0031483547116506992
MAR03644	0.0031483547116506992
MAR03645	0.0031483547116506992
MAR03646	0.0031483547116506992
MAR03647	0.0031483547116506992
MAR03648	0.0031483547116506992
MAR03649	0.0031483547116506992
MAR03650	0.0031483547116506992
MAR03651	0.0031483547116506992
MAR03652	0.0031483547116506992
MAR03653	0.0031483547116506992
MAR03654	0.0031483547116506992
MAR03655	0.0031483547116506992
MAR03656	0.0031483547116506992
MAR03657	0.0031483547116506992
MAR03658	0.0031483547116506992
MAR03659	0.0031483547116506992
MAR03660	0.0031483547116506992
MAR03661	0.0031483547116506992
MAR03662	0.0031483547116506992
MAR03663	0.0031483547116506992
MAR03664	0.0031483547116506992
MAR03665	0.0031483547116506992
MAR03666	0.0031483547116506992
MAR03667	0.0031483547116506992
MAR03668	0.0031483547116506992
MAR03669	0.0031483547116506992
MAR03670	0.0031483547116506992
MAR03671	0.0031483547116506992
MAR03672	0.0031483547116506992
MAR03673	0.0031483547116506992
MAR03674	0.0031483547116506992
MAR03675	0.0031483547116506992
MAR03676	0.0031483547116506992
MAR03677	0.0031483547116506992
MAR03678	0.0031483547116506992
MAR03679	0.0031483547116506992
MAR03680	0.0031483547116506992
MAR03681	0.0031483547116506992
MAR03682	0.0031483547116506992
MAR03683	0.0031483547116506992
MAR03684	0.007948961701127563
MAR03685	0.007948961701127563
MAR03686	0.007948961701127563
MAR03687	0.007948961701127563
MAR03688	0.007948961701127563
MAR03689	0.007948961701127563
MAR03690	0.007948961701127563
MAR03691	0.007948961701127563
MAR03692	0.007948961701127563
MAR03693	0.007948961701127563
MAR03694	0.007948961701127563
MAR03695	0.007948961701127563
MAR03696	0.007948961701127563
MAR03697	0.007948961701127563
MAR03698	0.007948961701127563
MAR03699	0.007948961701127563
MAR03700	0.007948961701127563
MAR03701	0.007948961701127563
MAR03702	0.007948961701127563
MAR03703	0.007948961701127563
MAR03704	0.007948961701127563
MAR03705	0.007948961701127563
MAR03706	0.007948961701127563
MAR03707	0.007948961701127563
MAR03708	0.007948961701127563
MAR03709	0.007948961701127563
MAR03710	0.007948961701127563
MAR03711	0.007948961701127563
MAR03712	0.007948961701127563
MAR03713	0.007948961701127563
MAR03714	0.007948961701127563
MAR03715	0.007948961701127563
MAR03716	0.007948961701127563
MAR03717	0.007948961701127563
MAR03718	0.007948961701127563
MAR03719	0.007948961701127563
MAR03720	0.007948961701127563
MAR03721	0.007948961701127563
MAR03722	0.007948961701127563
MAR03723	0.007948961701127563
MAR03724	0.007948961701127563
MAR03725	0.007948961701127563
MAR03726	0.007948961701127563
MAR03727	0.007948961701127563
MAR03728	0.007948961701127563
MAR03729	0.007948961701127563
MAR03730	0.007948961701127563
MAR03731	0.007948961701127563
MAR03732	0.007948961701127563
MAR03733	0.007948961701127563
MAR03734	0.007948961701127563
MAR03735	0.007948961701127563
MAR03736	0.007948961701127563
MAR03737	0.007948961701127563
MAR03738	0.007948961701127563
MAR03739	0.007948961701127563
MAR03740	0.007948961701127563
MAR03741	0.007948961701127563
MAR03742	0.007948961701127563
MAR00715	0.012309135611554488
MAR00716	0.0028189057759957993
MAR00733	0.0028189057759957993
MAR00735	0.0009644444866366036
MAR00736	0.0009644444866366036
MAR00738	0.003023358187361165
MAR00741	0.0023306498858919676
MAR00744	0.01142109843631729
MAR00746	0.0022473536514216567
MAR00748	0.001323548519734165
MAR00750	0.0046554558776113674
MAR00753	0.0028189057759957993
MAR00754	0.012309135611554488
MAR00758	0.0046554558776113674
MAR00760	0.0022778655264253165
MAR00761	0.0031324423751859123
MAR00762	0.010912388929948615
MAR00763	0.00010544374154059859
MAR00765	0.007444034805243823
MAR00766	0.00318433967317952
MAR00767	0.0037407740623433155
MAR00773	0.01142109843631729
MAR00775	0.0022473536514216567
MAR00779	0.001323548519734165
MAR00781	0.00010544374154059859
MAR00783	0.0018833318276528198
MAR00795	0.009949113657404546
MAR08147	4.691426232821037e-05
MAR08148	0.0009174188658038208
MAR08149	0.0006205752521538799
MAR08150	4.190435965466705e-05
MAR08151	4.691426232821037e-05
MAR08152	4.691426232821037e-05
MAR08155	0.001381071463307183
MAR08156	4.690951672766193e-05
MAR08159	4.690951672766193e-05
MAR08162	3.9202389241504624e-05
MAR08165	0.00011092755855548438
MAR08166	0.00023085142943732223
MAR08167	0.001381071463307183
MAR08168	0.001673469820658403
MAR08169	4.690951672766193e-05
MAR08170	4.690951672766193e-05
MAR08171	3.897196150384609e-05
MAR08172	4.690951672766193e-05
MAR08173	4.691426232821037e-05
MAR08174	4.690951672766193e-05
MAR08175	4.526711949412339e-05
MAR08176	4.690951672766193e-05
MAR08177	3.897196150384609e-05
MAR08178	4.526711949412339e-05
MAR08179	3.9202389241504624e-05
MAR08180	3.897196150384609e-05
MAR08181	3.897196150384609e-05
MAR08182	3.897196150384609e-05
MAR08183	3.897196150384609e-05
MAR08184	0.0001167553083179165
MAR08185	0.00023085142943732223
MAR08186	0.00023085142943732223
MAR08187	0.00023085142943732223
MAR08188	0.001381071463307183
MAR08189	0.001381071463307183
MAR08190	0.00011092755855548438
MAR08191	0.00011092755855548438
MAR08192	0.00011092755855548438
MAR08194	4.691426232821037e-05
MAR08197	0.00010544374154059859
MAR08198	0.00016225346053061666
MAR08201	0.001968074533186408
MAR00786	0.00318433967317952
MAR08206	4.297113155467653e-05
MAR08209	0.0019277890682680794
MAR08210	0.0005798458818610933
MAR08211	0.0028189057759957993
MAR08212	4.297113155467653e-05
MAR08217	0.004076759125013249
MAR08219	0.012309135611554488
MAR08220	0.012309135611554488
MAR08221	5.6402863973449634e-05
MAR08224	0.00032004956046457957
MAR08226	0.00032004956046457957
MAR08227	0.00032004956046457957
MAR08228	0.00032004956046457957
MAR08233	0.0029990170691174714
MAR08235	0.0029990170691174714
MAR08237	0.001323548519734165
MAR08238	0.001323548519734165
MAR08242	4.8520086182411417e-05
MAR08245	0.00010544374154059859
MAR08246	0.009949113657404546
MAR08248	0.0031324423751859123
MAR08249	4.691426232821037e-05
MAR08250	4.691426232821037e-05
MAR08251	4.691426232821037e-05
MAR00453	0.013519912697834655
MAR00456	0.004119748483482751
MAR00458	0.013519912697834655
MAR00459	0.004119748483482751
MAR00463	0.0009920718692335638
MAR00486	0.0018871634236517494
MAR00487	0.0018871634236517494
MAR00488	0.0018871634236517494
MAR00489	0.0018871634236517494
MAR00490	0.0018871634236517494
MAR00491	0.0018871634236517494
MAR00492	0.0018871634236517494
MAR00493	0.0018871634236517494
MAR00494	0.0018871634236517494
MAR00495	0.0018871634236517494
MAR00496	0.0018871634236517494
MAR00497	0.0018871634236517494
MAR00498	0.0018871634236517494
MAR00499	0.0018871634236517494
MAR00500	0.0018871634236517494
MAR00501	0.0018871634236517494
MAR00502	0.0018871634236517494
MAR00503	0.0018871634236517494
MAR00504	0.0018871634236517494
MAR00505	0.0018871634236517494
MAR00506	0.0018871634236517494
MAR00507	0.0018871634236517494
MAR00508	0.0018871634236517494
MAR00509	0.0018871634236517494
MAR00510	0.0018871634236517494
MAR00511	0.0018871634236517494
MAR00512	0.0018871634236517494
MAR00513	0.0018871634236517494
MAR00514	0.0018871634236517494
MAR00515	0.0018871634236517494
MAR00516	0.0018871634236517494
MAR00517	0.0018871634236517494
MAR00518	0.0018871634236517494
MAR00519	0.0018871634236517494
MAR00520	0.0018871634236517494
MAR00521	0.0018871634236517494
MAR00522	0.0018871634236517494
MAR00523	0.0018871634236517494
MAR00524	0.0018871634236517494
MAR00525	0.0018871634236517494
MAR00526	0.0018871634236517494
MAR00527	0.0018871634236517494
MAR00528	0.0018871634236517494
MAR00529	0.0018871634236517494
MAR00530	0.0018871634236517494
MAR00531	0.0018871634236517494
MAR00532	0.0018871634236517494
MAR00533	0.0018871634236517494
MAR00534	0.0018871634236517494
MAR00535	0.0018871634236517494
MAR00536	0.0018871634236517494
MAR00537	0.0018871634236517494
MAR00538	0.0018871634236517494
MAR00539	0.0018871634236517494
MAR00540	0.0018871634236517494
MAR00541	0.0018871634236517494
MAR00542	0.0018871634236517494
MAR00543	0.0018871634236517494
MAR00544	0.0018871634236517494
MAR00588	0.006161498617065551
MAR00596	0.0037407740623433155
MAR00673	0.0004858423783759841
MAR00674	0.0004858423783759841
MAR00675	0.0004858423783759841
MAR00676	0.0004858423783759841
MAR00677	0.0004858423783759841
MAR00678	0.0004858423783759841
MAR04296	3.876376698494929e-05
MAR04390	0.00014478443928746018
MAR05254	0.0009920718692335638
MAR07599	0.0012238945472659037
MAR00448	0.0008841909826149389
MAR00450	0.0008841909826149389
MAR00468	0.001147891239551085
MAR00479	0.0004777862989208256
MAR00481	0.0004777862989208256
MAR00484	0.0006827618482746146
MAR00579	0.0018871634236517494
MAR00580	0.006161498617065551
MAR00581	0.0012150924898521364
MAR00582	0.0010051743534595819
MAR00584	0.00010544374154059859
MAR00586	0.000944449543955326
MAR00589	0.006161498617065551
MAR00590	0.006161498617065551
MAR00591	0.006161498617065551
MAR00592	0.006161498617065551
MAR00593	0.006161498617065551
MAR00594	0.006161498617065551
MAR00597	0.0037407740623433155
MAR00598	0.0037407740623433155
MAR00599	0.0037407740623433155
MAR00600	0.0037407740623433155
MAR00601	0.0037407740623433155
MAR00602	0.0037407740623433155
MAR00610	0.006939727068558637
MAR00613	0.006939727068558637
MAR00614	0.0012238945472659037
MAR00615	0.0012238945472659037
MAR00616	0.0022458074888879022
MAR00622	0.0008708829930860979
MAR00623	0.004111859381448977
MAR00625	0.001147891239551085
MAR00627	0.0022458074888879022
MAR00629	0.0009505892305625542
MAR00630	0.0009920718692335638
MAR00632	0.001993074796787497
MAR00633	0.0060149213911620545
MAR00634	0.0003348835624745614
MAR00635	0.0006677473754112499
MAR00636	0.0006586659421688929
MAR00638	0.002454873161656454
MAR00640	3.9581202471082495e-05
MAR00641	6.208810931618973e-05
MAR00642	0.0009505892305625542
MAR00643	0.0009920718692335638
MAR00644	0.001993074796787497
MAR00645	0.0060149213911620545
MAR00646	0.0006677473754112499
MAR00647	0.00010544374154059859
MAR00648	0.0012847381017721043
MAR00649	8.961423773710927e-05
MAR00651	0.0013152308410153942
MAR00653	0.001325380919347441
MAR00654	0.001325380919347441
MAR00657	0.001325380919347441
MAR00659	0.00010544374154059859
MAR00660	0.0009505892305625542
MAR04627	0.0013631651708054322
MAR04838	0.0013631651708054322
MAR04839	0.0013631651708054322
MAR07591	0.002989632713151031
MAR07594	0.0014520845916763444
MAR07597	0.00010544374154059859
MAR07601	0.00010544374154059859
MAR07611	0.003400158534354427
MAR07612	3.876376698494929e-05
MAR07613	0.001993074796787497
MAR07755	0.0005227910310269853
MAR08362	3.9581202471082495e-05
MAR08421	6.208810931618973e-05
MAR08424	8.961423773710927e-05
MAR08518	0.003400158534354427
MAR08519	3.876376698494929e-05
MAR08521	0.001993074796787497
MAR08522	0.00010544374154059859
MAR08523	0.0009505892305625542
MAR08525	0.0009505892305625542
MAR09805	3.876376698494929e-05
MAR00815	0.00011092755855548438
MAR00816	0.00023085142943732223
MAR00817	0.001381071463307183
MAR00819	0.00318433967317952
MAR00820	0.0001167553083179165
MAR00821	0.01006059951166708
MAR00822	3.897196150384609e-05
MAR00823	0.001673469820658403
MAR00824	0.0001167553083179165
MAR00825	0.006565808925055463
MAR00827	0.00011092755855548438
MAR00828	0.01006059951166708
MAR00829	0.00023085142943732223
MAR00830	0.00318433967317952
MAR00837	0.001381071463307183
MAR00838	0.006565808925055463
MAR00839	3.897196150384609e-05
MAR00840	4.526711949412339e-05
MAR00841	3.9202389241504624e-05
MAR00842	0.00011092755855548438
MAR00843	0.00023085142943732223
MAR00844	0.001381071463307183
MAR00845	0.006565808925055463
MAR00846	3.897196150384609e-05
MAR00847	0.006565808925055463
MAR00848	4.526711949412339e-05
MAR00849	0.0001167553083179165
MAR00850	0.006565808925055463
MAR00851	3.9202389241504624e-05
MAR00852	3.9202389241504624e-05
MAR00853	3.9202389241504624e-05
MAR00854	3.9202389241504624e-05
MAR00855	3.9202389241504624e-05
MAR00856	0.00011092755855548438
MAR00857	0.00023085142943732223
MAR00858	4.690951672766193e-05
MAR00928	4.297113155467653e-05
MAR00801	0.0009174188658038208
MAR00803	0.004076759125013249
MAR00805	0.0006205752521538799
MAR00806	0.0006205752521538799
MAR00807	0.01006059951166708
MAR00809	4.190435965466705e-05
MAR00810	0.00016225346053061666
MAR00811	0.001968074533186408
MAR00812	0.001381071463307183
MAR00813	5.6402863973449634e-05
MAR00814	3.9202389241504624e-05
MAR00859	8.847257083594388e-05
MAR00860	0.00013481693539215154
MAR00861	0.0013684875059883964
MAR00862	3.946861481011212e-05
MAR00863	3.946861481011212e-05
MAR00864	5.6402863973449634e-05
MAR00865	0.00016225346053061666
MAR00866	5.6402863973449634e-05
MAR00867	3.876376698494929e-05
MAR00868	3.876376698494929e-05
MAR00870	3.946861481011212e-05
MAR00871	3.946861481011212e-05
MAR00873	3.946861481011212e-05
MAR00875	0.0051159295806803284
MAR00876	0.00015661969934036794
MAR00877	3.9202389241504624e-05
MAR00878	0.0001885978150175891
MAR00879	0.00016225346053061666
MAR00880	5.6402863973449634e-05
MAR00881	3.876376698494929e-05
MAR00882	0.0001885978150175891
MAR00883	5.6402863973449634e-05
MAR00884	3.876376698494929e-05
MAR00885	0.00010544374154059859
MAR00886	5.6402863973449634e-05
MAR00887	3.876376698494929e-05
MAR00888	0.0001885978150175891
MAR00889	0.0023053989483717095
MAR00890	0.0051159295806803284
MAR00891	0.0023053989483717095
MAR00892	4.691426232821037e-05
MAR00893	0.0001885978150175891
MAR00894	0.0001885978150175891
MAR00895	0.0001885978150175891
MAR00896	0.0001885978150175891
MAR00897	0.0001885978150175891
MAR00898	5.6402863973449634e-05
MAR00899	0.0001885978150175891
MAR00900	0.0001885978150175891
MAR00901	3.876376698494929e-05
MAR00902	3.876376698494929e-05
MAR00903	0.00010544374154059859
MAR00904	5.6402863973449634e-05
MAR00905	3.876376698494929e-05
MAR00906	8.2384181214986e-05
MAR00907	0.00010544374154059859
MAR00908	5.6402863973449634e-05
MAR00909	5.6402863973449634e-05
MAR00910	0.00015661969934036794
MAR00911	0.0001885978150175891
MAR00912	0.00010544374154059859
MAR00787	0.010912388929948615
MAR00790	0.0019277890682680794
MAR00792	4.297113155467653e-05
MAR00793	0.0005798458818610933
MAR00794	0.0006039120195765287
MAR00797	0.009949113657404546
MAR00804	0.01006059951166708
MAR00808	0.01006059951166708
MAR00826	0.006565808925055463
MAR00832	0.00318433967317952
MAR00834	0.006565808925055463
MAR00835	0.004192264845348589
MAR00836	0.01006059951166708
MAR00914	0.0005798458818610933
MAR00915	4.297113155467653e-05
MAR00919	3.876376698494929e-05
MAR00920	3.876376698494929e-05
MAR00921	3.876376698494929e-05
MAR00924	0.007444034805243823
MAR00925	0.007444034805243823
MAR00926	0.007444034805243823
MAR07188	4.773978679625582e-05
MAR08378	0.0012403426296756636
MAR08379	0.007927698943803463
MAR07185	0.007927698943803463
MAR08380	0.00017168221587856455
MAR07186	0.00017168221587856455
MAR08381	0.0011568124856464622
MAR07187	0.0011568124856464622
MAR08383	0.0010041406243404096
MAR08384	0.0009514710650777448
MAR08385	0.0005980879338118078
MAR08387	0.0009514710650777448
MAR08388	0.0005980879338118078
MAR08389	0.00033991543828932133
MAR08390	0.00033991543828932133
MAR08391	0.0002917065346858698
MAR08392	0.0002917065346858698
MAR08393	0.0011675593588502996
MAR08394	0.0002917065346858698
MAR08395	0.0011675593588502996
MAR08396	0.0011675593588502996
MAR08397	0.0002917065346858698
MAR08398	0.0011675593588502996
MAR08399	0.0002917065346858698
MAR08401	0.0011675593588502996
MAR08402	0.005035443090507438
MAR08403	0.0002500773511774706
MAR08404	0.005035443090507438
MAR08405	0.0002500773511774706
MAR08406	0.005035443090507438
MAR08407	0.005035443090507438
MAR01979	3.876376698494929e-05
MAR01980	3.876376698494929e-05
MAR01981	3.876376698494929e-05
MAR01985	7.282380162953797e-05
MAR01987	7.282380162953797e-05
MAR01988	3.876376698494929e-05
MAR01995	3.876376698494929e-05
MAR01996	9.896176447267207e-05
MAR01999	7.282380162953797e-05
MAR02000	7.282380162953797e-05
MAR02001	7.282380162953797e-05
MAR01305	0.0038947135728669867
MAR01307	0.0038947135728669867
MAR01308	0.0005359013114185567
MAR01310	0.00010544374154059859
MAR01312	0.01027078320525746
MAR01313	5.260828381154521e-05
MAR01315	0.00010544374154059859
MAR01317	0.00010544374154059859
MAR01318	0.00010544374154059859
MAR01319	0.00010544374154059859
MAR01320	0.00010544374154059859
MAR01321	0.004010211245971313
MAR01322	0.00010544374154059859
MAR01323	0.00010544374154059859
MAR01324	0.00010544374154059859
MAR01325	0.0007749054287324975
MAR01326	0.0007749054287324975
MAR01327	0.005178574657566765
MAR01328	0.00010544374154059859
MAR01329	0.0007749054287324975
MAR01330	4.463271078006766e-05
MAR01332	0.00010544374154059859
MAR01333	0.00010544374154059859
MAR01334	0.00010544374154059859
MAR01335	0.00010544374154059859
MAR01336	0.00010544374154059859
MAR01337	0.00010544374154059859
MAR01338	0.00010544374154059859
MAR01339	5.260828381154521e-05
MAR01341	0.00010544374154059859
MAR01342	0.00010544374154059859
MAR01343	0.00010544374154059859
MAR01344	3.876376698494929e-05
MAR01345	0.00010544374154059859
MAR01346	8.81540352617159e-05
MAR01347	8.81540352617159e-05
MAR01350	0.0038947135728669867
MAR01352	0.0037407740623433155
MAR01355	0.00010544374154059859
MAR01356	0.00010544374154059859
MAR01357	0.00010544374154059859
MAR01358	0.00010544374154059859
MAR01359	0.00010544374154059859
MAR01360	0.00010544374154059859
MAR01361	0.00010544374154059859
MAR01362	0.00010544374154059859
MAR01363	0.00010544374154059859
MAR01364	0.00010544374154059859
MAR01365	0.00010544374154059859
MAR01366	0.00010544374154059859
MAR01367	0.03182470872139708
MAR01370	0.03182470872139708
MAR01373	0.00010544374154059859
MAR01374	0.00010544374154059859
MAR01375	0.00010544374154059859
MAR01376	0.00010544374154059859
MAR01379	0.03182470872139708
MAR01382	0.0007749054287324975
MAR01383	0.00010544374154059859
MAR01384	0.03182470872139708
MAR01387	0.0007749054287324975
MAR01388	3.876376698494929e-05
MAR01389	0.00010544374154059859
MAR01390	0.0038947135728669867
MAR01391	0.0038947135728669867
MAR01393	0.0038947135728669867
MAR01394	0.01027078320525746
MAR01395	0.004010211245971313
MAR01398	0.03182470872139708
MAR01401	0.00010544374154059859
MAR01402	0.00010544374154059859
MAR00703	0.0019602078600405443
MAR00705	0.0026112964605976806
MAR00706	0.0026112964605976806
MAR00708	0.0026112964605976806
MAR07598	0.0037407740623433155
MAR07600	0.001147891239551085
MAR07602	0.001993074796787497
MAR07603	0.0009920718692335638
MAR07604	0.0012238945472659037
MAR07605	0.0009505892305625542
MAR07606	3.876376698494929e-05
MAR07607	0.0017066694201087486
MAR07610	0.001147891239551085
MAR07614	0.001993074796787497
MAR07615	0.0009920718692335638
MAR07200	0.0015726478559221358
MAR07202	0.0011055797076746333
MAR07203	0.0019505489959928974
MAR07205	0.0037061442372059434
MAR07206	0.003474276883777926
MAR07207	0.0013475362945272072
MAR07208	0.00664044823403791
MAR07209	0.00664044823403791
MAR07210	0.00664044823403791
MAR07211	0.00664044823403791
MAR07212	0.00664044823403791
MAR07213	0.00664044823403791
MAR07214	0.00664044823403791
MAR07215	0.00664044823403791
MAR07216	0.005534743490773671
MAR07217	0.0006448361195708542
MAR07218	0.0007377096715076976
MAR07219	0.0010221610114050548
MAR07220	4.191360442363416e-05
MAR07221	5.3503029893779e-05
MAR07222	0.0016641626565016671
MAR07490	0.00010544374154059859
MAR07491	0.0013374751710658016
MAR07492	0.0014714676499984678
MAR07493	0.011801226484666368
MAR07494	0.011801226484666368
MAR07495	0.011801226484666368
MAR07496	0.011801226484666368
MAR07497	0.00010544374154059859
MAR07498	0.0013374751710658016
MAR07509	0.0013374751710658016
MAR07510	0.0008207887515127348
MAR07519	0.0024370639652977113
MAR07520	0.011801226484666368
MAR07521	0.011801226484666368
MAR07522	0.0024370639652977113
MAR07534	0.0005959868054599254
MAR07535	0.011801226484666368
MAR07536	0.011801226484666368
MAR07537	0.0024370639652977113
MAR07538	0.0005959868054599254
MAR07551	0.0013374751710658016
MAR07552	0.0024370639652977113
MAR07553	0.0014714676499984678
MAR07554	0.00010544374154059859
MAR07501	0.00010544374154059859
MAR07502	0.0008972790175679736
MAR07503	0.01006059951166708
MAR07504	0.01006059951166708
MAR07505	0.0022011355463162166
MAR07506	0.0008972790175679736
MAR07507	0.01006059951166708
MAR07508	0.00010544374154059859
MAR07513	0.00010544374154059859
MAR07514	0.0008972790175679736
MAR07515	0.01006059951166708
MAR07516	0.01006059951166708
MAR07517	0.0010668405618559267
MAR07518	0.0006156585864656431
MAR07525	0.00010544374154059859
MAR07526	0.011564829871623657
MAR07527	0.01006059951166708
MAR07528	0.01006059951166708
MAR07529	0.0022011355463162166
MAR07530	0.011564829871623657
MAR07531	0.01006059951166708
MAR07532	0.01006059951166708
MAR07533	0.00010544374154059859
MAR07541	0.00010544374154059859
MAR07542	0.011564829871623657
MAR07543	0.01006059951166708
MAR07544	0.01006059951166708
MAR07545	0.00010544374154059859
MAR07546	0.0022011355463162166
MAR07547	0.011564829871623657
MAR07548	0.01006059951166708
MAR07549	0.01006059951166708
MAR07550	0.00010544374154059859
MAR07557	0.00010544374154059859
MAR07558	0.0008972790175679736
MAR07559	0.01006059951166708
MAR07560	0.011564829871623657
MAR07561	0.01006059951166708
MAR07562	0.0022011355463162166
MAR07563	0.01006059951166708
MAR07564	0.0008972790175679736
MAR07565	0.011564829871623657
MAR07566	0.01006059951166708
MAR07567	0.00010544374154059859
MAR07225	8.973845969313806e-05
MAR07226	0.00978647415992412
MAR07227	0.001434202966419794
MAR07228	0.0018792881218172425
MAR07229	0.0025874821424562394
MAR07230	0.0006156585864656431
MAR07231	0.00978647415992412
MAR07232	0.001434202966419794
MAR07233	0.0018792881218172425
MAR07234	0.0025874821424562394
MAR07235	0.0022011355463162166
MAR07236	0.00010544374154059859
MAR07237	0.00978647415992412
MAR07238	0.001434202966419794
MAR07239	0.0018792881218172425
MAR07240	0.0025874821424562394
MAR07241	0.0010668405618559267
MAR07242	0.0006156585864656431
MAR07243	0.00010544374154059859
MAR07244	0.001434202966419794
MAR07245	0.0018792881218172425
MAR07246	0.0025874821424562394
MAR07247	0.0010668405618559267
MAR07248	0.0006156585864656431
MAR07249	0.00010544374154059859
MAR07250	0.0025874821424562394
MAR07251	0.00010544374154059859
MAR07571	0.0022011355463162166
MAR07572	0.01006059951166708
MAR07573	0.0022011355463162166
MAR07335	0.0013684875059883964
MAR07336	0.0023053989483717095
MAR07337	0.0051159295806803284
MAR07338	0.0023053989483717095
MAR07339	0.0011283821134249988
MAR07340	0.0051159295806803284
MAR07341	0.0023053989483717095
MAR07342	0.0011283821134249988
MAR07343	0.0051159295806803284
MAR07344	0.0023053989483717095
MAR07345	0.0011283821134249988
MAR07346	0.0051159295806803284
MAR07347	0.0023053989483717095
MAR07348	0.0011283821134249988
MAR07349	0.0051159295806803284
MAR07350	0.0023053989483717095
MAR07351	0.0011283821134249988
MAR07352	0.0051159295806803284
MAR07353	0.0023053989483717095
MAR07354	0.0011283821134249988
MAR07355	0.0051159295806803284
MAR07356	0.0023053989483717095
MAR07357	0.0011283821134249988
MAR07358	0.0051159295806803284
MAR07359	0.0023053989483717095
MAR07360	0.0011283821134249988
MAR07361	0.0051159295806803284
MAR07362	0.0023053989483717095
MAR07363	0.0011283821134249988
MAR07364	0.0051159295806803284
MAR07365	0.0023053989483717095
MAR07366	0.0011283821134249988
MAR07367	0.0051159295806803284
MAR07368	0.0023053989483717095
MAR07369	0.0011283821134249988
MAR07370	0.0051159295806803284
MAR07371	0.0024370639652977113
MAR07442	0.001381071463307183
MAR07443	0.0051159295806803284
MAR07444	0.0023053989483717095
MAR07445	0.0051159295806803284
MAR07446	0.0023053989483717095
MAR07447	0.0011283821134249988
MAR07448	0.0051159295806803284
MAR07449	0.0023053989483717095
MAR07450	0.0011283821134249988
MAR07451	0.0051159295806803284
MAR07452	0.0024370639652977113
MAR07471	0.0051159295806803284
MAR07472	0.001381071463307183
MAR07473	0.0023053989483717095
MAR07474	0.0051159295806803284
MAR07475	0.0023053989483717095
MAR07476	0.0011283821134249988
MAR07477	0.0051159295806803284
MAR07478	0.0023053989483717095
MAR07479	0.0011283821134249988
MAR07480	0.0051159295806803284
MAR07481	0.0024370639652977113
MAR07373	0.007692233956225863
MAR07375	0.007692233956225863
MAR07376	0.0016894898963338387
MAR07377	0.0006535188279693799
MAR07378	0.011564829871623657
MAR07379	0.011564829871623657
MAR07380	0.011564829871623657
MAR07381	0.00978647415992412
MAR07382	0.01006059951166708
MAR07383	0.01006059951166708
MAR07384	0.011564829871623657
MAR07385	0.00978647415992412
MAR07386	0.01006059951166708
MAR07387	0.01006059951166708
MAR07388	0.011564829871623657
MAR07389	0.00978647415992412
MAR07390	0.01006059951166708
MAR07391	0.01006059951166708
MAR07392	0.011564829871623657
MAR07393	0.00978647415992412
MAR07394	0.01006059951166708
MAR07395	0.01006059951166708
MAR07396	0.011564829871623657
MAR07397	0.00978647415992412
MAR07398	0.01006059951166708
MAR07399	0.01006059951166708
MAR07400	0.011564829871623657
MAR07401	0.00978647415992412
MAR07402	0.01006059951166708
MAR07403	0.01006059951166708
MAR07404	0.011564829871623657
MAR07405	0.00978647415992412
MAR07406	0.01006059951166708
MAR07407	0.01006059951166708
MAR07408	0.011564829871623657
MAR07409	0.00978647415992412
MAR07410	0.01006059951166708
MAR07411	0.01006059951166708
MAR07412	0.011564829871623657
MAR07413	0.00978647415992412
MAR07414	0.01006059951166708
MAR07415	0.01006059951166708
MAR07416	0.011564829871623657
MAR07417	0.00978647415992412
MAR07418	0.01006059951166708
MAR07419	0.01006059951166708
MAR07420	0.011564829871623657
MAR07421	0.00978647415992412
MAR07422	0.01006059951166708
MAR07423	0.01006059951166708
MAR07424	0.011564829871623657
MAR07425	0.01006059951166708
MAR07426	0.011564829871623657
MAR07427	0.01006059951166708
MAR07455	0.011564829871623657
MAR07456	0.011564829871623657
MAR07457	0.011564829871623657
MAR07458	0.00978647415992412
MAR07459	0.01006059951166708
MAR07460	0.01006059951166708
MAR07461	0.011564829871623657
MAR07462	0.01006059951166708
MAR07463	0.00978647415992412
MAR07464	0.01006059951166708
MAR07465	0.011564829871623657
MAR07466	0.01006059951166708
MAR07467	0.011564829871623657
MAR07468	0.00010544374154059859
MAR07469	0.001968074533186408
MAR07484	0.011564829871623657
MAR07485	0.011564829871623657
MAR07486	0.011564829871623657
MAR07487	0.00978647415992412
MAR07488	0.01006059951166708
MAR07489	0.01006059951166708
MAR08643	0.00249932467577964
MAR08645	0.00249932467577964
MAR08648	4.2481309917303675e-05
MAR01581	3.876376698494929e-05
MAR01584	0.00044249708387781005
MAR01585	0.00044249708387781005
MAR01589	3.876376698494929e-05
MAR01590	3.876376698494929e-05
MAR01592	0.00010544374154059859
MAR01593	0.00010544374154059859
MAR01595	4.390786865350716e-05
MAR01598	3.876376698494929e-05
MAR01599	0.002143833656182275
MAR01604	0.0013631651708054322
MAR01605	0.0013631651708054322
MAR01608	0.0013631651708054322
MAR01609	0.0013631651708054322
MAR01610	0.0013631651708054322
MAR01611	0.0013631651708054322
MAR01613	0.0013631651708054322
MAR01614	0.0013631651708054322
MAR01617	0.00010544374154059859
MAR01619	7.94601522353356e-05
MAR01620	7.94601522353356e-05
MAR01622	0.0012811883537131687
MAR01623	0.00010544374154059859
MAR01624	7.94601522353356e-05
MAR01625	7.94601522353356e-05
MAR01627	7.94601522353356e-05
MAR01629	3.876376698494929e-05
MAR01631	3.876376698494929e-05
MAR01632	0.00016579068917545571
MAR01638	0.0014772445581649127
MAR01642	0.0008680418676426633
MAR01646	0.0008680418676426633
MAR01652	0.002904407598902928
MAR01659	0.01074121674135979
MAR01660	0.0006397394006909621
MAR01663	0.0006397394006909621
MAR01665	7.94601522353356e-05
MAR01667	4.156342614929306e-05
MAR01668	4.156342614929306e-05
MAR01670	4.156342614929306e-05
MAR01673	4.390786865350716e-05
MAR01676	0.002143833656182275
MAR01678	3.876376698494929e-05
MAR01679	0.00010544374154059859
MAR01681	0.0013631651708054322
MAR01682	0.0013631651708054322
MAR01684	0.009376156075405383
MAR01685	0.0013631651708054322
MAR01687	0.0013631651708054322
MAR01689	0.0013631651708054322
MAR01691	0.0013631651708054322
MAR01692	0.004119748483482751
MAR01693	0.0013631651708054322
MAR01694	0.005840561736883127
MAR01695	0.00010544374154059859
MAR01696	0.0012811883537131687
MAR01697	7.94601522353356e-05
MAR01699	7.94601522353356e-05
MAR01700	7.94601522353356e-05
MAR01701	0.00010544374154059859
MAR01702	0.00010544374154059859
MAR01703	0.00016579068917545571
MAR01704	0.00026975873774101334
MAR01706	0.0008097752205675796
MAR01708	0.0008680418676426633
MAR01710	0.002904407598902928
MAR01716	0.0022198057658440445
MAR01717	0.00010544374154059859
MAR01718	0.0022198057658440445
MAR01720	4.156342614929306e-05
MAR01722	4.156342614929306e-05
MAR01723	4.156342614929306e-05
MAR01725	0.00010544374154059859
MAR01726	7.94601522353356e-05
MAR01727	7.94601522353356e-05
MAR01729	3.876376698494929e-05
MAR01730	0.0006039120195765287
MAR01735	4.2118965125785896e-05
MAR01737	3.974910391112282e-05
MAR01738	0.00044249708387781005
MAR01739	3.876376698494929e-05
MAR01740	4.390786865350716e-05
MAR01741	4.390786865350716e-05
MAR01742	3.876376698494929e-05
MAR01743	3.876376698494929e-05
MAR01744	0.00010544374154059859
MAR01745	0.00010544374154059859
MAR01746	0.0013631651708054322
MAR01747	0.0013631651708054322
MAR01748	0.0013631651708054322
MAR01749	0.0013631651708054322
MAR01750	0.0013631651708054322
MAR01751	0.0013631651708054322
MAR01752	0.00010544374154059859
MAR01753	0.00010544374154059859
MAR01754	7.94601522353356e-05
MAR01756	7.94601522353356e-05
MAR01758	0.00010544374154059859
MAR01759	0.00010544374154059859
MAR01760	0.00016579068917545571
MAR01761	0.00016579068917545571
MAR01762	0.0013631651708054322
MAR01764	0.00010544374154059859
MAR01765	4.288578080484809e-05
MAR01766	0.00044249708387781005
MAR01767	3.876376698494929e-05
MAR01768	4.390786865350716e-05
MAR01769	4.390786865350716e-05
MAR01770	3.876376698494929e-05
MAR01771	3.876376698494929e-05
MAR01772	0.00010544374154059859
MAR01774	0.00010544374154059859
MAR01776	3.876376698494929e-05
MAR01777	4.288578080484809e-05
MAR01778	0.00044249708387781005
MAR01781	3.876376698494929e-05
MAR01783	3.876376698494929e-05
MAR01784	3.876376698494929e-05
MAR01785	3.876376698494929e-05
MAR01786	3.876376698494929e-05
MAR01787	0.00010544374154059859
MAR01790	0.0013631651708054322
MAR01792	0.0013631651708054322
MAR01794	0.0013631651708054322
MAR01796	0.0013631651708054322
MAR01797	0.0013631651708054322
MAR01798	0.0013631651708054322
MAR01800	0.0013631651708054322
MAR01802	0.0013631651708054322
MAR01803	0.0013631651708054322
MAR01804	0.0013631651708054322
MAR01805	0.0013631651708054322
MAR01806	0.0013631651708054322
MAR01807	0.0013631651708054322
MAR01810	3.973969285138384e-05
MAR01811	0.0013631651708054322
MAR01813	0.009376156075405383
MAR01815	3.973969285138384e-05
MAR01817	3.973969285138384e-05
MAR01819	3.973969285138384e-05
MAR01830	3.876376698494929e-05
MAR01831	3.876376698494929e-05
MAR01832	7.94601522353356e-05
MAR01833	7.94601522353356e-05
MAR01834	0.00010544374154059859
MAR01835	4.156342614929306e-05
MAR01836	0.00010544374154059859
MAR01837	4.156342614929306e-05
MAR01838	3.973969285138384e-05
MAR01839	3.876376698494929e-05
MAR01840	3.876376698494929e-05
MAR01841	4.156342614929306e-05
MAR01842	4.156342614929306e-05
MAR01843	3.876376698494929e-05
MAR01844	4.156342614929306e-05
MAR01845	4.156342614929306e-05
MAR01846	3.876376698494929e-05
MAR03799	0.002455347750224107
MAR03908	6.750695791164047e-05
MAR03910	0.0004244113798244242
MAR03911	0.00010544374154059859
MAR04679	0.002056568947430513
MAR08063	0.00010544374154059859
MAR08064	0.00010544374154059859
MAR08065	0.0004244113798244242
MAR08759	0.00010544374154059859
MAR01847	0.0006039120195765287
MAR01848	7.94601522353356e-05
MAR01850	0.00010544374154059859
MAR01852	4.5072665450342784e-05
MAR01853	0.002975472361982393
MAR01854	0.00010544374154059859
MAR01855	4.5072665450342784e-05
MAR01857	0.00010544374154059859
MAR01859	0.00010544374154059859
MAR01861	0.00010544374154059859
MAR01862	4.5072665450342784e-05
MAR01863	4.5072665450342784e-05
MAR01864	4.5072665450342784e-05
MAR01865	4.5072665450342784e-05
MAR01866	4.5072665450342784e-05
MAR01867	4.5072665450342784e-05
MAR01868	0.0009027769101346128
MAR01870	0.0009027769101346128
MAR01872	0.002975472361982393
MAR01874	0.0009027769101346128
MAR01875	3.90298592561775e-05
MAR01876	3.90298592561775e-05
MAR01877	3.90298592561775e-05
MAR01878	0.00011236338940240161
MAR01879	3.90298592561775e-05
MAR01880	3.90298592561775e-05
MAR01881	3.90298592561775e-05
MAR01882	3.90298592561775e-05
MAR01883	3.90298592561775e-05
MAR01884	3.90298592561775e-05
MAR01885	3.90298592561775e-05
MAR01886	3.90298592561775e-05
MAR01887	3.90298592561775e-05
MAR01888	3.90298592561775e-05
MAR01889	3.90298592561775e-05
MAR01890	3.90298592561775e-05
MAR01891	3.90298592561775e-05
MAR01892	3.90298592561775e-05
MAR01893	3.90298592561775e-05
MAR01894	3.90298592561775e-05
MAR01895	0.002975472361982393
MAR01896	0.002975472361982393
MAR01897	0.002975472361982393
MAR01403	0.00010544374154059859
MAR01404	0.00010544374154059859
MAR01405	0.00010544374154059859
MAR01406	0.00010544374154059859
MAR01407	0.00010544374154059859
MAR01408	0.00010544374154059859
MAR01409	0.00010544374154059859
MAR01410	0.00010544374154059859
MAR01411	0.00010544374154059859
MAR01412	0.00010544374154059859
MAR01413	0.00010544374154059859
MAR01414	0.00010544374154059859
MAR01415	0.00010544374154059859
MAR01416	0.00010544374154059859
MAR01417	0.00010544374154059859
MAR01418	0.00010544374154059859
MAR01419	0.00010544374154059859
MAR01420	0.00010544374154059859
MAR01421	0.00010544374154059859
MAR01422	0.00010544374154059859
MAR01423	0.00010544374154059859
MAR01424	0.00010544374154059859
MAR01425	0.00010544374154059859
MAR01426	0.00010544374154059859
MAR01427	0.00010544374154059859
MAR01428	0.00010544374154059859
MAR01429	0.00010544374154059859
MAR01430	0.00010544374154059859
MAR01431	0.00010544374154059859
MAR01432	0.00010544374154059859
MAR01433	0.00010544374154059859
MAR08262	5.6402863973449634e-05
MAR08263	3.876376698494929e-05
MAR08264	3.946861481011212e-05
MAR08267	3.876376698494929e-05
MAR08268	3.946861481011212e-05
MAR08271	3.946861481011212e-05
MAR08275	8.847257083594388e-05
MAR08276	4.190435965466705e-05
MAR08277	4.691426232821037e-05
MAR08278	0.001491155861713691
MAR08279	4.691426232821037e-05
MAR08280	5.6402863973449634e-05
MAR08281	3.876376698494929e-05
MAR08284	3.876376698494929e-05
MAR08285	4.691426232821037e-05
MAR08286	5.6402863973449634e-05
MAR08287	3.876376698494929e-05
MAR08288	3.876376698494929e-05
MAR08291	5.6402863973449634e-05
MAR08292	3.876376698494929e-05
MAR08293	4.691426232821037e-05
MAR08294	5.6402863973449634e-05
MAR08295	3.876376698494929e-05
MAR08298	3.876376698494929e-05
MAR08302	3.876376698494929e-05
MAR08305	0.001491155861713691
MAR08306	4.691426232821037e-05
MAR08307	3.876376698494929e-05
MAR08308	3.876376698494929e-05
MAR08309	3.876376698494929e-05
MAR08316	8.2384181214986e-05
MAR08317	4.691426232821037e-05
MAR08318	0.0013684875059883964
MAR08319	3.876376698494929e-05
MAR08322	3.876376698494929e-05
MAR08325	0.00015661969934036794
MAR08326	3.876376698494929e-05
MAR08327	3.897196150384609e-05
MAR08330	3.876376698494929e-05
MAR08331	3.876376698494929e-05
MAR08332	3.876376698494929e-05
MAR08333	3.876376698494929e-05
MAR08334	3.876376698494929e-05
MAR08337	0.00015661969934036794
MAR00712	0.004154908345435287
MAR03992	0.011238221809124755
MAR04228	0.00013356402021919047
MAR04251	0.001847928414382485
MAR04252	0.020533764367148426
MAR04253	0.00043404376962763815
MAR04254	0.0013786621740719041
MAR04255	0.0006994894712762646
MAR04257	0.0006929531141730504
MAR04259	0.00010544374154059859
MAR04260	0.0006619703916858631
MAR04261	0.0006619703916858631
MAR04262	0.0023502325509296763
MAR04263	0.0006994894712762646
MAR04264	0.020533764367148426
MAR04265	0.00043404376962763815
MAR04267	0.0006929531141730504
MAR04268	0.0007996909273944038
MAR04269	0.001971388314181833
MAR04270	0.00178886036961409
MAR04271	0.0012843798483649295
MAR04276	0.0006929531141730504
MAR04278	0.0006619703916858631
MAR04662	0.002106580487704937
MAR07142	0.0013234850869838183
MAR07143	0.0013234850869838183
MAR07623	0.0016243909103145905
MAR07625	0.0016243909103145905
MAR07627	0.0013234850869838183
MAR07676	0.007008271086547597
MAR07677	0.0017681720817346318
MAR07678	0.0017681720817346318
MAR08788	0.0013234850869838183
MAR08790	0.0006929531141730504
MAR08791	0.002106580487704937
MAR03871	0.002479884499937821
MAR04058	0.002479884499937821
MAR04498	0.00010544374154059859
MAR04499	0.00010544374154059859
MAR04500	0.001336566508340028
MAR04714	0.0014438202661755716
MAR04715	0.0014438202661755716
MAR04716	0.00010544374154059859
MAR04717	3.876376698494929e-05
MAR04718	0.0014438202661755716
MAR04723	0.0016810184456463155
MAR04725	0.00044957920423932497
MAR04727	0.002479884499937821
MAR04730	0.0014438202661755716
MAR04731	0.0014438202661755716
MAR04732	0.0003714732265970883
MAR04733	0.00044957920423932497
MAR04734	0.002479884499937821
MAR07731	0.0024526970386613335
MAR08792	0.0007532505162720316
MAR00663	0.003258786884752715
MAR04308	0.0011091200974734411
MAR06539	3.876376698494929e-05
MAR06540	0.0032224709551996362
MAR06542	0.0004972062062291294
MAR06543	0.0009976411523226277
MAR06544	0.0009664294927575884
MAR06545	0.007829092327641993
MAR06546	0.004249214217375849
MAR06547	0.007829092327641993
MAR06548	0.002024498268535831
MAR06549	0.0011360511627683551
MAR06550	0.0014709421265062961
MAR06551	0.004085184167540997
MAR06552	0.002390641300139963
MAR06553	0.0020546682454356253
MAR06554	0.004236387315043768
MAR06555	0.0008284859606148263
MAR06556	0.0014709421265062961
MAR06557	0.007829092327641993
MAR06558	0.0014709421265062961
MAR06559	0.003258786884752715
MAR06560	0.0018702448722150776
MAR06561	0.0017107178643657568
MAR06562	0.0032224709551996362
MAR06563	0.0013186304893516361
MAR06564	0.0018006607711294228
MAR06565	0.0018702448722150776
MAR06566	0.0009433512324086395
MAR06567	0.0009433512324086395
MAR06568	0.00039706375736797857
MAR06569	0.0017107178643657568
MAR06570	0.0011360511627683551
MAR06571	0.0032224709551996362
MAR06572	0.0011091200974734411
MAR06573	0.00039706375736797857
MAR06574	0.00039706375736797857
MAR06575	0.0009433512324086395
MAR06576	0.0003359043526849439
MAR06579	0.004085184167540997
MAR06580	0.004085184167540997
MAR06581	0.004085184167540997
MAR06583	0.0014709421265062961
MAR06584	0.0014709421265062961
MAR06585	0.0014709421265062961
MAR06587	0.0004972062062291294
MAR06588	0.0004972062062291294
MAR06589	0.0004972062062291294
MAR06591	0.007829092327641993
MAR06592	0.004085184167540997
MAR06595	0.004085184167540997
MAR07652	0.0025090144945540665
MAR07654	0.0025090144945540665
MAR07655	0.0013553427405770403
MAR07656	0.0009450843833655357
MAR08799	0.00039706375736797857
MAR08800	0.00039706375736797857
MAR08801	0.00010544374154059859
MAR08802	0.0007388312658499893
MAR08803	0.00039706375736797857
MAR08804	0.00039706375736797857
MAR08805	0.00039706375736797857
MAR08806	0.00010544374154059859
MAR08807	0.0014709421265062961
MAR08808	0.007829092327641993
MAR08809	0.0007388312658499893
MAR08810	0.0011360511627683551
MAR08811	0.004085184167540997
MAR08812	0.0007388312658499893
MAR08813	0.004085184167540997
MAR08814	0.004085184167540997
MAR08815	0.004085184167540997
MAR08816	0.0008284859606148263
MAR08817	0.002390641300139963
MAR08818	0.003258786884752715
MAR08819	0.002024498268535831
MAR08820	0.00010544374154059859
MAR08821	0.004085184167540997
MAR08822	0.003258786884752715
MAR08823	8.116888528135779e-05
MAR08824	0.0004972062062291294
MAR08825	0.002024498268535831
MAR08826	0.004236387315043768
MAR08827	0.002024498268535831
MAR08829	0.0004972062062291294
MAR08830	0.004249214217375849
MAR08831	0.004085184167540997
MAR08833	8.116888528135779e-05
MAR08835	0.0025090144945540665
MAR08836	0.0025090144945540665
MAR03925	0.0029020395714691723
MAR03929	6.167097863988328e-05
MAR03972	0.00010544374154059859
MAR04332	0.0009050859081121235
MAR04333	0.0009050859081121235
MAR04335	0.0009050859081121235
MAR04336	0.0007241303330149891
MAR04338	0.0015434634035729772
MAR04340	0.0022504630271485897
MAR04440	0.002077753368868472
MAR04442	0.0015434634035729772
MAR04444	0.0022504630271485897
MAR04446	0.0004396040885443189
MAR04448	0.0004396040885443189
MAR04503	0.0015434634035729772
MAR04505	0.0022504630271485897
MAR04654	0.0009050859081121235
MAR04655	0.0009050859081121235
MAR04656	0.0009050859081121235
MAR04665	0.003590114704503345
MAR09726	6.167097863988328e-05
MAR04666	0.0001450456382516093
MAR07145	0.0008572579894977671
MAR07146	0.0015291921994422656
MAR07147	6.07192933448377e-05
MAR07908	0.0029565665380637944
MAR07909	0.0029565665380637944
MAR07910	0.0029565665380637944
MAR07911	0.0029565665380637944
MAR07912	0.0029565665380637944
MAR07913	0.0029565665380637944
MAR07916	0.0029712725531032295
MAR07919	0.0029712725531032295
MAR07920	0.0029712725531032295
MAR07921	0.0029712725531032295
MAR07922	0.0029712725531032295
MAR07925	0.0029712725531032295
MAR08105	0.0029565665380637944
MAR08106	0.0029565665380637944
MAR08107	0.0029565665380637944
MAR08108	0.0029565665380637944
MAR08109	0.0029565665380637944
MAR08110	0.0029565665380637944
MAR08112	0.0029565665380637944
MAR08113	0.0029565665380637944
MAR08114	0.0029565665380637944
MAR08115	0.0029565665380637944
MAR08116	0.0029565665380637944
MAR08117	0.0029565665380637944
MAR08129	0.0029712725531032295
MAR08130	0.0029712725531032295
MAR08132	0.0029712725531032295
MAR08133	0.0029712725531032295
MAR08135	0.0029712725531032295
MAR08136	0.0029712725531032295
MAR08137	0.0029712725531032295
MAR08138	0.0029712725531032295
MAR08139	0.0029712725531032295
MAR08140	0.0029712725531032295
MAR08141	0.0029712725531032295
MAR08142	0.0029712725531032295
MAR08143	0.0001450456382516093
MAR08144	0.0015434634035729772
MAR08758	0.0007241303330149891
MAR07661	0.0005685592490762589
MAR07662	0.0005685592490762589
MAR07663	0.0005685592490762589
MAR07668	0.0004404693094607051
MAR07669	0.00010544374154059859
MAR07670	0.0004404693094607051
MAR07671	0.00010544374154059859
MAR07672	0.0007039358759283441
MAR07673	0.0007039358759283441
MAR04160	0.0002348432478169163
MAR04162	0.0002348432478169163
MAR04163	0.001901976598989991
MAR04165	0.0054802898499574275
MAR04166	0.0054802898499574275
MAR04167	0.0054802898499574275
MAR04169	0.0002348432478169163
MAR04170	0.0002348432478169163
MAR04523	0.0029020395714691723
MAR04539	0.002520909479673914
MAR04540	0.002520909479673914
MAR04541	0.002520909479673914
MAR04542	0.002520909479673914
MAR04543	0.002520909479673914
MAR04544	0.002520909479673914
MAR04816	0.00014478443928746018
MAR04817	0.0002348432478169163
MAR04818	0.0002348432478169163
MAR04833	0.0002348432478169163
MAR04834	0.0002348432478169163
MAR04835	0.0002348432478169163
MAR04836	0.0002348432478169163
MAR08538	0.002520909479673914
MAR08738	0.001901976598989991
MAR08739	0.0054802898499574275
MAR08740	0.00010544374154059859
MAR06393	0.00010544374154059859
MAR06394	0.00010544374154059859
MAR06396	0.00706810875158617
MAR06405	0.007948961701127563
MAR08345	0.00010544374154059859
MAR08346	0.0006201782922019731
MAR08348	0.00010544374154059859
MAR08349	0.004119748483482751
MAR08619	0.00010544374154059859
MAR08620	0.00010544374154059859
MAR08621	0.00010544374154059859
MAR08622	0.00010544374154059859
MAR08623	0.00010544374154059859
MAR08624	0.00010544374154059859
MAR08625	0.00010544374154059859
MAR03991	0.11376399977556996
MAR04657	0.008731557583208836
MAR04744	0.0015917396934313234
MAR04746	0.0009546213144246796
MAR04748	0.0009806606943855102
MAR04750	0.006080426316478479
MAR04752	0.0021399163109670194
MAR04755	0.00038657362907120786
MAR04757	0.00038657362907120786
MAR04762	0.004289006582803985
MAR04763	0.039452063199496026
MAR04764	0.0055180657366229995
MAR04768	0.00010544374154059859
MAR04769	0.00010544374154059859
MAR04770	0.00010544374154059859
MAR04771	0.00010544374154059859
MAR04772	0.006080426316478479
MAR04773	0.00010544374154059859
MAR06395	0.008664645674013828
MAR08634	0.0055180657366229995
MAR09717	0.00010544374154059859
MAR06630	0.011085622161292058
MAR06631	0.009376156075405383
MAR06632	0.011085622161292058
MAR06633	0.009376156075405383
MAR06634	4.203087500789022e-05
MAR06635	0.0012126624020505998
MAR06636	0.0038035692922612145
MAR06637	3.876376698494929e-05
MAR06638	0.0011207063124522754
MAR06639	0.0012126624020505998
MAR06640	0.004010211245971313
MAR06641	0.00012033094101713968
MAR06642	0.00012033094101713968
MAR06643	4.27814127246356e-05
MAR06644	0.0011207063124522754
MAR06645	4.27814127246356e-05
MAR06646	0.007845284295837826
MAR06647	0.007845284295837826
MAR06648	3.9913135959400045e-05
MAR06649	3.9913135959400045e-05
MAR06650	4.27814127246356e-05
MAR06651	4.27814127246356e-05
MAR06652	0.007845284295837826
MAR06653	3.9913135959400045e-05
MAR06654	3.9913135959400045e-05
MAR06655	3.9913135959400045e-05
MAR06656	3.9913135959400045e-05
MAR06657	0.0008515824832648095
MAR06658	0.0008515824832648095
MAR06659	0.00010544374154059859
MAR06660	0.00010544374154059859
MAR06661	3.876376698494929e-05
MAR06662	0.00010544374154059859
MAR06663	0.00010544374154059859
MAR06664	0.00012033094101713968
MAR06665	0.00012033094101713968
MAR06666	3.876376698494929e-05
MAR06667	3.876376698494929e-05
MAR06668	3.876376698494929e-05
MAR06669	3.876376698494929e-05
MAR06670	0.009376156075405383
MAR06671	0.0012126624020505998
MAR06672	0.00010544374154059859
MAR06673	0.00010544374154059859
MAR06674	0.007845284295837826
MAR06675	0.007845284295837826
MAR06676	0.007845284295837826
MAR06677	4.203087500789022e-05
MAR06678	4.203087500789022e-05
MAR06679	3.876376698494929e-05
MAR06680	3.876376698494929e-05
MAR06681	0.00012033094101713968
MAR06682	0.00012033094101713968
MAR06683	0.00012033094101713968
MAR06684	0.00012033094101713968
MAR06685	3.876376698494929e-05
MAR06686	3.876376698494929e-05
MAR06687	0.00012033094101713968
MAR06690	0.00010544374154059859
MAR06691	0.00010544374154059859
MAR06692	0.00010544374154059859
MAR06693	0.00010544374154059859
MAR06694	0.00010544374154059859
MAR06695	0.00010544374154059859
MAR06697	0.00010544374154059859
MAR06699	0.00010544374154059859
MAR06700	4.203087500789022e-05
MAR06701	4.203087500789022e-05
MAR06702	0.00012033094101713968
MAR06703	0.00012033094101713968
MAR06704	3.876376698494929e-05
MAR06705	3.876376698494929e-05
MAR08697	3.983389616631668e-05
MAR08698	0.00010544374154059859
MAR08699	0.00010544374154059859
MAR08700	4.201120677082292e-05
MAR08702	0.00010544374154059859
MAR08703	0.00010544374154059859
MAR08704	0.00010544374154059859
MAR08706	0.00010544374154059859
MAR08709	0.0011207063124522754
MAR08710	8.071020798093974e-05
MAR08711	0.00010544374154059859
MAR08712	0.00010544374154059859
MAR08713	3.876376698494929e-05
MAR08717	3.876376698494929e-05
MAR06506	0.0027699628071869205
MAR06507	0.00178886036961409
MAR06508	0.001289698266651755
MAR06509	0.0003714732265970883
MAR06510	0.00010544374154059859
MAR06511	0.0055180657366229995
MAR04537	3.971258592809877e-05
MAR04545	3.876376698494929e-05
MAR04546	4.4394647363234743e-05
MAR04547	4.0544472978423446e-05
MAR04548	0.0005276215006115401
MAR04549	0.005534743490773671
MAR04550	3.9771796186099806e-05
MAR04551	0.00010544374154059859
MAR04552	0.00010544374154059859
MAR04553	0.00010544374154059859
MAR04554	0.00010544374154059859
MAR04555	5.7528853259662255e-05
MAR04556	5.7528853259662255e-05
MAR04557	3.9771796186099806e-05
MAR04558	0.0002912747775498417
MAR04559	0.004119748483482751
MAR04560	0.0017681720817346318
MAR04561	0.009376156075405383
MAR04563	0.0048719870223445415
MAR04564	4.0544472978423446e-05
MAR04204	5.597585498375651e-05
MAR04206	5.597585498375651e-05
MAR04207	0.0004695835079301795
MAR04208	0.0003914732757696036
MAR08744	0.0003914732757696036
MAR08746	0.002669505201621169
MAR08748	0.00010544374154059859
MAR08613	0.00010544374154059859
MAR08615	0.00033348441534136714
MAR08616	0.00033348441534136714
MAR04064	0.0002313810517475336
MAR04065	0.00153071397716037
MAR04066	0.00153071397716037
MAR04067	0.0009093571292038124
MAR04068	0.00153071397716037
MAR04069	0.0009093571292038124
MAR04070	0.0009093571292038124
MAR04071	0.0009093571292038124
MAR08102	0.0017681720817346318
MAR08724	0.0002313810517475336
MAR08725	0.0002313810517475336
MAR02114	0.00010544374154059859
MAR02115	0.0002504419351918468
MAR02117	0.0013631651708054322
MAR02118	8.872620316264754e-05
MAR02129	0.00028778934822585835
MAR02130	0.00028778934822585835
MAR02131	0.00028778934822585835
MAR02132	0.00028778934822585835
MAR02133	0.00028778934822585835
MAR02134	0.00028778934822585835
MAR02135	0.00028778934822585835
MAR02136	0.00028778934822585835
MAR02137	0.00013517014707289655
MAR02138	0.00013517014707289655
MAR02139	0.00013517014707289655
MAR02140	0.00013517014707289655
MAR02142	0.00028778934822585835
MAR02143	0.00028778934822585835
MAR02144	0.00028778934822585835
MAR02145	0.00028778934822585835
MAR07996	0.0013631651708054322
MAR07999	0.00013517014707289655
MAR08003	0.00010544374154059859
MAR08004	8.872620316264754e-05
MAR08005	0.00010544374154059859
MAR08006	0.00010544374154059859
MAR08008	8.872620316264754e-05
MAR08011	0.00010544374154059859
MAR08012	0.00010544374154059859
MAR08013	0.00010544374154059859
MAR08014	0.00010544374154059859
MAR06423	0.00010544374154059859
MAR06426	4.222874442787584e-05
MAR06427	4.222874442787584e-05
MAR06428	4.222874442787584e-05
MAR06429	4.222874442787584e-05
MAR06432	0.013062460908471171
MAR06433	0.013062460908471171
MAR06434	0.00010544374154059859
MAR06435	0.013062460908471171
MAR06436	0.013062460908471171
MAR06441	4.222874442787584e-05
MAR06442	4.222874442787584e-05
MAR06443	4.222874442787584e-05
MAR06444	4.222874442787584e-05
MAR06447	0.00010544374154059859
MAR06448	0.013062460908471171
MAR06450	0.013062460908471171
MAR06451	0.013062460908471171
MAR06453	0.013062460908471171
MAR06456	0.00010544374154059859
MAR06457	0.00010544374154059859
MAR06458	0.00010544374154059859
MAR06459	0.00010544374154059859
MAR06460	0.00010544374154059859
MAR06461	0.00010544374154059859
MAR06464	4.222874442787584e-05
MAR06465	4.222874442787584e-05
MAR06466	4.222874442787584e-05
MAR06467	4.222874442787584e-05
MAR06470	0.00010544374154059859
MAR06471	0.013062460908471171
MAR06472	0.013062460908471171
MAR06473	0.013062460908471171
MAR06476	4.222874442787584e-05
MAR06500	0.00010544374154059859
MAR06477	4.222874442787584e-05
MAR06478	4.222874442787584e-05
MAR06479	4.222874442787584e-05
MAR06482	0.00010544374154059859
MAR06484	0.013062460908471171
MAR06486	0.013062460908471171
MAR06488	0.00010544374154059859
MAR06490	3.876376698494929e-05
MAR06492	0.0022011355463162166
MAR06495	3.876376698494929e-05
MAR06496	0.0022011355463162166
MAR06501	0.00010544374154059859
MAR06992	0.0005276215006115401
MAR06993	0.0005276215006115401
MAR06994	0.0005276215006115401
MAR06995	0.03182470872139708
MAR06996	0.006028061981738186
MAR06997	0.00010544374154059859
MAR06998	0.03182470872139708
MAR06999	0.0005276215006115401
MAR07000	0.0005276215006115401
MAR07001	0.0005276215006115401
MAR07002	0.0005276215006115401
MAR07003	0.03182470872139708
MAR07004	0.006028061981738186
MAR07005	0.002143833656182275
MAR07006	0.00010544374154059859
MAR07007	0.00010544374154059859
MAR07008	0.00010544374154059859
MAR07009	0.00010544374154059859
MAR07010	0.00010544374154059859
MAR07011	0.00010544374154059859
MAR07012	0.00010544374154059859
MAR07013	0.03182470872139708
MAR07014	0.006028061981738186
MAR07015	0.00010544374154059859
MAR07016	0.00010544374154059859
MAR07017	0.0005276215006115401
MAR07018	3.9913135959400045e-05
MAR07019	0.0005276215006115401
MAR07020	3.9913135959400045e-05
MAR07021	0.0005276215006115401
MAR07022	0.03182470872139708
MAR07023	0.006028061981738186
MAR07024	0.00010544374154059859
MAR07025	0.004152873922442251
MAR07026	0.004152873922442251
MAR07027	0.004152873922442251
MAR07028	0.004152873922442251
MAR07029	0.03182470872139708
MAR07030	0.0005276215006115401
MAR07031	0.00010544374154059859
MAR07032	0.00010544374154059859
MAR07033	0.0005276215006115401
MAR07034	0.00010544374154059859
MAR07035	0.0014607221309493673
MAR07036	0.0005276215006115401
MAR07037	0.00010544374154059859
MAR07038	0.009376156075405383
MAR07039	3.876376698494929e-05
MAR07040	0.0005276215006115401
MAR07041	0.03182470872139708
MAR07042	0.006028061981738186
MAR07043	0.00010544374154059859
MAR07044	4.976051025042157e-05
MAR07045	0.00010544374154059859
MAR07046	0.00010544374154059859
MAR07047	0.00010544374154059859
MAR07048	0.0005276215006115401
MAR07049	0.00010544374154059859
MAR07050	0.03182470872139708
MAR07051	0.006028061981738186
MAR07052	0.0005276215006115401
MAR07053	0.0005276215006115401
MAR07054	0.0005276215006115401
MAR07055	0.006028061981738186
MAR07056	0.0005276215006115401
MAR07057	3.876376698494929e-05
MAR07058	0.006028061981738186
MAR07059	0.005178574657566765
MAR07060	0.0005276215006115401
MAR07061	6.200427646608288e-05
MAR07062	0.00010544374154059859
MAR07063	3.876376698494929e-05
MAR07064	3.876376698494929e-05
MAR07065	3.876376698494929e-05
MAR07066	3.876376698494929e-05
MAR07067	0.00010544374154059859
MAR07068	0.00010544374154059859
MAR07069	0.00010544374154059859
MAR07070	0.00010544374154059859
MAR07071	0.00010544374154059859
MAR07072	0.00010544374154059859
MAR07073	0.00010544374154059859
MAR07074	0.00010544374154059859
MAR07075	0.00010544374154059859
MAR07076	0.00010544374154059859
MAR07077	0.00010544374154059859
MAR07078	0.0005276215006115401
MAR07079	0.03182470872139708
MAR07080	0.03182470872139708
MAR07081	0.006028061981738186
MAR07082	0.0005276215006115401
MAR07083	0.03182470872139708
MAR07084	0.03182470872139708
MAR07085	0.00010544374154059859
MAR07086	0.00010544374154059859
MAR07087	0.00010544374154059859
MAR07088	0.0005276215006115401
MAR07089	0.03182470872139708
MAR07090	0.00010544374154059859
MAR07091	0.0005276215006115401
MAR07092	0.03182470872139708
MAR07093	0.03182470872139708
MAR07094	0.00010544374154059859
MAR07095	0.00010544374154059859
MAR07096	0.0005276215006115401
MAR07097	0.03182470872139708
MAR07098	0.00010544374154059859
MAR07099	4.976051025042157e-05
MAR07100	0.03182470872139708
MAR07103	0.03182470872139708
MAR07104	0.00010544374154059859
MAR07106	0.00010544374154059859
MAR07688	5.5803730185803065e-05
MAR08032	3.876376698494929e-05
MAR08034	4.976051025042157e-05
MAR08036	3.876376698494929e-05
MAR08037	3.876376698494929e-05
MAR08038	3.876376698494929e-05
MAR08040	4.305763055603191e-05
MAR08043	3.876376698494929e-05
MAR08046	3.876376698494929e-05
MAR08049	3.876376698494929e-05
MAR08052	3.876376698494929e-05
MAR08055	3.973969285138384e-05
MAR08059	3.9349728211524134e-05
MAR08596	3.876376698494929e-05
MAR08598	3.876376698494929e-05
MAR08601	3.876376698494929e-05
MAR06535	0.015431772749034267
MAR06536	0.015431772749034267
MAR09569	0.0024526970386613335
MAR03955	8.913080230691402e-05
MAR03984	0.002339961217501146
MAR04201	0.015431772749034267
MAR04202	0.009376156075405383
MAR05127	0.00010544374154059859
MAR05128	0.00010544374154059859
MAR05363	0.00010544374154059859
MAR07794	0.0030788960088780825
MAR08617	0.00010544374154059859
MAR08752	0.015431772749034267
MAR07741	0.0051822566127464696
MAR09464	0.001405281374415032
MAR09465	3.876376698494929e-05
MAR09466	0.0029920786543795336
MAR09467	0.0029920786543795336
MAR09468	0.0010356096402085928
MAR09469	0.0015863921439645632
MAR09470	0.0004790844548068054
MAR09471	0.0034558718252217227
MAR09472	0.0033933146395763417
MAR09473	0.00011350579178127659
MAR09474	0.0048719870223445415
MAR09475	4.008230296080759e-05
MAR09476	0.00035915152138339554
MAR09477	6.07089612704716e-05
MAR09478	3.876376698494929e-05
MAR09479	3.876376698494929e-05
MAR09480	3.876376698494929e-05
MAR09481	4.865303575634492e-05
MAR09482	0.00011350579178127659
MAR09483	3.876376698494929e-05
MAR09484	0.003921450378514375
MAR09485	0.0004165355423564454
MAR09487	0.003957293210821513
MAR09488	0.016861011197381613
MAR09489	0.00010544374154059859
MAR09490	0.006291523395992264
MAR09491	0.011495785693151168
MAR09492	0.035035923075844036
MAR09493	0.003281867621286326
MAR09494	0.00010544374154059859
MAR09495	0.0036144100062280382
MAR09496	0.018319760278190853
MAR09497	4.118125787864939e-05
MAR09498	0.00034846437019155443
MAR09499	0.004839501515691989
MAR09500	0.0063395619487017696
MAR09501	0.0029452679309177458
MAR09502	0.0020743021235504824
MAR09503	4.282327085117899e-05
MAR09504	0.0021936685372057263
MAR09505	0.001031348370850772
MAR09506	0.0011629533760033626
MAR09507	0.0007048145079459938
MAR09508	0.0007048145079459938
MAR09509	0.0013358175556808516
MAR09510	0.0028416416384011685
MAR09511	0.0007924694509364018
MAR09512	0.003512566282558722
MAR09513	0.009402529432357329
MAR09514	0.00022429683569460116
MAR09515	0.0004758507305982563
MAR09516	0.001505090513892112
MAR09517	0.0007618027986329147
MAR09518	0.001467099165862011
MAR09519	0.0027688651007227614
MAR09520	0.0007192050129765823
MAR09521	0.0006475860271431427
MAR09522	0.0037926615142531927
MAR09523	0.0004966650103663246
MAR09524	0.0007127312473431196
MAR09525	3.876376698494929e-05
MAR09527	0.0007497326416123786
MAR09528	0.0014971934037815203
MAR09529	3.972530498276971e-05
MAR09530	0.0016894898963338387
MAR09531	0.0007275547668227554
MAR09532	0.0047515342839272645
MAR09534	3.876376698494929e-05
MAR09535	0.002903013629084751
MAR09536	0.0004489624009115644
MAR09537	0.0031973219036177873
MAR09538	0.03074185236939151
MAR09539	0.0006880262430378663
MAR09540	6.374877236394803e-05
MAR09541	0.0007340322147835917
MAR09542	0.0052319746701748535
MAR09543	0.0011383483161688454
MAR09544	0.00020281254250488934
MAR09545	0.02255768099618501
MAR09546	0.003561689284294796
MAR09547	0.002455762719018547
MAR09548	0.0008076526980372383
MAR09549	0.0010401646000467984
MAR09550	0.0008561399167928074
MAR09551	0.0010974866165575396
MAR09552	0.0013553427405770403
MAR09553	0.008751435798780351
MAR09801	9.978854263871981e-05
MAR09807	0.0003720443427827157
MAR09554	3.876376698494929e-05
MAR09555	3.876376698494929e-05
MAR09556	0.00318433967317952
MAR09557	0.003678046472444305
MAR09558	0.001375347353835529
MAR09559	0.002454873161656454
MAR09560	0.0013152308410153942
MAR09561	3.876376698494929e-05
MAR09562	0.00012146090702547276
MAR09563	0.004119748483482751
MAR09564	0.0027789915972311254
MAR09565	0.0005257737039289799
MAR09566	0.0009409913864197592
MAR09567	0.0005257737039289799
MAR09568	0.0009409913864197592
MAR09570	0.003921450378514375
MAR09571	0.0012450738242804067
MAR09572	0.0012450738242804067
MAR09573	3.876376698494929e-05
MAR09574	3.876376698494929e-05
MAR09575	0.0010686120131518666
MAR09580	0.0008261469759203818
MAR09581	8.684536756884557e-05
MAR09582	9.08585860840387e-05
MAR09583	8.684536756884557e-05
MAR09584	9.08585860840387e-05
MAR09585	0.00031388156791955704
MAR09586	0.0020672398507003173
MAR09587	0.002909195224276011
MAR09588	3.876376698494929e-05
MAR09798	0.00010544374154059859
MAR09806	0.020320116335769422
MAR00010	0.006606291184359071
MAR00011	0.00010544374154059859
MAR00012	0.00010544374154059859
MAR00013	3.876376698494929e-05
MAR00014	3.876376698494929e-05
MAR00477	0.00010544374154059859
MAR00545	0.00010544374154059859
MAR00546	0.00010544374154059859
MAR00547	0.00010544374154059859
MAR00548	0.00010544374154059859
MAR00549	0.00010544374154059859
MAR00550	0.00010544374154059859
MAR00551	0.00010544374154059859
MAR00552	0.00010544374154059859
MAR00553	0.00010544374154059859
MAR00555	0.00010544374154059859
MAR00556	0.00010544374154059859
MAR00557	0.00010544374154059859
MAR00558	0.00010544374154059859
MAR00559	0.00010544374154059859
MAR00560	0.00010544374154059859
MAR00561	0.00010544374154059859
MAR00685	0.00010544374154059859
MAR00686	0.00010544374154059859
MAR00687	0.00010544374154059859
MAR00688	0.00010544374154059859
MAR00689	0.00010544374154059859
MAR00690	0.00010544374154059859
MAR00691	0.00010544374154059859
MAR00692	0.00010544374154059859
MAR01185	0.00010544374154059859
MAR01227	0.00010544374154059859
MAR05233	0.00010544374154059859
MAR05234	0.00010544374154059859
MAR05238	0.00010544374154059859
MAR05239	0.00010544374154059859
MAR05243	0.00010544374154059859
MAR05244	0.00010544374154059859
MAR05247	0.00010544374154059859
MAR05257	0.00010544374154059859
MAR09022	0.00010544374154059859
MAR00004	0.00010544374154059859
MAR00006	0.007305051934799655
MAR00007	3.876376698494929e-05
MAR00008	3.876376698494929e-05
MAR00009	0.00010544374154059859
MAR00015	0.00010544374154059859
MAR00016	0.00010544374154059859
MAR00017	0.00010544374154059859
MAR00018	4.064144208668704e-05
MAR00019	0.0013232085276606255
MAR00155	0.0038274572681515906
MAR00164	0.0038274572681515906
MAR00167	0.0038274572681515906
MAR00170	0.0038274572681515906
MAR00173	0.0038274572681515906
MAR00176	0.0038274572681515906
MAR00179	0.0038274572681515906
MAR00183	0.0038274572681515906
MAR00187	0.0038274572681515906
MAR00190	0.0027761625782752224
MAR00191	0.0038274572681515906
MAR00194	0.0007159429597654137
MAR00195	0.0038274572681515906
MAR00198	0.0007159429597654137
MAR00199	0.0038274572681515906
MAR00202	0.0007159429597654137
MAR00203	0.0038274572681515906
MAR00207	0.0007159429597654137
MAR00208	0.0038274572681515906
MAR00211	0.0007159429597654137
MAR00212	0.0038274572681515906
MAR00215	0.0007159429597654137
MAR00216	0.0038274572681515906
MAR00224	0.0007159429597654137
MAR00225	0.0038274572681515906
MAR00231	0.0007159429597654137
MAR00232	0.0038274572681515906
MAR00235	0.0007159429597654137
MAR00236	0.0038274572681515906
MAR00239	0.0007159429597654137
MAR00240	0.0038274572681515906
MAR00243	0.0007159429597654137
MAR00244	0.0038274572681515906
MAR00247	0.0007159429597654137
MAR00248	0.0038274572681515906
MAR00253	0.0007159429597654137
MAR00254	0.0038274572681515906
MAR00257	0.0007159429597654137
MAR00258	0.0038274572681515906
MAR00261	0.0007159429597654137
MAR00262	0.0038274572681515906
MAR00265	0.0007159429597654137
MAR00266	0.0038274572681515906
MAR00269	0.0007159429597654137
MAR00270	0.0038274572681515906
MAR00273	0.0007159429597654137
MAR00274	0.0038274572681515906
MAR00277	0.0007159429597654137
MAR00278	0.0038274572681515906
MAR00281	0.0007159429597654137
MAR00282	0.0038274572681515906
MAR00287	0.0007159429597654137
MAR00288	0.0038274572681515906
MAR00291	0.0007159429597654137
MAR00292	0.0038274572681515906
MAR00295	0.0007159429597654137
MAR00296	0.0038274572681515906
MAR00299	0.0007159429597654137
MAR00300	0.0038274572681515906
MAR00303	0.0007159429597654137
MAR00304	0.0038274572681515906
MAR00307	0.0007159429597654137
MAR00308	0.0038274572681515906
MAR00311	0.0007159429597654137
MAR00312	0.0038274572681515906
MAR00317	0.0007159429597654137
MAR00318	0.0038274572681515906
MAR00321	0.0007159429597654137
MAR00322	0.0038274572681515906
MAR00325	0.0007159429597654137
MAR00326	0.0038274572681515906
MAR00329	0.0007159429597654137
MAR00330	0.0038274572681515906
MAR00335	0.0007159429597654137
MAR00336	0.0038274572681515906
MAR00339	0.0007159429597654137
MAR00340	0.0038274572681515906
MAR00343	0.0007159429597654137
MAR00344	0.0038274572681515906
MAR00347	0.0007159429597654137
MAR00348	0.0038274572681515906
MAR00351	0.0007159429597654137
MAR00352	0.0038274572681515906
MAR00355	0.0007159429597654137
MAR00356	0.0038274572681515906
MAR00359	0.0007159429597654137
MAR00360	0.0038274572681515906
MAR00363	0.0007159429597654137
MAR00364	0.0038274572681515906
MAR00367	0.0007159429597654137
MAR00368	0.0038274572681515906
MAR00371	0.0007159429597654137
MAR00372	0.0038274572681515906
MAR00375	0.0007159429597654137
MAR00376	0.0038274572681515906
MAR00379	0.0007159429597654137
MAR00380	0.0038274572681515906
MAR00383	0.0007159429597654137
MAR00384	0.0038274572681515906
MAR00387	0.0007159429597654137
MAR00388	0.0038274572681515906
MAR00391	0.0007159429597654137
MAR00392	0.0038274572681515906
MAR00395	0.0007159429597654137
MAR00396	0.0038274572681515906
MAR00399	0.0007159429597654137
MAR00400	0.0038274572681515906
MAR00403	0.0007159429597654137
MAR00404	0.0038274572681515906
MAR00407	0.0007159429597654137
MAR00408	0.0038274572681515906
MAR00411	0.0007159429597654137
MAR00412	0.0038274572681515906
MAR00415	0.0007159429597654137
MAR00416	0.0038274572681515906
MAR00419	0.0007159429597654137
MAR00420	0.0038274572681515906
MAR00423	0.0007159429597654137
MAR00424	0.0038274572681515906
MAR00427	0.0007159429597654137
MAR00428	0.0038274572681515906
MAR00431	0.0007159429597654137
MAR00432	0.0038274572681515906
MAR00435	0.0007159429597654137
MAR00436	0.0038274572681515906
MAR00439	0.0007159429597654137
MAR00440	0.00010544374154059859
MAR00444	0.0002002926931748118
MAR00469	0.00010544374154059859
MAR00470	5.213928360159233e-05
MAR00476	0.0007159429597654137
MAR00770	0.004694247027992236
MAR00782	0.00010544374154059859
MAR01082	0.002975472361982393
MAR01086	3.876376698494929e-05
MAR01898	3.90298592561775e-05
MAR01899	3.90298592561775e-05
MAR01900	3.90298592561775e-05
MAR01901	3.90298592561775e-05
MAR01902	3.90298592561775e-05
MAR01903	3.90298592561775e-05
MAR01904	3.90298592561775e-05
MAR01905	3.90298592561775e-05
MAR01906	3.90298592561775e-05
MAR01907	3.90298592561775e-05
MAR01908	3.90298592561775e-05
MAR01909	3.90298592561775e-05
MAR01910	0.00010544374154059859
MAR01911	0.0007159429597654137
MAR01913	0.00010544374154059859
MAR01914	0.001591934460555923
MAR01919	5.5803730185803065e-05
MAR02013	0.00010544374154059859
MAR03858	0.006733415847642129
MAR03916	0.004312194959771731
MAR03951	0.00010544374154059859
MAR03959	0.00010544374154059859
MAR03964	0.00010544374154059859
MAR04062	0.00010544374154059859
MAR04063	0.00010544374154059859
MAR04249	0.00010544374154059859
MAR04321	0.0006621455288111088
MAR04432	0.00010544374154059859
MAR04433	3.90298592561775e-05
MAR04434	3.90298592561775e-05
MAR04435	3.90298592561775e-05
MAR04436	3.90298592561775e-05
MAR04691	4.0260954442435755e-05
MAR04721	0.0009940477112360966
MAR04844	0.005220354094359697
MAR04845	0.00011861927807639124
MAR04847	0.00011348328158094751
MAR04848	0.00011348328158094751
MAR04849	3.917960292517563e-05
MAR04858	0.0027385475965156646
MAR04861	8.875962847335879e-05
MAR04873	3.876376698494929e-05
MAR04875	0.00010544374154059859
MAR04882	0.00011348328158094751
MAR04885	0.0002002926931748118
MAR04896	0.00010544374154059859
MAR04910	0.00403296035919523
MAR04912	0.00403296035919523
MAR04919	0.00010544374154059859
MAR04928	0.006733415847642129
MAR04931	0.009360014418059979
MAR04932	0.0012269521080917676
MAR04933	0.0003170663190375517
MAR04934	0.00010544374154059859
MAR04935	0.006733415847642129
MAR04938	0.00011649646084580889
MAR04939	3.876376698494929e-05
MAR04946	0.001591934460555923
MAR04947	0.00010544374154059859
MAR04948	0.00010544374154059859
MAR04949	4.2363581193315473e-05
MAR04952	0.00010544374154059859
MAR04954	0.0064634872528895205
MAR04956	0.0006008287641278787
MAR04958	0.00010544374154059859
MAR04969	0.00010544374154059859
MAR04973	0.0027385475965156646
MAR04975	3.943970592825178e-05
MAR04976	0.006733415847642129
MAR04980	0.00011348328158094751
MAR04982	0.00010544374154059859
MAR04983	3.876376698494929e-05
MAR04985	0.00011348328158094751
MAR04989	0.00010544374154059859
MAR04990	0.00010544374154059859
MAR04992	0.005627662981885507
MAR04993	0.00010544374154059859
MAR04994	8.684536756884557e-05
MAR04995	0.00010544374154059859
MAR04996	0.0027385475965156646
MAR04999	8.684536756884557e-05
MAR05000	0.00010544374154059859
MAR05002	0.00010544374154059859
MAR05003	0.002010365803912125
MAR05005	4.133267810078158e-05
MAR05007	0.004312194959771731
MAR05008	0.002010365803912125
MAR05009	0.00010544374154059859
MAR05010	0.00010544374154059859
MAR05011	0.00010544374154059859
MAR05013	8.684536756884557e-05
MAR05018	0.006733415847642129
MAR05020	0.00010544374154059859
MAR05021	0.000782559468373438
MAR05023	3.876376698494929e-05
MAR05029	0.0027385475965156646
MAR05032	0.002010365803912125
MAR05034	0.002010365803912125
MAR05035	0.002010365803912125
MAR05037	0.002010365803912125
MAR05038	3.876376698494929e-05
MAR05039	3.876376698494929e-05
MAR05040	3.876376698494929e-05
MAR05041	3.876376698494929e-05
MAR05042	0.002010365803912125
MAR05068	0.0036931629176500725
MAR05070	0.009360014418059979
MAR05071	0.0036931629176500725
MAR05073	0.009360014418059979
MAR05074	0.009360014418059979
MAR05076	0.009360014418059979
MAR05077	0.009360014418059979
MAR05078	0.009360014418059979
MAR05079	0.009360014418059979
MAR05080	0.009360014418059979
MAR05082	0.009360014418059979
MAR05084	0.009360014418059979
MAR05085	0.009360014418059979
MAR05087	0.007785651957133285
MAR05088	0.009360014418059979
MAR05089	0.009360014418059979
MAR05091	0.009360014418059979
MAR05092	0.009360014418059979
MAR05094	0.0036931629176500725
MAR05129	0.00011861927807639124
MAR05198	0.00010544374154059859
MAR05200	0.00010544374154059859
MAR05202	0.00010544374154059859
MAR05206	0.00010544374154059859
MAR05213	0.00010544374154059859
MAR05215	0.00010544374154059859
MAR05216	0.00010544374154059859
MAR05219	0.00010544374154059859
MAR05221	0.00010544374154059859
MAR05231	0.00010544374154059859
MAR05232	0.00010544374154059859
MAR05236	0.00010544374154059859
MAR05237	0.00010544374154059859
MAR05240	0.00010544374154059859
MAR05241	0.0019119464573304533
MAR05246	0.0019119464573304533
MAR05296	0.00010544374154059859
MAR05303	0.00010544374154059859
MAR05305	0.01879618889956732
MAR05307	4.9165625125805586e-05
MAR05308	0.01879618889956732
MAR05311	0.01879618889956732
MAR05313	4.9165625125805586e-05
MAR05314	0.000317912843647227
MAR05315	0.01879618889956732
MAR05316	0.000317912843647227
MAR05317	3.876376698494929e-05
MAR05318	3.876376698494929e-05
MAR05319	0.01879618889956732
MAR05320	0.01879618889956732
MAR05322	0.01879618889956732
MAR05324	0.01879618889956732
MAR05326	0.01879618889956732
MAR05328	0.0020170300221731188
MAR05330	0.0020170300221731188
MAR05332	4.9933453315060434e-05
MAR05333	0.01879618889956732
MAR05335	3.955395812624408e-05
MAR05429	0.020076822834857587
MAR05430	0.00563879225248077
MAR05432	0.0015753459105593058
MAR05433	0.0019216276581085394
MAR05435	4.5072665450342784e-05
MAR05436	4.5072665450342784e-05
MAR05437	4.5072665450342784e-05
MAR05438	4.5072665450342784e-05
MAR05439	4.5072665450342784e-05
MAR05440	0.00010544374154059859
MAR05441	0.000731899422499737
MAR05442	0.0006092886383096965
MAR05443	0.0006092886383096965
MAR05444	0.0006092886383096965
MAR05445	0.0006092886383096965
MAR05446	0.0008057761808610162
MAR05447	0.0012269521080917676
MAR05448	0.00023167616506797374
MAR05450	5.37410489630117e-05
MAR05451	0.0025220567520913804
MAR05454	0.0025220567520913804
MAR05455	0.00014364720648441144
MAR05457	3.876376698494929e-05
MAR05458	0.009360014418059979
MAR05459	0.007785651957133285
MAR05460	0.009360014418059979
MAR05461	0.007785651957133285
MAR05462	0.007785651957133285
MAR05463	0.007785651957133285
MAR05464	0.007785651957133285
MAR05465	0.009360014418059979
MAR05466	0.007785651957133285
MAR05467	0.007785651957133285
MAR05468	0.007785651957133285
MAR05469	0.007785651957133285
MAR05470	0.009360014418059979
MAR05471	0.007785651957133285
MAR05472	0.007785651957133285
MAR05473	0.009360014418059979
MAR05474	0.007785651957133285
MAR05475	0.007785651957133285
MAR05476	0.007785651957133285
MAR05477	0.007785651957133285
MAR05478	0.007785651957133285
MAR05479	0.007785651957133285
MAR05480	0.007785651957133285
MAR05481	0.007785651957133285
MAR05482	0.007785651957133285
MAR05483	0.007785651957133285
MAR05484	0.007785651957133285
MAR05485	0.007785651957133285
MAR05486	0.007785651957133285
MAR05487	0.009360014418059979
MAR05488	0.007785651957133285
MAR05489	0.007785651957133285
MAR05490	0.007785651957133285
MAR05491	0.007785651957133285
MAR05492	0.009360014418059979
MAR05493	0.007785651957133285
MAR05494	0.007785651957133285
MAR05495	0.007785651957133285
MAR05496	0.007785651957133285
MAR05497	0.009360014418059979
MAR05498	0.007785651957133285
MAR05499	0.007785651957133285
MAR05500	0.007785651957133285
MAR05501	0.007785651957133285
MAR05502	0.007785651957133285
MAR05503	0.007785651957133285
MAR05504	0.007785651957133285
MAR05505	0.007785651957133285
MAR05506	0.007785651957133285
MAR05507	0.007785651957133285
MAR05508	0.007785651957133285
MAR05509	0.007785651957133285
MAR05510	0.007785651957133285
MAR05511	0.007785651957133285
MAR05512	0.007785651957133285
MAR05513	0.007785651957133285
MAR05514	0.007785651957133285
MAR05515	0.007785651957133285
MAR05516	0.009360014418059979
MAR05517	0.007785651957133285
MAR05518	0.007785651957133285
MAR05519	0.007785651957133285
MAR05520	0.007785651957133285
MAR05521	0.007785651957133285
MAR05522	0.007785651957133285
MAR05523	0.007785651957133285
MAR05524	0.007785651957133285
MAR05525	0.007785651957133285
MAR05526	0.007785651957133285
MAR05527	0.007785651957133285
MAR05528	0.007785651957133285
MAR05529	0.007785651957133285
MAR05530	0.007785651957133285
MAR05531	0.007785651957133285
MAR05532	0.007785651957133285
MAR05533	0.007785651957133285
MAR05534	0.007785651957133285
MAR05535	0.007785651957133285
MAR05536	0.007785651957133285
MAR05537	0.007785651957133285
MAR05538	0.007785651957133285
MAR05539	0.007785651957133285
MAR05540	0.007785651957133285
MAR05541	0.007785651957133285
MAR05542	0.007785651957133285
MAR05543	0.007785651957133285
MAR05544	0.007785651957133285
MAR05545	0.007785651957133285
MAR05546	0.007785651957133285
MAR05547	0.007785651957133285
MAR05548	0.007785651957133285
MAR05549	0.007785651957133285
MAR05550	4.0248225815607714e-05
MAR05551	0.007785651957133285
MAR05552	0.007785651957133285
MAR05553	0.007785651957133285
MAR05554	0.007785651957133285
MAR05555	0.007785651957133285
MAR05556	0.007785651957133285
MAR05557	0.007785651957133285
MAR05558	0.007785651957133285
MAR05559	0.007785651957133285
MAR05560	0.007785651957133285
MAR05561	0.007785651957133285
MAR05562	0.007785651957133285
MAR05563	0.007785651957133285
MAR05564	0.007785651957133285
MAR05565	0.007785651957133285
MAR05566	0.007785651957133285
MAR05567	0.007785651957133285
MAR05568	0.007785651957133285
MAR05569	0.007785651957133285
MAR05570	0.007785651957133285
MAR05571	0.007785651957133285
MAR05572	0.007785651957133285
MAR05573	0.007785651957133285
MAR05574	0.007785651957133285
MAR05575	0.007785651957133285
MAR05576	0.007785651957133285
MAR05577	0.007785651957133285
MAR05578	0.009360014418059979
MAR05579	0.007785651957133285
MAR05580	0.007785651957133285
MAR05581	0.007785651957133285
MAR05582	0.007785651957133285
MAR05583	0.007785651957133285
MAR05584	0.007785651957133285
MAR05585	0.007785651957133285
MAR05586	0.007785651957133285
MAR05587	0.007785651957133285
MAR05588	0.007785651957133285
MAR05589	0.007785651957133285
MAR05590	0.007785651957133285
MAR05591	0.007785651957133285
MAR05592	0.007785651957133285
MAR05593	0.007785651957133285
MAR05594	0.007785651957133285
MAR05595	0.007785651957133285
MAR05596	0.007785651957133285
MAR05597	0.007785651957133285
MAR05598	0.007785651957133285
MAR05599	0.007785651957133285
MAR05600	0.007785651957133285
MAR05601	0.007785651957133285
MAR05602	0.007785651957133285
MAR05603	0.007243374040377871
MAR05604	0.007243374040377871
MAR05605	0.007785651957133285
MAR05606	0.007785651957133285
MAR05607	0.007785651957133285
MAR05608	0.007785651957133285
MAR05609	0.007243374040377871
MAR05610	0.007785651957133285
MAR05611	0.007785651957133285
MAR05612	0.007243374040377871
MAR05613	0.007785651957133285
MAR05614	0.007243374040377871
MAR05615	0.007785651957133285
MAR05616	0.007785651957133285
MAR05617	0.007785651957133285
MAR05618	0.007243374040377871
MAR05619	0.007243374040377871
MAR05620	0.007785651957133285
MAR05621	0.007785651957133285
MAR05622	0.007785651957133285
MAR05623	0.007785651957133285
MAR05624	0.007243374040377871
MAR05625	0.007785651957133285
MAR05626	0.007785651957133285
MAR05627	0.007243374040377871
MAR05628	0.007785651957133285
MAR05629	0.007243374040377871
MAR05630	0.007785651957133285
MAR05631	0.007785651957133285
MAR05632	0.007785651957133285
MAR05633	0.007243374040377871
MAR05634	0.007243374040377871
MAR05635	0.007785651957133285
MAR05636	0.007785651957133285
MAR05637	0.007785651957133285
MAR05638	0.007785651957133285
MAR05639	0.007243374040377871
MAR05640	0.007785651957133285
MAR05641	0.007785651957133285
MAR05642	0.007243374040377871
MAR05643	0.007785651957133285
MAR05644	0.007243374040377871
MAR05645	0.007785651957133285
MAR05646	0.007785651957133285
MAR05647	0.007785651957133285
MAR05648	0.007785651957133285
MAR05649	0.007785651957133285
MAR05650	0.007785651957133285
MAR05651	0.007785651957133285
MAR05652	0.007785651957133285
MAR05653	0.007785651957133285
MAR05654	0.007785651957133285
MAR05655	0.007785651957133285
MAR05656	0.007785651957133285
MAR05657	0.007785651957133285
MAR05658	0.007785651957133285
MAR05659	0.007785651957133285
MAR05660	0.007785651957133285
MAR05661	0.007785651957133285
MAR05662	0.007785651957133285
MAR05663	0.007785651957133285
MAR05664	0.007785651957133285
MAR05665	0.007785651957133285
MAR05666	0.007785651957133285
MAR05667	0.007785651957133285
MAR05668	0.007785651957133285
MAR05669	0.007785651957133285
MAR05670	0.007785651957133285
MAR05671	0.007785651957133285
MAR05672	0.007785651957133285
MAR05673	0.007785651957133285
MAR05674	0.007785651957133285
MAR05675	0.007785651957133285
MAR05676	0.007785651957133285
MAR05677	0.0007304663066322527
MAR05678	0.0007304663066322527
MAR05679	0.0007304663066322527
MAR05680	0.0007304663066322527
MAR05681	0.0007304663066322527
MAR05682	0.0007304663066322527
MAR05683	0.0007304663066322527
MAR05684	0.0007304663066322527
MAR05685	0.0007304663066322527
MAR05686	0.0007304663066322527
MAR05687	0.0007304663066322527
MAR05688	0.0007304663066322527
MAR05689	0.0007304663066322527
MAR05690	0.0007304663066322527
MAR05691	0.0007304663066322527
MAR05692	0.0007304663066322527
MAR05693	0.0007304663066322527
MAR05694	0.0007304663066322527
MAR05695	0.0007304663066322527
MAR05696	0.0007304663066322527
MAR05697	0.0007304663066322527
MAR05698	0.0007304663066322527
MAR05699	0.0007304663066322527
MAR05700	0.0007304663066322527
MAR05701	0.0007304663066322527
MAR05702	0.0007304663066322527
MAR05703	0.0007304663066322527
MAR05704	0.0007304663066322527
MAR05705	0.0007304663066322527
MAR05706	0.0007304663066322527
MAR05707	0.0007304663066322527
MAR05708	0.007243374040377871
MAR05709	0.007243374040377871
MAR05710	0.007243374040377871
MAR05711	0.0007304663066322527
MAR05712	0.0007304663066322527
MAR05713	0.0007304663066322527
MAR05714	0.0007304663066322527
MAR05715	0.0007304663066322527
MAR05716	0.0007304663066322527
MAR05717	0.007243374040377871
MAR05718	0.0007304663066322527
MAR05719	0.007243374040377871
MAR05720	0.0007304663066322527
MAR05721	0.0007304663066322527
MAR05722	0.0007304663066322527
MAR05723	0.0007304663066322527
MAR05724	0.0007304663066322527
MAR05725	0.0007304663066322527
MAR05726	0.0007304663066322527
MAR05727	0.0007304663066322527
MAR05728	0.0007304663066322527
MAR05729	0.0007304663066322527
MAR05730	0.0007304663066322527
MAR05731	0.0007304663066322527
MAR05732	0.0007304663066322527
MAR05733	0.0007304663066322527
MAR05734	0.0007304663066322527
MAR05735	0.0007304663066322527
MAR05736	0.0007304663066322527
MAR05737	0.0007304663066322527
MAR05738	0.0007304663066322527
MAR05739	0.0007304663066322527
MAR05740	0.0007304663066322527
MAR05741	0.0007304663066322527
MAR05742	0.0007304663066322527
MAR05743	0.0007304663066322527
MAR05744	0.0007304663066322527
MAR05745	0.0007304663066322527
MAR05746	0.0007304663066322527
MAR05747	0.0007304663066322527
MAR05748	0.0007304663066322527
MAR05749	0.0007304663066322527
MAR05750	0.0007304663066322527
MAR05751	0.0007304663066322527
MAR05752	0.0007304663066322527
MAR05753	0.007243374040377871
MAR05754	0.007243374040377871
MAR05755	0.007243374040377871
MAR05756	0.0007304663066322527
MAR05757	0.0007304663066322527
MAR05758	0.0007304663066322527
MAR05759	0.0007304663066322527
MAR05760	0.007243374040377871
MAR05761	0.0007304663066322527
MAR05762	0.0007304663066322527
MAR05763	0.0007304663066322527
MAR05764	0.007243374040377871
MAR05765	0.0007304663066322527
MAR05766	0.0007304663066322527
MAR05767	0.0007304663066322527
MAR05768	0.0007304663066322527
MAR05769	0.0007304663066322527
MAR05770	0.0007304663066322527
MAR05771	0.0007304663066322527
MAR05772	0.0007304663066322527
MAR05773	0.0007304663066322527
MAR05774	0.0007304663066322527
MAR05775	0.0007304663066322527
MAR05776	0.0007304663066322527
MAR05777	0.0007304663066322527
MAR05778	0.0007304663066322527
MAR05779	0.0007304663066322527
MAR05780	0.0007304663066322527
MAR05781	0.0007304663066322527
MAR05782	0.0007304663066322527
MAR05783	0.007243374040377871
MAR05784	0.007243374040377871
MAR05785	0.007243374040377871
MAR05786	0.0007304663066322527
MAR05787	0.0007304663066322527
MAR05788	0.0007304663066322527
MAR05789	0.0007304663066322527
MAR05790	0.007243374040377871
MAR05791	0.0007304663066322527
MAR05792	0.0007304663066322527
MAR05793	0.007243374040377871
MAR05794	0.0007304663066322527
MAR05795	0.0007304663066322527
MAR05796	0.0007304663066322527
MAR05797	0.0007304663066322527
MAR05798	0.0007304663066322527
MAR05799	0.0007304663066322527
MAR05800	0.0007304663066322527
MAR05801	0.0007304663066322527
MAR05802	0.0007304663066322527
MAR05803	0.0007304663066322527
MAR05804	0.0007304663066322527
MAR05805	0.0007304663066322527
MAR05806	0.0007304663066322527
MAR05807	0.0007304663066322527
MAR05808	0.0007304663066322527
MAR05809	0.0007304663066322527
MAR05810	0.0007304663066322527
MAR05811	0.0007304663066322527
MAR05812	0.0007304663066322527
MAR05813	0.0007304663066322527
MAR05814	0.0007304663066322527
MAR05815	0.0007304663066322527
MAR05816	0.0007304663066322527
MAR05817	0.0007304663066322527
MAR05818	0.0007304663066322527
MAR05819	0.0007304663066322527
MAR05820	0.0007304663066322527
MAR05821	0.0007304663066322527
MAR05822	0.0007304663066322527
MAR05823	0.0007304663066322527
MAR05824	0.0007304663066322527
MAR05825	0.0007304663066322527
MAR05826	0.0007304663066322527
MAR05827	0.0007304663066322527
MAR05828	0.0007304663066322527
MAR05829	0.0007304663066322527
MAR05830	0.0007304663066322527
MAR05831	0.0007304663066322527
MAR05832	0.0007304663066322527
MAR05833	0.0007304663066322527
MAR05834	0.0007304663066322527
MAR05835	0.0007304663066322527
MAR05836	0.0007304663066322527
MAR05837	0.0007304663066322527
MAR05838	0.0007304663066322527
MAR05839	0.0007304663066322527
MAR05840	0.0007304663066322527
MAR05841	0.0007304663066322527
MAR05842	0.0007304663066322527
MAR05843	0.0007304663066322527
MAR05844	0.0007304663066322527
MAR05845	0.0007304663066322527
MAR05846	0.0007304663066322527
MAR05847	0.0007304663066322527
MAR05848	0.0007304663066322527
MAR05849	0.0007304663066322527
MAR05850	0.0007304663066322527
MAR05851	0.0007304663066322527
MAR05852	0.0007304663066322527
MAR05853	0.0007304663066322527
MAR05854	0.0007304663066322527
MAR05855	0.0007304663066322527
MAR05856	0.0007304663066322527
MAR05857	0.0007304663066322527
MAR05858	0.0007304663066322527
MAR05859	0.0007304663066322527
MAR05860	0.0007304663066322527
MAR05861	0.0007304663066322527
MAR05862	0.0007304663066322527
MAR05863	0.0007304663066322527
MAR05864	0.0007304663066322527
MAR05865	0.0007304663066322527
MAR05866	0.0007304663066322527
MAR05867	0.0007304663066322527
MAR05868	0.0007304663066322527
MAR05869	0.0007304663066322527
MAR05870	0.0007304663066322527
MAR05871	0.0007304663066322527
MAR05872	0.0007304663066322527
MAR05873	0.009360014418059979
MAR05874	0.0007304663066322527
MAR05875	0.0007304663066322527
MAR05876	0.0007304663066322527
MAR05877	0.0007304663066322527
MAR05878	0.0007304663066322527
MAR05879	0.0007304663066322527
MAR05880	0.0007304663066322527
MAR05881	0.0007304663066322527
MAR05882	0.0007304663066322527
MAR05883	0.0007304663066322527
MAR05884	0.0007304663066322527
MAR05885	0.0007304663066322527
MAR05886	0.0007304663066322527
MAR05887	0.0007304663066322527
MAR05888	0.0007304663066322527
MAR05889	0.0007304663066322527
MAR05890	0.0007304663066322527
MAR05891	0.0007304663066322527
MAR05892	0.0007304663066322527
MAR05893	0.0007304663066322527
MAR05894	0.0007304663066322527
MAR05895	0.0007304663066322527
MAR05896	0.0007304663066322527
MAR05897	0.0007304663066322527
MAR05898	0.0007304663066322527
MAR05899	0.0007304663066322527
MAR05900	0.0007304663066322527
MAR05901	0.0007304663066322527
MAR05902	0.0007304663066322527
MAR05903	0.0007304663066322527
MAR05904	0.0007304663066322527
MAR05905	0.0007304663066322527
MAR05906	0.0007304663066322527
MAR05907	0.0007304663066322527
MAR05908	0.0007304663066322527
MAR05909	0.0007304663066322527
MAR05910	0.0007304663066322527
MAR05911	0.0007304663066322527
MAR05912	0.0007304663066322527
MAR05913	0.0007304663066322527
MAR05914	0.0007304663066322527
MAR05915	0.0007304663066322527
MAR05916	0.0007304663066322527
MAR05917	0.0007304663066322527
MAR05918	0.0007304663066322527
MAR05919	0.0007304663066322527
MAR05920	0.0007304663066322527
MAR05921	0.0007304663066322527
MAR05922	0.0007304663066322527
MAR05923	0.0007304663066322527
MAR05924	0.0007304663066322527
MAR05925	0.0007304663066322527
MAR05926	0.0007304663066322527
MAR05927	0.0007304663066322527
MAR05928	0.0007304663066322527
MAR05929	0.0007304663066322527
MAR05930	0.0007304663066322527
MAR05931	0.0007304663066322527
MAR05932	0.0007304663066322527
MAR05933	0.0007304663066322527
MAR05934	0.0007304663066322527
MAR05935	0.0007304663066322527
MAR05936	0.0007304663066322527
MAR05937	0.0007304663066322527
MAR05938	0.0007304663066322527
MAR05939	0.0007304663066322527
MAR05940	0.0007304663066322527
MAR05941	0.0007304663066322527
MAR05942	0.0007304663066322527
MAR05943	0.0007304663066322527
MAR05944	0.0007304663066322527
MAR05945	0.0007304663066322527
MAR05946	0.0007304663066322527
MAR05947	0.0007304663066322527
MAR05948	0.0007304663066322527
MAR05949	0.0007304663066322527
MAR05950	0.0007304663066322527
MAR05951	0.0007304663066322527
MAR05952	0.0007304663066322527
MAR05953	0.0007304663066322527
MAR05954	0.0007304663066322527
MAR05955	0.0007304663066322527
MAR05956	0.0007304663066322527
MAR05957	0.0007304663066322527
MAR05958	0.0007304663066322527
MAR05959	0.0007304663066322527
MAR05960	0.0007304663066322527
MAR05961	0.0007304663066322527
MAR05962	0.0007304663066322527
MAR05963	0.0007304663066322527
MAR05964	0.0007304663066322527
MAR05965	0.0007304663066322527
MAR05966	0.0007304663066322527
MAR05967	0.0007304663066322527
MAR05968	0.0007304663066322527
MAR05969	0.0007304663066322527
MAR05970	0.0007304663066322527
MAR05971	0.0007304663066322527
MAR05972	0.0007304663066322527
MAR05973	0.0007304663066322527
MAR05974	0.0007304663066322527
MAR05975	0.0007304663066322527
MAR05976	0.0007304663066322527
MAR05977	0.0007304663066322527
MAR05978	0.0007304663066322527
MAR05979	0.0007304663066322527
MAR05980	0.0007304663066322527
MAR05981	0.0007304663066322527
MAR05982	0.0007304663066322527
MAR05983	0.0007304663066322527
MAR05984	0.0007304663066322527
MAR05985	0.0007304663066322527
MAR05986	0.0007304663066322527
MAR05987	0.0009165946843908825
MAR05989	0.009103190042741445
MAR05990	0.003399441755955576
MAR05992	0.00011649646084580889
MAR05993	0.00010544374154059859
MAR05994	3.876376698494929e-05
MAR05995	3.876376698494929e-05
MAR05996	0.0007304663066322527
MAR05997	3.876376698494929e-05
MAR05998	0.006733415847642129
MAR06000	0.006733415847642129
MAR06001	0.006733415847642129
MAR06002	0.006733415847642129
MAR06003	0.006733415847642129
MAR06004	0.006733415847642129
MAR06005	0.006733415847642129
MAR06006	0.006733415847642129
MAR06007	0.006733415847642129
MAR06008	0.006733415847642129
MAR06009	0.006733415847642129
MAR06010	0.006733415847642129
MAR06011	0.006733415847642129
MAR06012	0.006733415847642129
MAR06013	0.006733415847642129
MAR06014	0.006733415847642129
MAR06015	0.006733415847642129
MAR06016	0.006733415847642129
MAR06017	0.006733415847642129
MAR06018	0.006733415847642129
MAR06019	0.006733415847642129
MAR06020	0.006733415847642129
MAR06021	0.006733415847642129
MAR06022	0.006733415847642129
MAR06023	0.006733415847642129
MAR06024	0.006733415847642129
MAR06025	0.006733415847642129
MAR06026	0.006733415847642129
MAR06027	0.006733415847642129
MAR06028	0.006733415847642129
MAR06029	0.006733415847642129
MAR06030	0.006733415847642129
MAR06031	0.006733415847642129
MAR06032	0.006733415847642129
MAR06033	0.006733415847642129
MAR06034	0.006733415847642129
MAR06035	0.006733415847642129
MAR06036	0.006733415847642129
MAR06037	0.006733415847642129
MAR06038	0.006733415847642129
MAR06039	0.006733415847642129
MAR06040	0.006733415847642129
MAR06041	0.006733415847642129
MAR06042	0.006733415847642129
MAR06043	0.006733415847642129
MAR06044	0.006733415847642129
MAR06045	0.006733415847642129
MAR06046	0.006733415847642129
MAR06047	0.006733415847642129
MAR06048	0.006733415847642129
MAR06049	0.006733415847642129
MAR06050	0.006733415847642129
MAR06051	0.006733415847642129
MAR06052	0.006733415847642129
MAR06053	0.006733415847642129
MAR06054	0.006733415847642129
MAR06055	0.006486102824338656
MAR06056	0.006486102824338656
MAR06057	3.876376698494929e-05
MAR06058	3.876376698494929e-05
MAR06059	0.0004692929130243038
MAR06060	3.90298592561775e-05
MAR06061	3.90298592561775e-05
MAR06062	3.90298592561775e-05
MAR06063	3.90298592561775e-05
MAR06064	3.90298592561775e-05
MAR06065	3.90298592561775e-05
MAR06066	3.90298592561775e-05
MAR06067	3.90298592561775e-05
MAR06068	3.90298592561775e-05
MAR06069	3.90298592561775e-05
MAR06070	3.90298592561775e-05
MAR06071	3.90298592561775e-05
MAR06072	3.90298592561775e-05
MAR06073	3.90298592561775e-05
MAR06074	3.90298592561775e-05
MAR06075	3.90298592561775e-05
MAR06076	3.90298592561775e-05
MAR06077	3.90298592561775e-05
MAR06078	3.90298592561775e-05
MAR06079	3.90298592561775e-05
MAR06080	3.90298592561775e-05
MAR06081	3.90298592561775e-05
MAR06082	3.90298592561775e-05
MAR06083	3.90298592561775e-05
MAR06084	3.90298592561775e-05
MAR06085	3.90298592561775e-05
MAR06086	3.90298592561775e-05
MAR06087	3.90298592561775e-05
MAR06088	3.90298592561775e-05
MAR06089	3.90298592561775e-05
MAR06090	3.90298592561775e-05
MAR06091	3.90298592561775e-05
MAR06092	3.90298592561775e-05
MAR06093	3.90298592561775e-05
MAR06094	3.90298592561775e-05
MAR06095	3.90298592561775e-05
MAR06096	0.00011236338940240161
MAR06097	3.90298592561775e-05
MAR06098	0.00011236338940240161
MAR06099	3.90298592561775e-05
MAR06100	3.90298592561775e-05
MAR06101	0.000118406513056139
MAR06102	3.90298592561775e-05
MAR06103	3.876376698494929e-05
MAR06104	3.876376698494929e-05
MAR06105	3.876376698494929e-05
MAR06106	3.876376698494929e-05
MAR06107	3.876376698494929e-05
MAR06108	3.90298592561775e-05
MAR06109	3.90298592561775e-05
MAR06110	3.90298592561775e-05
MAR06111	3.90298592561775e-05
MAR06112	3.90298592561775e-05
MAR06113	3.90298592561775e-05
MAR06114	3.90298592561775e-05
MAR06115	3.90298592561775e-05
MAR06116	3.90298592561775e-05
MAR06117	3.90298592561775e-05
MAR06118	3.90298592561775e-05
MAR06119	3.90298592561775e-05
MAR06120	3.90298592561775e-05
MAR06121	3.90298592561775e-05
MAR06122	3.90298592561775e-05
MAR06123	3.876376698494929e-05
MAR06124	3.876376698494929e-05
MAR06125	3.876376698494929e-05
MAR06126	3.876376698494929e-05
MAR06127	3.876376698494929e-05
MAR06128	3.876376698494929e-05
MAR06129	0.000118406513056139
MAR06130	3.876376698494929e-05
MAR06131	3.876376698494929e-05
MAR06132	3.876376698494929e-05
MAR06133	3.876376698494929e-05
MAR06134	3.876376698494929e-05
MAR06135	3.876376698494929e-05
MAR06136	3.876376698494929e-05
MAR06137	3.876376698494929e-05
MAR06138	3.876376698494929e-05
MAR06139	3.876376698494929e-05
MAR06140	3.876376698494929e-05
MAR06141	3.876376698494929e-05
MAR06145	3.876376698494929e-05
MAR06146	3.876376698494929e-05
MAR06147	3.876376698494929e-05
MAR06148	3.876376698494929e-05
MAR06149	3.876376698494929e-05
MAR06150	3.876376698494929e-05
MAR06151	3.876376698494929e-05
MAR06152	3.876376698494929e-05
MAR06153	3.876376698494929e-05
MAR06154	3.876376698494929e-05
MAR06155	3.876376698494929e-05
MAR06156	3.876376698494929e-05
MAR06157	3.876376698494929e-05
MAR06158	3.876376698494929e-05
MAR06159	3.876376698494929e-05
MAR06160	3.876376698494929e-05
MAR06161	3.876376698494929e-05
MAR06162	3.876376698494929e-05
MAR06163	3.876376698494929e-05
MAR06164	3.876376698494929e-05
MAR06165	3.876376698494929e-05
MAR06166	3.876376698494929e-05
MAR06167	3.876376698494929e-05
MAR06168	3.876376698494929e-05
MAR06169	3.876376698494929e-05
MAR06170	3.876376698494929e-05
MAR06171	3.876376698494929e-05
MAR06172	3.876376698494929e-05
MAR06173	3.876376698494929e-05
MAR06174	3.876376698494929e-05
MAR06175	3.876376698494929e-05
MAR06176	3.876376698494929e-05
MAR06177	3.876376698494929e-05
MAR06178	3.876376698494929e-05
MAR06179	3.876376698494929e-05
MAR06180	3.876376698494929e-05
MAR06181	3.876376698494929e-05
MAR06182	3.876376698494929e-05
MAR06183	3.876376698494929e-05
MAR06184	3.876376698494929e-05
MAR06185	3.876376698494929e-05
MAR06186	3.876376698494929e-05
MAR06187	3.876376698494929e-05
MAR06188	3.876376698494929e-05
MAR06189	3.876376698494929e-05
MAR06190	3.876376698494929e-05
MAR06191	3.876376698494929e-05
MAR06192	3.876376698494929e-05
MAR06193	3.876376698494929e-05
MAR06194	3.876376698494929e-05
MAR06195	3.876376698494929e-05
MAR06196	3.876376698494929e-05
MAR06197	3.876376698494929e-05
MAR06198	3.876376698494929e-05
MAR06199	3.876376698494929e-05
MAR06200	3.876376698494929e-05
MAR06201	3.876376698494929e-05
MAR06202	3.876376698494929e-05
MAR06203	3.876376698494929e-05
MAR06204	3.876376698494929e-05
MAR06205	3.876376698494929e-05
MAR06206	3.876376698494929e-05
MAR06207	3.876376698494929e-05
MAR06208	3.876376698494929e-05
MAR06209	3.876376698494929e-05
MAR06210	3.876376698494929e-05
MAR06211	3.876376698494929e-05
MAR06212	3.876376698494929e-05
MAR06213	3.876376698494929e-05
MAR06214	3.90298592561775e-05
MAR06215	3.90298592561775e-05
MAR06216	3.90298592561775e-05
MAR06217	3.90298592561775e-05
MAR06218	4.58066688949901e-05
MAR06219	4.58066688949901e-05
MAR06221	4.58066688949901e-05
MAR06222	4.58066688949901e-05
MAR06223	4.58066688949901e-05
MAR06224	4.58066688949901e-05
MAR06225	4.58066688949901e-05
MAR06226	4.58066688949901e-05
MAR06227	4.58066688949901e-05
MAR06228	4.58066688949901e-05
MAR06229	4.58066688949901e-05
MAR06230	4.58066688949901e-05
MAR06231	4.58066688949901e-05
MAR06232	4.58066688949901e-05
MAR06233	4.58066688949901e-05
MAR06234	4.58066688949901e-05
MAR06235	4.58066688949901e-05
MAR06236	4.58066688949901e-05
MAR06237	4.58066688949901e-05
MAR06238	4.58066688949901e-05
MAR06239	4.58066688949901e-05
MAR06240	4.58066688949901e-05
MAR06241	0.00018010964447013423
MAR06242	3.876376698494929e-05
MAR06243	0.00018010964447013423
MAR06244	4.009073893341494e-05
MAR06245	8.684536756884557e-05
MAR06246	0.000118406513056139
MAR06247	8.684536756884557e-05
MAR06248	3.905991063608737e-05
MAR06249	4.219696807397336e-05
MAR06250	3.876376698494929e-05
MAR06251	0.00010544374154059859
MAR06253	3.876376698494929e-05
MAR06254	3.876376698494929e-05
MAR06255	3.876376698494929e-05
MAR06256	3.876376698494929e-05
MAR06257	0.00011236338940240161
MAR06258	3.876376698494929e-05
MAR06259	3.876376698494929e-05
MAR06260	0.00010544374154059859
MAR06261	3.876376698494929e-05
MAR06262	3.876376698494929e-05
MAR06263	3.876376698494929e-05
MAR06264	3.876376698494929e-05
MAR06265	3.876376698494929e-05
MAR06266	4.58066688949901e-05
MAR06267	3.876376698494929e-05
MAR06268	0.000118406513056139
MAR06269	0.00010544374154059859
MAR06270	3.876376698494929e-05
MAR06271	3.876376698494929e-05
MAR06272	3.876376698494929e-05
MAR06273	3.876376698494929e-05
MAR06274	3.876376698494929e-05
MAR06275	0.000782559468373438
MAR06351	3.876376698494929e-05
MAR06352	0.00011861927807639124
MAR06353	0.00011861927807639124
MAR06354	0.00011861927807639124
MAR06355	0.00011861927807639124
MAR06356	0.00011861927807639124
MAR06357	0.00011861927807639124
MAR06358	0.00011861927807639124
MAR06359	0.00011861927807639124
MAR06360	0.00011861927807639124
MAR06361	0.00011861927807639124
MAR06362	0.00011861927807639124
MAR06363	0.00011861927807639124
MAR06364	0.00011861927807639124
MAR06365	0.00011861927807639124
MAR06366	0.002010365803912125
MAR06367	0.002010365803912125
MAR06368	0.002010365803912125
MAR06369	0.002010365803912125
MAR06370	0.003688634842335247
MAR06371	0.001412730228656676
MAR06372	0.001412730228656676
MAR06373	0.001412730228656676
MAR06374	0.001412730228656676
MAR06375	0.01879618889956732
MAR06377	0.007243374040377871
MAR06379	0.0036931629176500725
MAR06380	4.9165625125805586e-05
MAR06381	0.01879618889956732
MAR06382	0.01879618889956732
MAR06383	0.0036931629176500725
MAR06384	0.01879618889956732
MAR06392	0.002975472361982393
MAR06424	0.00010544374154059859
MAR06439	0.00010544374154059859
MAR06462	0.00010544374154059859
MAR06474	0.0013232085276606255
MAR06505	0.00010544374154059859
MAR06512	0.006493002989144122
MAR06514	0.00010544374154059859
MAR06516	0.00010544374154059859
MAR06524	3.9259783691852005e-05
MAR06525	0.004422348654893128
MAR06526	0.0006008287641278787
MAR06527	0.003399441755955576
MAR06529	4.355665220744584e-05
MAR06530	0.000519774843762669
MAR06531	0.000519774843762669
MAR06532	0.000519774843762669
MAR06533	0.000519774843762669
MAR06534	0.001591934460555923
MAR06628	9.050961990954908e-05
MAR06732	0.00018010964447013423
MAR06733	3.876376698494929e-05
MAR06989	3.960313803649078e-05
MAR06991	0.00010544374154059859
MAR07109	0.00010544374154059859
MAR07111	0.00010544374154059859
MAR07113	0.00010544374154059859
MAR07115	0.00010544374154059859
MAR07117	0.00010544374154059859
MAR07119	0.00010544374154059859
MAR07121	0.00010544374154059859
MAR07123	0.00010544374154059859
MAR07125	0.00010544374154059859
MAR07127	0.00010544374154059859
MAR07173	0.00010544374154059859
MAR07184	0.00010544374154059859
MAR07223	0.00010544374154059859
MAR07253	0.00010544374154059859
MAR07372	0.00010544374154059859
MAR07453	0.00010544374154059859
MAR07482	0.00010544374154059859
MAR07499	0.00011348328158094751
MAR07511	0.00010544374154059859
MAR07523	0.00010544374154059859
MAR07539	0.00010544374154059859
MAR07555	0.00010544374154059859
MAR07568	0.0003592872302334464
MAR07569	0.0003592872302334464
MAR07579	0.00010544374154059859
MAR07583	0.00010544374154059859
MAR07608	0.00010544374154059859
MAR07609	0.00010544374154059859
MAR07629	0.009168131825835521
MAR07630	0.00019223184902570638
MAR07631	0.00024886799186513045
MAR07632	0.00024886799186513045
MAR07633	5.5346321298033076e-05
MAR07634	5.5346321298033076e-05
MAR07635	5.5346321298033076e-05
MAR07636	5.5346321298033076e-05
MAR07637	5.5346321298033076e-05
MAR07639	0.0012269521080917676
MAR07643	0.009360014418059979
MAR07644	0.009360014418059979
MAR07645	0.001412730228656676
MAR07650	0.0008057761808610162
MAR07651	0.00011236338940240161
MAR07660	0.00010544374154059859
MAR07666	0.0037813653480072065
MAR07667	0.0009940477112360966
MAR07679	0.00010544374154059859
MAR07680	3.876376698494929e-05
MAR07681	3.876376698494929e-05
MAR07682	0.0002269480970454191
MAR07683	0.0002269480970454191
MAR07684	0.0002269480970454191
MAR07685	0.0002269480970454191
MAR07686	0.0002269480970454191
MAR07687	0.0002269480970454191
MAR07690	0.00010544374154059859
MAR07691	0.0008057761808610162
MAR07692	0.0008057761808610162
MAR07699	7.456803826450957e-05
MAR07700	3.876376698494929e-05
MAR07734	3.876376698494929e-05
MAR07735	0.00020717561445207064
MAR07736	3.9954669549084935e-05
MAR07737	3.9954669549084935e-05
MAR07738	3.9954669549084935e-05
MAR07739	3.876376698494929e-05
MAR07774	0.00010544374154059859
MAR07781	0.00010544374154059859
MAR07787	0.00010544374154059859
MAR07798	0.00010544374154059859
MAR07896	0.00010544374154059859
MAR07898	0.00010544374154059859
MAR07900	0.00010544374154059859
MAR07901	0.00010544374154059859
MAR07902	0.001591934460555923
MAR07903	0.00010544374154059859
MAR07904	3.876376698494929e-05
MAR07905	3.876376698494929e-05
MAR07906	0.00010544374154059859
MAR07946	4.5072665450342784e-05
MAR07951	0.00010544374154059859
MAR07961	0.00010544374154059859
MAR07964	0.0009027769101346128
MAR07967	0.002975472361982393
MAR07975	0.00010544374154059859
MAR07977	0.00010544374154059859
MAR07979	0.00010544374154059859
MAR07982	0.002975472361982393
MAR07986	0.002975472361982393
MAR07990	0.002975472361982393
MAR07994	0.00010544374154059859
MAR07997	0.00010544374154059859
MAR08002	0.00010544374154059859
MAR08007	0.00010544374154059859
MAR08010	0.00010544374154059859
MAR08015	0.00010544374154059859
MAR08023	0.00010544374154059859
MAR08031	3.876376698494929e-05
MAR08033	0.00010544374154059859
MAR08035	0.00010544374154059859
MAR08039	0.00010544374154059859
MAR08041	0.00010544374154059859
MAR08042	0.00010544374154059859
MAR08044	0.00010544374154059859
MAR08045	0.00010544374154059859
MAR08047	0.00010544374154059859
MAR08048	0.00010544374154059859
MAR08050	0.00010544374154059859
MAR08051	0.00010544374154059859
MAR08053	0.00010544374154059859
MAR08054	0.00010544374154059859
MAR08056	0.00010544374154059859
MAR08057	0.00010544374154059859
MAR08061	0.00010544374154059859
MAR08073	0.00010544374154059859
MAR08075	0.006733415847642129
MAR08076	0.0015753459105593058
MAR08077	0.0015753459105593058
MAR08079	0.00010544374154059859
MAR08080	0.00010544374154059859
MAR08081	3.876376698494929e-05
MAR08090	0.00010544374154059859
MAR08095	0.00010544374154059859
MAR08100	0.00010544374154059859
MAR08101	0.00010544374154059859
MAR08103	0.00010544374154059859
MAR08104	0.00010544374154059859
MAR08154	0.00010544374154059859
MAR08158	0.00010544374154059859
MAR08161	0.00010544374154059859
MAR08164	0.00010544374154059859
MAR08214	0.00010544374154059859
MAR08223	0.00010544374154059859
MAR08225	0.00032004956046457957
MAR08229	0.00010544374154059859
MAR08231	0.00010544374154059859
MAR08240	0.00010544374154059859
MAR08247	0.00010544374154059859
MAR08253	0.00010544374154059859
MAR08266	0.00010544374154059859
MAR08270	0.00010544374154059859
MAR08273	0.00010544374154059859
MAR08283	0.00010544374154059859
MAR08290	0.00010544374154059859
MAR08297	0.00010544374154059859
MAR08300	0.00010544374154059859
MAR08304	0.00010544374154059859
MAR08311	0.00010544374154059859
MAR08313	0.00010544374154059859
MAR08315	0.00010544374154059859
MAR08321	0.00010544374154059859
MAR08324	0.00010544374154059859
MAR08329	0.00010544374154059859
MAR08336	0.00010544374154059859
MAR08339	0.00010544374154059859
MAR08340	0.00010544374154059859
MAR08343	0.00010544374154059859
MAR08354	0.001412730228656676
MAR08364	0.006733415847642129
MAR08374	0.00010544374154059859
MAR08408	0.00010544374154059859
MAR08420	0.00010544374154059859
MAR08429	0.005627662981885507
MAR08515	3.876376698494929e-05
MAR08520	0.00010544374154059859
MAR08536	0.00010544374154059859
MAR08551	3.876376698494929e-05
MAR08567	0.00010544374154059859
MAR08586	0.002429922163096711
MAR08593	0.00010544374154059859
MAR08595	0.00010544374154059859
MAR08597	0.00010544374154059859
MAR08599	0.00010544374154059859
MAR08600	0.00010544374154059859
MAR08602	0.00010544374154059859
MAR08612	0.00010544374154059859
MAR08618	0.00010544374154059859
MAR08629	0.00010544374154059859
MAR08631	3.876376698494929e-05
MAR08632	3.876376698494929e-05
MAR08633	0.002975472361982393
MAR08635	3.876376698494929e-05
MAR08636	0.00011348328158094751
MAR08656	0.00010544374154059859
MAR08658	0.0009027769101346128
MAR08659	3.90298592561775e-05
MAR08660	4.5072665450342784e-05
MAR08670	0.000519774843762669
MAR08671	4.355665220744584e-05
MAR08676	0.0010082237272398392
MAR08677	0.00030518062120130524
MAR08678	0.00010544374154059859
MAR08679	0.00010544374154059859
MAR08686	0.00010544374154059859
MAR08687	0.0007304663066322527
MAR08696	0.00010544374154059859
MAR08714	0.00010544374154059859
MAR08718	0.00010544374154059859
MAR08720	0.00010544374154059859
MAR08721	0.00010544374154059859
MAR08723	0.00010544374154059859
MAR08730	3.876376698494929e-05
MAR08732	3.876376698494929e-05
MAR08733	0.009360014418059979
MAR08734	0.009360014418059979
MAR08735	4.9165625125805586e-05
MAR08736	0.000519774843762669
MAR08760	0.00010544374154059859
MAR08797	0.00010544374154059859
MAR08798	0.00010544374154059859
MAR08846	0.0027385475965156646
MAR08847	3.905991063608737e-05
MAR08849	0.00010544374154059859
MAR08850	0.002975472361982393
MAR08852	0.00010544374154059859
MAR08853	3.876376698494929e-05
MAR08854	0.00010544374154059859
MAR08861	4.2363581193315473e-05
MAR08863	0.00010544374154059859
MAR08864	0.00010544374154059859
MAR08865	0.00010544374154059859
MAR08866	0.00010544374154059859
MAR08867	0.002429922163096711
MAR08869	0.00010544374154059859
MAR08870	0.00010544374154059859
MAR08872	3.943970592825178e-05
MAR08873	0.00010544374154059859
MAR08876	3.943970592825178e-05
MAR08877	3.876376698494929e-05
MAR08878	0.00010544374154059859
MAR08879	3.90298592561775e-05
MAR08881	0.00010544374154059859
MAR08883	0.00010544374154059859
MAR08884	3.876376698494929e-05
MAR08889	3.876376698494929e-05
MAR08892	4.0397237418250126e-05
MAR08893	0.00010544374154059859
MAR08896	0.00010544374154059859
MAR08898	0.00010544374154059859
MAR08899	0.00010544374154059859
MAR08901	0.00010544374154059859
MAR08903	0.00010544374154059859
MAR08905	0.00010544374154059859
MAR08907	0.00010544374154059859
MAR08911	0.0008937317653980879
MAR08912	0.0008937317653980879
MAR08913	0.00010544374154059859
MAR08917	0.00025865385878410835
MAR08922	0.00010544374154059859
MAR08923	0.00010544374154059859
MAR08924	3.960313803649078e-05
MAR08925	0.00563879225248077
MAR08927	0.00010544374154059859
MAR08929	0.001412730228656676
MAR08930	0.0009940477112360966
MAR08931	0.00010544374154059859
MAR08932	4.58066688949901e-05
MAR08933	4.58066688949901e-05
MAR08934	0.0008057761808610162
MAR08935	0.0008057761808610162
MAR08936	4.58066688949901e-05
MAR08937	0.00010544374154059859
MAR08938	4.375153338327946e-05
MAR08939	0.0038274572681515906
MAR08940	0.0038274572681515906
MAR08941	0.0038274572681515906
MAR08942	0.0038274572681515906
MAR08943	0.0038274572681515906
MAR08944	0.0038274572681515906
MAR08945	0.0038274572681515906
MAR08946	0.0038274572681515906
MAR08947	0.0038274572681515906
MAR09173	0.00010544374154059859
MAR09175	0.00010544374154059859
MAR09176	0.00010544374154059859
MAR09178	0.00010544374154059859
MAR09180	0.00010544374154059859
MAR09182	0.00010544374154059859
MAR09183	0.00010544374154059859
MAR09184	0.00010544374154059859
MAR09185	0.00010544374154059859
MAR09187	0.00010544374154059859
MAR09188	0.00010544374154059859
MAR09189	0.00010544374154059859
MAR09190	0.009360014418059979
MAR09191	0.009360014418059979
MAR09192	0.00018010964447013423
MAR09193	3.876376698494929e-05
MAR09195	3.876376698494929e-05
MAR09196	0.00034395349853791904
MAR09197	0.00034395349853791904
MAR09198	7.077476806248831e-05
MAR09590	0.001591934460555923
MAR09591	0.00014364720648441144
MAR09592	0.00014364720648441144
MAR09593	0.00014364720648441144
MAR09594	0.00014364720648441144
MAR09595	0.00014364720648441144
MAR09596	0.00014364720648441144
MAR09597	0.00014364720648441144
MAR09598	0.00014364720648441144
MAR09599	0.00014364720648441144
MAR09600	0.00014364720648441144
MAR09601	0.0025220567520913804
MAR09602	3.876376698494929e-05
MAR09603	3.876376698494929e-05
MAR09604	3.876376698494929e-05
MAR09605	4.9165625125805586e-05
MAR09606	4.9165625125805586e-05
MAR09607	0.0009940477112360966
MAR09608	0.0009940477112360966
MAR09609	0.0009940477112360966
MAR09610	3.876376698494929e-05
MAR09611	8.875962847335879e-05
MAR09612	0.00010544374154059859
MAR09613	4.0260954442435755e-05
MAR09614	3.876376698494929e-05
MAR09615	3.876376698494929e-05
MAR09616	0.00014364720648441144
MAR09617	4.375153338327946e-05
MAR09618	8.684536756884557e-05
MAR09619	9.08585860840387e-05
MAR09620	3.876376698494929e-05
MAR09621	9.517322357816587e-05
MAR09622	3.876376698494929e-05
MAR09623	3.876376698494929e-05
MAR09624	3.876376698494929e-05
MAR09635	0.00010544374154059859
MAR09636	0.00010544374154059859
MAR09637	0.00010544374154059859
MAR09638	0.00010544374154059859
MAR09639	0.00010544374154059859
MAR09640	0.00010544374154059859
MAR09641	0.00010544374154059859
MAR09642	0.00010544374154059859
MAR09643	0.00010544374154059859
MAR09644	0.00010544374154059859
MAR09645	0.00010544374154059859
MAR09646	0.00010544374154059859
MAR09647	0.00010544374154059859
MAR09648	0.00010544374154059859
MAR09649	0.00010544374154059859
MAR09650	0.00010544374154059859
MAR09651	0.00010544374154059859
MAR09652	0.00010544374154059859
MAR09653	0.00010544374154059859
MAR09654	0.00010544374154059859
MAR09655	0.00010544374154059859
MAR09656	0.00010544374154059859
MAR09657	0.00010544374154059859
MAR09658	0.00010544374154059859
MAR09659	0.00010544374154059859
MAR09660	0.00010544374154059859
MAR09661	0.00010544374154059859
MAR09662	0.00010544374154059859
MAR09663	0.00010544374154059859
MAR09720	0.00010544374154059859
MAR09728	0.00010544374154059859
MAR09731	0.00010544374154059859
MAR09737	0.00010544374154059859
MAR08071	0.00010544374154059859
MAR04312	0.014890911597578186
MAR08428	0.00010544374154059859
MAR08430	0.00010544374154059859
MAR08022	3.876376698494929e-05
MAR08070	0.00010544374154059859
MAR09015	0.00038214027717548905
MAR09020	5.252822279866414e-05
MAR00157	0.00010544374154059859
MAR00158	0.007843861897731357
MAR00166	0.00010544374154059859
MAR00169	0.0034915973894394754
MAR00172	0.00010544374154059859
MAR00175	0.00010544374154059859
MAR00178	0.00010544374154059859
MAR00182	0.00010544374154059859
MAR00185	0.00010544374154059859
MAR00446	0.00010544374154059859
MAR00578	0.00010544374154059859
MAR00587	0.00010544374154059859
MAR00962	0.00010544374154059859
MAR01145	0.00010544374154059859
MAR01173	0.00010544374154059859
MAR01187	0.00010544374154059859
MAR01215	0.00010544374154059859
MAR01243	0.00010544374154059859
MAR01267	0.00010544374154059859
MAR01284	0.00010544374154059859
MAR01572	0.00010544374154059859
MAR01602	0.00010544374154059859
MAR01915	0.00010544374154059859
MAR01925	0.00010544374154059859
MAR01930	0.00010544374154059859
MAR01936	0.00010544374154059859
MAR01994	0.00010544374154059859
MAR01997	0.00010544374154059859
MAR02008	0.00010544374154059859
MAR02012	0.00010544374154059859
MAR02065	0.00010544374154059859
MAR02080	0.00010544374154059859
MAR02094	0.00010544374154059859
MAR02105	0.00010544374154059859
MAR02116	0.013199288976881855
MAR02127	0.00010544374154059859
MAR02141	0.00013517014707289655
MAR02590	0.0020170300221731188
MAR03746	0.00010544374154059859
MAR03762	0.00010544374154059859
MAR03789	0.00010544374154059859
MAR03818	0.00010544374154059859
MAR03825	0.00125337319293919
MAR03863	0.00125337319293919
MAR03864	0.00125337319293919
MAR03921	0.00010544374154059859
MAR03946	0.00010544374154059859
MAR03949	0.00010544374154059859
MAR03950	0.00010544374154059859
MAR03952	0.00010544374154059859
MAR03954	0.00010544374154059859
MAR03971	0.00025208606172721497
MAR04184	0.0007380588751022329
MAR04237	3.876376698494929e-05
MAR04266	0.00010544374154059859
MAR04367	0.00010544374154059859
MAR04684	0.00010544374154059859
MAR04692	0.00010544374154059859
MAR04720	0.00010544374154059859
MAR04729	0.00010544374154059859
MAR04738	0.00010544374154059859
MAR04743	0.00010544374154059859
MAR04754	8.315157463482844e-05
MAR04756	8.315157463482844e-05
MAR04760	8.315157463482844e-05
MAR04850	0.00010544374154059859
MAR04851	0.00025208606172721497
MAR04852	0.0035681237147779333
MAR04854	0.00025208606172721497
MAR04855	0.0035681237147779333
MAR04862	0.00025208606172721497
MAR04863	0.00025208606172721497
MAR04864	0.00025208606172721497
MAR04865	0.00025208606172721497
MAR04867	0.00025208606172721497
MAR04868	0.00025208606172721497
MAR04870	0.00025208606172721497
MAR04871	0.00025208606172721497
MAR04872	0.00025208606172721497
MAR04874	0.00010544374154059859
MAR04888	4.554754576512413e-05
MAR04898	0.00010544374154059859
MAR04905	0.00010544374154059859
MAR04914	0.0005251411217657966
MAR04922	0.00010544374154059859
MAR04926	0.005241808788199344
MAR04944	0.0002269480970454191
MAR04951	3.876376698494929e-05
MAR04953	0.00010544374154059859
MAR04959	0.00010544374154059859
MAR04963	0.00010544374154059859
MAR04964	0.006230044408449365
MAR04971	0.006230044408449365
MAR04972	0.006230044408449365
MAR04957	0.00010544374154059859
MAR04977	0.0037813653480072065
MAR04979	0.00010544374154059859
MAR04997	0.002010365803912125
MAR04998	0.00010544374154059859
MAR05006	0.00010544374154059859
MAR05014	0.00010544374154059859
MAR05015	0.00010544374154059859
MAR05016	0.0037813653480072065
MAR05022	4.8304826444171186e-05
MAR05031	0.002010365803912125
MAR05033	0.002010365803912125
MAR05036	0.002010365803912125
MAR05043	0.008781923890028544
MAR05046	0.0018973891136747577
MAR05096	0.00010544374154059859
MAR05099	0.00010544374154059859
MAR05101	0.00010544374154059859
MAR05102	0.00010544374154059859
MAR05105	0.0012054340811947723
MAR05107	0.00010544374154059859
MAR05109	0.00010544374154059859
MAR05112	0.00010544374154059859
MAR05113	0.001510354917820195
MAR05114	0.00351916268157746
MAR05115	0.00010544374154059859
MAR05116	0.00010544374154059859
MAR05117	0.00010544374154059859
MAR05118	0.00010544374154059859
MAR05121	0.00010544374154059859
MAR05122	0.0011419384272648493
MAR05124	0.002130280791272095
MAR05125	0.00010544374154059859
MAR05126	0.00010544374154059859
MAR05222	0.00010544374154059859
MAR05223	0.00010544374154059859
MAR05225	0.00010544374154059859
MAR05227	0.00010544374154059859
MAR05292	0.0005765238126505079
MAR05304	0.00010544374154059859
MAR05348	0.006733415847642129
MAR05349	0.006733415847642129
MAR05361	0.00010544374154059859
MAR05411	0.0037813653480072065
MAR05420	0.0019314164886284565
MAR05426	0.00010544374154059859
MAR06276	0.006230044408449365
MAR06277	0.006230044408449365
MAR06286	0.006230044408449365
MAR06287	0.006230044408449365
MAR06288	0.006230044408449365
MAR06289	0.006230044408449365
MAR06290	0.006230044408449365
MAR06291	0.006230044408449365
MAR06292	0.006230044408449365
MAR06293	0.006230044408449365
MAR06294	0.006230044408449365
MAR06295	0.006230044408449365
MAR06296	0.006230044408449365
MAR06297	0.006230044408449365
MAR06298	0.006230044408449365
MAR06299	4.530310698616395e-05
MAR06300	4.530310698616395e-05
MAR06301	0.0012054340811947723
MAR06302	0.0012054340811947723
MAR06303	4.530310698616395e-05
MAR06304	4.530310698616395e-05
MAR06305	4.530310698616395e-05
MAR06306	4.530310698616395e-05
MAR06307	0.0012054340811947723
MAR06308	0.0012054340811947723
MAR06309	4.530310698616395e-05
MAR06310	4.530310698616395e-05
MAR06311	4.530310698616395e-05
MAR06312	4.530310698616395e-05
MAR06313	0.0012054340811947723
MAR06314	0.0012054340811947723
MAR06315	4.530310698616395e-05
MAR06316	4.530310698616395e-05
MAR06317	0.0012054340811947723
MAR06318	0.0012054340811947723
MAR06321	0.0012054340811947723
MAR06323	0.0012054340811947723
MAR06325	4.530310698616395e-05
MAR06326	4.530310698616395e-05
MAR06327	0.0012054340811947723
MAR06328	0.02663202388003135
MAR06330	0.00025208606172721497
MAR06331	0.00025208606172721497
MAR06332	0.0003170663190375517
MAR06333	0.0003170663190375517
MAR06334	0.0003170663190375517
MAR06335	0.0003170663190375517
MAR06336	0.0003170663190375517
MAR06337	0.0003170663190375517
MAR06338	0.0003170663190375517
MAR06339	0.0003170663190375517
MAR06340	0.0003170663190375517
MAR06341	0.0003170663190375517
MAR06342	0.0003170663190375517
MAR06343	0.0003170663190375517
MAR06389	9.018786075866829e-05
MAR06431	0.00010544374154059859
MAR06438	0.00010544374154059859
MAR06446	0.00010544374154059859
MAR06454	0.00010544374154059859
MAR06455	0.00010544374154059859
MAR06469	0.00010544374154059859
MAR06481	0.00010544374154059859
MAR06513	0.00010544374154059859
MAR06517	0.00010544374154059859
MAR06521	0.00025208606172721497
MAR06522	0.00025208606172721497
MAR06618	0.00010544374154059859
MAR06620	0.00010544374154059859
MAR06781	0.00010544374154059859
MAR06890	0.00010544374154059859
MAR06902	0.00010544374154059859
MAR07638	0.0007807893490329763
MAR07708	0.00010544374154059859
MAR07719	0.002010365803912125
MAR07723	0.002010365803912125
MAR07757	0.0034915973894394754
MAR07760	0.00018010964447013423
MAR07769	0.00038214027717548905
MAR07804	0.0003170663190375517
MAR07806	0.0003170663190375517
MAR07808	0.0003170663190375517
MAR07810	0.0003170663190375517
MAR07812	0.0003170663190375517
MAR07814	0.0003170663190375517
MAR07815	0.0003170663190375517
MAR07816	0.0003170663190375517
MAR07818	0.0003170663190375517
MAR07820	0.0003170663190375517
MAR07822	0.0003170663190375517
MAR07824	0.0003170663190375517
MAR07825	0.0003170663190375517
MAR07826	0.0003170663190375517
MAR07827	0.0003170663190375517
MAR07828	0.0003170663190375517
MAR07829	0.0003170663190375517
MAR07830	0.0003170663190375517
MAR07831	0.0003170663190375517
MAR07832	0.0003170663190375517
MAR07833	0.0003170663190375517
MAR07834	0.0003170663190375517
MAR07835	0.0003170663190375517
MAR07836	0.0003170663190375517
MAR07837	0.0003170663190375517
MAR07838	0.0003170663190375517
MAR07839	0.0003170663190375517
MAR07840	0.0003170663190375517
MAR07841	0.0003170663190375517
MAR07842	0.0003170663190375517
MAR07843	0.0003170663190375517
MAR07844	0.0003170663190375517
MAR07845	0.0003170663190375517
MAR07846	0.0003170663190375517
MAR07847	0.0003170663190375517
MAR07848	0.0003170663190375517
MAR07849	0.0003170663190375517
MAR07850	0.0003170663190375517
MAR07851	0.0003170663190375517
MAR07852	0.0003170663190375517
MAR07853	0.0003170663190375517
MAR07854	0.0003170663190375517
MAR07897	0.00010544374154059859
MAR07899	0.00010544374154059859
MAR07914	0.00010544374154059859
MAR07917	0.00010544374154059859
MAR07923	0.00010544374154059859
MAR07995	0.00010544374154059859
MAR07998	0.00010544374154059859
MAR08000	0.00010544374154059859
MAR08001	0.00010544374154059859
MAR08009	0.00010544374154059859
MAR08089	5.0059659253396715e-05
MAR08093	0.00010544374154059859
MAR08099	0.00010544374154059859
MAR08120	0.00010544374154059859
MAR08122	0.00010544374154059859
MAR08124	0.00010544374154059859
MAR08126	0.00010544374154059859
MAR08128	0.00010544374154059859
MAR08356	0.00010544374154059859
MAR08365	0.0037813653480072065
MAR08411	0.00010544374154059859
MAR08438	0.00010544374154059859
MAR08475	0.002010365803912125
MAR08505	0.00010544374154059859
MAR08510	0.00010544374154059859
MAR08513	0.0037813653480072065
MAR08528	0.00010544374154059859
MAR08532	0.00010544374154059859
MAR08562	0.00010544374154059859
MAR08614	0.00015786248136671725
MAR08627	0.00010544374154059859
MAR08655	0.00010544374154059859
MAR08657	0.00010544374154059859
MAR08680	0.00010544374154059859
MAR08731	0.00010544374154059859
MAR08741	0.00025208606172721497
MAR08742	0.00025208606172721497
MAR08776	0.00010544374154059859
MAR08785	0.00010544374154059859
MAR08848	0.00010544374154059859
MAR08890	0.00010544374154059859
MAR08891	0.00010544374154059859
MAR08910	0.002010365803912125
MAR09174	0.00010544374154059859
MAR09194	0.00010544374154059859
MAR09675	0.00010544374154059859
MAR09676	0.00010544374154059859
MAR09677	0.00010544374154059859
MAR09014	0.00010544374154059859
MAR00707	0.00010544374154059859
MAR00713	0.020287896943740107
MAR01104	0.00010544374154059859
MAR01135	0.00010544374154059859
MAR01144	0.00010544374154059859
MAR01172	0.00010544374154059859
MAR01188	0.00010544374154059859
MAR01214	0.00010544374154059859
MAR01242	0.00010544374154059859
MAR01268	0.00010544374154059859
MAR01283	0.00010544374154059859
MAR01286	0.00010544374154059859
MAR01443	0.0037813653480072065
MAR02067	0.00010544374154059859
MAR02082	0.00010544374154059859
MAR02093	0.00010544374154059859
MAR02104	0.00010544374154059859
MAR02407	0.001861818342948034
MAR02509	0.001861818342948034
MAR02547	0.00010544374154059859
MAR02575	0.00010544374154059859
MAR03007	0.0037813653480072065
MAR03008	0.01074121674135979
MAR03011	0.01074121674135979
MAR03013	0.01074121674135979
MAR03014	0.01074121674135979
MAR03017	0.01074121674135979
MAR03018	0.001861818342948034
MAR03019	0.001861818342948034
MAR03020	0.001861818342948034
MAR03021	0.001861818342948034
MAR03022	0.001861818342948034
MAR03023	0.001861818342948034
MAR03024	0.001861818342948034
MAR03025	0.001861818342948034
MAR03026	0.00025865385878410835
MAR03473	0.0013784182239311978
MAR03848	0.00010544374154059859
MAR03850	0.00010544374154059859
MAR03867	0.00010544374154059859
MAR03947	0.00010544374154059859
MAR03948	0.00010544374154059859
MAR04393	0.00010544374154059859
MAR04468	0.00010544374154059859
MAR04469	0.00010544374154059859
MAR04647	0.00010544374154059859
MAR04790	0.00010544374154059859
MAR04890	0.00010544374154059859
MAR04900	0.00010544374154059859
MAR04908	0.00476644967157374
MAR04924	0.00010544374154059859
MAR04930	0.006733415847642129
MAR04945	0.00010544374154059859
MAR04986	0.0025220567520913804
MAR05344	0.00010544374154059859
MAR05346	0.00010544374154059859
MAR05362	0.00010544374154059859
MAR05414	0.00010544374154059859
MAR05452	0.0025220567520913804
MAR05453	0.00010544374154059859
MAR06928	0.00010544374154059859
MAR06937	0.00010544374154059859
MAR06986	0.00010544374154059859
MAR06987	0.00010544374154059859
MAR07590	0.00010544374154059859
MAR07596	0.00010544374154059859
MAR07640	0.00010544374154059859
MAR07646	0.001412730228656676
MAR07705	0.00010544374154059859
MAR07707	0.00010544374154059859
MAR07777	0.00010544374154059859
MAR07779	0.00010544374154059859
MAR07797	0.00010544374154059859
MAR08016	0.00010544374154059859
MAR08020	0.00010544374154059859
MAR08359	0.00010544374154059859
MAR08414	0.00010544374154059859
MAR08754	0.00010544374154059859
MAR08756	0.00010544374154059859
MAR08860	0.00010544374154059859
MAR08926	0.00010544374154059859
MAR09179	0.00010544374154059859
MAR09181	0.00010544374154059859
MAR09678	0.00010544374154059859
MAR09679	0.00010544374154059859
MAR09680	0.00010544374154059859
MAR09017	0.00010544374154059859
MAR00984	0.00010544374154059859
MAR01089	0.00010544374154059859
MAR01090	0.00010544374154059859
MAR01094	0.00010544374154059859
MAR01095	0.00010544374154059859
MAR02564	0.00010544374154059859
MAR02585	0.0038947135728669867
MAR04274	0.00010544374154059859
MAR04275	0.00010544374154059859
MAR04277	0.00010544374154059859
MAR04535	0.0004433071773157796
MAR04538	0.00010544374154059859
MAR04893	0.00010544374154059859
MAR04904	0.00010544374154059859
MAR04916	0.00010544374154059859
MAR05422	0.00010544374154059859
MAR05423	0.00010544374154059859
MAR05424	0.00010544374154059859
MAR06617	0.00010544374154059859
MAR06619	0.00010544374154059859
MAR07653	0.00010544374154059859
MAR07664	0.00010544374154059859
MAR07665	0.00010544374154059859
MAR07712	0.00010544374154059859
MAR07763	0.00010544374154059859
MAR07764	0.00010544374154059859
MAR07765	0.00010544374154059859
MAR07767	0.00010544374154059859
MAR07773	0.00010544374154059859
MAR07786	0.00010544374154059859
MAR07792	0.00010544374154059859
MAR07795	0.00010544374154059859
MAR07796	0.0026275196869780387
MAR07855	0.00010544374154059859
MAR07856	0.00010544374154059859
MAR07857	0.00010544374154059859
MAR07858	0.00010544374154059859
MAR07859	0.00010544374154059859
MAR07860	0.00010544374154059859
MAR07861	0.00010544374154059859
MAR07862	0.00010544374154059859
MAR07877	0.00010544374154059859
MAR08024	0.00010544374154059859
MAR08028	0.00010544374154059859
MAR08082	0.00010544374154059859
MAR08361	0.00010544374154059859
MAR08363	0.00010544374154059859
MAR08412	0.00010544374154059859
MAR08447	0.00010544374154059859
MAR08476	0.002010365803912125
MAR08789	0.00010544374154059859
MAR08828	0.00010544374154059859
MAR08837	0.00010544374154059859
MAR08838	0.00010544374154059859
MAR08839	0.00010544374154059859
MAR08840	0.00010544374154059859
MAR08841	0.00010544374154059859
MAR08842	0.00010544374154059859
MAR08843	0.00010544374154059859
MAR08844	0.00010544374154059859
MAR08845	0.00010544374154059859
MAR08862	0.00010544374154059859
MAR08868	0.00010544374154059859
MAR08871	0.00010544374154059859
MAR08894	0.00010544374154059859
MAR08909	0.00010544374154059859
MAR08918	0.00010544374154059859
MAR09673	0.00010544374154059859
MAR09674	0.00010544374154059859
MAR08638	0.00010544374154059859
MAR08642	0.00010544374154059859
MAR04314	0.014890911597578186
MAR09016	0.00010544374154059859
MAR09018	0.00010544374154059859
MAR00769	0.00010544374154059859
MAR00791	0.00010544374154059859
MAR00796	0.00010544374154059859
MAR00798	0.00010544374154059859
MAR00802	0.00010544374154059859
MAR00831	0.00010544374154059859
MAR00913	0.00010544374154059859
MAR00929	0.00010544374154059859
MAR01917	0.013778523799778905
MAR02040	0.00010544374154059859
MAR02087	0.00010544374154059859
MAR02090	0.00010544374154059859
MAR02101	0.00010544374154059859
MAR03987	0.00010544374154059859
MAR04887	0.00010544374154059859
MAR04903	0.00010544374154059859
MAR04907	0.00476644967157374
MAR04962	0.00010544374154059859
MAR05047	0.0003170663190375517
MAR05048	0.001412730228656676
MAR05049	0.001412730228656676
MAR05050	0.001412730228656676
MAR05051	0.001412730228656676
MAR05052	0.001412730228656676
MAR05053	0.001412730228656676
MAR05054	0.001412730228656676
MAR05055	0.001412730228656676
MAR05056	0.001412730228656676
MAR05057	0.001412730228656676
MAR05058	0.001412730228656676
MAR05059	0.001412730228656676
MAR05060	0.001412730228656676
MAR05061	0.001412730228656676
MAR05062	0.001412730228656676
MAR05063	0.001412730228656676
MAR05064	0.001412730228656676
MAR05065	0.001412730228656676
MAR05066	0.001412730228656676
MAR05067	0.001412730228656676
MAR05197	0.00010544374154059859
MAR05199	0.00010544374154059859
MAR05201	0.00010544374154059859
MAR05204	0.00010544374154059859
MAR05212	0.00010544374154059859
MAR05214	0.00010544374154059859
MAR05217	0.00010544374154059859
MAR05218	0.00010544374154059859
MAR05220	0.00010544374154059859
MAR05224	0.00010544374154059859
MAR05226	0.00010544374154059859
MAR05228	0.00010544374154059859
MAR05230	0.00010544374154059859
MAR07196	0.004736035298155041
MAR07199	0.00010544374154059859
MAR07224	0.00010544374154059859
MAR07252	0.00010544374154059859
MAR07283	0.00010544374154059859
MAR07374	0.00010544374154059859
MAR07430	0.00010544374154059859
MAR07454	0.00010544374154059859
MAR07470	0.00010544374154059859
MAR07483	0.00010544374154059859
MAR07500	0.00010544374154059859
MAR07512	0.00010544374154059859
MAR07524	0.00010544374154059859
MAR07540	0.00010544374154059859
MAR07556	0.00010544374154059859
MAR07570	0.00010544374154059859
MAR07581	0.00010544374154059859
MAR07584	0.00010544374154059859
MAR07710	0.0003461870241808194
MAR07711	0.00010544374154059859
MAR07714	0.0003461870241808194
MAR07715	0.00010544374154059859
MAR07718	0.0003461870241808194
MAR07720	0.00010544374154059859
MAR07722	0.0003461870241808194
MAR07724	0.00010544374154059859
MAR07726	0.0003461870241808194
MAR07727	0.00010544374154059859
MAR07729	0.0003461870241808194
MAR07730	0.00010544374154059859
MAR07732	0.00010544374154059859
MAR07762	0.00010544374154059859
MAR07770	0.00010544374154059859
MAR07799	0.005799337307506474
MAR07907	0.00010544374154059859
MAR07915	0.00010544374154059859
MAR07918	0.00010544374154059859
MAR07924	0.00010544374154059859
MAR07927	0.00010544374154059859
MAR08118	0.00010544374154059859
MAR08119	0.00010544374154059859
MAR08121	0.00010544374154059859
MAR08123	0.00010544374154059859
MAR08125	0.00010544374154059859
MAR08127	0.00010544374154059859
MAR08131	0.00010544374154059859
MAR08134	0.00010544374154059859
MAR08196	0.00010544374154059859
MAR08200	0.00010544374154059859
MAR08202	0.00010544374154059859
MAR08203	0.00010544374154059859
MAR08208	0.00010544374154059859
MAR08216	0.00010544374154059859
MAR08244	0.00010544374154059859
MAR08355	0.001412730228656676
MAR08370	0.00010544374154059859
MAR08490	0.00010544374154059859
MAR08491	0.00010544374154059859
MAR08492	0.00010544374154059859
MAR08531	0.00010544374154059859
MAR08588	0.00010544374154059859
MAR08590	0.00010544374154059859
MAR08688	0.001412730228656676
MAR08753	0.00010544374154059859
MAR08763	0.00010544374154059859
MAR08765	0.00010544374154059859
MAR08858	0.00010544374154059859
MAR08875	0.00010544374154059859
MAR08885	0.00010544374154059859
MAR08887	0.004736035298155041
MAR08908	0.004736035298155041
MAR08928	0.001412730228656676
MAR09672	0.00010544374154059859
MAR00612	0.00010544374154059859
MAR03597	0.00010544374154059859
MAR04961	0.00010544374154059859
MAR05045	0.00010544374154059859
MAR05248	0.00010544374154059859
MAR05249	0.00010544374154059859
MAR05250	0.00010544374154059859
MAR05251	0.00010544374154059859
MAR05252	0.00010544374154059859
MAR05253	0.00010544374154059859
MAR05255	0.00010544374154059859
MAR07198	0.00010544374154059859
MAR07284	0.00010544374154059859
MAR09738	0.00010544374154059859
MAR09739	0.00010544374154059859
MAR09740	0.00010544374154059859
MAR09741	0.00010544374154059859
MAR09742	0.00010544374154059859
MAR09743	0.00010544374154059859
MAR09744	0.00010544374154059859
MAR09745	0.00010544374154059859
MAR09746	0.00010544374154059859
MAR09747	0.00010544374154059859
MAR09748	0.00010544374154059859
MAR09749	0.00010544374154059859
MAR09750	0.00010544374154059859
MAR09751	0.00010544374154059859
MAR09752	0.00010544374154059859
MAR09753	0.00010544374154059859
MAR09754	0.00010544374154059859
MAR09755	0.00010544374154059859
MAR09756	0.00010544374154059859
MAR09757	0.00010544374154059859
MAR09758	0.00010544374154059859
MAR09759	0.00010544374154059859
MAR09760	0.00010544374154059859
MAR09761	0.00010544374154059859
MAR09762	0.00010544374154059859
MAR09763	0.00010544374154059859
MAR09764	0.00010544374154059859
MAR09765	0.00010544374154059859
MAR09766	0.00010544374154059859
MAR09767	0.00010544374154059859
MAR09768	0.00010544374154059859
MAR09769	0.00010544374154059859
MAR09770	0.00010544374154059859
MAR09771	0.00010544374154059859
MAR09772	0.00010544374154059859
MAR09773	0.00010544374154059859
MAR09774	0.00010544374154059859
MAR09775	0.00010544374154059859
MAR09776	0.00010544374154059859
MAR09777	0.00010544374154059859
MAR09778	0.00010544374154059859
MAR09779	0.00010544374154059859
MAR09780	0.00010544374154059859
MAR09781	0.00010544374154059859
MAR09782	0.00010544374154059859
MAR09783	0.00010544374154059859
MAR09784	0.00010544374154059859
MAR09785	0.00010544374154059859
MAR09786	0.00010544374154059859
MAR09787	0.00010544374154059859
MAR09788	0.00010544374154059859
MAR09789	0.00010544374154059859
MAR09790	0.00010544374154059859
MAR09791	0.00010544374154059859
MAR09792	0.00010544374154059859
MAR09793	6.798844077453319e-05
MAR09794	0.00010544374154059859
MAR09795	0.00010544374154059859
MAR09796	0.00010544374154059859
MAR00652	0.00010544374154059859
MAR00717	0.00010544374154059859
MAR00731	0.0007299696646292787
MAR00732	0.00010544374154059859
MAR00734	0.00010544374154059859
MAR00917	0.00010544374154059859
MAR00918	0.0015491187312405123
MAR01916	0.013778523799778905
MAR04125	0.0015491187312405123
MAR04892	0.00010544374154059859
MAR04902	0.00010544374154059859
MAR04955	0.00010544374154059859
MAR06577	0.00010544374154059859
MAR06578	0.014890911597578186
MAR07201	0.00010544374154059859
MAR07204	0.00010544374154059859
MAR07331	0.00010544374154059859
MAR07431	0.00010544374154059859
MAR07433	0.0016648993086843835
MAR07434	0.00039427150863162273
MAR07435	0.00010544374154059859
MAR07437	0.00010544374154059859
MAR07675	0.0027385475965156646
MAR07693	0.0004433071773157796
MAR07694	0.0007329622359563729
MAR07695	0.0007329622359563729
MAR07733	0.0022356404089791935
MAR07740	0.011365191781766556
MAR07743	0.004504266798633755
MAR07759	0.00351916268157746
MAR07761	0.00018010964447013423
MAR07793	0.00010544374154059859
MAR08084	0.00010544374154059859
MAR08086	0.00010544374154059859
MAR08145	0.00010544374154059859
MAR08146	0.0007299696646292787
MAR08153	0.00010544374154059859
MAR08157	0.00010544374154059859
MAR08160	0.00010544374154059859
MAR08163	0.00010544374154059859
MAR08193	0.00010544374154059859
MAR08195	0.00010544374154059859
MAR08199	0.00010544374154059859
MAR08205	0.00010544374154059859
MAR08207	0.00010544374154059859
MAR08213	0.00010544374154059859
MAR08215	0.00010544374154059859
MAR08222	0.00010544374154059859
MAR08230	0.00010544374154059859
MAR08232	0.00010544374154059859
MAR08241	0.00010544374154059859
MAR08243	0.00010544374154059859
MAR08252	0.00010544374154059859
MAR08259	0.00010544374154059859
MAR08265	0.00010544374154059859
MAR08269	0.00010544374154059859
MAR08272	0.00010544374154059859
MAR08282	0.00010544374154059859
MAR08289	0.00010544374154059859
MAR08296	0.00010544374154059859
MAR08299	0.00010544374154059859
MAR08303	0.00010544374154059859
MAR08310	0.00010544374154059859
MAR08312	0.00010544374154059859
MAR08314	0.00010544374154059859
MAR08320	0.00010544374154059859
MAR08323	0.00010544374154059859
MAR08328	0.00010544374154059859
MAR08335	0.00010544374154059859
MAR08338	0.00010544374154059859
MAR08496	0.0005765238126505079
MAR08524	0.00010544374154059859
MAR08527	0.00010544374154059859
MAR08661	0.0007159429597654137
MAR08673	0.00010544374154059859
MAR08793	0.00010544374154059859
MAR08834	0.00010544374154059859
MAR08856	0.00010544374154059859
MAR08857	0.0015491187312405123
MAR08874	0.00010544374154059859
MAR08880	0.00010544374154059859
MAR08882	0.00010544374154059859
MAR08895	0.00010544374154059859
MAR08897	0.00010544374154059859
MAR08900	0.00010544374154059859
MAR08902	0.00010544374154059859
MAR08904	0.00010544374154059859
MAR08920	0.00010544374154059859
MAR09199	0.0016520061310277057
MAR09664	0.00010544374154059859
MAR09665	0.00010544374154059859
MAR09666	0.00010544374154059859
MAR09667	0.00010544374154059859
MAR09668	0.00010544374154059859
MAR09669	0.00010544374154059859
MAR09670	0.00010544374154059859
MAR09671	0.00010544374154059859
MAR07182	0.00010544374154059859
MAR07330	0.00010544374154059859
MAR07432	0.00010544374154059859
MAR04313	0.014890911597578186
MAR07307	0.00010544374154059859
MAR01809	0.00010544374154059859
MAR00020	0.00010544374154059859
MAR00461	0.00045568177241433387
MAR00462	0.00010544374154059859
MAR00466	0.00010544374154059859
MAR00467	0.00010544374154059859
MAR00664	0.0009720962656700793
MAR00730	0.0035302124268951447
MAR00768	0.0007299696646292787
MAR00771	0.00010544374154059859
MAR00966	0.00010544374154059859
MAR01035	0.00010544374154059859
MAR01143	0.00010544374154059859
MAR01189	0.00010544374154059859
MAR01240	0.00010544374154059859
MAR01252	0.00010544374154059859
MAR01269	0.00010544374154059859
MAR01306	0.00010544374154059859
MAR01309	0.00010544374154059859
MAR01311	0.00010544374154059859
MAR01316	0.00010544374154059859
MAR01331	0.00010544374154059859
MAR01392	0.0038947135728669867
MAR01530	0.00010544374154059859
MAR01672	0.00010544374154059859
MAR01937	0.00010544374154059859
MAR01998	0.00010544374154059859
MAR02039	0.00010544374154059859
MAR02066	0.00010544374154059859
MAR02081	0.00010544374154059859
MAR02092	0.00010544374154059859
MAR02103	0.00010544374154059859
MAR02554	0.00010544374154059859
MAR02569	0.00010544374154059859
MAR02777	0.00025865385878410835
MAR03953	0.00010544374154059859
MAR04123	0.00010544374154059859
MAR04126	0.00010544374154059859
MAR04765	0.00010544374154059859
MAR04846	0.00010544374154059859
MAR04856	0.00010544374154059859
MAR04860	0.00010544374154059859
MAR04876	0.00010544374154059859
MAR04877	0.00010544374154059859
MAR04878	0.00010544374154059859
MAR04879	0.00010544374154059859
MAR04880	0.0015204436051735558
MAR04881	0.00039427150863162273
MAR04883	0.00010544374154059859
MAR04894	0.00010544374154059859
MAR04906	0.00476644967157374
MAR04913	0.00010544374154059859
MAR04917	0.00010544374154059859
MAR04941	0.00010544374154059859
MAR04942	0.0002269480970454191
MAR04960	0.00010544374154059859
MAR05004	4.133267810078158e-05
MAR05012	0.00010544374154059859
MAR05027	0.0027385475965156646
MAR05203	0.00010544374154059859
MAR05205	0.00010544374154059859
MAR05207	0.00010544374154059859
MAR05209	0.00010544374154059859
MAR05210	0.00010544374154059859
MAR05211	0.00010544374154059859
MAR05245	0.00010544374154059859
MAR05342	4.9933453315060434e-05
MAR05347	0.00010544374154059859
MAR05354	0.00010544374154059859
MAR06385	0.0016648993086843835
MAR06386	0.00010544374154059859
MAR06387	0.00010544374154059859
MAR06388	0.00010544374154059859
MAR06425	0.00010544374154059859
MAR06430	0.00010544374154059859
MAR06440	0.00010544374154059859
MAR06445	0.00010544374154059859
MAR06463	0.00010544374154059859
MAR06468	0.00010544374154059859
MAR06475	0.00010544374154059859
MAR06480	0.00010544374154059859
MAR06629	0.00010544374154059859
MAR06797	0.00010544374154059859
MAR06990	0.00010544374154059859
MAR07257	0.00010544374154059859
MAR07272	0.00010544374154059859
MAR07273	0.00010544374154059859
MAR07649	0.00011236338940240161
MAR07766	0.00010544374154059859
MAR07768	0.00010544374154059859
MAR07772	0.00010544374154059859
MAR07776	0.00010544374154059859
MAR07778	0.00010544374154059859
MAR07780	0.00010544374154059859
MAR07784	0.00010544374154059859
MAR07789	0.00010544374154059859
MAR07791	0.00010544374154059859
MAR07929	0.00010544374154059859
MAR07933	0.00010544374154059859
MAR07944	0.00010544374154059859
MAR07947	0.00010544374154059859
MAR07949	0.00010544374154059859
MAR07953	0.00010544374154059859
MAR07956	0.00010544374154059859
MAR07960	0.00010544374154059859
MAR07963	0.00010544374154059859
MAR07966	0.00010544374154059859
MAR07969	0.00010544374154059859
MAR07981	0.00010544374154059859
MAR07983	0.00010544374154059859
MAR07985	0.00010544374154059859
MAR07988	0.00010544374154059859
MAR07989	0.00010544374154059859
MAR08030	0.00010544374154059859
MAR08058	0.00010544374154059859
MAR08060	0.00010544374154059859
MAR08234	0.00010544374154059859
MAR08236	0.00010544374154059859
MAR08239	0.00010544374154059859
MAR08347	0.00010544374154059859
MAR08350	0.00010544374154059859
MAR08351	0.00010544374154059859
MAR08358	0.00010544374154059859
MAR08369	0.0015204436051735558
MAR08382	0.00010544374154059859
MAR08526	0.00010544374154059859
MAR08553	0.00010544374154059859
MAR08594	0.00010544374154059859
MAR08651	0.00010544374154059859
MAR08681	0.00010544374154059859
MAR08715	0.00010544374154059859
MAR08716	0.00010544374154059859
MAR08719	0.00010544374154059859
MAR08722	0.00010544374154059859
MAR08737	0.00010544374154059859
MAR08851	0.00010544374154059859
MAR08855	0.00010544374154059859
MAR08859	0.00010544374154059859
MAR08886	0.00010544374154059859
MAR08888	0.00010544374154059859
MAR08906	0.00010544374154059859
MAR08914	0.00010544374154059859
MAR08915	0.00010544374154059859
MAR08919	0.00010544374154059859
MAR08921	0.00010544374154059859
MAR09177	0.00010544374154059859
MAR09200	0.011930561326948395
MAR09625	0.00010544374154059859
MAR09626	0.00010544374154059859
MAR09627	0.00010544374154059859
MAR09628	0.00010544374154059859
MAR09629	0.00010544374154059859
MAR09630	0.00010544374154059859
MAR09631	0.00010544374154059859
MAR09632	0.00010544374154059859
MAR09633	0.00010544374154059859
MAR09634	0.00010544374154059859
MAR09716	0.00010544374154059859
MAR09724	0.00010544374154059859
MAR09732	0.00010544374154059859
MAR07108	0.00010544374154059859
MAR07110	0.00010544374154059859
MAR07112	0.00010544374154059859
MAR07114	0.00010544374154059859
MAR07116	0.00010544374154059859
MAR07118	0.00010544374154059859
MAR07120	0.00010544374154059859
MAR07122	0.00010544374154059859
MAR07124	0.00010544374154059859
MAR07126	0.00010544374154059859
MAR09023	0.00010544374154059859
MAR09024	0.00010544374154059859
MAR09032	0.00010544374154059859
MAR09808	0.00010544374154059859
MAR09809	0.00010544374154059859
MAR09810	0.00010544374154059859
MAR09811	0.00010544374154059859
MAR09812	0.00010544374154059859
MAR09813	0.00010544374154059859
MAR09814	0.00010544374154059859
MAR09815	0.00010544374154059859
MAR09816	0.00010544374154059859
MAR09033	0.00010544374154059859
MAR09034	0.00010544374154059859
MAR09035	0.00010544374154059859
MAR09036	0.00010544374154059859
MAR09037	0.00010544374154059859
MAR09038	0.00010544374154059859
MAR09039	0.00010544374154059859
MAR09040	0.00010544374154059859
MAR09041	0.00010544374154059859
MAR09042	0.00010544374154059859
MAR09043	0.00010544374154059859
MAR09044	0.00010544374154059859
MAR09045	0.00010544374154059859
MAR09046	0.00010544374154059859
MAR09047	0.00010544374154059859
MAR09048	0.00010544374154059859
MAR09049	0.00010544374154059859
MAR09050	0.00010544374154059859
MAR09051	0.00010544374154059859
MAR09052	0.00010544374154059859
MAR09053	0.00010544374154059859
MAR09054	0.00010544374154059859
MAR09055	0.00010544374154059859
MAR09056	0.00010544374154059859
MAR09058	0.00010544374154059859
MAR09061	0.00010544374154059859
MAR09062	0.00010544374154059859
MAR09063	0.00010544374154059859
MAR09064	0.00010544374154059859
MAR09065	0.00010544374154059859
MAR09066	0.00010544374154059859
MAR09067	0.00010544374154059859
MAR09068	0.00010544374154059859
MAR09069	0.00010544374154059859
MAR09070	0.00010544374154059859
MAR09071	0.00010544374154059859
MAR09072	0.00010544374154059859
MAR09073	0.00010544374154059859
MAR09074	0.00010544374154059859
MAR09075	0.00010544374154059859
MAR09076	0.00010544374154059859
MAR09077	0.00010544374154059859
MAR09078	0.00010544374154059859
MAR09079	0.00010544374154059859
MAR09080	0.00010544374154059859
MAR09081	0.00010544374154059859
MAR09082	0.00010544374154059859
MAR09083	0.00010544374154059859
MAR09084	0.00010544374154059859
MAR09085	0.00010544374154059859
MAR09086	0.00010544374154059859
MAR09087	0.00010544374154059859
MAR09088	0.00010544374154059859
MAR09089	0.00010544374154059859
MAR09090	0.00010544374154059859
MAR09091	0.00010544374154059859
MAR09092	0.00010544374154059859
MAR09093	0.00010544374154059859
MAR09094	0.00010544374154059859
MAR09095	0.00010544374154059859
MAR09096	0.00010544374154059859
MAR09097	0.00010544374154059859
MAR09098	0.00010544374154059859
MAR09099	0.00010544374154059859
MAR09100	0.00010544374154059859
MAR09101	0.00010544374154059859
MAR09102	0.00010544374154059859
MAR09103	0.00010544374154059859
MAR09104	0.00010544374154059859
MAR09105	0.00010544374154059859
MAR09106	0.00010544374154059859
MAR09107	0.00010544374154059859
MAR09108	0.00010544374154059859
MAR09109	0.00010544374154059859
MAR09110	0.00010544374154059859
MAR09111	0.00010544374154059859
MAR09113	0.00010544374154059859
MAR09114	0.00010544374154059859
MAR09115	0.00010544374154059859
MAR09116	0.00010544374154059859
MAR09117	0.00010544374154059859
MAR09118	0.00010544374154059859
MAR09119	0.00010544374154059859
MAR09120	0.00010544374154059859
MAR09121	0.00010544374154059859
MAR09122	0.00010544374154059859
MAR09123	0.00010544374154059859
MAR09124	0.00010544374154059859
MAR09125	0.00010544374154059859
MAR09126	0.00010544374154059859
MAR09127	0.00010544374154059859
MAR09128	0.00010544374154059859
MAR09129	0.00010544374154059859
MAR09130	0.00010544374154059859
MAR09131	0.00010544374154059859
MAR09132	0.00010544374154059859
MAR09133	0.00010544374154059859
MAR09134	0.00010544374154059859
MAR09135	0.00010544374154059859
MAR09136	0.00010544374154059859
MAR09137	0.00010544374154059859
MAR09138	0.00010544374154059859
MAR09139	0.00010544374154059859
MAR09140	0.00010544374154059859
MAR09141	0.00010544374154059859
MAR09142	0.00010544374154059859
MAR09143	0.00010544374154059859
MAR09144	0.00010544374154059859
MAR09145	0.00010544374154059859
MAR09146	0.00010544374154059859
MAR09147	0.00010544374154059859
MAR09148	0.00010544374154059859
MAR09149	0.00010544374154059859
MAR09150	0.00010544374154059859
MAR09151	0.00010544374154059859
MAR09152	0.00010544374154059859
MAR09153	0.00010544374154059859
MAR09154	0.00010544374154059859
MAR09155	0.00010544374154059859
MAR09156	0.00010544374154059859
MAR09157	0.00010544374154059859
MAR09158	0.00010544374154059859
MAR09159	0.00010544374154059859
MAR09160	0.00010544374154059859
MAR09161	0.00010544374154059859
MAR09162	0.00010544374154059859
MAR09163	0.00010544374154059859
MAR09164	0.00010544374154059859
MAR09165	0.00010544374154059859
MAR09166	0.00010544374154059859
MAR09167	0.00010544374154059859
MAR09168	0.00010544374154059859
MAR09169	0.00010544374154059859
MAR09171	0.00010544374154059859
MAR09172	0.00010544374154059859
MAR09201	0.00010544374154059859
MAR09202	0.00010544374154059859
MAR09203	0.00010544374154059859
MAR09204	0.00010544374154059859
MAR09205	0.00010544374154059859
MAR09206	0.00010544374154059859
MAR09207	0.00010544374154059859
MAR09208	0.00010544374154059859
MAR09209	0.00010544374154059859
MAR09210	0.00010544374154059859
MAR09211	0.00010544374154059859
MAR09212	0.00010544374154059859
MAR09213	0.00010544374154059859
MAR09214	0.00010544374154059859
MAR09215	0.00010544374154059859
MAR09216	0.00010544374154059859
MAR09217	0.00010544374154059859
MAR09218	0.00010544374154059859
MAR09219	0.00010544374154059859
MAR09220	0.00010544374154059859
MAR09221	0.00010544374154059859
MAR09222	0.00010544374154059859
MAR09223	0.00010544374154059859
MAR09224	0.00010544374154059859
MAR09225	0.00010544374154059859
MAR09226	0.00010544374154059859
MAR09227	0.00010544374154059859
MAR09228	0.00010544374154059859
MAR09229	0.00010544374154059859
MAR09230	0.00010544374154059859
MAR09231	0.00010544374154059859
MAR09232	0.00010544374154059859
MAR09233	0.00010544374154059859
MAR09234	0.00010544374154059859
MAR09235	0.00010544374154059859
MAR09236	0.00010544374154059859
MAR09237	0.00010544374154059859
MAR09238	0.00010544374154059859
MAR09239	0.00010544374154059859
MAR09240	0.00010544374154059859
MAR09241	0.00010544374154059859
MAR09242	0.00010544374154059859
MAR09243	0.00010544374154059859
MAR09244	0.00010544374154059859
MAR09245	0.00010544374154059859
MAR09246	0.00010544374154059859
MAR09247	0.00010544374154059859
MAR09248	0.00010544374154059859
MAR09249	0.00010544374154059859
MAR09250	0.00010544374154059859
MAR09251	0.00010544374154059859
MAR09252	0.00010544374154059859
MAR09253	0.00010544374154059859
MAR09254	0.00010544374154059859
MAR09255	0.00010544374154059859
MAR09256	0.00010544374154059859
MAR09257	0.00010544374154059859
MAR09258	0.00010544374154059859
MAR09259	0.00010544374154059859
MAR09260	0.00010544374154059859
MAR09261	0.00010544374154059859
MAR09262	0.00010544374154059859
MAR09263	0.00010544374154059859
MAR09264	0.00010544374154059859
MAR09265	0.00010544374154059859
MAR09266	0.00010544374154059859
MAR09267	0.00010544374154059859
MAR09268	0.00010544374154059859
MAR09269	0.00010544374154059859
MAR09270	0.00010544374154059859
MAR09271	0.00010544374154059859
MAR09272	0.00010544374154059859
MAR09273	0.00010544374154059859
MAR09275	0.00010544374154059859
MAR09276	0.00010544374154059859
MAR09277	0.00010544374154059859
MAR09278	0.00010544374154059859
MAR09279	0.00010544374154059859
MAR09280	0.00010544374154059859
MAR09281	0.00010544374154059859
MAR09282	0.00010544374154059859
MAR09283	0.00010544374154059859
MAR09284	0.00010544374154059859
MAR09285	0.00010544374154059859
MAR09286	0.00010544374154059859
MAR09287	0.00010544374154059859
MAR09288	0.00010544374154059859
MAR09289	0.00010544374154059859
MAR09290	0.00010544374154059859
MAR09291	0.00010544374154059859
MAR09292	0.00010544374154059859
MAR09293	0.00010544374154059859
MAR09294	0.00010544374154059859
MAR09295	0.00010544374154059859
MAR09296	0.00010544374154059859
MAR09297	0.00010544374154059859
MAR09298	0.00010544374154059859
MAR09299	0.00010544374154059859
MAR09300	0.00010544374154059859
MAR09301	0.00010544374154059859
MAR09302	0.00010544374154059859
MAR09303	0.00010544374154059859
MAR09304	0.00010544374154059859
MAR09305	0.00010544374154059859
MAR09306	0.00010544374154059859
MAR09307	0.00010544374154059859
MAR09308	0.00010544374154059859
MAR09309	0.00010544374154059859
MAR09310	0.00010544374154059859
MAR09311	0.00010544374154059859
MAR09312	0.00010544374154059859
MAR09313	0.00010544374154059859
MAR09314	0.00010544374154059859
MAR09315	0.00010544374154059859
MAR09316	0.00010544374154059859
MAR09317	0.00010544374154059859
MAR09318	0.00010544374154059859
MAR09319	0.00010544374154059859
MAR09320	0.00010544374154059859
MAR09321	0.00010544374154059859
MAR09322	0.00010544374154059859
MAR09323	0.00010544374154059859
MAR09324	0.00010544374154059859
MAR09325	0.00010544374154059859
MAR09326	0.00010544374154059859
MAR09327	0.00010544374154059859
MAR09328	0.00010544374154059859
MAR09329	0.00010544374154059859
MAR09330	0.00010544374154059859
MAR09331	0.00010544374154059859
MAR09332	0.00010544374154059859
MAR09333	0.00010544374154059859
MAR09334	0.00010544374154059859
MAR09335	0.00010544374154059859
MAR09336	0.00010544374154059859
MAR09337	0.00010544374154059859
MAR09338	0.00010544374154059859
MAR09339	0.00010544374154059859
MAR09340	0.00010544374154059859
MAR09341	0.00010544374154059859
MAR09342	0.00010544374154059859
MAR09343	0.00010544374154059859
MAR09344	0.00010544374154059859
MAR09345	0.00010544374154059859
MAR09346	0.00010544374154059859
MAR09347	0.00010544374154059859
MAR09348	0.00010544374154059859
MAR09349	0.00010544374154059859
MAR09350	0.00010544374154059859
MAR09351	0.00010544374154059859
MAR09352	0.00010544374154059859
MAR09353	0.00010544374154059859
MAR09354	0.00010544374154059859
MAR09355	0.00010544374154059859
MAR09356	0.00010544374154059859
MAR09357	0.00010544374154059859
MAR09358	0.00010544374154059859
MAR09359	0.00010544374154059859
MAR09360	0.00010544374154059859
MAR09361	0.00010544374154059859
MAR09362	0.00010544374154059859
MAR09363	0.00010544374154059859
MAR09364	0.00010544374154059859
MAR09365	0.00010544374154059859
MAR09366	0.00010544374154059859
MAR09367	0.00010544374154059859
MAR09368	0.00010544374154059859
MAR09369	0.00010544374154059859
MAR09370	0.00010544374154059859
MAR09371	0.00010544374154059859
MAR09372	0.00010544374154059859
MAR09373	0.00010544374154059859
MAR09374	0.00010544374154059859
MAR09375	0.00010544374154059859
MAR09376	0.00010544374154059859
MAR09377	0.00010544374154059859
MAR09378	0.00010544374154059859
MAR09379	0.00010544374154059859
MAR09380	0.00010544374154059859
MAR09381	0.00010544374154059859
MAR09382	0.00010544374154059859
MAR09383	0.00010544374154059859
MAR09384	0.00010544374154059859
MAR09385	0.00010544374154059859
MAR09386	0.00010544374154059859
MAR09387	0.00010544374154059859
MAR09388	0.00010544374154059859
MAR09389	0.00010544374154059859
MAR09390	0.00010544374154059859
MAR09391	0.00010544374154059859
MAR09392	0.00010544374154059859
MAR09393	0.00010544374154059859
MAR09394	0.00010544374154059859
MAR09395	0.00010544374154059859
MAR09396	0.00010544374154059859
MAR09397	0.00010544374154059859
MAR09398	0.00010544374154059859
MAR09399	0.00010544374154059859
MAR09400	0.00010544374154059859
MAR09401	0.00010544374154059859
MAR09404	0.00010544374154059859
MAR09405	0.00010544374154059859
MAR09406	0.00010544374154059859
MAR09407	0.00010544374154059859
MAR09408	0.00010544374154059859
MAR09409	0.00010544374154059859
MAR09410	0.00010544374154059859
MAR09411	0.00010544374154059859
MAR09412	0.00010544374154059859
MAR09413	0.00010544374154059859
MAR09414	0.00010544374154059859
MAR09415	0.00010544374154059859
MAR09416	0.00010544374154059859
MAR09417	0.00010544374154059859
MAR09418	0.00010544374154059859
MAR09419	0.00010544374154059859
MAR09420	0.00010544374154059859
MAR09421	0.00010544374154059859
MAR09422	0.00010544374154059859
MAR09423	0.00010544374154059859
MAR09424	0.00010544374154059859
MAR09425	0.00010544374154059859
MAR09426	0.00010544374154059859
MAR09427	0.00010544374154059859
MAR09428	0.00010544374154059859
MAR09429	0.00010544374154059859
MAR09430	0.00010544374154059859
MAR09431	0.00010544374154059859
MAR09432	0.00010544374154059859
MAR09433	0.00010544374154059859
MAR09434	0.00010544374154059859
MAR09435	0.00010544374154059859
MAR09436	0.00010544374154059859
MAR09437	0.00010544374154059859
MAR09438	0.00010544374154059859
MAR09439	0.00010544374154059859
MAR09440	0.00010544374154059859
MAR09441	0.00010544374154059859
MAR09442	0.00010544374154059859
MAR09443	0.00010544374154059859
MAR09444	0.00010544374154059859
MAR09445	0.00010544374154059859
MAR09446	0.00010544374154059859
MAR09447	0.00010544374154059859
MAR09448	0.00010544374154059859
MAR09449	0.00010544374154059859
MAR09450	0.00010544374154059859
MAR09451	0.00010544374154059859
MAR09452	0.00010544374154059859
MAR09453	0.00010544374154059859
MAR09454	0.00010544374154059859
MAR09455	0.00010544374154059859
MAR09456	0.00010544374154059859
MAR09457	0.00010544374154059859
MAR09458	0.00010544374154059859
MAR09460	0.00010544374154059859
MAR09461	0.00010544374154059859
MAR09462	0.00010544374154059859
MAR09463	0.00010544374154059859
MAR09681	0.00010544374154059859
MAR09682	0.00010544374154059859
MAR09683	0.00010544374154059859
MAR09684	0.00010544374154059859
MAR09685	0.00010544374154059859
MAR09686	0.00010544374154059859
MAR09687	0.00010544374154059859
MAR09688	0.00010544374154059859
MAR09689	0.00010544374154059859
MAR09690	0.00010544374154059859
MAR09691	0.00010544374154059859
MAR09692	0.00010544374154059859
MAR09693	0.00010544374154059859
MAR09694	0.00010544374154059859
MAR09695	0.00010544374154059859
MAR09696	0.00010544374154059859
MAR09697	0.00010544374154059859
MAR09698	0.00010544374154059859
MAR09699	0.00010544374154059859
MAR09700	0.00010544374154059859
MAR09701	0.00010544374154059859
MAR09702	0.00010544374154059859
MAR09703	0.00010544374154059859
MAR09704	0.00010544374154059859
MAR09705	0.00010544374154059859
MAR09706	0.00010544374154059859
MAR09707	0.00010544374154059859
MAR09708	0.00010544374154059859
MAR09709	0.00010544374154059859
MAR09710	0.00010544374154059859
MAR09711	0.00010544374154059859
MAR09712	0.00010544374154059859
MAR09713	0.00010544374154059859
MAR09714	0.00010544374154059859
MAR09715	0.00010544374154059859
MAR09721	0.00010544374154059859
MAR09729	0.00010544374154059859
MAR09730	0.00010544374154059859
MAR09725	0.00010544374154059859
MAR00031	0.01849592839603864
MAR00021	0.00010544374154059859
MAR00022	0.00010544374154059859
MAR00023	0.00010544374154059859
MAR00033	0.00010544374154059859
MAR00034	0.00010544374154059859
MAR00035	0.00010544374154059859
MAR00036	0.00010544374154059859
MAR00037	0.00010544374154059859
MAR00038	0.00010544374154059859
MAR00040	0.00010544374154059859
MAR00041	0.00010544374154059859
MAR00043	0.00039839780629732105
MAR00044	0.00010544374154059859
MAR00045	0.00010544374154059859
MAR00046	0.0024526970386613335
MAR00047	0.00010544374154059859
MAR00048	0.00010544374154059859
MAR00049	0.00010544374154059859
MAR00050	0.0002269480970454191
MAR00051	0.0027789915972311254
MAR00052	5.5346321298033076e-05
MAR00053	0.0002269480970454191
MAR00054	0.00010544374154059859
MAR00055	0.00047256935588613696
MAR00056	0.00010544374154059859
MAR00057	0.00032004956046457957
MAR00058	3.876376698494929e-05
MAR00060	0.0020170300221731188
MAR00061	0.00010544374154059859
MAR00062	0.0019002022703443577
MAR00063	0.00010544374154059859
MAR00064	0.0020170300221731188
MAR00065	5.5346321298033076e-05
MAR00066	0.001412730228656676
MAR00067	0.0006449038023080405
MAR00068	0.00014478443928746018
MAR00069	0.00016579068917545571
MAR00070	0.00016579068917545571
MAR00071	0.00016579068917545571
MAR00072	0.009360014418059979
MAR00073	0.00010544374154059859
MAR00074	0.00010544374154059859
MAR00075	0.00010544374154059859
MAR00076	0.0020170300221731188
MAR00077	0.00010544374154059859
MAR00078	0.00010544374154059859
MAR00079	0.0012054340811947723
MAR00080	0.04719940504879234
MAR00081	4.691426232821037e-05
MAR00082	4.691426232821037e-05
MAR00083	4.156342614929306e-05
MAR00084	4.156342614929306e-05
MAR00085	4.156342614929306e-05
MAR00086	0.0004404693094607051
MAR00087	3.9954669549084935e-05
MAR00088	0.0027789915972311254
MAR00089	0.00010544374154059859
MAR00090	0.00010544374154059859
MAR00091	0.0005685592490762589
MAR00092	0.0004404693094607051
MAR00093	0.0037813653480072065
MAR00094	0.0009940477112360966
MAR00095	4.278107347313134e-05
MAR00097	0.0037813653480072065
MAR00098	0.00010544374154059859
MAR00099	0.00010544374154059859
MAR00100	0.00010544374154059859
MAR00101	0.000329266510451941
MAR00102	0.0020170300221731188
MAR00103	0.002001604651380617
MAR00104	0.00026806782306178185
MAR00105	0.0020170300221731188
MAR00106	0.0020170300221731188
MAR00107	0.0020170300221731188
MAR00108	0.002001604651380617
MAR00109	0.00026806782306178185
MAR00110	0.0020170300221731188
MAR00111	0.0020170300221731188
MAR00112	0.00010544374154059859
MAR00113	0.003115218835475852
MAR00114	0.003115218835475852
MAR00115	0.0008097752205675796
MAR00116	0.003843664169930824
MAR00117	0.003115218835475852
MAR00118	0.003843664169930824
MAR00119	0.009168131825835521
MAR00120	0.00010544374154059859
MAR00121	0.0012150924898521364
MAR00122	0.0012150924898521364
MAR00123	0.00010544374154059859
MAR00124	0.0012054340811947723
MAR00125	0.006230044408449365
MAR00126	0.000519774843762669
MAR00127	0.00010544374154059859
MAR00128	0.0020170300221731188
MAR00129	0.000944449543955326
MAR00130	0.00010544374154059859
MAR00131	0.0013692848729379985
MAR00132	0.00010544374154059859
MAR00133	0.00019189230180289383
MAR00134	0.0003172133514439652
MAR00135	0.00010544374154059859
MAR00136	0.00010544374154059859
MAR00137	0.0010082237272398392
MAR00138	0.00010544374154059859
MAR00139	0.002459333591351661
MAR00140	0.00010544374154059859
MAR00141	0.0012054230452613645
MAR00142	0.00010544374154059859
MAR00143	0.0020170300221731188
MAR00144	0.006076987219144339
MAR00145	0.0031179824302654036
MAR00146	0.006076987219144339
MAR00147	0.006076987219144339
MAR00148	0.006076987219144339
MAR00149	0.0031179824302654036
MAR00150	0.0031179824302654036
MAR00151	0.0031179824302654036
MAR00152	0.0031179824302654036
MAR00181	0.0021635264366677183
MAR00186	0.0021635264366677183
MAR00205	0.00010544374154059859
MAR00218	0.00010544374154059859
MAR00219	0.00010544374154059859
MAR00220	0.00010544374154059859
MAR00221	0.00010544374154059859
MAR00222	0.008127876867171204
MAR00227	0.0029564039692317455
MAR00228	0.0029564039692317455
MAR00229	0.00010544374154059859
MAR00251	0.00010544374154059859
MAR00252	0.0020170300221731188
MAR00285	0.0016239987284474673
MAR00286	0.00010544374154059859
MAR00315	0.00010544374154059859
MAR00316	0.00010544374154059859
MAR00333	0.00010544374154059859
MAR00334	5.5346321298033076e-05
MAR00441	0.0011732510380064241
MAR00442	3.876376698494929e-05
MAR00443	0.0021894764308580898
MAR00447	0.00010544374154059859
MAR00451	0.0020170300221731188
MAR00452	0.002001604651380617
MAR00455	0.00026806782306178185
MAR00465	0.0020170300221731188
MAR00471	0.0006535188279693799
MAR00472	0.0006535188279693799
MAR00473	0.00010544374154059859
MAR00474	0.00010544374154059859
MAR00475	0.00010544374154059859
MAR00480	0.00010544374154059859
MAR00485	0.00010544374154059859
MAR00554	0.00010544374154059859
MAR00564	0.00010544374154059859
MAR00565	0.00010544374154059859
MAR00566	0.00010544374154059859
MAR00567	0.00010544374154059859
MAR00568	0.00010544374154059859
MAR00569	0.00010544374154059859
MAR00570	0.00010544374154059859
MAR00571	0.00010544374154059859
MAR00572	0.00010544374154059859
MAR00573	0.00010544374154059859
MAR00574	0.00010544374154059859
MAR00575	0.00010544374154059859
MAR00576	0.00010544374154059859
MAR00577	0.00010544374154059859
MAR00583	0.00010544374154059859
MAR00585	0.00010544374154059859
MAR00595	0.00010544374154059859
MAR00603	0.00010544374154059859
MAR00606	0.00010544374154059859
MAR00608	0.00010544374154059859
MAR00609	0.00010544374154059859
MAR00611	0.00010544374154059859
MAR00617	0.00010544374154059859
MAR00618	0.00010544374154059859
MAR00619	0.00010544374154059859
MAR00620	0.00010544374154059859
MAR00621	0.00010544374154059859
MAR00624	0.00010544374154059859
MAR00626	0.00010544374154059859
MAR00628	0.00010544374154059859
MAR00631	0.00010544374154059859
MAR00637	0.00010544374154059859
MAR00639	0.00010544374154059859
MAR00650	0.00010544374154059859
MAR00655	0.00010544374154059859
MAR00656	0.00010544374154059859
MAR00658	0.00010544374154059859
MAR00661	0.00010544374154059859
MAR00662	0.00010544374154059859
MAR00666	0.00010544374154059859
MAR00693	0.00010544374154059859
MAR00694	0.00010544374154059859
MAR00695	0.00010544374154059859
MAR00696	0.00010544374154059859
MAR00697	0.00010544374154059859
MAR00698	0.00010544374154059859
MAR00699	0.00010544374154059859
MAR00700	0.00010544374154059859
MAR00701	0.00010544374154059859
MAR00702	0.00010544374154059859
MAR00704	0.00010544374154059859
MAR00711	0.00010544374154059859
MAR00714	0.00010544374154059859
MAR00720	0.00010544374154059859
MAR00721	0.00010544374154059859
MAR00722	0.00010544374154059859
MAR00723	4.552383553197145e-05
MAR00724	4.552383553197145e-05
MAR00725	4.552383553197145e-05
MAR00726	4.552383553197145e-05
MAR00727	0.00010544374154059859
MAR00728	0.00010544374154059859
MAR00729	4.552383553197145e-05
MAR00737	0.0018611450302889643
MAR00739	7.94601522353356e-05
MAR00742	3.876376698494929e-05
MAR00743	0.005574581342277725
MAR00745	0.005574581342277725
MAR00747	0.005574581342277725
MAR00749	0.005574581342277725
MAR00751	0.0013387720881720881
MAR00752	0.0013387720881720881
MAR00755	0.0013387720881720881
MAR00756	0.0013387720881720881
MAR00757	0.0013387720881720881
MAR00759	0.0014772445581649127
MAR00764	0.0013387720881720881
MAR00772	0.0013387720881720881
MAR00774	0.0013387720881720881
MAR00776	0.0013387720881720881
MAR00777	0.0014772445581649127
MAR00778	0.0013387720881720881
MAR00780	0.0013387720881720881
MAR00784	0.0013387720881720881
MAR00785	0.0013387720881720881
MAR00788	0.0013387720881720881
MAR00799	0.0013387720881720881
MAR00800	0.0014772445581649127
MAR00818	0.0013387720881720881
MAR00833	0.0014772445581649127
MAR00869	0.0013387720881720881
MAR00872	0.0014772445581649127
MAR00874	0.0013387720881720881
MAR00916	0.0013387720881720881
MAR00922	0.0013387720881720881
MAR00923	0.0013387720881720881
MAR00927	0.0014772445581649127
MAR00930	0.0013387720881720881
MAR00952	0.0014772445581649127
MAR00968	0.0014772445581649127
MAR00970	0.008315002006683753
MAR00972	0.0014772445581649127
MAR00974	0.0014772445581649127
MAR00975	0.0014772445581649127
MAR00977	0.0014772445581649127
MAR00978	0.0014772445581649127
MAR00982	0.0014772445581649127
MAR01001	0.0014772445581649127
MAR01005	0.0014772445581649127
MAR01012	0.00010544374154059859
MAR01019	0.00010544374154059859
MAR01024	0.00010544374154059859
MAR01031	0.00010544374154059859
MAR01032	0.00010544374154059859
MAR01036	0.005220354094359697
MAR01038	4.2824961915295886e-05
MAR01044	0.0011403319825442455
MAR01046	0.00010544374154059859
MAR01047	0.0002269480970454191
MAR01051	0.00010544374154059859
MAR01052	0.00010544374154059859
MAR01056	0.00010544374154059859
MAR01060	0.00010544374154059859
MAR01076	0.00010544374154059859
MAR01078	0.00010544374154059859
MAR01083	5.0290823741658063e-05
MAR01118	3.876376698494929e-05
MAR01141	3.876376698494929e-05
MAR01169	0.0018364542442011154
MAR01314	3.9954669549084935e-05
MAR01340	0.00010544374154059859
MAR01348	0.00010544374154059859
MAR01349	0.00010544374154059859
MAR01351	0.00011092755855548438
MAR01353	0.0040399899517845495
MAR01354	0.00010544374154059859
MAR01368	0.00010544374154059859
MAR01369	0.00010544374154059859
MAR01371	0.003590114704503345
MAR01372	0.0027789915972311254
MAR01377	0.00010544374154059859
MAR01378	3.876376698494929e-05
MAR01380	0.0009204780080722366
MAR01381	0.00010544374154059859
MAR01385	0.00010544374154059859
MAR01386	0.001412730228656676
MAR01396	3.9954669549084935e-05
MAR01397	0.0016239987284474673
MAR01399	0.00033991543828932133
MAR01400	0.00033991543828932133
MAR01435	0.00010544374154059859
MAR01438	0.00010544374154059859
MAR01439	0.00026806782306178185
MAR01441	0.0020170300221731188
MAR01442	5.5346321298033076e-05
MAR01444	3.876376698494929e-05
MAR01446	0.0014317464669492562
MAR01447	0.00010544374154059859
MAR01449	0.0012498089729497711
MAR01450	0.039452063199496026
MAR01452	0.0020170300221731188
MAR01453	0.032037901836009595
MAR01455	0.00010544374154059859
MAR01456	0.0008097752205675796
MAR01461	0.00010544374154059859
MAR01462	0.00010544374154059859
MAR01463	0.0003461870241808194
MAR01464	0.00010544374154059859
MAR01466	0.0003461870241808194
MAR01468	0.002405111017316394
MAR01469	0.00010544374154059859
MAR01471	0.00010544374154059859
MAR01472	7.409409092955173e-05
MAR01474	0.003678046472444305
MAR01475	0.0003348835624745614
MAR01476	0.00010544374154059859
MAR01480	0.00010544374154059859
MAR01481	0.00026806782306178185
MAR01482	0.0020170300221731188
MAR01485	3.876376698494929e-05
MAR01486	0.0020170300221731188
MAR01487	0.0020170300221731188
MAR01488	0.002001604651380617
MAR01489	0.00026806782306178185
MAR01491	0.0020170300221731188
MAR01492	0.0020170300221731188
MAR01497	3.876376698494929e-05
MAR01498	0.0025755902199175082
MAR01499	0.00010544374154059859
MAR01501	3.876376698494929e-05
MAR01506	0.00010544374154059859
MAR01507	0.00010544374154059859
MAR01508	0.001373085955496775
MAR01510	0.001373085955496775
MAR01511	0.005035443090507438
MAR01513	0.0011675593588502996
MAR01514	0.00010544374154059859
MAR01517	0.0011709609073106433
MAR01518	0.00010544374154059859
MAR01520	0.0005542401151182863
MAR01521	0.00010423921362158784
MAR01522	0.00010423921362158784
MAR01523	0.0027789915972311254
MAR01524	0.001968074533186408
MAR01525	0.00017881476521499715
MAR01527	0.0008106736262687718
MAR01528	0.00563879225248077
MAR01529	0.00024886799186513045
MAR01534	3.9669880818398656e-05
MAR01537	0.00010544374154059859
MAR01541	0.00010544374154059859
MAR01542	0.0003922785571110823
MAR01554	3.901695833052155e-05
MAR01555	5.5346321298033076e-05
MAR01556	0.00026806782306178185
MAR01559	0.0020170300221731188
MAR01560	3.876376698494929e-05
MAR01561	0.00010544374154059859
MAR01562	0.00010544374154059859
MAR01563	0.00010544374154059859
MAR01564	0.00010544374154059859
MAR01566	0.00010544374154059859
MAR01567	0.0013631651708054322
MAR01569	3.974910391112282e-05
MAR01571	4.2118965125785896e-05
MAR01574	4.288578080484809e-05
MAR01575	0.00010544374154059859
MAR01578	0.00010544374154059859
MAR01579	0.00010544374154059859
MAR01580	0.00010544374154059859
MAR01582	0.00010544374154059859
MAR01583	0.0009435472853081511
MAR01586	0.00012581303102162652
MAR01587	0.00010544374154059859
MAR01588	0.0020170300221731188
MAR01591	0.00010544374154059859
MAR01594	0.0009435472853081511
MAR01596	0.0009435472853081511
MAR01597	0.00010544374154059859
MAR01600	0.0009254687362385397
MAR01601	0.00010544374154059859
MAR01603	0.001325380919347441
MAR01606	0.001325380919347441
MAR01607	0.00010544374154059859
MAR01612	0.00034573520685844005
MAR01615	0.0010051743534595819
MAR01616	0.0068179484962612716
MAR01618	0.0001268977027026779
MAR01621	0.00010544374154059859
MAR01626	0.00010544374154059859
MAR01628	0.002459505359637678
MAR01633	0.00010544374154059859
MAR01634	0.00094232444071033
MAR01636	0.0009940477112360966
MAR01640	0.00010544374154059859
MAR01641	0.00010544374154059859
MAR01643	0.00038657362907120786
MAR01645	0.00010544374154059859
MAR01647	0.00010544374154059859
MAR01648	0.00010544374154059859
MAR01649	0.020320116335769422
MAR01650	0.001412730228656676
MAR01654	0.00010544374154059859
MAR01655	0.00046112503438915873
MAR01657	0.00010544374154059859
MAR01658	0.0022458074888879022
MAR01661	0.0009435472853081511
MAR01664	0.0009435472853081511
MAR01669	0.00010544374154059859
MAR01671	0.0020170300221731188
MAR01674	0.0014518456907466803
MAR01675	0.0014518456907466803
MAR01677	0.0014518456907466803
MAR01680	0.00010544374154059859
MAR01683	0.00010544374154059859
MAR01686	0.00010544374154059859
MAR01688	0.00010544374154059859
MAR01690	0.002021965894801916
MAR01698	0.00010544374154059859
MAR01705	0.00010544374154059859
MAR01707	0.00010544374154059859
MAR01711	0.002904407598902928
MAR01712	0.00010544374154059859
MAR01713	3.876376698494929e-05
MAR01714	0.0022938452345830996
MAR01715	0.004508550243217322
MAR01719	0.00010544374154059859
MAR01721	0.0020170300221731188
MAR01724	0.00010544374154059859
MAR01728	0.00010544374154059859
MAR01731	0.00010544374154059859
MAR01732	0.00010544374154059859
MAR01733	0.00010544374154059859
MAR01734	0.00010544374154059859
MAR01736	0.00026806782306178185
MAR01755	0.0020170300221731188
MAR01757	0.00026806782306178185
MAR01763	0.0020170300221731188
MAR01773	0.00026806782306178185
MAR01775	0.0020170300221731188
MAR01779	0.00010544374154059859
MAR01780	0.0002269480970454191
MAR01782	0.0002269480970454191
MAR01791	0.00010544374154059859
MAR01793	0.0002269480970454191
MAR01795	0.00010544374154059859
MAR01799	0.0020170300221731188
MAR01801	0.031087408763314766
MAR01808	0.031087408763314766
MAR01812	0.00040669481124428717
MAR01814	0.0020170300221731188
MAR01816	4.546888009780423e-05
MAR01818	0.0028647776760358334
MAR01820	3.876376698494929e-05
MAR01821	0.00010544374154059859
MAR01822	0.00010544374154059859
MAR01824	0.00010544374154059859
MAR01825	0.00010544374154059859
MAR01826	0.00010544374154059859
MAR01827	0.00010544374154059859
MAR01828	0.00010544374154059859
MAR01829	0.00010544374154059859
MAR01849	0.00010544374154059859
MAR01851	0.00010544374154059859
MAR01856	0.00010544374154059859
MAR01858	0.00010544374154059859
MAR01860	0.00010544374154059859
MAR01869	0.00010544374154059859
MAR01871	0.00010544374154059859
MAR01873	0.00010544374154059859
MAR01912	0.00010544374154059859
MAR01918	0.00010544374154059859
MAR01921	0.00010544374154059859
MAR01922	0.00010544374154059859
MAR01923	0.00010544374154059859
MAR01938	0.00010544374154059859
MAR01939	0.00010544374154059859
MAR01946	0.00010544374154059859
MAR01947	0.00010544374154059859
MAR01954	0.00010544374154059859
MAR01955	0.00010544374154059859
MAR01956	0.00010544374154059859
MAR01957	0.00010544374154059859
MAR01961	0.00010544374154059859
MAR01964	0.00010544374154059859
MAR01965	0.00010544374154059859
MAR01966	0.00010544374154059859
MAR01972	0.00010544374154059859
MAR01975	0.00010544374154059859
MAR01984	0.00010544374154059859
MAR01986	0.00010544374154059859
MAR02021	0.0003714732265970883
MAR02023	7.558450313277307e-05
MAR02026	0.004508550243217322
MAR02028	0.0006928432846680516
MAR02119	3.971258592809877e-05
MAR02120	0.0038448683890457136
MAR02121	0.002001604651380617
MAR02122	0.002001604651380617
MAR02123	0.002001604651380617
MAR02124	7.109012018165822e-05
MAR02125	7.109012018165822e-05
MAR02126	0.006076987219144339
MAR02128	0.006076987219144339
MAR02146	0.00010544374154059859
MAR02147	0.004508550243217322
MAR02148	0.0006928432846680516
MAR02149	0.0006928432846680516
MAR02183	0.0006928432846680516
MAR02184	0.00044249708387781005
MAR02186	0.00014478443928746018
MAR02187	0.0006928432846680516
MAR02188	0.0014607221309493673
MAR02189	0.0014607221309493673
MAR02192	0.0014607221309493673
MAR02195	0.0014607221309493673
MAR02196	0.0014607221309493673
MAR02197	0.0014607221309493673
MAR02198	0.006080426316478479
MAR02200	0.0007228215674111716
MAR02206	0.008127876867171204
MAR02207	0.0006928432846680516
MAR02216	0.006230044408449365
MAR02220	0.006230044408449365
MAR02221	3.876376698494929e-05
MAR02222	0.00010544374154059859
MAR02223	0.00010544374154059859
MAR02224	0.00010544374154059859
MAR02225	0.00010544374154059859
MAR02226	3.876376698494929e-05
MAR02271	4.530310698616395e-05
MAR02272	6.798844077453319e-05
MAR02273	0.00010544374154059859
MAR02274	0.00010544374154059859
MAR02275	0.00010544374154059859
MAR02278	0.00010544374154059859
MAR02279	0.00010544374154059859
MAR02280	0.00010544374154059859
MAR02283	0.00010544374154059859
MAR02285	0.00010544374154059859
MAR02290	0.00010544374154059859
MAR02291	0.00010544374154059859
MAR02297	0.00010544374154059859
MAR02298	0.00010544374154059859
MAR02299	0.00010544374154059859
MAR02300	0.00010544374154059859
MAR02301	0.0003731026661339327
MAR02302	0.00010544374154059859
MAR02303	0.006230044408449365
MAR02304	0.00010544374154059859
MAR02306	0.0031483547116506992
MAR02308	0.0018871634236517494
MAR02310	0.005952368293540576
MAR02312	0.005952368293540576
MAR02313	0.005952368293540576
MAR02314	0.005952368293540576
MAR02316	0.00010544374154059859
MAR02318	0.00010544374154059859
MAR02320	0.00010544374154059859
MAR02322	0.0007502303423061119
MAR02323	0.005220354094359697
MAR02325	0.005220354094359697
MAR02327	0.005220354094359697
MAR02329	4.552383553197145e-05
MAR02331	0.00010544374154059859
MAR02333	0.00010544374154059859
MAR02335	0.00010544374154059859
MAR02337	0.008127876867171204
MAR02339	0.0021894764308580898
MAR02340	0.00010544374154059859
MAR02341	0.00318433967317952
MAR02346	0.00010544374154059859
MAR02351	0.0008722039206246766
MAR02352	0.05287639515958092
MAR02357	0.05287639515958092
MAR02360	0.00010544374154059859
MAR02375	0.00010544374154059859
MAR02377	0.00010544374154059859
MAR02379	0.00010544374154059859
MAR02381	0.005840561736883127
MAR02382	0.00010544374154059859
MAR02385	0.0007159429597654137
MAR02386	0.0007159429597654137
MAR02388	0.0025220567520913804
MAR02396	3.876376698494929e-05
MAR02398	3.876376698494929e-05
MAR02400	3.876376698494929e-05
MAR02402	4.58066688949901e-05
MAR02404	3.876376698494929e-05
MAR02405	0.006230044408449365
MAR02406	0.006230044408449365
MAR02413	0.006230044408449365
MAR02414	0.006230044408449365
MAR02416	0.006230044408449365
MAR02418	0.006230044408449365
MAR02420	0.006230044408449365
MAR02422	0.006230044408449365
MAR02424	0.001861818342948034
MAR02425	0.001861818342948034
MAR02427	0.00010544374154059859
MAR02429	0.00010544374154059859
MAR02431	0.00010544374154059859
MAR02432	0.00010544374154059859
MAR02471	0.00010544374154059859
MAR02473	0.00010544374154059859
MAR02474	0.00010544374154059859
MAR02476	0.00010544374154059859
MAR02477	0.00010544374154059859
MAR02479	0.00010544374154059859
MAR02481	0.00010544374154059859
MAR02483	0.001325380919347441
MAR02485	0.001325380919347441
MAR02487	0.0022198057658440445
MAR02488	0.0006397394006909621
MAR02492	0.00010544374154059859
MAR02494	0.022366909743111223
MAR02496	0.0012387721694430724
MAR02498	0.00038233353760182796
MAR02500	0.0022198057658440445
MAR02502	0.0006397394006909621
MAR02504	0.0022198057658440445
MAR02506	0.0006397394006909621
MAR02507	0.0022198057658440445
MAR02508	0.0006397394006909621
MAR02519	0.012928910354800248
MAR02521	0.012928910354800248
MAR02523	0.00038233353760182796
MAR02525	0.002177229421514136
MAR02527	0.00010544374154059859
MAR02529	4.124795819683903e-05
MAR02531	0.015431772749034267
MAR02536	0.0006039120195765287
MAR02538	0.0006039120195765287
MAR02539	0.0006039120195765287
MAR02589	0.0006039120195765287
MAR02595	0.0006039120195765287
MAR02597	0.0006039120195765287
MAR02615	3.876376698494929e-05
MAR02617	3.876376698494929e-05
MAR02619	3.876376698494929e-05
MAR02627	3.876376698494929e-05
MAR02628	3.876376698494929e-05
MAR02631	3.876376698494929e-05
MAR02632	3.876376698494929e-05
MAR02637	3.876376698494929e-05
MAR02639	3.876376698494929e-05
MAR02641	3.876376698494929e-05
MAR02643	3.876376698494929e-05
MAR02645	0.015431772749034267
MAR02647	4.124795819683903e-05
MAR02694	0.015431772749034267
MAR02696	4.683640871585692e-05
MAR02698	0.0010356096402085928
MAR02721	0.00010544374154059859
MAR02723	3.876376698494929e-05
MAR02725	0.0006039120195765287
MAR02728	0.0006039120195765287
MAR02743	0.0006039120195765287
MAR02747	0.0006039120195765287
MAR02749	0.0006039120195765287
MAR02751	3.876376698494929e-05
MAR02756	0.0006039120195765287
MAR02763	0.0006039120195765287
MAR02765	0.00115502188693045
MAR02767	0.00013517014707289655
MAR02779	0.00010544374154059859
MAR02781	0.0007502303423061119
MAR02782	0.00010544374154059859
MAR02784	0.00010544374154059859
MAR02786	0.005952368293540576
MAR02802	0.005952368293540576
MAR02804	0.0014772445581649127
MAR02808	0.0014772445581649127
MAR02810	0.0014772445581649127
MAR02818	0.0014772445581649127
MAR02820	0.00010544374154059859
MAR02826	0.00010544374154059859
MAR02828	0.00010544374154059859
MAR02858	6.867215566984427e-05
MAR02860	0.00010544374154059859
MAR02881	3.876376698494929e-05
MAR02883	0.00010544374154059859
MAR02885	0.0013631651708054322
MAR02887	0.00010544374154059859
MAR02889	0.00010544374154059859
MAR02891	0.0013631651708054322
MAR02893	0.00010544374154059859
MAR02895	0.00010544374154059859
MAR02933	0.00010544374154059859
MAR02934	0.00010544374154059859
MAR02935	0.00010544374154059859
MAR02936	0.00010544374154059859
MAR02937	0.00010544374154059859
MAR02938	0.00010544374154059859
MAR02939	0.00010544374154059859
MAR02940	0.0022198057658440445
MAR02941	0.00010544374154059859
MAR02950	0.002904407598902928
MAR02953	0.002904407598902928
MAR02958	0.0034558718252217227
MAR02960	0.00010544374154059859
MAR02993	0.00010544374154059859
MAR02995	0.0028215019761604803
MAR02997	0.004085184167540997
MAR03004	0.004236387315043768
MAR03005	3.876376698494929e-05
MAR03006	0.0038947135728669867
MAR03010	0.0011313607404613126
MAR03012	0.0011313607404613126
MAR03016	0.00010544374154059859
MAR03031	3.876376698494929e-05
MAR03036	0.00010544374154059859
MAR03038	3.876376698494929e-05
MAR03039	0.00010544374154059859
MAR03040	0.0013631651708054322
MAR03041	0.00010544374154059859
MAR03042	4.865303575634492e-05
MAR03043	5.186305192111765e-05
MAR03044	0.0033933146395763417
MAR03045	5.186305192111765e-05
MAR03046	0.0028215019761604803
MAR03047	0.00010544374154059859
MAR03048	0.0005643106208720434
MAR03049	0.00010544374154059859
MAR03050	0.00010544374154059859
MAR03051	3.876376698494929e-05
MAR03052	3.876376698494929e-05
MAR03061	0.0029564039692317455
MAR03119	0.00010544374154059859
MAR03120	0.00010544374154059859
MAR03124	0.005858866671185154
MAR03126	0.00010544374154059859
MAR03127	6.07089612704716e-05
MAR03131	0.00010544374154059859
MAR03133	0.00010544374154059859
MAR03134	3.973969285138384e-05
MAR03138	0.00010544374154059859
MAR03140	4.124795819683903e-05
MAR03141	0.015431772749034267
MAR03145	4.683640871585692e-05
MAR03147	4.124795819683903e-05
MAR03148	0.015431772749034267
MAR03152	4.683640871585692e-05
MAR03154	0.0028215019761604803
MAR03155	0.0028215019761604803
MAR03159	0.0028215019761604803
MAR03161	0.0028215019761604803
MAR03162	4.3715657956759053e-05
MAR03165	0.0022011355463162166
MAR03167	0.00010544374154059859
MAR03168	0.00010544374154059859
MAR03169	3.876376698494929e-05
MAR03207	3.876376698494929e-05
MAR03209	0.0013631651708054322
MAR03210	0.00010544374154059859
MAR03214	0.0013631651708054322
MAR03216	0.00010544374154059859
MAR03217	0.00010544374154059859
MAR03238	0.00010544374154059859
MAR03248	0.00010544374154059859
MAR03249	0.00010544374154059859
MAR03251	4.297113155467653e-05
MAR03253	4.297113155467653e-05
MAR03255	0.00010544374154059859
MAR03257	3.876376698494929e-05
MAR03259	0.00010544374154059859
MAR03261	0.00010544374154059859
MAR03263	4.683640871585692e-05
MAR03265	0.00010544374154059859
MAR03266	0.00010544374154059859
MAR03267	0.00010544374154059859
MAR03268	0.00010544374154059859
MAR03269	0.008315002006683753
MAR03270	0.0008097752205675796
MAR03271	0.002989632713151031
MAR03273	0.005952368293540576
MAR03274	0.005952368293540576
MAR03276	0.0014772445581649127
MAR03289	0.0014772445581649127
MAR03291	0.0014772445581649127
MAR03295	0.0014772445581649127
MAR03297	0.013062460908471171
MAR03299	0.00046112503438915873
MAR03300	0.004249214217375849
MAR03303	0.004249214217375849
MAR03308	0.004249214217375849
MAR03313	0.002024498268535831
MAR03318	0.004085184167540997
MAR03324	0.00010544374154059859
MAR03325	0.004236387315043768
MAR03354	0.002989632713151031
MAR03366	0.0014772445581649127
MAR03371	0.0014772445581649127
MAR03374	0.0019199062405796266
MAR03376	0.0009409913864197592
MAR03377	0.002805785662707672
MAR03378	0.0019199062405796266
MAR03379	0.013062460908471171
MAR03380	0.008315002006683753
MAR03381	0.008315002006683753
MAR03382	0.00010544374154059859
MAR03383	0.00010544374154059859
MAR03384	0.002429520599395477
MAR03385	0.0012787521265439105
MAR03386	0.0006449038023080405
MAR03387	0.005952368293540576
MAR03388	0.00010544374154059859
MAR03389	7.94601522353356e-05
MAR03390	0.00010544374154059859
MAR03391	0.015431772749034267
MAR03392	0.00010544374154059859
MAR03393	0.012928910354800248
MAR03394	0.012928910354800248
MAR03395	0.012928910354800248
MAR03399	0.012928910354800248
MAR03400	3.876376698494929e-05
MAR03401	0.012928910354800248
MAR03402	0.012928910354800248
MAR03403	0.012928910354800248
MAR03404	0.012928910354800248
MAR03405	0.012928910354800248
MAR03410	0.012928910354800248
MAR03412	0.012928910354800248
MAR03415	0.012928910354800248
MAR03417	0.012928910354800248
MAR03418	0.012928910354800248
MAR03419	0.00010544374154059859
MAR03420	0.000329266510451941
MAR03434	0.000329266510451941
MAR03435	0.00010544374154059859
MAR03436	0.00013517014707289655
MAR03437	0.00010544374154059859
MAR03438	0.012928910354800248
MAR03439	0.005574581342277725
MAR03440	0.012928910354800248
MAR03442	0.012928910354800248
MAR03443	0.012928910354800248
MAR03451	0.012928910354800248
MAR03465	0.012928910354800248
MAR03474	0.012928910354800248
MAR03479	0.012928910354800248
MAR03483	0.0008680418676426633
MAR03485	0.012928910354800248
MAR03487	0.012928910354800248
MAR03490	0.012928910354800248
MAR03492	0.012928910354800248
MAR03494	0.012928910354800248
MAR03495	0.012928910354800248
MAR03496	0.012928910354800248
MAR03497	0.012928910354800248
MAR03499	0.012928910354800248
MAR03500	0.012928910354800248
MAR03502	0.012928910354800248
MAR03504	0.012928910354800248
MAR03507	0.012928910354800248
MAR03516	0.012928910354800248
MAR03518	0.012928910354800248
MAR03535	0.012928910354800248
MAR03536	0.00010544374154059859
MAR03598	0.00010544374154059859
MAR03599	0.00010544374154059859
MAR03600	0.0006039120195765287
MAR03601	0.0006039120195765287
MAR03602	0.0006039120195765287
MAR03603	0.0006039120195765287
MAR03604	0.012928910354800248
MAR03605	0.012928910354800248
MAR03606	0.012928910354800248
MAR03607	0.012928910354800248
MAR03608	0.012928910354800248
MAR03609	0.012928910354800248
MAR03610	0.012928910354800248
MAR03611	0.012928910354800248
MAR03612	0.012928910354800248
MAR03613	3.876376698494929e-05
MAR03614	3.876376698494929e-05
MAR03615	0.012928910354800248
MAR03616	0.012928910354800248
MAR03617	0.012928910354800248
MAR03618	0.005574581342277725
MAR03619	0.012928910354800248
MAR03620	0.00010544374154059859
MAR03621	0.012928910354800248
MAR03623	0.00010544374154059859
MAR03624	0.012928910354800248
MAR03745	0.00010544374154059859
MAR03749	0.012928910354800248
MAR03756	0.00046112503438915873
MAR03758	0.00010544374154059859
MAR03764	0.0008097752205675796
MAR03766	0.00010544374154059859
MAR03768	0.0013631651708054322
MAR03774	0.00010544374154059859
MAR03776	4.14444693379144e-05
MAR03779	0.0009505892305625542
MAR03781	0.00012581303102162652
MAR03786	0.00012581303102162652
MAR03788	0.0005276215006115401
MAR03791	0.00012581303102162652
MAR03798	0.00012581303102162652
MAR03801	0.005952368293540576
MAR03803	0.005952368293540576
MAR03805	0.005952368293540576
MAR03808	0.007945418500475004
MAR03810	0.00046919550517520093
MAR03812	0.007945418500475004
MAR03814	0.00046919550517520093
MAR03815	0.004119748483482751
MAR03817	0.0027789915972311254
MAR03821	0.0006449038023080405
MAR03824	0.00010544374154059859
MAR03826	4.3715657956759053e-05
MAR03828	0.0022011355463162166
MAR03830	0.00010544374154059859
MAR03834	0.00010544374154059859
MAR03836	0.00010544374154059859
MAR03840	0.00010544374154059859
MAR03842	4.222874442787584e-05
MAR03844	0.00046919550517520093
MAR03846	0.005952368293540576
MAR03872	0.005952368293540576
MAR03874	0.005952368293540576
MAR03876	0.007945418500475004
MAR03878	0.00010544374154059859
MAR03880	0.00010544374154059859
MAR03882	0.00010544374154059859
MAR03884	0.00010544374154059859
MAR03886	0.005178574657566765
MAR03887	0.0011207063124522754
MAR03888	0.0011207063124522754
MAR03891	4.222874442787584e-05
MAR03893	3.876376698494929e-05
MAR03894	0.0011207063124522754
MAR03896	0.0011207063124522754
MAR03898	0.00010544374154059859
MAR03900	3.876376698494929e-05
MAR03902	0.001325380919347441
MAR03904	0.001325380919347441
MAR03906	3.876376698494929e-05
MAR03909	0.00010544374154059859
MAR03913	4.222874442787584e-05
MAR03914	0.00010544374154059859
MAR03918	0.06350932670555044
MAR03924	0.012264929233246596
MAR03926	0.005858866671185154
MAR03927	0.00010544374154059859
MAR03930	0.00010544374154059859
MAR03932	0.00016326470847142566
MAR03934	0.00010544374154059859
MAR03936	0.00010544374154059859
MAR03938	0.005858866671185154
MAR03941	0.005858866671185154
MAR03942	0.005858866671185154
MAR03943	0.005858866671185154
MAR03945	0.005858866671185154
MAR03961	0.005858866671185154
MAR03962	0.00010544374154059859
MAR03963	0.005858866671185154
MAR03973	0.005858866671185154
MAR03976	0.005858866671185154
MAR03978	0.005858866671185154
MAR03981	0.00046919550517520093
MAR03983	0.007945418500475004
MAR03985	0.01027078320525746
MAR03990	0.0011207063124522754
MAR03994	0.0011207063124522754
MAR03997	0.0014772445581649127
MAR04001	0.0014772445581649127
MAR04003	0.0014772445581649127
MAR04007	0.00010544374154059859
MAR04009	0.00022429683569460116
MAR04011	0.00010544374154059859
MAR04013	0.00010544374154059859
MAR04015	0.00010544374154059859
MAR04017	0.00010544374154059859
MAR04019	0.0005276215006115401
MAR04021	0.00010636487576854425
MAR04023	0.006028061981738186
MAR04025	0.00010636487576854425
MAR04027	0.00010636487576854425
MAR04029	0.006028061981738186
MAR04031	0.00010636487576854425
MAR04033	0.00010636487576854425
MAR04035	0.006028061981738186
MAR04037	0.00010636487576854425
MAR04039	0.00010544374154059859
MAR04041	0.0005276215006115401
MAR04043	0.00010636487576854425
MAR04045	0.006028061981738186
MAR04047	0.00010636487576854425
MAR04049	0.00010544374154059859
MAR04051	0.0005276215006115401
MAR04053	0.00010544374154059859
MAR04055	0.0005276215006115401
MAR04057	0.00010636487576854425
MAR04074	0.006028061981738186
MAR04076	0.00010636487576854425
MAR04088	0.00010544374154059859
MAR04090	0.0005276215006115401
MAR04092	0.00010544374154059859
MAR04094	0.00010544374154059859
MAR04096	0.00010544374154059859
MAR04098	0.00010544374154059859
MAR04100	0.00010544374154059859
MAR04102	0.00010544374154059859
MAR04104	0.00010544374154059859
MAR04110	0.00010544374154059859
MAR04117	0.00010544374154059859
MAR04119	0.00010544374154059859
MAR04129	0.00010544374154059859
MAR04138	0.00010544374154059859
MAR04140	0.00010544374154059859
MAR04142	0.00010544374154059859
MAR04146	0.00010544374154059859
MAR04148	0.00010544374154059859
MAR04150	0.00010544374154059859
MAR04151	0.00010544374154059859
MAR04153	0.00010544374154059859
MAR04154	0.00010544374154059859
MAR04155	0.00010544374154059859
MAR04157	0.00010544374154059859
MAR04161	0.00010544374154059859
MAR04164	0.00010544374154059859
MAR04173	0.00010544374154059859
MAR04178	0.00010544374154059859
MAR04181	0.00010544374154059859
MAR04195	0.00010544374154059859
MAR04203	0.00010544374154059859
MAR04213	0.00010544374154059859
MAR04215	0.00010544374154059859
MAR04217	0.00010544374154059859
MAR04221	0.00010544374154059859
MAR04223	0.00010544374154059859
MAR04226	0.00010544374154059859
MAR04229	0.00010544374154059859
MAR04230	0.00010544374154059859
MAR04234	0.00010544374154059859
MAR04236	0.00010544374154059859
MAR04238	0.00010544374154059859
MAR04240	0.00010544374154059859
MAR04247	0.00010544374154059859
MAR04256	0.00010544374154059859
MAR04258	0.00010544374154059859
MAR04272	0.00010544374154059859
MAR04273	0.00010544374154059859
MAR04286	0.00010544374154059859
MAR04289	0.00010544374154059859
MAR04292	0.00010544374154059859
MAR04293	0.00010544374154059859
MAR04294	0.00010544374154059859
MAR04298	0.00010544374154059859
MAR04305	0.00010544374154059859
MAR04307	0.00010544374154059859
MAR04309	0.00010544374154059859
MAR04311	0.00010544374154059859
MAR04322	0.00010544374154059859
MAR04325	0.00010544374154059859
MAR04327	0.00010544374154059859
MAR04334	0.00010544374154059859
MAR04337	0.00010544374154059859
MAR04339	0.00010544374154059859
MAR04341	0.00010544374154059859
MAR04349	0.00010544374154059859
MAR04353	0.00010544374154059859
MAR04357	0.00010544374154059859
MAR04359	0.00010544374154059859
MAR04361	0.00010544374154059859
MAR04362	0.00010544374154059859
MAR04364	0.00010544374154059859
MAR04366	0.00010544374154059859
MAR04369	0.00010544374154059859
MAR04374	0.00010544374154059859
MAR04376	0.00010544374154059859
MAR04378	0.00010544374154059859
MAR04380	0.00010544374154059859
MAR04382	0.00010544374154059859
MAR04384	0.00010544374154059859
MAR04389	0.00010544374154059859
MAR04392	0.00010544374154059859
MAR04395	0.00010544374154059859
MAR04397	0.00010544374154059859
MAR04405	0.00010544374154059859
MAR04407	0.00010544374154059859
MAR04409	0.00010544374154059859
MAR04413	0.00010544374154059859
MAR04438	0.0034915973894394754
MAR04439	0.0034915973894394754
MAR04441	0.00010544374154059859
MAR04443	0.00010544374154059859
MAR04445	0.0017043499869525201
MAR04447	0.0006397394006909621
MAR04457	0.002001604651380617
MAR04462	0.002001604651380617
MAR04475	0.002001604651380617
MAR04479	0.0020170300221731188
MAR04491	0.002001604651380617
MAR04504	0.002001604651380617
MAR04508	0.002001604651380617
MAR04509	0.0006397394006909621
MAR04511	0.00010544374154059859
MAR04515	0.00010544374154059859
MAR04522	0.002001604651380617
MAR04566	0.0034915973894394754
MAR04569	0.002001604651380617
MAR04571	0.002001604651380617
MAR04578	0.0034915973894394754
MAR04581	0.002001604651380617
MAR04598	0.002001604651380617
MAR04610	0.002001604651380617
MAR04613	0.002001604651380617
MAR04616	0.0034915973894394754
MAR04620	0.002001604651380617
MAR04624	0.002001604651380617
MAR04634	0.002001604651380617
MAR04636	0.002001604651380617
MAR04638	0.002001604651380617
MAR04639	0.002001604651380617
MAR04645	0.0020170300221731188
MAR04661	0.0020170300221731188
MAR04671	0.002001604651380617
MAR04674	0.0020170300221731188
MAR04677	0.0020170300221731188
MAR04678	0.0017043499869525201
MAR04707	0.002001604651380617
MAR04711	0.002001604651380617
MAR04719	0.002001604651380617
MAR04722	0.0017043499869525201
MAR04726	0.0020170300221731188
MAR04728	0.0020170300221731188
MAR04745	0.002001604651380617
MAR04749	0.002001604651380617
MAR04759	0.002001604651380617
MAR04782	0.0020170300221731188
MAR04783	0.00010544374154059859
MAR04793	0.001861818342948034
MAR04803	0.001861818342948034
MAR04805	0.0038274572681515906
MAR04807	0.00010544374154059859
MAR04809	0.00010544374154059859
MAR04811	0.001861818342948034
MAR04813	0.00010544374154059859
MAR04815	0.00010544374154059859
MAR04820	0.00010544374154059859
MAR04821	0.00010544374154059859
MAR04822	0.00010544374154059859
MAR04823	0.00010544374154059859
MAR04824	0.00010544374154059859
MAR04825	0.00010544374154059859
MAR04826	0.00010544374154059859
MAR04827	0.00010544374154059859
MAR04828	0.00010544374154059859
MAR04829	0.00010544374154059859
MAR04830	0.00010544374154059859
MAR04853	0.00010544374154059859
MAR04857	0.00010544374154059859
MAR04859	0.00010544374154059859
MAR04866	0.00010544374154059859
MAR04869	0.00010544374154059859
MAR04884	0.00010544374154059859
MAR04886	0.00010544374154059859
MAR04889	0.00010544374154059859
MAR04891	0.00010544374154059859
MAR04895	0.00010544374154059859
MAR04897	0.00010544374154059859
MAR04899	0.00010544374154059859
MAR04901	0.00010544374154059859
MAR04909	0.00010544374154059859
MAR04918	0.00010544374154059859
MAR04920	0.00010544374154059859
MAR04921	0.00010544374154059859
MAR04923	0.00010544374154059859
MAR04925	0.00010544374154059859
MAR04927	0.00010544374154059859
MAR04929	0.00010544374154059859
MAR04936	0.00010544374154059859
MAR04943	0.00010544374154059859
MAR04950	0.00010544374154059859
MAR04965	0.00010544374154059859
MAR04968	0.0008680418676426633
MAR04970	0.002805785662707672
MAR04974	0.0007152361794337457
MAR04978	0.0013387720881720881
MAR04981	0.0014772445581649127
MAR04984	0.013062460908471171
MAR04987	0.0008680418676426633
MAR04988	0.0018215668800628832
MAR04991	0.0019199062405796266
MAR05001	0.002805785662707672
MAR05017	0.0007152361794337457
MAR05025	0.0014772445581649127
MAR05026	0.0014772445581649127
MAR05028	0.0009254687362385397
MAR05030	0.013062460908471171
MAR05044	0.013062460908471171
MAR05069	0.0008680418676426633
MAR05081	0.0019199062405796266
MAR05083	0.013062460908471171
MAR05086	0.0008680418676426633
MAR05090	0.0018215668800628832
MAR05093	0.0019199062405796266
MAR05095	0.013062460908471171
MAR05097	0.0014772445581649127
MAR05098	0.013062460908471171
MAR05100	0.0014772445581649127
MAR05103	0.0020170300221731188
MAR05104	0.002001604651380617
MAR05106	0.0017043499869525201
MAR05108	0.0009254687362385397
MAR05110	0.008315002006683753
MAR05111	0.008315002006683753
MAR05119	0.0014772445581649127
MAR05120	0.008315002006683753
MAR05175	0.0014772445581649127
MAR05176	0.008315002006683753
MAR05177	0.008315002006683753
MAR05178	0.0014772445581649127
MAR05179	0.008315002006683753
MAR05180	0.0014772445581649127
MAR05181	0.008315002006683753
MAR05182	0.0014772445581649127
MAR05183	7.94601522353356e-05
MAR05184	0.0009254687362385397
MAR05185	0.008315002006683753
MAR05188	0.008315002006683753
MAR05189	0.0014772445581649127
MAR05190	0.008315002006683753
MAR05192	0.008315002006683753
MAR05193	0.0008680418676426633
MAR05194	0.008315002006683753
MAR05196	0.0014772445581649127
MAR05235	0.0019199062405796266
MAR05242	0.008315002006683753
MAR05256	0.0008680418676426633
MAR05293	0.0007152361794337457
MAR05298	0.004799133870749959
MAR05300	0.0014772445581649127
MAR05306	0.0018215668800628832
MAR05309	0.0019199062405796266
MAR05312	0.002805785662707672
MAR05321	0.0007152361794337457
MAR05325	0.008315002006683753
MAR05327	0.0014772445581649127
MAR05329	0.008315002006683753
MAR05331	0.0014772445581649127
MAR05334	0.00019342151296289565
MAR05341	4.222874442787584e-05
MAR05343	0.008315002006683753
MAR05345	0.008315002006683753
MAR05350	0.0014772445581649127
MAR05355	0.008315002006683753
MAR05357	0.008315002006683753
MAR05359	0.008315002006683753
MAR05360	0.008315002006683753
MAR05364	0.0008680418676426633
MAR05365	0.008315002006683753
MAR05366	0.0014772445581649127
MAR05367	0.0018215668800628832
MAR05368	0.0019199062405796266
MAR05369	0.008315002006683753
MAR05370	0.0018215668800628832
MAR05371	0.008315002006683753
MAR05372	0.0014772445581649127
MAR05373	0.008315002006683753
MAR05374	0.0014772445581649127
MAR05375	0.0008680418676426633
MAR05376	0.008315002006683753
MAR05377	0.0014772445581649127
MAR05378	0.008315002006683753
MAR05379	0.0008680418676426633
MAR05380	0.004799133870749959
MAR05382	0.0014772445581649127
MAR05383	0.0018215668800628832
MAR05402	0.0019199062405796266
MAR05403	0.008315002006683753
MAR05404	0.002805785662707672
MAR05405	0.0007152361794337457
MAR05408	0.004799133870749959
MAR05410	0.0018215668800628832
MAR05412	0.002805785662707672
MAR05421	0.0014772445581649127
MAR05425	4.222874442787584e-05
MAR05427	4.222874442787584e-05
MAR05428	0.0014772445581649127
MAR05431	0.0014772445581649127
MAR05456	0.002001604651380617
MAR05988	0.013062460908471171
MAR05991	0.002001604651380617
MAR05999	0.0005257737039289799
MAR06278	0.002001604651380617
MAR06280	0.0008680418676426633
MAR06281	0.0018215668800628832
MAR06282	0.0019199062405796266
MAR06284	0.0014772445581649127
MAR06285	0.0014772445581649127
MAR06319	0.013062460908471171
MAR06320	0.013062460908471171
MAR06322	0.0014772445581649127
MAR06344	0.0014772445581649127
MAR06345	0.0014772445581649127
MAR06346	0.00010544374154059859
MAR06347	0.013062460908471171
MAR06348	4.222874442787584e-05
MAR06349	0.009376156075405383
MAR06350	0.009376156075405383
MAR06376	0.009376156075405383
MAR06378	0.0013387720881720881
MAR06390	0.002805785662707672
MAR06407	0.013062460908471171
MAR06418	0.0018215668800628832
MAR06437	0.008315002006683753
MAR06449	0.008315002006683753
MAR06452	0.008315002006683753
MAR06483	0.0008680418676426633
MAR06485	0.0034915973894394754
MAR06487	0.0034915973894394754
MAR06489	0.0034915973894394754
MAR06491	0.0034915973894394754
MAR06493	0.0034915973894394754
MAR06498	0.00010544374154059859
MAR06499	0.0034915973894394754
MAR06502	0.0034915973894394754
MAR06503	0.0034915973894394754
MAR06528	0.0034915973894394754
MAR06538	0.0034915973894394754
MAR06586	0.0034915973894394754
MAR06593	0.0034915973894394754
MAR06596	0.001861818342948034
MAR06597	0.001861818342948034
MAR06598	0.002001604651380617
MAR06599	0.0020170300221731188
MAR06600	0.00026806782306178185
MAR06604	0.0038274572681515906
MAR06688	0.0034915973894394754
MAR06689	0.0020170300221731188
MAR06696	0.002001604651380617
MAR06698	0.00026806782306178185
MAR06724	0.00010544374154059859
MAR06769	0.00010544374154059859
MAR06773	0.00010544374154059859
MAR06775	0.0012811883537131687
MAR06777	0.0006397394006909621
MAR06779	0.0012811883537131687
MAR06804	0.00010544374154059859
MAR06805	0.00010544374154059859
MAR06809	0.0017043499869525201
MAR06810	0.0006397394006909621
MAR06812	0.001861818342948034
MAR06816	0.001861818342948034
MAR06821	0.00010544374154059859
MAR06825	0.0020170300221731188
MAR06832	0.0017043499869525201
MAR06833	0.00010544374154059859
MAR06846	0.00010544374154059859
MAR06847	0.0017043499869525201
MAR06852	0.0006397394006909621
MAR06859	0.009360014418059979
MAR06860	4.0289592350784823e-05
MAR06861	0.0011650122495442548
MAR06862	3.876376698494929e-05
MAR06863	0.009360014418059979
MAR06864	0.000782559468373438
MAR06865	3.876376698494929e-05
MAR06866	0.001412730228656676
MAR06867	0.00010544374154059859
MAR06868	0.00010544374154059859
MAR06869	0.00010544374154059859
MAR06870	0.00010544374154059859
MAR06871	3.876376698494929e-05
MAR06872	0.0013152513310323317
MAR06873	0.00010544374154059859
MAR06884	4.781104661800335e-05
MAR06887	4.9165625125805586e-05
MAR06891	4.0248225815607714e-05
MAR06892	4.0248225815607714e-05
MAR06893	0.00020717561445207064
MAR06896	3.876376698494929e-05
MAR06897	0.009360014418059979
MAR06898	0.0011650122495442548
MAR06899	3.876376698494929e-05
MAR06900	3.876376698494929e-05
MAR06913	3.876376698494929e-05
MAR06915	0.0033933146395763417
MAR06917	3.876376698494929e-05
MAR06919	0.00010544374154059859
MAR06920	0.00010544374154059859
MAR06922	0.00010544374154059859
MAR07101	0.0013152513310323317
MAR07102	0.009360014418059979
MAR07105	0.009360014418059979
MAR07107	3.876376698494929e-05
MAR07148	3.876376698494929e-05
MAR07149	0.004868460501175741
MAR07150	3.876376698494929e-05
MAR07151	0.009360014418059979
MAR07152	0.0038274572681515906
MAR07153	0.009360014418059979
MAR07154	4.7043700447957696e-05
MAR07155	3.876376698494929e-05
MAR07156	0.0038274572681515906
MAR07157	0.0038274572681515906
MAR07158	0.00010544374154059859
MAR07159	0.00010544374154059859
MAR07176	0.00010544374154059859
MAR07177	0.00010544374154059859
MAR07178	3.876376698494929e-05
MAR07179	3.876376698494929e-05
MAR07189	0.009360014418059979
MAR07190	3.876376698494929e-05
MAR07192	3.876376698494929e-05
MAR07193	0.005087466570407159
MAR07194	4.0289592350784823e-05
MAR07195	0.00010544374154059859
MAR07255	0.00010544374154059859
MAR07439	0.00010544374154059859
MAR07589	0.001412730228656676
MAR07592	0.00010544374154059859
MAR07593	3.876376698494929e-05
MAR07595	3.876376698494929e-05
MAR07657	3.876376698494929e-05
MAR07658	0.0007159429597654137
MAR07659	0.00010544374154059859
MAR07750	0.00010544374154059859
MAR07751	0.00010544374154059859
MAR07752	0.00010544374154059859
MAR07753	0.00035770860169223644
MAR07754	0.00010544374154059859
MAR07803	0.00010544374154059859
MAR07805	0.00010544374154059859
MAR07807	0.00010544374154059859
MAR07809	0.00010544374154059859
MAR07811	0.00035770860169223644
MAR07813	3.876376698494929e-05
MAR07817	0.00010544374154059859
MAR07819	0.00010544374154059859
MAR07821	0.00010544374154059859
MAR08111	0.00010544374154059859
MAR08204	0.00010544374154059859
MAR08218	0.008127876867171204
MAR08274	0.0016188323099056046
MAR08301	0.0005466303953284847
MAR08386	0.00010544374154059859
MAR08400	0.00010544374154059859
MAR08422	0.00010544374154059859
MAR08423	0.00010544374154059859
MAR08644	0.00010544374154059859
MAR08646	0.00010544374154059859
MAR08647	0.00010544374154059859
MAR08649	0.00010544374154059859
MAR08650	0.00010544374154059859
MAR08701	0.00010544374154059859
MAR08705	0.00010544374154059859
MAR08707	0.00010544374154059859
MAR08708	0.00010544374154059859
MAR08832	0.00010544374154059859
MAR08916	0.00010544374154059859
MAR08948	0.00010544374154059859
MAR08949	0.00010544374154059859
MAR08950	0.00010544374154059859
MAR08951	0.00010544374154059859
MAR08952	0.00010544374154059859
MAR08953	0.00010544374154059859
MAR08954	0.00010544374154059859
MAR08955	0.00010544374154059859
MAR08956	0.00010544374154059859
MAR08957	0.00010544374154059859
MAR08958	0.00010544374154059859
MAR08959	0.00010544374154059859
MAR08960	0.00010544374154059859
MAR08961	0.00010544374154059859
MAR08962	0.00010544374154059859
MAR08963	0.00010544374154059859
MAR08964	0.00010544374154059859
MAR08965	0.00010544374154059859
MAR08966	0.00010544374154059859
MAR08967	0.00010544374154059859
MAR08968	0.0003714732265970883
MAR08969	3.876376698494929e-05
MAR08970	0.00010544374154059859
MAR08971	0.0074572202317020105
MAR08972	0.00035770860169223644
MAR08974	0.00010544374154059859
MAR08975	0.00010544374154059859
MAR08976	0.00010544374154059859
MAR08977	0.00010544374154059859
MAR08978	0.00010544374154059859
MAR08979	0.00010544374154059859
MAR08980	0.00010544374154059859
MAR08981	0.00010544374154059859
MAR08982	0.00010544374154059859
MAR08983	0.00010544374154059859
MAR08984	0.00010544374154059859
MAR08986	0.00010544374154059859
MAR08987	0.00010544374154059859
MAR08988	0.00010544374154059859
MAR08989	0.00010544374154059859
MAR08991	0.00010544374154059859
MAR08993	0.00010544374154059859
MAR08994	0.00010544374154059859
MAR08995	0.00010544374154059859
MAR08996	0.00010544374154059859
MAR08997	0.00010544374154059859
MAR08998	0.00010544374154059859
MAR08999	0.00010544374154059859
MAR09000	0.00010544374154059859
MAR09001	0.00010544374154059859
MAR09002	0.00010544374154059859
MAR09003	0.00010544374154059859
MAR09004	0.00010544374154059859
MAR09005	0.00010544374154059859
MAR09006	0.00010544374154059859
MAR09007	0.00010544374154059859
MAR09008	0.00010544374154059859
MAR09009	0.00010544374154059859
MAR09010	0.00010544374154059859
MAR09011	0.00010544374154059859
MAR09012	0.00010544374154059859
MAR09013	0.00010544374154059859
MAR09021	0.00010544374154059859
MAR09025	0.00010544374154059859
MAR09026	0.00010544374154059859
MAR09027	0.00010544374154059859
MAR09028	0.00010544374154059859
MAR09029	0.00010544374154059859
MAR09030	0.00010544374154059859
MAR09031	3.876376698494929e-05
MAR09057	0.00010544374154059859
MAR09059	3.876376698494929e-05
MAR09060	0.00010544374154059859
MAR09112	0.00010544374154059859
MAR09170	0.00010544374154059859
MAR09186	0.00010544374154059859
MAR09274	0.000731899422499737
MAR09402	0.0032948014573422188
MAR09403	0.000731899422499737
MAR09459	0.00010544374154059859
MAR09526	0.00010544374154059859
MAR09533	0.00010544374154059859
MAR09576	3.876376698494929e-05
MAR09589	0.00010544374154059859
MAR09723	0.00010544374154059859
MAR09736	0.007785651957133285
MAR09819	3.876376698494929e-05
MAR09820	0.00010544374154059859
MAR09821	0.00010544374154059859
MAR09822	0.00010544374154059859
MAR09823	0.00010544374154059859
MAR09824	0.00010544374154059859
MAR09825	0.00010544374154059859
MAR09826	0.00010544374154059859
MAR09827	0.00010544374154059859
MAR09828	0.00010544374154059859
MAR09829	0.00010544374154059859
MAR09830	0.00010544374154059859
MAR09831	0.00010544374154059859
MAR09832	0.00010544374154059859
MAR09833	0.00010544374154059859
MAR09834	0.00010544374154059859
MAR09835	0.00010544374154059859
MAR09836	0.00010544374154059859
MAR09837	0.00010544374154059859
MAR09838	0.00010544374154059859
MAR09839	0.00010544374154059859
MAR09840	0.00010544374154059859
MAR09841	0.00010544374154059859
MAR09842	0.00010544374154059859
MAR09843	0.00010544374154059859
MAR09844	0.00010544374154059859
MAR09845	0.00010544374154059859
MAR09846	0.00010544374154059859
MAR09847	0.00010544374154059859
MAR09848	0.00010544374154059859
MAR09849	0.00010544374154059859
MAR09850	0.00010544374154059859
MAR09851	0.00010544374154059859
MAR09852	0.00010544374154059859
MAR09853	0.00010544374154059859
MAR09854	0.00010544374154059859
MAR09855	0.00010544374154059859
MAR09856	0.00010544374154059859
MAR09857	0.00010544374154059859
MAR09858	0.00010544374154059859
MAR09859	0.00010544374154059859
MAR09860	0.00010544374154059859
MAR09861	0.00010544374154059859
MAR09862	0.00010544374154059859
MAR09863	0.00010544374154059859
MAR09864	0.00010544374154059859
MAR09865	0.00010544374154059859
MAR09866	0.00010544374154059859
MAR09867	0.00010544374154059859
MAR09868	0.00010544374154059859
MAR09869	4.0289592350784823e-05
MAR09870	0.0038274572681515906
MAR09871	4.0289592350784823e-05
MAR09872	4.0289592350784823e-05
MAR09873	3.876376698494929e-05
MAR09874	3.876376698494929e-05
MAR09875	3.876376698494929e-05
MAR09876	4.0289592350784823e-05
MAR09877	4.219696807397336e-05
MAR09878	0.00018010964447013423
MAR09879	8.18295344348175e-05
MAR09880	4.219696807397336e-05
MAR09881	8.18295344348175e-05
MAR09882	0.002975472361982393
MAR09883	3.876376698494929e-05
MAR09884	3.876376698494929e-05
MAR09885	3.90298592561775e-05
MAR09886	3.876376698494929e-05
MAR09888	4.0289592350784823e-05
MAR09889	0.00011861927807639124
MAR09890	0.0002002926931748118
MAR09891	4.0289592350784823e-05
MAR09892	4.0289592350784823e-05
MAR09893	8.18295344348175e-05
MAR09894	0.000296653936621491
MAR09895	4.0289592350784823e-05
MAR09896	3.876376698494929e-05
MAR09897	0.00012674899272481578
MAR09898	4.0289592350784823e-05
MAR09899	0.0003580717994240513
MAR09900	3.876376698494929e-05
MAR09901	0.0007159429597654137
MAR09902	3.876376698494929e-05
MAR09903	5.6096078883974276e-05
MAR09904	4.0289592350784823e-05
MAR09905	0.00018010964447013423
MAR09906	8.18295344348175e-05
MAR09907	4.0289592350784823e-05
MAR09908	4.0289592350784823e-05
MAR09909	4.0289592350784823e-05
MAR09910	0.004367586912815806
MAR09911	0.00010544374154059859
MAR09912	0.00025865385878410835
MAR09913	0.00025865385878410835
MAR09914	0.00025865385878410835
MAR09915	0.00025865385878410835
MAR09916	0.00025865385878410835
MAR09917	0.00025865385878410835
MAR09918	0.00025865385878410835
MAR09919	0.00010544374154059859
MAR09920	0.00010544374154059859
MAR09921	0.00010544374154059859
MAR09922	0.00010544374154059859
MAR09923	0.00010544374154059859
MAR09924	0.00010544374154059859
MAR09925	0.00010544374154059859
MAR09926	0.00010544374154059859
MAR09927	0.00010544374154059859
MAR09928	0.00010544374154059859
MAR09929	0.00010544374154059859
MAR09930	0.00010544374154059859
MAR09931	0.00010544374154059859
MAR09932	0.00010544374154059859
MAR09933	0.00010544374154059859
MAR09934	3.876376698494929e-05
MAR09935	0.00010544374154059859
MAR09936	0.00010544374154059859
MAR09937	6.200427646608288e-05
MAR09938	0.0031179824302654036
MAR09939	0.00010544374154059859
MAR09940	0.00010544374154059859
MAR09941	0.00010544374154059859
MAR09942	0.007948961701127563
MAR09943	0.007948961701127563
MAR09944	0.007948961701127563
MAR09945	0.007948961701127563
MAR09946	0.007948961701127563
MAR09947	0.007948961701127563
MAR09948	0.00010544374154059859
MAR09950	0.00010544374154059859
MAR09951	0.0006677473754112499
MAR09952	0.00010544374154059859
MAR09953	0.00010544374154059859
MAR09954	0.00010544374154059859
MAR09955	0.00010544374154059859
MAR09956	0.00010544374154059859
MAR09957	0.00010544374154059859
MAR09958	0.00010544374154059859
MAR09959	0.00010544374154059859
MAR09960	0.00010544374154059859
MAR09961	0.00010544374154059859
MAR09962	0.00010544374154059859
MAR09963	0.00010544374154059859
MAR09964	0.00010544374154059859
MAR09965	0.00010544374154059859
MAR09966	0.00010544374154059859
MAR09967	0.00010544374154059859
MAR09968	0.00010544374154059859
MAR09969	0.00010544374154059859
MAR09970	0.00010544374154059859
MAR09971	0.00010544374154059859
MAR09972	0.00010544374154059859
MAR09973	0.00010544374154059859
MAR09974	0.00010544374154059859
MAR09975	0.00010544374154059859
MAR09976	0.00010544374154059859
MAR09977	0.00010544374154059859
MAR09978	0.00010544374154059859
MAR09979	0.00010544374154059859
MAR09980	0.00010544374154059859
MAR09981	0.00010544374154059859
MAR09982	0.00010544374154059859
MAR09983	0.00010544374154059859
MAR09984	0.00010544374154059859
MAR09985	3.876376698494929e-05
MAR09986	0.00010544374154059859
MAR09987	0.00010544374154059859
MAR09988	0.00010544374154059859
MAR09989	0.00010544374154059859
MAR09990	0.00010544374154059859
MAR09991	0.00010544374154059859
MAR09992	0.00010544374154059859
MAR09993	0.00010544374154059859
MAR09994	0.00010544374154059859
MAR09995	0.00010544374154059859
MAR09996	0.00010544374154059859
MAR09997	0.00010544374154059859
MAR09998	0.00010544374154059859
MAR09999	0.00010544374154059859
MAR10000	0.00010544374154059859
MAR10001	0.00010544374154059859
MAR10002	0.00010544374154059859
MAR10003	0.00010544374154059859
MAR10004	0.00010544374154059859
MAR10005	0.00010544374154059859
MAR10006	0.00010544374154059859
MAR10007	0.00010544374154059859
MAR10008	0.00011649646084580889
MAR10009	0.00010544374154059859
MAR10010	0.0009027769101346128
MAR10011	4.5072665450342784e-05
MAR10012	0.00010544374154059859
MAR10013	0.00010544374154059859
MAR10014	0.0009027769101346128
MAR10015	0.00010544374154059859
MAR10016	0.00010544374154059859
MAR10017	0.00010544374154059859
MAR10018	0.00010544374154059859
MAR10019	0.00010544374154059859
MAR10020	0.0009027769101346128
MAR10021	0.00010544374154059859
MAR10022	0.00010544374154059859
MAR10032	0.00010544374154059859
MAR10133	0.00010544374154059859
MAR10134	0.00010544374154059859
MAR10135	0.00010544374154059859
MAR10136	0.00010544374154059859
MAR10137	0.00010544374154059859
MAR10138	0.00010544374154059859
MAR10139	0.00010544374154059859
MAR10140	0.00010544374154059859
MAR10141	0.00010544374154059859
MAR10142	0.00010544374154059859
MAR10143	0.00010544374154059859
MAR10144	0.00010544374154059859
MAR10145	0.00010544374154059859
MAR10146	0.00010544374154059859
MAR10147	0.00010544374154059859
MAR10148	0.00010544374154059859
MAR10149	0.00010544374154059859
MAR10150	0.00010544374154059859
MAR10151	0.00010544374154059859
MAR10152	0.00010544374154059859
MAR10153	0.00010544374154059859
MAR10154	0.00010544374154059859
MAR10155	0.0009027769101346128
MAR10156	0.00010544374154059859
MAR10157	0.00010544374154059859
MAR10158	0.00010544374154059859
MAR10159	0.00010544374154059859
MAR10160	0.00010544374154059859
MAR10161	0.00010544374154059859
MAR10162	0.00010544374154059859
MAR10163	0.00010544374154059859
MAR10165	0.00010544374154059859
MAR10166	0.00010544374154059859
MAR10167	0.00010544374154059859
MAR10168	0.00010544374154059859
MAR10169	0.00010544374154059859
MAR10170	0.00010544374154059859
MAR10171	0.00010544374154059859
MAR10172	0.00010544374154059859
MAR10173	0.00010544374154059859
MAR10174	0.00010544374154059859
MAR10175	0.00010544374154059859
MAR10176	0.00010544374154059859
MAR10177	0.00010544374154059859
MAR10178	0.00010544374154059859
MAR10179	0.00010544374154059859
MAR10180	0.00010544374154059859
MAR10181	0.00010544374154059859
MAR10182	0.00010544374154059859
MAR10183	0.00010544374154059859
MAR10184	0.00010544374154059859
MAR10185	0.00010544374154059859
MAR10186	0.00010544374154059859
MAR10187	0.00010544374154059859
MAR10188	0.00010544374154059859
MAR10189	0.00010544374154059859
MAR10190	0.00010544374154059859
MAR10191	0.00010544374154059859
MAR10192	0.00010544374154059859
MAR10193	0.00010544374154059859
MAR10194	0.00010544374154059859
MAR10195	0.00010544374154059859
MAR10196	0.00010544374154059859
MAR10197	0.00010544374154059859
MAR10198	0.00010544374154059859
MAR10199	0.00010544374154059859
MAR10200	0.00010544374154059859
MAR10201	0.00010544374154059859
MAR10202	0.00010544374154059859
MAR10203	0.00010544374154059859
MAR10204	0.00010544374154059859
MAR10205	0.00010544374154059859
MAR10206	0.00010544374154059859
MAR10207	0.00010544374154059859
MAR10208	0.00010544374154059859
MAR10209	0.00010544374154059859
MAR10210	0.00010544374154059859
MAR10211	0.00010544374154059859
MAR10212	0.00010544374154059859
MAR10213	0.00010544374154059859
MAR10214	0.00010544374154059859
MAR10215	0.00010544374154059859
MAR10216	0.00010544374154059859
MAR10217	0.00010544374154059859
MAR10218	0.00010544374154059859
MAR10219	0.00010544374154059859
MAR10220	0.00010544374154059859
MAR10221	0.00010544374154059859
MAR10222	0.00010544374154059859
MAR10223	0.00010544374154059859
MAR10224	0.00010544374154059859
MAR10225	0.00010544374154059859
MAR10226	0.00010544374154059859
MAR10227	0.00010544374154059859
MAR10228	0.00010544374154059859
MAR10229	0.00010544374154059859
MAR10230	0.00010544374154059859
MAR10231	0.00010544374154059859
MAR10232	0.00010544374154059859
MAR10233	0.00010544374154059859
MAR10234	0.00010544374154059859
MAR10235	0.00010544374154059859
MAR10236	0.00010544374154059859
MAR10237	0.00010544374154059859
MAR10238	0.00010544374154059859
MAR10239	0.00010544374154059859
MAR10240	0.00010544374154059859
MAR10241	0.00010544374154059859
MAR10242	0.00010544374154059859
MAR10243	0.00010544374154059859
MAR10244	0.00010544374154059859
MAR10245	0.00010544374154059859
MAR10246	0.00010544374154059859
MAR10247	0.00010544374154059859
MAR10248	0.00010544374154059859
MAR10249	0.00010544374154059859
MAR10250	0.00010544374154059859
MAR10251	0.00010544374154059859
MAR10252	0.00010544374154059859
MAR10253	0.00010544374154059859
MAR10254	0.00010544374154059859
MAR10255	0.00010544374154059859
MAR10256	0.00010544374154059859
MAR10257	0.00010544374154059859
MAR10258	0.00010544374154059859
MAR10259	0.00010544374154059859
MAR10260	0.00010544374154059859
MAR10261	0.00010544374154059859
MAR10262	0.00010544374154059859
MAR10263	0.00010544374154059859
MAR10264	0.00010544374154059859
MAR10265	0.00010544374154059859
MAR10266	0.00010544374154059859
MAR10267	0.00010544374154059859
MAR10268	0.00010544374154059859
MAR10269	0.00010544374154059859
MAR10270	0.00010544374154059859
MAR10271	0.00010544374154059859
MAR10272	0.00010544374154059859
MAR10273	0.00010544374154059859
MAR10274	0.00010544374154059859
MAR10275	0.00010544374154059859
MAR10276	0.00010544374154059859
MAR10277	0.00010544374154059859
MAR10278	0.00010544374154059859
MAR10279	0.00010544374154059859
MAR10280	0.00010544374154059859
MAR10281	0.00010544374154059859
MAR10282	0.00010544374154059859
MAR10283	0.00010544374154059859
MAR10284	0.00010544374154059859
MAR10285	0.00010544374154059859
MAR10286	0.00010544374154059859
MAR10287	0.00010544374154059859
MAR10288	0.00010544374154059859
MAR10289	0.00010544374154059859
MAR10290	0.00010544374154059859
MAR10291	0.00010544374154059859
MAR10292	0.00010544374154059859
MAR10293	0.00010544374154059859
MAR10294	0.00010544374154059859
MAR10295	0.00010544374154059859
MAR10296	0.00010544374154059859
MAR10297	0.00010544374154059859
MAR10298	0.00010544374154059859
MAR10299	0.00010544374154059859
MAR10300	0.00010544374154059859
MAR10301	0.00010544374154059859
MAR10302	0.00010544374154059859
MAR10303	0.00010544374154059859
MAR10304	0.00010544374154059859
MAR10305	0.00010544374154059859
MAR10306	0.00010544374154059859
MAR10307	0.00010544374154059859
MAR10308	0.00010544374154059859
MAR10309	0.00010544374154059859
MAR10310	0.00010544374154059859
MAR10311	0.00010544374154059859
MAR10312	0.00010544374154059859
MAR10313	0.00010544374154059859
MAR10314	0.00010544374154059859
MAR10315	0.00010544374154059859
MAR10316	0.00010544374154059859
MAR10317	0.00010544374154059859
MAR10318	0.00010544374154059859
MAR10319	0.00010544374154059859
MAR10320	0.00010544374154059859
MAR10321	0.00010544374154059859
MAR10322	0.00010544374154059859
MAR10323	0.00010544374154059859
MAR10324	0.00010544374154059859
MAR10325	0.00010544374154059859
MAR10326	0.00010544374154059859
MAR10327	0.00010544374154059859
MAR10328	0.00010544374154059859
MAR10329	0.00010544374154059859
MAR10330	0.00010544374154059859
MAR10331	0.00010544374154059859
MAR10332	0.00010544374154059859
MAR10333	0.00010544374154059859
MAR10334	0.00010544374154059859
MAR10335	0.00010544374154059859
MAR10336	0.00010544374154059859
MAR10337	0.00010544374154059859
MAR10338	0.00010544374154059859
MAR10339	0.00010544374154059859
MAR10340	0.00010544374154059859
MAR10341	0.00010544374154059859
MAR10342	0.00010544374154059859
MAR10343	0.00010544374154059859
MAR10344	0.00010544374154059859
MAR10345	0.00010544374154059859
MAR10346	0.00010544374154059859
MAR10347	0.00010544374154059859
MAR10348	0.00010544374154059859
MAR10349	0.00010544374154059859
MAR10350	0.00010544374154059859
MAR10351	0.00010544374154059859
MAR10352	0.00010544374154059859
MAR10353	0.00010544374154059859
MAR10354	0.00010544374154059859
MAR10355	0.00010544374154059859
MAR10356	0.00010544374154059859
MAR10357	0.00010544374154059859
MAR10358	0.00010544374154059859
MAR10359	0.00010544374154059859
MAR10360	0.00010544374154059859
MAR10361	0.00010544374154059859
MAR10362	0.00010544374154059859
MAR10363	0.00010544374154059859
MAR10364	0.00010544374154059859
MAR10365	0.00010544374154059859
MAR10366	0.00010544374154059859
MAR10367	0.00010544374154059859
MAR10368	0.00010544374154059859
MAR10369	0.00010544374154059859
MAR10370	0.00010544374154059859
MAR10371	0.00010544374154059859
MAR10372	0.00010544374154059859
MAR10373	0.00010544374154059859
MAR10374	0.002455347750224107
MAR10375	0.00010544374154059859
MAR10376	0.00010544374154059859
MAR10377	0.0006397394006909621
MAR10378	0.00010544374154059859
MAR10379	0.00010544374154059859
MAR10380	0.00010544374154059859
MAR10381	0.00010544374154059859
MAR10382	0.00010544374154059859
MAR10383	0.00010544374154059859
MAR10384	0.00010544374154059859
MAR10385	0.00010544374154059859
MAR10386	0.00010544374154059859
MAR10387	0.00010544374154059859
MAR10388	0.00010544374154059859
MAR10389	0.00010544374154059859
MAR10390	0.00010544374154059859
MAR10391	0.00010544374154059859
MAR10392	0.00010544374154059859
MAR10393	0.00010544374154059859
MAR10394	0.00010544374154059859
MAR10395	0.00010544374154059859
MAR10396	0.00010544374154059859
MAR10397	0.00010544374154059859
MAR10398	0.00010544374154059859
MAR10399	0.00010544374154059859
MAR10400	0.00010544374154059859
MAR10401	0.00010544374154059859
MAR10402	0.00010544374154059859
MAR10403	0.00010544374154059859
MAR10404	0.00010544374154059859
MAR10405	0.00010544374154059859
MAR10406	0.00010544374154059859
MAR10407	0.00010544374154059859
MAR10408	0.00010544374154059859
MAR10409	0.00010544374154059859
MAR10411	0.00010544374154059859
MAR10412	0.00010544374154059859
MAR10413	0.00010544374154059859
MAR10414	0.00010544374154059859
MAR10415	0.00010544374154059859
MAR10416	0.00010544374154059859
MAR10417	0.00010544374154059859
MAR10418	0.00010544374154059859
MAR10419	0.00010544374154059859
MAR10420	0.00010544374154059859
MAR10421	0.00010544374154059859
MAR10422	0.00010544374154059859
MAR10423	0.00010544374154059859
MAR10424	0.00010544374154059859
MAR10425	0.00010544374154059859
MAR10426	0.00010544374154059859
MAR10427	0.00010544374154059859
MAR10428	0.00010544374154059859
MAR10429	0.00010544374154059859
MAR10430	0.00010544374154059859
MAR10431	0.00010544374154059859
MAR10432	0.00010544374154059859
MAR10434	0.00010544374154059859
MAR10435	0.00010544374154059859
MAR10436	0.00010544374154059859
MAR10437	0.00010544374154059859
MAR10438	0.00010544374154059859
MAR10439	0.00010544374154059859
MAR10440	0.00010544374154059859
MAR10441	0.00010544374154059859
MAR10442	0.00010544374154059859
MAR10443	0.00010544374154059859
MAR10444	0.00010544374154059859
MAR10445	4.156342614929306e-05
MAR10446	4.156342614929306e-05
MAR10448	0.00010544374154059859
MAR10449	0.00010544374154059859
MAR10450	0.00010544374154059859
MAR10451	0.0009027769101346128
MAR10452	0.0009027769101346128
MAR10453	0.0009027769101346128
MAR10454	0.0009027769101346128
MAR10455	0.00010544374154059859
MAR10456	0.00010544374154059859
MAR10457	0.00010544374154059859
MAR10458	0.00010544374154059859
MAR10459	3.876376698494929e-05
MAR10460	4.021476404923429e-05
MAR10461	4.976051025042157e-05
MAR10462	4.021476404923429e-05
MAR10463	0.00010544374154059859
MAR10464	3.876376698494929e-05
MAR10465	0.00010544374154059859
MAR10466	0.00010544374154059859
MAR10468	0.00010544374154059859
MAR10470	0.00010544374154059859
MAR10472	0.00010544374154059859
MAR10473	0.00010544374154059859
MAR10474	0.00010544374154059859
MAR10475	0.00010544374154059859
MAR10476	0.00010544374154059859
MAR10477	0.00010544374154059859
MAR10478	0.00010544374154059859
MAR10479	0.00010544374154059859
MAR10480	0.00010544374154059859
MAR10481	0.00010544374154059859
MAR10482	0.00010544374154059859
MAR10483	0.00010544374154059859
MAR10484	0.00010544374154059859
MAR10485	0.00010544374154059859
MAR10486	0.00010544374154059859
MAR10487	0.00010544374154059859
MAR10488	0.00010544374154059859
MAR10489	0.00010544374154059859
MAR10490	0.00010544374154059859
MAR10491	0.00010544374154059859
MAR10492	0.00010544374154059859
MAR10493	0.00010544374154059859
MAR10494	0.00010544374154059859
MAR10495	0.00010544374154059859
MAR10496	0.00010544374154059859
MAR10497	0.00010544374154059859
MAR10498	0.00010544374154059859
MAR10499	0.00010544374154059859
MAR10500	0.00010544374154059859
MAR10501	0.00010544374154059859
MAR10502	0.00010544374154059859
MAR10503	0.00010544374154059859
MAR10504	0.00010544374154059859
MAR10505	0.00010544374154059859
MAR10506	0.00010544374154059859
MAR10507	0.00010544374154059859
MAR10508	0.00010544374154059859
MAR10509	0.00010544374154059859
MAR10510	0.00010544374154059859
MAR10511	0.00010544374154059859
MAR10512	0.00010544374154059859
MAR10513	0.00010544374154059859
MAR10514	0.00010544374154059859
MAR10515	0.00010544374154059859
MAR10516	0.00010544374154059859
MAR10517	0.00010544374154059859
MAR10518	0.00010544374154059859
MAR10519	0.00010544374154059859
MAR10520	0.00010544374154059859
MAR10521	0.00010544374154059859
MAR10522	0.00010544374154059859
MAR10523	0.00010544374154059859
MAR10524	0.00010544374154059859
MAR10525	0.00010544374154059859
MAR10526	0.00010544374154059859
MAR10527	0.00010544374154059859
MAR10528	0.00010544374154059859
MAR10529	0.00010544374154059859
MAR10530	0.00010544374154059859
MAR10531	0.00010544374154059859
MAR10532	0.00010544374154059859
MAR10533	0.00010544374154059859
MAR10534	0.00010544374154059859
MAR10535	0.00010544374154059859
MAR10536	0.00010544374154059859
MAR10537	0.00010544374154059859
MAR10538	0.00010544374154059859
MAR10539	0.00010544374154059859
MAR10540	0.00010544374154059859
MAR10541	0.00010544374154059859
MAR10542	0.00010544374154059859
MAR10543	0.00010544374154059859
MAR10544	0.00010544374154059859
MAR10545	0.00010544374154059859
MAR10546	0.00010544374154059859
MAR10547	0.00010544374154059859
MAR10548	0.00010544374154059859
MAR10549	0.00010544374154059859
MAR10550	0.00010544374154059859
MAR10551	0.00010544374154059859
MAR10552	0.00010544374154059859
MAR10553	0.00010544374154059859
MAR10554	0.00010544374154059859
MAR10555	0.00010544374154059859
MAR10556	0.00010544374154059859
MAR10557	0.00010544374154059859
MAR10558	0.00010544374154059859
MAR10559	0.00010544374154059859
MAR10560	0.00010544374154059859
MAR10561	0.00010544374154059859
MAR10562	0.00010544374154059859
MAR10563	0.00010544374154059859
MAR10564	0.00010544374154059859
MAR10565	0.00010544374154059859
MAR10566	0.00010544374154059859
MAR10567	0.00010544374154059859
MAR10568	0.00010544374154059859
MAR10569	0.00010544374154059859
MAR10570	0.00010544374154059859
MAR10571	0.00010544374154059859
MAR10572	0.00010544374154059859
MAR10573	0.00010544374154059859
MAR10574	0.00010544374154059859
MAR10575	0.00010544374154059859
MAR10576	0.00010544374154059859
MAR10577	0.00010544374154059859
MAR10578	0.00010544374154059859
MAR10579	0.00010544374154059859
MAR10580	0.00010544374154059859
MAR10581	0.00010544374154059859
MAR10582	0.00010544374154059859
MAR10583	0.00010544374154059859
MAR10584	0.00010544374154059859
MAR10585	0.00010544374154059859
MAR10586	0.00010544374154059859
MAR10587	0.00010544374154059859
MAR10588	0.00010544374154059859
MAR10589	0.00010544374154059859
MAR10590	0.00010544374154059859
MAR10591	0.00010544374154059859
MAR10592	0.00010544374154059859
MAR10593	0.00010544374154059859
MAR10594	0.00010544374154059859
MAR10595	0.00010544374154059859
MAR10596	0.00010544374154059859
MAR10597	0.00010544374154059859
MAR10598	0.00010544374154059859
MAR10599	0.00010544374154059859
MAR10600	0.00010544374154059859
MAR10601	0.00010544374154059859
MAR10602	0.00010544374154059859
MAR10603	0.00010544374154059859
MAR10604	0.00010544374154059859
MAR10605	0.00010544374154059859
MAR10606	0.00010544374154059859
MAR10607	0.00010544374154059859
MAR10608	0.00010544374154059859
MAR10609	0.00010544374154059859
MAR10610	0.00010544374154059859
MAR10611	0.00010544374154059859
MAR10612	0.00010544374154059859
MAR10613	0.00010544374154059859
MAR10614	0.00010544374154059859
MAR10615	0.00010544374154059859
MAR10616	0.00010544374154059859
MAR10617	0.00010544374154059859
MAR10618	0.00010544374154059859
MAR10619	0.00010544374154059859
MAR10620	0.00010544374154059859
MAR10621	0.00010544374154059859
MAR10622	0.00010544374154059859
MAR10623	0.00010544374154059859
MAR10624	0.00010544374154059859
MAR10625	0.00010544374154059859
MAR10626	0.00010544374154059859
MAR10627	0.00010544374154059859
MAR10628	0.00010544374154059859
MAR10629	0.00010544374154059859
MAR10630	0.00010544374154059859
MAR10631	0.00010544374154059859
MAR10632	0.00010544374154059859
MAR10633	0.00010544374154059859
MAR10634	0.00010544374154059859
MAR10635	0.00010544374154059859
MAR10636	0.00010544374154059859
MAR10637	0.00010544374154059859
MAR10638	0.00010544374154059859
MAR10639	0.00010544374154059859
MAR10640	0.00010544374154059859
MAR10641	0.00010544374154059859
MAR10642	0.00010544374154059859
MAR10643	0.00010544374154059859
MAR10644	0.00010544374154059859
MAR10645	0.00010544374154059859
MAR10646	0.00010544374154059859
MAR10647	0.00010544374154059859
MAR10648	0.00010544374154059859
MAR10649	0.00010544374154059859
MAR10650	0.00010544374154059859
MAR10651	0.00010544374154059859
MAR10652	0.00010544374154059859
MAR10653	0.00010544374154059859
MAR10654	0.00010544374154059859
MAR10655	0.00010544374154059859
MAR10656	0.00010544374154059859
MAR10657	0.00010544374154059859
MAR10658	0.00010544374154059859
MAR10659	0.00010544374154059859
MAR10660	0.00010544374154059859
MAR10661	0.00010544374154059859
MAR10662	0.00010544374154059859
MAR10663	0.00010544374154059859
MAR10664	0.00010544374154059859
MAR10665	0.00010544374154059859
MAR10666	0.00010544374154059859
MAR10667	0.00010544374154059859
MAR10668	0.00010544374154059859
MAR10669	0.00010544374154059859
MAR10670	0.00010544374154059859
MAR10671	0.00010544374154059859
MAR10672	0.00010544374154059859
MAR10673	0.00010544374154059859
MAR10674	0.00010544374154059859
MAR10675	0.00010544374154059859
MAR10676	0.00010544374154059859
MAR10677	0.00010544374154059859
MAR10678	0.00010544374154059859
MAR10679	0.00010544374154059859
MAR10680	0.00010544374154059859
MAR10681	0.00010544374154059859
MAR10682	0.00010544374154059859
MAR10683	0.00010544374154059859
MAR10684	0.00010544374154059859
MAR10685	0.00010544374154059859
MAR10686	0.00010544374154059859
MAR10687	0.00010544374154059859
MAR10688	0.00010544374154059859
MAR10689	0.00010544374154059859
MAR10690	0.00010544374154059859
MAR10691	0.00010544374154059859
MAR10692	0.00010544374154059859
MAR10693	0.00010544374154059859
MAR10694	0.00010544374154059859
MAR10695	0.00010544374154059859
MAR10696	0.00010544374154059859
MAR10697	0.00010544374154059859
MAR10698	0.00010544374154059859
MAR10699	0.00010544374154059859
MAR10700	0.00010544374154059859
MAR10701	0.00010544374154059859
MAR10702	0.00010544374154059859
MAR10703	0.00010544374154059859
MAR10704	0.00010544374154059859
MAR10705	0.00010544374154059859
MAR10706	0.00010544374154059859
MAR10707	0.00010544374154059859
MAR10708	0.00010544374154059859
MAR10709	0.00010544374154059859
MAR10710	0.00010544374154059859
MAR10711	0.00010544374154059859
MAR10712	0.00010544374154059859
MAR10713	0.00010544374154059859
MAR10714	0.00010544374154059859
MAR10715	0.00010544374154059859
MAR10716	0.00010544374154059859
MAR10717	0.00010544374154059859
MAR10718	0.00010544374154059859
MAR10719	0.00010544374154059859
MAR10720	0.00010544374154059859
MAR10721	0.00010544374154059859
MAR10722	0.00010544374154059859
MAR10723	0.00010544374154059859
MAR10724	0.00010544374154059859
MAR10725	0.00010544374154059859
MAR10726	0.00010544374154059859
MAR10727	0.00010544374154059859
MAR10728	0.00010544374154059859
MAR10729	0.00010544374154059859
MAR10730	0.00010544374154059859
MAR10731	0.00010544374154059859
MAR10732	0.00010544374154059859
MAR10733	0.00010544374154059859
MAR10734	0.00010544374154059859
MAR10735	0.00010544374154059859
MAR10736	0.00010544374154059859
MAR10737	0.00010544374154059859
MAR10738	0.00010544374154059859
MAR10739	3.876376698494929e-05
MAR10740	3.876376698494929e-05
MAR10741	3.876376698494929e-05
MAR10742	3.876376698494929e-05
MAR10743	3.876376698494929e-05
MAR10744	3.876376698494929e-05
MAR10745	3.876376698494929e-05
MAR10746	3.876376698494929e-05
MAR10747	3.876376698494929e-05
MAR10748	3.876376698494929e-05
MAR10749	3.876376698494929e-05
MAR10750	3.876376698494929e-05
MAR10751	3.876376698494929e-05
MAR10752	3.876376698494929e-05
MAR10753	3.876376698494929e-05
MAR10754	3.876376698494929e-05
MAR10755	3.876376698494929e-05
MAR10756	3.876376698494929e-05
MAR10757	3.876376698494929e-05
MAR10758	3.876376698494929e-05
MAR10759	3.876376698494929e-05
MAR10760	3.876376698494929e-05
MAR10761	3.876376698494929e-05
MAR10762	3.876376698494929e-05
MAR10763	3.876376698494929e-05
MAR10764	3.876376698494929e-05
MAR10765	3.876376698494929e-05
MAR10766	3.876376698494929e-05
MAR10767	3.876376698494929e-05
MAR10768	3.876376698494929e-05
MAR10769	3.876376698494929e-05
MAR10770	3.876376698494929e-05
MAR10771	3.876376698494929e-05
MAR10772	3.876376698494929e-05
MAR10773	3.876376698494929e-05
MAR10774	3.876376698494929e-05
MAR10775	3.876376698494929e-05
MAR10776	3.876376698494929e-05
MAR10777	3.876376698494929e-05
MAR10778	3.876376698494929e-05
MAR10779	3.876376698494929e-05
MAR10780	3.876376698494929e-05
MAR10781	3.876376698494929e-05
MAR10782	3.876376698494929e-05
MAR10783	3.876376698494929e-05
MAR10784	3.876376698494929e-05
MAR10785	3.876376698494929e-05
MAR10786	3.876376698494929e-05
MAR10787	3.876376698494929e-05
MAR10788	3.876376698494929e-05
MAR10789	3.876376698494929e-05
MAR10790	3.876376698494929e-05
MAR10791	3.876376698494929e-05
MAR10792	3.876376698494929e-05
MAR10793	3.876376698494929e-05
MAR10794	3.876376698494929e-05
MAR10795	3.876376698494929e-05
MAR10796	3.876376698494929e-05
MAR10797	3.876376698494929e-05
MAR10798	3.876376698494929e-05
MAR10799	3.876376698494929e-05
MAR10800	3.876376698494929e-05
MAR10801	3.876376698494929e-05
MAR10802	3.876376698494929e-05
MAR10803	3.876376698494929e-05
MAR10804	3.876376698494929e-05
MAR10805	3.876376698494929e-05
MAR10806	3.876376698494929e-05
MAR10807	3.876376698494929e-05
MAR10808	3.876376698494929e-05
MAR10809	3.876376698494929e-05
MAR10810	3.876376698494929e-05
MAR10811	3.876376698494929e-05
MAR10812	3.876376698494929e-05
MAR10813	3.876376698494929e-05
MAR10814	3.876376698494929e-05
MAR10815	3.876376698494929e-05
MAR10816	3.876376698494929e-05
MAR10817	3.876376698494929e-05
MAR10818	3.876376698494929e-05
MAR10819	3.876376698494929e-05
MAR10820	3.876376698494929e-05
MAR10821	3.876376698494929e-05
MAR10822	3.876376698494929e-05
MAR10823	3.876376698494929e-05
MAR10824	3.876376698494929e-05
MAR10825	3.876376698494929e-05
MAR10826	3.876376698494929e-05
MAR10827	3.876376698494929e-05
MAR10828	3.876376698494929e-05
MAR10829	3.876376698494929e-05
MAR10830	3.876376698494929e-05
MAR10831	3.876376698494929e-05
MAR10832	3.876376698494929e-05
MAR10833	3.876376698494929e-05
MAR10834	3.876376698494929e-05
MAR10835	3.876376698494929e-05
MAR10836	3.876376698494929e-05
MAR10837	3.876376698494929e-05
MAR10838	3.876376698494929e-05
MAR10839	3.876376698494929e-05
MAR10840	3.876376698494929e-05
MAR10841	3.876376698494929e-05
MAR10842	3.876376698494929e-05
MAR10843	3.876376698494929e-05
MAR10844	3.876376698494929e-05
MAR10845	3.876376698494929e-05
MAR10846	3.876376698494929e-05
MAR10847	3.876376698494929e-05
MAR10848	3.876376698494929e-05
MAR10849	3.876376698494929e-05
MAR10850	3.876376698494929e-05
MAR10851	3.876376698494929e-05
MAR10852	3.876376698494929e-05
MAR10853	3.876376698494929e-05
MAR10854	3.876376698494929e-05
MAR10855	3.876376698494929e-05
MAR10856	3.876376698494929e-05
MAR10857	3.876376698494929e-05
MAR10858	3.876376698494929e-05
MAR10859	3.876376698494929e-05
MAR10860	3.876376698494929e-05
MAR10861	3.876376698494929e-05
MAR10862	3.876376698494929e-05
MAR10863	3.876376698494929e-05
MAR10864	3.876376698494929e-05
MAR10865	3.876376698494929e-05
MAR10866	3.876376698494929e-05
MAR10867	3.876376698494929e-05
MAR10868	3.876376698494929e-05
MAR10869	3.876376698494929e-05
MAR10870	3.876376698494929e-05
MAR10871	3.876376698494929e-05
MAR10872	3.876376698494929e-05
MAR10873	3.876376698494929e-05
MAR10874	3.876376698494929e-05
MAR10875	3.876376698494929e-05
MAR10876	3.876376698494929e-05
MAR10877	3.876376698494929e-05
MAR10878	3.876376698494929e-05
MAR10879	3.876376698494929e-05
MAR10880	3.876376698494929e-05
MAR10881	3.876376698494929e-05
MAR10882	3.876376698494929e-05
MAR10883	3.876376698494929e-05
MAR10884	3.876376698494929e-05
MAR10885	3.876376698494929e-05
MAR10886	3.876376698494929e-05
MAR10887	3.876376698494929e-05
MAR10888	3.876376698494929e-05
MAR10889	3.876376698494929e-05
MAR10890	3.876376698494929e-05
MAR10891	3.876376698494929e-05
MAR10892	3.876376698494929e-05
MAR10893	3.876376698494929e-05
MAR10894	3.876376698494929e-05
MAR10895	3.876376698494929e-05
MAR10896	3.876376698494929e-05
MAR10897	3.876376698494929e-05
MAR10898	3.876376698494929e-05
MAR10899	3.876376698494929e-05
MAR10900	3.876376698494929e-05
MAR10901	3.876376698494929e-05
MAR10902	3.876376698494929e-05
MAR10903	3.876376698494929e-05
MAR10904	3.876376698494929e-05
MAR10905	3.876376698494929e-05
MAR10906	3.876376698494929e-05
MAR10907	3.876376698494929e-05
MAR10908	3.876376698494929e-05
MAR10909	3.876376698494929e-05
MAR10910	3.876376698494929e-05
MAR10911	3.876376698494929e-05
MAR10912	3.876376698494929e-05
MAR10913	3.876376698494929e-05
MAR10914	3.876376698494929e-05
MAR10915	3.876376698494929e-05
MAR10916	3.876376698494929e-05
MAR10917	3.876376698494929e-05
MAR10918	3.876376698494929e-05
MAR10919	3.876376698494929e-05
MAR10920	3.876376698494929e-05
MAR10921	3.876376698494929e-05
MAR10922	3.876376698494929e-05
MAR10923	3.876376698494929e-05
MAR10924	3.876376698494929e-05
MAR10925	3.876376698494929e-05
MAR10926	3.876376698494929e-05
MAR10927	3.876376698494929e-05
MAR10928	3.876376698494929e-05
MAR10929	3.876376698494929e-05
MAR10930	3.876376698494929e-05
MAR10931	3.876376698494929e-05
MAR10932	3.876376698494929e-05
MAR10933	3.876376698494929e-05
MAR10934	3.876376698494929e-05
MAR10935	3.876376698494929e-05
MAR10936	3.876376698494929e-05
MAR10937	3.876376698494929e-05
MAR10938	3.876376698494929e-05
MAR10939	3.876376698494929e-05
MAR10940	3.876376698494929e-05
MAR10941	3.876376698494929e-05
MAR10942	3.876376698494929e-05
MAR10943	3.876376698494929e-05
MAR10944	3.876376698494929e-05
MAR10945	3.876376698494929e-05
MAR10946	3.876376698494929e-05
MAR10947	3.876376698494929e-05
MAR10948	3.876376698494929e-05
MAR10949	3.876376698494929e-05
MAR10950	3.876376698494929e-05
MAR10951	3.876376698494929e-05
MAR10952	3.876376698494929e-05
MAR10953	3.876376698494929e-05
MAR10954	3.876376698494929e-05
MAR10955	3.876376698494929e-05
MAR10956	3.876376698494929e-05
MAR10957	3.876376698494929e-05
MAR10958	3.876376698494929e-05
MAR10959	3.876376698494929e-05
MAR10960	3.876376698494929e-05
MAR10961	3.876376698494929e-05
MAR10962	3.876376698494929e-05
MAR10963	3.876376698494929e-05
MAR10964	3.876376698494929e-05
MAR10965	3.876376698494929e-05
MAR10966	3.876376698494929e-05
MAR10967	3.876376698494929e-05
MAR10968	3.876376698494929e-05
MAR10969	3.876376698494929e-05
MAR10970	3.876376698494929e-05
MAR10971	3.876376698494929e-05
MAR10972	3.876376698494929e-05
MAR10973	3.876376698494929e-05
MAR10974	3.876376698494929e-05
MAR10975	3.876376698494929e-05
MAR10976	3.876376698494929e-05
MAR10977	3.876376698494929e-05
MAR10978	3.876376698494929e-05
MAR10979	3.876376698494929e-05
MAR10980	3.876376698494929e-05
MAR10981	0.00010544374154059859
MAR10982	0.00010544374154059859
MAR10983	0.00010544374154059859
MAR10984	0.00010544374154059859
MAR10985	0.00010544374154059859
MAR10986	0.00010544374154059859
MAR10987	0.00010544374154059859
MAR10988	0.00010544374154059859
MAR10989	0.00010544374154059859
MAR10990	0.00010544374154059859
MAR10991	0.00010544374154059859
MAR10992	0.00010544374154059859
MAR10993	0.00010544374154059859
MAR10994	0.00010544374154059859
MAR10995	0.00010544374154059859
MAR10996	0.00010544374154059859
MAR10997	0.00010544374154059859
MAR10998	0.00010544374154059859
MAR10999	0.00010544374154059859
MAR11000	0.00010544374154059859
MAR11001	0.00010544374154059859
MAR11002	0.00010544374154059859
MAR11003	0.00010544374154059859
MAR11004	0.00010544374154059859
MAR11005	0.00010544374154059859
MAR11006	0.00010544374154059859
MAR11007	0.00010544374154059859
MAR11008	0.00010544374154059859
MAR11009	0.00010544374154059859
MAR11010	0.00010544374154059859
MAR11011	0.00010544374154059859
MAR11012	0.00010544374154059859
MAR11013	0.00010544374154059859
MAR11014	0.00010544374154059859
MAR11015	0.00010544374154059859
MAR11016	0.00010544374154059859
MAR11017	0.00010544374154059859
MAR11018	0.00010544374154059859
MAR11019	0.00010544374154059859
MAR11020	0.00010544374154059859
MAR11021	0.00010544374154059859
MAR11022	0.00010544374154059859
MAR11023	0.00010544374154059859
MAR11024	0.00010544374154059859
MAR11025	0.00010544374154059859
MAR11026	0.00010544374154059859
MAR11027	0.00010544374154059859
MAR11028	0.00010544374154059859
MAR11029	0.00010544374154059859
MAR11030	0.00010544374154059859
MAR11031	0.00010544374154059859
MAR11032	0.00010544374154059859
MAR11033	0.00010544374154059859
MAR11034	0.00010544374154059859
MAR11035	0.00010544374154059859
MAR11036	0.00010544374154059859
MAR11037	0.00010544374154059859
MAR11038	0.00010544374154059859
MAR11039	0.00010544374154059859
MAR11040	0.00010544374154059859
MAR11041	0.00010544374154059859
MAR11042	0.00010544374154059859
MAR11043	0.00010544374154059859
MAR11044	0.00010544374154059859
MAR11045	0.00010544374154059859
MAR11046	0.00010544374154059859
MAR11047	0.00010544374154059859
MAR11048	0.00010544374154059859
MAR11049	0.00010544374154059859
MAR11050	0.00010544374154059859
MAR11051	0.00010544374154059859
MAR11052	0.00010544374154059859
MAR11053	0.00010544374154059859
MAR11054	0.00010544374154059859
MAR11055	0.00010544374154059859
MAR11056	0.00010544374154059859
MAR11057	0.00010544374154059859
MAR11058	0.00010544374154059859
MAR11059	0.00010544374154059859
MAR11060	0.00010544374154059859
MAR11061	0.00010544374154059859
MAR11062	0.00010544374154059859
MAR11063	0.00010544374154059859
MAR11064	0.00010544374154059859
MAR11065	0.00010544374154059859
MAR11066	0.00010544374154059859
MAR11067	0.00010544374154059859
MAR11068	0.00010544374154059859
MAR11069	0.00010544374154059859
MAR11070	0.00010544374154059859
MAR11071	0.00010544374154059859
MAR11072	0.00010544374154059859
MAR11073	0.00010544374154059859
MAR11074	0.00010544374154059859
MAR11075	0.00010544374154059859
MAR11076	0.00010544374154059859
MAR11077	0.00010544374154059859
MAR11078	0.00010544374154059859
MAR11079	0.00010544374154059859
MAR11080	0.00010544374154059859
MAR11081	0.00010544374154059859
MAR11082	0.00010544374154059859
MAR11083	0.00010544374154059859
MAR11084	0.00010544374154059859
MAR11085	0.00010544374154059859
MAR11086	0.00010544374154059859
MAR11087	0.00010544374154059859
MAR11088	0.00010544374154059859
MAR11089	0.00010544374154059859
MAR11090	0.00010544374154059859
MAR11091	0.00010544374154059859
MAR11092	0.00010544374154059859
MAR11093	0.00010544374154059859
MAR11094	0.00010544374154059859
MAR11095	0.00010544374154059859
MAR11096	0.00010544374154059859
MAR11097	0.00010544374154059859
MAR11098	0.00010544374154059859
MAR11099	0.00010544374154059859
MAR11100	0.00010544374154059859
MAR11101	0.00010544374154059859
MAR11102	0.00010544374154059859
MAR11103	0.00010544374154059859
MAR11104	0.00010544374154059859
MAR11105	0.00010544374154059859
MAR11106	0.00010544374154059859
MAR11107	0.00010544374154059859
MAR11108	0.00010544374154059859
MAR11109	0.00010544374154059859
MAR11110	0.00010544374154059859
MAR11111	0.00010544374154059859
MAR11112	0.00010544374154059859
MAR11113	0.00010544374154059859
MAR11114	0.00010544374154059859
MAR11115	0.00010544374154059859
MAR11116	0.00010544374154059859
MAR11117	0.00010544374154059859
MAR11118	0.00010544374154059859
MAR11119	0.00010544374154059859
MAR11120	0.00010544374154059859
MAR11121	0.00010544374154059859
MAR11122	0.00010544374154059859
MAR11123	0.00010544374154059859
MAR11124	0.00010544374154059859
MAR11125	0.00010544374154059859
MAR11126	0.00010544374154059859
MAR11127	0.00010544374154059859
MAR11128	0.00010544374154059859
MAR11129	0.00010544374154059859
MAR11130	0.00010544374154059859
MAR11131	0.00010544374154059859
MAR11132	0.00010544374154059859
MAR11133	0.00010544374154059859
MAR11134	0.00010544374154059859
MAR11135	0.00010544374154059859
MAR11136	0.00010544374154059859
MAR11137	0.00010544374154059859
MAR11138	0.00010544374154059859
MAR11139	0.00010544374154059859
MAR11140	0.00010544374154059859
MAR11141	0.00010544374154059859
MAR11142	0.00010544374154059859
MAR11143	0.00010544374154059859
MAR11144	0.00010544374154059859
MAR11145	0.00010544374154059859
MAR11146	0.00010544374154059859
MAR11147	0.00010544374154059859
MAR11148	0.00010544374154059859
MAR11149	0.00010544374154059859
MAR11150	0.00010544374154059859
MAR11151	0.00010544374154059859
MAR11152	0.00010544374154059859
MAR11153	0.00010544374154059859
MAR11154	0.00010544374154059859
MAR11155	0.00010544374154059859
MAR11156	0.00010544374154059859
MAR11157	0.00010544374154059859
MAR11158	0.00010544374154059859
MAR11159	0.00010544374154059859
MAR11160	0.00010544374154059859
MAR11161	0.00010544374154059859
MAR11162	0.00010544374154059859
MAR11163	0.00010544374154059859
MAR11164	0.00010544374154059859
MAR11165	0.00010544374154059859
MAR11166	0.00010544374154059859
MAR11167	0.00010544374154059859
MAR11168	0.00010544374154059859
MAR11169	0.00010544374154059859
MAR11170	0.00010544374154059859
MAR11171	0.00010544374154059859
MAR11172	0.00010544374154059859
MAR11173	0.00010544374154059859
MAR11174	0.00010544374154059859
MAR11175	0.00010544374154059859
MAR11176	0.00010544374154059859
MAR11177	0.00010544374154059859
MAR11178	0.00010544374154059859
MAR11179	0.00010544374154059859
MAR11180	0.00010544374154059859
MAR11181	0.00010544374154059859
MAR11182	0.00010544374154059859
MAR11183	0.00010544374154059859
MAR11184	0.00010544374154059859
MAR11185	0.00010544374154059859
MAR11186	0.00010544374154059859
MAR11187	0.00010544374154059859
MAR11188	0.00010544374154059859
MAR11189	0.00010544374154059859
MAR11190	0.00010544374154059859
MAR11191	0.00010544374154059859
MAR11192	0.00010544374154059859
MAR11193	0.00010544374154059859
MAR11194	0.00010544374154059859
MAR11195	0.00010544374154059859
MAR11196	0.00010544374154059859
MAR11197	0.00010544374154059859
MAR11198	0.00010544374154059859
MAR11199	0.00010544374154059859
MAR11200	0.00010544374154059859
MAR11201	0.00010544374154059859
MAR11202	0.00010544374154059859
MAR11203	0.00010544374154059859
MAR11204	0.00010544374154059859
MAR11205	0.00010544374154059859
MAR11206	0.00010544374154059859
MAR11207	0.00010544374154059859
MAR11208	0.00010544374154059859
MAR11209	0.00010544374154059859
MAR11210	0.00010544374154059859
MAR11211	0.00010544374154059859
MAR11212	0.00010544374154059859
MAR11213	0.00010544374154059859
MAR11214	0.00010544374154059859
MAR11215	0.00010544374154059859
MAR11216	0.00010544374154059859
MAR11217	0.00010544374154059859
MAR11218	0.00010544374154059859
MAR11219	0.00010544374154059859
MAR11220	0.00010544374154059859
MAR11221	0.00010544374154059859
MAR11222	0.00010544374154059859
MAR11223	3.876376698494929e-05
MAR11224	0.00010544374154059859
MAR11225	0.00010544374154059859
MAR11226	0.00010544374154059859
MAR11227	0.00010544374154059859
MAR11228	0.00010544374154059859
MAR11229	0.00010544374154059859
MAR11230	0.00010544374154059859
MAR11231	0.00010544374154059859
MAR11232	0.00010544374154059859
MAR11233	0.00010544374154059859
MAR11234	0.00010544374154059859
MAR11235	0.00010544374154059859
MAR11236	0.00010544374154059859
MAR11237	0.00010544374154059859
MAR11238	0.00010544374154059859
MAR11239	0.00010544374154059859
MAR11240	0.00010544374154059859
MAR11241	0.00010544374154059859
MAR11242	0.00010544374154059859
MAR11243	0.00010544374154059859
MAR11244	0.00010544374154059859
MAR11245	0.00010544374154059859
MAR11246	0.00010544374154059859
MAR11247	0.00010544374154059859
MAR11248	0.00010544374154059859
MAR11249	0.00010544374154059859
MAR11250	0.00010544374154059859
MAR11251	0.00010544374154059859
MAR11252	0.00010544374154059859
MAR11253	0.00010544374154059859
MAR11254	0.00010544374154059859
MAR11255	0.00010544374154059859
MAR11256	0.00010544374154059859
MAR11257	0.00010544374154059859
MAR11258	0.00010544374154059859
MAR11259	0.00010544374154059859
MAR11260	0.00010544374154059859
MAR11261	0.00010544374154059859
MAR11262	0.00010544374154059859
MAR11263	0.00010544374154059859
MAR11264	0.00010544374154059859
MAR11265	0.00010544374154059859
MAR11266	0.00010544374154059859
MAR11267	0.00010544374154059859
MAR11268	0.00010544374154059859
MAR11270	0.00010544374154059859
MAR11271	0.00010544374154059859
MAR11272	0.00010544374154059859
MAR11274	0.00010544374154059859
MAR11276	0.00010544374154059859
MAR11277	0.00010544374154059859
MAR11278	0.00010544374154059859
MAR11279	0.00010544374154059859
MAR11280	0.00010544374154059859
MAR11281	0.00010544374154059859
MAR11282	0.00010544374154059859
MAR11283	0.00010544374154059859
MAR11284	0.00010544374154059859
MAR11285	0.00010544374154059859
MAR11286	0.00010544374154059859
MAR11287	0.00010544374154059859
MAR11288	0.00010544374154059859
MAR11289	0.00010544374154059859
MAR11290	0.00010544374154059859
MAR11291	0.00010544374154059859
MAR11294	0.00046919550517520093
MAR11295	0.00010544374154059859
MAR11296	0.00010544374154059859
MAR11297	0.00010544374154059859
MAR11298	0.00010544374154059859
MAR11299	0.00010544374154059859
MAR11300	0.00010544374154059859
MAR11301	0.00010544374154059859
MAR11302	0.00010544374154059859
MAR11303	0.00010544374154059859
MAR11304	0.00010544374154059859
MAR11305	0.00010544374154059859
MAR11306	0.00010544374154059859
MAR11307	0.001412730228656676
MAR11308	0.00010544374154059859
MAR11309	0.00010544374154059859
MAR11311	0.00010544374154059859
MAR11312	0.00010544374154059859
MAR11313	0.00010544374154059859
MAR11314	0.00010544374154059859
MAR11315	0.00010544374154059859
MAR11316	0.00010544374154059859
MAR11317	0.00010544374154059859
MAR11318	0.00010544374154059859
MAR11319	0.00010544374154059859
MAR11320	0.00010544374154059859
MAR11321	0.00010544374154059859
MAR11322	0.00010544374154059859
MAR11323	0.00010544374154059859
MAR11324	0.00010544374154059859
MAR11325	0.00010544374154059859
MAR11326	0.00010544374154059859
MAR11327	0.00010544374154059859
MAR11328	0.00010544374154059859
MAR11329	0.00010544374154059859
MAR11330	0.00010544374154059859
MAR11331	0.00010544374154059859
MAR11332	0.00010544374154059859
MAR11333	0.00010544374154059859
MAR11334	0.00010544374154059859
MAR11335	0.00010544374154059859
MAR11336	0.00010544374154059859
MAR11337	0.00010544374154059859
MAR11338	0.00010544374154059859
MAR11339	0.00010544374154059859
MAR11340	0.00010544374154059859
MAR11341	0.00010544374154059859
MAR11342	0.00010544374154059859
MAR11343	0.00010544374154059859
MAR11344	0.00010544374154059859
MAR11345	0.00010544374154059859
MAR11346	0.00010544374154059859
MAR11347	0.00010544374154059859
MAR11348	0.00010544374154059859
MAR11349	0.00010544374154059859
MAR11350	0.00010544374154059859
MAR11351	0.00010544374154059859
MAR11352	0.00010544374154059859
MAR11353	0.00010544374154059859
MAR11354	0.00010544374154059859
MAR11355	0.00010544374154059859
MAR11356	0.00010544374154059859
MAR11357	0.00010544374154059859
MAR11358	0.00010544374154059859
MAR11359	0.00010544374154059859
MAR11360	0.00010544374154059859
MAR11361	0.00010544374154059859
MAR11362	0.00010544374154059859
MAR11363	0.00010544374154059859
MAR11364	0.00010544374154059859
MAR11365	0.00010544374154059859
MAR11366	0.00010544374154059859
MAR11367	0.00010544374154059859
MAR11368	0.00010544374154059859
MAR11369	0.00010544374154059859
MAR11370	0.00010544374154059859
MAR11371	0.00010544374154059859
MAR11372	0.00010544374154059859
MAR11373	0.00010544374154059859
MAR11374	0.0009027769101346128
MAR11375	4.5072665450342784e-05
MAR11376	0.00010544374154059859
MAR11377	0.0009027769101346128
MAR11378	4.5072665450342784e-05
MAR11379	0.00010544374154059859
MAR11380	0.0009027769101346128
MAR11381	4.5072665450342784e-05
MAR11382	0.00010544374154059859
MAR11383	0.0009027769101346128
MAR11384	4.5072665450342784e-05
MAR11385	0.00010544374154059859
MAR11386	0.0009027769101346128
MAR11387	0.00010544374154059859
MAR11388	0.0009027769101346128
MAR11389	4.5072665450342784e-05
MAR11390	0.00010544374154059859
MAR11391	0.00010544374154059859
MAR11392	0.00010544374154059859
MAR11393	0.00010544374154059859
MAR11394	0.001187889157379093
MAR11395	0.00018010964447013423
MAR11396	0.0037813653480072065
MAR11397	0.00011861927807639124
MAR11398	0.00010544374154059859
MAR11399	0.002260722063919339
MAR11400	0.00010544374154059859
MAR11401	0.00010544374154059859
MAR11402	0.00010544374154059859
MAR11403	0.00010544374154059859
MAR11404	0.00010544374154059859
MAR11405	0.00010544374154059859
MAR11406	0.00010544374154059859
MAR11407	0.00017983144387840794
MAR11408	0.00055449377188454
MAR11409	0.00010544374154059859
MAR11410	3.876376698494929e-05
MAR11411	0.0011650122495442548
MAR11412	3.876376698494929e-05
MAR11413	0.00010544374154059859
MAR11414	0.005087466570407159
MAR11415	0.00011861927807639124
MAR11416	0.0016810184456463155
MAR11417	0.00011861927807639124
MAR11418	0.00011861927807639124
MAR11419	0.00010544374154059859
MAR11420	0.00010544374154059859
MAR11422	0.00010544374154059859
MAR11423	0.00010544374154059859
MAR11424	0.00010544374154059859
MAR11425	0.00010544374154059859
MAR11426	0.00010544374154059859
MAR11427	0.00010544374154059859
MAR11428	0.00010544374154059859
MAR11429	0.00010544374154059859
MAR11430	0.0019908190853792952
MAR11431	0.00010544374154059859
MAR11432	0.00010544374154059859
MAR11433	0.0004692929130243038
MAR11434	0.00010544374154059859
MAR11435	0.00010544374154059859
MAR11436	0.00010544374154059859
MAR11437	0.00010544374154059859
MAR11438	0.00010544374154059859
MAR11439	0.00010544374154059859
MAR11440	0.00010544374154059859
MAR11441	0.00010544374154059859
MAR11442	0.006733415847642129
MAR11443	0.005241808788199344
MAR11444	0.00010544374154059859
MAR11445	0.00010544374154059859
MAR11446	0.00010544374154059859
MAR11447	0.00010544374154059859
MAR11448	0.00010544374154059859
MAR11449	0.00010544374154059859
MAR11450	3.876376698494929e-05
MAR11451	0.00010544374154059859
MAR11452	0.00010544374154059859
MAR11453	3.876376698494929e-05
MAR11454	0.00010544374154059859
MAR11455	0.00010544374154059859
MAR11456	3.876376698494929e-05
MAR11457	0.00010544374154059859
MAR11458	0.00010544374154059859
MAR11459	0.00010544374154059859
MAR11460	0.00010544374154059859
MAR11461	0.00010544374154059859
MAR11462	0.00010544374154059859
MAR11463	0.00010544374154059859
MAR11464	0.00010544374154059859
MAR11465	0.00010544374154059859
MAR11466	0.00010544374154059859
MAR11467	0.0004170598730458276
MAR11468	0.00010544374154059859
MAR11469	0.00010544374154059859
MAR11470	0.00010544374154059859
MAR11471	0.00010544374154059859
MAR11472	0.00010544374154059859
MAR11473	0.00010544374154059859
MAR11474	0.00010544374154059859
MAR11475	0.00010544374154059859
MAR11476	0.032037901836009595
MAR11477	0.00010544374154059859
MAR11478	0.00010544374154059859
MAR11479	0.032037901836009595
MAR11480	0.00010544374154059859
MAR11481	0.00010544374154059859
MAR11482	0.00010544374154059859
MAR11483	0.00010544374154059859
MAR11484	0.00010544374154059859
MAR11485	0.00010544374154059859
MAR11486	0.0019127214084774886
MAR11487	0.00010544374154059859
MAR11488	0.00010544374154059859
MAR11489	0.00010544374154059859
MAR11490	0.00010544374154059859
MAR11491	0.00010544374154059859
MAR11492	0.00010544374154059859
MAR11493	0.00010544374154059859
MAR11494	0.00010544374154059859
MAR11495	0.00010544374154059859
MAR11496	0.00010544374154059859
MAR11497	0.00010544374154059859
MAR11498	0.00010544374154059859
MAR11499	0.00010544374154059859
MAR11500	0.00010544374154059859
MAR11501	0.00010544374154059859
MAR11502	3.876376698494929e-05
MAR11503	0.00010544374154059859
MAR11504	0.00010544374154059859
MAR11505	0.00010544374154059859
MAR11506	0.00010544374154059859
MAR11507	0.00010544374154059859
MAR11508	0.00010544374154059859
MAR11509	3.876376698494929e-05
MAR11510	0.00010544374154059859
MAR11511	0.00010544374154059859
MAR11512	0.00010544374154059859
MAR11513	0.00010544374154059859
MAR11514	0.0005257737039289799
MAR11515	0.00010544374154059859
MAR11516	0.00010544374154059859
MAR11517	0.00010544374154059859
MAR11518	3.876376698494929e-05
MAR11519	0.00010544374154059859
MAR11520	0.00010544374154059859
MAR11521	0.00010544374154059859
MAR11522	0.00010544374154059859
MAR11523	0.00010544374154059859
MAR11524	0.00010544374154059859
MAR11525	0.00010544374154059859
MAR11526	0.00010544374154059859
MAR11527	0.00010544374154059859
MAR11528	0.00010544374154059859
MAR11529	0.0014772445581649127
MAR11530	0.00010544374154059859
MAR11531	0.00010544374154059859
MAR11532	0.00010544374154059859
MAR11533	0.00010544374154059859
MAR11534	0.0014772445581649127
MAR11535	0.00010544374154059859
MAR11536	0.00010544374154059859
MAR11537	0.00010544374154059859
MAR11538	0.00010544374154059859
MAR11539	0.0014772445581649127
MAR11540	0.00010544374154059859
MAR11541	0.00010544374154059859
MAR11542	0.00010544374154059859
MAR11543	0.00010544374154059859
MAR11544	3.876376698494929e-05
MAR11545	0.00010544374154059859
MAR11546	0.00010544374154059859
MAR11547	0.00010544374154059859
MAR11548	0.00010544374154059859
MAR11549	0.00010544374154059859
MAR11550	0.00010544374154059859
MAR11551	0.00010544374154059859
MAR11552	0.00010544374154059859
MAR11553	0.00010544374154059859
MAR11554	0.00010544374154059859
MAR11555	3.876376698494929e-05
MAR11556	0.00010544374154059859
MAR11557	0.00010544374154059859
MAR11558	0.00010544374154059859
MAR11559	0.00010544374154059859
MAR11560	0.00010544374154059859
MAR11561	0.00010544374154059859
MAR11562	3.876376698494929e-05
MAR11563	0.00010544374154059859
MAR11564	0.00010544374154059859
MAR11565	0.00010544374154059859
MAR11566	0.00010544374154059859
MAR11567	0.00010544374154059859
MAR11568	0.00010544374154059859
MAR11569	0.00010544374154059859
MAR11570	0.00010544374154059859
MAR11571	0.00010544374154059859
MAR11572	0.005524185790481424
MAR11573	0.00010544374154059859
MAR11574	0.00010544374154059859
MAR11575	0.00010544374154059859
MAR11576	0.00010544374154059859
MAR11577	0.0038274572681515906
MAR11578	0.0038274572681515906
MAR11579	0.00010544374154059859
MAR11580	0.00010544374154059859
MAR11581	0.0038274572681515906
MAR11582	0.005524185790481424
MAR11583	0.00010544374154059859
MAR11584	0.00010544374154059859
MAR11585	0.00010544374154059859
MAR11586	0.00010544374154059859
MAR11587	0.005524185790481424
MAR11588	0.005524185790481424
MAR11589	0.005524185790481424
MAR11590	0.005524185790481424
MAR11591	0.005524185790481424
MAR11592	0.005524185790481424
MAR11593	0.005524185790481424
MAR11594	0.005524185790481424
MAR11595	0.005524185790481424
MAR11596	0.005524185790481424
MAR11597	0.005524185790481424
MAR11598	0.005524185790481424
MAR11599	0.005524185790481424
MAR11600	0.005524185790481424
MAR11601	0.005524185790481424
MAR11602	0.005524185790481424
MAR11603	0.005524185790481424
MAR11604	0.005524185790481424
MAR11605	0.005524185790481424
MAR11606	0.005524185790481424
MAR11607	0.005524185790481424
MAR11608	0.005524185790481424
MAR11609	0.005524185790481424
MAR11610	0.005524185790481424
MAR11611	0.005524185790481424
MAR11612	0.005524185790481424
MAR11613	0.0010820562827034098
MAR11614	0.0010820562827034098
MAR11615	0.0010820562827034098
MAR11616	0.0010820562827034098
MAR11617	0.0010820562827034098
MAR11618	0.0010820562827034098
MAR11619	0.0010820562827034098
MAR11620	0.0010820562827034098
MAR11621	0.0010820562827034098
MAR11622	0.0010820562827034098
MAR11623	0.0010820562827034098
MAR11624	0.0010820562827034098
MAR11625	0.0010820562827034098
MAR11626	0.0010820562827034098
MAR11627	0.005524185790481424
MAR11628	0.0010820562827034098
MAR11629	0.00010544374154059859
MAR11630	0.00010544374154059859
MAR11631	0.00010544374154059859
MAR11632	0.00010544374154059859
MAR11633	0.00010544374154059859
MAR11634	0.00010544374154059859
MAR11635	0.00010544374154059859
MAR11636	0.00010544374154059859
MAR11637	0.00010544374154059859
MAR11638	0.00010544374154059859
MAR11639	0.00010544374154059859
MAR11640	0.00010544374154059859
MAR11641	0.00010544374154059859
MAR11642	0.00010544374154059859
MAR11643	0.00010544374154059859
MAR11644	0.00010544374154059859
MAR11645	0.00010544374154059859
MAR11646	0.00010544374154059859
MAR11647	0.0002269480970454191
MAR11648	0.002975472361982393
MAR11653	0.00010544374154059859
MAR11654	0.00010544374154059859
MAR11655	0.00010544374154059859
MAR11656	0.00010544374154059859
MAR11657	0.00010544374154059859
MAR11658	0.00010544374154059859
MAR11659	0.00010544374154059859
MAR11660	0.00010544374154059859
MAR11661	0.00010544374154059859
MAR11662	0.00010544374154059859
MAR11663	0.00010544374154059859
MAR11664	0.00010544374154059859
MAR11665	0.00010544374154059859
MAR11666	0.00010544374154059859
MAR11667	0.00010544374154059859
MAR11668	0.00010544374154059859
MAR11669	0.00010544374154059859
MAR11670	0.00010544374154059859
MAR11671	0.00010544374154059859
MAR11672	0.00010544374154059859
MAR11673	0.00010544374154059859
MAR11674	0.00010544374154059859
MAR11675	0.00010544374154059859
MAR11676	0.00010544374154059859
MAR11677	0.00010544374154059859
MAR11678	0.00010544374154059859
MAR11679	0.00010544374154059859
MAR11680	0.00010544374154059859
MAR11681	0.00010544374154059859
MAR11682	0.00010544374154059859
MAR11683	0.00010544374154059859
MAR11684	0.00010544374154059859
MAR11685	0.00010544374154059859
MAR11686	0.00010544374154059859
MAR11687	0.00010544374154059859
MAR11688	0.00010544374154059859
MAR11689	0.00010544374154059859
MAR11690	0.00010544374154059859
MAR11691	0.00010544374154059859
MAR11692	0.00010544374154059859
MAR11693	0.00010544374154059859
MAR11694	0.00010544374154059859
MAR11695	0.002975472361982393
MAR11696	0.002975472361982393
MAR11698	0.002975472361982393
MAR11700	0.002975472361982393
MAR11702	0.002975472361982393
MAR11704	0.002975472361982393
MAR11706	0.002975472361982393
MAR11708	0.002975472361982393
MAR11710	0.002975472361982393
MAR11712	0.002975472361982393
MAR11714	0.002975472361982393
MAR11716	0.002975472361982393
MAR11718	0.002975472361982393
MAR11720	0.002975472361982393
MAR11722	0.002975472361982393
MAR11724	0.002975472361982393
MAR11726	0.002975472361982393
MAR11728	0.00010544374154059859
MAR11730	0.00010544374154059859
MAR11731	3.876376698494929e-05
MAR11732	0.00010544374154059859
MAR11733	0.00010544374154059859
MAR11734	3.876376698494929e-05
MAR11735	0.00010544374154059859
MAR11736	0.0022198057658440445
MAR11737	4.086047228742835e-05
MAR11738	0.00010544374154059859
MAR11739	0.00010544374154059859
MAR11740	0.0022198057658440445
MAR11741	4.086047228742835e-05
MAR11742	0.00010544374154059859
MAR11743	0.00010544374154059859
MAR11744	3.946314712269089e-05
MAR11745	0.0022198057658440445
MAR11746	4.086047228742835e-05
MAR11747	0.00010544374154059859
MAR11748	0.00010544374154059859
MAR11749	0.0022198057658440445
MAR11750	0.00010544374154059859
MAR11751	0.00010544374154059859
MAR11752	0.0022198057658440445
MAR11753	4.086047228742835e-05
MAR11754	0.00010544374154059859
MAR11755	0.00010544374154059859
MAR11756	3.876376698494929e-05
MAR11757	5.879935380903682e-05
MAR11758	5.879935380903682e-05
MAR11759	5.879935380903682e-05
MAR11760	5.879935380903682e-05
MAR11761	5.879935380903682e-05
MAR11762	5.879935380903682e-05
MAR11763	5.879935380903682e-05
MAR11764	5.879935380903682e-05
MAR11765	5.879935380903682e-05
MAR11766	5.879935380903682e-05
MAR11767	5.879935380903682e-05
MAR11768	5.879935380903682e-05
MAR11769	5.879935380903682e-05
MAR11770	5.879935380903682e-05
MAR11771	5.879935380903682e-05
MAR11772	5.879935380903682e-05
MAR11773	5.879935380903682e-05
MAR11774	5.879935380903682e-05
MAR11775	4.554754576512413e-05
MAR11776	5.240529654611431e-05
MAR11777	0.00012964688900274536
MAR11778	0.002975472361982393
MAR11779	6.442200544173314e-05
MAR11780	0.0037813653480072065
MAR11781	8.684536756884557e-05
MAR11782	3.876376698494929e-05
MAR11783	3.876376698494929e-05
MAR11784	3.876376698494929e-05
MAR11785	0.0005488226600354305
MAR11786	0.0003580717994240513
MAR11787	0.00020717561445207064
MAR11788	0.00018010964447013423
MAR11789	0.00018010964447013423
MAR11790	0.00018010964447013423
MAR11791	0.01879618889956732
MAR11792	0.002975472361982393
MAR11793	0.002975472361982393
MAR11794	0.002975472361982393
MAR11795	0.002975472361982393
MAR11796	0.002975472361982393
MAR11797	3.876376698494929e-05
MAR11798	3.905991063608737e-05
MAR11799	8.315157463482844e-05
MAR11800	0.004312194959771731
MAR11801	0.002010365803912125
MAR11802	0.002975472361982393
MAR11803	4.8304826444171186e-05
MAR11804	0.009360014418059979
MAR11805	0.0002269480970454191
MAR11806	8.684536756884557e-05
MAR11807	8.684536756884557e-05
MAR11808	0.007243374040377871
MAR11809	0.002975472361982393
MAR11810	0.009360014418059979
MAR11811	3.876376698494929e-05
MAR11812	3.876376698494929e-05
MAR11813	3.876376698494929e-05
MAR11814	3.876376698494929e-05
MAR11815	0.0013232085276606255
MAR11816	0.00010544374154059859
MAR11817	0.00010544374154059859
MAR11818	0.00010544374154059859
MAR11819	0.00010544374154059859
MAR11820	0.00010544374154059859
MAR11821	0.00010544374154059859
MAR11822	0.00010544374154059859
MAR11823	0.00010544374154059859
MAR11824	0.00010544374154059859
MAR11825	0.00010544374154059859
MAR11826	0.00010544374154059859
MAR11827	0.00010544374154059859
MAR11828	0.00010544374154059859
MAR11829	0.00010544374154059859
MAR11830	0.00010544374154059859
MAR11831	0.00010544374154059859
MAR11832	0.00010544374154059859
MAR11833	0.00010544374154059859
MAR11834	0.00010544374154059859
MAR11835	0.00010544374154059859
MAR11836	0.00010544374154059859
MAR11837	0.00010544374154059859
MAR11838	0.00010544374154059859
MAR11839	0.00010544374154059859
MAR11840	0.00010544374154059859
MAR11841	0.00010544374154059859
MAR11842	0.00010544374154059859
MAR11843	0.00010544374154059859
MAR11844	0.00010544374154059859
MAR11845	0.00010544374154059859
MAR11846	0.00010544374154059859
MAR11847	0.00010544374154059859
MAR11848	0.00010544374154059859
MAR11849	0.00010544374154059859
MAR11850	0.00010544374154059859
MAR11851	0.00010544374154059859
MAR11852	0.00010544374154059859
MAR11853	0.00010544374154059859
MAR11854	0.00010544374154059859
MAR11855	0.00010544374154059859
MAR11856	0.00010544374154059859
MAR11857	0.00010544374154059859
MAR11858	0.00010544374154059859
MAR11859	0.00010544374154059859
MAR11860	0.00010544374154059859
MAR11861	0.00010544374154059859
MAR11862	0.00010544374154059859
MAR11863	0.00010544374154059859
MAR11864	0.00010544374154059859
MAR11865	0.00010544374154059859
MAR11866	0.00010544374154059859
MAR11867	0.00010544374154059859
MAR11868	0.00010544374154059859
MAR11869	0.00010544374154059859
MAR11870	0.00010544374154059859
MAR11871	0.00010544374154059859
MAR11872	0.00010544374154059859
MAR11873	0.00010544374154059859
MAR11874	0.00010544374154059859
MAR11875	0.00010544374154059859
MAR11876	0.00010544374154059859
MAR11877	0.00010544374154059859
MAR11878	0.00010544374154059859
MAR11879	0.00010544374154059859
MAR11880	0.00010544374154059859
MAR11881	0.00010544374154059859
MAR11882	0.00010544374154059859
MAR11883	0.00010544374154059859
MAR11884	0.00010544374154059859
MAR11885	0.00010544374154059859
MAR11886	0.00010544374154059859
MAR11887	0.00010544374154059859
MAR11888	0.00010544374154059859
MAR11889	0.00010544374154059859
MAR11890	0.00010544374154059859
MAR11891	0.00010544374154059859
MAR11892	0.00010544374154059859
MAR11893	0.00010544374154059859
MAR11894	0.00010544374154059859
MAR11895	0.00010544374154059859
MAR11896	0.00010544374154059859
MAR11897	0.00010544374154059859
MAR11898	0.00010544374154059859
MAR11899	0.00010544374154059859
MAR11900	0.00010544374154059859
MAR11901	0.00010544374154059859
MAR11902	0.00010544374154059859
MAR11903	0.00010544374154059859
MAR11904	0.00010544374154059859
MAR11905	0.00010544374154059859
MAR11906	0.00010544374154059859
MAR11907	0.00010544374154059859
MAR11908	0.00010544374154059859
MAR11909	0.00010544374154059859
MAR11910	0.00010544374154059859
MAR11911	0.00010544374154059859
MAR11912	0.00010544374154059859
MAR11913	0.00010544374154059859
MAR11914	0.00010544374154059859
MAR11915	0.00010544374154059859
MAR11916	0.00010544374154059859
MAR11917	0.00010544374154059859
MAR11918	0.00010544374154059859
MAR11919	0.00010544374154059859
MAR11920	0.00010544374154059859
MAR11921	0.00010544374154059859
MAR11922	0.00010544374154059859
MAR11923	0.00010544374154059859
MAR11924	0.00010544374154059859
MAR11925	0.00010544374154059859
MAR11926	0.00010544374154059859
MAR11927	0.00010544374154059859
MAR11928	0.00010544374154059859
MAR11929	0.00010544374154059859
MAR11930	0.00010544374154059859
MAR11931	0.00010544374154059859
MAR11932	0.00010544374154059859
MAR11933	0.00010544374154059859
MAR11934	0.00010544374154059859
MAR11935	0.00010544374154059859
MAR11936	0.00010544374154059859
MAR11937	0.00010544374154059859
MAR11938	0.00010544374154059859
MAR11939	0.00010544374154059859
MAR11940	0.00010544374154059859
MAR11941	0.00010544374154059859
MAR11942	0.00010544374154059859
MAR11943	0.00010544374154059859
MAR11944	0.00010544374154059859
MAR11945	0.00010544374154059859
MAR11946	0.00010544374154059859
MAR11947	0.00010544374154059859
MAR11948	0.00010544374154059859
MAR11949	0.00010544374154059859
MAR11950	0.00010544374154059859
MAR11951	0.00010544374154059859
MAR11952	0.00010544374154059859
MAR11953	0.00010544374154059859
MAR11954	0.00010544374154059859
MAR11955	0.00010544374154059859
MAR11956	0.00010544374154059859
MAR11957	0.00010544374154059859
MAR11958	0.00010544374154059859
MAR11959	0.00010544374154059859
MAR11960	0.00010544374154059859
MAR11961	0.00010544374154059859
MAR11962	0.00010544374154059859
MAR11963	0.00010544374154059859
MAR11964	0.00010544374154059859
MAR11965	0.00010544374154059859
MAR11966	0.00010544374154059859
MAR11967	0.00010544374154059859
MAR11968	0.00010544374154059859
MAR11969	0.00010544374154059859
MAR11970	0.00010544374154059859
MAR11971	0.00010544374154059859
MAR11972	0.00010544374154059859
MAR11973	0.00010544374154059859
MAR11974	0.00010544374154059859
MAR11975	0.00010544374154059859
MAR11976	0.00010544374154059859
MAR11977	0.00010544374154059859
MAR11978	0.00010544374154059859
MAR11979	0.00010544374154059859
MAR11980	0.00010544374154059859
MAR11981	0.00010544374154059859
MAR11982	0.00010544374154059859
MAR11983	0.00010544374154059859
MAR11984	0.00010544374154059859
MAR11985	0.00010544374154059859
MAR11986	0.00010544374154059859
MAR11987	0.00010544374154059859
MAR11989	0.00010544374154059859
MAR11990	0.00010544374154059859
MAR11992	0.00010544374154059859
MAR11993	0.00010544374154059859
MAR11995	0.00010544374154059859
MAR11996	0.00010544374154059859
MAR11998	0.00010544374154059859
MAR11999	0.00010544374154059859
MAR12001	5.5803730185803065e-05
MAR12002	0.011801226484666368
MAR12003	0.011801226484666368
MAR12004	3.876376698494929e-05
MAR12005	0.002989632713151031
MAR12006	0.00010544374154059859
MAR12007	0.00010544374154059859
MAR12008	0.002975472361982393
MAR12009	0.00010544374154059859
MAR12010	0.002975472361982393
MAR12011	0.00010544374154059859
MAR12012	0.00010544374154059859
MAR12013	0.002975472361982393
MAR12014	0.00036339946741866994
MAR12015	0.00010544374154059859
MAR12016	0.00010544374154059859
MAR12017	0.00010544374154059859
MAR12018	0.00010544374154059859
MAR12019	0.00010544374154059859
MAR12020	0.03074185236939151
MAR12021	0.03074185236939151
MAR12022	0.00010544374154059859
MAR12023	0.00023782298237217354
MAR12024	3.876376698494929e-05
MAR12025	0.00010544374154059859
MAR12026	0.00010544374154059859
MAR12027	0.00010544374154059859
MAR12028	0.00010544374154059859
MAR12029	0.002975472361982393
MAR12030	0.00010544374154059859
MAR12031	0.00010544374154059859
MAR12032	0.00010544374154059859
MAR12033	0.00010544374154059859
MAR12034	0.00010544374154059859
MAR12035	0.00318433967317952
MAR12036	0.053277283769159696
MAR12037	0.053277283769159696
MAR12038	0.00318433967317952
MAR12039	0.00318433967317952
MAR12040	0.00010544374154059859
MAR12041	4.1509296008181906e-05
MAR12042	0.00010544374154059859
MAR12043	0.00010544374154059859
MAR12044	0.00010544374154059859
MAR12045	0.00010544374154059859
MAR12046	0.00010544374154059859
MAR12047	0.00010544374154059859
MAR12048	0.00010544374154059859
MAR12049	0.00010544374154059859
MAR12050	0.0013625220710818814
MAR12051	0.00010544374154059859
MAR12052	0.00010544374154059859
MAR12053	0.053277283769159696
MAR12054	0.00010544374154059859
MAR12055	0.00010544374154059859
MAR12056	0.00010544374154059859
MAR12057	0.00010544374154059859
MAR12058	0.00010544374154059859
MAR12059	0.00010544374154059859
MAR12060	0.00010544374154059859
MAR12061	0.01006059951166708
MAR12062	0.01006059951166708
MAR12063	0.01006059951166708
MAR12064	0.01006059951166708
MAR12065	0.011564829871623657
MAR12066	3.876376698494929e-05
MAR12067	3.876376698494929e-05
MAR12068	3.876376698494929e-05
MAR12069	0.00010544374154059859
MAR12070	0.0005854561374994211
MAR12071	0.0005854561374994211
MAR12072	0.0005854561374994211
MAR12073	0.0005854561374994211
MAR12074	0.0005854561374994211
MAR12075	0.0005854561374994211
MAR12076	0.0005854561374994211
MAR12077	0.006565808925055463
MAR12078	0.0005854561374994211
MAR12079	0.0009644444866366036
MAR12080	0.00010544374154059859
MAR12081	0.01142109843631729
MAR12082	0.0003868863175849156
MAR12083	0.0003868863175849156
MAR12084	0.00010544374154059859
MAR12085	0.00010544374154059859
MAR12086	4.8520086182411417e-05
MAR12087	3.876376698494929e-05
MAR12088	0.00010544374154059859
MAR12089	0.00010544374154059859
MAR12090	0.00010544374154059859
MAR12091	0.00010544374154059859
MAR12092	0.00010544374154059859
MAR12093	0.00010544374154059859
MAR12094	0.00010544374154059859
MAR12095	0.00010544374154059859
MAR12096	0.00010544374154059859
MAR12097	0.00010544374154059859
MAR12098	0.00010544374154059859
MAR12099	0.00010544374154059859
MAR12100	0.00010544374154059859
MAR12101	0.00010544374154059859
MAR12102	0.00010544374154059859
MAR12103	0.00010544374154059859
MAR12104	0.00010544374154059859
MAR12105	0.00010544374154059859
MAR12106	0.00010544374154059859
MAR12107	0.00010544374154059859
MAR12108	0.00010544374154059859
MAR12109	0.00010544374154059859
MAR12110	0.00010544374154059859
MAR12111	0.00010544374154059859
MAR12112	0.00010544374154059859
MAR12113	0.00010544374154059859
MAR12114	0.00010544374154059859
MAR12115	0.00010544374154059859
MAR12116	0.00010544374154059859
MAR12117	0.00010544374154059859
MAR12118	0.00010544374154059859
MAR12119	0.00010544374154059859
MAR12120	0.00010544374154059859
MAR12121	0.00010544374154059859
MAR12122	0.00010544374154059859
MAR12123	0.00010544374154059859
MAR12124	0.00010544374154059859
MAR12125	0.00010544374154059859
MAR12126	0.00010544374154059859
MAR12127	0.00010544374154059859
MAR12128	0.00010544374154059859
MAR12129	0.00010544374154059859
MAR12130	0.00010544374154059859
MAR12131	0.00010544374154059859
MAR12132	0.00010544374154059859
MAR12133	0.00010544374154059859
MAR12134	0.00010544374154059859
MAR12135	0.00010544374154059859
MAR12136	0.00010544374154059859
MAR12137	0.00010544374154059859
MAR12138	0.00010544374154059859
MAR12139	0.00010544374154059859
MAR12140	0.00010544374154059859
MAR12141	0.00010544374154059859
MAR12142	0.0009027769101346128
MAR12143	0.00011739625445886582
MAR12144	4.5072665450342784e-05
MAR12145	3.973969285138384e-05
MAR12146	3.973969285138384e-05
MAR12147	0.0009027769101346128
MAR12148	0.00011739625445886582
MAR12149	4.5072665450342784e-05
MAR12150	0.0009027769101346128
MAR12151	0.00011739625445886582
MAR12152	4.5072665450342784e-05
MAR12153	0.0009027769101346128
MAR12154	3.973969285138384e-05
MAR12155	0.00011739625445886582
MAR12156	4.5072665450342784e-05
MAR12157	0.0009027769101346128
MAR12158	3.973969285138384e-05
MAR12159	0.00011739625445886582
MAR12160	4.5072665450342784e-05
MAR12161	0.0009027769101346128
MAR12162	0.00011739625445886582
MAR12163	4.5072665450342784e-05
MAR12164	0.0009027769101346128
MAR12165	0.00011739625445886582
MAR12166	4.5072665450342784e-05
MAR12167	3.876376698494929e-05
MAR12168	3.876376698494929e-05
MAR12169	0.0009027769101346128
MAR12170	0.00010544374154059859
MAR12171	0.0009027769101346128
MAR12172	3.876376698494929e-05
MAR12173	3.876376698494929e-05
MAR12174	3.876376698494929e-05
MAR12175	3.876376698494929e-05
MAR12176	0.0009027769101346128
MAR12177	0.00010544374154059859
MAR12178	3.876376698494929e-05
MAR12179	3.876376698494929e-05
MAR12180	0.0009027769101346128
MAR12181	0.00010544374154059859
MAR12182	3.876376698494929e-05
MAR12183	3.973969285138384e-05
MAR12184	0.0009027769101346128
MAR12185	0.00011739625445886582
MAR12186	4.5072665450342784e-05
MAR12187	3.876376698494929e-05
MAR12188	3.876376698494929e-05
MAR12189	0.0009027769101346128
MAR12190	0.00010544374154059859
MAR12191	3.876376698494929e-05
MAR12192	3.876376698494929e-05
MAR12193	0.0009027769101346128
MAR12194	0.00010544374154059859
MAR12195	0.0009027769101346128
MAR12196	3.876376698494929e-05
MAR12197	3.876376698494929e-05
MAR12198	0.00010544374154059859
MAR12199	0.00010544374154059859
MAR12200	0.00010544374154059859
MAR12201	0.00010544374154059859
MAR12202	0.00010544374154059859
MAR12203	0.00010544374154059859
MAR12204	0.00010544374154059859
MAR12205	0.00010544374154059859
MAR12206	0.00010544374154059859
MAR12207	0.00010544374154059859
MAR12208	0.00010544374154059859
MAR12209	0.00010544374154059859
MAR12210	0.00010544374154059859
MAR12211	0.00010544374154059859
MAR12212	0.00010544374154059859
MAR12213	0.00010544374154059859
MAR12214	0.00010544374154059859
MAR12215	0.00010544374154059859
MAR12216	0.00010544374154059859
MAR12217	0.00010544374154059859
MAR12218	0.00010544374154059859
MAR12219	0.00010544374154059859
MAR12220	0.00010544374154059859
MAR12221	0.00010544374154059859
MAR12222	0.00010544374154059859
MAR12223	0.00010544374154059859
MAR12224	0.00010544374154059859
MAR12225	0.00010544374154059859
MAR12226	0.00010544374154059859
MAR12227	0.00010544374154059859
MAR12228	0.00010544374154059859
MAR12229	0.00010544374154059859
MAR12230	0.00010544374154059859
MAR12231	0.00010544374154059859
MAR12232	0.00010544374154059859
MAR12233	0.00010544374154059859
MAR12234	0.0009027769101346128
MAR12235	3.876376698494929e-05
MAR12236	3.876376698494929e-05
MAR12237	0.0009027769101346128
MAR12238	3.876376698494929e-05
MAR12239	3.876376698494929e-05
MAR12240	0.0009027769101346128
MAR12241	3.876376698494929e-05
MAR12242	3.876376698494929e-05
MAR12243	0.0009027769101346128
MAR12244	3.876376698494929e-05
MAR12245	3.876376698494929e-05
MAR12246	3.876376698494929e-05
MAR12247	3.876376698494929e-05
MAR12248	0.0009027769101346128
MAR12249	0.00010544374154059859
MAR12250	3.876376698494929e-05
MAR12251	3.876376698494929e-05
MAR12252	0.0009027769101346128
MAR12253	0.00010544374154059859
MAR12254	3.876376698494929e-05
MAR12255	3.876376698494929e-05
MAR12256	0.0009027769101346128
MAR12257	0.00010544374154059859
MAR12258	3.876376698494929e-05
MAR12259	3.876376698494929e-05
MAR12260	0.0009027769101346128
MAR12261	0.00010544374154059859
MAR12262	0.0009027769101346128
MAR12263	0.00011739625445886582
MAR12264	4.5072665450342784e-05
MAR12265	0.00010544374154059859
MAR12266	0.0009027769101346128
MAR12267	0.00011739625445886582
MAR12268	4.5072665450342784e-05
MAR12269	0.0009027769101346128
MAR12270	0.00011739625445886582
MAR12271	4.5072665450342784e-05
MAR12272	3.876376698494929e-05
MAR12273	3.876376698494929e-05
MAR12274	0.0009027769101346128
MAR12275	0.00010544374154059859
MAR12276	3.876376698494929e-05
MAR12277	3.876376698494929e-05
MAR12278	0.0009027769101346128
MAR12279	0.00010544374154059859
MAR12280	0.0009027769101346128
MAR12281	3.876376698494929e-05
MAR12282	3.876376698494929e-05
MAR12283	0.00010544374154059859
MAR12284	0.0009027769101346128
MAR12285	3.876376698494929e-05
MAR12286	3.876376698494929e-05
MAR12287	0.0009027769101346128
MAR12288	3.876376698494929e-05
MAR12289	3.973969285138384e-05
MAR12290	3.876376698494929e-05
MAR12291	0.0009027769101346128
MAR12292	3.876376698494929e-05
MAR12293	3.876376698494929e-05
MAR12294	0.0009027769101346128
MAR12295	0.00011739625445886582
MAR12296	4.5072665450342784e-05
MAR12297	0.0009027769101346128
MAR12298	3.876376698494929e-05
MAR12299	3.876376698494929e-05
MAR12300	0.0009027769101346128
MAR12301	0.00011739625445886582
MAR12302	4.5072665450342784e-05
MAR12303	0.0009027769101346128
MAR12304	3.876376698494929e-05
MAR12305	3.876376698494929e-05
MAR12306	0.00011739625445886582
MAR12307	4.5072665450342784e-05
MAR12308	5.264940951532277e-05
MAR12309	0.00010544374154059859
MAR12310	0.00010544374154059859
MAR12311	0.00010544374154059859
MAR12312	0.00010544374154059859
MAR12313	0.00010544374154059859
MAR12314	0.00010544374154059859
MAR12315	0.00010544374154059859
MAR12316	0.00010544374154059859
MAR12317	0.00010544374154059859
MAR12318	5.264940951532277e-05
MAR12319	5.264940951532277e-05
MAR12320	0.00010544374154059859
MAR12321	0.00010544374154059859
MAR12322	0.00010544374154059859
MAR12323	0.00010544374154059859
MAR12324	0.00010544374154059859
MAR12325	0.00010544374154059859
MAR12326	0.00010544374154059859
MAR12327	0.00010544374154059859
MAR12328	0.00010544374154059859
MAR12329	0.00010544374154059859
MAR12330	0.00010544374154059859
MAR12331	0.00010544374154059859
MAR12332	0.00010544374154059859
MAR12333	3.876376698494929e-05
MAR12334	0.00010544374154059859
MAR12335	3.876376698494929e-05
MAR12336	0.00010544374154059859
MAR12337	5.264940951532277e-05
MAR12338	0.00010544374154059859
MAR12339	0.00010544374154059859
MAR12340	3.876376698494929e-05
MAR12341	5.879935380903682e-05
MAR12342	5.264940951532277e-05
MAR12343	4.033618441817464e-05
MAR12344	5.879935380903682e-05
MAR12345	0.00010544374154059859
MAR12346	3.905991063608737e-05
MAR12347	3.876376698494929e-05
MAR12348	5.879935380903682e-05
MAR12349	5.264940951532277e-05
MAR12350	5.879935380903682e-05
MAR12351	0.00010544374154059859
MAR12352	3.905991063608737e-05
MAR12353	0.00010544374154059859
MAR12354	0.00010544374154059859
MAR12355	3.876376698494929e-05
MAR12356	0.00010544374154059859
MAR12357	0.00010544374154059859
MAR12358	0.00010544374154059859
MAR12359	0.00010544374154059859
MAR12360	3.973969285138384e-05
MAR12361	0.00010544374154059859
MAR12362	3.905991063608737e-05
MAR12363	6.200427646608288e-05
MAR12364	0.00010544374154059859
MAR12365	0.00010544374154059859
MAR12366	0.00010544374154059859
MAR12367	3.876376698494929e-05
MAR12368	0.00010544374154059859
MAR12369	4.033618441817464e-05
MAR12370	0.00010544374154059859
MAR12371	0.008315002006683753
MAR12372	0.0014772445581649127
MAR12373	0.0003580717994240513
MAR12374	0.00010544374154059859
MAR12375	4.222874442787584e-05
MAR12376	0.0003580717994240513
MAR12377	0.00010544374154059859
MAR12378	3.905991063608737e-05
MAR12379	4.033618441817464e-05
MAR12380	0.00010544374154059859
MAR12381	6.200427646608288e-05
MAR12382	0.00010544374154059859
MAR12383	0.0003580717994240513
MAR12384	0.00010544374154059859
MAR12385	3.905991063608737e-05
MAR12386	0.00010544374154059859
MAR12387	4.976051025042157e-05
MAR12388	0.00010544374154059859
MAR12389	0.00010544374154059859
MAR12390	0.00010544374154059859
MAR12391	0.00010544374154059859
MAR12392	5.264940951532277e-05
MAR12393	4.033618441817464e-05
MAR12394	5.879935380903682e-05
MAR12395	0.00010544374154059859
MAR12396	3.905991063608737e-05
MAR12397	5.264940951532277e-05
MAR12398	0.00010544374154059859
MAR12399	5.879935380903682e-05
MAR12400	0.00010544374154059859
MAR12401	3.905991063608737e-05
MAR12402	0.00010544374154059859
MAR12403	3.876376698494929e-05
MAR12404	5.264940951532277e-05
MAR12405	0.00010544374154059859
MAR12406	3.973969285138384e-05
MAR12407	0.0003580717994240513
MAR12408	0.00010544374154059859
MAR12409	3.973969285138384e-05
MAR12410	0.0003580717994240513
MAR12411	0.00010544374154059859
MAR12412	0.00010544374154059859
MAR12413	0.00010544374154059859
MAR12414	6.200427646608288e-05
MAR12415	0.00010544374154059859
MAR12416	0.00010544374154059859
MAR12417	0.00010544374154059859
MAR12418	0.00010544374154059859
MAR12419	0.00010544374154059859
MAR12420	0.00010544374154059859
MAR12421	0.00010544374154059859
MAR12422	0.00010544374154059859
MAR12423	6.200427646608288e-05
MAR12424	0.00010544374154059859
MAR12425	4.033618441817464e-05
MAR12426	0.00010544374154059859
MAR12427	6.200427646608288e-05
MAR12428	0.0003580717994240513
MAR12429	0.00010544374154059859
MAR12430	0.00010544374154059859
MAR12431	3.905991063608737e-05
MAR12432	4.033618441817464e-05
MAR12433	0.00010544374154059859
MAR12434	4.033618441817464e-05
MAR12435	0.00010544374154059859
MAR12436	6.200427646608288e-05
MAR12437	4.033618441817464e-05
MAR12438	0.00010544374154059859
MAR12439	6.200427646608288e-05
MAR12440	4.033618441817464e-05
MAR12441	5.879935380903682e-05
MAR12442	0.00010544374154059859
MAR12443	6.200427646608288e-05
MAR12444	0.00010544374154059859
MAR12445	0.00010544374154059859
MAR12446	3.876376698494929e-05
MAR12447	0.00010544374154059859
MAR12448	0.00010544374154059859
MAR12449	0.00010544374154059859
MAR12450	0.00010544374154059859
MAR12451	0.00010544374154059859
MAR12452	0.00010544374154059859
MAR12453	0.00010544374154059859
MAR12454	0.00010544374154059859
MAR12455	3.876376698494929e-05
MAR12456	0.00010544374154059859
MAR12457	3.973969285138384e-05
MAR12458	0.0003580717994240513
MAR12459	0.00010544374154059859
MAR12460	0.00011861927807639124
MAR12461	5.879935380903682e-05
MAR12462	3.876376698494929e-05
MAR12463	0.00010544374154059859
MAR12464	0.0009027769101346128
MAR12465	0.0009027769101346128
MAR12466	0.0009027769101346128
MAR12467	0.0009027769101346128
MAR12468	4.021476404923429e-05
MAR12469	0.00010544374154059859
MAR12470	0.0009027769101346128
MAR12471	0.00011861927807639124
MAR12472	0.0017681720817346318
MAR12473	3.876376698494929e-05
MAR12474	5.264940951532277e-05
MAR12475	0.00010544374154059859
MAR12476	0.00010544374154059859
MAR12477	0.00010544374154059859
MAR12478	0.00010544374154059859
MAR12479	0.00010544374154059859
MAR12480	0.00010544374154059859
MAR12481	0.00010544374154059859
MAR12482	0.00010544374154059859
MAR12483	0.00010544374154059859
MAR12484	0.00010544374154059859
MAR12485	0.00010544374154059859
MAR12486	0.00010544374154059859
MAR12487	0.00010544374154059859
MAR12488	0.00010544374154059859
MAR12489	0.00010544374154059859
MAR12490	0.00010544374154059859
MAR12491	0.00010544374154059859
MAR12492	0.00010544374154059859
MAR12493	0.00010544374154059859
MAR12494	0.00010544374154059859
MAR12495	0.00010544374154059859
MAR12496	0.00010544374154059859
MAR12497	5.264940951532277e-05
MAR12498	0.00010544374154059859
MAR12499	0.00010544374154059859
MAR12500	0.00010544374154059859
MAR12501	0.00010544374154059859
MAR12502	0.00010544374154059859
MAR12503	0.00010544374154059859
MAR12504	0.00010544374154059859
MAR12505	0.00010544374154059859
MAR12506	5.264940951532277e-05
MAR12507	0.00010544374154059859
MAR12508	0.00010544374154059859
MAR12509	0.0037813653480072065
MAR12510	3.905991063608737e-05
MAR12511	4.033618441817464e-05
MAR12512	0.00010544374154059859
MAR12513	0.00010544374154059859
MAR12514	5.879935380903682e-05
MAR12515	3.876376698494929e-05
MAR12516	3.876376698494929e-05
MAR12517	3.876376698494929e-05
MAR12518	3.905991063608737e-05
MAR12519	0.00010544374154059859
MAR12520	0.00010544374154059859
MAR12521	0.00010544374154059859
MAR12522	0.00010544374154059859
MAR12523	5.879935380903682e-05
MAR12524	0.00010544374154059859
MAR12525	0.00010544374154059859
MAR12526	0.00010544374154059859
MAR12527	0.00010544374154059859
MAR12528	3.876376698494929e-05
MAR12529	0.00010544374154059859
MAR12530	0.00010544374154059859
MAR12531	0.00010544374154059859
MAR12532	0.00010544374154059859
MAR12533	3.973969285138384e-05
MAR12534	0.00010544374154059859
MAR12535	3.973969285138384e-05
MAR12536	0.00010544374154059859
MAR12537	0.0003580717994240513
MAR12538	0.00010544374154059859
MAR12539	3.973969285138384e-05
MAR12540	0.0022011355463162166
MAR12541	0.0003580717994240513
MAR12542	0.00010544374154059859
MAR12543	3.876376698494929e-05
MAR12544	0.0022011355463162166
MAR12545	0.0003580717994240513
MAR12546	0.00010544374154059859
MAR12547	0.0003580717994240513
MAR12548	0.00010544374154059859
MAR12549	0.00010544374154059859
MAR12550	0.00010544374154059859
MAR12551	3.876376698494929e-05
MAR12552	0.00010544374154059859
MAR12553	0.00010544374154059859
MAR12554	0.00010544374154059859
MAR12555	0.00010544374154059859
MAR12556	5.879935380903682e-05
MAR12557	3.876376698494929e-05
MAR12558	3.876376698494929e-05
MAR12559	0.00010544374154059859
MAR12560	0.00010544374154059859
MAR12561	0.00010544374154059859
MAR12562	0.0014772445581649127
MAR12563	0.00010544374154059859
MAR12564	3.876376698494929e-05
MAR12565	0.00010544374154059859
MAR12566	0.00010544374154059859
MAR12567	0.00010544374154059859
MAR12568	0.00010544374154059859
MAR12569	3.973969285138384e-05
MAR12570	0.0003580717994240513
MAR12571	0.00010544374154059859
MAR12572	0.00010544374154059859
MAR12573	0.00010544374154059859
MAR12574	0.00010544374154059859
MAR12575	0.00010544374154059859
MAR12576	0.00010544374154059859
MAR12577	0.00010544374154059859
MAR12578	0.00010544374154059859
MAR12579	0.00010544374154059859
MAR12580	0.00010544374154059859
MAR12581	0.00010544374154059859
MAR12582	0.00010544374154059859
MAR12583	0.00010544374154059859
MAR12584	0.00010544374154059859
MAR12585	0.00010544374154059859
MAR12586	0.00010544374154059859
MAR12587	0.00010544374154059859
MAR12588	0.00010544374154059859
MAR12589	0.00010544374154059859
MAR12590	0.00010544374154059859
MAR12591	0.00010544374154059859
MAR12592	0.00010544374154059859
MAR12593	0.00010544374154059859
MAR12594	0.00010544374154059859
MAR12595	0.00010544374154059859
MAR12596	0.00010544374154059859
MAR12597	0.00010544374154059859
MAR12598	0.00010544374154059859
MAR12599	0.00010544374154059859
MAR12600	0.00010544374154059859
MAR12601	0.00010544374154059859
MAR12602	0.00010544374154059859
MAR12603	0.00010544374154059859
MAR12604	0.00010544374154059859
MAR12605	0.00010544374154059859
MAR12606	0.00010544374154059859
MAR12607	0.00010544374154059859
MAR12608	0.00010544374154059859
MAR12609	0.00010544374154059859
MAR12610	0.00010544374154059859
MAR12611	0.00010544374154059859
MAR12612	0.00010544374154059859
MAR12613	0.00010544374154059859
MAR12614	0.00010544374154059859
MAR12615	0.00010544374154059859
MAR12616	0.00010544374154059859
MAR12617	0.00010544374154059859
MAR12618	0.00010544374154059859
MAR12619	0.00010544374154059859
MAR12620	0.00010544374154059859
MAR12621	0.00010544374154059859
MAR12622	0.00010544374154059859
MAR12623	0.00010544374154059859
MAR12624	0.00010544374154059859
MAR12625	0.00010544374154059859
MAR12626	0.00010544374154059859
MAR12627	0.00010544374154059859
MAR12628	0.00010544374154059859
MAR12629	0.00010544374154059859
MAR12630	0.00010544374154059859
MAR12631	0.00010544374154059859
MAR12632	0.00010544374154059859
MAR12633	0.00010544374154059859
MAR12634	0.00010544374154059859
MAR12635	0.00010544374154059859
MAR12636	0.00010544374154059859
MAR12637	0.00010544374154059859
MAR12638	0.00010544374154059859
MAR12639	0.00010544374154059859
MAR12640	0.00010544374154059859
MAR12641	0.00010544374154059859
MAR12642	0.00010544374154059859
MAR12643	0.00010544374154059859
MAR12644	0.00010544374154059859
MAR12645	0.00010544374154059859
MAR12646	0.00010544374154059859
MAR12647	0.00010544374154059859
MAR12648	0.00010544374154059859
MAR12649	0.00010544374154059859
MAR12650	0.00010544374154059859
MAR12651	0.00010544374154059859
MAR12652	0.00010544374154059859
MAR12653	0.00010544374154059859
MAR12654	0.00010544374154059859
MAR12655	0.00010544374154059859
MAR12656	0.00010544374154059859
MAR12657	0.00010544374154059859
MAR12658	0.00010544374154059859
MAR12659	0.00010544374154059859
MAR12660	0.00010544374154059859
MAR12661	0.00010544374154059859
MAR12662	0.00010544374154059859
MAR12663	0.00010544374154059859
MAR12664	0.00010544374154059859
MAR12665	0.00010544374154059859
MAR12666	0.00010544374154059859
MAR12667	0.00010544374154059859
MAR12668	0.00010544374154059859
MAR12669	0.00010544374154059859
MAR12670	0.00010544374154059859
MAR12671	0.00010544374154059859
MAR12672	0.00010544374154059859
MAR12673	0.00010544374154059859
MAR12674	0.00010544374154059859
MAR12675	0.00010544374154059859
MAR12676	0.00010544374154059859
MAR12677	0.00010544374154059859
MAR12678	0.00010544374154059859
MAR12679	0.00010544374154059859
MAR12680	0.00010544374154059859
MAR12681	0.00010544374154059859
MAR12682	0.00010544374154059859
MAR12683	0.00010544374154059859
MAR12684	0.00010544374154059859
MAR12685	0.00010544374154059859
MAR12686	0.00010544374154059859
MAR12687	0.00010544374154059859
MAR12688	0.00010544374154059859
MAR12689	0.00010544374154059859
MAR12690	0.00010544374154059859
MAR12691	0.00010544374154059859
MAR12692	0.00010544374154059859
MAR12693	0.00010544374154059859
MAR12694	0.00010544374154059859
MAR12695	0.00010544374154059859
MAR12696	0.00010544374154059859
MAR12697	0.00010544374154059859
MAR12698	0.00010544374154059859
MAR12699	0.00010544374154059859
MAR12700	0.00010544374154059859
MAR12701	0.00010544374154059859
MAR12702	0.00010544374154059859
MAR12703	0.00010544374154059859
MAR12704	0.00010544374154059859
MAR12705	0.00010544374154059859
MAR12706	0.00010544374154059859
MAR12707	0.00010544374154059859
MAR12708	0.00010544374154059859
MAR12709	0.00010544374154059859
MAR12710	0.00010544374154059859
MAR12711	0.00010544374154059859
MAR12712	0.00010544374154059859
MAR12713	0.00010544374154059859
MAR12714	0.00010544374154059859
MAR12715	0.00010544374154059859
MAR12716	0.00010544374154059859
MAR12717	0.00010544374154059859
MAR12718	0.00010544374154059859
MAR12719	0.00010544374154059859
MAR12720	0.00010544374154059859
MAR12721	0.00010544374154059859
MAR12722	0.00010544374154059859
MAR12723	0.00010544374154059859
MAR12724	0.00010544374154059859
MAR12725	0.00010544374154059859
MAR12726	0.00010544374154059859
MAR12727	3.905991063608737e-05
MAR12728	3.876376698494929e-05
MAR12729	0.00010544374154059859
MAR12730	0.00010544374154059859
MAR12731	0.00010544374154059859
MAR12732	0.00010544374154059859
MAR12733	0.00010544374154059859
MAR12734	0.00010544374154059859
MAR12735	0.00010544374154059859
MAR12736	3.876376698494929e-05
MAR12737	0.0018611450302889643
MAR12738	3.973969285138384e-05
MAR12739	3.973969285138384e-05
MAR12740	3.876376698494929e-05
MAR12741	0.00016579068917545571
MAR12742	0.00010544374154059859
MAR12743	0.00010544374154059859
MAR12744	0.0014518456907466803
MAR12745	0.00010544374154059859
MAR12746	3.876376698494929e-05
MAR12747	3.973969285138384e-05
MAR12748	3.973969285138384e-05
MAR12749	3.876376698494929e-05
MAR12750	0.00010544374154059859
MAR12751	0.00010544374154059859
MAR12752	0.00010544374154059859
MAR12753	0.00010544374154059859
MAR12754	5.879935380903682e-05
MAR12755	0.00010544374154059859
MAR12756	3.973969285138384e-05
MAR12757	0.00010544374154059859
MAR12758	3.876376698494929e-05
MAR12759	0.00010544374154059859
MAR12760	5.879935380903682e-05
MAR12761	3.973969285138384e-05
MAR12762	0.00010544374154059859
MAR12763	3.973969285138384e-05
MAR12764	0.00010544374154059859
MAR12765	0.00010544374154059859
MAR12766	0.00010544374154059859
MAR12767	3.973969285138384e-05
MAR12768	0.00010544374154059859
MAR12769	0.00010544374154059859
MAR12770	3.876376698494929e-05
MAR12771	0.00010544374154059859
MAR12772	0.00010544374154059859
MAR12773	0.00010544374154059859
MAR12774	0.00010544374154059859
MAR12775	4.033618441817464e-05
MAR12776	5.879935380903682e-05
MAR12777	5.264940951532277e-05
MAR12778	5.264940951532277e-05
MAR12779	5.264940951532277e-05
MAR12780	5.264940951532277e-05
MAR12781	5.264940951532277e-05
MAR12782	5.879935380903682e-05
MAR12783	0.00010544374154059859
MAR12784	0.00010544374154059859
MAR12785	0.00010544374154059859
MAR12786	5.879935380903682e-05
MAR12787	0.0009027769101346128
MAR12788	0.0009027769101346128
MAR12789	0.00010544374154059859
MAR12790	3.876376698494929e-05
MAR12791	0.00010544374154059859
MAR12792	3.876376698494929e-05
MAR12793	0.0003580717994240513
MAR12794	5.264940951532277e-05
MAR12795	0.00010544374154059859
MAR12796	0.00010544374154059859
MAR12797	0.00010544374154059859
MAR12798	0.00010544374154059859
MAR12799	0.00010544374154059859
MAR12800	0.00010544374154059859
MAR12801	0.00010544374154059859
MAR12802	0.00010544374154059859
MAR12803	0.00010544374154059859
MAR12804	0.00010544374154059859
MAR12805	0.00010544374154059859
MAR12806	3.876376698494929e-05
MAR12807	0.00010544374154059859
MAR12808	0.0014772445581649127
MAR12809	0.00010544374154059859
MAR12810	0.00010544374154059859
MAR12811	0.0003580717994240513
MAR12812	3.876376698494929e-05
MAR12813	0.00010544374154059859
MAR12814	0.00010544374154059859
MAR12815	3.876376698494929e-05
MAR12816	0.0003580717994240513
MAR12817	3.973969285138384e-05
MAR12818	4.033618441817464e-05
MAR12819	0.00010544374154059859
MAR12820	3.905991063608737e-05
MAR12821	0.0003580717994240513
MAR12822	0.00010544374154059859
MAR12823	0.0003580717994240513
MAR12824	0.00010544374154059859
MAR12825	0.00010544374154059859
MAR12826	3.905991063608737e-05
MAR12827	0.00010544374154059859
MAR12828	0.0003580717994240513
MAR12829	0.00010544374154059859
MAR12830	0.00010544374154059859
MAR12831	0.0003580717994240513
MAR12832	4.033618441817464e-05
MAR12833	0.00010544374154059859
MAR12834	0.00010544374154059859
MAR12835	3.905991063608737e-05
MAR12836	0.00010544374154059859
MAR12837	0.00010544374154059859
MAR12838	5.879935380903682e-05
MAR12839	0.0022011355463162166
MAR12840	0.00010544374154059859
MAR12841	5.879935380903682e-05
MAR12842	0.00010544374154059859
MAR12843	3.876376698494929e-05
MAR12844	4.033618441817464e-05
MAR12845	0.00010544374154059859
MAR12846	0.00010544374154059859
MAR12847	3.876376698494929e-05
MAR12848	0.00010544374154059859
MAR12849	0.00010544374154059859
MAR12850	0.0009027769101346128
MAR12851	0.00010544374154059859
MAR12852	5.879935380903682e-05
MAR12853	0.00010544374154059859
MAR12854	0.00010544374154059859
MAR12855	0.00010544374154059859
MAR12856	0.00010544374154059859
MAR12857	0.00010544374154059859
MAR12858	0.00010544374154059859
MAR12859	0.00010544374154059859
MAR12860	3.876376698494929e-05
MAR12861	0.00010544374154059859
MAR12862	0.00010544374154059859
MAR12863	0.00010544374154059859
MAR12864	3.876376698494929e-05
MAR12865	0.00010544374154059859
MAR12866	0.00010544374154059859
MAR12867	3.876376698494929e-05
MAR12868	0.00010544374154059859
MAR12869	3.973969285138384e-05
MAR12870	0.0003580717994240513
MAR12871	0.00010544374154059859
MAR12872	0.00010544374154059859
MAR12873	0.00010544374154059859
MAR12874	0.00010544374154059859
MAR12875	0.00010544374154059859
MAR12876	0.00010544374154059859
MAR12877	0.00010544374154059859
MAR12878	0.00010544374154059859
MAR12879	0.00010544374154059859
MAR12880	0.00010544374154059859
MAR12881	0.00010544374154059859
MAR12882	0.00010544374154059859
MAR12883	0.00010544374154059859
MAR12884	0.00010544374154059859
MAR12885	0.00010544374154059859
MAR12886	0.00010544374154059859
MAR12887	0.00010544374154059859
MAR12888	0.00010544374154059859
MAR12889	0.00010544374154059859
MAR12890	0.00010544374154059859
MAR12891	0.00010544374154059859
MAR12892	0.00010544374154059859
MAR12893	0.00010544374154059859
MAR12894	0.00010544374154059859
MAR12895	0.00010544374154059859
MAR12896	0.00010544374154059859
MAR12897	0.00010544374154059859
MAR12898	0.00010544374154059859
MAR12899	0.00010544374154059859
MAR12900	0.00010544374154059859
MAR12901	0.00010544374154059859
MAR12902	0.00010544374154059859
MAR12903	0.00010544374154059859
MAR12904	0.00010544374154059859
MAR12905	0.00010544374154059859
MAR12906	0.00010544374154059859
MAR12907	0.00010544374154059859
MAR12908	0.00010544374154059859
MAR12909	0.00010544374154059859
MAR12910	0.00010544374154059859
MAR12911	0.00010544374154059859
MAR12912	0.00010544374154059859
MAR12913	0.00010544374154059859
MAR12914	0.00010544374154059859
MAR12915	0.00010544374154059859
MAR12916	0.00010544374154059859
MAR12917	0.00010544374154059859
MAR12918	0.00010544374154059859
MAR12919	0.00010544374154059859
MAR12920	0.00010544374154059859
MAR12921	0.00010544374154059859
MAR12922	0.00010544374154059859
MAR12923	0.00010544374154059859
MAR12924	0.00010544374154059859
MAR12925	0.00010544374154059859
MAR12926	0.00010544374154059859
MAR12927	0.00010544374154059859
MAR12928	0.00010544374154059859
MAR12929	0.00010544374154059859
MAR12930	0.00010544374154059859
MAR12931	0.00010544374154059859
MAR12932	0.00010544374154059859
MAR12933	0.00010544374154059859
MAR12934	0.00010544374154059859
MAR12935	0.00010544374154059859
MAR12936	0.00010544374154059859
MAR12937	0.00010544374154059859
MAR12938	0.00010544374154059859
MAR12939	0.00010544374154059859
MAR12940	0.00010544374154059859
MAR12941	0.00010544374154059859
MAR12942	0.00010544374154059859
MAR12943	0.00010544374154059859
MAR12944	0.00010544374154059859
MAR12945	0.00010544374154059859
MAR12946	0.00010544374154059859
MAR12947	0.00010544374154059859
MAR12948	0.00010544374154059859
MAR12949	0.00010544374154059859
MAR12950	0.00010544374154059859
MAR12951	0.00010544374154059859
MAR12952	0.00010544374154059859
MAR12953	0.00010544374154059859
MAR12954	0.00010544374154059859
MAR12955	0.00010544374154059859
MAR12956	0.00010544374154059859
MAR12957	0.00010544374154059859
MAR12958	0.00010544374154059859
MAR12959	0.00010544374154059859
MAR12960	0.00010544374154059859
MAR12961	0.00010544374154059859
MAR12962	0.00010544374154059859
MAR12963	0.00010544374154059859
MAR12964	0.00010544374154059859
MAR12965	0.00010544374154059859
MAR12966	0.00010544374154059859
MAR12967	0.00010544374154059859
MAR12968	0.00010544374154059859
MAR12969	0.00010544374154059859
MAR12970	0.00010544374154059859
MAR12971	0.00010544374154059859
MAR12972	0.00010544374154059859
MAR12973	0.00010544374154059859
MAR12974	0.00010544374154059859
MAR12975	0.00010544374154059859
MAR12976	0.00010544374154059859
MAR12977	0.00010544374154059859
MAR12978	0.00010544374154059859
MAR12979	0.00010544374154059859
MAR12980	0.00010544374154059859
MAR12981	0.00010544374154059859
MAR12982	0.00010544374154059859
MAR12983	0.00010544374154059859
MAR12984	0.00010544374154059859
MAR12985	0.00010544374154059859
MAR12986	0.00010544374154059859
MAR12987	0.00010544374154059859
MAR12988	0.00010544374154059859
MAR12989	0.00010544374154059859
MAR12990	0.00010544374154059859
MAR12991	0.00010544374154059859
MAR12992	0.00010544374154059859
MAR12993	0.00010544374154059859
MAR12994	0.00010544374154059859
MAR12995	0.00010544374154059859
MAR12996	0.00010544374154059859
MAR12997	0.00010544374154059859
MAR12998	0.00010544374154059859
MAR12999	0.00010544374154059859
MAR13000	0.00010544374154059859
MAR13001	0.00010544374154059859
MAR13002	0.00010544374154059859
MAR13003	0.00010544374154059859
MAR13004	0.00010544374154059859
MAR13005	0.00010544374154059859
MAR13006	0.00010544374154059859
MAR13007	0.00010544374154059859
MAR13008	0.00010544374154059859
MAR13009	0.00010544374154059859
MAR13010	0.00010544374154059859
MAR13011	0.00010544374154059859
MAR13012	0.00010544374154059859
MAR13013	0.00010544374154059859
MAR13014	0.00010544374154059859
MAR13015	0.00010544374154059859
MAR13016	0.00010544374154059859
MAR13017	0.00010544374154059859
MAR13018	0.00010544374154059859
MAR13019	0.00010544374154059859
MAR13020	0.00010544374154059859
MAR13021	0.00010544374154059859
MAR13022	0.00010544374154059859
MAR13023	0.00010544374154059859
MAR13024	0.00010544374154059859
MAR13025	0.00010544374154059859
MAR13026	0.00010544374154059859
MAR13027	0.00010544374154059859
MAR13028	0.00010544374154059859
MAR13029	0.00010544374154059859
MAR13030	0.00010544374154059859
MAR13031	0.00010544374154059859
MAR13032	0.00010544374154059859
MAR13033	0.00010544374154059859
MAR13034	0.00010544374154059859
MAR13035	0.00010544374154059859
MAR13036	0.00010544374154059859
MAR13037	0.00010544374154059859
MAR13038	0.00010544374154059859
MAR13039	0.00010544374154059859
MAR13040	0.00010544374154059859
MAR13041	0.00010544374154059859
MAR13042	0.00010544374154059859
MAR13043	0.00010544374154059859
MAR13044	0.00010544374154059859
MAR13045	0.00010544374154059859
MAR13046	0.00010544374154059859
MAR13047	0.00010544374154059859
MAR13048	0.00010544374154059859
MAR13049	0.00010544374154059859
MAR13050	0.00010544374154059859
MAR13051	0.00010544374154059859
MAR13052	0.00010544374154059859
MAR13053	0.00010544374154059859
MAR13054	0.00010544374154059859
MAR13055	0.00010544374154059859
MAR13056	0.00010544374154059859
MAR13057	0.00010544374154059859
MAR13058	0.00010544374154059859
MAR13059	0.00010544374154059859
MAR13060	0.00010544374154059859
MAR13061	0.00010544374154059859
MAR13062	0.00010544374154059859
MAR13063	0.00010544374154059859
MAR13065	0.00010544374154059859
MAR13067	0.00010544374154059859
MAR13068	0.00010544374154059859
MAR13069	0.00010544374154059859
MAR13070	0.00010544374154059859
MAR13071	0.00010544374154059859
MAR13072	0.00010544374154059859
MAR13073	0.00010544374154059859
MAR13074	0.00010544374154059859
MAR13075	0.00010544374154059859
MAR13076	0.00010544374154059859
MAR13077	0.00010544374154059859
MAR13078	0.00010544374154059859
MAR13079	0.008781923890028544
MAR13080	0.0007807893490329763
MAR13081	1.0
MAR10023	0.00010544374154059859
MAR10024	0.00010544374154059859
MAR10026	0.00010544374154059859
MAR10027	0.00010544374154059859
MAR10028	0.00010544374154059859
MAR10029	0.00010544374154059859
MAR10030	0.00010544374154059859
MAR10031	0.00010544374154059859
MAR10033	0.00010544374154059859
MAR10034	0.00010544374154059859
MAR10035	0.00010544374154059859
MAR10036	0.00010544374154059859
MAR10037	0.00010544374154059859
MAR10038	0.00010544374154059859
MAR10039	0.00010544374154059859
MAR10040	0.00010544374154059859
MAR10041	0.00010544374154059859
MAR10042	0.00010544374154059859
MAR10043	0.00010544374154059859
MAR10044	0.00010544374154059859
MAR10045	0.00010544374154059859
MAR10046	0.00010544374154059859
MAR10047	0.00010544374154059859
MAR10048	0.00010544374154059859
MAR10049	0.00010544374154059859
MAR10050	0.00010544374154059859
MAR10051	0.00010544374154059859
MAR10052	0.00010544374154059859
MAR10053	0.00010544374154059859
MAR10054	0.00010544374154059859
MAR10055	0.00010544374154059859
MAR10056	0.00010544374154059859
MAR10057	0.00010544374154059859
MAR10058	0.00010544374154059859
MAR10059	0.00010544374154059859
MAR10060	0.00010544374154059859
MAR10061	0.0019602078600405443
MAR10062	0.00010544374154059859
MAR10063	0.00010544374154059859
MAR10064	0.00010544374154059859
MAR10065	0.00010544374154059859
MAR13082	1.0
MAR10066	0.002143833656182275
MAR10067	0.00039706375736797857
MAR10068	0.00010544374154059859
MAR10069	0.00010544374154059859
MAR10070	0.00010544374154059859
MAR10071	0.0007749054287324975
MAR10072	0.0007749054287324975
MAR10073	0.0009027769101346128
MAR10074	0.00010544374154059859
MAR10075	0.0009027769101346128
MAR10076	0.00010544374154059859
MAR10077	0.00010544374154059859
MAR10078	0.00010544374154059859
MAR10079	0.0009027769101346128
MAR10080	0.00010544374154059859
MAR10081	0.00010544374154059859
MAR10082	0.0009027769101346128
MAR10083	0.00010544374154059859
MAR10084	0.00010544374154059859
MAR10085	0.00010544374154059859
MAR10086	0.00010544374154059859
MAR10087	0.00010544374154059859
MAR10088	0.00010544374154059859
MAR10089	0.00010544374154059859
MAR10090	0.00010544374154059859
MAR10091	0.00010544374154059859
MAR10092	0.00010544374154059859
MAR10093	0.00010544374154059859
MAR10094	0.00010544374154059859
MAR10095	0.00010544374154059859
MAR10096	0.00010544374154059859
MAR10097	0.00010544374154059859
MAR10098	0.00010544374154059859
MAR10099	0.00010544374154059859
MAR10100	0.0009027769101346128
MAR10101	0.0009027769101346128
MAR10102	0.0009027769101346128
MAR10103	0.0009027769101346128
MAR10104	0.0009027769101346128
MAR10105	0.00010544374154059859
MAR10106	0.00010544374154059859
MAR10107	0.00010544374154059859
MAR10108	0.00010544374154059859
MAR10109	0.0009027769101346128
MAR10110	0.0009027769101346128
MAR10111	0.00010544374154059859
MAR10112	0.00010544374154059859
MAR10113	0.00010544374154059859
MAR10114	0.00010544374154059859
MAR10115	0.0009027769101346128
MAR10116	4.213162791857597e-05
MAR10117	0.0009027769101346128
MAR10118	4.5072665450342784e-05
MAR10119	4.5072665450342784e-05
MAR10120	4.5072665450342784e-05
MAR10121	0.00010544374154059859
MAR10122	0.00010544374154059859
MAR10123	0.00010544374154059859
MAR10124	0.00010544374154059859
MAR10125	0.0009027769101346128
MAR10126	0.0009027769101346128
MAR10127	4.5072665450342784e-05
MAR10128	0.00010544374154059859
MAR10129	0.00010544374154059859
MAR10130	0.00010544374154059859
MAR10131	0.00010544374154059859
MAR10132	0.00010544374154059859
MAR13083	3.963424963463166e-05
MAR13084	0.00010544374154059859
MAR13085	0.00010544374154059859
MAR13086	0.004990546097866507
MAR13087	3.876376698494929e-05
MAR20001	4.6466368062772736e-05
MAR20003	4.6466368062772736e-05
MAR20005	4.6466368062772736e-05
MAR20006	0.009376156075405383
MAR20007	4.6466368062772736e-05
MAR20008	0.009376156075405383
MAR20009	4.6466368062772736e-05
MAR20010	4.6466368062772736e-05
MAR20011	0.00017787331143575232
MAR20013	6.867215566984427e-05
MAR20016	0.0014607221309493673
MAR20017	0.0014607221309493673
MAR20018	0.0010849101424253182
MAR20019	0.0010849101424253182
MAR20021	4.976051025042157e-05
MAR20022	4.976051025042157e-05
MAR20023	4.976051025042157e-05
MAR20024	4.976051025042157e-05
MAR20025	4.976051025042157e-05
MAR20026	4.976051025042157e-05
MAR20027	4.976051025042157e-05
MAR20028	4.976051025042157e-05
MAR20029	4.976051025042157e-05
MAR20030	4.976051025042157e-05
MAR20031	4.976051025042157e-05
MAR20032	4.976051025042157e-05
MAR20033	0.001842158704019943
MAR20034	0.001842158704019943
MAR20035	0.001842158704019943
MAR20036	0.001842158704019943
MAR20037	0.0014607221309493673
MAR20038	0.0014607221309493673
MAR20039	0.0014607221309493673
MAR20040	0.0014607221309493673
MAR20041	0.0014607221309493673
MAR20042	0.0014607221309493673
MAR20043	0.0014607221309493673
MAR20044	0.009376156075405383
MAR20046	0.0006449038023080405
MAR20047	0.0006449038023080405
MAR20048	0.0006449038023080405
MAR20049	0.0006449038023080405
MAR20050	0.0006449038023080405
MAR20051	0.0006449038023080405
MAR20053	0.0006449038023080405
MAR20054	0.0006449038023080405
MAR20055	0.0006449038023080405
MAR20056	0.0006449038023080405
MAR20057	0.0006449038023080405
MAR20058	0.0006449038023080405
MAR20059	0.0006449038023080405
MAR20060	0.0006449038023080405
MAR20061	0.0006449038023080405
MAR20062	0.0006449038023080405
MAR20063	0.0006449038023080405
MAR20064	0.0006449038023080405
MAR20065	0.0006449038023080405
MAR20067	3.876376698494929e-05
MAR20068	3.876376698494929e-05
MAR20069	0.002669505201621169
MAR20070	3.876376698494929e-05
MAR20071	0.0002207251362354656
MAR20072	0.0002207251362354656
MAR20073	0.0005628709771498227
MAR20074	0.0005628709771498227
MAR20075	0.0005628709771498227
MAR20076	0.0005628709771498227
MAR20077	0.0005628709771498227
MAR20078	0.0005628709771498227
MAR20079	0.0005628709771498227
MAR20080	0.0005628709771498227
MAR20081	0.0005628709771498227
MAR20082	0.0005628709771498227
MAR20083	0.0005628709771498227
MAR20084	0.0005628709771498227
MAR20085	0.0005628709771498227
MAR20086	0.0005628709771498227
MAR20087	0.0005628709771498227
MAR20088	0.0005628709771498227
MAR20090	0.0009348533212239301
MAR20091	0.0009348533212239301
MAR20092	0.0009348533212239301
MAR20093	0.0005900452592971095
MAR20094	0.0005900452592971095
MAR20095	0.0005900452592971095
MAR20096	0.0005900452592971095
MAR20097	0.0005900452592971095
MAR20098	0.00207233966943164
MAR20099	0.00046038091882609586
MAR20100	0.00046038091882609586
MAR20101	0.00046038091882609586
MAR20102	0.0007521241216966138
MAR20103	0.0007521241216966138
MAR20104	0.0007521241216966138
MAR20105	0.0007521241216966138
MAR20106	0.0007521241216966138
MAR20107	0.0007521241216966138
MAR20108	0.0007521241216966138
MAR20109	0.0007521241216966138
MAR20110	0.0019908190853792952
MAR20111	4.223780269252658e-05
MAR20112	6.982069369959301e-05
MAR20113	0.00010544374154059859
MAR20114	0.0014772445581649127
MAR20115	0.0013784182239311978
MAR20116	0.0013784182239311978
MAR20117	0.0006994894712762646
MAR20118	0.0013784182239311978
MAR20119	0.0013784182239311978
MAR20120	0.0013784182239311978
MAR20121	0.0013784182239311978
MAR20122	0.0013784182239311978
MAR20123	0.0013784182239311978
MAR20124	0.0013784182239311978
MAR20125	0.0013784182239311978
MAR20126	0.0013784182239311978
MAR20127	0.0013784182239311978
MAR20128	0.0013784182239311978
MAR20129	0.0013784182239311978
MAR20130	0.0013784182239311978
MAR20131	0.0013784182239311978
MAR20132	0.0009692940622976585
MAR20133	0.0009692940622976585
MAR20134	0.0009692940622976585
MAR20135	0.0009692940622976585
MAR20136	0.0009692940622976585
MAR20137	0.0009692940622976585
MAR20138	0.0009692940622976585
MAR20139	0.0009692940622976585
MAR20140	0.0009692940622976585
MAR20141	0.0009692940622976585
MAR20142	0.0009692940622976585
MAR20143	0.0009692940622976585
MAR20144	0.0009692940622976585
MAR20145	0.0009692940622976585
MAR20146	0.0009692940622976585
MAR20147	0.0009692940622976585
MAR20148	0.0009692940622976585
MAR20149	0.0009692940622976585
MAR20150	0.0009692940622976585
MAR20151	0.0009692940622976585
MAR20152	0.0005466303953284847
MAR20153	0.0005466303953284847
MAR20154	0.0005466303953284847
MAR20155	0.0005466303953284847
MAR20156	0.0005466303953284847
MAR20157	0.0005466303953284847
MAR20158	0.0005466303953284847
MAR20159	0.0005466303953284847
MAR20160	0.0005466303953284847
MAR20161	0.0005466303953284847
MAR20162	0.0005466303953284847
MAR20163	0.0005466303953284847
MAR20164	0.0009692940622976585
MAR20165	0.0009692940622976585
MAR20166	0.0009692940622976585
MAR20167	0.00017805975714813582
MAR20168	0.00030900314218430905
MAR20169	3.876376698494929e-05
MAR20170	0.0022198057658440445
MAR20171	0.0022198057658440445
MAR20172	0.0022198057658440445
MAR20173	0.0039263106626697825
MAR20174	0.00021617809216386102
MAR20175	0.00021617809216386102
MAR20176	0.00021617809216386102
MAR20177	0.00047972218750333206
MAR20178	0.00047972218750333206
MAR20179	0.00010544374154059859
MAR20180	0.00010544374154059859
MAR20181	0.0003170663190375517
MAR20182	0.0003170663190375517
MAR20183	0.0003170663190375517
